voltage;INa,Ito,ICaL,IKs;IpK, INaK, IKr, INaCa;IK1, IbCa, IpCa, IbNa
;-85.36384582519531;-0.000006048791419743793,5.670495628606886e-9,-0.0036010066978633404,-0.00006923322507645935;1.1505998931404804e-10,0.21568410098552704,0.000013761256013822276,-0.2626325488090515;0.20247505605220795,-0.12812134623527527,0.022248990833759308,-0.0456511527299881
;-85.36388397216797;-0.00000604868228037958,5.6701252582058714e-9,-0.0036012097261846066,-0.00006920532177900895;1.1505262714761599e-10,0.21568402647972107,0.000013753955499851145,-0.26263272762298584;0.20246556401252747,-0.12812136113643646,0.022248990833759308,-0.045651160180568695
;-85.36392974853516;-0.000006048595423635561,5.669809066688458e-9,-0.003601413918659091,-0.0000691774403094314;1.1504647234872323e-10,0.2156839817762375,0.000013746813237958122,-0.262632817029953;0.20245765149593353,-0.12812139093875885,0.022248990833759308,-0.04565117135643959
;-85.36396789550781;-0.000006048519480827963,5.669493763349465e-9,-0.003601618343964219,-0.00006914964615134522;1.1504034530540608e-10,0.21568389236927032,0.000013739698260906152,-0.26263299584388733;0.2024497389793396,-0.12812140583992004,0.022248990833759308,-0.04565117508172989
;-85.36400604248047;-0.000006048399427527329,5.669126057483709e-9,-0.003601823002099991,-0.00006912194658070803;1.1503298313897403e-10,0.21568380296230316,0.000013732482329942286,-0.26263317465782166;0.2024402618408203,-0.12812143564224243,0.022248990833759308,-0.04565118998289108
;-85.36405181884766;-0.0000060483093875518534,5.668811198233925e-9,-0.0036020269617438316,-0.00006909429794177413;1.1502698099574715e-10,0.21568375825881958,0.000013725421013077721,-0.2626333236694336;0.20243234932422638,-0.12812145054340363,0.022248990833759308,-0.04565119743347168
;-85.36408996582031;-0.0000060482329899969045,5.668497227162561e-9,-0.003602230455726385,-0.00006906672206241637;1.150208470135361e-10,0.21568366885185242,0.000013718389709538314,-0.26263347268104553;0.20242442190647125,-0.128121480345726,0.022248990833759308,-0.04565120115876198
;-85.36412811279297;-0.00000604811248194892,5.668130853564435e-9,-0.003602435113862157,-0.0000690392407705076;1.1501348484710405e-10,0.21568362414836884,0.000013711257452087011,-0.26263362169265747;0.20241494476795197,-0.1281215101480484,0.022248990833759308,-0.04565121605992317
;-85.36416625976562;-0.000006048035174899269,5.6678177706714905e-9,-0.0036026390735059977,-0.00006901181041030213;1.1500733698710519e-10,0.21568356454372406,0.000013704280718229711,-0.262633740901947;0.20240704715251923,-0.1281215250492096,0.022248990833759308,-0.04565121978521347
;-85.36420440673828;-0.000006047947408660548,5.667506020046176e-9,-0.003602843265980482,-0.00006898444553371519;1.1500119606600023e-10,0.21568351984024048,0.000013697332178708166,-0.26263391971588135;0.2023991495370865,-0.12812155485153198,0.022248990833759308,-0.04565122723579407
;-85.36424255371094;-0.000006047858732927125,5.667194713510071e-9,-0.003603047924116254,-0.00006895715341670439;1.1499507596157699e-10,0.21568341553211212,0.000013690410014532972,-0.2626340389251709;0.20239123702049255,-0.12812156975269318,0.022248990833759308,-0.04565123841166496
;-85.3642807006836;-0.000006047770057193702,5.666883406973966e-9,-0.0036032518837600946,-0.0000689299195073545;1.1498908075724401e-10,0.21568337082862854,0.000013683515135198832,-0.26263418793678284;0.20238329470157623,-0.12812159955501556,0.022248990833759308,-0.04565124586224556
;-85.36431884765625;-0.000006047715942258947,5.666626279321463e-9,-0.0036034563090652227,-0.00006890273652970791;1.1498416108146614e-10,0.21568331122398376,0.000013676775779458694,-0.26263427734375;0.20237700641155243,-0.12812161445617676,0.022248990833759308,-0.04565124958753586
;-85.36434936523438;-0.000006047626357030822,5.666316749142197e-9,-0.003603660501539707,-0.00006887566269142553;1.1497802016036118e-10,0.215683251619339,0.00001366993546980666,-0.26263442635536194;0.2023690789937973,-0.12812164425849915,0.022248990833759308,-0.045651260763406754
;-85.36438751220703;-0.0000060475363170553464,5.666007218962932e-9,-0.0036038656253367662,-0.00006884867616463453;1.1497189311704403e-10,0.2156832069158554,0.000013663120626006275,-0.2626345753669739;0.20236116647720337,-0.12812165915966034,0.022248990833759308,-0.04565126821398735
;-85.36441802978516;-0.000006047479473636486,5.665751423578058e-9,-0.0036040707491338253,-0.00006882170418975875;1.1496698038016007e-10,0.21568316221237183,0.000013656460396305192,-0.2626346945762634;0.20235486328601837,-0.12812168896198273,0.022248990833759308,-0.04565127193927765
;-85.36445617675781;-0.000006047390343155712,5.665443669755632e-9,-0.003604276105761528,-0.00006879484135424718;1.1496084639794901e-10,0.21568311750888824,0.000013649697393702809,-0.262634813785553;0.20234695076942444,-0.12812170386314392,0.022248990833759308,-0.045651279389858246
;-85.36448669433594;-0.000006047336228220956,5.665188762549178e-9,-0.0036044802982360125,-0.00006876801489852369;1.1495607937783703e-10,0.21568308770656586,0.00001364309082418913,-0.26263490319252014;0.20234061777591705,-0.12812171876430511,0.022248990833759308,-0.04565128684043884
;-85.36451721191406;-0.000006047278020560043,5.664935187610354e-9,-0.003604685887694359,-0.00006874126847833395;1.1495117357984697e-10,0.21568302810192108,0.000013636509720527101,-0.2626350522041321;0.20233426988124847,-0.1281217336654663,0.022248990833759308,-0.04565129056572914
;-85.36454772949219;-0.000006047222996130586,5.664682056760739e-9,-0.0036048907786607742,-0.00006871459481772035;1.14946260842963e-10,0.2156829982995987,0.000013629956811200827,-0.26263514161109924;0.20232796669006348,-0.1281217485666275,0.022248990833759308,-0.04565129801630974
;-85.36457824707031;-0.0000060471534197859,5.664429814089544e-9,-0.003605096135288477,-0.00006868797936476767;1.1494136198386684e-10,0.2156829684972763,0.000013623428458231501,-0.2626352608203888;0.2023216038942337,-0.1281217783689499,0.022248990833759308,-0.04565130174160004
;-85.36460876464844;-0.000006047097485861741,5.664178015507559e-9,-0.003605301259085536,-0.00006866145122330636;1.1493644924698287e-10,0.21568293869495392,0.00001361692284262972,-0.26263532042503357;0.2023153156042099,-0.12812179327011108,0.022248990833759308,-0.045651309192180634
;-85.36463928222656;-0.000006047041551937582,5.663926216925574e-9,-0.0036055061500519514,-0.00006863496673759073;1.1493153651009891e-10,0.21568287909030914,0.000013610446330858395,-0.2626354694366455;0.20230896770954132,-0.12812180817127228,0.022248990833759308,-0.04565131664276123
;-85.36466979980469;-0.000006046982434781967,5.663675750611219e-9,-0.0036057119723409414,-0.00006860857683932409;1.1492661683432104e-10,0.21568283438682556,0.000013603994375444017,-0.26263555884361267;0.20230264961719513,-0.12812182307243347,0.022248990833759308,-0.04565132036805153
;-85.36469268798828;-0.000006046926046110457,5.663425728386073e-9,-0.003605917561799288,-0.00006858224514871836;1.1492186369199686e-10,0.21568278968334198,0.000013597568795375992,-0.2626356780529022;0.20229630172252655,-0.12812185287475586,0.022248990833759308,-0.04565132409334183
;-85.3647232055664;-0.000006046889211575035,5.66322899686611e-9,-0.0036061236169189215,-0.00006855595711385831;1.1491817220043998e-10,0.21568280458450317,0.000013591295100923162,-0.2626357674598694;0.2022915780544281,-0.12812186777591705,0.022248990833759308,-0.045651331543922424
;-85.36474609375;-0.000006046828730177367,5.662980306908594e-9,-0.0036063287407159805,-0.00006852976366644725;1.1491325946355602e-10,0.2156827598810196,0.000013584919543063734,-0.26263588666915894;0.20228524506092072,-0.12812188267707825,0.022248990833759308,-0.04565133526921272
;-85.36477661132812;-0.0000060467941693787,5.66278535174547e-9,-0.003606534795835614,-0.00006850361387478188;1.1490958184978695e-10,0.2156827747821808,0.000013578697689808905,-0.2626359164714813;0.20228050649166107,-0.12812189757823944,0.022248990833759308,-0.04565133899450302
;-85.36479949951172;-0.000006046759608580032,5.662590840671555e-9,-0.0036067403852939606,-0.00006847752956673503;1.1490590423601788e-10,0.2156827300786972,0.00001357249857392162,-0.2626360058784485;0.20227575302124023,-0.12812191247940063,0.022248990833759308,-0.04565134271979332
;-85.36482238769531;-0.000006046699581929715,5.6623443711600885e-9,-0.003606947138905525,-0.00006845154712209478;1.1490099149913391e-10,0.2156827300786972,0.000013566200323111843,-0.26263609528541565;0.20226943492889404,-0.12812192738056183,0.022248990833759308,-0.04565134644508362
;-85.3648452758789;-0.000006046665475878399,5.662150748264594e-9,-0.003607152495533228,-0.00006842559378128499;1.1489730694647093e-10,0.21568270027637482,0.000013560052138927858,-0.2626361846923828;0.2022646814584732,-0.12812194228172302,0.022248990833759308,-0.04565135017037392
;-85.3648681640625;-0.000006046637736289995,5.661957569458309e-9,-0.003607358317822218,-0.00006839972047600895;1.1489362933270186e-10,0.21568265557289124,0.00001355392760160612,-0.2626362442970276;0.20225992798805237,-0.12812195718288422,0.022248990833759308,-0.045651357620954514
;-85.3648910522461;-0.000006046634098311188,5.661818569535626e-9,-0.00360756553709507,-0.00006837387627456337;1.1489116602536598e-10,0.215682715177536,0.000013547955859394278,-0.26263627409935;0.20225676894187927,-0.12812195718288422,0.022248990833759308,-0.045651357620954514
;-85.36491394042969;-0.000006046596809028415,5.661627167086181e-9,-0.003607772523537278,-0.00006834813393652439;1.1488764106726279e-10,0.21568267047405243,0.000013541880434786435,-0.26263636350631714;0.20225200057029724,-0.1281219720840454,0.022248990833759308,-0.04565136134624481
;-85.36492919921875;-0.000006046560883987695,5.661436208725945e-9,-0.003607979044318199,-0.00006832246435806155;1.1488396345349372e-10,0.215682715177536,0.000013535830476030242,-0.2626364231109619;0.20224730670452118,-0.1281219869852066,0.022248990833759308,-0.04565136507153511
;-85.36494445800781;-0.0000060465545175247826,5.661299429249311e-9,-0.003608185797929764,-0.00006829681660747156;1.1488150708505174e-10,0.21568270027637482,0.00001352993058389984,-0.2626364827156067;0.2022441029548645,-0.1281220018863678,0.022248990833759308,-0.04565136507153511
;-85.3649673461914;-0.0000060465308706625365,5.661110691335125e-9,-0.0036083925515413284,-0.00006827127799624577;1.1487782947128267e-10,0.21568268537521362,0.000013523928828362841,-0.26263654232025146;0.20223936438560486,-0.1281220018863678,0.022248990833759308,-0.04565136879682541
;-85.36498260498047;-0.000006046515409252606,5.660974800036911e-9,-0.0036086002364754677,-0.00006824577576480806;1.1487537310284068e-10,0.2156827300786972,0.000013518078958441038,-0.26263657212257385;0.20223619043827057,-0.128122016787529,0.022248990833759308,-0.04565136879682541
;-85.36499786376953;-0.000006046509042789694,5.6608397969171165e-9,-0.0036088074557483196,-0.00006822033901698887;1.148729167343987e-10,0.2156827449798584,0.000013512250006897375,-0.26263660192489624;0.20223303139209747,-0.12812203168869019,0.022248990833759308,-0.04565136879682541
;-85.3650131225586;-0.000006046505859558238,5.660706126064952e-9,-0.00360901583917439,-0.0000681949604768306;1.1487046036595672e-10,0.2156827747821808,0.000013506444702215958,-0.26263663172721863;0.20222985744476318,-0.12812203168869019,0.022248990833759308,-0.04565137252211571
;-85.36502838134766;-0.000006046500857337378,5.660572455212787e-9,-0.0036092239897698164,-0.00006816966197220609;1.1486800399751473e-10,0.2156827747821808,0.000013500664863386191,-0.2626366913318634;0.20222671329975128,-0.12812204658985138,0.022248990833759308,-0.04565137252211571
;-85.36504364013672;-0.000006046493126632413,5.6604396725390416e-9,-0.0036094316747039557,-0.00006814442167524248;1.1486554762907275e-10,0.21568281948566437,0.000013494909580913372,-0.2626367509365082;0.2022235244512558,-0.12812204658985138,0.022248990833759308,-0.04565137252211571
;-85.36505889892578;-0.000006046491307643009,5.660307333954506e-9,-0.0036096388939768076,-0.00006811926141381264;1.1486309819952467e-10,0.21568278968334198,0.000013489177035808098,-0.26263678073883057;0.2022203803062439,-0.12812206149101257,0.022248990833759308,-0.04565137252211571
;-85.36506652832031;-0.000006046505859558238,5.660229174253573e-9,-0.0036098468117415905,-0.00006809411570429802;1.1486186307640978e-10,0.21568283438682556,0.000013483594557328615,-0.2626367509365082;0.20221877098083496,-0.12812207639217377,0.022248990833759308,-0.04565137252211571
;-85.36508178710938;-0.0000060464985836006235,5.660098167936667e-9,-0.0036100558936595917,-0.00006806907913414761;1.148594205857556e-10,0.21568287909030914,0.000013477908396453131,-0.26263681054115295;0.20221562683582306,-0.12812207639217377,0.022248990833759308,-0.04565137252211571
;-85.36509704589844;-0.0000060464944908744656,5.659967605708971e-9,-0.0036102638114243746,-0.00006804410804761574;1.1485695033952581e-10,0.21568292379379272,0.000013472246791934595,-0.26263681054115295;0.20221246778964996,-0.12812209129333496,0.022248990833759308,-0.045651379972696304
;-85.3651123046875;-0.000006046488124411553,5.6598383757489046e-9,-0.0036104710306972265,-0.00006801920244470239;1.1485465356564362e-10,0.21568289399147034,0.000013466607924783602,-0.26263687014579773;0.20220927894115448,-0.12812210619449615,0.022248990833759308,-0.045651379972696304
;-85.36512756347656;-0.000006046480848453939,5.659708701699628e-9,-0.0036106789484620094,-0.00006799436232540756;1.1485219719720163e-10,0.21568290889263153,0.000013460992704494856,-0.2626368999481201;0.20220613479614258,-0.12812210619449615,0.022248990833759308,-0.045651379972696304
;-85.3651351928711;-0.000006046475846233079,5.659580359917982e-9,-0.0036108852364122868,-0.00006796959496568888;1.1484974082875965e-10,0.21568290889263153,0.000013455399312078953,-0.2626369297504425;0.20220299065113068,-0.12812212109565735,0.022248990833759308,-0.0456513836979866
;-85.36515045166016;-0.0000060464908528956585,5.659505752930727e-9,-0.0036110924556851387,-0.00006794484943384305;1.1484851958343256e-10,0.2156829833984375,0.00001344995507679414,-0.2626369297504425;0.20220139622688293,-0.12812212109565735,0.022248990833759308,-0.045651379972696304
;-85.36516571044922;-0.000006046482212695992,5.6593782993275e-9,-0.0036112989764660597,-0.00006792020576540381;1.1484604933720277e-10,0.2156830132007599,0.000013444408068608027,-0.2626369893550873;0.20219825208187103,-0.12812212109565735,0.022248990833759308,-0.0456513836979866
;-85.36517333984375;-0.0000060465067690529395,5.659304136429455e-9,-0.0036115068942308426,-0.00006789559847675264;1.1484482809187568e-10,0.21568305790424347,0.000013439008398563601,-0.2626369893550873;0.2021966427564621,-0.12812213599681854,0.022248990833759308,-0.0456513836979866
;-85.36518096923828;-0.0000060465226852102205,5.6592313057990395e-9,-0.0036117148119956255,-0.00006787104211980477;1.148436068465486e-10,0.21568305790424347,0.000013433632375381421,-0.26263701915740967;0.20219507813453674,-0.12812213599681854,0.022248990833759308,-0.045651379972696304
;-85.36518859863281;-0.000006046515863999957,5.659105628552652e-9,-0.003611922264099121,-0.00006784659490222111;1.1484115047810661e-10,0.21568308770656586,0.000013428153579297941,-0.26263701915740967;0.20219190418720245,-0.12812215089797974,0.022248990833759308,-0.0456513836979866
;-85.36519622802734;-0.000006046528596925782,5.659033686100656e-9,-0.0036121297162026167,-0.00006782218406442553;1.1483992923277953e-10,0.21568313241004944,0.000013422822121356148,-0.26263701915740967;0.2021903395652771,-0.12812215089797974,0.022248990833759308,-0.0456513836979866
;-85.36520385742188;-0.00000604655315328273,5.6589617436486606e-9,-0.0036123378667980433,-0.00006779783143429086;1.1483870798745244e-10,0.2156831920146942,0.0000134175134007819,-0.26263701915740967;0.20218871533870697,-0.12812215089797974,0.022248990833759308,-0.045651379972696304
;-85.3652114868164;-0.000006046569524187362,5.658891133464294e-9,-0.003612546483054757,-0.0000677735370118171;1.1483747286433754e-10,0.21568326652050018,0.000013412226508080494,-0.26263704895973206;0.20218715071678162,-0.12812216579914093,0.022248990833759308,-0.045651379972696304
;-85.36521911621094;-0.00000604659408054431,5.658820967369138e-9,-0.0036127541679888964,-0.00006774931534891948;1.1483623774122265e-10,0.215683251619339,0.000013406962352746632,-0.26263707876205444;0.20218555629253387,-0.12812216579914093,0.022248990833759308,-0.045651379972696304
;-85.36522674560547;-0.000006046606358722784,5.658750801273982e-9,-0.003612961620092392,-0.00006772515916964039;1.1483501649589556e-10,0.21568329632282257,0.00001340171820629621,-0.26263707876205444;0.20218400657176971,-0.12812216579914093,0.022248990833759308,-0.045651379972696304
;-85.365234375;-0.000006046630460332381,5.658681523357245e-9,-0.003613168839365244,-0.00006770106847397983;1.1483379525056847e-10,0.21568334102630615,0.000013396497706708033,-0.26263707876205444;0.20218239724636078,-0.12812216579914093,0.022248990833759308,-0.045651379972696304
;-85.36524200439453;-0.000006046642283763504,5.6586122454405086e-9,-0.003613375825807452,-0.0000676770432619378;1.1483256012745358e-10,0.21568341553211212,0.0000133912999444874,-0.26263704895973206;0.20218083262443542,-0.12812218070030212,0.022248990833759308,-0.04565137252211571
;-85.36524963378906;-0.000006046656380931381,5.658543855702192e-9,-0.0036135828122496605,-0.00006765308353351429;1.1483133888212649e-10,0.21568341553211212,0.000013386122191150207,-0.26263704895973206;0.2021792232990265,-0.12812218070030212,0.022248990833759308,-0.04565137252211571
;-85.3652572631836;-0.00000604668139203568,5.658475465963875e-9,-0.0036137893330305815,-0.00006762916746083647;1.1483010375901159e-10,0.2156834751367569,0.000013380966265685856,-0.26263704895973206;0.20217765867710114,-0.12812219560146332,0.022248990833759308,-0.04565137252211571
;-85.36526489257812;-0.0000060467268667707685,5.65846081101995e-9,-0.0036139965523034334,-0.00006760529504390433;1.1483010375901159e-10,0.21568356454372406,0.000013375956768868491,-0.26263701915740967;0.20217765867710114,-0.12812219560146332,0.022248990833759308,-0.04565136879682541
;-85.36526489257812;-0.000006046738235454541,5.6583933094600525e-9,-0.0036142037715762854,-0.00006758151721442118;1.148288825136845e-10,0.21568360924720764,0.000013370844499149825,-0.26263701915740967;0.2021760791540146,-0.12812219560146332,0.022248990833759308,-0.04565136879682541
;-85.36527252197266;-0.000006046762337064138,5.658327140167785e-9,-0.0036144109908491373,-0.00006755780486855656;1.1482764739056961e-10,0.21568365395069122,0.000013365752238314599,-0.26263704895973206;0.20217448472976685,-0.12812219560146332,0.022248990833759308,-0.04565136879682541
;-85.36528015136719;-0.000006046808266546577,5.658313817491489e-9,-0.0036146168131381273,-0.00006753412162652239;1.1482764739056961e-10,0.2156837284564972,0.000013360806406126358,-0.26263701915740967;0.20217448472976685,-0.12812219560146332,0.022248990833759308,-0.04565136507153511
;-85.36528015136719;-0.000006046817816240946,5.6582480922884315e-9,-0.0036148237995803356,-0.0000675105256959796;1.1482642614524252e-10,0.21568377315998077,0.000013355757801036816,-0.26263701915740967;0.2021729201078415,-0.12812219560146332,0.022248990833759308,-0.04565136507153511
;-85.36528778076172;-0.000006046840098861139,5.658182367085374e-9,-0.0036150303203612566,-0.00006748700980097055;1.1482519102212763e-10,0.21568378806114197,0.000013350731933314819,-0.26263704895973206;0.20217135548591614,-0.1281222105026245,0.022248990833759308,-0.04565136134624481
;-85.36528778076172;-0.000006046885573596228,5.658170376676708e-9,-0.0036152370739728212,-0.00006746350118191913;1.1482519102212763e-10,0.21568387746810913,0.000013345849765755702,-0.26263701915740967;0.20217135548591614,-0.1281222105026245,0.022248990833759308,-0.04565136134624481
;-85.36529541015625;-0.000006046930138836615,5.658158830357252e-9,-0.0036154433619230986,-0.00006744007259840146;1.1482519102212763e-10,0.2156839370727539,0.000013340988516574726,-0.2626369595527649;0.20217135548591614,-0.1281222105026245,0.022248990833759308,-0.045651357620954514
;-85.36529541015625;-0.0000060469392337836325,5.658094881511033e-9,-0.003615650348365307,-0.00006741673132637516;1.1482396977680054e-10,0.2156839668750763,0.000013336023584997747,-0.2626369297504425;0.2021697461605072,-0.1281222105026245,0.022248990833759308,-0.045651357620954514
;-85.36529541015625;-0.0000060469833442766685,5.658084223369997e-9,-0.0036158571019768715,-0.0000673934118822217;1.1482396977680054e-10,0.21568402647972107,0.00001333120326307835,-0.2626368999481201;0.2021697461605072,-0.1281222105026245,0.022248990833759308,-0.04565135017037392
;-85.36529541015625;-0.000006047027000022354,5.65807400931817e-9,-0.0036160640884190798,-0.00006737015792168677;1.1482396977680054e-10,0.21568410098552704,0.000013326404769031797,-0.26263687014579773;0.2021697461605072,-0.1281222105026245,0.022248990833759308,-0.04565134644508362
;-85.36529541015625;-0.00000604707111051539,5.6580646834447634e-9,-0.0036162713076919317,-0.00006734696944477037;1.1482396977680054e-10,0.21568416059017181,0.000013321626283868682,-0.26263684034347534;0.2021697461605072,-0.1281222105026245,0.022248990833759308,-0.04565134644508362
;-85.36529541015625;-0.000006047115221008426,5.6580558016605664e-9,-0.0036164787597954273,-0.00006732384645147249;1.1482396977680054e-10,0.21568426489830017,0.000013316868717083707,-0.26263681054115295;0.2021697461605072,-0.1281222105026245,0.022248990833759308,-0.04565134271979332
;-85.36529541015625;-0.000006047158876754111,5.658047363965579e-9,-0.0036166859790682793,-0.00006730077438987792;1.1482396977680054e-10,0.21568433940410614,0.000013312131159182172,-0.26263678073883057;0.2021697461605072,-0.1281222105026245,0.022248990833759308,-0.04565133899450302
;-85.36529541015625;-0.000006047202532499796,5.658039370359802e-9,-0.003616892732679844,-0.00006727776781190187;1.1482396977680054e-10,0.21568439900875092,0.000013307411791174673,-0.2626367509365082;0.2021697461605072,-0.1281222105026245,0.022248990833759308,-0.04565133899450302
;-85.36529541015625;-0.000006047244824003428,5.658031376754025e-9,-0.0036170994862914085,-0.00006725482671754435;1.1482396977680054e-10,0.21568447351455688,0.000013302713341545314,-0.2626367211341858;0.2021697461605072,-0.1281222105026245,0.022248990833759308,-0.04565133526921272
;-85.36529541015625;-0.000006047286206012359,5.658023827237457e-9,-0.003617305774241686,-0.00006723193655489013;1.1482396977680054e-10,0.21568453311920166,0.000013298036719788797,-0.2626366913318634;0.2021697461605072,-0.1281222105026245,0.022248990833759308,-0.045651331543922424
;-85.36529541015625;-0.000006047328952263342,5.6580167218101e-9,-0.0036175125278532505,-0.00006720911187585443;1.1482396977680054e-10,0.21568460762500763,0.000013293379197421018,-0.262636661529541;0.2021697461605072,-0.1281222105026245,0.022248990833759308,-0.045651331543922424
;-85.36529541015625;-0.000006047370789019624,5.658010504561162e-9,-0.0036177183501422405,-0.00006718634540447965;1.1482396977680054e-10,0.2156846821308136,0.000013288740774441976,-0.26263663172721863;0.2021697461605072,-0.1281222105026245,0.022248990833759308,-0.04565132409334183
;-85.36529541015625;-0.000006047412625775905,5.658004287312224e-9,-0.0036179237067699432,-0.00006716363714076579;1.1482396977680054e-10,0.21568475663661957,0.000013284122360346373,-0.26263657212257385;0.2021697461605072,-0.1281222105026245,0.022248990833759308,-0.04565132036805153
;-85.36529541015625;-0.000006047454917279538,5.657998514152496e-9,-0.0036181295290589333,-0.00006714100163662806;1.1482396977680054e-10,0.21568481624126434,0.000013279524864628911,-0.26263654232025146;0.2021697461605072,-0.1281222105026245,0.022248990833759308,-0.04565131664276123
;-85.36529541015625;-0.000006047497663530521,5.657992296903558e-9,-0.0036183351185172796,-0.00006711841706419364;1.1482396977680054e-10,0.2156848907470703,0.000013274946468300186,-0.2626365125179291;0.2021697461605072,-0.1281222105026245,0.022248990833759308,-0.04565131664276123
;-85.36529541015625;-0.000006047539500286803,5.6579874119222495e-9,-0.0036185404751449823,-0.00006709589069942012;1.1482396977680054e-10,0.2156849503517151,0.0000132703880808549,-0.2626364827156067;0.2021697461605072,-0.1281222105026245,0.022248990833759308,-0.04565131291747093
;-85.36529541015625;-0.0000060475804275483824,5.657982082851731e-9,-0.003618745133280754,-0.00006707342254230753;1.1482396977680054e-10,0.21568502485752106,0.000013265849702293053,-0.2626364529132843;0.2021697461605072,-0.1281222105026245,0.022248990833759308,-0.045651309192180634
;-85.36529541015625;-0.000006047621809557313,5.657977197870423e-9,-0.003618950489908457,-0.00006705101259285584;1.1482396977680054e-10,0.21568511426448822,0.000013261329513625242,-0.2626364231109619;0.2021697461605072,-0.1281222105026245,0.022248990833759308,-0.045651309192180634
;-85.36529541015625;-0.000006047662282071542,5.6579727569783245e-9,-0.0036191551480442286,-0.00006702866812702268;1.1482396977680054e-10,0.215685173869133,0.000013256828424346168,-0.2626363933086395;0.2021697461605072,-0.1281222105026245,0.022248990833759308,-0.04565130174160004
;-85.36529541015625;-0.000006047702754585771,5.657968316086226e-9,-0.0036193598061800003,-0.00006700638186885044;1.1482396977680054e-10,0.21568524837493896,0.000013252349162939936,-0.26263636350631714;0.2021697461605072,-0.1281222105026245,0.022248990833759308,-0.04565129801630974
;-85.36529541015625;-0.000006047742772352649,5.657964319283337e-9,-0.0036195635329931974,-0.00006698415381833911;1.1482396977680054e-10,0.21568530797958374,0.000013247887181933038,-0.26263633370399475;0.2021697461605072,-0.1281222105026245,0.022248990833759308,-0.04565129801630974
;-85.36529541015625;-0.000006047782790119527,5.657960322480449e-9,-0.003619767725467682,-0.00006696198397548869;1.1482396977680054e-10,0.2156853824853897,0.000013243445209809579,-0.26263630390167236;0.2021697461605072,-0.1281222105026245,0.022248990833759308,-0.04565129429101944
;-85.36529541015625;-0.000006047822807886405,5.65795632567756e-9,-0.003619971452280879,-0.0000669398796162568;1.1482396977680054e-10,0.21568544209003448,0.000013239020518085454,-0.26263627409935;0.2021697461605072,-0.1281222105026245,0.022248990833759308,-0.04565129056572914
;-85.36529541015625;-0.000006047862370905932,5.657953217053091e-9,-0.00362017541192472,-0.00006691782618872821;1.1482396977680054e-10,0.21568553149700165,0.000013234617654234171,-0.2626362442970276;0.2021697461605072,-0.1281222105026245,0.022248990833759308,-0.04565128684043884
;-85.36529541015625;-0.000006047903298167512,5.657950108428622e-9,-0.0036203782074153423,-0.00006689583096886054;1.1482396977680054e-10,0.21568559110164642,0.000013230232070782222,-0.2626362144947052;0.2021697461605072,-0.1281222105026245,0.022248990833759308,-0.04565128684043884
;-85.36529541015625;-0.000006047942861187039,5.657946555714943e-9,-0.003620581701397896,-0.00006687389395665377;1.1482396977680054e-10,0.2156856656074524,0.00001322586558671901,-0.2626361846923828;0.2021697461605072,-0.1281222105026245,0.022248990833759308,-0.045651279389858246
;-85.36529541015625;-0.000006047982424206566,5.6579430030012645e-9,-0.0036207844968885183,-0.00006685201515210792;1.1482396977680054e-10,0.21568572521209717,0.000013221517292549834,-0.26263612508773804;0.2021697461605072,-0.1281222105026245,0.022248990833759308,-0.04565127566456795
;-85.36529541015625;-0.0000060480206229840405,5.657940782555215e-9,-0.0036209875252097845,-0.0000668302018311806;1.1482396977680054e-10,0.21568579971790314,0.000013217189007264096,-0.26263609528541565;0.2021697461605072,-0.1281222105026245,0.022248990833759308,-0.04565127193927765
;-85.36529541015625;-0.0000060480610954982694,5.657938118019956e-9,-0.0036211900878697634,-0.00006680843216599897;1.1482396977680054e-10,0.2156858593225479,0.000013212878911872394,-0.26263606548309326;0.2021697461605072,-0.1281222105026245,0.022248990833759308,-0.04565127193927765
;-85.36529541015625;-0.000006048099749023095,5.657935453484697e-9,-0.003621392184868455,-0.00006678673526039347;1.1482396977680054e-10,0.21568594872951508,0.000013208587006374728,-0.2626360356807709;0.2021697461605072,-0.1281222105026245,0.022248990833759308,-0.04565126821398735
;-85.36529541015625;-0.000006048138857295271,5.657933233038648e-9,-0.00362159451469779,-0.00006676508928649127;1.1482396977680054e-10,0.21568602323532104,0.000013204312381276395,-0.2626360058784485;0.2021697461605072,-0.1281222105026245,0.022248990833759308,-0.04565126448869705
;-85.36529541015625;-0.000006048177965567447,5.657930124414179e-9,-0.0036217966116964817,-0.00006674349424429238;1.1482396977680054e-10,0.21568608283996582,0.000013200057765061501,-0.2626359760761261;0.2021697461605072,-0.1281222105026245,0.022248990833759308,-0.04565126448869705
;-85.36529541015625;-0.000006048215709597571,5.65792745987892e-9,-0.003621998243033886,-0.00006672195013379678;1.1482396977680054e-10,0.2156861573457718,0.000013195821338740643,-0.2626359462738037;0.2021697461605072,-0.1281222105026245,0.022248990833759308,-0.045651260763406754
;-85.36529541015625;-0.000006048253908375045,5.65792612761129e-9,-0.0036221996415406466,-0.00006670047878287733;1.1482396977680054e-10,0.21568621695041656,0.000013191602192819118,-0.2626359164714813;0.2021697461605072,-0.1281222105026245,0.022248990833759308,-0.04565125331282616
;-85.36529541015625;-0.000006048291652405169,5.657924351254451e-9,-0.003622401272878051,-0.00006667905108770356;1.1482396977680054e-10,0.21568629145622253,0.00001318740123679163,-0.26263588666915894;0.2021697461605072,-0.1281222105026245,0.022248990833759308,-0.04565124958753586
;-85.36529541015625;-0.000006048331215424696,5.657922574897611e-9,-0.0036226024385541677,-0.0000666576816001907;1.1482396977680054e-10,0.2156863510608673,0.000013183219380152877,-0.26263585686683655;0.2021697461605072,-0.1281222105026245,0.022248990833759308,-0.04565124958753586
;-85.36529541015625;-0.000006048367140465416,5.657921242629982e-9,-0.0036228038370609283,-0.00006663637032033876;1.1482396977680054e-10,0.21568644046783447,0.000013179053894418757,-0.26263582706451416;0.2021697461605072,-0.1281222105026245,0.022248990833759308,-0.04565124586224556
;-85.36529541015625;-0.00000604840488449554,5.6579194662731425e-9,-0.0036230040714144707,-0.00006661513180006295;1.1482396977680054e-10,0.21568650007247925,0.000013174907508073375,-0.2626357972621918;0.2021697461605072,-0.1281222105026245,0.022248990833759308,-0.04565124213695526
;-85.36529541015625;-0.000006048442173778312,5.657917245827093e-9,-0.0036232045385986567,-0.00006659392238361761;1.1482396977680054e-10,0.21568657457828522,0.000013170779311622027,-0.2626357674598694;0.2021697461605072,-0.1281222105026245,0.022248990833759308,-0.04565124213695526
;-85.36529541015625;-0.000006048479917808436,5.657915469470254e-9,-0.00362340547144413,-0.00006657277845079079;1.1482396977680054e-10,0.21568663418293,0.000013166667486075312,-0.2626357078552246;0.2021697461605072,-0.1281222105026245,0.022248990833759308,-0.04565123841166496
;-85.36529541015625;-0.000006048516752343858,5.657914137202624e-9,-0.003623605938628316,-0.00006655169272562489;1.1482396977680054e-10,0.21568670868873596,0.000013162573850422632,-0.2626356780529022;0.2021697461605072,-0.1281222105026245,0.022248990833759308,-0.045651230961084366
;-85.36529541015625;-0.00000604855404162663,5.657912360845785e-9,-0.0036238054744899273,-0.00006653067248407751;1.1482396977680054e-10,0.21568676829338074,0.000013158498404663987,-0.26263564825057983;0.2021697461605072,-0.1281222105026245,0.022248990833759308,-0.045651230961084366
;-85.36529541015625;-0.000006048591330909403,5.657911472667365e-9,-0.003624005476012826,-0.00006650968862231821;1.1482396977680054e-10,0.2156868726015091,0.000013154440239304677,-0.26263561844825745;0.2021697461605072,-0.1281222105026245,0.022248990833759308,-0.04565122723579407
;-85.36529541015625;-0.000006048628165444825,5.657910140399736e-9,-0.0036242050118744373,-0.00006648877024417743;1.1482396977680054e-10,0.21568694710731506,0.0000131503993543447,-0.26263558864593506;0.2021697461605072,-0.1281222105026245,0.022248990833759308,-0.04565122351050377
;-85.36529541015625;-0.000006048664545232896,5.657909696310526e-9,-0.0036244045477360487,-0.00006646790279773995;1.1482396977680054e-10,0.21568700671195984,0.000013146375749784056,-0.26263555884361267;0.2021697461605072,-0.1281222105026245,0.022248990833759308,-0.04565121978521347
;-85.36529541015625;-0.00000604870274401037,5.657908808132106e-9,-0.0036246031522750854,-0.00006644709355896339;1.1482396977680054e-10,0.2156870812177658,0.000013142369425622746,-0.2626355290412903;0.2021697461605072,-0.1281222105026245,0.022248990833759308,-0.04565121978521347
;-85.36529541015625;-0.000006048739123798441,5.6579074758644765e-9,-0.003624802455306053,-0.00006642633525189012;1.1482396977680054e-10,0.21568714082241058,0.000013138379472366069,-0.2626354992389679;0.2021697461605072,-0.1281222105026245,0.022248990833759308,-0.04565121605992317
;-85.36529541015625;-0.000006048775503586512,5.657907031775267e-9,-0.00362500105984509,-0.00006640563515247777;1.1482396977680054e-10,0.21568721532821655,0.000013134407709003426,-0.2626354694366455;0.2021697461605072,-0.1281222105026245,0.022248990833759308,-0.045651208609342575
;-85.36529541015625;-0.000006048812338121934,5.657905699507637e-9,-0.0036251998972147703,-0.00006638500053668395;1.1482396977680054e-10,0.21568728983402252,0.000013130453226040117,-0.2626354396343231;0.2021697461605072,-0.1281222105026245,0.022248990833759308,-0.045651208609342575
;-85.36529541015625;-0.000006048848263162654,5.657905255418427e-9,-0.0036253982689231634,-0.0000663644023006782;1.1482396977680054e-10,0.2156873643398285,0.00001312651511398144,-0.26263540983200073;0.2021697461605072,-0.1281222105026245,0.022248990833759308,-0.04565120488405228
;-85.36529541015625;-0.000006048883733456023,5.6579043672400076e-9,-0.003625596174970269,-0.00006634386227233335;1.1482396977680054e-10,0.21568743884563446,0.000013122593372827396,-0.26263538002967834;0.2021697461605072,-0.1281222105026245,0.022248990833759308,-0.04565120115876198
;-85.36529541015625;-0.000006048920113244094,5.657903479061588e-9,-0.0036257943138480186,-0.00006632338045164943;1.1482396977680054e-10,0.21568749845027924,0.000013118690731062088,-0.26263532042503357;0.2021697461605072,-0.1281222105026245,0.022248990833759308,-0.04565120115876198
;-85.36529541015625;-0.000006048954674042761,5.657902590883168e-9,-0.0036259922198951244,-0.00006630295683862641;1.1482396977680054e-10,0.2156875729560852,0.000013114800822222605,-0.2626352906227112;0.2021697461605072,-0.1281222105026245,0.022248990833759308,-0.04565119743347168
;-85.36529541015625;-0.0000060489901443361305,5.6579017027047485e-9,-0.003626189660280943,-0.00006628257688134909;1.1482396977680054e-10,0.21568763256072998,0.000013110930922266562,-0.2626352608203888;0.2021697461605072,-0.1281222105026245,0.022248990833759308,-0.04565119370818138
;-85.36529541015625;-0.0000060490256146295,5.657900814526329e-9,-0.0036263871006667614,-0.00006626224785577506;1.1482396977680054e-10,0.21568772196769714,0.00001310707739321515,-0.2626352310180664;0.2021697461605072,-0.1281222105026245,0.022248990833759308,-0.04565119370818138
;-85.36529541015625;-0.000006049061084922869,5.657899926347909e-9,-0.0036265843082219362,-0.00006624198431381956;1.1482396977680054e-10,0.21568778157234192,0.00001310324023506837,-0.262635201215744;0.2021697461605072,-0.1281222105026245,0.022248990833759308,-0.04565118998289108
;-85.36529541015625;-0.000006049096100468887,5.657899482258699e-9,-0.0036267817486077547,-0.00006622175715165213;1.1482396977680054e-10,0.2156878560781479,0.000013099419447826222,-0.26263517141342163;0.2021697461605072,-0.1281222105026245,0.022248990833759308,-0.045651182532310486
;-85.36529541015625;-0.0000060491302065202035,5.65789814999107e-9,-0.0036269782576709986,-0.00006620160274906084;1.1482396977680054e-10,0.21568791568279266,0.000013095614121994004,-0.26263514161109924;0.2021697461605072,-0.1281222105026245,0.022248990833759308,-0.04565117880702019
;-85.36529541015625;-0.000006049165222066222,5.65789770590186e-9,-0.003627174533903599,-0.00006618148472625762;1.1482396977680054e-10,0.21568799018859863,0.000013091824257571716,-0.26263511180877686;0.2021697461605072,-0.1281222105026245,0.022248990833759308,-0.04565117880702019
;-85.36530303955078;-0.000006049199782864889,5.65789681772344e-9,-0.0036273712757974863,-0.00006616142491111532;1.1482396977680054e-10,0.2156880497932434,0.000013088053492538165,-0.26263508200645447;0.2021697461605072,-0.1281222105026245,0.022248990833759308,-0.04565117508172989
;-85.36531066894531;-0.000006049211606296012,5.657842638839838e-9,-0.003627565922215581,-0.00006614146695937961;1.1482273465368564e-10,0.21568810939788818,0.000013084176316624507,-0.26263511180877686;0.20216819643974304,-0.1281222105026245,0.022248990833759308,-0.04565117508172989
;-85.36531066894531;-0.000006049212515790714,5.6577889040454465e-9,-0.0036277598701417446,-0.00006612154538743198;1.1482151340835856e-10,0.21568818390369415,0.00001308031460212078,-0.26263508200645447;0.2021665871143341,-0.1281222105026245,0.022248990833759308,-0.04565117135643959
;-85.36531066894531;-0.000006049247076589381,5.657788459956237e-9,-0.0036279535852372646,-0.00006610163836739957;1.1482151340835856e-10,0.21568825840950012,0.00001307659022131702,-0.2626350522041321;0.2021665871143341,-0.1281222105026245,0.022248990833759308,-0.04565117135643959
;-85.36531829833984;-0.000006049244802852627,5.657733836983425e-9,-0.003628147765994072,-0.00006608183321077377;1.1482029216303147e-10,0.2156883031129837,0.000013072762158117257,-0.2626350522041321;0.20216499269008636,-0.1281222254037857,0.022248990833759308,-0.04565116763114929
;-85.36532592773438;-0.000006049279363651294,5.657732060626586e-9,-0.003628341481089592,-0.00006606203533010557;1.1482029216303147e-10,0.21568836271762848,0.000013069071428617463,-0.2626153528690338;0.20216499269008636,-0.12812276184558868,0.02224775031208992,-0.04565116763114929
;-85.3653335571289;-0.000006049291187082417,5.657677437653774e-9,-0.0036285335663706064,-0.00006604231748497114;1.1481921663447636e-10,0.21568840742111206,0.000013065275197732262,-0.2626153528690338;0.20216341316699982,-0.12812276184558868,0.02224775031208992,-0.04565116763114929
;-85.3653335571289;-0.000006049291187082417,5.657622814680963e-9,-0.0036287258844822645,-0.00006602265057154;1.1481798845025537e-10,0.21568842232227325,0.000013061492609267589,-0.2626153528690338;0.20216181874275208,-0.12812276184558868,0.02224775031208992,-0.045651160180568695
;-85.36534118652344;-0.000006049325747881085,5.657621038324123e-9,-0.0036289195995777845,-0.00006600302003789693;1.1481798845025537e-10,0.21568851172924042,0.000013057850082986988,-0.2626153230667114;0.20216181874275208,-0.12812276184558868,0.02224775031208992,-0.045651160180568695
;-85.36534118652344;-0.000006049336207070155,5.657566415351312e-9,-0.0036291114520281553,-0.00006598346226383;1.1481676026603438e-10,0.215688556432724,0.00001305410114582628,-0.2626153528690338;0.20216023921966553,-0.12812277674674988,0.02224775031208992,-0.0456511564552784
;-85.36534881591797;-0.000006049337116564857,5.65751134828929e-9,-0.0036293044686317444,-0.000065963962697424;1.1481553208181339e-10,0.21568860113620758,0.0000130503667605808,-0.2626153528690338;0.20215865969657898,-0.12812277674674988,0.02224775031208992,-0.0456511564552784
;-85.3653564453125;-0.0000060493703131214716,5.657509571932451e-9,-0.003629497019574046,-0.00006594447768293321;1.1481553208181339e-10,0.21568867564201355,0.000013046769709035289,-0.2626153230667114;0.20215865969657898,-0.12812277674674988,0.02224775031208992,-0.0456511527299881
;-85.3653564453125;-0.000006049380317563191,5.65745406078122e-9,-0.003629687475040555,-0.0000659250799799338;1.148143108364863e-10,0.21568872034549713,0.000013043068065599073,-0.2626153230667114;0.20215708017349243,-0.12812279164791107,0.02224775031208992,-0.0456511527299881
;-85.36536407470703;-0.000006049413059372455,5.6574513962459605e-9,-0.0036298795603215694,-0.000065905689552892;1.148143108364863e-10,0.2156887799501419,0.000013039501936873421,-0.26261529326438904;0.20215708017349243,-0.12812279164791107,0.02224775031208992,-0.0456511527299881
;-85.3653793334961;-0.00000604938986725756,5.657343038478757e-9,-0.0036300704814493656,-0.00006588642281712964;1.1481184752915041e-10,0.21568885445594788,0.000013035708434472326,-0.26257598400115967;0.20215393602848053,-0.12812386453151703,0.022245265543460846,-0.0456511527299881
;-85.36539459228516;-0.000006049356215953594,5.657233348443924e-9,-0.0036302600055933,-0.0000658672142890282;1.1480939809960233e-10,0.21568883955478668,0.00001303192948398646,-0.2625367045402527;0.20215076208114624,-0.12812495231628418,0.02224278263747692,-0.0456511527299881
;-85.36540985107422;-0.000006049329840607243,5.657123658409091e-9,-0.0036304478999227285,-0.00006584804941667244;1.1480693479226645e-10,0.21568883955478668,0.000013028165085415822,-0.2624974548816681;0.20214757323265076,-0.12812604010105133,0.022240301594138145,-0.0456511564552784
;-85.36542510986328;-0.0000060493080127344,5.657013524285048e-9,-0.0036306355614215136,-0.00006582892820006236;1.1480448536271837e-10,0.21568883955478668,0.000013024417967244517,-0.2624581754207611;0.20214442908763885,-0.12812712788581848,0.02223781868815422,-0.0456511564552784
;-85.36544036865234;-0.0000060492861848615576,5.656902501982586e-9,-0.0036308218259364367,-0.00006580985791515559;1.1480202205538248e-10,0.21568888425827026,0.000013020685400988441,-0.26241886615753174;0.20214125514030457,-0.12812820076942444,0.022235333919525146,-0.0456511564552784
;-85.36544799804688;-0.000006049298917787382,5.6568443262960955e-9,-0.003631008556112647,-0.00006579080945812166;1.1480080081005539e-10,0.21568892896175385,0.00001301708925893763,-0.2623794972896576;0.20213967561721802,-0.1281292885541916,0.02223285287618637,-0.0456511564552784
;-85.36547088623047;-0.000006049240255379118,5.656679569199241e-9,-0.0036311952862888575,-0.00006577187741640955;1.1479711625739242e-10,0.21568891406059265,0.000013013265743211377,-0.2623402178287506;0.20213493704795837,-0.12813037633895874,0.022230366244912148,-0.045651160180568695
;-85.36548614501953;-0.000006049219337000977,5.656567658718359e-9,-0.003631380619481206,-0.00006575295992661268;1.1479467376673824e-10,0.21568895876407623,0.000013009579561185092,-0.2623009979724884;0.20213176310062408,-0.1281314641237259,0.022227883338928223,-0.045651160180568695
;-85.3655014038086;-0.000006049193416401977,5.656454415969847e-9,-0.0036315659526735544,-0.0000657340933685191;1.1479221045940236e-10,0.21568894386291504,0.000013005907021579333,-0.2622617185115814;0.2021285891532898,-0.12813255190849304,0.022225402295589447,-0.045651160180568695
;-85.36551666259766;-0.000006049170679034432,5.656341173221335e-9,-0.003631750587373972,-0.0000657152704661712;1.1478976102985428e-10,0.21568895876407623,0.000013002249943383504,-0.26222240924835205;0.2021254152059555,-0.1281336396932602,0.022222915664315224,-0.04565116763114929
;-85.36553955078125;-0.000006049111107131466,5.6561746397676416e-9,-0.003631934989243746,-0.0000656965421512723;1.147860695382974e-10,0.21568895876407623,0.000012998485544812866,-0.2622028589248657;0.20212069153785706,-0.12813419103622437,0.022221675142645836,-0.04565116763114929
;-85.36554718017578;-0.000006049089279258624,5.6560600647515e-9,-0.003632117761299014,-0.00006567781383637339;1.147837727644152e-10,0.21568895876407623,0.000012994859389436897,-0.2622028887271881;0.20211750268936157,-0.12813419103622437,0.022221675142645836,-0.04565117135643959
;-85.36556243896484;-0.000006049087005521869,5.655999224529751e-9,-0.0036323030944913626,-0.00006565910734934732;1.1478253764130031e-10,0.215689018368721,0.00001299136783927679,-0.2622028589248657;0.20211593806743622,-0.12813420593738556,0.022221675142645836,-0.04565117135643959
;-85.3655776977539;-0.000006049063358659623,5.6558846495136095e-9,-0.0036324881948530674,-0.00006564048089785501;1.1478008821175223e-10,0.2156890630722046,0.000012987769878236577,-0.2622028887271881;0.20211277902126312,-0.12813420593738556,0.022221675142645836,-0.04565117135643959
;-85.36559295654297;-0.000006049040621292079,5.655770074497468e-9,-0.0036326730623841286,-0.00006562191265402362;1.1477763184331025e-10,0.2156890481710434,0.000012984186469111592,-0.2622029781341553;0.20210959017276764,-0.12813422083854675,0.022221675142645836,-0.04565117135643959
;-85.36561584472656;-0.0000060490183386718854,5.655654611302907e-9,-0.0036328567657619715,-0.0000656033880659379;1.1477518241376217e-10,0.21568909287452698,0.000012980616702407133,-0.2622029781341553;0.20210641622543335,-0.12813423573970795,0.022221675142645836,-0.04565117135643959
;-85.36563110351562;-0.00000604895922151627,5.655485857403164e-9,-0.003633039304986596,-0.00006558493623742834;1.147715047999931e-10,0.2156890332698822,0.000012976938705833163,-0.26220303773880005;0.2021016776561737,-0.12813423573970795,0.022221675142645836,-0.04565117508172989
;-85.36564636230469;-0.000006048936029401375,5.655369950119393e-9,-0.0036332220770418644,-0.00006556650623679161;1.1476904843155111e-10,0.2156890630722046,0.000012973398952453863,-0.26220306754112244;0.2020985186100006,-0.12813425064086914,0.022221675142645836,-0.04565117508172989
;-85.36566162109375;-0.000006048911018297076,5.655254042835622e-9,-0.0036334048490971327,-0.00006554812716785818;1.1476659206310913e-10,0.21568909287452698,0.000012969873750989791,-0.2622031271457672;0.20209535956382751,-0.12813425064086914,0.022221675142645836,-0.04565117880702019
;-85.36567687988281;-0.000006048886916687479,5.655137247373432e-9,-0.0036335878539830446,-0.00006552979175467044;1.1476413569466715e-10,0.21568909287452698,0.000012966361282451544,-0.2622031569480896;0.2020922154188156,-0.12813426554203033,0.022221675142645836,-0.04565117880702019
;-85.36569213867188;-0.000006048864179319935,5.655020451911241e-9,-0.003633770626038313,-0.000065511507273186;1.1476167932622516e-10,0.21568913757801056,0.000012962862456333824,-0.262203186750412;0.20208901166915894,-0.12813428044319153,0.022221675142645836,-0.04565117880702019
;-85.36571502685547;-0.000006048803697922267,5.654850365743869e-9,-0.0036339524667710066,-0.00006549331010319293;1.1475799477356219e-10,0.21568912267684937,0.000012959255400346592,-0.26220324635505676;0.20208428800106049,-0.12813429534435272,0.022221675142645836,-0.045651182532310486
;-85.36573791503906;-0.000006048747309250757,5.654679835487286e-9,-0.003634133841842413,-0.00006547514931298792;1.1475431715979312e-10,0.21568912267684937,0.000012955664715263993,-0.2622033357620239;0.20207950472831726,-0.12813429534435272,0.022221675142645836,-0.04565118998289108
;-85.36576080322266;-0.0000060486977417895105,5.654509305230704e-9,-0.00363431335426867,-0.00006545703945448622;1.1475064648491795e-10,0.21568907797336578,0.000012952084944117814,-0.2622033953666687;0.2020747810602188,-0.1281343251466751,0.022221675142645836,-0.04565118998289108
;-85.36578369140625;-0.000006048639079381246,5.654337442706492e-9,-0.0036344933323562145,-0.00006543898052768782;1.1474710764902696e-10,0.21568909287452698,0.000012948521543876268,-0.26220351457595825;0.20207005739212036,-0.1281343251466751,0.022221675142645836,-0.04565119743347168
;-85.36580657958984;-0.0000060486172515084036,5.654218870887462e-9,-0.003634673310443759,-0.00006542093615280464;1.1474465821947888e-10,0.21568910777568817,0.000012945093658345286,-0.26220354437828064;0.20206686854362488,-0.1281343400478363,0.022221675142645836,-0.04565119743347168
;-85.36582946777344;-0.000006048535396985244,5.653994161747278e-9,-0.003634851425886154,-0.00006540299364132807;1.1473974548259491e-10,0.21568909287452698,0.00001294143839913886,-0.2622036337852478;0.2020605206489563,-0.1281343549489975,0.022221675142645836,-0.04565120115876198
;-85.36585235595703;-0.000006048479008313734,5.653820966955436e-9,-0.003635029774159193,-0.00006538506568176672;1.1473606092993194e-10,0.2156890630722046,0.000012937915926158894,-0.26220372319221497;0.20205579698085785,-0.1281343698501587,0.022221675142645836,-0.04565120488405228
;-85.36588287353516;-0.000006048418526916066,5.653647328074385e-9,-0.003635207423940301,-0.00006536719592986628;1.1473238331616287e-10,0.215689018368721,0.000012934408914588857,-0.26220375299453735;0.202051043510437,-0.12813438475131989,0.022221675142645836,-0.04565120488405228
;-85.36590576171875;-0.000006048372597433627,5.6534736891933335e-9,-0.0036353853065520525,-0.00006534936983371153;1.147287057023938e-10,0.2156890332698822,0.000012930913726449944,-0.26220381259918213;0.20204629004001617,-0.12813439965248108,0.022221675142645836,-0.045651208609342575
;-85.36592864990234;-0.000006048316208762117,5.653299162133862e-9,-0.003635562025010586,-0.00006533158011734486;1.1472502114973082e-10,0.215689018368721,0.000012927432180731557,-0.2622039318084717;0.20204152166843414,-0.12813441455364227,0.022221675142645836,-0.04565121605992317
;-85.36595153808594;-0.000006048233444744255,5.653071788458419e-9,-0.0036357392091304064,-0.00006531387771246955;1.1472011535174076e-10,0.21568900346755981,0.000012923845133627765,-0.26220399141311646;0.20203523337841034,-0.12813442945480347,0.022221675142645836,-0.04565121978521347
;-85.36598205566406;-0.0000060481770560727455,5.652897261398948e-9,-0.0036359152290970087,-0.00006529618258355185;1.1471642386018388e-10,0.21568898856639862,0.000012920391782245133,-0.2622040808200836;0.2020304650068283,-0.12813444435596466,0.022221675142645836,-0.04565122351050377
;-85.36600494384766;-0.000006048120212653885,5.652722290250267e-9,-0.003636091249063611,-0.00006527853111037984;1.1471289196318679e-10,0.21568898856639862,0.000012916951163788326,-0.2622041702270508;0.20202572643756866,-0.12813445925712585,0.022221675142645836,-0.04565122723579407
;-85.36602783203125;-0.000006048037448636023,5.6524931402179845e-9,-0.0036362670361995697,-0.00006526097422465682;1.1470799310409063e-10,0.21568891406059265,0.000012913402315462008,-0.26220428943634033;0.20201940834522247,-0.12813447415828705,0.022221675142645836,-0.045651230961084366
;-85.36605072021484;-0.00000604798970016418,5.652317280890884e-9,-0.0036364432889968157,-0.0000652434173389338;1.1470431549032156e-10,0.21568894386291504,0.000012909988072351553,-0.2622043490409851;0.20201463997364044,-0.12813448905944824,0.022221675142645836,-0.04565123841166496
;-85.36608123779297;-0.00000604793331149267,5.6521409774745734e-9,-0.0036366190761327744,-0.00006522591866087168;1.1470063787655249e-10,0.21568891406059265,0.000012906586562166922,-0.2622044086456299;0.2020099014043808,-0.12813450396060944,0.022221675142645836,-0.04565124213695526
;-85.36610412597656;-0.000006047850092727458,5.651910939263871e-9,-0.0036367943976074457,-0.0000652084854664281;1.1469572513966853e-10,0.21568892896175385,0.000012903079550596885,-0.2622045576572418;0.2020035684108734,-0.12813451886177063,0.022221675142645836,-0.04565124586224556
;-85.36612701416016;-0.000006047790066077141,5.651733747669141e-9,-0.003636968554928899,-0.00006519105954794213;1.1469203364811165e-10,0.21568889915943146,0.000012899703506263904,-0.2622046172618866;0.20199881494045258,-0.12813453376293182,0.022221675142645836,-0.04565124958753586
;-85.36615753173828;-0.000006047734132152982,5.651557000163621e-9,-0.0036371443420648575,-0.00006517369911307469;1.1468835603434258e-10,0.21568889915943146,0.000012896342013846152,-0.262204647064209;0.20199406147003174,-0.12813454866409302,0.022221675142645836,-0.04565125331282616
;-85.36618041992188;-0.0000060476522776298225,5.6513260737744986e-9,-0.0036373191978782415,-0.00006515639688586816;1.1468345023635251e-10,0.2156888246536255,0.00001289287320105359,-0.2622047960758209;0.20198771357536316,-0.1281345635652542,0.022221675142645836,-0.045651260763406754
;-85.3662109375;-0.000006047592705726856,5.651148882179768e-9,-0.0036374933551996946,-0.00006513911648653448;1.1467992527824933e-10,0.2156888097524643,0.000012889537174487486,-0.2622048556804657;0.20198296010494232,-0.1281345784664154,0.022221675142645836,-0.04565126448869705
;-85.3662338256836;-0.000006047549959475873,5.650970358317409e-9,-0.0036376675125211477,-0.00006512187246698886;1.1467624766448026e-10,0.2156888097524643,0.00001288621479034191,-0.2622049152851105;0.20197822153568268,-0.1281345933675766,0.022221675142645836,-0.04565126821398735
;-85.36625671386719;-0.000006047490387572907,5.650791834455049e-9,-0.0036378419026732445,-0.00006510467937914655;1.1467254923402947e-10,0.2156888246536255,0.000012882904229627457,-0.26220500469207764;0.20197349786758423,-0.1281346082687378,0.022221675142645836,-0.04565126821398735
;-85.36627960205078;-0.0000060474121710285544,5.650560019887507e-9,-0.003638016525655985,-0.00006508756632683799;1.1466765037493332e-10,0.2156887948513031,0.000012879486348538194,-0.2622051239013672;0.20196713507175446,-0.128134623169899,0.022221675142645836,-0.04565127566456795
;-85.36630249023438;-0.000006047386705176905,5.65043434264112e-9,-0.0036381911486387253,-0.00006507043144665658;1.1466520788427914e-10,0.2156887948513031,0.000012876320397481322,-0.2622051537036896;0.20196399092674255,-0.12813463807106018,0.022221675142645836,-0.04565127566456795
;-85.36631774902344;-0.000006047330771252746,5.65025581877876e-9,-0.0036383653059601784,-0.00006505336205009371;1.1466151639272226e-10,0.2156887650489807,0.000012873048035544343,-0.26220521330833435;0.20195923745632172,-0.12813465297222137,0.022221675142645836,-0.045651279389858246
;-85.36634063720703;-0.0000060472716540971305,5.6500772949164e-9,-0.003638540394604206,-0.00006503635086119175;1.1465783877895319e-10,0.21568875014781952,0.000012869786587543786,-0.2622052729129791;0.20195449888706207,-0.12813466787338257,0.022221675142645836,-0.04565128684043884
;-85.36636352539062;-0.000006047246188245481,5.6499520617592225e-9,-0.003638715948909521,-0.0000650193469482474;1.1465539628829902e-10,0.2156887650489807,0.00001286665974475909,-0.2622053325176239;0.20195132493972778,-0.12813466787338257,0.022221675142645836,-0.04565128684043884
;-85.36637878417969;-0.000006047198894520989,5.649773537896863e-9,-0.0036388905718922615,-0.0000650024157948792;1.1465169785784823e-10,0.2156887799501419,0.000012863424672104884,-0.2622053921222687;0.20194658637046814,-0.12813468277454376,0.022221675142645836,-0.04565129056572914
;-85.36640167236328;-0.000006047141596354777,5.649595014034503e-9,-0.003639065893366933,-0.00006498552829725668;1.1464802024407916e-10,0.2156887799501419,0.000012860200513387099,-0.26220545172691345;0.2019418179988861,-0.12813469767570496,0.022221675142645836,-0.04565129056572914
;-85.36642456054688;-0.000006047116130503127,5.6494693367881155e-9,-0.0036392402835190296,-0.00006496865535154939;1.1464557081453108e-10,0.2156887799501419,0.000012857110050390474,-0.2622055113315582;0.2019386738538742,-0.12813471257686615,0.022221675142645836,-0.04565129429101944
;-85.36643981933594;-0.000006047058832336916,5.649291257014966e-9,-0.0036394153721630573,-0.00006495185516541824;1.14642038917534e-10,0.2156887650489807,0.000012853912267019041,-0.262205570936203;0.20193390548229218,-0.12813471257686615,0.022221675142645836,-0.04565129801630974
;-85.36646270751953;-0.000006047010174370371,5.649112733152606e-9,-0.0036395899951457977,-0.00006493510591099039;1.1463836130376492e-10,0.2156887799501419,0.000012850724488089327,-0.26220566034317017;0.20192915201187134,-0.12813474237918854,0.022221675142645836,-0.04565129801630974
;-85.36648559570312;-0.0000060469751588243525,5.6489866118170085e-9,-0.003639765316620469,-0.00006491836393252015;1.1463591187421684e-10,0.2156887799501419,0.000012847671314375475,-0.26220566034317017;0.20192600786685944,-0.12813474237918854,0.022221675142645836,-0.04565130174160004
;-85.36650848388672;-0.000006046892849553842,5.6487552413386766e-9,-0.0036399387754499912,-0.00006490173109341413;1.1463099913733288e-10,0.2156887799501419,0.000012844388038502075,-0.26218611001968384;0.20191964507102966,-0.1281353086233139,0.0222204327583313,-0.045651309192180634
;-85.36653900146484;-0.0000060468469200714026,5.648576717476317e-9,-0.0036401113029569387,-0.0000648850982543081;1.14627307645776e-10,0.21568873524665833,0.000012841238458349835,-0.26214686036109924;0.2019149214029312,-0.12813639640808105,0.022217949852347374,-0.04565131291747093
;-85.36656951904297;-0.000006046751877875067,5.648344458819565e-9,-0.0036402831319719553,-0.00006486855272669345;1.1462240878667984e-10,0.21568870544433594,0.000012837979738833383,-0.26210764050483704;0.20190860331058502,-0.1281374841928482,0.0222154650837183,-0.04565131664276123
;-85.3666000366211;-0.000006046670023351908,5.648112200162814e-9,-0.0036404540296643972,-0.0000648520581307821;1.1461750298868978e-10,0.21568866074085236,0.000012834731933253352,-0.26206842064857483;0.20190224051475525,-0.12813858687877655,0.022212980315089226,-0.04565132036805153
;-85.36662292480469;-0.000006046612725185696,5.647932344032824e-9,-0.00364062306471169,-0.00006483554898295552;1.1461382537492071e-10,0.21568866074085236,0.000012831618732889183,-0.26202917098999023;0.2018974870443344,-0.1281396746635437,0.0222104974091053,-0.04565132409334183
;-85.36664581298828;-0.000006046531780157238,5.647699197197653e-9,-0.0036407941952347755,-0.00006481913442257792;1.1460907223259653e-10,0.21568861603736877,0.0000128283954836661,-0.2620292901992798;0.20189116895198822,-0.1281396895647049,0.0222104974091053,-0.045651331543922424
;-85.36666870117188;-0.000006046483122190693,5.647518896978454e-9,-0.003640964161604643,-0.00006480272713815793;1.1460538074103965e-10,0.21568861603736877,0.000012825305020669475,-0.26202937960624695;0.20188643038272858,-0.1281397044658661,0.0222104974091053,-0.04565133526921272
;-85.36669158935547;-0.000006046424459782429,5.647338596759255e-9,-0.0036411357577890158,-0.00006478635623352602;1.1460170312727058e-10,0.21568860113620758,0.000012822225471609272,-0.2620294690132141;0.20188166201114655,-0.12813971936702728,0.0222104974091053,-0.04565133899450302
;-85.36671447753906;-0.000006046365797374165,5.647158740629266e-9,-0.0036413066554814577,-0.0000647700289846398;1.1459802551350151e-10,0.21568860113620758,0.000012819159564969596,-0.2620295286178589;0.2018769234418869,-0.12813973426818848,0.0222104974091053,-0.04565134271979332
;-85.36673736572266;-0.000006046319867891725,5.6469784404100665e-9,-0.0036414775531738997,-0.00006475374539149925;1.1459434789973244e-10,0.215688556432724,0.000012816103662771638,-0.26202958822250366;0.20187216997146606,-0.12813974916934967,0.0222104974091053,-0.04565134644508362
;-85.36676025390625;-0.000006046258022252005,5.646798140190867e-9,-0.003641648916527629,-0.00006473751273006201;1.1459067028596337e-10,0.215688556432724,0.000012813058674510103,-0.26202964782714844;0.20186743140220642,-0.12813976407051086,0.0222104974091053,-0.04565134644508362
;-85.36678314208984;-0.0000060462343753897585,5.64667113067685e-9,-0.003641820512712002,-0.00006472128006862476;1.1458822085641529e-10,0.2156885713338852,0.000012810145562980324,-0.2620296776294708;0.20186424255371094,-0.12813976407051086,0.0222104974091053,-0.04565135017037392
;-85.36680603027344;-0.000006046172984497389,5.646490830457651e-9,-0.003641992574557662,-0.00006470511289080605;1.1458452936485841e-10,0.2156885713338852,0.000012807125131075736,-0.262029767036438;0.2018594890832901,-0.12813977897167206,0.0222104974091053,-0.045651357620954514
;-85.36682891845703;-0.0000060461143220891245,5.646310974327662e-9,-0.0036421625409275293,-0.00006468898936873302;1.1458085175108934e-10,0.2156885713338852,0.000012804113794118166,-0.26202982664108276;0.20185472071170807,-0.12813979387283325,0.0222104974091053,-0.045651357620954514
;-85.36685180664062;-0.00000604606566412258,5.646130674108463e-9,-0.0036423332057893276,-0.00006467291677836329;1.1457716719842637e-10,0.2156885713338852,0.00001280111519008642,-0.2620299160480499;0.20184999704360962,-0.12813980877399445,0.0222104974091053,-0.04565136134624481
;-85.36687469482422;-0.000006046005182724912,5.6459503738892636e-9,-0.003642503172159195,-0.00006465688784373924;1.1457364224032318e-10,0.2156885415315628,0.000012798128409485798,-0.2620299756526947;0.20184527337551117,-0.12813982367515564,0.0222104974091053,-0.04565136507153511
;-85.36688995361328;-0.000006045948794053402,5.6457700736700644e-9,-0.0036426738370209932,-0.00006464089528890327;1.1456996462655411e-10,0.2156885415315628,0.000012795152542821597,-0.2620300352573395;0.20184050500392914,-0.12813983857631683,0.0222104974091053,-0.04565136879682541
;-85.36691284179688;-0.000006045900590834208,5.645589773450865e-9,-0.003642844734713435,-0.00006462493911385536;1.1456628007389114e-10,0.2156885415315628,0.00001279218849958852,-0.26203012466430664;0.2018357366323471,-0.12813985347747803,0.0222104974091053,-0.04565137252211571
;-85.36693572998047;-0.000006045841473678593,5.645409917320876e-9,-0.003643014468252659,-0.00006460901931859553;1.1456258858233426e-10,0.21568849682807922,0.000012789234460797161,-0.2620301842689514;0.20183099806308746,-0.12813986837863922,0.0222104974091053,-0.04565137252211571
;-85.36695861816406;-0.000006045816917321645,5.645283351896069e-9,-0.0036431849002838135,-0.00006459312135120854;1.1456014609168008e-10,0.215688556432724,0.000012786411389242858,-0.2620302438735962;0.20182780921459198,-0.12813988327980042,0.0222104974091053,-0.045651379972696304
;-85.36698150634766;-0.000006045759619155433,5.6451034957660795e-9,-0.003643354866653681,-0.0000645773034193553;1.1455646847791101e-10,0.215688556432724,0.000012783480087819044,-0.26203030347824097;0.20182305574417114,-0.12813988327980042,0.0222104974091053,-0.045651379972696304
;-85.36700439453125;-0.0000060457095969468355,5.6449240837253e-9,-0.003643524833023548,-0.00006456152186729014;1.1455279086414194e-10,0.21568851172924042,0.00001278055970033165,-0.26203036308288574;0.2018183171749115,-0.1281398981809616,0.0222104974091053,-0.0456513836979866
;-85.36702728271484;-0.000006045653208275326,5.644743783506101e-9,-0.0036436941009014845,-0.00006454576941905543;1.1454912018926677e-10,0.2156885266304016,0.000012777651136275381,-0.2620304524898529;0.20181354880332947,-0.1281399130821228,0.0222104974091053,-0.0456513874232769
;-85.36705017089844;-0.00000604559409111971,5.644563483286902e-9,-0.003643861971795559,-0.00006453006062656641;1.145454286977099e-10,0.21568849682807922,0.000012774750757671427,-0.26203054189682007;0.20180881023406982,-0.128139927983284,0.0222104974091053,-0.0456513911485672
;-85.36707305908203;-0.000006045546797395218,5.644383183067703e-9,-0.003644031472504139,-0.00006451438821386546;1.1454174414504692e-10,0.21568849682807922,0.000012771864930982701,-0.26203060150146484;0.20180408656597137,-0.1281399428844452,0.0222104974091053,-0.0456513948738575
;-85.36709594726562;-0.0000060454854065028485,5.6442033269377134e-9,-0.003644200274720788,-0.00006449876673286781;1.1453821918694373e-10,0.21568849682807922,0.000012768987289746292,-0.2620306611061096;0.20179931819438934,-0.12813995778560638,0.0222104974091053,-0.0456513948738575
;-85.36711883544922;-0.000006045427653589286,5.644023026718514e-9,-0.003644368378445506,-0.00006448318890761584;1.1453453463428076e-10,0.21568846702575684,0.000012766120562446304,-0.2620307207107544;0.2017945647239685,-0.12813997268676758,0.0222104974091053,-0.045651402324438095
;-85.36713409423828;-0.00000604537854087539,5.643843170588525e-9,-0.0036445362493395805,-0.00006446764746215194;1.1453085702051169e-10,0.21568849682807922,0.000012763265658577438,-0.26203078031539917;0.20178982615470886,-0.12813998758792877,0.0222104974091053,-0.045651406049728394
;-85.36715698242188;-0.000006045315785740968,5.643663758547746e-9,-0.0036447052843868732,-0.00006445214239647612;1.1452719328453043e-10,0.21568845212459564,0.000012760422578139696,-0.2620308995246887;0.20178504288196564,-0.12813998758792877,0.0222104974091053,-0.04565140977501869
;-85.36717224121094;-0.000006045293503120774,5.643537193122938e-9,-0.0036448738537728786,-0.0000644366373308003;1.1452473691608844e-10,0.21568849682807922,0.000012757706826960202,-0.2620308995246887;0.20178188383579254,-0.12814000248908997,0.0222104974091053,-0.04565140977501869
;-85.36719512939453;-0.000006045267127774423,5.643411071787341e-9,-0.0036450428888201714,-0.00006442117592087016;1.1452228054764646e-10,0.21568846702575684,0.00001275500198971713,-0.2620309293270111;0.20177870988845825,-0.12814001739025116,0.0222104974091053,-0.04565140977501869
;-85.3672103881836;-0.000006045206646376755,5.6432316597465615e-9,-0.0036452114582061768,-0.00006440578727051616;1.1451859599498349e-10,0.21568848192691803,0.00001275219074159395,-0.26203101873397827;0.2017739862203598,-0.12814003229141235,0.0222104974091053,-0.04565141350030899
;-85.36723327636719;-0.0000060451807257777546,5.643105094321754e-9,-0.003645380726084113,-0.000064390420448035;1.145161396265415e-10,0.21568851172924042,0.000012749505913234316,-0.26203104853630066;0.2017708122730255,-0.12814003229141235,0.0222104974091053,-0.04565141350030899
;-85.36724853515625;-0.000006045120244380087,5.642925682280975e-9,-0.003645548829808831,-0.00006437511183321476;1.1451246201277243e-10,0.21568851172924042,0.000012746712855005171,-0.26203110814094543;0.20176607370376587,-0.12814004719257355,0.0222104974091053,-0.04565141722559929
;-85.36727142333984;-0.000006045093869033735,5.642800005034587e-9,-0.0036457183305174112,-0.00006435981777030975;1.1451000564433045e-10,0.21568851172924042,0.000012744048945023678,-0.2620311677455902;0.20176291465759277,-0.12814006209373474,0.0222104974091053,-0.04565141722559929
;-85.3672866821289;-0.0000060450329328887165,5.642620592993808e-9,-0.003645886667072773,-0.00006434458919102326;1.1450632803056138e-10,0.21568849682807922,0.000012741276805172674,-0.262031227350235;0.20175816118717194,-0.12814007699489594,0.0222104974091053,-0.04565142095088959
;-85.3673095703125;-0.000006045007467037067,5.64249535983663e-9,-0.0036460550036281347,-0.00006432936788769439;1.1450403125667918e-10,0.21568849682807922,0.000012738634723064024,-0.26203128695487976;0.20175495743751526,-0.12814007699489594,0.0222104974091053,-0.04565142095088959
;-85.36732482910156;-0.000006044956990081118,5.6423163918850605e-9,-0.003646223107352853,-0.00006431421206798404;1.1450034670401621e-10,0.21568849682807922,0.000012735882592096459,-0.26203134655952454;0.20175020396709442,-0.12814009189605713,0.0222104974091053,-0.045651428401470184
;-85.36734008789062;-0.0000060449324337241706,5.642190714638673e-9,-0.0036463907454162836,-0.00006429906352423131;1.1449789033557423e-10,0.215688556432724,0.00001273326142836595,-0.2620314061641693;0.20174705982208252,-0.12814010679721832,0.0222104974091053,-0.045651428401470184
;-85.36735534667969;-0.000006044894689694047,5.642065481481495e-9,-0.00364656001329422,-0.00006428395863622427;1.1449543396713224e-10,0.2156885415315628,0.00001273065026907716,-0.2620314359664917;0.20174388587474823,-0.12814010679721832,0.0222104974091053,-0.04565143212676048
;-85.36737060546875;-0.000006044866495358292,5.641941136502737e-9,-0.0036467292811721563,-0.0000642688901280053;1.1449298453758416e-10,0.215688556432724,0.000012728048204735387,-0.2620314359664917;0.20174072682857513,-0.12814012169837952,0.0222104974091053,-0.04565143212676048
;-85.36738586425781;-0.000006044838755769888,5.641816791523979e-9,-0.0036468973848968744,-0.00006425387255148962;1.1449052816914218e-10,0.215688556432724,0.000012725456144835334,-0.2620314955711365;0.20173756778240204,-0.12814012169837952,0.0222104974091053,-0.04565143212676048
;-85.36740112304688;-0.000006044815108907642,5.641692002456011e-9,-0.003647066419944167,-0.00006423889135476202;1.14488085678488e-10,0.2156885862350464,0.000012722875908366404,-0.26203155517578125;0.20173439383506775,-0.1281401365995407,0.0222104974091053,-0.04565143585205078
;-85.36741638183594;-0.0000060447846408351324,5.6415672133880435e-9,-0.003647234756499529,-0.0000642239538137801;1.1448562931004602e-10,0.21568860113620758,0.000012720305676339194,-0.26203158497810364;0.20173120498657227,-0.1281401515007019,0.0222104974091053,-0.04565143585205078
;-85.367431640625;-0.000006044758265488781,5.641443312498495e-9,-0.003647402860224247,-0.00006420904537662864;1.1448317294160404e-10,0.21568864583969116,0.0000127177436297643,-0.26203158497810364;0.20172806084156036,-0.1281401515007019,0.0222104974091053,-0.04565143585205078
;-85.36744689941406;-0.000006044731435395079,5.641319855698157e-9,-0.0036475714296102524,-0.00006419417331926525;1.1448072351205596e-10,0.21568864583969116,0.000012715191587631125,-0.262031614780426;0.20172491669654846,-0.1281401664018631,0.0222104974091053,-0.04565143957734108
;-85.36746215820312;-0.000006044701876817271,5.641195954808609e-9,-0.0036477402318269014,-0.00006417934491764754;1.1447827408250788e-10,0.21568869054317474,0.000012712651368929073,-0.2620316743850708;0.20172171294689178,-0.1281401813030243,0.0222104974091053,-0.04565143957734108
;-85.36746978759766;-0.000006044675046723569,5.641072053919061e-9,-0.0036479078698903322,-0.00006416454561986029;1.1447581077517199e-10,0.21568866074085236,0.00001271012024517404,-0.2620317339897156;0.2017185389995575,-0.1281401813030243,0.0222104974091053,-0.04565143957734108
;-85.36748504638672;-0.0000060446723182394635,5.641002331913114e-9,-0.0036480766721069813,-0.00006414976087398827;1.144745895298449e-10,0.21568870544433594,0.000012707716450677253,-0.2620317041873932;0.20171695947647095,-0.12814019620418549,0.0222104974091053,-0.04565143957734108
;-85.36749267578125;-0.000006044642759661656,5.640879319201986e-9,-0.0036482447758316994,-0.00006413504161173478;1.1447213316140292e-10,0.21568873524665833,0.000012705203516816255,-0.26203176379203796;0.20171378552913666,-0.12814019620418549,0.0222104974091053,-0.04565143957734108
;-85.36750793457031;-0.000006044638666935498,5.640809597196039e-9,-0.0036484142765402794,-0.00006412032234948128;1.1447091191607583e-10,0.2156888246536255,0.00001270282064069761,-0.2620317339897156;0.2017122060060501,-0.12814019620418549,0.0222104974091053,-0.04565143957734108
;-85.36752319335938;-0.000006044612746336497,5.6406874726633305e-9,-0.0036485830787569284,-0.00006410567584680393;1.1446860126440583e-10,0.2156888097524643,0.00001270032771572005,-0.26203182339668274;0.20170904695987701,-0.12814021110534668,0.0222104974091053,-0.04565143957734108
;-85.36753845214844;-0.0000060445840972533915,5.640565348130622e-9,-0.003648750949651003,-0.00006409107299987227;1.1446615877375166e-10,0.2156888246536255,0.000012697842976194806,-0.2620318531990051;0.20170588791370392,-0.12814022600650787,0.0222104974091053,-0.04565144330263138
;-85.36754608154297;-0.000006044590008968953,5.640496958392305e-9,-0.00364891835488379,-0.00006407646287698299;1.1446493058953067e-10,0.21568885445594788,0.00001269549011340132,-0.26203182339668274;0.20170429348945618,-0.12814022600650787,0.0222104974091053,-0.04565144330263138
;-85.36756134033203;-0.00000604455271968618,5.640375722038016e-9,-0.0036490866914391518,-0.00006406193278962746;1.1446248809887649e-10,0.21568885445594788,0.000012693024473264813,-0.2620318830013275;0.20170113444328308,-0.12814024090766907,0.0222104974091053,-0.04565144330263138
;-85.36756896972656;-0.000006044558176654391,5.640307332299699e-9,-0.0036492550279945135,-0.00006404740270227194;1.144612529757616e-10,0.21568892896175385,0.000012690690709860064,-0.2620318830013275;0.20169955492019653,-0.12814024090766907,0.0222104974091053,-0.04565144330263138
;-85.36758422851562;-0.000006044529982318636,5.64018609594541e-9,-0.0036494231317192316,-0.00006403294537449256;1.1445879660731961e-10,0.21568897366523743,0.000012688245078606997,-0.2620319128036499;0.20169638097286224,-0.12814024090766907,0.0222104974091053,-0.04565144330263138
;-85.36759185791016;-0.000006044525434845127,5.6401185943855126e-9,-0.0036495900712907314,-0.00006401848804671317;1.1445757536199253e-10,0.21568900346755981,0.00001268592768610688,-0.2620319426059723;0.2016948014497757,-0.12814025580883026,0.0222104974091053,-0.04565144330263138
;-85.36760711669922;-0.0000060444963310146704,5.639998246209643e-9,-0.003649758407846093,-0.00006400410347850993;1.1445511899355054e-10,0.21568900346755981,0.000012683501154242549,-0.2620319426059723;0.2016916424036026,-0.12814027070999146,0.0222104974091053,-0.04565144330263138
;-85.36761474609375;-0.000006044466772436863,5.639877898033774e-9,-0.003649925347417593,-0.00006398974801413715;1.1445266956400246e-10,0.2156890481710434,0.000012681084626819938,-0.2620319724082947;0.2016884833574295,-0.12814027070999146,0.0222104974091053,-0.04565144330263138
;-85.36763000488281;-0.000006044463134458056,5.639810396473877e-9,-0.0036500932183116674,-0.0000639754071016796;1.1445143444088757e-10,0.21568909287452698,0.000012678795428655576,-0.2620319724082947;0.20168688893318176,-0.12814027070999146,0.0222104974091053,-0.04565144330263138
;-85.36763763427734;-0.000006044468591426266,5.639742894913979e-9,-0.003650261554867029,-0.0000639610952930525;1.1445021319556048e-10,0.21568913757801056,0.000012676516234932933,-0.26203203201293945;0.2016853243112564,-0.12814028561115265,0.0222104974091053,-0.04565144330263138
;-85.36764526367188;-0.000006044463589205407,5.639675837443292e-9,-0.0036504287272691727,-0.00006394682714017108;1.1444897807244558e-10,0.21568915247917175,0.000012674245226662606,-0.26203200221061707;0.20168372988700867,-0.12814028561115265,0.0222104974091053,-0.04565144330263138
;-85.3676528930664;-0.000006044469500920968,5.6396092240618145e-9,-0.0036505968309938908,-0.00006393258809112012;1.144477568271185e-10,0.21568919718265533,0.0000126719851323287,-0.26203203201293945;0.2016821652650833,-0.12814028561115265,0.0222104974091053,-0.04565143957734108
;-85.36766815185547;-0.000006044440397090511,5.639489764064365e-9,-0.003650765400379896,-0.00006391843635356054;1.1444531433646432e-10,0.21568919718265533,0.000012669614079641178,-0.26203200221061707;0.20167896151542664,-0.12814030051231384,0.0222104974091053,-0.04565144330263138
;-85.36767578125;-0.000006044434030627599,5.639423594772097e-9,-0.003650932339951396,-0.00006390427734004334;1.1444407921334943e-10,0.2156892567873001,0.000012667372175201308,-0.26203203201293945;0.2016773670911789,-0.12814030051231384,0.0222104974091053,-0.04565144330263138
;-85.36768341064453;-0.000006044407200533897,5.6393041347746475e-9,-0.0036510988138616085,-0.00006389018381014466;1.1444162978380135e-10,0.2156892865896225,0.00001266501840291312,-0.26203203201293945;0.201674222946167,-0.12814031541347504,0.0222104974091053,-0.04565144330263138
;-85.36769104003906;-0.000006044399015081581,5.63923840957159e-9,-0.0036512650549411774,-0.0000638760975562036;1.1444040853847426e-10,0.21568933129310608,0.000012662794688367285,-0.26203209161758423;0.20167264342308044,-0.12814031541347504,0.0222104974091053,-0.04565144330263138
;-85.36770629882812;-0.000006044406291039195,5.639172684368532e-9,-0.0036514324601739645,-0.00006386205495800823;1.1443917341535936e-10,0.21568939089775085,0.000012660579159273766,-0.26203209161758423;0.2016710340976715,-0.12814031541347504,0.0222104974091053,-0.04565143957734108
;-85.36771392822266;-0.000006044399015081581,5.639106959165474e-9,-0.0036515993997454643,-0.00006384804873960093;1.1443795217003228e-10,0.21568940579891205,0.000012658372725127265,-0.26203209161758423;0.20166946947574615,-0.12814033031463623,0.0222104974091053,-0.04565143957734108
;-85.36772155761719;-0.000006044405381544493,5.639041678051626e-9,-0.003651766339316964,-0.00006383406434906647;1.1443673092470519e-10,0.21568943560123444,0.000012656172657443676,-0.26203209161758423;0.20166786015033722,-0.12814033031463623,0.0222104974091053,-0.04565143957734108
;-85.36772918701172;-0.000006044399015081581,5.638976841026988e-9,-0.003651932580396533,-0.0000638201308902353;1.1443565539615008e-10,0.21568948030471802,0.000012653982594201807,-0.26203206181526184;0.20166628062725067,-0.12814033031463623,0.0222104974091053,-0.04565143957734108
;-85.36773681640625;-0.000006044402653060388,5.63891244809156e-9,-0.003652099287137389,-0.0000638062265352346;1.14434434150823e-10,0.2156895399093628,0.000012651803444896359,-0.26203209161758423;0.20166471600532532,-0.12814033031463623,0.0222104974091053,-0.04565143585205078
;-85.36774444580078;-0.0000060443917391239665,5.638848499245341e-9,-0.0036522652953863144,-0.00006379236583597958;1.144331990277081e-10,0.21568958461284637,0.000012649631571548525,-0.26203209161758423;0.20166313648223877,-0.12814034521579742,0.0222104974091053,-0.04565143585205078
;-85.36775207519531;-0.000006044364909030264,5.638731703783151e-9,-0.0036524315364658833,-0.0000637785778963007;1.1443073572037221e-10,0.21568956971168518,0.000012647350558836479,-0.262032151222229;0.20165996253490448,-0.12814036011695862,0.0222104974091053,-0.04565143957734108
;-85.36775970458984;-0.000006044356268830597,5.6386673108477225e-9,-0.0036525975447148085,-0.00006376478268066421;1.1442951447504512e-10,0.21568962931632996,0.000012645195965887979,-0.262032151222229;0.20165836811065674,-0.12814036011695862,0.0222104974091053,-0.04565143585205078
;-85.36776733398438;-0.000006044361271051457,5.638603362001504e-9,-0.00365276332013309,-0.00006375103839673102;1.1442827935193023e-10,0.21568968892097473,0.000012643051377381198,-0.2620321214199066;0.2016567885875702,-0.12814036011695862,0.0222104974091053,-0.04565143585205078
;-85.36778259277344;-0.000006044351266609738,5.638539413155286e-9,-0.003652928164228797,-0.00006373730866471305;1.1442705810660314e-10,0.2156897336244583,0.00001264091315533733,-0.2620321214199066;0.20165520906448364,-0.12814036011695862,0.0222104974091053,-0.04565143585205078
;-85.36778259277344;-0.000006044355359335896,5.638475908398277e-9,-0.003653093008324504,-0.00006372360803652555;1.1442583686127605e-10,0.21568980813026428,0.000012638784937735181,-0.2620321214199066;0.2016536295413971,-0.1281403750181198,0.0222104974091053,-0.04565143585205078
;-85.3677978515625;-0.000006044349447620334,5.638412403641269e-9,-0.0036532587837427855,-0.0000637099365121685;1.1442461561594897e-10,0.21568982303142548,0.000012636664905585349,-0.26199281215667725;0.20165203511714935,-0.12814146280288696,0.022208010777831078,-0.04565143585205078
;-85.36780548095703;-0.000006044318979547825,5.638296052268288e-9,-0.003653423162177205,-0.0000636963450233452;1.1442215924750698e-10,0.21568982303142548,0.000012634436643566005,-0.26195353269577026;0.20164887607097626,-0.12814253568649292,0.022205527871847153,-0.04565143585205078
;-85.3678207397461;-0.0000060443198890425265,5.638232991600489e-9,-0.0036535870749503374,-0.00006368276081047952;1.1442093106328599e-10,0.21568988263607025,0.000012632333891815506,-0.2619142234325409;0.2016472965478897,-0.12814362347126007,0.02220304310321808,-0.04565143585205078
;-85.36783599853516;-0.00000604428078077035,5.638115752049089e-9,-0.003653750754892826,-0.00006366924208123237;1.1441847469484401e-10,0.21568991243839264,0.000012630122000700794,-0.2618946135044098;0.20164412260055542,-0.12814417481422424,0.022201798856258392,-0.04565143585205078
;-85.36784362792969;-0.0000060442835092544556,5.63805269138129e-9,-0.00365391350351274,-0.00006365573062794283;1.1441725344951692e-10,0.21568991243839264,0.00001262803743884433,-0.2618945837020874;0.20164252817630768,-0.12814417481422424,0.022201798856258392,-0.04565143585205078
;-85.36785125732422;-0.000006044278052286245,5.637988742535072e-9,-0.003654077183455229,-0.00006364225555444136;1.1441603220418983e-10,0.21568997204303741,0.000012625960152945481,-0.2618946135044098;0.20164096355438232,-0.12814418971538544,0.022201798856258392,-0.04565143585205078
;-85.36785888671875;-0.000006044245765224332,5.637872391162091e-9,-0.003654241329059005,-0.00006362885324051604;1.1441357583574785e-10,0.2156900018453598,0.000012623773727682419,-0.2618945837020874;0.20163775980472565,-0.12814418971538544,0.022201798856258392,-0.04565143585205078
;-85.36786651611328;-0.0000060442716858233325,5.637862177110264e-9,-0.0036544057074934244,-0.00006361539999488741;1.1441357583574785e-10,0.21569006145000458,0.000012621832865988836,-0.261894553899765;0.20163775980472565,-0.12814418971538544,0.022201798856258392,-0.04565143212676048
;-85.36787414550781;-0.000006044242127245525,5.6377462698264935e-9,-0.003654568223282695,-0.00006360204861266539;1.1441111946730587e-10,0.21569010615348816,0.000012619662811630405,-0.2618946135044098;0.20163461565971375,-0.12814420461654663,0.022201798856258392,-0.04565143585205078
;-85.36788177490234;-0.000006044246674719034,5.637682765069485e-9,-0.003654731437563896,-0.00006358871178235859;1.1440989128308487e-10,0.21569015085697174,0.000012617619177035522,-0.2618946433067322;0.2016330361366272,-0.12814420461654663,0.022201798856258392,-0.04565143212676048
;-85.36788940429688;-0.000006044237125024665,5.637619704401686e-9,-0.003654894884675741,-0.00006357539677992463;1.1440867003775779e-10,0.21569019556045532,0.000012615583727892954,-0.2618946433067322;0.20163144171237946,-0.12814421951770782,0.022201798856258392,-0.04565143212676048
;-85.3678970336914;-0.000006044228939572349,5.6375566437338875e-9,-0.00365505856461823,-0.00006356212543323636;1.1440743491464289e-10,0.2156902551651001,0.000012613555554708,-0.2618946433067322;0.20162983238697052,-0.12814421951770782,0.022201798856258392,-0.04565143212676048
;-85.36791229248047;-0.000006044231213309104,5.637494027155299e-9,-0.003655222011730075,-0.00006354889046633616;1.144062136693158e-10,0.21569029986858368,0.000012611538295459468,-0.2618946433067322;0.20162828266620636,-0.12814421951770782,0.022201798856258392,-0.04565143212676048
;-85.367919921875;-0.000006044222118362086,5.6374309664875e-9,-0.003655384760349989,-0.00006353569187922403;1.1440499242398872e-10,0.21569029986858368,0.000012609526493179146,-0.2618946433067322;0.20162668824195862,-0.12814421951770782,0.022201798856258392,-0.045651428401470184
;-85.36792755126953;-0.000006044227120582946,5.637368793998121e-9,-0.0036555472761392593,-0.00006352251511998475;1.1440375730087382e-10,0.21569035947322845,0.000012607524695340544,-0.2618946135044098;0.20162510871887207,-0.12814423441886902,0.022201798856258392,-0.045651428401470184
;-85.36793518066406;-0.000006044217116141226,5.637306621508742e-9,-0.0036557100247591734,-0.00006350937474053353;1.1440253605554673e-10,0.21569040417671204,0.000012605531082954258,-0.2618946433067322;0.20162352919578552,-0.12814423441886902,0.022201798856258392,-0.045651428401470184
;-85.3679428100586;-0.000006044221663614735,5.637244004930153e-9,-0.003655872540548444,-0.00006349626346491277;1.1440131481021965e-10,0.21569044888019562,0.000012603542927536182,-0.2618946433067322;0.20162193477153778,-0.12814423441886902,0.022201798856258392,-0.045651428401470184
;-85.36795043945312;-0.000006044210294930963,5.637182720619194e-9,-0.003656035754829645,-0.00006348320312099531;1.1440023928166454e-10,0.2156904935836792,0.000012601564776559826,-0.26189467310905457;0.20162035524845123,-0.12814423441886902,0.022201798856258392,-0.04565142095088959
;-85.36795806884766;-0.000006044213478162419,5.637120548129815e-9,-0.0036561982706189156,-0.00006347017188090831;1.1439901109744355e-10,0.21569056808948517,0.00001259959208255168,-0.2618946433067322;0.20161877572536469,-0.1281442493200302,0.022201798856258392,-0.04565142095088959
;-85.36796569824219;-0.000006044206202204805,5.637058375640436e-9,-0.0036563605535775423,-0.00006345716974465176;1.1439778291322256e-10,0.21569056808948517,0.000012597628483490553,-0.2618946433067322;0.20161721110343933,-0.1281442493200302,0.022201798856258392,-0.04565142095088959
;-85.36797332763672;-0.000006044176188879646,5.636943356535085e-9,-0.0036565219052135944,-0.00006344422581605613;1.1439533348367448e-10,0.21569059789180756,0.000012595556654559914,-0.26189470291137695;0.20161399245262146,-0.1281442642211914,0.022201798856258392,-0.04565142095088959
;-85.36798858642578;-0.000006044164365448523,5.636882072224125e-9,-0.003656683024019003,-0.00006343128916341811;1.1439411223834739e-10,0.21569064259529114,0.000012593609426403418,-0.26189467310905457;0.2016124427318573,-0.1281442642211914,0.022201798856258392,-0.04565142095088959
;-85.36799621582031;-0.000006044168912922032,5.636819899734746e-9,-0.003656843677163124,-0.00006341838889056817;1.143928909930203e-10,0.21569068729877472,0.000012591670383699238,-0.26189470291137695;0.20161083340644836,-0.1281442642211914,0.022201798856258392,-0.04565142095088959
;-85.36801147460938;-0.00000604413708060747,5.636704436540185e-9,-0.0036570043303072453,-0.00006340555410133675;1.1439043462457832e-10,0.21569068729877472,0.000012589620382641442,-0.26189476251602173;0.20160768926143646,-0.1281442791223526,0.022201798856258392,-0.04565142095088959
;-85.3680191040039;-0.000006044129804649856,5.636642264050806e-9,-0.003657164517790079,-0.00006339272658806294;1.1438919950146342e-10,0.2156907618045807,0.000012587699529831298,-0.26189473271369934;0.20160609483718872,-0.1281442791223526,0.022201798856258392,-0.04565142095088959
;-85.36802673339844;-0.000006044134352123365,5.636580091561427e-9,-0.0036573251709342003,-0.00006337992090266198;1.1438797131724243e-10,0.21569080650806427,0.000012585784133989364,-0.26189476251602173;0.20160451531410217,-0.1281442791223526,0.022201798856258392,-0.04565142095088959
;-85.36803436279297;-0.0000060441234381869435,5.636518363161258e-9,-0.0036574862897396088,-0.00006336714432109147;1.1438673619412754e-10,0.21569082140922546,0.00001258387419511564,-0.26189473271369934;0.20160293579101562,-0.1281442940235138,0.022201798856258392,-0.04565142095088959
;-85.3680419921875;-0.000006044091151125031,5.636402899966697e-9,-0.0036576464772224426,-0.0000633544332231395;1.1438429370347336e-10,0.21569083631038666,0.000012581856935867108,-0.26189476251602173;0.20159976184368134,-0.128144308924675,0.022201798856258392,-0.04565142095088959
;-85.36804962158203;-0.000006044082965672715,5.636340727477318e-9,-0.00365780689753592,-0.00006334173667710274;1.1438307245814627e-10,0.21569088101387024,0.00001257996518688742,-0.26189476251602173;0.20159819722175598,-0.128144308924675,0.022201798856258392,-0.04565142095088959
;-85.36805725097656;-0.000006044083875167416,5.636278554987939e-9,-0.003657967085018754,-0.00006332906923489645;1.1438183733503138e-10,0.21569092571735382,0.000012578079804370645,-0.2618947923183441;0.20159658789634705,-0.128144308924675,0.022201798856258392,-0.04565142095088959
;-85.36807250976562;-0.000006044070687494241,5.63621682658777e-9,-0.003658127272501588,-0.000063316423620563;1.1438061608970429e-10,0.2156910002231598,0.000012576202607306186,-0.2618947923183441;0.2015949934720993,-0.128144308924675,0.022201798856258392,-0.04565141722559929
;-85.36808013916016;-0.000006044073870725697,5.636155098187601e-9,-0.0036582862958312035,-0.00006330381438601762;1.143793879054833e-10,0.21569101512432098,0.00001257433177670464,-0.26189476251602173;0.20159342885017395,-0.12814432382583618,0.022201798856258392,-0.04565141722559929
;-85.36808776855469;-0.00000604406523052603,5.636092925698222e-9,-0.0036584462504833937,-0.00006329124153126031;1.1437816666015621e-10,0.21569104492664337,0.000012572469131555408,-0.2618947923183441;0.20159180462360382,-0.12814432382583618,0.022201798856258392,-0.04565141722559929
;-85.36810302734375;-0.000006044032943464117,5.6359779065928706e-9,-0.003658605506643653,-0.00006327872688416392;1.1437571029171423e-10,0.21569110453128815,0.000012570497347041965,-0.2618948221206665;0.2015886753797531,-0.12814432382583618,0.022201798856258392,-0.04565141722559929
;-85.36811065673828;-0.00000604401884629624,5.6359157341034916e-9,-0.0036587638314813375,-0.00006326621223706752;1.1437448904638714e-10,0.21569114923477173,0.000012568649253807962,-0.2618948519229889;0.20158708095550537,-0.12814433872699738,0.022201798856258392,-0.04565141722559929
;-85.36811828613281;-0.000006044021120032994,5.635854005703322e-9,-0.0036589226219803095,-0.0000632537339697592;1.1437326780106005e-10,0.21569114923477173,0.000012566809346026275,-0.2618948519229889;0.20158550143241882,-0.12814433872699738,0.022201798856258392,-0.04565141722559929
;-85.36812591552734;-0.000006043989742465783,5.635738986597971e-9,-0.0036590818781405687,-0.0000632413211860694;1.1437081143261807e-10,0.2156911939382553,0.000012564858479890972,-0.2618948817253113;0.20158232748508453,-0.12814435362815857,0.022201798856258392,-0.04565141722559929
;-85.3681411743164;-0.000006043981557013467,5.635678146376222e-9,-0.0036592402029782534,-0.0000632289084023796;1.1436957630950317e-10,0.2156912386417389,0.000012563034033519216,-0.26189491152763367;0.20158074796199799,-0.12814435362815857,0.022201798856258392,-0.04565141722559929
;-85.36814880371094;-0.000006043946086720098,5.635562683181661e-9,-0.0036593982949852943,-0.00006321655382635072;1.143671268799551e-10,0.21569125354290009,0.000012561098628793843,-0.26189491152763367;0.2015775591135025,-0.12814436852931976,0.022201798856258392,-0.04565141722559929
;-85.36815643310547;-0.000006043937446520431,5.635500510692282e-9,-0.0036595561541616917,-0.00006320419197436422;1.143658917568402e-10,0.21569131314754486,0.000012559286915347911,-0.26189491152763367;0.20157597959041595,-0.12814436852931976,0.022201798856258392,-0.04565141722559929
;-85.3681640625;-0.000006043937901267782,5.635438782292113e-9,-0.003659714013338089,-0.00006319188105408102;1.1436481622828509e-10,0.21569131314754486,0.000012557484296848997,-0.26189491152763367;0.2015743851661682,-0.12814436852931976,0.022201798856258392,-0.04565141722559929
;-85.36817169189453;-0.000006043928351573413,5.635377497981153e-9,-0.0036598718725144863,-0.00006317959196167067;1.14363594982958e-10,0.21569135785102844,0.000012555687135318294,-0.26189491152763367;0.20157280564308167,-0.12814436852931976,0.022201798856258392,-0.04565141722559929
;-85.36817932128906;-0.000006043930170562817,5.635315769580984e-9,-0.003660030197352171,-0.00006316733197309077;1.1436237373763092e-10,0.2156914323568344,0.000012553898159239907,-0.26189491152763367;0.2015712410211563,-0.12814438343048096,0.022201798856258392,-0.04565141350030899
;-85.3681869506836;-0.00000604391652814229,5.635254485270025e-9,-0.003660188289359212,-0.00006315510836429894;1.1436113861451602e-10,0.215691477060318,0.00001255211464012973,-0.26189494132995605;0.20156966149806976,-0.12814438343048096,0.022201798856258392,-0.04565141350030899
;-85.36819458007812;-0.00000604391652814229,5.635192756869856e-9,-0.0036603461485356092,-0.00006314290658337995;1.1435991736918893e-10,0.21569152176380157,0.00001255033930647187,-0.26189494132995605;0.20156808197498322,-0.12814439833164215,0.022201798856258392,-0.04565141350030899
;-85.36820220947266;-0.000006043906523700571,5.635131472558896e-9,-0.0036605040077120066,-0.00006313074118224904;1.1435868918496794e-10,0.21569155156612396,0.000012548570339276921,-0.26189494132995605;0.20156648755073547,-0.12814439833164215,0.022201798856258392,-0.04565141350030899
;-85.36820220947266;-0.000006043929261068115,5.635123034863909e-9,-0.0036606627982109785,-0.00006311858305707574;1.1435868918496794e-10,0.21569161117076874,0.000012546927791845519,-0.26189491152763367;0.20156648755073547,-0.12814439833164215,0.022201798856258392,-0.04565140977501869
;-85.36820983886719;-0.0000060439315348048694,5.63506219464216e-9,-0.0036608220543712378,-0.00006310648313956335;1.1435746793964086e-10,0.2156916856765747,0.000012545173376565799,-0.2618948817253113;0.20156490802764893,-0.12814439833164215,0.022201798856258392,-0.04565140977501869
;-85.36821746826172;-0.000006043918347131694,5.63500135442041e-9,-0.0036609803792089224,-0.00006309440504992381;1.1435624669431377e-10,0.2156917303800583,0.000012543426237243693,-0.26189494132995605;0.20156331360340118,-0.12814439833164215,0.022201798856258392,-0.04565140977501869
;-85.36822509765625;-0.00000604390606895322,5.634940070109451e-9,-0.003661138005554676,-0.00006308237061602995;1.1435501157119887e-10,0.2156917303800583,0.0000125416854643845,-0.26189491152763367;0.20156173408031464,-0.12814441323280334,0.022201798856258392,-0.045651406049728394
;-85.36823272705078;-0.00000604390606895322,5.634878785798492e-9,-0.003661295399069786,-0.00006307035801000893;1.1435379032587178e-10,0.21569178998470306,0.000012539952876977623,-0.26189491152763367;0.2015601545572281,-0.12814441323280334,0.022201798856258392,-0.045651406049728394
;-85.36824798583984;-0.000006043894700269448,5.634818389665952e-9,-0.003661452792584896,-0.00006305837450781837;1.143525690805447e-10,0.21569184958934784,0.000012538225746538956,-0.2618948817253113;0.20155854523181915,-0.12814441323280334,0.022201798856258392,-0.045651406049728394
;-85.36825561523438;-0.0000060438960645115,5.634757105354993e-9,-0.003661609021946788,-0.0000630464346613735;1.1435134783521761e-10,0.21569189429283142,0.000012536507711047307,-0.26189491152763367;0.201556995511055,-0.12814441323280334,0.022201798856258392,-0.045651406049728394
;-85.3682632446289;-0.000006043862867954886,5.634642974428061e-9,-0.0036617652513086796,-0.00006303455302258953;1.1434888452788172e-10,0.2156919240951538,0.00001253467780770734,-0.26189494132995605;0.20155379176139832,-0.12814442813396454,0.022201798856258392,-0.045651406049728394
;-85.36827087402344;-0.000006043848770787008,5.634581246027892e-9,-0.0036619205493479967,-0.00006302265683189034;1.1434766328255463e-10,0.2156919687986374,0.000012532972505141515,-0.26189494132995605;0.20155224204063416,-0.12814444303512573,0.022201798856258392,-0.045651406049728394
;-85.36827850341797;-0.000006043848770787008,5.634519961716933e-9,-0.003662076545879245,-0.00006301080429693684;1.1434644203722755e-10,0.2156919687986374,0.000012531273569038603,-0.26189497113227844;0.2015506625175476,-0.12814444303512573,0.022201798856258392,-0.045651406049728394
;-85.3682861328125;-0.000006043838766345289,5.634459121495183e-9,-0.0036622323095798492,-0.00006299898086581379;1.1434520691411265e-10,0.21569202840328217,0.000012529580999398604,-0.26189494132995605;0.20154903829097748,-0.12814444303512573,0.022201798856258392,-0.045651402324438095
;-85.36830139160156;-0.000006043826488166815,5.634397837184224e-9,-0.0036623883061110973,-0.00006298717926256359;1.1434397179099776e-10,0.21569208800792694,0.000012527895705716219,-0.26189497113227844;0.20154748857021332,-0.12814444303512573,0.022201798856258392,-0.045651402324438095
;-85.3683090209961;-0.000006043791927368147,5.6342837062572926e-9,-0.003662543371319771,-0.00006297545041888952;1.1434152930034358e-10,0.21569211781024933,0.00001252610127266962,-0.2618950307369232;0.20154431462287903,-0.12814445793628693,0.022201798856258392,-0.045651402324438095
;-85.36832427978516;-0.000006043791927368147,5.6342219778571234e-9,-0.003662698669359088,-0.00006296372157521546;1.1434030111612259e-10,0.21569213271141052,0.000012524430530902464,-0.26189500093460083;0.20154273509979248,-0.12814445793628693,0.022201798856258392,-0.045651402324438095
;-85.36833953857422;-0.000006043758276064182,5.634107846930192e-9,-0.0036628523375838995,-0.0000629520436632447;1.143378447476806e-10,0.2156921625137329,0.000012522647921286989,-0.26185572147369385;0.2015395164489746,-0.12814554572105408,0.022199315950274467,-0.045651406049728394
;-85.36834716796875;-0.000006043723715265514,5.633993271914051e-9,-0.0036630055401474237,-0.000062940402131062;1.1433538837923862e-10,0.2156922072172165,0.000012520871678134426,-0.2618164122104645;0.2015363723039627,-0.12814664840698242,0.022196831181645393,-0.045651406049728394
;-85.36836242675781;-0.000006043713710823795,5.633931987603091e-9,-0.003663159441202879,-0.0000629287533229217;1.1433416713391154e-10,0.21569225192070007,0.000012519220035756007,-0.2617770731449127;0.20153476297855377,-0.12814772129058838,0.02219434455037117,-0.045651406049728394
;-85.36837768554688;-0.0000060436786952777766,5.63381696849774e-9,-0.0036633119452744722,-0.00006291716999839991;1.1433172464325736e-10,0.21569223701953888,0.000012517457435023971,-0.26173779368400574;0.20153161883354187,-0.12814880907535553,0.022191859781742096,-0.045651406049728394
;-85.36839294433594;-0.000006043644134479109,5.633701949392389e-9,-0.003663463983684778,-0.0000629056230536662;1.1432942093048126e-10,0.21569226682186127,0.000012515703019744251,-0.26169854402542114;0.20152844488620758,-0.12814989686012268,0.022189375013113022,-0.045651406049728394
;-85.36841583251953;-0.000006043610028427793,5.633586486197828e-9,-0.003663616254925728,-0.00006289409793680534;1.1432696456203928e-10,0.21569228172302246,0.00001251395315193804,-0.26165926456451416;0.20152528584003448,-0.12815098464488983,0.0221868883818388,-0.04565140977501869
;-85.3684310913086;-0.000006043542271072511,5.633417288208875e-9,-0.0036637666635215282,-0.000062882638303563;1.1432328694827021e-10,0.21569226682186127,0.000012512093235272914,-0.2616199553012848;0.20152053236961365,-0.12815208733081818,0.022184401750564575,-0.04565140977501869
;-85.36844635009766;-0.000006043507255526492,5.633301380925104e-9,-0.003663916839286685,-0.00006287117867032066;1.1432083751872213e-10,0.21569226682186127,0.00001251035700988723,-0.2616003751754761;0.20151738822460175,-0.12815262377262115,0.022183161228895187,-0.04565141350030899
;-85.36846160888672;-0.000006043473604222527,5.633184141373704e-9,-0.0036640677135437727,-0.00006285974086495116;1.1431837421138624e-10,0.21569228172302246,0.000012508629879448563,-0.26160043478012085;0.20151419937610626,-0.12815262377262115,0.022183161228895187,-0.04565141350030899
;-85.36847686767578;-0.000006043436769687105,5.633067345911513e-9,-0.0036642178893089294,-0.00006284833943936974;1.1431593172073207e-10,0.21569231152534485,0.000012506907296483405,-0.26160040497779846;0.20151104032993317,-0.12815263867378235,0.022183161228895187,-0.04565141350030899
;-85.36849212646484;-0.000006043405846867245,5.632950550449323e-9,-0.0036643685307353735,-0.00006283695984166116;1.1431347535229008e-10,0.21569232642650604,0.000012505190170486458,-0.26160046458244324;0.20150788128376007,-0.12815265357494354,0.022183161228895187,-0.04565141722559929
;-85.3685073852539;-0.000006043360826879507,5.632833310897922e-9,-0.0036645184736698866,-0.00006282560934778303;1.1431103286163591e-10,0.21569234132766724,0.000012503480320447125,-0.2616004943847656;0.20150470733642578,-0.12815265357494354,0.022183161228895187,-0.04565141722559929
;-85.36851501464844;-0.000006043361281626858,5.632769362051704e-9,-0.0036646691150963306,-0.00006281426612986252;1.1430981161630882e-10,0.21569238603115082,0.00001250189325219253,-0.2616005539894104;0.20150311291217804,-0.12815266847610474,0.022183161228895187,-0.04565141722559929
;-85.3685302734375;-0.000006043323082849383,5.632652566589513e-9,-0.0036648206878453493,-0.00006280296656768769;1.1430734830897293e-10,0.2156924158334732,0.00001250019522558432,-0.2616005539894104;0.20149996876716614,-0.12815268337726593,0.022183161228895187,-0.04565141722559929
;-85.36854553222656;-0.000006043292160029523,5.632535771127323e-9,-0.0036649713292717934,-0.00006279171066125855;1.1430490581831876e-10,0.2156924307346344,0.000012498503565439023,-0.2616006135940552;0.20149677991867065,-0.12815268337726593,0.022183161228895187,-0.04565141722559929
;-85.36856079101562;-0.000006043255780241452,5.632418531575922e-9,-0.0036651212722063065,-0.00006278047658270225;1.1430244944987678e-10,0.2156924605369568,0.000012496820090746041,-0.2616006135940552;0.20149360597133636,-0.12815269827842712,0.022183161228895187,-0.04565142095088959
;-85.36857604980469;-0.000006043210760253714,5.632300847935312e-9,-0.003665271680802107,-0.00006276927160797641;1.1429999308143479e-10,0.21569247543811798,0.000012495141163526569,-0.26160067319869995;0.20149044692516327,-0.12815269827842712,0.022183161228895187,-0.04565142095088959
;-85.36859130859375;-0.0000060431775636971,5.632182720205492e-9,-0.0036654211580753326,-0.00006275809573708102;1.142975297740989e-10,0.21569247543811798,0.000012493467693275306,-0.26160067319869995;0.20148727297782898,-0.12815271317958832,0.022183161228895187,-0.04565142095088959
;-85.36860656738281;-0.00000604314163865638,5.632065036564882e-9,-0.0036655704025179148,-0.00006274694897001609;1.1429523300021671e-10,0.21569249033927917,0.000012491801498981658,-0.2616007328033447;0.20148411393165588,-0.1281527280807495,0.022183161228895187,-0.04565142095088959
;-85.36862182617188;-0.000006043108442099765,5.631947352924271e-9,-0.003665720112621784,-0.00006273583130678162;1.1429279050956254e-10,0.21569249033927917,0.000012490140761656221,-0.2616007626056671;0.2014809399843216,-0.1281527280807495,0.022183161228895187,-0.045651428401470184
;-85.36863708496094;-0.000006043075700290501,5.631829669283661e-9,-0.0036658691242337227,-0.00006272473547141999;1.1429033414112055e-10,0.21569253504276276,0.000012488486390793696,-0.2616007924079895;0.2014777660369873,-0.1281527429819107,0.022183161228895187,-0.045651428401470184
;-85.36865234375;-0.000006043039775249781,5.631711097464631e-9,-0.003666018368676305,-0.00006271367601584643;1.1428788471157247e-10,0.21569253504276276,0.00001248683656740468,-0.2616008222103119;0.2014746069908142,-0.1281527429819107,0.022183161228895187,-0.045651428401470184
;-85.36866760253906;-0.000006043005214451114,5.631592525645601e-9,-0.0036661671474575996,-0.00006270263838814571;1.1428542834313049e-10,0.21569259464740753,0.000012485194019973278,-0.26160088181495667;0.20147141814231873,-0.1281527578830719,0.022183161228895187,-0.045651428401470184
;-85.36869049072266;-0.0000060429379118431825,5.631421107210599e-9,-0.0036663138307631016,-0.00006269167352002114;1.1428175766825532e-10,0.21569259464740753,0.000012483441423682962,-0.2616010010242462;0.2014666646718979,-0.1281527727842331,0.022183161228895187,-0.04565143212676048
;-85.36870574951172;-0.000006042905170033919,5.631302535391569e-9,-0.003666460979729891,-0.00006268068682402372;1.1427930129981334e-10,0.21569259464740753,0.000012481812518672086,-0.2616010010242462;0.2014634907245636,-0.1281527727842331,0.022183161228895187,-0.04565143585205078
;-85.36872863769531;-0.000006042870609235251,5.631183519483329e-9,-0.003666609525680542,-0.00006266974378377199;1.1427683799247745e-10,0.21569260954856873,0.00001248018816113472,-0.2616010308265686;0.2014603167772293,-0.1281527876853943,0.022183161228895187,-0.04565143585205078
;-85.36874389648438;-0.000006042800578143215,5.631010768780698e-9,-0.0036667557433247566,-0.00006265883712330833;1.1427317425649619e-10,0.21569257974624634,0.000012478453754738439,-0.2616010904312134;0.20145559310913086,-0.12815280258655548,0.022183161228895187,-0.04565143957734108
;-85.36875915527344;-0.0000060427660173445474,5.630891752872458e-9,-0.0036669024266302586,-0.00006264795229071751;1.1427071788805421e-10,0.21569257974624634,0.000012476839401642792,-0.26160115003585815;0.20145241916179657,-0.12815281748771667,0.022183161228895187,-0.04565143957734108
;-85.36878204345703;-0.00000604269553150516,5.630719002169826e-9,-0.003667049342766404,-0.00006263711838983;1.1426704721317904e-10,0.21569259464740753,0.000012475116818677634,-0.2616012394428253;0.20144765079021454,-0.12815281748771667,0.022183161228895187,-0.04565144330263138
;-85.3687973022461;-0.000006042660515959142,5.6305995421723765e-9,-0.003667194629088044,-0.00006262626993702725;1.1426459084473706e-10,0.21569259464740753,0.000012473516108002514,-0.2616012394428253;0.20144449174404144,-0.12815283238887787,0.022183161228895187,-0.04565144330263138
;-85.36881256103516;-0.000006042623226676369,5.630480082174927e-9,-0.003667341312393546,-0.00006261546513997018;1.1426214835408288e-10,0.2156926393508911,0.000012471922673285007,-0.2616012990474701;0.20144131779670715,-0.12815283238887787,0.022183161228895187,-0.04565144330263138
;-85.36883544921875;-0.000006042588665877702,5.630360622177477e-9,-0.003667488694190979,-0.00006260468217078596;1.1425983770241288e-10,0.2156926393508911,0.00001247033378604101,-0.2616013288497925;0.20143817365169525,-0.12815284729003906,0.022183161228895187,-0.045651450753211975
;-85.36885070800781;-0.000006042520453775069,5.630186983296426e-9,-0.003667633980512619,-0.00006259395740926266;1.142561531497499e-10,0.21569262444972992,0.000012468632121453993,-0.26160135865211487;0.2014334350824356,-0.12815286219120026,0.022183161228895187,-0.045651450753211975
;-85.36886596679688;-0.000006042484528734349,5.630066635120556e-9,-0.00366777996532619,-0.00006258322537178174;1.1425370372020183e-10,0.2156926691532135,0.000012467055057641119,-0.26160141825675964;0.20143023133277893,-0.12815287709236145,0.022183161228895187,-0.045651454478502274
;-85.36888885498047;-0.000006042425866326084,5.629893440328715e-9,-0.0036679254844784737,-0.00006257255881791934;1.1425002610643276e-10,0.2156926840543747,0.000012465366125979926,-0.2616015076637268;0.2014254778623581,-0.12815287709236145,0.022183161228895187,-0.04565145820379257
;-85.36890411376953;-0.000006042391305527417,5.629772648063636e-9,-0.0036680703051388264,-0.00006256188498809934;1.1424756973799077e-10,0.2156926542520523,0.000012463799976103473,-0.2616015374660492;0.201422318816185,-0.12815289199352264,0.022183161228895187,-0.04565145820379257
;-85.36892700195312;-0.000006042346285539679,5.629652299887766e-9,-0.0036682162899523973,-0.00006255124026210979;1.142451203084427e-10,0.2156926989555359,0.000012462241102184635,-0.2616015672683716;0.2014191448688507,-0.12815290689468384,0.022183161228895187,-0.04565145820379257
;-85.36894226074219;-0.000006042288532626117,5.629478661006715e-9,-0.0036683613434433937,-0.00006254064646782354;1.1424145657246143e-10,0.2156926542520523,0.000012460567631933372,-0.26160162687301636;0.20141439139842987,-0.12815292179584503,0.022183161228895187,-0.04565146192908287
;-85.36896514892578;-0.000006042219411028782,5.629304578036454e-9,-0.003668505698442459,-0.00006253008905332536;1.1423777201979846e-10,0.21569262444972992,0.000012458903256629128,-0.2616017162799835;0.20140963792800903,-0.12815292179584503,0.022183161228895187,-0.04565146565437317
;-85.36898803710938;-0.000006042183031240711,5.629182897592955e-9,-0.003668650286272168,-0.00006251951708691195;1.1423531565135647e-10,0.2156926691532135,0.000012457358934625518,-0.2616017460823059;0.20140646398067474,-0.12815293669700623,0.022183161228895187,-0.04565146565437317
;-85.36900329589844;-0.000006042114819138078,5.6290088146226935e-9,-0.0036687932442873716,-0.00006250901060411707;1.142316380375874e-10,0.2156926989555359,0.000012455704563762993,-0.26160183548927307;0.2014017254114151,-0.12815295159816742,0.022183161228895187,-0.045651473104953766
;-85.3690185546875;-0.0000060420766203606036,5.628888022357614e-9,-0.003668937599286437,-0.00006249850412132218;1.1422918860803932e-10,0.2156926691532135,0.000012454172974685207,-0.26160189509391785;0.201398566365242,-0.1281529664993286,0.022183161228895187,-0.045651473104953766
;-85.36903381347656;-0.00000604204387855134,5.628766341914115e-9,-0.003669082885608077,-0.00006248800491448492;1.1422673223959734e-10,0.21569271385669708,0.000012452646842575632,-0.26160189509391785;0.20139539241790771,-0.1281529814004898,0.022183161228895187,-0.045651473104953766
;-85.36904907226562;-0.000006042009772500023,5.628645549649036e-9,-0.0036692277062684298,-0.00006247754936339334;1.1422443546571515e-10,0.21569271385669708,0.000012451124348444864,-0.26160192489624023;0.20139221847057343,-0.1281529814004898,0.022183161228895187,-0.045651476830244064
;-85.36906433105469;-0.0000060419729379646014,5.628524313294747e-9,-0.0036693725269287825,-0.0000624671156401746;1.1422198603616707e-10,0.21569271385669708,0.000012449608220777009,-0.261601984500885;0.20138904452323914,-0.128152996301651,0.022183161228895187,-0.045651476830244064
;-85.36907958984375;-0.000006041937012923881,5.628403076940458e-9,-0.003669517347589135,-0.0000624567037448287;1.1421954354551289e-10,0.21569275856018066,0.000012448098459572066,-0.2616020143032074;0.20138587057590485,-0.128152996301651,0.022183161228895187,-0.045651476830244064
;-85.36909484863281;-0.000006041901542630512,5.628281840586169e-9,-0.003669662168249488,-0.00006244632095331326;1.14217080238177e-10,0.21569275856018066,0.000012446593245840631,-0.2616020739078522;0.20138269662857056,-0.1281530112028122,0.022183161228895187,-0.04565148055553436
;-85.36911010742188;-0.000006041867891326547,5.62816104832109e-9,-0.0036698065232485533,-0.00006243595998967066;1.1421463774752283e-10,0.21569278836250305,0.000012445093489077408,-0.2616020739078522;0.20137952268123627,-0.1281530261039734,0.022183161228895187,-0.04565148055553436
;-85.36912536621094;-0.000006041821961844107,5.628039367877591e-9,-0.0036699515767395496,-0.00006242564268177375;1.1421216750129304e-10,0.21569281816482544,0.000012443600098777097,-0.26160213351249695;0.20137636363506317,-0.1281530261039734,0.022183161228895187,-0.04565148055553436
;-85.369140625;-0.000006041785127308685,5.627918575612512e-9,-0.003670096630230546,-0.00006241533264983445;1.1420972501063886e-10,0.21569283306598663,0.000012442111255950294,-0.26160213351249695;0.2013731747865677,-0.12815304100513458,0.022183161228895187,-0.04565148055553436
;-85.36915588378906;-0.000006041750111762667,5.6277973392582226e-9,-0.0036702409852296114,-0.00006240505899768323;1.1420726170330298e-10,0.21569283306598663,0.000012440627870091703,-0.2616021931171417;0.2013700008392334,-0.12815304100513458,0.022183161228895187,-0.04565148428082466
;-85.3691635131836;-0.0000060417482927732635,5.6277293936091155e-9,-0.0036703860387206078,-0.00006239477806957439;1.1420604045797589e-10,0.21569286286830902,0.000012439266356523149,-0.2616021931171417;0.20136840641498566,-0.12815304100513458,0.022183161228895187,-0.04565148428082466
;-85.36917877197266;-0.000006041711458237842,5.627609045433246e-9,-0.003670531092211604,-0.00006238454807316884;1.1420359796732171e-10,0.21569287776947021,0.000012437792065611575,-0.2616022229194641;0.20136526226997375,-0.12815305590629578,0.022183161228895187,-0.04565148428082466
;-85.36920166015625;-0.000006041663709765999,5.627488697257377e-9,-0.003670675912871957,-0.00006237434718059376;1.1420114853777363e-10,0.21569295227527618,0.00001243632232217351,-0.2616022825241089;0.20136208832263947,-0.12815307080745697,0.022183161228895187,-0.04565148428082466
;-85.36921691894531;-0.000006041601864126278,5.6273146142871155e-9,-0.003670819103717804,-0.00006236421904759482;1.1419747092400456e-10,0.2156929075717926,0.00001243474252987653,-0.2616023123264313;0.20135733485221863,-0.12815308570861816,0.022183161228895187,-0.04565148800611496
;-85.36923217773438;-0.000006041568667569663,5.6271933779328265e-9,-0.0036709620617330074,-0.00006235406181076542;1.1419502149445648e-10,0.215692937374115,0.000012433286428858992,-0.26160237193107605;0.20135414600372314,-0.12815308570861816,0.022183161228895187,-0.04565148800611496
;-85.36924743652344;-0.000006041522738087224,5.627072141578537e-9,-0.003671105718240142,-0.0000623439482296817;1.141925651260145e-10,0.215692937374115,0.000012431833056325559,-0.2616024315357208;0.20135097205638885,-0.12815310060977936,0.022183161228895187,-0.04565149173140526
;-85.3692626953125;-0.0000060414849940571,5.626951349313458e-9,-0.003671248909085989,-0.00006233384920051321;1.141902614132384e-10,0.21569298207759857,0.00001243038695974974,-0.2616024613380432;0.20134784281253815,-0.12815311551094055,0.022183161228895187,-0.04565149173140526
;-85.36927795410156;-0.000006041449978511082,5.626830112959169e-9,-0.0036713918671011925,-0.0000623237865511328;1.1418781892258423e-10,0.21569298207759857,0.00001242894541064743,-0.2616024911403656;0.20134465396404266,-0.12815311551094055,0.022183161228895187,-0.04565149173140526
;-85.36929321289062;-0.000006041416781954467,5.62670887660488e-9,-0.0036715350579470396,-0.00006231373845366761;1.1418535561524834e-10,0.21569299697875977,0.000012427510228008032,-0.261602520942688;0.20134149491786957,-0.12815313041210175,0.022183161228895187,-0.04565149173140526
;-85.36930084228516;-0.0000060414117797336075,5.626640930955773e-9,-0.0036716782487928867,-0.00006230368308024481;1.1418413436992125e-10,0.21569304168224335,0.000012426194189174566,-0.261602520942688;0.2013399302959442,-0.12815313041210175,0.022183161228895187,-0.04565149173140526
;-85.36931610107422;-0.000006041365395503817,5.626520582779904e-9,-0.003671821905300021,-0.00006229369319044054;1.1418169187926708e-10,0.21569308638572693,0.000012424766282492783,-0.26160261034965515;0.20133675634860992,-0.12815313041210175,0.022183161228895187,-0.04565149173140526
;-85.36933135986328;-0.000006041329015715746,5.626400234604034e-9,-0.0036719648633152246,-0.0000622837251285091;1.141792355108251e-10,0.21569310128688812,0.00001242334383277921,-0.26160261034965515;0.20133356750011444,-0.12815314531326294,0.022183161228895187,-0.045651499181985855
;-85.36933898925781;-0.000006041326741978992,5.626333177133347e-9,-0.0036721089854836464,-0.00006227374979062006;1.1417801426549801e-10,0.2156931310892105,0.000012422043255355675,-0.26160261034965515;0.2013320028781891,-0.12815316021442413,0.022183161228895187,-0.04565149173140526
;-85.36935424804688;-0.000006041290816938272,5.626214161225107e-9,-0.003672252409160137,-0.00006226383993634954;1.1417555095816212e-10,0.2156931310892105,0.000012420631719578523,-0.26160264015197754;0.2013288289308548,-0.12815316021442413,0.022183161228895187,-0.045651499181985855
;-85.3693618774414;-0.000006041278538759798,5.6261475478436296e-9,-0.0036723962984979153,-0.00006225390825420618;1.1417432971283503e-10,0.21569320559501648,0.000012419339327607304,-0.26160264015197754;0.20132724940776825,-0.12815316021442413,0.022183161228895187,-0.045651499181985855
;-85.36937713623047;-0.000006041242613719078,5.62602808784618e-9,-0.003672540420666337,-0.00006224404205568135;1.1417188722218086e-10,0.21569320559501648,0.000012417937796271872,-0.2616026699542999;0.20132407546043396,-0.12815317511558533,0.022183161228895187,-0.045651499181985855
;-85.369384765625;-0.000006041226697561797,5.625961474464702e-9,-0.0036726826801896095,-0.00006223416130524129;1.1417065209906596e-10,0.21569325029850006,0.000012416658137226477,-0.2616026997566223;0.20132248103618622,-0.12815317511558533,0.022183161228895187,-0.045651499181985855
;-85.36940002441406;-0.00000604119259151048,5.625842014467253e-9,-0.0036728265695273876,-0.00006222434603841975;1.1416818879173007e-10,0.21569325029850006,0.000012415265700838063,-0.2616027593612671;0.20131930708885193,-0.12815319001674652,0.022183161228895187,-0.045651499181985855
;-85.3694076538086;-0.000006041157121217111,5.625722554469803e-9,-0.003672969061881304,-0.00006221455987542868;1.141657463010759e-10,0.21569325029850006,0.000012413877811923157,-0.2616027593612671;0.20131613314151764,-0.12815320491790771,0.022183161228895187,-0.045651499181985855
;-85.36942291259766;-0.000006041152573743602,5.625656385177535e-9,-0.0036731124855577946,-0.00006220476643647999;1.1416451811685491e-10,0.21569332480430603,0.000012412612704792991,-0.2616027295589447;0.2013145387172699,-0.12815320491790771,0.022183161228895187,-0.045651499181985855
;-85.36943054199219;-0.000006041140750312479,5.625590659974478e-9,-0.0036732552107423544,-0.00006219498027348891;1.1416329687152782e-10,0.2156933844089508,0.000012411351235641632,-0.2616027891635895;0.20131298899650574,-0.12815320491790771,0.022183161228895187,-0.045651499181985855
;-85.36943817138672;-0.000006041104825271759,5.625471644066238e-9,-0.0036733984015882015,-0.00006218526687007397;1.1416085438087364e-10,0.215693399310112,0.000012409978808136657,-0.2616027891635895;0.20130978524684906,-0.1281532198190689,0.022183161228895187,-0.045651499181985855
;-85.36945343017578;-0.0000060410916375985835,5.62540591886318e-9,-0.003673542058095336,-0.00006217553891474381;1.1415961925775875e-10,0.21569344401359558,0.000012408726433932316,-0.26160281896591187;0.2013082057237625,-0.1281532198190689,0.022183161228895187,-0.045651499181985855
;-85.36946105957031;-0.00000604108481638832,5.625340637749332e-9,-0.0036736850161105394,-0.00006216581823537126;1.1415839107353776e-10,0.21569347381591797,0.000012407480426190887,-0.26160281896591187;0.20130662620067596,-0.1281532198190689,0.022183161228895187,-0.045651499181985855
;-85.36946868896484;-0.0000060410488913476,5.625222065930302e-9,-0.0036738275084644556,-0.00006215617031557485;1.1415609429965556e-10,0.21569348871707916,0.00001240612255060114,-0.26160284876823425;0.20130348205566406,-0.1281532347202301,0.022183161228895187,-0.045651499181985855
;-85.3694839477539;-0.000006041036158421775,5.625156784816454e-9,-0.0036739702336490154,-0.00006214652239577845;1.1415487305432848e-10,0.21569353342056274,0.000012404885637806728,-0.26160284876823425;0.20130185782909393,-0.1281532347202301,0.022183161228895187,-0.045651499181985855
;-85.36949157714844;-0.000006040998869139003,5.625037768908214e-9,-0.0036741120275110006,-0.00006213693995960057;1.1415241668588649e-10,0.21569353342056274,0.000012403537766658701,-0.26160290837287903;0.20129868388175964,-0.1281532496213913,0.022183161228895187,-0.045651499181985855
;-85.36949920654297;-0.000006040994776412845,5.624972931883576e-9,-0.003674254287034273,-0.00006212732841959223;1.141511954405594e-10,0.21569359302520752,0.000012402309039316606,-0.26160287857055664;0.2012971043586731,-0.1281532496213913,0.022183161228895187,-0.045651499181985855
;-85.3695068359375;-0.000006040980224497616,5.624908094858938e-9,-0.0036743974778801203,-0.00006211775325937197;1.1414997419523232e-10,0.2156936377286911,0.000012401086678437423,-0.26160287857055664;0.20129553973674774,-0.1281532496213913,0.022183161228895187,-0.045651499181985855
;-85.36951446533203;-0.000006040967036824441,5.6248432578343e-9,-0.0036745406687259674,-0.00006210820720298216;1.1414874601101133e-10,0.2156936377286911,0.000012399868865031749,-0.26160287857055664;0.2012939602136612,-0.1281532645225525,0.022183161228895187,-0.045651499181985855
;-85.36952209472656;-0.000006040965217835037,5.624779753077291e-9,-0.0036746833939105272,-0.00006209866842254996;1.1414751088789643e-10,0.21569371223449707,0.000012398654689604882,-0.26160287857055664;0.20129235088825226,-0.1281532645225525,0.022183161228895187,-0.04565149173140526
;-85.3695297241211;-0.000006040950211172458,5.624715360141863e-9,-0.003674826817587018,-0.00006208917329786345;1.1414628270367544e-10,0.21569377183914185,0.000012397445971146226,-0.26160287857055664;0.2012907713651657,-0.12815327942371368,0.022183161228895187,-0.04565149173140526
;-85.36953735351562;-0.000006040944754204247,5.6246518553848546e-9,-0.003674970241263509,-0.00006207969272509217;1.1414506145834835e-10,0.21569381654262543,0.000012396239981171675,-0.26160287857055664;0.20128919184207916,-0.12815327942371368,0.022183161228895187,-0.04565149173140526
;-85.36954498291016;-0.000006040932476025773,5.624587906538636e-9,-0.003675112035125494,-0.00006207023398019373;1.1414384021302126e-10,0.215693861246109,0.000012395039448165335,-0.26160287857055664;0.20128758251667023,-0.12815327942371368,0.022183161228895187,-0.04565149173140526
;-85.36955261230469;-0.000006040929292794317,5.6245248458708375e-9,-0.003675254760310054,-0.00006206080433912575;1.1414260508990637e-10,0.2156939059495926,0.000012393844372127205,-0.2616029679775238;0.20128601789474487,-0.12815327942371368,0.022183161228895187,-0.04565148800611496
;-85.36955261230469;-0.000006040949756425107,5.624515075908221e-9,-0.0036753974854946136,-0.00006205136742210016;1.1414260508990637e-10,0.21569396555423737,0.00001239276934938971,-0.2616029381752014;0.20128601789474487,-0.12815327942371368,0.022183161228895187,-0.04565148800611496
;-85.36956024169922;-0.000006040935659257229,5.624452459329632e-9,-0.003675541142001748,-0.00006204197416082025;1.1414138384457928e-10,0.21569399535655975,0.000012391582458803896,-0.26160290837287903;0.20128443837165833,-0.12815329432487488,0.022183161228895187,-0.04565148800611496
;-85.36956787109375;-0.0000060409552133933175,5.624442689367015e-9,-0.003675684332847595,-0.00006203258817549795;1.1414138384457928e-10,0.21569405496120453,0.000012390518350002822,-0.26160287857055664;0.20128443837165833,-0.12815329432487488,0.022183161228895187,-0.04565148428082466
;-85.36956787109375;-0.000006040952030161861,5.624380516877636e-9,-0.003675827756524086,-0.00006202325312187895;1.1414016259925219e-10,0.2156940996646881,0.000012389340554364026,-0.26160287857055664;0.2012828290462494,-0.12815329432487488,0.022183161228895187,-0.04565148428082466
;-85.36957550048828;-0.0000060409352045098785,5.624318344388257e-9,-0.003675970481708646,-0.00006201393262017518;1.141389413539251e-10,0.21569417417049408,0.000012388167306198739,-0.26160284876823425;0.20128124952316284,-0.12815329432487488,0.022183161228895187,-0.04565148055553436
;-85.36957550048828;-0.000006040955668140668,5.62430990669327e-9,-0.0036761134397238493,-0.00006200461939442903;1.141389413539251e-10,0.21569424867630005,0.00001238711683981819,-0.26160281896591187;0.20128124952316284,-0.12815329432487488,0.022183161228895187,-0.04565148055553436
;-85.36957550048828;-0.000006040974767529406,5.624301468998283e-9,-0.0036762570962309837,-0.0000619953207205981;1.141389413539251e-10,0.21569430828094482,0.000012386069101921748,-0.2616027593612671;0.20128124952316284,-0.12815329432487488,0.022183161228895187,-0.045651476830244064
;-85.36958312988281;-0.000006040994776412845,5.6242939194817154e-9,-0.0036764012183994055,-0.00006198605115059763;1.141389413539251e-10,0.2156943827867508,0.000012385024092509411,-0.2616027295589447;0.20128124952316284,-0.12815329432487488,0.022183161228895187,-0.045651473104953766
;-85.36958312988281;-0.00000604098204348702,5.624233079259966e-9,-0.00367654487490654,-0.00006197683251230046;1.141376992919163e-10,0.21569445729255676,0.000012383869943732861,-0.2616027295589447;0.2012796700000763,-0.12815329432487488,0.022183161228895187,-0.045651473104953766
;-85.36958312988281;-0.000006040999778633704,5.6242255297433985e-9,-0.0036766889970749617,-0.00006196759932208806;1.141376992919163e-10,0.21569451689720154,0.000012382834938762244,-0.2616026997566223;0.2012796700000763,-0.12815329432487488,0.022183161228895187,-0.04565146565437317
;-85.36958312988281;-0.000006041018423275091,5.624218868405251e-9,-0.0036768324207514524,-0.00006195840251166373;1.141376992919163e-10,0.2156946063041687,0.000012381803571770433,-0.2616026699542999;0.2012796700000763,-0.12815329432487488,0.022183161228895187,-0.04565146565437317
;-85.36959075927734;-0.000006041013421054231,5.624158916361921e-9,-0.0036769758444279432,-0.00006194924935698509;1.1413647804658922e-10,0.2156946212053299,0.000012380662155919708,-0.2616027295589447;0.20127807557582855,-0.12815330922603607,0.022183161228895187,-0.04565146192908287
;-85.36959075927734;-0.0000060410316109482665,5.624152255023773e-9,-0.0036771188024431467,-0.00006194008892634884;1.1413647804658922e-10,0.21569469571113586,0.000012379639883874916,-0.2616026997566223;0.20127807557582855,-0.12815330922603607,0.022183161228895187,-0.04565146192908287
;-85.36959075927734;-0.0000060410488913476,5.624146037774835e-9,-0.0036772615276277065,-0.00006193095759954304;1.1413647804658922e-10,0.21569475531578064,0.00001237862124980893,-0.2616026699542999;0.20127807557582855,-0.12815330922603607,0.022183161228895187,-0.04565145820379257
;-85.36959075927734;-0.0000060410675359889865,5.6241398205258974e-9,-0.0036774047184735537,-0.00006192184082465246;1.1413647804658922e-10,0.2156948298215866,0.000012377607163216453,-0.26160261034965515;0.20127807557582855,-0.12815330922603607,0.022183161228895187,-0.045651454478502274
;-85.36959838867188;-0.0000060410516198317055,5.624081200750197e-9,-0.003677547909319401,-0.00006191278953338042;1.1413525680126213e-10,0.2156948745250702,0.000012376483937259763,-0.26160261034965515;0.201276496052742,-0.12815330922603607,0.022183161228895187,-0.045651454478502274
;-85.36959838867188;-0.000006041068900231039,5.624075427590469e-9,-0.003677690401673317,-0.00006190373096615076;1.1413525680126213e-10,0.21569494903087616,0.000012375478945614304,-0.26160258054733276;0.201276496052742,-0.12815330922603607,0.022183161228895187,-0.045651450753211975
;-85.36959838867188;-0.0000060410875448724255,5.624069654430741e-9,-0.0036778331268578768,-0.00006189468695083633;1.1413525680126213e-10,0.21569502353668213,0.000012374478501442354,-0.2616025507450104;0.201276496052742,-0.12815330922603607,0.022183161228895187,-0.045651450753211975
;-85.36959838867188;-0.00000604110528001911,5.624064769449433e-9,-0.0036779765505343676,-0.00006188566476339474;1.1413525680126213e-10,0.2156950831413269,0.000012373481695249211,-0.261602520942688;0.201276496052742,-0.12815330922603607,0.022183161228895187,-0.04565144330263138
;-85.36959838867188;-0.000006041122560418444,5.6240598844681244e-9,-0.0036781197413802147,-0.000061876664403826;1.1413525680126213e-10,0.21569515764713287,0.000012372490346024279,-0.2616024911403656;0.201276496052742,-0.12815330922603607,0.022183161228895187,-0.04565143957734108
;-85.36959838867188;-0.00000604114120505983,5.624054555397606e-9,-0.003678263397887349,-0.00006186770042404532;1.1413525680126213e-10,0.21569521725177765,0.000012371502634778153,-0.2616024613380432;0.201276496052742,-0.12815330922603607,0.022183161228895187,-0.04565143957734108
;-85.3696060180664;-0.000006041158940206515,5.6240505585947176e-9,-0.0036784058902412653,-0.00006185875099617988;1.1413525680126213e-10,0.21569529175758362,0.000012370519471005537,-0.2616024315357208;0.201276496052742,-0.12815330922603607,0.022183161228895187,-0.04565143585205078
;-85.36961364746094;-0.000006041153937985655,5.623992826997437e-9,-0.0036785469856113195,-0.00006184985250001773;1.1413403555593504e-10,0.2156953364610672,0.000012369424439384602,-0.26160240173339844;0.20127493143081665,-0.12815332412719727,0.022183161228895187,-0.04565143585205078
;-85.36961364746094;-0.0000060411393860704266,5.623934651310947e-9,-0.003678687382489443,-0.00006184098310768604;1.1413280737171405e-10,0.21569538116455078,0.00001236833577422658,-0.2616024613380432;0.2012733519077301,-0.12815332412719727,0.022183161228895187,-0.04565143585205078
;-85.36961364746094;-0.000006041157121217111,5.623930210418848e-9,-0.0036788287106901407,-0.00006183209916343912;1.1413280737171405e-10,0.21569544076919556,0.00001236736625287449,-0.26160240173339844;0.2012733519077301,-0.12815332412719727,0.022183161228895187,-0.04565143212676048
;-85.36961364746094;-0.000006041175311111147,5.6239262136159596e-9,-0.0036789702717214823,-0.00006182324432302266;1.1413280737171405e-10,0.21569551527500153,0.000012366399460006505,-0.26160237193107605;0.2012733519077301,-0.12815332412719727,0.022183161228895187,-0.045651428401470184
;-85.36961364746094;-0.00000604119259151048,5.623921772723861e-9,-0.003679111832752824,-0.00006181440403452143;1.1413280737171405e-10,0.2156955748796463,0.000012365436305117328,-0.26160234212875366;0.2012733519077301,-0.12815332412719727,0.022183161228895187,-0.04565142095088959
;-85.36962127685547;-0.0000060412116908992175,5.6239177759209724e-9,-0.0036792538594454527,-0.00006180558557389304;1.1413280737171405e-10,0.21569564938545227,0.000012364477697701659,-0.2616023123264313;0.2012733519077301,-0.12815332412719727,0.022183161228895187,-0.04565142095088959
;-85.36962127685547;-0.0000060412035054469015,5.623860488412902e-9,-0.0036793940234929323,-0.00006179683259688318;1.1413158612638696e-10,0.21569569408893585,0.000012363409041427076,-0.2616022825241089;0.20127174258232117,-0.12815332412719727,0.022183161228895187,-0.04565141722559929
;-85.36962890625;-0.000006041221695340937,5.623856491610013e-9,-0.0036795344203710556,-0.00006178805779200047;1.1413158612638696e-10,0.21569576859474182,0.000012362458619463723,-0.2616022527217865;0.20127174258232117,-0.12815332412719727,0.022183161228895187,-0.04565141722559929
;-85.36962890625;-0.000006041204869688954,5.623799648191152e-9,-0.0036796745844185352,-0.0000617793484707363;1.1413036488105988e-10,0.2156958132982254,0.000012361397239146754,-0.2616022229194641;0.20127016305923462,-0.12815332412719727,0.022183161228895187,-0.04565141722559929
;-85.36962890625;-0.000006041222150088288,5.623795651388264e-9,-0.003679814748466015,-0.00006177062459755689;1.1413036488105988e-10,0.21569588780403137,0.000012360456821625121,-0.2616021931171417;0.20127016305923462,-0.12815332412719727,0.022183161228895187,-0.04565141350030899
;-85.36962890625;-0.0000060412398852349725,5.623792542763795e-9,-0.0036799556110054255,-0.00006176191527629271;1.1413036488105988e-10,0.21569594740867615,0.000012359518223092891,-0.26160216331481934;0.20127016305923462,-0.12815332412719727,0.022183161228895187,-0.04565140977501869
;-85.36962890625;-0.000006041256710886955,5.623788990050116e-9,-0.003680096473544836,-0.00006175323505885899;1.1413036488105988e-10,0.21569602191448212,0.00001235858417203417,-0.26160213351249695;0.20127016305923462,-0.12815332412719727,0.022183161228895187,-0.04565140977501869
;-85.36962890625;-0.000006041272172296885,5.623785437336437e-9,-0.0036802375689148903,-0.00006174457666929811;1.1413036488105988e-10,0.2156960815191269,0.000012357654668448959,-0.26160210371017456;0.20127016305923462,-0.12815332412719727,0.022183161228895187,-0.045651406049728394
;-85.36962890625;-0.000006041288543201517,5.623781884622758e-9,-0.0036803781986236572,-0.00006173594010761008;1.1413036488105988e-10,0.21569617092609406,0.000012356727893347852,-0.2616020739078522;0.20127016305923462,-0.12815332412719727,0.022183161228895187,-0.045651402324438095
;-85.36962890625;-0.0000060413040046114475,5.623779220087499e-9,-0.003680519061163068,-0.00006172732537379488;1.1413036488105988e-10,0.21569624543190002,0.000012355806575214956,-0.2616020441055298;0.20127016305923462,-0.12815332412719727,0.022183161228895187,-0.0456513948738575
;-85.36962890625;-0.000006041320375516079,5.62377655555224e-9,-0.003680660156533122,-0.00006171873246785253;1.1413036488105988e-10,0.2156963050365448,0.000012354887985566165,-0.2616020143032074;0.20127016305923462,-0.12815332412719727,0.022183161228895187,-0.0456513948738575
;-85.36962890625;-0.000006041336746420711,5.623774335106191e-9,-0.0036808005534112453,-0.00006171016138978302;1.1413036488105988e-10,0.21569637954235077,0.000012353973033896182,-0.261601984500885;0.20127016305923462,-0.12815332412719727,0.022183161228895187,-0.0456513911485672
;-85.36962890625;-0.000006041352207830641,5.623771670570932e-9,-0.0036809404846280813,-0.00006170161213958636;1.1413036488105988e-10,0.21569643914699554,0.000012353063539194409,-0.2616019546985626;0.20127016305923462,-0.12815332412719727,0.022183161228895187,-0.0456513874232769
;-85.36962890625;-0.0000060413676692405716,5.623769006035673e-9,-0.0036810808815062046,-0.00006169308471726254;1.1413036488105988e-10,0.2156965136528015,0.000012352157682471443,-0.26160192489624023;0.20127016305923462,-0.12815332412719727,0.022183161228895187,-0.0456513836979866
;-85.36963653564453;-0.000006041362667019712,5.623713494884441e-9,-0.0036812203470617533,-0.00006168461550259963;1.1412914363573279e-10,0.21569660305976868,0.000012351139048405457,-0.26160192489624023;0.20126856863498688,-0.12815333902835846,0.022183161228895187,-0.0456513836979866
;-85.36964416503906;-0.00000604134629611508,5.62365798373321e-9,-0.0036813574843108654,-0.00006167616083985195;1.1412790851261789e-10,0.21569663286209106,0.000012350124052318279,-0.26160192489624023;0.20126700401306152,-0.12815333902835846,0.022183161228895187,-0.0456513836979866
;-85.3696517944336;-0.00000604136175752501,5.623655763287161e-9,-0.0036814946215599775,-0.00006166769162518904;1.1412790851261789e-10,0.21569669246673584,0.00001234923183801584,-0.2615625858306885;0.20126700401306152,-0.1281544268131256,0.022180674597620964,-0.045651379972696304
;-85.36965942382812;-0.000006041343112883624,5.6235989198683e-9,-0.003681632224470377,-0.00006165928789414465;1.141266803283969e-10,0.21569673717021942,0.000012348225936875679,-0.2615232765674591;0.20126540958881378,-0.12815549969673157,0.02217818796634674,-0.045651379972696304
;-85.36966705322266;-0.000006041334927431308,5.623542964627859e-9,-0.003681768197566271,-0.0000616508987150155;1.14125445205282e-10,0.215696781873703,0.000012347224583209027,-0.26148393750190735;0.20126383006572723,-0.12815658748149872,0.022175703197717667,-0.045651379972696304
;-85.36967468261719;-0.0000060413158280425705,5.623486565298208e-9,-0.0036819048691540956,-0.00006164253136375919;1.1412422395995492e-10,0.2156968116760254,0.000012346225048531778,-0.26148390769958496;0.20126225054264069,-0.1281566023826599,0.022175703197717667,-0.045651379972696304
;-85.36967468261719;-0.00000604131037107436,5.623430165968557e-9,-0.0036820408422499895,-0.00006163418584037572;1.1412300271462783e-10,0.21569687128067017,0.00001234523097082274,-0.26148396730422974;0.20126064121723175,-0.1281566023826599,0.022175703197717667,-0.04565137252211571
;-85.36968231201172;-0.000006041327196726343,5.623427057344088e-9,-0.0036821779794991016,-0.00006162582576507702;1.1412300271462783e-10,0.21569693088531494,0.000012344357855909038,-0.26148393750190735;0.20126064121723175,-0.1281566023826599,0.022175703197717667,-0.04565137252211571
;-85.36968994140625;-0.000006041309006832307,5.623370213925227e-9,-0.0036823146510869265,-0.00006161752389743924;1.1412177453040684e-10,0.21569696068763733,0.000012343369235168211,-0.26148393750190735;0.2012590616941452,-0.1281566023826599,0.022175703197717667,-0.04565137252211571
;-85.36968994140625;-0.000006041301276127342,5.6233133705063665e-9,-0.0036824503913521767,-0.00006160925113363191;1.1412069900185173e-10,0.2156970202922821,0.000012342386980890296,-0.26148393750190735;0.20125748217105865,-0.1281566023826599,0.022175703197717667,-0.04565136879682541
;-85.36969757080078;-0.000006041318101779325,5.623309817792688e-9,-0.0036825870629400015,-0.00006160094926599413;1.1412069900185173e-10,0.21569709479808807,0.000012341521141934209,-0.26148390769958496;0.20125748217105865,-0.1281566023826599,0.022175703197717667,-0.04565136879682541
;-85.36969757080078;-0.000006041296273906482,5.623252530284617e-9,-0.0036827235016971827,-0.00006159271288197488;1.1411947775652465e-10,0.21569713950157166,0.000012340544344624504,-0.2614838480949402;0.2012558877468109,-0.1281566172838211,0.022175703197717667,-0.04565136507153511
;-85.36970520019531;-0.000006041291271685623,5.623196130954966e-9,-0.00368285970762372,-0.00006158449104987085;1.1411825651119756e-10,0.21569719910621643,0.000012339573004283011,-0.2614838778972626;0.20125433802604675,-0.1281566172838211,0.022175703197717667,-0.04565136507153511
;-85.36971282958984;-0.000006041306733095553,5.6231921341520774e-9,-0.0036829959135502577,-0.00006157625466585159;1.1411825651119756e-10,0.2156972736120224,0.00001233872080774745,-0.2614838480949402;0.20125433802604675,-0.1281566172838211,0.022175703197717667,-0.04565136507153511
;-85.36972045898438;-0.0000060412558013922535,5.623082000028035e-9,-0.0036831311881542206,-0.00006156812014523894;1.1411579320386167e-10,0.2156972438097,0.000012337639418547042,-0.2614838778972626;0.20125113427639008,-0.1281566172838211,0.022175703197717667,-0.04565136507153511
;-85.3697280883789;-0.000006041272172296885,5.623078003225146e-9,-0.0036832664627581835,-0.00006155992741696537;1.1411579320386167e-10,0.21569731831550598,0.000012336795407463796,-0.2614838480949402;0.20125113427639008,-0.1281566172838211,0.022175703197717667,-0.04565136134624481
;-85.3697280883789;-0.00000604126444159192,5.623020715717075e-9,-0.0036834017373621464,-0.0000615517856203951;1.1411457195853458e-10,0.21569736301898956,0.00001233583770954283,-0.2614838480949402;0.20124955475330353,-0.1281566321849823,0.022175703197717667,-0.04565136134624481
;-85.36973571777344;-0.0000060412794482545,5.6230171630033965e-9,-0.0036835377104580402,-0.00006154364382382482;1.1411457195853458e-10,0.21569742262363434,0.000012334999155427795,-0.2614838182926178;0.20124955475330353,-0.1281566321849823,0.022175703197717667,-0.045651357620954514
;-85.36974334716797;-0.000006041261258360464,5.622959875495326e-9,-0.0036836727522313595,-0.00006153554568300024;1.141133507132075e-10,0.2156974822282791,0.000012334048733464442,-0.2614838778972626;0.20124797523021698,-0.1281566321849823,0.022175703197717667,-0.045651357620954514
;-85.3697509765625;-0.000006041251253918745,5.622902587987255e-9,-0.0036838070955127478,-0.00006152746937004849;1.1411212946788041e-10,0.2156975269317627,0.000012333100130490493,-0.2614838182926178;0.20124639570713043,-0.1281566470861435,0.022175703197717667,-0.045651357620954514
;-85.3697509765625;-0.000006041233064024709,5.6228453004791845e-9,-0.0036839409731328487,-0.00006151941488496959;1.1411089434476551e-10,0.21569760143756866,0.000012332156984484755,-0.2614838480949402;0.20124481618404388,-0.1281566470861435,0.022175703197717667,-0.045651357620954514
;-85.36975860595703;-0.000006041225788067095,5.622788457060324e-9,-0.0036840755492448807,-0.00006151138222776353;1.1410967309943842e-10,0.21569761633872986,0.000012331216566963121,-0.2614838182926178;0.20124322175979614,-0.1281566470861435,0.022175703197717667,-0.04565135017037392
;-85.36976623535156;-0.000006041240794729674,5.622784460257435e-9,-0.0036842101253569126,-0.00006150333501864225;1.1410967309943842e-10,0.21569769084453583,0.00001233039529324742,-0.2614837884902954;0.20124322175979614,-0.1281566470861435,0.022175703197717667,-0.04565135017037392
;-85.3697738647461;-0.000006041201231710147,5.622673882044182e-9,-0.00368434377014637,-0.00006149536784505472;1.1410722366989035e-10,0.21569770574569702,0.000012329345736361574,-0.2614838480949402;0.20124001801013947,-0.1281566619873047,0.022175703197717667,-0.04565135017037392
;-85.36978149414062;-0.0000060411798585846554,5.622616150446902e-9,-0.0036844771821051836,-0.00006148740067146719;1.1410600242456326e-10,0.2156977653503418,0.000012328416232776362,-0.2614838182926178;0.2012384533882141,-0.1281566619873047,0.022175703197717667,-0.04565135017037392
;-85.36979675292969;-0.000006041161213943269,5.6225579747604115e-9,-0.003684610826894641,-0.0000614794553257525;1.1410476730144836e-10,0.21569779515266418,0.00001232749127666466,-0.2614838480949402;0.20123687386512756,-0.1281566619873047,0.022175703197717667,-0.04565135017037392
;-85.36979675292969;-0.000006041155302227708,5.622500243163131e-9,-0.00368474330753088,-0.00006147152453195304;1.1410353911722737e-10,0.21569783985614777,0.000012326569958531763,-0.2614838778972626;0.20123527944087982,-0.1281566619873047,0.022175703197717667,-0.04565134644508362
;-85.36980438232422;-0.000006041138931323076,5.622442067476641e-9,-0.0036848769523203373,-0.0000614636082900688;1.1410231787190028e-10,0.21569789946079254,0.000012325652278377675,-0.2614838182926178;0.20123369991779327,-0.12815667688846588,0.022175703197717667,-0.04565134644508362
;-85.36981201171875;-0.0000060411316553654615,5.62238389179015e-9,-0.0036850098986178637,-0.0000614557066000998;1.141010966265732e-10,0.21569792926311493,0.00001232473641721299,-0.2614838778972626;0.20123213529586792,-0.12815667688846588,0.022175703197717667,-0.04565134644508362
;-85.36981964111328;-0.00000604114620728069,5.622378562719632e-9,-0.0036851426120847464,-0.0000614478049101308;1.141010966265732e-10,0.2156979888677597,0.00001232394151884364,-0.2614838480949402;0.20123213529586792,-0.12815667688846588,0.022175703197717667,-0.04565134271979332
;-85.36982727050781;-0.000006041128472134005,5.622320831122352e-9,-0.003685275325551629,-0.00006143994687590748;1.140998615034583e-10,0.2156980335712433,0.000012323032933636568,-0.2614838182926178;0.2012305110692978,-0.12815669178962708,0.022175703197717667,-0.04565134271979332
;-85.36982727050781;-0.000006041117103450233,5.622262655435861e-9,-0.0036854087375104427,-0.000061432110669557;1.1409863331923731e-10,0.21569809317588806,0.000012322127986408304,-0.2614838182926178;0.20122894644737244,-0.12815669178962708,0.022175703197717667,-0.04565134271979332
;-85.36983489990234;-0.00000604110027779825,5.622204923838581e-9,-0.003685541683807969,-0.0000614243108429946;1.1409741207391022e-10,0.21569813787937164,0.000012321224858169444,-0.2614838182926178;0.2012273669242859,-0.12815669178962708,0.022175703197717667,-0.04565133899450302
;-85.36984252929688;-0.000006041094366082689,5.6221463040628805e-9,-0.003685674164444208,-0.0000614165110164322;1.1409619082858313e-10,0.21569816768169403,0.00001232032536790939,-0.2614838182926178;0.20122577250003815,-0.12815669178962708,0.022175703197717667,-0.04565133899450302
;-85.3698501586914;-0.000006041073902451899,5.62208768428718e-9,-0.00368580617941916,-0.00006140874029370025;1.1409495570546824e-10,0.21569818258285522,0.000012319429515628144,-0.2614838480949402;0.2012241780757904,-0.12815670669078827,0.022175703197717667,-0.04565133899450302
;-85.36985778808594;-0.00000604108981860918,5.622082355216662e-9,-0.0036859381943941116,-0.00006140095501905307;1.1409495570546824e-10,0.2156982570886612,0.000012318653716647532,-0.2614838182926178;0.2012241780757904,-0.12815670669078827,0.022175703197717667,-0.04565133526921272
;-85.36986541748047;-0.000006041068900231039,5.622023735440962e-9,-0.0036860699765384197,-0.00006139321340015158;1.1409373446014115e-10,0.21569831669330597,0.000012317764230829198,-0.2614838182926178;0.20122259855270386,-0.12815670669078827,0.022175703197717667,-0.04565133526921272
;-85.369873046875;-0.000006041030246706214,5.62191182496008e-9,-0.003686201525852084,-0.000061385529988911;1.1409129890838088e-10,0.21569837629795074,0.000012316762877162546,-0.2614838480949402;0.20121940970420837,-0.12815670669078827,0.022175703197717667,-0.04565133899450302
;-85.36988830566406;-0.000006041024334990652,5.6218532051843795e-9,-0.003686332842335105,-0.00006137783930171281;1.1409006378526598e-10,0.21569840610027313,0.000012315881576796528,-0.2614838778972626;0.20121784508228302,-0.12815672159194946,0.022175703197717667,-0.04565133526921272
;-85.3698959350586;-0.000006041004780854564,5.6217941413194694e-9,-0.0036864636931568384,-0.00006137016316642985;1.1408882866215109e-10,0.2156984508037567,0.000012315003914409317,-0.2614838778972626;0.20121623575687408,-0.12815672159194946,0.022175703197717667,-0.04565133526921272
;-85.36990356445312;-0.000006041000233381055,5.621735077454559e-9,-0.003686595009639859,-0.00006136250885901973;1.14087607416824e-10,0.2156984955072403,0.00001231412807101151,-0.2614838480949402;0.20121465623378754,-0.12815673649311066,0.022175703197717667,-0.04565133526921272
;-85.36991119384766;-0.000006040957032382721,5.6216222787952574e-9,-0.0036867239978164434,-0.00006135489820735529;1.1408531758183571e-10,0.2156984657049179,0.000012313142178754788,-0.2614838778972626;0.20121148228645325,-0.12815673649311066,0.022175703197717667,-0.04565133526921272
;-85.36991882324219;-0.000006040973403287353,5.62161561745711e-9,-0.0036868550814688206,-0.00006134724389994517;1.1408531758183571e-10,0.21569852530956268,0.000012312390026636422,-0.2614838480949402;0.20121148228645325,-0.12815673649311066,0.022175703197717667,-0.04565133526921272
;-85.36992645263672;-0.000006040954758645967,5.6215569976814095e-9,-0.003686985932290554,-0.00006133965507615358;1.1408409633650862e-10,0.21569861471652985,0.00001231152236869093,-0.2614838480949402;0.2012099027633667,-0.12815673649311066,0.022175703197717667,-0.045651331543922424
;-85.36993408203125;-0.00000604091565037379,5.6214446431113174e-9,-0.003687115851789713,-0.00006133210263215005;1.1408163302917274e-10,0.21569864451885223,0.000012310544661886524,-0.26148390769958496;0.2012067586183548,-0.12815675139427185,0.022175703197717667,-0.04565133526921272
;-85.36993408203125;-0.000006040930202289019,5.621438869951589e-9,-0.0036872464697808027,-0.00006132451380835846;1.1408163302917274e-10,0.215698704123497,0.000012309800695220474,-0.2614838778972626;0.2012067586183548,-0.12815675139427185,0.022175703197717667,-0.045651331543922424
;-85.36994171142578;-0.0000060409074649214745,5.621379806086679e-9,-0.0036873777862638235,-0.00006131698319222778;1.1408041178384565e-10,0.2156987488269806,0.000012308943951211404,-0.2614838778972626;0.20120514929294586,-0.12815676629543304,0.022175703197717667,-0.045651331543922424
;-85.36994934082031;-0.000006040901098458562,5.621321186310979e-9,-0.0036875081714242697,-0.00006130944530013949;1.1407919053851856e-10,0.21569879353046417,0.000012308090845181141,-0.2614838778972626;0.20120356976985931,-0.12815676629543304,0.022175703197717667,-0.045651331543922424
;-85.36995697021484;-0.0000060409151956264395,5.621314969062041e-9,-0.0036876387894153595,-0.00006130191468400881;1.1407919053851856e-10,0.21569886803627014,0.000012307355973462109,-0.2614838480949402;0.20120356976985931,-0.12815676629543304,0.022175703197717667,-0.04565132409334183
;-85.36996459960938;-0.000006040871994628105,5.621203058581159e-9,-0.0036877687089145184,-0.00006129445682745427;1.1407672723118267e-10,0.21569888293743134,0.000012306393728067633,-0.2614838778972626;0.20120038092136383,-0.12815676629543304,0.022175703197717667,-0.04565132409334183
;-85.3699722290039;-0.000006040886091795983,5.621196841332221e-9,-0.003687899326905608,-0.00006128696259111166;1.1407672723118267e-10,0.2156989425420761,0.000012305666132306214,-0.2614838480949402;0.20120038092136383,-0.12815676629543304,0.022175703197717667,-0.04565132036805153
;-85.36997985839844;-0.000006040867901901947,5.621138221556521e-9,-0.0036880290135741234,-0.00006127951201051474;1.1407550598585559e-10,0.21569901704788208,0.000012304824849707074,-0.2614838480949402;0.20119880139827728,-0.12815678119659424,0.022175703197717667,-0.04565132036805153
;-85.36997985839844;-0.0000060408592617022805,5.621078713602401e-9,-0.003688159631565213,-0.00006127208325779065;1.140742847405285e-10,0.21569906175136566,0.00001230398629559204,-0.2614838778972626;0.20119722187519073,-0.12815678119659424,0.022175703197717667,-0.04565132036805153
;-85.3699951171875;-0.000006040837433829438,5.621020093826701e-9,-0.003688289551064372,-0.00006126467633293942;1.140730496174136e-10,0.21569910645484924,0.000012303152288950514,-0.2614838480949402;0.2011956423521042,-0.12815678119659424,0.022175703197717667,-0.04565132036805153
;-85.37000274658203;-0.000006040818789188052,5.620960141783371e-9,-0.0036884187720716,-0.00006125729123596102;1.1407182837208651e-10,0.21569912135601044,0.000012302321010793094,-0.2614445388317108;0.20119404792785645,-0.1281578540802002,0.022173216566443443,-0.04565131664276123
;-85.3700180053711;-0.000006040777861926472,5.620847343124069e-9,-0.0036885468289256096,-0.00006124994979472831;1.1406938588143234e-10,0.21569913625717163,0.000012301376955292653,-0.26140525937080383;0.20119088888168335,-0.12815895676612854,0.02217072993516922,-0.04565132036805153
;-85.37003326416016;-0.0000060407351156754885,5.620734544464767e-9,-0.0036886739544570446,-0.00006124263018136844;1.1406692257409645e-10,0.21569916605949402,0.000012300437447265722,-0.2613659203052521;0.20118771493434906,-0.1281600445508957,0.022168243303894997,-0.04565132036805153
;-85.37004089355469;-0.000006040694188413909,5.6206208576270456e-9,-0.0036888006143271923,-0.0000612353251199238;1.1406448008344228e-10,0.2156992107629776,0.000012299500667722896,-0.26134634017944336;0.20118454098701477,-0.12816059589385986,0.02216700091958046,-0.04565132036805153
;-85.37005615234375;-0.000006040686002961593,5.620560461494506e-9,-0.0036889277398586273,-0.00006122801278252155;1.1406326577700909e-10,0.2156992256641388,0.0000122986821224913,-0.26134634017944336;0.20118294656276703,-0.12816059589385986,0.02216700091958046,-0.04565132036805153
;-85.37006378173828;-0.000006040668267814908,5.620500065361966e-9,-0.003689054399728775,-0.0000612207077210769;1.140620306538942e-10,0.21569925546646118,0.000012297867215238512,-0.26134636998176575;0.20118138194084167,-0.12816059589385986,0.02216700091958046,-0.04565132036805153
;-85.37007141113281;-0.000006040647349436767,5.620439225140217e-9,-0.0036891824565827847,-0.00006121342448750511;1.1406080940856711e-10,0.21569930016994476,0.000012297054126975127,-0.26134634017944336;0.20117980241775513,-0.12816061079502106,0.02216700091958046,-0.04565132036805153
;-85.37007904052734;-0.000006040605057933135,5.620325538302495e-9,-0.003689309349283576,-0.00006120619218563661;1.1405834610123122e-10,0.21569930016994476,0.000012296128261368722,-0.26134636998176575;0.20117664337158203,-0.12816061079502106,0.02216700091958046,-0.04565132036805153
;-85.37008666992188;-0.000006040597781975521,5.620265142169956e-9,-0.0036894362419843674,-0.00006119893805589527;1.1405711097811633e-10,0.21569937467575073,0.000012295320630073547,-0.26134636998176575;0.2011750340461731,-0.12816061079502106,0.02216700091958046,-0.04565132036805153
;-85.37010192871094;-0.000006040579592081485,5.620204746037416e-9,-0.003689564298838377,-0.00006119172758189961;1.1405588973278924e-10,0.21569941937923431,0.00001229451663675718,-0.26134634017944336;0.20117346942424774,-0.12816062569618225,0.02216700091958046,-0.04565131664276123
;-85.37010955810547;-0.000006040573225618573,5.6201439058156666e-9,-0.0036896911915391684,-0.00006118452438386157;1.1405467542635606e-10,0.2156994640827179,0.000012293715371924918,-0.26134631037712097;0.201171875,-0.12816062569618225,0.02216700091958046,-0.04565131664276123
;-85.3701171875;-0.000006040529115125537,5.620029774888735e-9,-0.0036898180842399597,-0.00006117737211752683;1.1405221905791407e-10,0.2156994640827179,0.000012292801329749636,-0.2613464295864105;0.2011687010526657,-0.12816064059734344,0.02216700091958046,-0.04565132036805153
;-85.37012481689453;-0.0000060405109252315015,5.619968934666986e-9,-0.0036899447441101074,-0.00006117020529927686;1.1405114352935897e-10,0.21569949388504028,0.000012292006431380287,-0.2613464295864105;0.20116712152957916,-0.12816064059734344,0.02216700091958046,-0.04565131664276123
;-85.3701400756836;-0.000006040492280590115,5.619908538534446e-9,-0.003690070938318968,-0.00006116305303294212;1.1404992228403188e-10,0.21569953858852386,0.000012291212442505639,-0.2613464295864105;0.2011655569076538,-0.12816064059734344,0.02216700091958046,-0.04565131664276123
;-85.37014770507812;-0.000006040483185643097,5.6198481424019064e-9,-0.003690197365358472,-0.0000611559153185226;1.1404869409981089e-10,0.21569961309432983,0.000012290422091609798,-0.2613464295864105;0.20116394758224487,-0.12816065549850464,0.02216700091958046,-0.04565131664276123
;-85.37015533447266;-0.000006040462267264957,5.619787746269367e-9,-0.0036903242580592632,-0.00006114880670793355;1.140474728544838e-10,0.21569965779781342,0.000012289635378692765,-0.2613464295864105;0.20116236805915833,-0.12816065549850464,0.02216700091958046,-0.04565131664276123
;-85.37017059326172;-0.000006040422249498079,5.6196731712532255e-9,-0.003690450917929411,-0.00006114174175309017;1.1404501648604182e-10,0.2156996876001358,0.000012288736797927413,-0.2613464593887329;0.20115919411182404,-0.12816065549850464,0.02216700091958046,-0.04565131664276123
;-85.37017822265625;-0.000006040414973540464,5.619612331031476e-9,-0.0036905764136463404,-0.00006113466224633157;1.1404379524071473e-10,0.2156996876001358,0.000012287954632483888,-0.2613464891910553;0.2011576145887375,-0.12816067039966583,0.02216700091958046,-0.04565131664276123
;-85.37018585205078;-0.000006040396783646429,5.619550602631307e-9,-0.0036907021421939135,-0.00006112760456744581;1.1404257399538764e-10,0.21569973230361938,0.000012287177014513873,-0.2613464891910553;0.20115602016448975,-0.12816067039966583,0.02216700091958046,-0.04565131664276123
;-85.37019348144531;-0.000006040388598194113,5.6194897624095574e-9,-0.0036908285692334175,-0.00006112056144047529;1.1404135968895446e-10,0.21569979190826416,0.000012286402125027962,-0.2613464593887329;0.2011544555425644,-0.12816068530082703,0.02216700091958046,-0.04565131664276123
;-85.37020874023438;-0.000006040334938006708,5.619375187393416e-9,-0.003690954064950347,-0.00006111356196925044;1.1403888944272467e-10,0.21569985151290894,0.000012285512639209628,-0.2613464891910553;0.2011512666940689,-0.12816068530082703,0.02216700091958046,-0.04565131664276123
;-85.3702163696289;-0.0000060403262978070416,5.619313903082457e-9,-0.00369107979349792,-0.0000611065624980256;1.1403766125850368e-10,0.21569989621639252,0.000012284743206691928,-0.2613464891910553;0.20114968717098236,-0.12816068530082703,0.02216700091958046,-0.04565131664276123
;-85.37023162841797;-0.000006040285825292813,5.6191993280663155e-9,-0.0036912038922309875,-0.00006109959940658882;1.140352187678495e-10,0.21569989621639252,0.00001228386190632591,-0.2613465487957001;0.20114651322364807,-0.12816070020198822,0.02216700091958046,-0.04565131664276123
;-85.3702392578125;-0.000006040263087925268,5.619138043755356e-9,-0.0036913289222866297,-0.00006109263631515205;1.1403399058362851e-10,0.2156999409198761,0.00001228309702128172,-0.26134657859802246;0.20114493370056152,-0.12816070020198822,0.02216700091958046,-0.04565131664276123
;-85.37024688720703;-0.000006040219886926934,5.619023468739215e-9,-0.0036914534866809845,-0.00006108570960350335;1.1403154809297433e-10,0.2156999111175537,0.000012282221177883912,-0.26134657859802246;0.20114175975322723,-0.12816071510314941,0.02216700091958046,-0.04565131664276123
;-85.3702621459961;-0.00000604021261096932,5.6189621844282556e-9,-0.003691578283905983,-0.00006107877561589703;1.1403032684764725e-10,0.21569998562335968,0.000012281461749807931,-0.26134657859802246;0.2011401653289795,-0.12816071510314941,0.02216700091958046,-0.04565131664276123
;-85.37027740478516;-0.000006040157586539863,5.6188467212336946e-9,-0.003691701916977763,-0.00006107187073212117;1.1402786354031136e-10,0.21570001542568207,0.000012280590453883633,-0.26134663820266724;0.2011369913816452,-0.1281607300043106,0.02216700091958046,-0.04565131664276123
;-85.37029266357422;-0.000006040115749783581,5.618731702128343e-9,-0.003691825782880187,-0.00006106499495217577;1.1402542104965718e-10,0.21570000052452087,0.000012279720067454036,-0.26134663820266724;0.2011338174343109,-0.1281607300043106,0.02216700091958046,-0.04565132036805153
;-85.37030029296875;-0.0000060401062000892125,5.6186690855497545e-9,-0.0036919491831213236,-0.00006105811189627275;1.1402418592654229e-10,0.21570004522800446,0.000012278969734325074,-0.26134663820266724;0.20113222301006317,-0.1281607449054718,0.02216700091958046,-0.04565131664276123
;-85.37030792236328;-0.000006040086645953124,5.6186069130603755e-9,-0.003692073281854391,-0.00006105123611632735;1.140229646812152e-10,0.21570010483264923,0.000012278222129680216,-0.2613466680049896;0.201130673289299,-0.1281607449054718,0.02216700091958046,-0.04565131664276123
;-85.37031555175781;-0.0000060400420807127375,5.618491893955024e-9,-0.003692197147756815,-0.00006104441126808524;1.1402051525166712e-10,0.2157001495361328,0.000012277361747692339,-0.2613467276096344;0.20112746953964233,-0.1281607449054718,0.02216700091958046,-0.04565131664276123
;-85.37032318115234;-0.000006040035259502474,5.6184292773764355e-9,-0.0036923205479979515,-0.00006103757186792791;1.1401929400634003e-10,0.2157001495361328,0.00001227661869052099,-0.261346697807312;0.20112590491771698,-0.128160759806633,0.02216700091958046,-0.04565131664276123
;-85.3703384399414;-0.000006040014795871684,5.618367993065476e-9,-0.0036924451123923063,-0.00006103075429564342;1.1401806582211904e-10,0.2157002091407776,0.000012275878361833747,-0.261346697807312;0.20112431049346924,-0.128160759806633,0.02216700091958046,-0.04565131664276123
;-85.37034606933594;-0.000006039995241735596,5.618305820576097e-9,-0.00369256897829473,-0.00006102394399931654;1.1401699029356394e-10,0.21570025384426117,0.00001227514076163061,-0.261346697807312;0.2011227160692215,-0.1281607747077942,0.02216700091958046,-0.04565131664276123
;-85.37035369873047;-0.0000060399861467885785,5.618244092175928e-9,-0.0036926937755197287,-0.000061017162806820124;1.1401575517044904e-10,0.21570029854774475,0.000012274404980416875,-0.261346697807312;0.20112115144729614,-0.1281607747077942,0.02216700091958046,-0.04565131291747093
;-85.37036895751953;-0.000006039942945790244,5.618128628981367e-9,-0.003692817874252796,-0.0000610104289080482;1.1401331267979486e-10,0.21570028364658356,0.000012273557331354823,-0.2613467574119568;0.20111794769763947,-0.1281607747077942,0.02216700091958046,-0.04565131664276123
;-85.3703842163086;-0.000006039900199539261,5.618013609876016e-9,-0.0036929405760020018,-0.0000610037095611915;1.1401086325024679e-10,0.21570032835006714,0.000012272712410776876,-0.26134681701660156;0.20111480355262756,-0.12816078960895538,0.02216700091958046,-0.04565131664276123
;-85.37039184570312;-0.0000060398820096452255,5.617951437386637e-9,-0.0036930623464286327,-0.00006099697566241957;1.1400962812713189e-10,0.21570037305355072,0.00001227198572451016,-0.2613467872142792;0.20111317932605743,-0.12816080451011658,0.02216700091958046,-0.04565131664276123
;-85.37039947509766;-0.000006039837444404839,5.617836418281286e-9,-0.003693185281008482,-0.000060990292695350945;1.1400717869758381e-10,0.2157004028558731,0.000012271146260900423,-0.26134681701660156;0.20111002027988434,-0.12816080451011658,0.02216700091958046,-0.04565131664276123
;-85.37041473388672;-0.0000060398174355214,5.617773801702697e-9,-0.0036933082155883312,-0.00006098359517636709;1.1400595745225672e-10,0.2157004475593567,0.000012270425031601917,-0.2613467872142792;0.2011084407567978,-0.12816080451011658,0.02216700091958046,-0.04565131664276123
;-85.37042236328125;-0.000006039808340574382,5.617711629213318e-9,-0.003693430684506893,-0.00006097691220929846;1.1400473620692964e-10,0.21570047736167908,0.000012269706530787516,-0.26134681701660156;0.20110686123371124,-0.12816081941127777,0.02216700091958046,-0.04565131664276123
;-85.37042999267578;-0.0000060397896959329955,5.617649456723939e-9,-0.0036935536190867424,-0.00006097023651818745;1.1400351496160255e-10,0.21570053696632385,0.000012268988939467818,-0.26134684681892395;0.2011052668094635,-0.12816081941127777,0.02216700091958046,-0.04565131291747093
;-85.37043762207031;-0.000006039780146238627,5.61758684014535e-9,-0.003693677019327879,-0.000060963586292928085;1.1400228677738156e-10,0.21570058166980743,0.000012268274076632224,-0.26134687662124634;0.20110371708869934,-0.12816081941127777,0.02216700091958046,-0.04565131291747093
;-85.37044525146484;-0.000006039757408871083,5.617524667655971e-9,-0.003693799488246441,-0.00006095695061958395;1.1400106553205447e-10,0.21570058166980743,0.000012267561942280736,-0.26134687662124634;0.2011021077632904,-0.12816081941127777,0.02216700091958046,-0.04565131291747093
;-85.37045288085938;-0.000006039750587660819,5.617462495166592e-9,-0.0036939228884875774,-0.00006095033313613385;1.1399983040893957e-10,0.21570062637329102,0.000012266851626918651,-0.26134684681892395;0.20110054314136505,-0.12816083431243896,0.02216700091958046,-0.04565131291747093
;-85.3704605102539;-0.000006039696927473415,5.617347476061241e-9,-0.0036940458230674267,-0.000060943770222365856;1.139973879182854e-10,0.2157006710767746,0.000012266029443708248,-0.26134684681892395;0.20109735429286957,-0.12816084921360016,0.02216700091958046,-0.04565131291747093
;-85.37046813964844;-0.000006039687832526397,5.617285303571862e-9,-0.003694168757647276,-0.00006093718548072502;1.139961597340644e-10,0.21570071578025818,0.000012265324585314374,-0.26134687662124634;0.20109575986862183,-0.12816084921360016,0.02216700091958046,-0.04565131291747093
;-85.37047576904297;-0.0000060397019296942744,5.617276421787665e-9,-0.003694292390719056,-0.00006093058982514776;1.139961597340644e-10,0.21570077538490295,0.000012264737961231731,-0.26134684681892395;0.20109575986862183,-0.12816084921360016,0.02216700091958046,-0.045651309192180634
;-85.3704833984375;-0.000006039679647074081,5.6172151374767054e-9,-0.0036944160237908363,-0.000060924045101273805;1.1399493848873732e-10,0.21570084989070892,0.000012264037650311366,-0.26134687662124634;0.20109418034553528,-0.12816084921360016,0.02216700091958046,-0.045651309192180634
;-85.3704833984375;-0.000006039672825863818,5.617153409076536e-9,-0.0036945389583706856,-0.00006091750765335746;1.1399370336562242e-10,0.21570086479187012,0.000012263340067875106,-0.26134687662124634;0.20109258592128754,-0.12816084921360016,0.02216700091958046,-0.045651309192180634
;-85.3704833984375;-0.000006039686923031695,5.617144971381549e-9,-0.0036946625914424658,-0.000060910959291504696;1.1399370336562242e-10,0.2157009392976761,0.000012262759810255375,-0.26134684681892395;0.20109258592128754,-0.12816084921360016,0.02216700091958046,-0.04565130174160004
;-85.37049865722656;-0.000006039668278390309,5.6170841311598e-9,-0.0036947866901755333,-0.000060904454585397616;1.1399248905918924e-10,0.21570099890232086,0.000012262066775292624,-0.26134684681892395;0.201091006398201,-0.12816086411476135,0.02216700091958046,-0.04565130174160004
;-85.3705062866211;-0.00000603965872869594,5.61702284684884e-9,-0.003694909857586026,-0.00006089796806918457;1.1399125393607434e-10,0.21570104360580444,0.000012261376468813978,-0.26134684681892395;0.20108939707279205,-0.12816086411476135,0.02216700091958046,-0.04565130174160004
;-85.37051391601562;-0.000006039639629307203,5.616961562537881e-9,-0.0036950327921658754,-0.000060891496104886755;1.1399001881295945e-10,0.21570108830928802,0.000012260687981324736,-0.26134681701660156;0.2010878473520279,-0.12816086411476135,0.02216700091958046,-0.04565130174160004
;-85.37052154541016;-0.000006039626896381378,5.6169011664053414e-9,-0.0036951552610844374,-0.000060885053244419396;1.1398880450652626e-10,0.2157011330127716,0.000012260004041309003,-0.26134681701660156;0.20108625292778015,-0.12816086411476135,0.02216700091958046,-0.04565129801630974
;-85.37052917480469;-0.000006039608706487343,5.616840770272802e-9,-0.0036952770315110683,-0.00006087862129788846;1.1398758326119918e-10,0.2157011777162552,0.000012259321010787971,-0.26134681701660156;0.2010846734046936,-0.12816087901592255,0.02216700091958046,-0.04565129801630974
;-85.37053680419922;-0.000006039587788109202,5.616779930051052e-9,-0.003695399034768343,-0.000060872196627315134;1.1398636201587209e-10,0.21570119261741638,0.000012258640708751045,-0.26134681701660156;0.20108309388160706,-0.12816087901592255,0.02216700091958046,-0.04565129801630974
;-85.37054443359375;-0.000006039578693162184,5.616719533918513e-9,-0.0036955203395336866,-0.00006086579742259346;1.139851268927572e-10,0.21570128202438354,0.000012257962225703523,-0.26134684681892395;0.2010815143585205,-0.12816089391708374,0.02216700091958046,-0.04565129801630974
;-85.37055206298828;-0.000006039558684278745,5.616658693696763e-9,-0.0036956421099603176,-0.00006085940185585059;1.139839056474301e-10,0.21570132672786713,0.000012257286471140105,-0.26134684681892395;0.20107993483543396,-0.12816089391708374,0.02216700091958046,-0.04565129429101944
;-85.37055206298828;-0.000006039550498826429,5.616598297564224e-9,-0.0036957638803869486,-0.00006085303903091699;1.1398268440210302e-10,0.2157013714313507,0.000012256612535566092,-0.26134684681892395;0.20107832551002502,-0.12816089391708374,0.02216700091958046,-0.04565129429101944
;-85.37056732177734;-0.000006039526397216832,5.616537901431684e-9,-0.003695886582136154,-0.000060846683481941;1.1398161581244182e-10,0.2157014161348343,0.000012255940418981481,-0.26134684681892395;0.20107676088809967,-0.12816089391708374,0.02216700091958046,-0.04565129429101944
;-85.37057495117188;-0.000006039516392775113,5.616477061209935e-9,-0.0036960074212402105,-0.000060840346122859046;1.1398038068932692e-10,0.21570143103599548,0.00001225527284987038,-0.26134681701660156;0.20107518136501312,-0.12816090881824493,0.02216700091958046,-0.04565129429101944
;-85.3705825805664;-0.000006039496838639025,5.616416665077395e-9,-0.0036961284931749105,-0.00006083401967771351;1.1397915250510593e-10,0.21570146083831787,0.000012254607099748682,-0.26134684681892395;0.201073557138443,-0.12816090881824493,0.02216700091958046,-0.04565129429101944
;-85.3705825805664;-0.000006039487288944656,5.616356268944855e-9,-0.003696249797940254,-0.000060827711422462016;1.1397793125977884e-10,0.21570152044296265,0.000012253942259121686,-0.26134684681892395;0.20107199251651764,-0.12816090881824493,0.02216700091958046,-0.04565129056572914
;-85.37059020996094;-0.000006039500476617832,5.616349163517498e-9,-0.003696371568366885,-0.0000608213922532741;1.1397793125977884e-10,0.21570158004760742,0.000012253396562300622,-0.26134681701660156;0.20107199251651764,-0.12816090881824493,0.02216700091958046,-0.04565129056572914
;-85.37059783935547;-0.000006039478648744989,5.616288767384958e-9,-0.0036964942701160908,-0.000060815116739831865;1.1397671001445175e-10,0.2157016545534134,0.000012252737178641837,-0.26134681701660156;0.2010703980922699,-0.12816090881824493,0.02216700091958046,-0.04565128684043884
;-85.37059783935547;-0.000006039454547135392,5.616227927163209e-9,-0.003696615109220147,-0.00006080885214032605;1.1397548876912467e-10,0.21570169925689697,0.000012252079613972455,-0.26134684681892395;0.20106880366802216,-0.12816092371940613,0.02216700091958046,-0.04565128684043884
;-85.37059783935547;-0.000006039468189555919,5.616221709914271e-9,-0.0036967373453080654,-0.00006080258026486263;1.1397548876912467e-10,0.21570175886154175,0.000012251541193109006,-0.26134681701660156;0.20106880366802216,-0.12816092371940613,0.02216700091958046,-0.04565128684043884
;-85.37060546875;-0.000006039459549356252,5.616161757870941e-9,-0.003696860047057271,-0.000060796352045144886;1.1397425364600977e-10,0.21570178866386414,0.000012250887266418431,-0.2613467872142792;0.2010672241449356,-0.12816092371940613,0.02216700091958046,-0.045651279389858246
;-85.37061309814453;-0.0000060394736465241294,5.616155096532793e-9,-0.0036969822831451893,-0.000060790109273511916;1.1397425364600977e-10,0.2157018631696701,0.000012250352483533788,-0.2613467574119568;0.2010672241449356,-0.12816092371940613,0.02216700091958046,-0.045651279389858246
;-85.37061309814453;-0.0000060394536376406904,5.6160951444894636e-9,-0.003697103587910533,-0.00006078391015762463;1.1397303240068268e-10,0.2157018929719925,0.000012249704923306126,-0.2613467872142792;0.20106564462184906,-0.12816093862056732,0.02216700091958046,-0.04565127566456795
;-85.37062072753906;-0.000006039444087946322,5.616035636535344e-9,-0.003697223961353302,-0.00006077772923163138;1.1397180421646169e-10,0.21570193767547607,0.000012249059182067867,-0.2613467574119568;0.20106405019760132,-0.12816093862056732,0.02216700091958046,-0.04565127566456795
;-85.3706283569336;-0.000006039455456630094,5.616029419286406e-9,-0.003697345033288002,-0.00006077152647776529;1.1397180421646169e-10,0.21570199728012085,0.000012248530765646137,-0.2613467276096344;0.20106405019760132,-0.12816093862056732,0.02216700091958046,-0.04565127193927765
;-85.3706283569336;-0.000006039435447746655,5.615969911332286e-9,-0.0036974663380533457,-0.00006076537829358131;1.139705690933468e-10,0.21570207178592682,0.00001224789048137609,-0.2613467276096344;0.20106247067451477,-0.12816093862056732,0.02216700091958046,-0.04565127193927765
;-85.37063598632812;-0.000006039447271177778,5.615964138172558e-9,-0.0036975881084799767,-0.000060759211919503286;1.139705690933468e-10,0.2157021313905716,0.000012247365702933166,-0.261346697807312;0.20106247067451477,-0.12816093862056732,0.02216700091958046,-0.04565126821398735
;-85.37063598632812;-0.0000060394331740099005,5.615905074307648e-9,-0.0036977084819227457,-0.00006075308920117095;1.1396934784801971e-10,0.2157021313905716,0.000012246728147147223,-0.2613467276096344;0.20106089115142822,-0.12816093862056732,0.02216700091958046,-0.04565126821398735
;-85.37063598632812;-0.0000060394454521883745,5.61589930114792e-9,-0.003697830019518733,-0.000060746955568902194;1.1396934784801971e-10,0.21570222079753876,0.000012246207006683107,-0.2613466680049896;0.20106089115142822,-0.12816093862056732,0.02216700091958046,-0.04565126821398735
;-85.37063598632812;-0.0000060394572756194975,5.615893527988192e-9,-0.0036979522556066513,-0.00006074084012652747;1.1396934784801971e-10,0.21570228040218353,0.000012245688594703097,-0.26134663820266724;0.20106089115142822,-0.12816093862056732,0.02216700091958046,-0.04565126448869705
;-85.37064361572266;-0.0000060394372667360585,5.615835352301701e-9,-0.0036980737932026386,-0.000060734757425962016;1.1396811966379872e-10,0.21570232510566711,0.000012245056495885365,-0.26134663820266724;0.20105931162834167,-0.12816095352172852,0.02216700091958046,-0.04565126448869705
;-85.37065124511719;-0.0000060394490901671816,5.615830023231183e-9,-0.0036981948651373386,-0.00006072867108741775;1.1396811966379872e-10,0.21570239961147308,0.000012244543540873565,-0.26134660840034485;0.20105931162834167,-0.12816095352172852,0.02216700091958046,-0.045651260763406754
;-85.37065124511719;-0.000006039439995220164,5.615771847544693e-9,-0.0036983152385801077,-0.00006072262840461917;1.1396689841847163e-10,0.21570245921611786,0.000012243917808518745,-0.26134657859802246;0.20105771720409393,-0.12816095352172852,0.02216700091958046,-0.045651260763406754
;-85.37065124511719;-0.000006039452273398638,5.615766962563384e-9,-0.003698436077684164,-0.00006071656389394775;1.1396689841847163e-10,0.21570253372192383,0.000012243408491485752,-0.2613465487957001;0.20105771720409393,-0.12816095352172852,0.02216700091958046,-0.04565125331282616
;-85.37065124511719;-0.000006039463187335059,5.615761633492866e-9,-0.0036985576152801514,-0.000060710528487106785;1.1396689841847163e-10,0.215702623128891,0.000012242900993442163,-0.2613465189933777;0.20105771720409393,-0.12816095352172852,0.02216700091958046,-0.04565124958753586
;-85.37065887451172;-0.000006039440904714866,5.615703457806376e-9,-0.003698678920045495,-0.0000607045330980327;1.1396567717314454e-10,0.21570266783237457,0.000012242280718055554,-0.26134657859802246;0.20105613768100739,-0.12816095352172852,0.02216700091958046,-0.04565124958753586
;-85.37066650390625;-0.000006039454092388041,5.6156985728250675e-9,-0.0036987997591495514,-0.00006069851588108577;1.1396567717314454e-10,0.21570272743701935,0.000012241779586474877,-0.2613465487957001;0.20105613768100739,-0.12816095352172852,0.02216700091958046,-0.04565124958753586
;-85.37066650390625;-0.00000603943271926255,5.615640397138577e-9,-0.003698918968439102,-0.00006069256050977856;1.1396445592781745e-10,0.21570277214050293,0.000012241162949067075,-0.2613465189933777;0.20105455815792084,-0.12816095352172852,0.02216700091958046,-0.04565124586224556
;-85.37066650390625;-0.000006039444542693673,5.615635956246479e-9,-0.0036990391090512276,-0.000060686572396662086;1.1396445592781745e-10,0.2157028466463089,0.000012240665455465205,-0.2613464891910553;0.20105455815792084,-0.12816095352172852,0.02216700091958046,-0.04565124586224556
;-85.37066650390625;-0.000006039456820872147,5.61563151535438e-9,-0.0036991601809859276,-0.00006068060247343965;1.1396445592781745e-10,0.21570290625095367,0.000012240167961863335,-0.2613464593887329;0.20105455815792084,-0.12816095352172852,0.02216700091958046,-0.04565124213695526
;-85.37066650390625;-0.000006039468189555919,5.6156275185514914e-9,-0.0036992812529206276,-0.00006067465074011125;1.1396445592781745e-10,0.21570301055908203,0.00001223967319674557,-0.2613464295864105;0.20105455815792084,-0.12816095352172852,0.02216700091958046,-0.04565123841166496
;-85.37066650390625;-0.0000060394813772290945,5.615623077659393e-9,-0.0036994030233472586,-0.000060668709920719266;1.1396445592781745e-10,0.215703085064888,0.000012239181160111912,-0.26134639978408813;0.20105455815792084,-0.12816095352172852,0.02216700091958046,-0.04565123841166496
;-85.37066650390625;-0.000006039492291165516,5.615619080856504e-9,-0.0036995240952819586,-0.00006066278729122132;1.1396445592781745e-10,0.21570314466953278,0.000012238690032972954,-0.26134636998176575;0.20105455815792084,-0.12816095352172852,0.02216700091958046,-0.045651230961084366
;-85.37066650390625;-0.000006039503659849288,5.615615972232035e-9,-0.0036996454000473022,-0.000060656875575659797;1.1396445592781745e-10,0.21570321917533875,0.000012238201634318102,-0.26134631037712097;0.20105455815792084,-0.12816095352172852,0.02216700091958046,-0.04565122723579407
;-85.37066650390625;-0.00000603951502853306,5.615612863607566e-9,-0.003699766006320715,-0.0000606509784120135;1.1396445592781745e-10,0.21570327877998352,0.000012237715054652654,-0.2613462805747986;0.20105455815792084,-0.12816095352172852,0.02216700091958046,-0.04565122723579407
;-85.37066650390625;-0.000006039525942469481,5.615609310893888e-9,-0.0036998875439167023,-0.00006064510307624005;1.1396445592781745e-10,0.2157033532857895,0.000012237230293976609,-0.2613462507724762;0.20105455815792084,-0.12816095352172852,0.02216700091958046,-0.04565122351050377
;-85.37066650390625;-0.000006039536401658552,5.615605758180209e-9,-0.0037000083830207586,-0.000060639238654403016;1.1396445592781745e-10,0.21570342779159546,0.000012236748261784669,-0.2613462209701538;0.20105455815792084,-0.12816095352172852,0.02216700091958046,-0.04565121978521347
;-85.37066650390625;-0.000006039548225089675,5.6156035377341595e-9,-0.0037001289892941713,-0.00006063339242246002;1.1396445592781745e-10,0.21570350229740143,0.000012236268958076835,-0.2613461911678314;0.20105455815792084,-0.12816095352172852,0.02216700091958046,-0.04565121605992317
;-85.37066650390625;-0.000006039559139026096,5.6156008731989004e-9,-0.003700249595567584,-0.000060627557104453444;1.1396445592781745e-10,0.2157035619020462,0.000012235791473358404,-0.26134616136550903;0.20105455815792084,-0.12816095352172852,0.02216700091958046,-0.04565121605992317
;-85.37066650390625;-0.000006039570507709868,5.615598208663641e-9,-0.0037003702018409967,-0.000060621739976340905;1.1396445592781745e-10,0.21570363640785217,0.000012235313988639973,-0.26134613156318665;0.20105455815792084,-0.12816095352172852,0.02216700091958046,-0.045651208609342575
;-85.37066650390625;-0.000006039580966898939,5.615595544128382e-9,-0.003700489876791835,-0.000060615933762164786;1.1396445592781745e-10,0.21570369601249695,0.000012234841051395051,-0.26134610176086426;0.20105455815792084,-0.12816095352172852,0.02216700091958046,-0.04565120488405228
;-85.37066650390625;-0.000006039592790330062,5.615592879593123e-9,-0.003700610250234604,-0.00006061013482394628;1.1396445592781745e-10,0.21570377051830292,0.000012234369023644831,-0.26134607195854187;0.20105455815792084,-0.12816095352172852,0.02216700091958046,-0.04565120488405228
;-85.37066650390625;-0.000006039604159013834,5.615590659147074e-9,-0.0037007308565080166,-0.000060604364989558235;1.1396445592781745e-10,0.21570385992527008,0.000012233897905389313,-0.2613460421562195;0.20105455815792084,-0.12816095352172852,0.02216700091958046,-0.04565120115876198
;-85.37066650390625;-0.000006039614618202904,5.615588438701025e-9,-0.0037008505314588547,-0.00006059860606910661;1.1396445592781745e-10,0.21570391952991486,0.000012233431334607303,-0.2613460123538971;0.20105455815792084,-0.12816095352172852,0.02216700091958046,-0.04565119743347168
;-85.37066650390625;-0.000006039625986886676,5.615587106433395e-9,-0.0037009702064096928,-0.0000605928544246126;1.1396445592781745e-10,0.21570399403572083,0.000012232964763825294,-0.2613459825515747;0.20105455815792084,-0.12816095352172852,0.02216700091958046,-0.04565119370818138
;-85.37066650390625;-0.000006039636900823098,5.615585330076556e-9,-0.003701090347021818,-0.000060587128245970234;1.1396445592781745e-10,0.2157040536403656,0.000012232501831022091,-0.26134592294692993;0.20105455815792084,-0.12816095352172852,0.02216700091958046,-0.04565119370818138
;-85.37066650390625;-0.00000603964826950687,5.6155831096305064e-9,-0.0037012102548033,-0.000060581409343285486;1.1396445592781745e-10,0.21570412814617157,0.00001223203980771359,-0.26134589314460754;0.20105455815792084,-0.12816095352172852,0.02216700091958046,-0.04565118998289108
;-85.37066650390625;-0.000006039659183443291,5.615581777362877e-9,-0.0037013289984315634,-0.000060575704992515966;1.1396445592781745e-10,0.21570418775081635,0.000012231578693899792,-0.26134586334228516;0.20105455815792084,-0.12816095352172852,0.02216700091958046,-0.045651182532310486
;-85.37066650390625;-0.000006039670552127063,5.6155800010060375e-9,-0.003701448440551758,-0.00006057001155568287;1.1396445592781745e-10,0.2157042771577835,0.000012231122127559502,-0.26134583353996277;0.20105455815792084,-0.12816095352172852,0.02216700091958046,-0.04565117880702019
;-85.37066650390625;-0.0000060396814660634845,5.615578224649198e-9,-0.0037015676498413086,-0.00006056433994672261;1.1396445592781745e-10,0.21570433676242828,0.000012230665561219212,-0.2613458037376404;0.20105455815792084,-0.12816095352172852,0.02216700091958046,-0.04565117880702019
;-85.37066650390625;-0.000006039692834747257,5.6155768923815685e-9,-0.003701687091961503,-0.00006055867925169878;1.1396445592781745e-10,0.21570441126823425,0.000012230211723363027,-0.261345773935318;0.20105455815792084,-0.12816095352172852,0.02216700091958046,-0.04565117508172989
;-85.37066650390625;-0.000006039703293936327,5.615575116024729e-9,-0.00370180606842041,-0.00006055303310859017;1.1396445592781745e-10,0.21570447087287903,0.000012229759704496246,-0.2613457441329956;0.20105455815792084,-0.12816095352172852,0.02216700091958046,-0.04565117135643959
;-85.37066650390625;-0.000006039715572114801,5.61557333966789e-9,-0.0037019248120486736,-0.00006054740879335441;1.1396445592781745e-10,0.215704545378685,0.000012229309504618868,-0.2613457143306732;0.20105455815792084,-0.12816095352172852,0.02216700091958046,-0.04565117135643959
;-85.37066650390625;-0.000006039726486051222,5.61557245148947e-9,-0.0037020437885075808,-0.00006054178811609745;1.1396445592781745e-10,0.21570460498332977,0.000012228862033225596,-0.26134568452835083;0.20105455815792084,-0.12816095352172852,0.02216700091958046,-0.04565116763114929
;-85.37066650390625;-0.000006039736945240293,5.61557156331105e-9,-0.0037021622993052006,-0.00006053618562873453;1.1396445592781745e-10,0.21570469439029694,0.000012228415471327025,-0.26134565472602844;0.20105455815792084,-0.12816095352172852,0.02216700091958046,-0.045651160180568695
;-85.37066650390625;-0.000006039748768671416,5.615570675132631e-9,-0.0037022808101028204,-0.00006053060133126564;1.1396445592781745e-10,0.2157047688961029,0.000012227970728417858,-0.26134562492370605;0.20105455815792084,-0.12816095352172852,0.02216700091958046,-0.045651160180568695
;-85.37066650390625;-0.000006039759682607837,5.615570231043421e-9,-0.00370239932090044,-0.00006052502794773318;1.1396445592781745e-10,0.21570482850074768,0.000012227527804498095,-0.26134559512138367;0.20105455815792084,-0.12816095352172852,0.02216700091958046,-0.0456511564552784
;-85.37066650390625;-0.000006039771051291609,5.615568898775791e-9,-0.0037025173660367727,-0.000060519465478137136;1.1396445592781745e-10,0.21570490300655365,0.000012227088518557139,-0.2613455653190613;0.20105455815792084,-0.12816095352172852,0.02216700091958046,-0.0456511527299881
;-85.37066650390625;-0.0000060397815104806796,5.615568454686581e-9,-0.0037026358768343925,-0.00006051391756045632;1.1396445592781745e-10,0.21570496261119843,0.000012226649232616182,-0.2613455057144165;0.20105455815792084,-0.12816095352172852,0.02216700091958046,-0.0456511490046978
;-85.37066650390625;-0.000006039792879164452,5.615567566508162e-9,-0.003702753921970725,-0.00006050839147064835;1.1396445592781745e-10,0.2157050371170044,0.000012226212675159331,-0.2613454759120941;0.20105455815792084,-0.12816095352172852,0.02216700091958046,-0.0456511490046978
;-85.37066650390625;-0.000006039804247848224,5.615566234240532e-9,-0.0037028715014457703,-0.00006050286901881918;1.1396445592781745e-10,0.21570509672164917,0.000012225777027197182,-0.26134544610977173;0.20105455815792084,-0.12816095352172852,0.02216700091958046,-0.0456511452794075
;-85.37066650390625;-0.000006039815161784645,5.615565790151322e-9,-0.0037029890809208155,-0.000060497361118905246;1.1396445592781745e-10,0.21570518612861633,0.000012225344107719138,-0.26134541630744934;0.20105455815792084,-0.12816095352172852,0.02216700091958046,-0.045651137828826904
;-85.37066650390625;-0.0000060398260757210664,5.615564901972903e-9,-0.003703107126057148,-0.00006049186777090654;1.1396445592781745e-10,0.2157052457332611,0.0000122249139167252,-0.26134538650512695;0.20105455815792084,-0.12816095352172852,0.02216700091958046,-0.045651137828826904
;-85.37066650390625;-0.000006039835625415435,5.615564013794483e-9,-0.003703224938362837,-0.000060486392612801865;1.1396445592781745e-10,0.21570532023906708,0.000012224483725731261,-0.26134535670280457;0.20105455815792084,-0.12816095352172852,0.02216700091958046,-0.045651134103536606
;-85.37066650390625;-0.000006039846539351856,5.615563125616063e-9,-0.003703342517837882,-0.000060480924730654806;1.1396445592781745e-10,0.21570537984371185,0.00001222405717271613,-0.2613453269004822;0.20105455815792084,-0.12816095352172852,0.02216700091958046,-0.04565113037824631
;-85.37066650390625;-0.000006039856543793576,5.615562681526853e-9,-0.00370345963165164,-0.00006047547867638059;1.1396445592781745e-10,0.21570545434951782,0.000012223630619700998,-0.2613452970981598;0.20105455815792084,-0.12816095352172852,0.02216700091958046,-0.04565113037824631
;-85.37066650390625;-0.000006039867002982646,5.615561349259224e-9,-0.003703577443957329,-0.00006047003626008518;1.1396445592781745e-10,0.2157055139541626,0.00001222320588567527,-0.2613452672958374;0.20105455815792084,-0.12816095352172852,0.02216700091958046,-0.04565112665295601
;-85.37066650390625;-0.000006039875188434962,5.615560905170014e-9,-0.0037036940921097994,-0.00006046461930964142;1.1396445592781745e-10,0.21570561826229095,0.00001222278478962835,-0.261345237493515;0.20105455815792084,-0.12816095352172852,0.02216700091958046,-0.04565112292766571
;-85.37066650390625;-0.000006039884738129331,5.615560016991594e-9,-0.003703811438754201,-0.000060459209635155275;1.1396445592781745e-10,0.21570569276809692,0.00001222236460307613,-0.2613452076911926;0.20105455815792084,-0.12816095352172852,0.02216700091958046,-0.04565111920237541
;-85.37066650390625;-0.000006039894287823699,5.615558684723965e-9,-0.003703927854076028,-0.00006045381451258436;1.1396445592781745e-10,0.2157057523727417,0.000012221946235513315,-0.26134517788887024;0.20105455815792084,-0.12816095352172852,0.02216700091958046,-0.04565111920237541
;-85.37066650390625;-0.000006039903382770717,5.615558240634755e-9,-0.0037040449678897858,-0.000060448441217886284;1.1396445592781745e-10,0.21570582687854767,0.000012221529686939903,-0.26134514808654785;0.20105455815792084,-0.12816095352172852,0.02216700091958046,-0.045651111751794815
;-85.37066650390625;-0.000006039912022970384,5.615556908367125e-9,-0.0037041613832116127,-0.00006044307156116702;1.1396445592781745e-10,0.21570588648319244,0.000012221115866850596,-0.26134511828422546;0.20105455815792084,-0.12816095352172852,0.02216700091958046,-0.04565110802650452
;-85.37066650390625;-0.000006039921117917402,5.615556908367125e-9,-0.003704278264194727,-0.00006043771281838417;1.1396445592781745e-10,0.2157059609889984,0.000012220702956255991,-0.2613450586795807;0.20105455815792084,-0.12816095352172852,0.02216700091958046,-0.04565110430121422
;-85.37066650390625;-0.00000603993066761177,5.615556908367125e-9,-0.003704394679516554,-0.00006043237226549536;1.1396445592781745e-10,0.21570603549480438,0.000012220290955156088,-0.2613450288772583;0.20105455815792084,-0.12816095352172852,0.02216700091958046,-0.04565110430121422
;-85.37066650390625;-0.000006039940217306139,5.615556908367125e-9,-0.003704511094838381,-0.000060427049902500585;1.1396445592781745e-10,0.21570611000061035,0.00001221988168254029,-0.2613449990749359;0.20105455815792084,-0.12816095352172852,0.02216700091958046,-0.04565110057592392
;-85.37066650390625;-0.000006039948857505806,5.615556908367125e-9,-0.0037046270444989204,-0.00006042172753950581;1.1396445592781745e-10,0.21570616960525513,0.000012219473319419194,-0.2613449692726135;0.20105455815792084,-0.12816095352172852,0.02216700091958046,-0.04565109685063362
;-85.37066650390625;-0.000006039958407200174,5.615556908367125e-9,-0.00370474299415946,-0.000060416430642362684;1.1396445592781745e-10,0.2157062441110611,0.000012219067684782203,-0.26134493947029114;0.20105455815792084,-0.12816095352172852,0.02216700091958046,-0.04565109685063362
;-85.37066650390625;-0.000006039967956894543,5.615556908367125e-9,-0.0037048589438199997,-0.000060411137383198366;1.1396445592781745e-10,0.21570630371570587,0.000012218662959639914,-0.26134490966796875;0.20105455815792084,-0.12816095352172852,0.02216700091958046,-0.045651089400053024
;-85.37066650390625;-0.000006039976142346859,5.615556908367125e-9,-0.003704974427819252,-0.0000604058695898857;1.1396445592781745e-10,0.21570637822151184,0.000012218260053487029,-0.26134487986564636;0.20105455815792084,-0.12816095352172852,0.02216700091958046,-0.045651085674762726
;-85.37066650390625;-0.000006039985692041228,5.615556908367125e-9,-0.0037050903774797916,-0.000060400605434551835;1.1396445592781745e-10,0.215706467628479,0.000012217859875818249,-0.261344850063324;0.20105455815792084,-0.12816095352172852,0.02216700091958046,-0.04565108194947243
;-85.37066650390625;-0.000006039995241735596,5.615556908367125e-9,-0.003705205861479044,-0.0000603953558311332;1.1396445592781745e-10,0.21570652723312378,0.000012217459698149469,-0.2613448202610016;0.20105455815792084,-0.12816095352172852,0.02216700091958046,-0.04565108194947243
;-85.37066650390625;-0.000006040004336682614,5.615556908367125e-9,-0.00370532157830894,-0.000060390124417608604;1.1396445592781745e-10,0.21570660173892975,0.000012217062248964794,-0.2613447904586792;0.20105455815792084,-0.12816095352172852,0.02216700091958046,-0.04565107822418213
;-85.37066650390625;-0.000006040012976882281,5.615556908367125e-9,-0.0037054370623081923,-0.000060384907555999234;1.1396445592781745e-10,0.21570666134357452,0.000012216666618769523,-0.2613447606563568;0.20105455815792084,-0.12816095352172852,0.02216700091958046,-0.04565107449889183
;-85.37066650390625;-0.000006040023436071351,5.615556908367125e-9,-0.0037055518478155136,-0.00006037969433236867;1.1396445592781745e-10,0.2157067358493805,0.000012216271898068953,-0.2613447308540344;0.20105455815792084,-0.12816095352172852,0.02216700091958046,-0.04565107449889183
;-85.37066650390625;-0.000006040031621523667,5.615556908367125e-9,-0.0037056668661534786,-0.00006037450293661095;1.1396445592781745e-10,0.21570679545402527,0.000012215878996357787,-0.26134470105171204;0.20105455815792084,-0.12816095352172852,0.02216700091958046,-0.045651067048311234
;-85.37066650390625;-0.000006040041171218036,5.615556908367125e-9,-0.003705782350152731,-0.00006036932609276846;1.1396445592781745e-10,0.21570688486099243,0.000012215488823130727,-0.26134464144706726;0.20105455815792084,-0.12816095352172852,0.02216700091958046,-0.045651063323020935
;-85.37066650390625;-0.000006040051175659755,5.615556908367125e-9,-0.0037058971356600523,-0.00006036415652488358;1.1396445592781745e-10,0.2157069444656372,0.000012215099559398368,-0.2613446116447449;0.20105455815792084,-0.12816095352172852,0.02216700091958046,-0.045651063323020935
;-85.37066650390625;-0.000006040059361112071,5.615556908367125e-9,-0.003706012386828661,-0.00006035899787093513;1.1396445592781745e-10,0.21570701897144318,0.000012214712114655413,-0.2613445818424225;0.20105455815792084,-0.12816095352172852,0.02216700091958046,-0.04565105959773064
;-85.37066650390625;-0.00000604006891080644,5.615556908367125e-9,-0.0037061269395053387,-0.000060353857406880707;1.1396445592781745e-10,0.21570707857608795,0.000012214326488901861,-0.2613445520401001;0.20105455815792084,-0.12816095352172852,0.02216700091958046,-0.04565105587244034
;-85.37066650390625;-0.0000060400780057534575,5.615556908367125e-9,-0.00370624172501266,-0.00006034872058080509;1.1396445592781745e-10,0.21570715308189392,0.000012213943591632415,-0.2613445222377777;0.20105455815792084,-0.12816095352172852,0.02216700091958046,-0.04565105214715004
;-85.37066650390625;-0.000006040087555447826,5.615556908367125e-9,-0.003706356044858694,-0.00006034360922058113;1.1396445592781745e-10,0.2157072275876999,0.000012213560694362968,-0.2613444924354553;0.20105455815792084,-0.12816095352172852,0.02216700091958046,-0.04565105214715004
;-85.37066650390625;-0.000006040096195647493,5.615556908367125e-9,-0.003706470364704728,-0.000060338497860357165;1.1396445592781745e-10,0.21570728719234467,0.000012213179616082925,-0.26134446263313293;0.20105455815792084,-0.12816095352172852,0.02216700091958046,-0.04565104842185974
;-85.37066650390625;-0.000006040105745341862,5.615556908367125e-9,-0.0037065844517201185,-0.00006033341196598485;1.1396445592781745e-10,0.21570737659931183,0.000012212801266286988,-0.26134443283081055;0.20105455815792084,-0.12816095352172852,0.02216700091958046,-0.045651040971279144
;-85.37066650390625;-0.000006040114840288879,5.615556908367125e-9,-0.0037066987715661526,-0.00006032833334757015;1.1396445592781745e-10,0.2157074362039566,0.000012212423825985752,-0.26134440302848816;0.20105455815792084,-0.12816095352172852,0.02216700091958046,-0.045651040971279144
;-85.37066650390625;-0.000006040124389983248,5.615556908367125e-9,-0.0037068126257508993,-0.00006032326564309187;1.1396445592781745e-10,0.21570751070976257,0.000012212049114168622,-0.26134437322616577;0.20105455815792084,-0.12816095352172852,0.02216700091958046,-0.045651037245988846
;-85.37066650390625;-0.000006040133030182915,5.615556908367125e-9,-0.003706926479935646,-0.000060318208852550015;1.1396445592781745e-10,0.21570757031440735,0.000012211675311846193,-0.2613443434238434;0.20105455815792084,-0.12816095352172852,0.02216700091958046,-0.04565103352069855
;-85.37066650390625;-0.0000060401425798772834,5.615556908367125e-9,-0.003707040334120393,-0.000060313166613923386;1.1396445592781745e-10,0.21570764482021332,0.000012211302419018466,-0.261344313621521;0.20105455815792084,-0.12816095352172852,0.02216700091958046,-0.04565103352069855
;-85.37066650390625;-0.000006040152129571652,5.615556908367125e-9,-0.003707153955474496,-0.00006030814256519079;1.1396445592781745e-10,0.2157077044248581,0.000012210931345180143,-0.2613442838191986;0.20105455815792084,-0.12816095352172852,0.02216700091958046,-0.04565102979540825
;-85.37066650390625;-0.000006040160769771319,5.615556908367125e-9,-0.0037072673439979553,-0.00006030312943039462;1.1396445592781745e-10,0.21570779383182526,0.000012210561180836521,-0.26134422421455383;0.20105455815792084,-0.12816095352172852,0.02216700091958046,-0.04565102607011795
;-85.37066650390625;-0.000006040170774213038,5.615556908367125e-9,-0.0037073807325214148,-0.00006029812720953487;1.1396445592781745e-10,0.21570785343647003,0.000012210193744977005,-0.26134419441223145;0.20105455815792084,-0.12816095352172852,0.02216700091958046,-0.04565102607011795
;-85.37066650390625;-0.000006040179414412705,5.615556908367125e-9,-0.003707494121044874,-0.000060293128626653925;1.1396445592781745e-10,0.215707927942276,0.00001220982721861219,-0.26134416460990906;0.20105455815792084,-0.12816095352172852,0.02216700091958046,-0.045651018619537354
;-85.37066650390625;-0.000006040188509359723,5.615556908367125e-9,-0.0037076077423989773,-0.0000602881409577094;1.1396445592781745e-10,0.21570800244808197,0.000012209463420731481,-0.26134413480758667;0.20105455815792084,-0.12816095352172852,0.02216700091958046,-0.045651014894247055
;-85.37066650390625;-0.000006040197604306741,5.615556908367125e-9,-0.0037077206652611494,-0.00006028317875461653;1.1396445592781745e-10,0.21570806205272675,0.000012209099622850772,-0.2613441050052643;0.20105455815792084,-0.12816095352172852,0.02216700091958046,-0.04565101116895676
;-85.37066650390625;-0.000006040206699253758,5.615556908367125e-9,-0.003707833820953965,-0.00006027822382748127;1.1396445592781745e-10,0.21570813655853271,0.00001220873946294887,-0.2613440752029419;0.20105455815792084,-0.12816095352172852,0.02216700091958046,-0.04565100744366646
;-85.37066650390625;-0.000006040215794200776,5.615556908367125e-9,-0.00370794627815485,-0.000060273290728218853;1.1396445592781745e-10,0.21570822596549988,0.000012208379303046968,-0.2613440454006195;0.20105455815792084,-0.12816095352172852,0.02216700091958046,-0.04565100744366646
;-85.37066650390625;-0.000006040223524905741,5.615556908367125e-9,-0.0037080589681863785,-0.00006026835762895644;1.1396445592781745e-10,0.21570830047130585,0.000012208020052639768,-0.2613440155982971;0.20105455815792084,-0.12816095352172852,0.02216700091958046,-0.04565100371837616
;-85.37066650390625;-0.000006040232165105408,5.615556908367125e-9,-0.0037081714253872633,-0.000060263442719588056;1.1396445592781745e-10,0.21570836007595062,0.000012207663530716673,-0.26134398579597473;0.20105455815792084,-0.12816095352172852,0.02216700091958046,-0.04565099626779556
;-85.37066650390625;-0.000006040240805305075,5.615556908367125e-9,-0.0037082841154187918,-0.000060258542362134904;1.1396445592781745e-10,0.2157084345817566,0.000012207308827782981,-0.26134395599365234;0.20105455815792084,-0.12816095352172852,0.02216700091958046,-0.04565099626779556
;-85.37066650390625;-0.00000604024853601004,5.615556908367125e-9,-0.0037083968054503202,-0.00006025364200468175;1.1396445592781745e-10,0.21570849418640137,0.000012206955943838693,-0.26134392619132996;0.20105455815792084,-0.12816095352172852,0.02216700091958046,-0.045650992542505264
;-85.37066650390625;-0.000006040256721462356,5.615556908367125e-9,-0.0037085090298205614,-0.00006024876711308025;1.1396445592781745e-10,0.21570856869220734,0.000012206603969389107,-0.26134389638900757;0.20105455815792084,-0.12816095352172852,0.02216700091958046,-0.045650988817214966
;-85.37066650390625;-0.000006040265361662023,5.615556908367125e-9,-0.003708621021360159,-0.000060243906773393974;1.1396445592781745e-10,0.2157086580991745,0.000012206251994939521,-0.2613438665866852;0.20105455815792084,-0.12816095352172852,0.02216700091958046,-0.045650988817214966
;-85.37066650390625;-0.000006040273092366988,5.615556908367125e-9,-0.0037087337113916874,-0.00006023905734764412;1.1396445592781745e-10,0.21570871770381927,0.000012205903658468742,-0.2613438069820404;0.20105455815792084,-0.12816095352172852,0.02216700091958046,-0.04565098509192467
;-85.37066650390625;-0.000006040281732566655,5.615556908367125e-9,-0.003708845004439354,-0.000060234211559873074;1.1396445592781745e-10,0.21570879220962524,0.000012205556231492665,-0.261343777179718;0.20105455815792084,-0.12816095352172852,0.02216700091958046,-0.04565098136663437
;-85.37066650390625;-0.000006040289918018971,5.615556908367125e-9,-0.003708957228809595,-0.000060229380324017256;1.1396445592781745e-10,0.21570885181427002,0.00001220520971401129,-0.26134374737739563;0.20105455815792084,-0.12816095352172852,0.02216700091958046,-0.04565097764134407
;-85.37066650390625;-0.0000060402985582186375,5.615556908367125e-9,-0.003709068987518549,-0.000060224567278055474;1.1396445592781745e-10,0.215708926320076,0.000012204865015519317,-0.26134371757507324;0.20105455815792084,-0.12816095352172852,0.02216700091958046,-0.04565097764134407
;-85.37066650390625;-0.0000060403062889236026,5.615556908367125e-9,-0.003709180047735572,-0.0000602197578700725;1.1396445592781745e-10,0.21570898592472076,0.000012204522136016749,-0.26134368777275085;0.20105455815792084,-0.12816095352172852,0.02216700091958046,-0.045650970190763474
;-85.37066650390625;-0.0000060403144743759185,5.615556908367125e-9,-0.0037092913407832384,-0.000060214970289962366;1.1396445592781745e-10,0.21570907533168793,0.000012204180166008882,-0.26134365797042847;0.20105455815792084,-0.12816095352172852,0.02216700091958046,-0.045650966465473175
;-85.37066650390625;-0.000006040323569322936,5.615556908367125e-9,-0.003709402633830905,-0.00006021018634783104;1.1396445592781745e-10,0.2157091349363327,0.000012203840014990419,-0.2613436281681061;0.20105455815792084,-0.12816095352172852,0.02216700091958046,-0.045650966465473175
;-85.37066650390625;-0.000006040331300027901,5.615556908367125e-9,-0.0037095132283866405,-0.000060205413319636136;1.1396445592781745e-10,0.21570920944213867,0.000012203500773466658,-0.2613435983657837;0.20105455815792084,-0.12816095352172852,0.02216700091958046,-0.04565096274018288
;-85.37066650390625;-0.000006040339030732866,5.615556908367125e-9,-0.00370962405577302,-0.00006020065484335646;1.1396445592781745e-10,0.21570926904678345,0.000012203164260427002,-0.2613435685634613;0.20105455815792084,-0.12816095352172852,0.02216700091958046,-0.04565095901489258
;-85.37066650390625;-0.000006040348125679884,5.615556908367125e-9,-0.003709734184667468,-0.00006019591455697082;1.1396445592781745e-10,0.21570934355258942,0.000012202828656882048,-0.2613435387611389;0.20105455815792084,-0.12816095352172852,0.02216700091958046,-0.04565095901489258
;-85.37066650390625;-0.000006040355856384849,5.615556908367125e-9,-0.0037098450120538473,-0.00006019117063260637;1.1396445592781745e-10,0.2157094031572342,0.000012202494872326497,-0.26134350895881653;0.20105455815792084,-0.12816095352172852,0.02216700091958046,-0.04565095528960228
;-85.37066650390625;-0.000006040364041837165,5.615556908367125e-9,-0.003709955606609583,-0.00006018645581207238;1.1396445592781745e-10,0.21570949256420135,0.000012202161087770946,-0.26134347915649414;0.20105455815792084,-0.12816095352172852,0.02216700091958046,-0.04565094783902168
;-85.37066650390625;-0.000006040372227289481,5.615556908367125e-9,-0.003710065735504031,-0.000060181737353559583;1.1396445592781745e-10,0.21570956707000732,0.0000122018291222048,-0.26134344935417175;0.20105455815792084,-0.12816095352172852,0.02216700091958046,-0.045650944113731384
;-85.37066650390625;-0.000006040380867489148,5.615556908367125e-9,-0.003710176097229123,-0.00006017704799887724;1.1396445592781745e-10,0.2157096266746521,0.000012201499885122757,-0.261343389749527;0.20105455815792084,-0.12816095352172852,0.02216700091958046,-0.045650944113731384
;-85.37066650390625;-0.000006040388598194113,5.615556908367125e-9,-0.0037102862261235714,-0.0000601723586441949;1.1396445592781745e-10,0.21570970118045807,0.000012201171557535417,-0.2613433599472046;0.20105455815792084,-0.12816095352172852,0.02216700091958046,-0.045650940388441086
;-85.37066650390625;-0.00000604039723839378,5.615556908367125e-9,-0.0037103963550180197,-0.000060167687479406595;1.1396445592781745e-10,0.21570976078510284,0.000012200844139442779,-0.2613433301448822;0.20105455815792084,-0.12816095352172852,0.02216700091958046,-0.04565093666315079
;-85.37066650390625;-0.000006040405878593447,5.615556908367125e-9,-0.0037105055525898933,-0.00006016303086653352;1.1396445592781745e-10,0.2157098352909088,0.000012200517630844843,-0.2613433003425598;0.20105455815792084,-0.12816095352172852,0.02216700091958046,-0.04565093666315079
;-85.37066650390625;-0.000006040413154551061,5.615556908367125e-9,-0.0037106156814843416,-0.000060158381529618055;1.1396445592781745e-10,0.2157098948955536,0.000012200193850731011,-0.2613432705402374;0.20105455815792084,-0.12816095352172852,0.02216700091958046,-0.04565093293786049
;-85.37066650390625;-0.000006040421794750728,5.615556908367125e-9,-0.00371072581037879,-0.00006015375038259663;1.1396445592781745e-10,0.21570998430252075,0.000012199869161122479,-0.26134324073791504;0.20105455815792084,-0.12816095352172852,0.02216700091958046,-0.04565092548727989
;-85.37066650390625;-0.0000060404304349503946,5.615556908367125e-9,-0.003710835473611951,-0.0000601491192355752;1.1396445592781745e-10,0.21571004390716553,0.000012199548109492753,-0.26134321093559265;0.20105455815792084,-0.12816095352172852,0.02216700091958046,-0.04565092548727989
;-85.37066650390625;-0.0000060404386204027105,5.615556908367125e-9,-0.0037109446711838245,-0.000060144509916426614;1.1396445592781745e-10,0.2157101184129715,0.000012199227967357729,-0.26134318113327026;0.20105455815792084,-0.12816095352172852,0.02216700091958046,-0.045650921761989594
;-85.37066650390625;-0.0000060404468058550265,5.615556908367125e-9,-0.003711053868755698,-0.00006013991151121445;1.1396445592781745e-10,0.21571017801761627,0.000012198908734717406,-0.2613431513309479;0.20105455815792084,-0.12816095352172852,0.02216700091958046,-0.045650918036699295
;-85.37066650390625;-0.0000060404545365599915,5.615556908367125e-9,-0.003711163531988859,-0.00006013531674398109;1.1396445592781745e-10,0.21571025252342224,0.000012198591321066488,-0.2613431215286255;0.20105455815792084,-0.12816095352172852,0.02216700091958046,-0.045650914311409
;-85.37066650390625;-0.000006040463631507009,5.615556908367125e-9,-0.0037112722638994455,-0.000060130736528662965;1.1396445592781745e-10,0.21571031212806702,0.000012198275726404972,-0.2613430917263031;0.20105455815792084,-0.12816095352172852,0.02216700091958046,-0.045650914311409
;-85.37066650390625;-0.000006040471362211974,5.615556908367125e-9,-0.0037113807629793882,-0.00006012617450323887;1.1396445592781745e-10,0.21571041643619537,0.000012197960131743457,-0.2613430619239807;0.20105455815792084,-0.12816095352172852,0.02216700091958046,-0.0456509105861187
;-85.37066650390625;-0.00000604047954766429,5.615556908367125e-9,-0.003711489960551262,-0.000060121616115793586;1.1396445592781745e-10,0.21571049094200134,0.000012197647265566047,-0.2613430321216583;0.20105455815792084,-0.12816095352172852,0.02216700091958046,-0.0456509068608284
;-85.37066650390625;-0.000006040488187863957,5.615556908367125e-9,-0.0037115984596312046,-0.000060117065004305914;1.1396445592781745e-10,0.21571055054664612,0.00001219733530888334,-0.26134297251701355;0.20105455815792084,-0.12816095352172852,0.02216700091958046,-0.0456509068608284
;-85.37066650390625;-0.000006040495918568922,5.615556908367125e-9,-0.003711707191541791,-0.000060112524806754664;1.1396445592781745e-10,0.2157106250524521,0.000012197025171190035,-0.26134294271469116;0.20105455815792084,-0.12816095352172852,0.02216700091958046,-0.0456508994102478
;-85.37066650390625;-0.000006040504104021238,5.615556908367125e-9,-0.0037118156906217337,-0.00006010799916111864;1.1396445592781745e-10,0.21571068465709686,0.000012196714124002028,-0.2613429129123688;0.20105455815792084,-0.12816095352172852,0.02216700091958046,-0.045650895684957504
;-85.37066650390625;-0.000006040512744220905,5.615556908367125e-9,-0.0037119239568710327,-0.00006010348806739785;1.1396445592781745e-10,0.21571075916290283,0.000012196406714792829,-0.2613428831100464;0.20105455815792084,-0.12816095352172852,0.02216700091958046,-0.045650891959667206
;-85.37066650390625;-0.000006040520929673221,5.615556908367125e-9,-0.0037120324559509754,-0.00006009899152559228;1.1396445592781745e-10,0.2157108336687088,0.000012196101124573033,-0.261342853307724;0.20105455815792084,-0.12816095352172852,0.02216700091958046,-0.045650891959667206
;-85.37066650390625;-0.000006040528660378186,5.615556908367125e-9,-0.003712140489369631,-0.000060094498621765524;1.1396445592781745e-10,0.21571090817451477,0.000012195794624858536,-0.2613428235054016;0.20105455815792084,-0.12816095352172852,0.02216700091958046,-0.04565088823437691
;-85.37066650390625;-0.000006040537300577853,5.615556908367125e-9,-0.003712248522788286,-0.000060090020269853994;1.1396445592781745e-10,0.21571098268032074,0.000012195490853628144,-0.2613427937030792;0.20105455815792084,-0.12816095352172852,0.02216700091958046,-0.04565088450908661
;-85.37066650390625;-0.000006040545031282818,5.615556908367125e-9,-0.003712356323376298,-0.00006008554919390008;1.1396445592781745e-10,0.21571104228496552,0.000012195187082397752,-0.26134276390075684;0.20105455815792084,-0.12816095352172852,0.02216700091958046,-0.04565087705850601
;-85.37066650390625;-0.000006040554126229836,5.615556908367125e-9,-0.0037124648224562407,-0.000060081089031882584;1.1396445592781745e-10,0.21571111679077148,0.000012194886949146166,-0.26134273409843445;0.20105455815792084,-0.12816095352172852,0.02216700091958046,-0.04565087705850601
;-85.37066650390625;-0.000006040561856934801,5.615556908367125e-9,-0.003712572855874896,-0.00006007665069773793;1.1396445592781745e-10,0.21571117639541626,0.00001219458590639988,-0.26134270429611206;0.20105455815792084,-0.12816095352172852,0.02216700091958046,-0.045650873333215714
;-85.37066650390625;-0.000006040569132892415,5.615556908367125e-9,-0.003712680423632264,-0.00006007221600157209;1.1396445592781745e-10,0.21571126580238342,0.000012194286682642996,-0.2613426744937897;0.20105455815792084,-0.12816095352172852,0.02216700091958046,-0.045650869607925415
;-85.37066650390625;-0.000006040576408850029,5.615556908367125e-9,-0.0037127879913896322,-0.00006006779949530028;1.1396445592781745e-10,0.2157113254070282,0.000012193988368380815,-0.2613426446914673;0.20105455815792084,-0.12816095352172852,0.02216700091958046,-0.045650869607925415
;-85.37066650390625;-0.0000060405827753129415,5.615556908367125e-9,-0.0037128955591470003,-0.00006006339026498608;1.1396445592781745e-10,0.21571139991283417,0.000012193691873108037,-0.2613426148891449;0.20105455815792084,-0.12816095352172852,0.02216700091958046,-0.04565086588263512
;-85.37066650390625;-0.000006040590051270556,5.615556908367125e-9,-0.003713002661243081,-0.00006005899194860831;1.1396445592781745e-10,0.21571145951747894,0.00001219339628732996,-0.2613425552845001;0.20105455815792084,-0.12816095352172852,0.02216700091958046,-0.04565086215734482
;-85.37066650390625;-0.000006040598236722872,5.615556908367125e-9,-0.003713109763339162,-0.000060054604546166956;1.1396445592781745e-10,0.2157115340232849,0.000012193102520541288,-0.26134252548217773;0.20105455815792084,-0.12816095352172852,0.02216700091958046,-0.04565086215734482
;-85.37066650390625;-0.000006040605512680486,5.615556908367125e-9,-0.00371321733109653,-0.00006005022441968322;1.1396445592781745e-10,0.2157115936279297,0.000012192809663247317,-0.26134249567985535;0.20105455815792084,-0.12816095352172852,0.02216700091958046,-0.04565085470676422
;-85.37066650390625;-0.000006040612333890749,5.615556908367125e-9,-0.0037133244331926107,-0.000060045851569157094;1.1396445592781745e-10,0.21571168303489685,0.00001219251862494275,-0.26134246587753296;0.20105455815792084,-0.12816095352172852,0.02216700091958046,-0.04565085098147392
;-85.37066650390625;-0.000006040619609848363,5.615556908367125e-9,-0.0037134315352886915,-0.00006004150054650381;1.1396445592781745e-10,0.21571175754070282,0.000012192228496132884,-0.26134243607521057;0.20105455815792084,-0.12816095352172852,0.02216700091958046,-0.045650847256183624
;-85.37066650390625;-0.000006040627795300679,5.615556908367125e-9,-0.0037135384045541286,-0.00006003716043778695;1.1396445592781745e-10,0.2157118171453476,0.000012191940186312422,-0.2613424062728882;0.20105455815792084,-0.12816095352172852,0.02216700091958046,-0.045650847256183624
;-85.37066650390625;-0.000006040634161763592,5.615556908367125e-9,-0.003713645040988922,-0.00006003282032907009;1.1396445592781745e-10,0.21571189165115356,0.000012191650966997258,-0.2613423764705658;0.20105455815792084,-0.12816095352172852,0.02216700091958046,-0.045650843530893326
;-85.37066650390625;-0.000006040641437721206,5.615556908367125e-9,-0.0037137519102543592,-0.000060028498410247266;1.1396445592781745e-10,0.21571195125579834,0.000012191366295155603,-0.2613423466682434;0.20105455815792084,-0.12816095352172852,0.02216700091958046,-0.04565083980560303
;-85.37066650390625;-0.000006040649168426171,5.615556908367125e-9,-0.003713857615366578,-0.00006002419104333967;1.1396445592781745e-10,0.2157120257616043,0.000012191080713819247,-0.261342316865921;0.20105455815792084,-0.12816095352172852,0.02216700091958046,-0.04565083980560303
;-85.37066650390625;-0.000006040656444383785,5.615556908367125e-9,-0.0037139644846320152,-0.00006001989095238969;1.1396445592781745e-10,0.21571208536624908,0.000012190796041977592,-0.26134228706359863;0.20105455815792084,-0.12816095352172852,0.02216700091958046,-0.04565083608031273
;-85.37066650390625;-0.0000060406632655940484,5.615556908367125e-9,-0.0037140706554055214,-0.00006001559813739732;1.1396445592781745e-10,0.21571217477321625,0.000012190514098620042,-0.26134225726127625;0.20105455815792084,-0.12816095352172852,0.02216700091958046,-0.04565082862973213
;-85.37066650390625;-0.0000060406709962990135,5.615556908367125e-9,-0.003714176593348384,-0.00006001130896038376;1.1396445592781745e-10,0.21571223437786102,0.000012190233064757194,-0.26134222745895386;0.20105455815792084,-0.12816095352172852,0.02216700091958046,-0.04565082862973213
;-85.37066650390625;-0.000006040677817509277,5.615556908367125e-9,-0.0037142829969525337,-0.00006000704161124304;1.1396445592781745e-10,0.215712308883667,0.000012189952940389048,-0.26134219765663147;0.20105455815792084,-0.12816095352172852,0.02216700091958046,-0.045650824904441833
;-85.37066650390625;-0.000006040685093466891,5.615556908367125e-9,-0.00371438916772604,-0.00006000278881401755;1.1396445592781745e-10,0.21571236848831177,0.000012189672816020902,-0.2613421380519867;0.20105455815792084,-0.12816095352172852,0.02216700091958046,-0.045650821179151535
;-85.37066650390625;-0.000006040692824171856,5.615556908367125e-9,-0.0037144951056689024,-0.000059998539654770866;1.1396445592781745e-10,0.21571244299411774,0.000012189395420136862,-0.2613421082496643;0.20105455815792084,-0.12816095352172852,0.02216700091958046,-0.045650821179151535
;-85.37066650390625;-0.00000604070010012947,5.615556908367125e-9,-0.003714601043611765,-0.00005999430504743941;1.1396445592781745e-10,0.2157125025987625,0.00001218911802425282,-0.2613420784473419;0.20105455815792084,-0.12816095352172852,0.02216700091958046,-0.04565081745386124
;-85.37066650390625;-0.000006040707376087084,5.615556908367125e-9,-0.003714706050232053,-0.00005999007771606557;1.1396445592781745e-10,0.21571259200572968,0.000012188843356852885,-0.26134204864501953;0.20105455815792084,-0.12816095352172852,0.02216700091958046,-0.04565081372857094
;-85.37066650390625;-0.000006040714652044699,5.615556908367125e-9,-0.0037148119881749153,-0.00005998586129862815;1.1396445592781745e-10,0.21571266651153564,0.000012188569598947652,-0.26134201884269714;0.20105455815792084,-0.12816095352172852,0.02216700091958046,-0.04565080627799034
;-85.37066650390625;-0.000006040721928002313,5.615556908367125e-9,-0.003714917227625847,-0.00005998165943310596;1.1396445592781745e-10,0.21571272611618042,0.000012188295841042418,-0.26134198904037476;0.20105455815792084,-0.12816095352172852,0.02216700091958046,-0.04565080627799034
;-85.37066650390625;-0.000006040729203959927,5.615556908367125e-9,-0.0037150224670767784,-0.00005997745756758377;1.1396445592781745e-10,0.2157128006219864,0.000012188022992631886,-0.26134195923805237;0.20105455815792084,-0.12816095352172852,0.02216700091958046,-0.04565080255270004
;-85.37066650390625;-0.000006040736479917541,5.615556908367125e-9,-0.0037151279393583536,-0.00005997328116791323;1.1396445592781745e-10,0.21571286022663116,0.00001218775287270546,-0.26134192943573;0.20105455815792084,-0.12816095352172852,0.02216700091958046,-0.045650798827409744
;-85.37066650390625;-0.000006040743755875155,5.615556908367125e-9,-0.0037152329459786415,-0.00005996910113026388;1.1396445592781745e-10,0.21571293473243713,0.000012187481843284331,-0.2613418996334076;0.20105455815792084,-0.12816095352172852,0.02216700091958046,-0.045650795102119446
;-85.37066650390625;-0.00000604075148658012,5.615556908367125e-9,-0.0037153384182602167,-0.00005996493928250857;1.1396445592781745e-10,0.2157130241394043,0.00001218721445184201,-0.2613418698310852;0.20105455815792084,-0.12816095352172852,0.02216700091958046,-0.045650795102119446
;-85.37066650390625;-0.000006040758307790384,5.615556908367125e-9,-0.00371544249355793,-0.00005996078471071087;1.1396445592781745e-10,0.21571309864521027,0.000012186947060399689,-0.2613418400287628;0.20105455815792084,-0.12816095352172852,0.02216700091958046,-0.04565079137682915
;-85.37066650390625;-0.000006040765583747998,5.615556908367125e-9,-0.003715547500178218,-0.00005995664105284959;1.1396445592781745e-10,0.21571315824985504,0.00001218668057845207,-0.26134181022644043;0.20105455815792084,-0.12816095352172852,0.02216700091958046,-0.04565078392624855
;-85.37066650390625;-0.000006040772859705612,5.615556908367125e-9,-0.0037156527396291494,-0.000059952519222861156;1.1396445592781745e-10,0.215713232755661,0.000012186415915493853,-0.26134178042411804;0.20105455815792084,-0.12816095352172852,0.02216700091958046,-0.04565078392624855
;-85.37066650390625;-0.000006040779680915875,5.615556908367125e-9,-0.0037157577462494373,-0.00005994839011691511;1.1396445592781745e-10,0.2157132923603058,0.00001218615216203034,-0.26134172081947327;0.20105455815792084,-0.12816095352172852,0.02216700091958046,-0.04565078020095825
;-85.37066650390625;-0.0000060407869568734895,5.615556908367125e-9,-0.0037158618215471506,-0.00005994427920086309;1.1396445592781745e-10,0.21571336686611176,0.000012185890227556229,-0.2613416910171509;0.20105455815792084,-0.12816095352172852,0.02216700091958046,-0.045650776475667953
;-85.37066650390625;-0.000006040794232831104,5.615556908367125e-9,-0.0037159661296755075,-0.000059940175560768694;1.1396445592781745e-10,0.21571345627307892,0.00001218562920257682,-0.2613416612148285;0.20105455815792084,-0.12816095352172852,0.02216700091958046,-0.045650772750377655
;-85.37066650390625;-0.00000604080241828342,5.615556908367125e-9,-0.003716070670634508,-0.00005993608647258952;1.1396445592781745e-10,0.2157135158777237,0.000012185368177597411,-0.2613416314125061;0.20105455815792084,-0.12816095352172852,0.02216700091958046,-0.045650772750377655
;-85.37066650390625;-0.000006040809239493683,5.615556908367125e-9,-0.003716174978762865,-0.00005993201193632558;1.1396445592781745e-10,0.21571359038352966,0.000012185108971607406,-0.2613416016101837;0.20105455815792084,-0.12816095352172852,0.02216700091958046,-0.04565076902508736
;-85.37066650390625;-0.000006040816060703946,5.615556908367125e-9,-0.003716278588399291,-0.00005992793376208283;1.1396445592781745e-10,0.21571364998817444,0.000012184850675112102,-0.26134157180786133;0.20105455815792084,-0.12816095352172852,0.02216700091958046,-0.04565076157450676
;-85.37066650390625;-0.000006040823791408911,5.615556908367125e-9,-0.0037163824308663607,-0.00005992388469167054;1.1396445592781745e-10,0.2157137244939804,0.0000121845932881115,-0.26134154200553894;0.20105455815792084,-0.12816095352172852,0.02216700091958046,-0.04565076157450676
;-85.37067413330078;-0.0000060408310673665255,5.615556908367125e-9,-0.0037164862733334303,-0.000059919835621258244;1.1396445592781745e-10,0.21571378409862518,0.0000121843368106056,-0.26134151220321655;0.20105455815792084,-0.12816095352172852,0.02216700091958046,-0.04565075784921646
;-85.37068176269531;-0.000006040813332219841,5.615503617661943e-9,-0.003716589417308569,-0.000059915830206591636;1.1396322774359646e-10,0.21571384370326996,0.000012183968465251382,-0.26134151220321655;0.2010529786348343,-0.1281609684228897,0.02216700091958046,-0.04565075784921646
;-85.37068176269531;-0.000006040789685357595,5.6154498828675514e-9,-0.0037166904658079147,-0.00005991182479192503;1.1396199262048157e-10,0.21571388840675354,0.000012183601938886568,-0.26134151220321655;0.20105138421058655,-0.1281609684228897,0.02216700091958046,-0.04565075784921646
;-85.37068939208984;-0.000006040796961315209,5.615448550599922e-9,-0.0037167922127991915,-0.000059907801187364385;1.1396199262048157e-10,0.2157139629125595,0.000012183349099359475,-0.26134148240089417;0.20105138421058655,-0.1281609684228897,0.02216700091958046,-0.04565075412392616
;-85.37069702148438;-0.000006040748758096015,5.615341525100348e-9,-0.0037168930284678936,-0.000059903861256316304;1.1395955012982739e-10,0.21571393311023712,0.00001218286979565164,-0.26134154200553894;0.20104822516441345,-0.1281609833240509,0.02216700091958046,-0.04565075412392616
;-85.37069702148438;-0.000006040757398295682,5.615339748743509e-9,-0.003716993611305952,-0.000059899855841649696;1.1395955012982739e-10,0.2157140076160431,0.000012182619684608653,-0.26134151220321655;0.20104822516441345,-0.1281609833240509,0.02216700091958046,-0.045650750398635864
;-85.3707046508789;-0.0000060407664932427,5.615337972386669e-9,-0.003717095125466585,-0.00005989586497889832;1.1395955012982739e-10,0.21571406722068787,0.00001218237139255507,-0.26134148240089417;0.20104822516441345,-0.1281609833240509,0.02216700091958046,-0.045650750398635864
;-85.3707046508789;-0.000006040752850822173,5.615283349413858e-9,-0.003717196872457862,-0.00005989192140987143;1.139583219456064e-10,0.21571415662765503,0.000012182008504169062,-0.26134148240089417;0.20104661583900452,-0.1281609833240509,0.02216700091958046,-0.045650750398635864
;-85.37071990966797;-0.000006040728294465225,5.615228282351836e-9,-0.003717297688126564,-0.00005988798147882335;1.1395710070027931e-10,0.2157142013311386,0.000012181646525277756,-0.2613218128681183;0.20104503631591797,-0.12816153466701508,0.022165756672620773,-0.045650746673345566
;-85.3707275390625;-0.000006040709649823839,5.615173215289815e-9,-0.0037173971068114042,-0.00005988405246171169;1.1395587945495222e-10,0.2157142460346222,0.000012181286365375854,-0.26128247380256653;0.20104345679283142,-0.12816260755062103,0.02216327004134655,-0.045650746673345566
;-85.37073516845703;-0.000006040652806404978,5.6150648575226114e-9,-0.003717495361343026,-0.000059880167100345716;1.1395343696429805e-10,0.2157142162322998,0.000012180813428130932,-0.26124319434165955;0.20104026794433594,-0.12816371023654938,0.022160783410072327,-0.045650750398635864
;-85.37074279785156;-0.000006040637799742399,5.61500890228217e-9,-0.003717594314366579,-0.0000598762599111069;1.1395219490228925e-10,0.21571429073810577,0.000012180455087218434,-0.2612038552761078;0.2010386884212494,-0.12816478312015533,0.022158296778798103,-0.045650746673345566
;-85.37075805664062;-0.000006040609605406644,5.614952947041729e-9,-0.0037176930345594883,-0.0000598723599978257;1.1395097365696216e-10,0.21571433544158936,0.00001218009947479004,-0.2612038850784302;0.20103712379932404,-0.12816479802131653,0.022158296778798103,-0.045650746673345566
;-85.37076568603516;-0.000006040596417733468,5.614896547712078e-9,-0.0037177917547523975,-0.00005986846736050211;1.1394974547274117e-10,0.21571442484855652,0.000012179744771856349,-0.26120391488075256;0.2010355144739151,-0.12816479802131653,0.022158296778798103,-0.045650746673345566
;-85.37077331542969;-0.000006040567768650362,5.614840592471637e-9,-0.0037178904749453068,-0.00005986458563711494;1.1394852422741408e-10,0.2157144695520401,0.000012179389159427956,-0.26116451621055603;0.20103393495082855,-0.12816588580608368,0.02215581014752388,-0.045650746673345566
;-85.37078857421875;-0.000006040520929673221,5.6147300142583845e-9,-0.003717987798154354,-0.00005986075120745227;1.1394622051463799e-10,0.2157144397497177,0.000012178921679151244,-0.26112526655197144;0.20103074610233307,-0.12816697359085083,0.022153323516249657,-0.045650746673345566
;-85.37079620361328;-0.000006040467269485816,5.614619436045132e-9,-0.003718084655702114,-0.00005985691677778959;1.1394377802398381e-10,0.2157144546508789,0.000012178455108369235,-0.2611252963542938;0.20102755725383759,-0.12816698849201202,0.022153323516249657,-0.045650746673345566
;-85.37080383300781;-0.000006040441348886816,5.614562148537061e-9,-0.0037181826774030924,-0.00005985306779621169;1.1394254290086892e-10,0.2157144844532013,0.00001217810404341435,-0.2611252963542938;0.20102602243423462,-0.12816698849201202,0.022153323516249657,-0.045650746673345566
;-85.37081146240234;-0.000006040427706466289,5.614503972850571e-9,-0.0037182802334427834,-0.000059849222452612594;1.1394132165554183e-10,0.2157144993543625,0.000012177753887954168,-0.2611253261566162;0.20102441310882568,-0.12816698849201202,0.022153323516249657,-0.045650746673345566
;-85.37081909179688;-0.000006040399512130534,5.61444624125329e-9,-0.003718378022313118,-0.00005984539529890753;1.1394009347132084e-10,0.21571457386016846,0.000012177404641988687,-0.2611253559589386;0.20102283358573914,-0.12816698849201202,0.022153323516249657,-0.04565074294805527
;-85.37083435058594;-0.000006040385414962657,5.6143880655668e-9,-0.00371847627684474,-0.00005984156814520247;1.1393887222599375e-10,0.21571463346481323,0.000012177055396023206,-0.2611252963542938;0.2010212391614914,-0.12816700339317322,0.022153323516249657,-0.04565074294805527
;-85.37083435058594;-0.000006040356765879551,5.6143298898803096e-9,-0.0037185731343925,-0.000059837748267455027;1.1393765098066666e-10,0.21571467816829681,0.000012176708878541831,-0.2611253261566162;0.20101964473724365,-0.12816700339317322,0.022153323516249657,-0.04565074294805527
;-85.370849609375;-0.000006040341759216972,5.614271714193819e-9,-0.003718671156093478,-0.00005983395385555923;1.1393642973533957e-10,0.2157147228717804,0.000012176361451565754,-0.2611252963542938;0.2010180950164795,-0.1281670182943344,0.022153323516249657,-0.04565074294805527
;-85.37085723876953;-0.000006040315838617971,5.614213094418119e-9,-0.003718768013641238,-0.00005983015216770582;1.1393520155111858e-10,0.2157147377729416,0.000012176014934084378,-0.2611253261566162;0.20101648569107056,-0.1281670182943344,0.022153323516249657,-0.04565074294805527
;-85.37086486816406;-0.0000060402667259040754,5.614101183937237e-9,-0.003718865569680929,-0.00005982640141155571;1.139327451826766e-10,0.21571476757526398,0.000012175555639259983,-0.2611253559589386;0.20101334154605865,-0.1281670182943344,0.022153323516249657,-0.04565074294805527
;-85.3708724975586;-0.000006040241714799777,5.6140425641615366e-9,-0.0037189628928899765,-0.000059822614275617525;1.1393152393734951e-10,0.21571482717990875,0.000012175211850262713,-0.261125385761261;0.20101173222064972,-0.1281670331954956,0.022153323516249657,-0.04565074294805527
;-85.37088775634766;-0.0000060402226154110394,5.6139835002966265e-9,-0.00371905998326838,-0.00005981885260553099;1.1393030269202242e-10,0.21571491658687592,0.000012174870789749548,-0.2611253559589386;0.20101013779640198,-0.1281670331954956,0.022153323516249657,-0.04565073549747467
;-85.37089538574219;-0.000006040195785317337,5.6139244364317165e-9,-0.003719157073646784,-0.000059815098211402074;1.1392907450780143e-10,0.2157149612903595,0.000012174527000752278,-0.2611253261566162;0.20100857317447662,-0.1281670331954956,0.022153323516249657,-0.04565073549747467
;-85.37090301513672;-0.000006040148036845494,5.6138116377724145e-9,-0.0037192536983639,-0.000059811380197061226;1.1392662507825335e-10,0.2157149314880371,0.000012174072253401391,-0.2611253559589386;0.20100536942481995,-0.1281670480966568,0.022153323516249657,-0.04565073549747467
;-85.37091827392578;-0.0000060401343944249675,5.613751685729085e-9,-0.003719350788742304,-0.000059807640354847535;1.1392540383292626e-10,0.2157149761915207,0.000012173732102382928,-0.2611254155635834;0.2010038197040558,-0.1281670480966568,0.022153323516249657,-0.04565073549747467
;-85.37092590332031;-0.000006040081188984914,5.613638887069783e-9,-0.0037194457836449146,-0.00005980394416837953;1.1392294052559038e-10,0.21571502089500427,0.000012173278264526743,-0.26112544536590576;0.20100060105323792,-0.128167062997818,0.022153323516249657,-0.04565074294805527
;-85.37094116210938;-0.000006040055723133264,5.613579823204873e-9,-0.0037195414770394564,-0.000059800222516059875;1.1392171928026329e-10,0.21571505069732666,0.000012172940841992386,-0.26112544536590576;0.20099905133247375,-0.128167062997818,0.022153323516249657,-0.04565073549747467
;-85.37095642089844;-0.000006040006610419368,5.613466580456361e-9,-0.00371963600628078,-0.00005979653724352829;1.139192629118213e-10,0.21571506559848785,0.000012172489732620306,-0.26112547516822815;0.20099586248397827,-0.1281670778989792,0.022153323516249657,-0.04565074294805527
;-85.3709716796875;-0.000006039954769221367,5.6133528936186394e-9,-0.0037197305355221033,-0.000059792866522911936;1.1391682736006103e-10,0.21571511030197144,0.000012172038623248227,-0.26112544536590576;0.20099268853664398,-0.1281670778989792,0.022153323516249657,-0.04565074294805527
;-85.37097930908203;-0.0000060399302128644194,5.61329205339689e-9,-0.0037198252975940704,-0.000059789177612401545;1.1391560611473395e-10,0.21571512520313263,0.000012171703929197975,-0.26112550497055054;0.20099110901355743,-0.1281670778989792,0.022153323516249657,-0.04565074294805527
;-85.3709945678711;-0.000006039881100150524,5.613178810648378e-9,-0.003719920292496681,-0.00005978552144370042;1.1391314280739806e-10,0.21571515500545502,0.000012171254638815299,-0.2611255645751953;0.20098794996738434,-0.12816709280014038,0.022153323516249657,-0.04565074294805527
;-85.37100982666016;-0.000006039830623194575,5.613064679721447e-9,-0.003720014588907361,-0.00005978187618893571;1.1391084603351587e-10,0.21571514010429382,0.000012170807167422026,-0.2611255943775177;0.20098476111888885,-0.12816710770130157,0.022153323516249657,-0.04565074294805527
;-85.37101745605469;-0.000006039783784217434,5.6129501047053054e-9,-0.00372010818682611,-0.000059778245486086234;1.1390840354286169e-10,0.21571514010429382,0.000012170359696028754,-0.2611256539821625;0.20098157227039337,-0.12816710770130157,0.022153323516249657,-0.045650746673345566
;-85.37103271484375;-0.000006039757408871083,5.612888376305136e-9,-0.0037202024832367897,-0.00005977458931738511;1.139071753586407e-10,0.2157152146100998,0.000012170027730462607,-0.2611256241798401;0.2009800225496292,-0.12816712260246277,0.022153323516249657,-0.045650746673345566
;-85.37104034423828;-0.000006039744675945258,5.612827536083387e-9,-0.003720296313986182,-0.000059770940424641594;1.139059402355258e-10,0.21571525931358337,0.000012169697583885863,-0.2611256539821625;0.20097842812538147,-0.12816712260246277,0.022153323516249657,-0.04565074294805527
;-85.37105560302734;-0.000006039694198989309,5.6127129610672455e-9,-0.0037203910760581493,-0.00005976732791168615;1.1390349080597773e-10,0.21571527421474457,0.000012169253750471398,-0.26112568378448486;0.200975239276886,-0.12816712260246277,0.022153323516249657,-0.045650746673345566
;-85.3710708618164;-0.0000060396455410227645,5.612597941961894e-9,-0.0037204851396381855,-0.00005976373722660355;1.1390104137642965e-10,0.21571528911590576,0.000012168809007562231,-0.26112571358680725;0.2009720653295517,-0.12816713750362396,0.022153323516249657,-0.045650746673345566
;-85.37107849121094;-0.0000060396214394131675,5.612535769472515e-9,-0.0037205794360488653,-0.00005976011379971169;1.1389982013110256e-10,0.21571533381938934,0.000012168480679974891,-0.26112571358680725;0.20097047090530396,-0.12816715240478516,0.022153323516249657,-0.045650746673345566
;-85.37109375;-0.0000060395695982151665,5.612420306277954e-9,-0.0037206734996289015,-0.00005975653766654432;1.1389737764044838e-10,0.21571531891822815,0.000012168037756055128,-0.26112571358680725;0.20096732676029205,-0.12816715240478516,0.022153323516249657,-0.045650746673345566
;-85.37110900878906;-0.000006039523668732727,5.612305287172603e-9,-0.003720766631886363,-0.00005975295789539814;1.138949282109003e-10,0.21571537852287292,0.00001216759756061947,-0.2611258029937744;0.20096413791179657,-0.12816716730594635,0.022153323516249657,-0.045650746673345566
;-85.37112426757812;-0.000006039475465513533,5.612189823978042e-9,-0.0037208592984825373,-0.000059749399952124804;1.1389247184245832e-10,0.21571539342403412,0.000012167157365183812,-0.2611258029937744;0.20096096396446228,-0.12816716730594635,0.022153323516249657,-0.045650750398635864
;-85.37113189697266;-0.000006039424533810234,5.612073916694271e-9,-0.0037209512665867805,-0.00005974584200885147;1.1389002241291024e-10,0.2157154232263565,0.000012166718988737557,-0.2611258924007416;0.200957790017128,-0.12816718220710754,0.022153323516249657,-0.045650750398635864
;-85.37114715576172;-0.000006039400432200637,5.612011744204892e-9,-0.0037210448645055294,-0.0000597422658756841;1.1388880116758315e-10,0.2157154232263565,0.000012166394299129024,-0.2611258625984192;0.20095621049404144,-0.12816718220710754,0.022153323516249657,-0.045650750398635864
;-85.37116241455078;-0.000006039351774234092,5.611895836921121e-9,-0.0037211377639323473,-0.0000597387261223048;1.1388635173803507e-10,0.2157154679298401,0.000012165956832177471,-0.2611258924007416;0.20095303654670715,-0.12816719710826874,0.022153323516249657,-0.045650750398635864
;-85.37117767333984;-0.000006039300842530793,5.6117799296373505e-9,-0.003721230663359165,-0.000059735200920840725;1.1388388843069919e-10,0.2157154679298401,0.000012165521184215322,-0.26112592220306396;0.20094987750053406,-0.12816719710826874,0.022153323516249657,-0.045650750398635864
;-85.3711929321289;-0.000006039254003553651,5.61166357826437e-9,-0.0037213226314634085,-0.000059731675719376653;1.1388144594004501e-10,0.21571548283100128,0.000012165086445747875,-0.26110631227493286;0.20094668865203857,-0.1281677633523941,0.02215207926928997,-0.04565075412392616
;-85.37120819091797;-0.000006039204436092405,5.611547226891389e-9,-0.003721414366737008,-0.00005972816870780662;1.1387898957160303e-10,0.21571549773216248,0.000012164650797785725,-0.26110634207725525;0.2009434998035431,-0.1281677633523941,0.02215207926928997,-0.04565075412392616
;-85.3712158203125;-0.000006039143499947386,5.6114304314291985e-9,-0.0037215063348412514,-0.000059724643506342545;1.1387669973661474e-10,0.21571554243564606,0.000012164217878307682,-0.2611064016819;0.2009403258562088,-0.1281677782535553,0.02215207926928997,-0.04565075412392616
;-85.37123107910156;-0.000006039131221768912,5.61136648258298e-9,-0.0037215985357761383,-0.00005972111830487847;1.1387547849128765e-10,0.21571557223796844,0.00001216389864566736,-0.2611064016819;0.20093876123428345,-0.1281677782535553,0.02215207926928997,-0.04565075412392616
;-85.3712387084961;-0.000006039082563802367,5.6112496871207895e-9,-0.003721690969541669,-0.000059717625845223665;1.1387301518395176e-10,0.21571558713912964,0.000012163465726189315,-0.2611064314842224;0.20093555748462677,-0.1281677931547165,0.02215207926928997,-0.04565075412392616
;-85.37125396728516;-0.000006039054369466612,5.611185738274571e-9,-0.0037217841017991304,-0.00005971412974759005;1.1387179393862468e-10,0.21571563184261322,0.000012163147403043695,-0.2611064314842224;0.2009340226650238,-0.1281677931547165,0.02215207926928997,-0.04565075412392616
;-85.37126159667969;-0.000006039040272298735,5.6111222335175626e-9,-0.0037218776997178793,-0.00005971062637399882;1.1387057269329759e-10,0.2157156616449356,0.000012162830898887478,-0.2611064016819;0.20093241333961487,-0.1281677931547165,0.02215207926928997,-0.04565075412392616
;-85.37126922607422;-0.000006038995252310997,5.611005438055372e-9,-0.0037219703663140535,-0.00005970717393211089;1.1386812326374951e-10,0.215715691447258,0.00001216240070789354,-0.2611064314842224;0.20092923939228058,-0.12816780805587769,0.02215207926928997,-0.04565075412392616
;-85.37127685546875;-0.000006038967967469944,5.610941489209154e-9,-0.0037220639642328024,-0.00005970368147245608;1.1386690201842242e-10,0.21571573615074158,0.000012162085113232024,-0.2611064612865448;0.20092764496803284,-0.12816782295703888,0.02215207926928997,-0.04565075412392616
;-85.37129211425781;-0.000006038939773134189,5.610878872630565e-9,-0.0037221575621515512,-0.00005970021811663173;1.1386567383420143e-10,0.21571581065654755,0.00001216177042806521,-0.2611064910888672;0.2009260654449463,-0.12816782295703888,0.02215207926928997,-0.04565075412392616
;-85.37129974365234;-0.000006038892934157047,5.610762521257584e-9,-0.003722250461578369,-0.00005969677658868022;1.1386321746575945e-10,0.21571578085422516,0.000012161342965555377,-0.2611065208911896;0.2009229063987732,-0.12816782295703888,0.02215207926928997,-0.04565075412392616
;-85.3713150024414;-0.0000060388765632524155,5.6106990165005755e-9,-0.0037223438266664743,-0.00005969332414679229;1.1386198928153846e-10,0.21571582555770874,0.00001216103100887267,-0.2611065208911896;0.20092129707336426,-0.12816783785820007,0.02215207926928997,-0.04565075412392616
;-85.37132263183594;-0.000006038831998012029,5.610583109216805e-9,-0.0037224357947707176,-0.000059689904446713626;1.1385954679088428e-10,0.21571587026119232,0.000012160602636868134,-0.26110655069351196;0.20091813802719116,-0.12816783785820007,0.02215207926928997,-0.04565075412392616
;-85.37133026123047;-0.000006038803803676274,5.610520048549006e-9,-0.003722528461366892,-0.00005968647383269854;1.1385832554555719e-10,0.2157159447669983,0.00001216029249917483,-0.26110655069351196;0.20091655850410461,-0.12816783785820007,0.02215207926928997,-0.04565075412392616
;-85.37134552001953;-0.000006038788797013694,5.610456987881207e-9,-0.003722621127963066,-0.00005968303594272584;1.138570973613362e-10,0.21571598947048187,0.000012159982361481525,-0.26110655069351196;0.20091497898101807,-0.12816785275936127,0.02215207926928997,-0.04565075412392616
;-85.3713607788086;-0.000006038730589352781,5.610341080597436e-9,-0.003722713328897953,-0.000059679648984456435;1.1385464099289422e-10,0.21571597456932068,0.000012159558536950499,-0.26110658049583435;0.20091179013252258,-0.12816786766052246,0.02215207926928997,-0.04565075412392616
;-85.37136840820312;-0.000006038679657649482,5.610224729224456e-9,-0.00372280552983284,-0.00005967626202618703;1.1385219156334614e-10,0.21571597456932068,0.000012159133802924771,-0.26110661029815674;0.20090864598751068,-0.12816786766052246,0.02215207926928997,-0.04565075412392616
;-85.37138366699219;-0.0000060386641962395515,5.610161668556657e-9,-0.0037228974979370832,-0.000059672867791960016;1.1385097031801905e-10,0.21571603417396545,0.000012158826393715572,-0.26110658049583435;0.20090703666210175,-0.12816786766052246,0.02215207926928997,-0.04565075412392616
;-85.37139129638672;-0.000006038618266757112,5.610045761272886e-9,-0.0037229883018881083,-0.00005966949538560584;1.1384852782736488e-10,0.21571606397628784,0.000012158403478679247,-0.2611066699028015;0.20090387761592865,-0.12816788256168365,0.02215207926928997,-0.04565075412392616
;-85.37139892578125;-0.00000603859143666341,5.6099822565158775e-9,-0.003723080037161708,-0.000059666101151378825;1.1384729964314388e-10,0.21571612358093262,0.00001215809697896475,-0.2611066699028015;0.2009022980928421,-0.12816788256168365,0.02215207926928997,-0.04565075412392616
;-85.37141418457031;-0.0000060385764300008304,5.609919195848079e-9,-0.0037231724709272385,-0.000059662725107045844;1.1384606452002899e-10,0.2157161682844162,0.000012157792298239656,-0.2611066997051239;0.20090070366859436,-0.12816788256168365,0.02215207926928997,-0.04565075412392616
;-85.37142181396484;-0.000006038516858097864,5.609802844475098e-9,-0.0037232639733701944,-0.00005965938180452213;1.1384362896826872e-10,0.2157161384820938,0.000012157371202192735,-0.2611066997051239;0.20089749991893768,-0.12816789746284485,0.02215207926928997,-0.04565075412392616
;-85.37142944335938;-0.000006038503215677338,5.609739783807299e-9,-0.003723355708643794,-0.00005965601667412557;1.1384255343971361e-10,0.2157161831855774,0.000012157067430962343,-0.2611066699028015;0.20089593529701233,-0.12816791236400604,0.02215207926928997,-0.04565075412392616
;-85.3714370727539;-0.000006038476840330986,5.609676723139501e-9,-0.003723447909578681,-0.00005965265881968662;1.1384131831659872e-10,0.21571625769138336,0.00001215676365973195,-0.2611066997051239;0.20089435577392578,-0.12816791236400604,0.02215207926928997,-0.04565075412392616
;-85.37145233154297;-0.000006038460924173705,5.609613662471702e-9,-0.0037235410418361425,-0.0000596493118791841;1.1384009013237772e-10,0.21571630239486694,0.000012156459888501558,-0.2611066997051239;0.20089276134967804,-0.12816791236400604,0.02215207926928997,-0.04565075412392616
;-85.3714599609375;-0.0000060384359130694065,5.609550601803903e-9,-0.003723633009940386,-0.00005964597221463919;1.1383886888705064e-10,0.21571636199951172,0.000012156157026765868,-0.2611067295074463;0.2008911669254303,-0.12816791236400604,0.02215207926928997,-0.04565075412392616
;-85.37146759033203;-0.0000060383877098502126,5.609434694520132e-9,-0.003723724978044629,-0.000059642672567861155;1.1383641945750256e-10,0.21571633219718933,0.000012155740478192456,-0.2611067593097687;0.2008880078792572,-0.12816792726516724,0.02215207926928997,-0.04565075412392616
;-85.37147521972656;-0.000006038395440555178,5.609424036379096e-9,-0.0037238169461488724,-0.000059639318351401016;1.1383641945750256e-10,0.2157164067029953,0.000012155554031778593,-0.2611067295074463;0.2008880078792572,-0.12816792726516724,0.02215207926928997,-0.045650750398635864
;-85.3714828491211;-0.00000603834541834658,5.609308129095325e-9,-0.0037239084485918283,-0.00005963603689451702;1.1383396308906057e-10,0.2157164216041565,0.000012155140211689286,-0.2611067593097687;0.2008848488330841,-0.12816792726516724,0.02215207926928997,-0.045650750398635864
;-85.37149047851562;-0.0000060383199524949305,5.609245512516736e-9,-0.0037240013480186462,-0.000059632726333802566;1.1383274878262739e-10,0.21571649610996246,0.000012154840078437701,-0.2611067295074463;0.20088323950767517,-0.12816794216632843,0.02215207926928997,-0.045650750398635864
;-85.37149810791016;-0.000006038307219569106,5.6091824518489375e-9,-0.0037240926176309586,-0.00005962943032500334;1.138315275373003e-10,0.21571651101112366,0.000012154539945186116,-0.2611067593097687;0.20088165998458862,-0.12816794216632843,0.02215207926928997,-0.045650750398635864
;-85.37151336669922;-0.000006038280844222754,5.6091202793595585e-9,-0.003724184585735202,-0.00005962613795418292;1.1383030629197322e-10,0.21571657061576843,0.000012154241630923934,-0.2611067593097687;0.20088006556034088,-0.12816795706748962,0.02215207926928997,-0.045650750398635864
;-85.37152099609375;-0.0000060382676565495785,5.6090581068701795e-9,-0.0037242756225168705,-0.00005962286013527773;1.1382907116885832e-10,0.21571661531925201,0.000012153944226156455,-0.2611067593097687;0.20087851583957672,-0.12816795706748962,0.02215207926928997,-0.045650746673345566
;-85.37152862548828;-0.000006038240826455876,5.6089959343808005e-9,-0.003724368056282401,-0.000059619578678393736;1.1382784298463733e-10,0.2157166600227356,0.000012153647730883677,-0.26110678911209106;0.2008768916130066,-0.12816795706748962,0.02215207926928997,-0.045650746673345566
;-85.37153625488281;-0.000006038225365045946,5.6089337618914215e-9,-0.0037244593258947134,-0.00005961631904938258;1.1382662173931024e-10,0.21571670472621918,0.0000121533521451056,-0.26110678911209106;0.20087532699108124,-0.12816795706748962,0.02215207926928997,-0.045650746673345566
;-85.37154388427734;-0.000006038176707079401,5.60881874278607e-9,-0.003724550362676382,-0.000059613088524201885;1.1382417924865607e-10,0.21571673452854156,0.0000121529419629951,-0.26110678911209106;0.20087212324142456,-0.12816797196865082,0.02215207926928997,-0.045650746673345566
;-85.37155151367188;-0.000006038185347279068,5.608809861001873e-9,-0.0037246413994580507,-0.000059609810705296695;1.1382417924865607e-10,0.21571679413318634,0.000012152760973549448,-0.2611067593097687;0.20087212324142456,-0.12816797196865082,0.02215207926928997,-0.045650746673345566
;-85.3715591430664;-0.00000603816079092212,5.608747688512494e-9,-0.0037247336003929377,-0.000059606569266179577;1.1382295106443507e-10,0.21571682393550873,0.000012152467206760775,-0.2611067593097687;0.2008705586194992,-0.12816797196865082,0.02215207926928997,-0.04565074294805527
;-85.37156677246094;-0.000006038133960828418,5.608686404201535e-9,-0.0037248251028358936,-0.00005960333510302007;1.1382172981910799e-10,0.2157168835401535,0.000012152174349466804,-0.2611067593097687;0.20086894929409027,-0.12816797196865082,0.02215207926928997,-0.04565074294805527
;-85.37157440185547;-0.0000060381194089131895,5.608625119890576e-9,-0.0037249175366014242,-0.00005960010821581818;1.13820501634887e-10,0.21571692824363708,0.000012151880582678132,-0.26110678911209106;0.20086738467216492,-0.128167986869812,0.02215207926928997,-0.04565074294805527
;-85.37157440185547;-0.000006038092578819487,5.608563835579616e-9,-0.003725008573383093,-0.000059596888604573905;1.1381928038955991e-10,0.21571694314479828,0.000012151589544373564,-0.2611067593097687;0.20086580514907837,-0.128167986869812,0.02215207926928997,-0.04565074294805527
;-85.37158203125;-0.0000060380793911463115,5.608502107179447e-9,-0.0037251010071486235,-0.00005959367990726605;1.1381803832755111e-10,0.21571698784828186,0.000012151298506068997,-0.2611067593097687;0.20086421072483063,-0.1281680017709732,0.02215207926928997,-0.04565073549747467
;-85.37158966064453;-0.000006038052106305258,5.608441266957698e-9,-0.003725192276760936,-0.00005959047848591581;1.1381681708222402e-10,0.21571701765060425,0.00001215100746776443,-0.26110678911209106;0.2008626013994217,-0.1281680017709732,0.02215207926928997,-0.04565073549747467
;-85.37159729003906;-0.000006038061201252276,5.6084328292627106e-9,-0.003725284244865179,-0.00005958726251265034;1.1381681708222402e-10,0.21571707725524902,0.000012150831935286988,-0.2611067593097687;0.2008626013994217,-0.1281680017709732,0.02215207926928997,-0.04565073549747467
;-85.37159729003906;-0.000006038045739842346,5.608371989040961e-9,-0.0037253752816468477,-0.000059584068367257714;1.1381559583689693e-10,0.215717151761055,0.000012150542715971824,-0.26110678911209106;0.20086103677749634,-0.1281680017709732,0.02215207926928997,-0.04565073177218437
;-85.3716049194336;-0.000006038053925294662,5.608364439524394e-9,-0.0037254677154123783,-0.00005958085966994986;1.1381559583689693e-10,0.21571721136569977,0.000012150369002483785,-0.2611067593097687;0.20086103677749634,-0.1281680017709732,0.02215207926928997,-0.04565073177218437
;-85.3716049194336;-0.000006038023911969503,5.608304043391854e-9,-0.003725560149177909,-0.000059577687352430075;1.1381437459156984e-10,0.21571728587150574,0.000012150079783168621,-0.2611067593097687;0.20085947215557098,-0.1281680017709732,0.02215207926928997,-0.045650728046894073
;-85.37161254882812;-0.0000060380311879271176,5.6082969379644965e-9,-0.0037256525829434395,-0.00005957450048299506;1.1381437459156984e-10,0.2157173454761505,0.000012149907888669986,-0.2611067295074463;0.20085947215557098,-0.1281680017709732,0.02215207926928997,-0.045650728046894073
;-85.37161254882812;-0.00000603800663157017,5.608236541831957e-9,-0.003725744318217039,-0.000059571346355369315;1.1381314640734885e-10,0.2157173752784729,0.000012149621397838928,-0.2611067295074463;0.20085783302783966,-0.1281680166721344,0.02215207926928997,-0.045650728046894073
;-85.37162017822266;-0.000006037992079654941,5.608176589788627e-9,-0.0037258367519825697,-0.00005956820314167999;1.1381192516202177e-10,0.21571741998195648,0.000012149335816502571,-0.2611067295074463;0.2008562833070755,-0.1281680166721344,0.02215207926928997,-0.045650724321603775
;-85.37162780761719;-0.0000060379993556125555,5.608169928450479e-9,-0.0037259284872561693,-0.0000595650308241602;1.1381192516202177e-10,0.21571750938892365,0.00001214916574099334,-0.2611066699028015;0.2008562833070755,-0.1281680166721344,0.02215207926928997,-0.045650724321603775
;-85.37162780761719;-0.0000060379711612768006,5.60810997640715e-9,-0.0037260197568684816,-0.000059561902162386104;1.1381070391669468e-10,0.21571755409240723,0.000012148881069151685,-0.2611066699028015;0.20085470378398895,-0.1281680166721344,0.02215207926928997,-0.04565072059631348
;-85.37162780761719;-0.000006037978891981766,5.608103315069002e-9,-0.0037261119578033686,-0.00005955874439678155;1.1381070391669468e-10,0.2157176285982132,0.000012148710993642453,-0.2611066401004791;0.20085470378398895,-0.1281680166721344,0.02215207926928997,-0.04565072059631348
;-85.37162780761719;-0.00000603798616793938,5.608097541909274e-9,-0.0037262048572301865,-0.00005955560118309222;1.1381070391669468e-10,0.21571768820285797,0.000012148540918133222,-0.26110661029815674;0.20085470378398895,-0.1281680166721344,0.02215207926928997,-0.04565071314573288
;-85.37163543701172;-0.000006037993443896994,5.608091324660336e-9,-0.0037262975238263607,-0.000059552468883339316;1.1381070391669468e-10,0.21571776270866394,0.000012148371752118692,-0.26110658049583435;0.20085470378398895,-0.1281680166721344,0.02215207926928997,-0.04565070942044258
;-85.37163543701172;-0.0000060379793467291165,5.608032704884636e-9,-0.0037263890262693167,-0.00005954936204943806;1.1380946879357978e-10,0.21571780741214752,0.000012148090718255844,-0.26110661029815674;0.20085307955741882,-0.1281680166721344,0.02215207926928997,-0.04565070942044258
;-85.37164306640625;-0.000006037987077434082,5.608026487635698e-9,-0.0037264814600348473,-0.000059546240663621575;1.1380946879357978e-10,0.21571789681911469,0.000012147923371230718,-0.26110658049583435;0.20085307955741882,-0.1281680166721344,0.02215207926928997,-0.04565070942044258
;-85.37164306640625;-0.000006037957518856274,5.6079678678599976e-9,-0.0037265729624778032,-0.000059543152019614354;1.138082544871466e-10,0.21571794152259827,0.000012147644156357273,-0.26110655069351196;0.20085152983665466,-0.1281680315732956,0.02215207926928997,-0.04565070569515228
;-85.37164306640625;-0.000006037965249561239,5.607962538789479e-9,-0.003726664464920759,-0.000059540059737628326;1.138082544871466e-10,0.21571800112724304,0.000012147477718826849,-0.2611065208911896;0.20085152983665466,-0.1281680315732956,0.02215207926928997,-0.04565070569515228
;-85.37164306640625;-0.000006037972525518853,5.607957209718961e-9,-0.0037267564330250025,-0.00005953695290372707;1.138082544871466e-10,0.215718075633049,0.000012147313100285828,-0.2611064910888672;0.20085152983665466,-0.1281680315732956,0.02215207926928997,-0.045650701969861984
;-85.37164306640625;-0.000006037978437234415,5.607951880648443e-9,-0.0037268493324518204,-0.000059533856983762234;1.138082544871466e-10,0.2157181352376938,0.000012147147572250105,-0.2611064612865448;0.20085152983665466,-0.1281680315732956,0.02215207926928997,-0.045650698244571686
;-85.37164306640625;-0.000006037985713192029,5.6079474397563445e-9,-0.0037269422318786383,-0.00005953077197773382;1.138082544871466e-10,0.21571820974349976,0.000012146983863203786,-0.2611064314842224;0.20085152983665466,-0.1281680315732956,0.02215207926928997,-0.045650698244571686
;-85.37164306640625;-0.0000060379916249075904,5.607943442953456e-9,-0.003727035131305456,-0.000059527701523620635;1.138082544871466e-10,0.21571828424930573,0.000012146820154157467,-0.26110637187957764;0.20085152983665466,-0.1281680315732956,0.02215207926928997,-0.04565069079399109
;-85.37164306640625;-0.000006037997991370503,5.607939002061357e-9,-0.0037271275650709867,-0.00005952463470748626;1.138082544871466e-10,0.2157183587551117,0.00001214665735460585,-0.26110634207725525;0.20085152983665466,-0.1281680315732956,0.02215207926928997,-0.04565068706870079
;-85.37164306640625;-0.000006038003903086064,5.607935005258469e-9,-0.0037272199988365173,-0.00005952156789135188;1.138082544871466e-10,0.21571841835975647,0.000012146495464548934,-0.26110631227493286;0.20085152983665466,-0.1281680315732956,0.02215207926928997,-0.04565068334341049
;-85.37164306640625;-0.0000060380111790436786,5.60793145254479e-9,-0.003727312432602048,-0.00005951851562713273;1.138082544871466e-10,0.21571849286556244,0.00001214633448398672,-0.2611062824726105;0.20085152983665466,-0.1281680315732956,0.02215207926928997,-0.04565068334341049
;-85.37164306640625;-0.000006038016636011889,5.607927455741901e-9,-0.003727405332028866,-0.000059515467000892386;1.138082544871466e-10,0.21571855247020721,0.000012146173503424507,-0.2611062526702881;0.20085152983665466,-0.1281680315732956,0.02215207926928997,-0.045650679618120193
;-85.37164306640625;-0.0000060380234572221525,5.607924347117432e-9,-0.0037274977657943964,-0.00005951243292656727;1.138082544871466e-10,0.21571862697601318,0.000012146013432356995,-0.2611062228679657;0.20085152983665466,-0.1281680315732956,0.02215207926928997,-0.045650675892829895
;-85.37164306640625;-0.000006038029368937714,5.6079207944037535e-9,-0.0037275906652212143,-0.00005950939885224216;1.138082544871466e-10,0.21571871638298035,0.000012145853361289483,-0.2611061930656433;0.20085152983665466,-0.1281680315732956,0.02215207926928997,-0.045650675892829895
;-85.37164306640625;-0.000006038036190147977,5.6079176857792845e-9,-0.0037276826333254576,-0.000059506375691853464;1.138082544871466e-10,0.21571877598762512,0.000012145696018706076,-0.2611061632633209;0.20085152983665466,-0.1281680315732956,0.02215207926928997,-0.0456506721675396
;-85.37164306640625;-0.000006038042101863539,5.6079145771548156e-9,-0.003727774601429701,-0.00005950336344540119;1.138082544871466e-10,0.2157188504934311,0.000012145536857133266,-0.26110613346099854;0.20085152983665466,-0.1281680315732956,0.02215207926928997,-0.045650664716959
;-85.37164306640625;-0.000006038048923073802,5.607912356708766e-9,-0.003727866569533944,-0.00005950035483692773;1.138082544871466e-10,0.21571891009807587,0.000012145379514549859,-0.26110610365867615;0.20085152983665466,-0.1281680315732956,0.02215207926928997,-0.0456506609916687
;-85.37164306640625;-0.000006038054834789364,5.607909692173507e-9,-0.0037279583048075438,-0.00005949735714239068;1.138082544871466e-10,0.21571898460388184,0.000012145223081461154,-0.26110607385635376;0.20085152983665466,-0.1281680315732956,0.02215207926928997,-0.0456506609916687
;-85.37164306640625;-0.000006038061655999627,5.607907027638248e-9,-0.003728050272911787,-0.00005949435580987483;1.138082544871466e-10,0.2157190442085266,0.000012145066648372449,-0.26110604405403137;0.20085152983665466,-0.1281680315732956,0.02215207926928997,-0.0456506572663784
;-85.37164306640625;-0.000006038067112967838,5.607904363102989e-9,-0.003728141775354743,-0.00005949138358118944;1.138082544871466e-10,0.21571911871433258,0.000012144912034273148,-0.261106014251709;0.20085152983665466,-0.1281680315732956,0.02215207926928997,-0.045650653541088104
;-85.37164306640625;-0.000006038073934178101,5.60790169856773e-9,-0.0037282335106283426,-0.00005948839316261001;1.138082544871466e-10,0.21571919322013855,0.000012144756510679144,-0.2611059546470642;0.20085152983665466,-0.1281680315732956,0.02215207926928997,-0.045650649815797806
;-85.37164306640625;-0.000006038080300641013,5.607899478121681e-9,-0.0037283250130712986,-0.00005948542457190342;1.138082544871466e-10,0.21571926772594452,0.000012144603715569247,-0.2611059248447418;0.20085152983665466,-0.1281680315732956,0.02215207926928997,-0.045650649815797806
;-85.37164306640625;-0.000006038086667103926,5.607897701764841e-9,-0.0037284165155142546,-0.00005948246325715445;1.138082544871466e-10,0.2157193273305893,0.000012144450010964647,-0.26110589504241943;0.20085152983665466,-0.1281680315732956,0.02215207926928997,-0.04565064236521721
;-85.37164306640625;-0.000006038092578819487,5.607895925408002e-9,-0.003728508250787854,-0.00005947950921836309;1.138082544871466e-10,0.21571940183639526,0.000012144297215854749,-0.26110586524009705;0.20085152983665466,-0.1281680315732956,0.02215207926928997,-0.04565063863992691
;-85.37164306640625;-0.0000060380998547771014,5.6078941490511625e-9,-0.003728599287569523,-0.00005947655881755054;1.138082544871466e-10,0.21571946144104004,0.000012144146239734255,-0.26110583543777466;0.20085152983665466,-0.1281680315732956,0.02215207926928997,-0.04565063863992691
;-85.37164306640625;-0.000006038105311745312,5.607892816783533e-9,-0.003728690091520548,-0.00005947361933067441;1.138082544871466e-10,0.215719535946846,0.000012143994354119059,-0.26110580563545227;0.20085152983665466,-0.1281680315732956,0.02215207926928997,-0.04565063491463661
;-85.37164306640625;-0.000006038111223460874,5.6078910404266935e-9,-0.00372878136113286,-0.0000594706907577347;1.138082544871466e-10,0.21571962535381317,0.000012143844287493266,-0.2611057758331299;0.20085152983665466,-0.1281680315732956,0.02215207926928997,-0.045650631189346313
;-85.37164306640625;-0.000006038118044671137,5.607889264069854e-9,-0.003728872165083885,-0.000059467758546816185;1.138082544871466e-10,0.21571968495845795,0.000012143695130362175,-0.2611057460308075;0.20085152983665466,-0.1281680315732956,0.02215207926928997,-0.045650631189346313
;-85.37164306640625;-0.000006038124411134049,5.607887487713015e-9,-0.003728963201865554,-0.00005946483724983409;1.138082544871466e-10,0.21571975946426392,0.000012143544154241681,-0.2611057162284851;0.20085152983665466,-0.1281680315732956,0.02215207926928997,-0.045650627464056015
;-85.37164306640625;-0.000006038130322849611,5.607886155445385e-9,-0.003729054005816579,-0.000059461930504767224;1.138082544871466e-10,0.2157198190689087,0.000012143395906605292,-0.2611056864261627;0.20085152983665466,-0.1281680315732956,0.02215207926928997,-0.04565062001347542
;-85.37164306640625;-0.000006038136234565172,5.607884379088546e-9,-0.003729144809767604,-0.000059459027397679165;1.138082544871466e-10,0.21571989357471466,0.000012143246749474201,-0.26110565662384033;0.20085152983665466,-0.1281680315732956,0.02215207926928997,-0.04565061628818512
;-85.37164306640625;-0.000006038143055775436,5.607883490910126e-9,-0.0037292351480573416,-0.00005945613156654872;1.138082544871466e-10,0.21571995317935944,0.000012143100320827216,-0.26110562682151794;0.20085152983665466,-0.1281680315732956,0.02215207926928997,-0.04565061628818512
;-85.37164306640625;-0.000006038149876985699,5.607882602731706e-9,-0.0037293259520083666,-0.00005945324301137589;1.138082544871466e-10,0.2157200574874878,0.000012142952982685529,-0.26110559701919556;0.20085152983665466,-0.1281680315732956,0.02215207926928997,-0.04565061256289482
;-85.37164306640625;-0.0000060381557887012605,5.607881714553287e-9,-0.003729416523128748,-0.000059450358094181865;1.138082544871466e-10,0.21572013199329376,0.000012142807463533245,-0.2611055374145508;0.20085152983665466,-0.1281680315732956,0.02215207926928997,-0.04565060883760452
;-85.37163543701172;-0.000006038198534952244,5.607934117080049e-9,-0.0037295075599104166,-0.000059447451349115;1.1380946879357978e-10,0.21572022140026093,0.000012142775631218683,-0.2611055076122284;0.20085307955741882,-0.1281680166721344,0.02215207926928997,-0.045650605112314224
;-85.37162017822266;-0.000006038226274540648,5.6079860755176014e-9,-0.0037295992951840162,-0.000059444555517984554;1.1381070391669468e-10,0.2157203108072281,0.000012142744708398823,-0.26110541820526123;0.20085470378398895,-0.1281680166721344,0.02215207926928997,-0.045650601387023926
;-85.37157440185547;-0.000006038357241777703,5.60819879424912e-9,-0.0037296938244253397,-0.00005944156873738393;1.1381559583689693e-10,0.21572045981884003,0.000012143057574576233,-0.2611052691936493;0.20086103677749634,-0.1281680017709732,0.02215207926928997,-0.04565058648586273
;-85.37149810791016;-0.000006038567335053813,5.6085722732746035e-9,-0.003729795338585973,-0.000059438501921249554;1.1382417924865607e-10,0.2157207578420639,0.000012143712410761509,-0.261104941368103;0.20087212324142456,-0.12816797196865082,0.02215207926928997,-0.04565056785941124
;-85.371337890625;-0.0000060390048020053655,5.609374298387593e-9,-0.0037299091927707195,-0.00005943518772255629;1.1384255343971361e-10,0.21572120487689972,0.000012145280379627366,-0.26110440492630005;0.20089593529701233,-0.12816791236400604,0.02215207926928997,-0.04565053433179855
;-85.37103271484375;-0.000006039850632078014,5.610925946086809e-9,-0.0037300458643585443,-0.000059431444242363796;1.1387777526516984e-10,0.21572206914424896,0.000012148445421189535,-0.26110339164733887;0.20094193518161774,-0.1281677633523941,0.02215207926928997,-0.04565046727657318
;-85.37044525146484;-0.000006041478627594188,5.613923548253297e-9,-0.003730227006599307,-0.000059426878578960896;1.1394622051463799e-10,0.21572361886501312,0.000012154688192822505,-0.2611014246940613;0.20103074610233307,-0.128167524933815,0.02215207926928997,-0.045650336891412735
;-85.36933135986328;-0.000006044536803528899,5.619546605828418e-9,-0.003730492666363716,-0.000059420799516374245;1.140742847405285e-10,0.21572650969028473,0.000012166518899903167,-0.26109778881073;0.20119722187519073,-0.1281670480966568,0.02215207926928997,-0.04565010592341423
;-85.36720275878906;-0.000006050401680113282,5.630365063069576e-9,-0.00373091921210289,-0.00005941172275925055;1.1432083751872213e-10,0.2157319188117981,0.000012189408153062686,-0.26109078526496887;0.20151738822460175,-0.12816613912582397,0.02215207926928997,-0.04564965143799782
;-85.36315155029297;-0.000006061598014639458,5.6509885659750125e-9,-0.003731650998815894,-0.00005939698530710302;1.1479098227518136e-10,0.21574224531650543,0.00001223316303367028,-0.2610774636268616;0.20212702453136444,-0.1281643956899643,0.02215207926928997,-0.04564879834651947
;-85.35543823242188;-0.000006082972959120525,5.6902598188912634e-9,-0.003732963465154171,-0.000059371475799707696;1.1568754981761131e-10,0.21576185524463654,0.000012316586435190402,-0.26105210185050964;0.20328575372695923,-0.12816108763217926,0.02215207926928997,-0.04564717411994934
;-85.34073638916016;-0.000006123870662122499,5.7650724194502345e-9,-0.0037353853695094585,-0.000059325455367797986;1.1739921534914544e-10,0.21579915285110474,0.000012475575204007328,-0.26100388169288635;0.20548562705516815,-0.12815478444099426,0.02215207926928997,-0.04564408212900162
;-85.3127670288086;-0.000006202508757269243,5.907583311426379e-9,-0.003739923005923629,-0.00005924037395743653;1.2067416510497253e-10,0.2158699929714203,0.000012778355085174553,-0.260912150144577;0.2096491903066635,-0.12814277410507202,0.02215207926928997,-0.04563819617033005
;-85.25951385498047;-0.000006354915512929438,6.179012856932786e-9,-0.0037485004868358374,-0.00005908098682994023;1.2696395323974485e-10,0.21600481867790222,0.000013354423572309315,-0.2607375383377075;0.21748314797878265,-0.12811993062496185,0.02215207926928997,-0.04562700167298317
;-85.15819549560547;-0.000006655393463006476,6.6966010514590835e-9,-0.0037648268043994904,-0.00005878009324078448;1.391496501357281e-10,0.21626131236553192,0.00001445042471459601,-0.26040515303611755;0.23208484053611755,-0.128076434135437,0.02215207926928997,-0.04560569301247597
;-84.96540832519531;-0.00000726669532014057,7.684714198319398e-9,-0.0037960968911647797,-0.00005820997103000991;1.6312184936140284e-10,0.2167491614818573,0.000016533385860384442,-0.2597726285457611;0.25881263613700867,-0.12799367308616638,0.02215207926928997,-0.04556514695286751
;-84.59864044189453;-0.000008586183867009822,9.574185888538977e-9,-0.0038565276190638542,-0.00005712880738428794;2.1162251118145292e-10,0.21767538785934448,0.000020481991668930277,-0.2585706114768982;0.3062259554862976,-0.12783639132976532,0.02215207926928997,-0.04548809304833412
;-83.90337371826172;-0.000011790464668592904,1.3214777716541448e-8,-0.00397527078166604,-0.00005507197420229204;3.154522199011467e-10,0.2194356769323349,0.000027964579203398898,-0.2562818229198456;0.38684406876564026,-0.12753687798976898,0.02215207926928997,-0.0453413762152195
;-82.58256530761719;-0.000021444146113935858,2.026964374124418e-8,-0.004215000197291374,-0.00005117824548506178;5.594310570344874e-10,0.22275537252426147,0.00004200361217954196,-0.25193026661872864;0.5176082253456116,-0.12697044014930725,0.022150835022330284,-0.04506363347172737
;-80.07630157470703;-0.00006624789966735989,3.4329300291346954e-8,-0.0047278329730033875,-0.00004376985089038499;1.245971548158309e-9,0.2290133535861969,0.00006826195021858439,-0.24366362392902374;0.7342687845230103,-0.12589393556118011,0.02214834652841091,-0.044535763561725616
;-75.47907257080078;-0.0005299648037180305,6.36475476767373e-8,-0.005944335367530584,-0.000029814118533977307;3.829074834982293e-9,0.2405495047569275,0.000116247872938402,-0.2282051146030426;1.1121517419815063,-0.12387095391750336,0.022145859897136688,-0.043544236570596695
;-66.17538452148438;-0.023012908175587654,1.368199775697576e-7,-0.009476711973547935,-0.000002870139269361971;2.0740561268439706e-8,0.2616260051727295,0.00020454656623769552,-0.1988980919122696;1.6623554229736328,-0.11999338865280151,0.022145859897136688,-0.04164475202560425
;-51.7735481262207;-3.3502488136291504,4.643331692477659e-7,-0.024201111868023872,0.00004778375296154991;2.8176276600788697e-7,0.2957378923892975,0.0003593515430111438,-0.1465735137462616;1.7026495933532715,-0.11288056522607803,0.022145859897136688,-0.03816043585538864
;-14.216025352478027;-168.82891845703125,0.000012788021194864996,-0.1277158558368683,0.00015348786837421358;0.000023598580810357817,0.3420705497264862,0.0006824522279202938,-0.0549759604036808;0.4881930649280548,-0.09939203411340714,0.02214834652841091,-0.03155316039919853
;9.71418571472168;-152.82122802734375,0.46061620116233826,-5.635256290435791,0.0004364976775832474;0.31009232997894287,0.3865807354450226,0.015161212533712387,0.13068565726280212;0.005022507160902023,-0.06760530918836594,0.022150835022330284,-0.01597725786268711
;11.151091575622559;-55.766700744628906,0.5892292857170105,-12.765768051147461,0.0004216933739371598;0.07196541130542755,0.3826863467693329,0.023920241743326187,0.0996437668800354;0.011519617401063442,-0.07306725531816483,0.022157052531838417,-0.018651830032467842
;13.531848907470703;-13.959083557128906,0.9757369160652161,-12.603923797607422,0.000488689576741308;0.18763306736946106,0.3853534758090973,0.03872593492269516,0.11943131685256958;0.006802441086620092,-0.06958937644958496,0.02216327004134655,-0.01694868877530098
;16.54134178161621;-3.558696746826172,1.4415881633758545,-12.679092407226562,0.0005359174101613462;0.23738570511341095,0.38599255681037903,0.053513385355472565,0.12464321404695511;0.005922311916947365,-0.06867697834968567,0.022169487550854683,-0.016502883285284042
;17.370262145996094;-0.8480075597763062,2.0890448093414307,-12.0631742477417,0.0005896077491343021;0.31134891510009766,0.386726438999176,0.07049115002155304,0.13094601035118103;0.005009625572711229,-0.06757715344429016,0.022176943719387054,-0.01596568524837494
;18.840423583984375;-0.1985253244638443,2.764145851135254,-11.489764213562012,0.0006433262606151402;0.3718256950378418,0.3872127830982208,0.08694206178188324,0.13529936969280243;0.004463609773665667,-0.0668191984295845,0.022184401750564575,-0.015595993958413601
;19.720081329345703;-0.04515687748789787,3.4822702407836914,-10.935789108276367,0.0006992439739406109;0.4263046383857727,0.3875937759876251,0.10325249284505844,0.1388012319803238;0.004067158792167902,-0.06620577722787857,0.02219807170331478,-0.015298436395823956
;20.43393325805664;-0.010056777857244015,4.189365386962891,-10.404973983764648,0.0007576845237053931;0.4765116274356842,0.38791006803512573,0.11876583844423294,0.14173337817192078;0.0037581806536763906,-0.06567469239234924,0.02223409339785576,-0.015045961365103722
;20.950613021850586;-0.0022124391980469227,4.8419342041015625,-9.970318794250488,0.0008170203072950244;0.5114296674728394,0.3881143629550934,0.1328478455543518,0.14359185099601746;0.0035678045824170113,-0.06530950218439102,0.022294897586107254,-0.014879991300404072
;21.273054122924805;-0.0004814924323000014,5.422636985778809,-9.54469108581543,0.0008782242075540125;0.5389573574066162,0.38826775550842285,0.14537960290908813,0.14492596685886383;0.003429403295740485,-0.06501373648643494,0.02238287217915058,-0.014753748662769794
;21.419221878051758;-0.00010438686149427667,5.907278060913086,-9.118727684020996,0.0009401755523867905;0.5537323951721191,0.38834714889526367,0.1559835821390152,0.1454770565032959;0.0033588651567697525,-0.06482623517513275,0.02250405214726925,-0.014687472954392433
;21.387094497680664;-0.00002264163049403578,6.286712646484375,-8.613061904907227,0.001002600183710456;0.5574265718460083,0.38836589455604553,0.16453959047794342,0.14532777667045593;0.0033416152000427246,-0.0647193193435669,0.02267543040215969,-0.01467107143253088
;21.181480407714844;-0.000004938418896927033,6.5559492111206055,-7.932610034942627,0.0010649836622178555;0.5497745275497437,0.38832324743270874,0.1709555834531784,0.1443839818239212;0.0033775358460843563,-0.06467778235673904,0.022936930879950523,-0.01470519695430994
;20.8072566986084;-0.0000010885728443099651,6.715292453765869,-7.020817279815674,0.0011266052024438977;0.5308979749679565,0.38821834325790405,0.17521944642066956,0.14245842397212982;0.0034689810127019882,-0.06466943025588989,0.023370981216430664,-0.014790450222790241
;20.316097259521484;-2.434410646401375e-7,6.772298336029053,-6.057928562164307,0.001187227084301412;0.503209114074707,0.3880597949028015,0.17746011912822723,0.13937218487262726;0.0036110987421125174,-0.06463145464658737,0.02409772388637066,-0.014918623492121696
;19.78175926208496;-5.531306257466895e-8,6.743815898895264,-5.387686729431152,0.0012472406961023808;0.47174394130706787,0.38787147402763367,0.17798875272274017,0.13525758683681488;0.0037856767885386944,-0.06451963633298874,0.025144321843981743,-0.015069425106048584
;19.2406005859375;-1.2776972369010764e-8,6.649531364440918,-5.000568866729736,0.001307238475419581;0.44035565853118896,0.3876734972000122,0.17716284096240997,0.13046395778656006;0.003976024221628904,-0.06434810161590576,0.026412934064865112,-0.01522621139883995
;18.712421417236328;-3.009758886562963e-9,6.5061492919921875,-4.78172492980957,0.0013674928341060877;0.410567045211792,0.3874746859073639,0.17527949810028076,0.12527254223823547;0.004174381028860807,-0.06414960324764252,0.027794888243079185,-0.015381894074380398
;18.210506439208984;-7.313624150739884e-10,6.327816486358643,-4.646030426025391,0.0014282707124948502;0.3832358121871948,0.3872811496257782,0.17259559035301208,0.1198822483420372;0.004374377895146608,-0.06394198536872864,0.029218990355730057,-0.015531646087765694
;17.74103546142578;-1.903332075281483e-10,6.125942230224609,-4.547143936157227,0.001489768037572503;0.3587014079093933,0.3870968222618103,0.16932247579097748,0.11441338062286377;0.0045713079161942005,-0.06373235583305359,0.030646400526165962,-0.015672631561756134
;17.305627822875977;-5.839585065503528e-11,5.909294128417969,-4.462995529174805,0.0015520519809797406;0.33690664172172546,0.38692334294319153,0.1656269133090973,0.10893542319536209;0.004762491211295128,-0.06352455168962479,0.03205467388033867,-0.01580388844013214
;16.904312133789062;-2.4337422702136458e-11,5.684530258178711,-4.3837103843688965,0.001615317421965301;0.3176534175872803,0.3867614269256592,0.16164042055606842,0.10348111391067505;0.004946234170347452,-0.06331904232501984,0.03343475982546806,-0.015925224870443344
;16.536394119262695;-1.4226539217510048e-11,5.456673622131348,-4.30521821975708,0.0016795991687104106;0.3007075786590576,0.3866111636161804,0.15746788680553436,0.0980721116065979;0.005121292546391487,-0.0631156712770462,0.034781575202941895,-0.016036760061979294
;16.200790405273438;-1.0246747894626651e-11,5.2294769287109375,-4.2261643409729,0.0017450300510972738;0.28583472967147827,0.38647252321243286,0.15319177508354187,0.09272321313619614;0.005286717787384987,-0.06291396915912628,0.03609253838658333,-0.016138752922415733
;15.896116256713867;-8.024254871674685e-12,5.005701541900635,-4.146407604217529,0.0018116151914000511;0.27281174063682556,0.38634535670280457,0.1488771289587021,0.08743990212678909;0.005441825836896896,-0.0627129003405571,0.03736814484000206,-0.016231564804911613
;15.620706558227539;-6.4475581991463304e-12,4.787332534790039,-4.066314697265625,0.0018794629722833633;0.2614290416240692,0.3862292468547821,0.14457473158836365,0.08222603052854538;0.005586194805800915,-0.0625118613243103,0.03860892727971077,-0.01631563901901245
;15.372803688049316;-5.209149517987344e-12,4.575755596160889,-3.986462354660034,0.0019486160017549992;0.25149381160736084,0.38612380623817444,0.1403236836194992,0.07708713412284851;0.0057196649722754955,-0.06231078878045082,0.03981458768248558,-0.016391484066843987
;15.150715827941895;-4.204559009984843e-12,4.371899604797363,-3.90739369392395,0.0020190903451293707;0.24283646047115326,0.3860284090042114,0.136153906583786,0.07202281057834625;0.0058422083966434,-0.062109269201755524,0.040986597537994385,-0.016459599137306213
;14.952837944030762;-3.3837047747065085e-12,4.17635440826416,-3.829524278640747,0.002090964699164033;0.23531022667884827,0.385942667722702,0.13208813965320587,0.06703253090381622;0.005953898187726736,-0.06190701574087143,0.04212635010480881,-0.016520462930202484
;14.777641296386719;-2.7134709409959434e-12,3.989447593688965,-3.753228187561035,0.0021642432548105717;0.22878815233707428,0.38586610555648804,0.12814335525035858,0.062121450901031494;0.006054870318621397,-0.06170426309108734,0.04323359206318855,-0.01657453179359436
;14.623650550842285;-2.1679684956976697e-12,3.8113129138946533,-3.678781032562256,0.002238903660327196;0.2231600433588028,0.3857981860637665,0.1243317723274231,0.0572858490049839;0.00614535715430975,-0.061500661075115204,0.04431045800447464,-0.016622234135866165
;14.489437103271484;-1.7257504019568826e-12,3.6419339179992676,-3.606381416320801,0.002315123798325658;0.21832899749279022,0.385738343000412,0.1206618994474411,0.052527427673339844;0.00622566370293498,-0.06129636988043785,0.04535742849111557,-0.01666399836540222
;14.373631477355957;-1.3687551526225805e-12,3.4811856746673584,-3.5361390113830566,0.0023928286973387003;0.21421022713184357,0.3856861889362335,0.1171390488743782,0.04784199222922325;0.006296162027865648,-0.06109120696783066,0.046376463025808334,-0.016700228676199913
;14.274932861328125;-1.0817677049274055e-12,3.3288631439208984,-3.468149185180664,0.002472046297043562;0.21072962880134583,0.3856411278247833,0.11376623064279556,0.04323093593120575;0.006357264705002308,-0.060885436832904816,0.04736794903874397,-0.01673131063580513
;14.19211483001709;-8.520077547126415e-13,3.1847047805786133,-3.4024391174316406,0.0025528110563755035;0.20782236754894257,0.3856028616428375,0.1105446144938469,0.038692623376846313;0.006409418769180775,-0.060679130256175995,0.04833299294114113,-0.01675761118531227
;14.124016761779785;-6.688023615822325e-13,3.048409938812256,-3.339005470275879,0.002635158598423004;0.20543181896209717,0.38557082414627075,0.10747388750314713,0.034228336066007614;0.006453089881688356,-0.06047258526086807,0.04927196353673935,-0.016779476776719093
;14.069552421569824;-5.232884438266527e-13,2.919651985168457,-3.277820110321045,0.0027190910186618567;0.20350825786590576,0.38554462790489197,0.10455237329006195,0.02983327955007553;0.006488769315183163,-0.06026573106646538,0.05018655210733414,-0.016797233372926712
;14.027694702148438;-4.081482059877656e-13,2.798091411590576,-3.218846321105957,0.002804643241688609;0.2020079642534256,0.38552382588386536,0.10177766531705856,0.02550555020570755;0.006516934372484684,-0.06005869433283806,0.051077693700790405,-0.01681118831038475
;13.997480392456055;-3.1737503250472976e-13,2.6833791732788086,-3.162012815475464,0.002891779411584139;0.2008923441171646,0.3855079710483551,0.0991465151309967,0.021249178797006607;0.006538072135299444,-0.05985194072127342,0.051945026963949203,-0.01682162657380104
;13.978008270263672;-2.4606423669470967e-13,2.5751662254333496,-3.107264280319214,0.002980573335662484;0.20012715458869934,0.3854967951774597,0.09665528684854507,0.017059216275811195;0.006552672013640404,-0.05964544415473938,0.05279010161757469,-0.01682882383465767
;13.968429565429688;-1.9023388279134495e-13,2.473106861114502,-3.054516553878784,0.0030710259452462196;0.1996820718050003,0.385489821434021,0.09429981559515,0.01293373666703701;0.006561203859746456,-0.059439320117235184,0.05361374840140343,-0.016833029687404633
;13.967952728271484;-1.4666645176998616e-13,2.3768601417541504,-3.0036892890930176,0.0031630967278033495;0.19953009486198425,0.3854869604110718,0.09207583218812943,0.008873717859387398;0.006564120762050152,-0.05923385173082352,0.05441619083285332,-0.016834482550621033
;13.975838661193848;-1.12776480591225e-13,2.2860963344573975,-2.9547128677368164,0.003256863448768854;0.1996469646692276,0.3854875862598419,0.08997868746519089,0.0048713055439293385;0.0065618837252259254,-0.05902886390686035,0.055199358612298965,-0.016833404079079628
;13.991394996643066;-8.649471519876425e-14,2.2004947662353516,-2.9075028896331787,0.0033523268066346645;0.20001108944416046,0.38549157977104187,0.08800383657217026,0.0009332288173027337;0.006554912775754929,-0.05882490798830986,0.055962275713682175,-0.016830002889037132
;14.013980865478516;-6.617284302977422e-14,2.1197469234466553,-2.861978769302368,0.003449485870078206;0.2006029486656189,0.38549867272377014,0.08614658564329147,-0.0029453940223902464;0.006543609779328108,-0.058621954172849655,0.05670623481273651,-0.016824472695589066
;14.04299545288086;-5.0503973561804444e-14,2.0435566902160645,-2.8180673122406006,0.0035483406390994787;0.20140494406223297,0.38550853729248047,0.0844021886587143,-0.006763572804629803;0.0065283700823783875,-0.05842023342847824,0.057431407272815704,-0.016816990450024605
;14.07788372039795;-3.8455641394787715e-14,1.9716415405273438,-2.7756922245025635,0.0036489320918917656;0.2024013102054596,0.38552093505859375,0.08276601135730743,-0.010526119731366634;0.006509564816951752,-0.058219704777002335,0.058139000087976456,-0.01680772751569748
;14.118130683898926;-2.921567068131514e-14,1.9037320613861084,-2.7347915172576904,0.0037512623239308596;0.2035776674747467,0.3855355978012085,0.08123346418142319,-0.014234960079193115;0.006487524602562189,-0.058020446449518204,0.05882962793111801,-0.016796836629509926
;14.16325855255127;-2.2147446704823444e-14,1.8395718336105347,-2.6952900886535645,0.003855288028717041;0.20492105185985565,0.38555243611335754,0.07980012148618698,-0.01788882166147232;0.006462575867772102,-0.05782267451286316,0.05950339511036873,-0.016784459352493286
;14.212824821472168;-1.6753820417580653e-14,1.778917670249939,-2.657118320465088,0.003961096052080393;0.20641954243183136,0.385571151971817,0.07846150547266006,-0.021489622071385384;0.006435026880353689,-0.05762644484639168,0.060160886496305466,-0.016770735383033752
;14.266422271728516;-1.2647794324447542e-14,1.7215406894683838,-2.6202266216278076,0.004068643320351839;0.20806244015693665,0.3855917155742645,0.07721337676048279,-0.025036146864295006;0.0064051453955471516,-0.05743195489048958,0.06080220639705658,-0.016755782067775726
;14.323673248291016;-9.52914183243456e-15,1.6672227382659912,-2.584545850753784,0.004177932161837816;0.2098398059606552,0.38561373949050903,0.07605166733264923,-0.028532929718494415;0.006373198237270117,-0.0572391152381897,0.061428386718034744,-0.01673971675336361
;14.384232521057129;-7.16569544586404e-15,1.615759015083313,-2.5500285625457764,0.004289006348699331;0.21174275875091553,0.385637104511261,0.07497231662273407,-0.03197870030999184;0.006339420098811388,-0.057048093527555466,0.06203948333859444,-0.01672264374792576
;14.44778060913086;-5.378436445399679e-15,1.5669575929641724,-2.516619920730591,0.004401868209242821;0.21376310288906097,0.3856618106365204,0.07397153228521347,-0.0353749543428421;0.006304025184363127,-0.05685891956090927,0.06263602524995804,-0.016704656183719635
;14.514025688171387;-4.029710542167867e-15,1.520635962486267,-2.4842727184295654,0.004516476299613714;0.2158931940793991,0.3856876492500305,0.07304555177688599,-0.0387231707572937;0.006267226301133633,-0.0566716305911541,0.06321849673986435,-0.0166858471930027
;14.5826997756958;-3.0139850542372417e-15,1.476624846458435,-2.4529359340667725,0.004632876720279455;0.2181263118982315,0.38571447134017944,0.07219082862138748,-0.04202179238200188;0.006229194346815348,-0.056486353278160095,0.06378695368766785,-0.016666293144226074
;14.653555870056152;-2.250546000305705e-15,1.4347645044326782,-2.4225618839263916,0.0047510722652077675;0.220456063747406,0.38574227690696716,0.07140391319990158,-0.045275088399648666;0.00619010953232646,-0.0563029870390892,0.06434228271245956,-0.016646072268486023
;14.726371765136719;-1.6778306022503407e-15,1.3949055671691895,-2.393120288848877,0.004871027078479528;0.22287675738334656,0.38577085733413696,0.07068151980638504,-0.048481449484825134;0.00615011528134346,-0.05612165108323097,0.06488450616598129,-0.01662524975836277
;14.800942420959473;-1.2489931735276574e-15,1.3569083213806152,-2.3645708560943604,0.004992771428078413;0.22538304328918457,0.3858001232147217,0.07002053409814835,-0.051642101258039474;0.00610935827717185,-0.0559423454105854,0.06541405618190765,-0.01660389080643654
;14.877070426940918;-9.284692359021705e-16,1.3206430673599243,-2.3368585109710693,0.005116359796375036;0.227970153093338,0.3858300447463989,0.06941788643598557,-0.05475819483399391;0.006067956797778606,-0.05576507747173309,0.06593134999275208,-0.016582051292061806
;14.95461368560791;-6.893261592060679e-16,1.2859872579574585,-2.309964179992676,0.005241763312369585;0.2306331992149353,0.38586047291755676,0.06887070834636688,-0.057827990502119064;0.0060260300524532795,-0.055589932948350906,0.06643639504909515,-0.01655978336930275
;15.033429145812988;-5.112033889697243e-16,1.25282883644104,-2.2840206623077393,0.005369030870497227;0.2333693653345108,0.38589146733283997,0.06837630271911621,-0.060852326452732086;0.005983664654195309,-0.05541688948869705,0.06692958623170853,-0.016537128016352654
;15.113335609436035;-3.787504911971848e-16,1.221062421798706,-2.2585043907165527,0.005498116370290518;0.23617462813854218,0.3859228193759918,0.06793197244405746,-0.06383220851421356;0.005940964911133051,-0.05524592846632004,0.06741129606962204,-0.01651412434875965
;15.19426441192627;-2.80417377559249e-16,1.1905908584594727,-2.2338814735412598,0.0056290216743946075;0.23904582858085632,0.3859545886516571,0.06753525137901306,-0.06676708161830902;0.005897992756217718,-0.05507707968354225,0.06788172572851181,-0.016490818932652473
;15.276113510131836;-2.075250705456635e-16,1.16132390499115,-2.2099339962005615,0.005761808715760708;0.24198070168495178,0.38598668575286865,0.06718374788761139,-0.06965760141611099;0.005854821298271418,-0.05491030961275101,0.0683412179350853,-0.016467232257127762
;15.358846664428711;-1.535708717505775e-16,1.133177638053894,-2.1870739459991455,0.005896429531276226;0.244977667927742,0.3860190808773041,0.06687517464160919,-0.07250428944826126;0.005811499431729317,-0.054745566099882126,0.06879013031721115,-0.016443386673927307
;15.442394256591797;-1.1368783573818613e-16,1.1060773134231567,-2.1652021408081055,0.006032898090779781;0.24803796410560608,0.38605180382728577,0.06660743802785873,-0.07530440390110016;0.005768021568655968,-0.0545828603208065,0.06922842562198639,-0.016419285908341408
;15.526618957519531;-8.424501019629605e-17,1.0799505710601807,-2.1438844203948975,0.006171215791255236;0.2511564791202545,0.38608473539352417,0.06637834757566452,-0.07805918157100677;0.005724500399082899,-0.054422199726104736,0.06965643912553787,-0.016394970938563347
;15.61144733428955;-6.253550281860913e-17,1.0547313690185547,-2.123080015182495,0.0063114408403635025;0.2543313801288605,0.3861178755760193,0.06618595123291016,-0.08076930046081543;0.005680970847606659,-0.05426355078816414,0.07007449865341187,-0.016370471566915512
;15.696802139282227;-4.654459941796671e-17,1.0303583145141602,-2.1027867794036865,0.006453614681959152;0.2575603723526001,0.38615116477012634,0.06602831929922104,-0.0834340825676918;0.005637472495436668,-0.054106928408145905,0.07048272341489792,-0.016345812007784843
;15.78260612487793;-3.47757549039705e-17,1.006775140762329,-2.082995653152466,0.0065977913327515125;0.26084136962890625,0.38618460297584534,0.0659036636352539,-0.08605284243822098;0.005594064947217703,-0.05395235866308212,0.07088125497102737,-0.016321007162332535
;15.868795394897461;-2.611910630717238e-17,0.9839293956756592,-2.0636894702911377,0.0067438408732414246;0.26417234539985657,0.3862181305885315,0.06581024080514908,-0.08862476795911789;0.005550781264901161,-0.053799841552972794,0.07127021253108978,-0.016296083107590675
;15.955312728881836;-1.9753135893492855e-17,0.961773157119751,-2.04486346244812,0.006891828496009111;0.2675516605377197,0.3862517476081848,0.06574644893407822,-0.09115207195281982;0.005507640074938536,-0.05364930257201195,0.07165005803108215,-0.016271056607365608
;16.04210662841797;-1.507075926776701e-17,0.940261960029602,-2.0264978408813477,0.007041750475764275;0.2709776759147644,0.38628533482551575,0.06571064889431,-0.09363378584384918;0.005464686080813408,-0.05350074544548988,0.07202091068029404,-0.016245940700173378
;16.129135131835938;-1.1624088733980042e-17,0.9193549156188965,-2.0085837841033936,0.0071936361491680145;0.2744489312171936,0.386319100856781,0.065701425075531,-0.09606779366731644;0.005421940702944994,-0.053354233503341675,0.07238269597291946,-0.016220752149820328
;16.216354370117188;-9.083295121863173e-18,0.8990152478218079,-1.9911128282546997,0.007347423117607832;0.27796435356140137,0.3863528370857239,0.06571731716394424,-0.09845446795225143;0.005379421170800924,-0.053209707140922546,0.07273570448160172,-0.016195502132177353
;16.303730010986328;-7.205887126124032e-18,0.8792082667350769,-1.9740769863128662,0.007503177039325237;0.2815225422382355,0.38638660311698914,0.06575702875852585,-0.10079442709684372;0.005337145179510117,-0.053067147731781006,0.07308017462491989,-0.0161701999604702
;16.39122772216797;-5.8138306635228295e-18,0.8599027991294861,-1.9574562311172485,0.007660956587642431;0.2851225435733795,0.3864203095436096,0.06581925600767136,-0.10308822244405746;0.005295129958540201,-0.05292650684714317,0.07341636717319489,-0.016144856810569763
;16.478818893432617;-4.776642541922695e-18,0.8410700559616089,-1.9412503242492676,0.007820670492947102;0.2887633144855499,0.3864540755748749,0.06590275466442108,-0.10533072799444199;0.005253391806036234,-0.0527879036962986,0.07374390214681625,-0.01611948385834694
;16.566478729248047;-3.998843784758471e-18,0.8226839303970337,-1.9254484176635742,0.007982480339705944;0.292444109916687,0.3864877223968506,0.06600641459226608,-0.10752665251493454;0.005211936309933662,-0.052651192992925644,0.0740635022521019,-0.016094086691737175
;16.654184341430664;-3.4106519879891107e-18,0.8047202825546265,-1.9100366830825806,0.008146314881742;0.29616400599479675,0.3865213990211487,0.06612908840179443,-0.1096721664071083;0.005170783959329128,-0.05251644551753998,0.07437491416931152,-0.016068674623966217
;16.74191665649414;-2.961138882070644e-18,0.7871571779251099,-1.8950119018554688,0.008312101475894451;0.29992228746414185,0.386555016040802,0.06626974791288376,-0.11176784336566925;0.005129929166287184,-0.05238361656665802,0.07467839866876602,-0.016043251380324364
;16.82965660095215;-2.6131834962438346e-18,0.7699748277664185,-1.8803656101226807,0.008479958400130272;0.3037183880805969,0.38658854365348816,0.06642735749483109,-0.11381125450134277;0.005089388228952885,-0.05225274711847305,0.07497385889291763,-0.016017824411392212
;16.917388916015625;-2.339758324378972e-18,0.7531550526618958,-1.8660893440246582,0.008649858646094799;0.3075515925884247,0.38662201166152954,0.06660103797912598,-0.11580424755811691;0.005049165338277817,-0.05212375521659851,0.075261689722538,-0.01599239557981491
;17.00510025024414;-2.1212091415314896e-18,0.7366811633110046,-1.8521790504455566,0.00882190652191639;0.3114214539527893,0.38665539026260376,0.06678985804319382,-0.11774445325136185;0.00500926049426198,-0.05199669301509857,0.07554179430007935,-0.01596697047352791
;17.092775344848633;-1.9432501249322906e-18,0.720538318157196,-1.8386253118515015,0.008996027521789074;0.31532731652259827,0.3866886496543884,0.06699293106794357,-0.11963225156068802;0.004969680216163397,-0.05187150463461876,0.075814388692379,-0.015941552817821503
;17.180408477783203;-1.795503880206591e-18,0.7047126889228821,-1.8254269361495972,0.009172201156616211;0.3192688524723053,0.3867218494415283,0.06720948964357376,-0.12146540731191635;0.004930427763611078,-0.05174822732806206,0.07607940584421158,-0.01591615006327629
;17.267986297607422;-1.6704272439509431e-18,0.6891918778419495,-1.8125754594802856,0.009350454434752464;0.3232455551624298,0.3867550194263458,0.0674387514591217,-0.12324284762144089;0.004891499876976013,-0.05162687227129936,0.07633689045906067,-0.015890758484601974
;17.355501174926758;-1.562540144607183e-18,0.6739646792411804,-1.80006742477417,0.009530844166874886;0.32725703716278076,0.3867882192134857,0.06767994165420532,-0.12496352940797806;0.004852903075516224,-0.05150742456316948,0.07658692449331284,-0.01586538553237915
;17.442951202392578;-1.4678539172615803e-18,0.6590207815170288,-1.7879019975662231,0.009713269770145416;0.3313030004501343,0.38682112097740173,0.0679323598742485,-0.12662798166275024;0.004814632702618837,-0.05138985067605972,0.076829694211483,-0.01584002934396267
;17.530324935913086;-1.38345833372402e-18,0.6443508863449097,-1.776072382926941,0.00989790540188551;0.3353831470012665,0.3868540823459625,0.06819538027048111,-0.12823237478733063;0.004776694346219301,-0.05127421393990517,0.07706498354673386,-0.01581469364464283
;17.61762046813965;-1.307227022832358e-18,0.6299465298652649,-1.7645807266235352,0.010084738954901695;0.3394971489906311,0.38688692450523376,0.06846834719181061,-0.1297786384820938;0.004739084746688604,-0.05116044729948044,0.07729310542345047,-0.01578938029706478
;17.704835891723633;-1.237598577782824e-18,0.6158000230789185,-1.7534213066101074,0.010273636318743229;0.3436448574066162,0.3869197368621826,0.06875064224004745,-0.13126301765441895;0.004701795522123575,-0.05104862153530121,0.07751386612653732,-0.015764089301228523
;17.791969299316406;-1.1734163932839158e-18,0.601904571056366,-1.742597222328186,0.010464723221957684;0.3478260934352875,0.38695237040519714,0.06904172897338867,-0.13268576562404633;0.00466483598574996,-0.050938695669174194,0.07772742211818695,-0.015738824382424355
;17.879016876220703;-1.1138183403421999e-18,0.5882537364959717,-1.7321066856384277,0.010658014565706253;0.3520405888557434,0.38698482513427734,0.06934104859828949,-0.13404475152492523;0.0046281954273581505,-0.05083069950342178,0.07793369889259338,-0.015713581815361977
;17.96598243713379;-1.0581557025622816e-18,0.5748418569564819,-1.7219507694244385,0.010853561572730541;0.3562884032726288,0.38701730966567993,0.06964805722236633,-0.13533887267112732;0.004591875243932009,-0.05072462931275368,0.0781327411532402,-0.01568836346268654
;18.052865982055664;-1.0059311376008633e-18,0.5616635680198669,-1.7121320962905884,0.011051335372030735;0.36056944727897644,0.38704973459243774,0.0699622854590416,-0.13656717538833618;0.004555868916213512,-0.05062049627304077,0.07832459360361099,-0.01566317118704319
;18.139671325683594;-9.567588690997657e-19,0.5487143993377686,-1.7026526927947998,0.011251348070800304;0.36488375067710876,0.38708192110061646,0.07028325647115707,-0.1377260684967041;0.004520174115896225,-0.050518352538347244,0.07850904017686844,-0.015637999400496483
;18.226404190063477;-9.103399746651275e-19,0.5359896421432495,-1.6935170888900757,0.011453581042587757;0.36923131346702576,0.38711410760879517,0.07061051577329636,-0.13881449401378632;0.0044847894459962845,-0.0504181943833828,0.07868611067533493,-0.015612850897014141
;18.313066482543945;-8.6642526613741695e-19,0.5234856009483337,-1.6847270727157593,0.0116580780595541;0.3736124336719513,0.3871462047100067,0.07094365358352661,-0.1398315280675888;0.004449702799320221,-0.05032002925872803,0.07885584980249405,-0.015587721019983292
;18.399669647216797;-8.248147726035494e-19,0.5111986994743347,-1.6762914657592773,0.011864792555570602;0.3780272603034973,0.3871782124042511,0.07128226011991501,-0.1407734751701355;0.004414916504174471,-0.05022391304373741,0.07901803404092789,-0.015562613494694233
;18.48621940612793;-7.853389737367399e-19,0.499125599861145,-1.6682120561599731,0.012073876336216927;0.3824760913848877,0.38721010088920593,0.0716259554028511,-0.1416407972574234;0.004380416590720415,-0.05012980476021767,0.07917282730340958,-0.015537519939243793
;18.57272720336914;-7.478537333152509e-19,0.48726317286491394,-1.6604976654052734,0.012285228818655014;0.3869592845439911,0.3872418701648712,0.07197436690330505,-0.14242969453334808;0.004346206784248352,-0.050037771463394165,0.07932000607252121,-0.015512442216277122
;18.659202575683594;-7.122298560671594e-19,0.4756086468696594,-1.653153657913208,0.012498902156949043;0.3914772570133209,0.38727372884750366,0.0723271518945694,-0.14313805103302002;0.004312275443226099,-0.04994785413146019,0.07945948094129562,-0.015487373806536198
;18.74565887451172;-6.783557760073472e-19,0.4641595184803009,-1.6461867094039917,0.012715068645775318;0.3960306942462921,0.3873053789138794,0.07268399000167847,-0.14376476407051086;0.0042786141857504845,-0.04986002668738365,0.07959124445915222,-0.015462311916053295
;18.832107543945312;-6.461293363301641e-19,0.4529133141040802,-1.639602541923523,0.012933453544974327;0.4006199836730957,0.38733696937561035,0.0730445608496666,-0.14430759847164154;0.004245213232934475,-0.04977433755993843,0.07971522212028503,-0.015437256544828415
;18.918563842773438;-6.154584614936752e-19,0.4418676793575287,-1.633406400680542,0.013154219835996628;0.4052458703517914,0.3873685896396637,0.0734085738658905,-0.14476299285888672;0.00421207444742322,-0.049690838903188705,0.07983118295669556,-0.01541220024228096
;19.005037307739258;-5.862578484972111e-19,0.4310205578804016,-1.6275997161865234,0.013377309776842594;0.40990886092185974,0.3874000608921051,0.07377570867538452,-0.14512999355793;0.004179184790700674,-0.049609534442424774,0.07993911951780319,-0.015387139283120632
;19.09153938293457;-5.584500008571331e-19,0.42036986351013184,-1.6221842765808105,0.013602862134575844;0.4146095812320709,0.3874315023422241,0.07414568960666656,-0.14540760219097137;0.00414653867483139,-0.049530427902936935,0.08003903925418854,-0.015362072736024857
;19.178083419799805;-5.319632640528789e-19,0.4099135100841522,-1.617156982421875,0.01383085548877716;0.41934850811958313,0.387462854385376,0.07451829314231873,-0.14559240639209747;0.004114135168492794,-0.049453575164079666,0.08013070374727249,-0.01533699594438076
;19.26466941833496;-5.067285685033002e-19,0.39964962005615234,-1.6125072240829468,0.014061438851058483;0.42412611842155457,0.38749417662620544,0.07489322870969772,-0.1456822156906128;0.004081961698830128,-0.04937902092933655,0.08021397888660431,-0.015311905182898045
;19.351303100585938;-4.826845477467034e-19,0.3895762860774994,-1.6082197427749634,0.014294409193098545;0.42894238233566284,0.3875255286693573,0.07527024298906326,-0.14567886292934418;0.004050022456794977,-0.0493067167699337,0.0802890881896019,-0.015286802314221859
;19.437978744506836;-4.597733508389979e-19,0.3796914517879486,-1.6042723655700684,0.014529766514897346;0.4337974190711975,0.3875568211078644,0.07564914226531982,-0.14558155834674835;0.004018312320113182,-0.049236658960580826,0.08035597205162048,-0.015261686407029629
;19.524682998657227;-4.379418831246156e-19,0.3699931204319,-1.6006337404251099,0.014767762273550034;0.43869057297706604,0.3875879943370819,0.07602964341640472,-0.14539088308811188;0.00398683687672019,-0.04916885867714882,0.08041472733020782,-0.015236560255289078
;19.611398696899414;-4.171412892486274e-19,0.36047935485839844,-1.5972645282745361,0.015008178539574146;0.4436207115650177,0.38761913776397705,0.07641156762838364,-0.14510907232761383;0.0039555965922772884,-0.0491032674908638,0.08046553283929825,-0.01521142665296793
;19.698097229003906;-3.973243682173297e-19,0.35114800930023193,-1.5941157341003418,0.01525101251900196;0.448586642742157,0.3876502811908722,0.07679469138383865,-0.14473801851272583;0.003924592863768339,-0.04903985187411308,0.08050855249166489,-0.015186293981969357
;19.784738540649414;-3.784501228916127e-19,0.3419969081878662,-1.5911319255828857,0.015496429987251759;0.4535861611366272,0.3876813054084778,0.07717878371477127,-0.1442810446023941;0.00389384594745934,-0.048978570848703384,0.08054405450820923,-0.015161171555519104
;19.871278762817383;-3.6047859010813247e-19,0.3330238461494446,-1.5882551670074463,0.01574438251554966;0.4586164951324463,0.3877122104167938,0.07756363600492477,-0.14374186098575592;0.0038633651565760374,-0.04891936853528023,0.08057229220867157,-0.015136074274778366
;19.957660675048828;-3.4337518337752665e-19,0.32422664761543274,-1.5854276418685913,0.015994928777217865;0.46367451548576355,0.3877430558204651,0.07794909179210663,-0.14312782883644104;0.003833163296803832,-0.04886211082339287,0.08059386909008026,-0.015111012384295464
;20.043825149536133;-3.2710474752376174e-19,0.3156028091907501,-1.5825926065444946,0.016248108819127083;0.4687563180923462,0.387773722410202,0.07833492755889893,-0.14244510233402252;0.0038032608572393656,-0.04880671203136444,0.0806092619895935,-0.015086005441844463
;20.12970733642578;-3.1163497080415987e-19,0.3071500360965729,-1.5797032117843628,0.016503727063536644;0.4738577902317047,0.3878043293952942,0.07872100174427032,-0.14169977605342865;0.0037736750673502684,-0.04875306040048599,0.08061891794204712,-0.015061070211231709
;20.215240478515625;-2.96934782246962e-19,0.29886594414711,-1.57672119140625,0.016762040555477142;0.47897469997406006,0.38783469796180725,0.07910711318254471,-0.14089812338352203;0.0037444219924509525,-0.04870108887553215,0.08062329143285751,-0.01503622718155384
;20.30035972595215;-2.8297378296465687e-19,0.29074811935424805,-1.57361900806427,0.01702280528843403;0.4841022491455078,0.38786494731903076,0.07949316501617432,-0.14004865288734436;0.0037155195605009794,-0.04865063354372978,0.0806230679154396,-0.015011493116617203
;20.384998321533203;-2.6972253049731636e-19,0.28279420733451843,-1.570383906364441,0.01728600263595581;0.4892358183860779,0.387894868850708,0.07987897843122482,-0.13915880024433136;0.0036869908217340708,-0.048601578921079636,0.08061880618333817,-0.014986889436841011
;20.469097137451172;-2.57152228619866e-19,0.27500197291374207,-1.5670108795166016,0.017551898956298828;0.49437087774276733,0.38792458176612854,0.08026447147130966,-0.13823314011096954;0.003658846952021122,-0.048553869128227234,0.08061083406209946,-0.014962436631321907
;20.55259895324707;-2.4523302128207143e-19,0.2673691511154175,-1.5635048151016235,0.01782039925456047;0.4995030164718628,0.38795408606529236,0.08064950257539749,-0.13727892935276031;0.003631103318184614,-0.04850738123059273,0.08059971779584885,-0.014938145875930786
;20.635454177856445;-2.339368618912883e-19,0.2598935663700104,-1.5598782300949097,0.01809145323932171;0.50462806224823,0.3879832327365875,0.08103401958942413,-0.13630180060863495;0.003603770164772868,-0.048462022095918655,0.08058589696884155,-0.01491403579711914
;20.717615127563477;-2.2323500592123035e-19,0.2525732219219208,-1.556147575378418,0.018365029245615005;0.5097421407699585,0.38801220059394836,0.08141791820526123,-0.13530752062797546;0.003576858201995492,-0.04841769486665726,0.08056981861591339,-0.014890119433403015
;20.79904556274414;-2.1309913536061476e-19,0.24540609121322632,-1.5523312091827393,0.018641116097569466;0.5148414969444275,0.38804078102111816,0.08180112391710281,-0.1343003660440445;0.003550376044586301,-0.04837432876229286,0.08055181056261063,-0.014866412617266178
;20.87970733642578;-2.0350182400225654e-19,0.23839037120342255,-1.5484486818313599,0.018919745460152626;0.5199228525161743,0.3880690634250641,0.0821836069226265,-0.13328586518764496;0.0035243243910372257,-0.04833181947469711,0.08053233474493027,-0.014842923730611801
;20.959571838378906;-1.944159687563975e-19,0.23152418434619904,-1.5445189476013184,0.01920117624104023;0.5249832272529602,0.38809701800346375,0.0825653150677681,-0.13226433098316193;0.003498717211186886,-0.0482901930809021,0.08051137626171112,-0.014819660224020481
;21.03861427307129;-1.8581543588555983e-19,0.2248058319091797,-1.540561318397522,0.019484953954815865;0.5300196409225464,0.38812461495399475,0.08294622600078583,-0.13123983144760132;0.003473542630672455,-0.04824936017394066,0.08048924803733826,-0.014796631410717964
;21.116811752319336;-1.776744276943895e-19,0.2182336449623108,-1.5365893840789795,0.019771261140704155;0.5350297689437866,0.3881518840789795,0.08332628011703491,-0.13021516799926758;0.0034488134551793337,-0.0482092909514904,0.08046621084213257,-0.014773844741284847
;21.19414520263672;-1.6996802536693336e-19,0.21180608868598938,-1.5326193571090698,0.02006017230451107;0.5400111079216003,0.38817882537841797,0.08370545506477356,-0.1291918158531189;0.0034245208371430635,-0.04816994443535805,0.08044235408306122,-0.014751305803656578
;21.270601272583008;-1.626731712436165e-19,0.20552155375480652,-1.528662919998169,0.02035173587501049;0.5449613928794861,0.3882053792476654,0.08408375084400177,-0.12817110121250153;0.003400669898837805,-0.048131316900253296,0.08041778951883316,-0.014729020185768604
;21.346168518066406;-1.5576683351425813e-19,0.19937852025032043,-1.52472984790802,0.020645752549171448;0.5498787760734558,0.3882316052913666,0.08446112275123596,-0.12715581059455872;0.0033772520255297422,-0.048093345016241074,0.0803927406668663,-0.01470699068158865
;21.42083168029785;-1.4922733746186996e-19,0.19337551295757294,-1.520829677581787,0.020942313596606255;0.5547616481781006,0.3882574439048767,0.08483760058879852,-0.1261458396911621;0.0033542653545737267,-0.04805603250861168,0.08036722242832184,-0.014685221016407013
;21.494583129882812;-1.4303386139947038e-19,0.18751104176044464,-1.5169689655303955,0.021241402253508568;0.559607744216919,0.3882829248905182,0.08521313220262527,-0.1251414269208908;0.003331708488985896,-0.048019398003816605,0.08034119755029678,-0.014663715846836567
;21.567415237426758;-1.3716744479645602e-19,0.18178364634513855,-1.513153314590454,0.021543165668845177;0.5644159317016602,0.3883080780506134,0.08558771759271622,-0.1241450086236;0.0033095816615968943,-0.04798337444663048,0.08031492680311203,-0.014642474241554737
;21.639324188232422;-1.316091400469206e-19,0.1761918067932129,-1.5093885660171509,0.02184726484119892;0.5691846013069153,0.388332724571228,0.08596135675907135,-0.12315552681684494;0.00328786950558424,-0.047947995364665985,0.08028828352689743,-0.01462150365114212
;21.710302352905273;-1.263417960778507e-19,0.17073412239551544,-1.5056767463684082,0.022154122591018677;0.573912501335144,0.38835710287094116,0.08633404225111008,-0.12217412889003754;0.0032665764447301626,-0.047913242131471634,0.08026137202978134,-0.014600797556340694
;21.78034782409668;-1.2134824889153586e-19,0.16540899872779846,-1.5020220279693604,0.022463342174887657;0.5785980820655823,0.3883810341358185,0.08670578896999359,-0.12120082229375839;0.003245694562792778,-0.04787910729646683,0.08023420721292496,-0.01458036620169878
;21.849456787109375;-1.166134282911911e-19,0.16021491587162018,-1.4984264373779297,0.02277541719377041;0.5832403898239136,0.3884047269821167,0.08707655221223831,-0.1202380433678627;0.0032252196688205004,-0.04784553498029709,0.08020700514316559,-0.014560204930603504
;21.917627334594727;-1.1212250964927587e-19,0.15515035390853882,-1.494891881942749,0.023089876398444176;0.5878382325172424,0.3884279131889343,0.08744636923074722,-0.11928460747003555;0.0032051438465714455,-0.047812554985284805,0.08017965406179428,-0.014540314674377441
;21.9848575592041;-1.0786175401280351e-19,0.15021368861198425,-1.4914191961288452,0.02340678870677948;0.5923904776573181,0.3884508013725281,0.08781521022319794,-0.11834044754505157;0.0031854636035859585,-0.047780171036720276,0.08015215396881104,-0.014520697295665741
;22.051145553588867;-1.0381783601909368e-19,0.14540334045886993,-1.4880092144012451,0.023726290091872215;0.5968964099884033,0.38847339153289795,0.08818309009075165,-0.11740672588348389;0.003166175214573741,-0.04774835705757141,0.0801246166229248,-0.014501352794468403
;22.116493225097656;-9.997863876464219e-20,0.14071764051914215,-1.4846630096435547,0.02404835633933544;0.6013545393943787,0.3884955644607544,0.08854999393224716,-0.11648226529359818;0.003147270530462265,-0.04771713539958,0.08009693026542664,-0.014482281170785427
;22.18090057373047;-9.633251709738795e-20,0.13615486025810242,-1.4813809394836426,0.02437291294336319;0.6057646870613098,0.3885173499584198,0.08891593664884567,-0.11556940525770187;0.0031287451274693012,-0.047686442732810974,0.08006933331489563,-0.014463482424616814
;22.244369506835938;-9.286902786209746e-20,0.13171333074569702,-1.4781628847122192,0.02470005489885807;0.6101256608963013,0.38853880763053894,0.08928091078996658,-0.11466692388057709;0.003110596677288413,-0.04765632003545761,0.08004169166088104,-0.014444956555962563
;22.306896209716797;-8.957766328005189e-20,0.1273912787437439,-1.4750092029571533,0.02502988837659359;0.6144366264343262,0.38855987787246704,0.0896449163556099,-0.11377223581075668;0.003092814702540636,-0.04762682318687439,0.08001378923654556,-0.014426703564822674
;22.368488311767578;-8.644875567784203e-20,0.12318693846464157,-1.4719196557998657,0.025362107902765274;0.6186971068382263,0.38858065009117126,0.09000793844461441,-0.11288785934448242;0.003075395245105028,-0.04759788513183594,0.0799858495593071,-0.014408720657229424
;22.42914390563965;-8.347345163797414e-20,0.11909845471382141,-1.4688935279846191,0.025697022676467896;0.622906506061554,0.38860106468200684,0.09036999195814133,-0.11201357841491699;0.0030583327170461416,-0.04756951704621315,0.07995786517858505,-0.014391009695827961
;22.488868713378906;-8.064329194621517e-20,0.11512396484613419,-1.4659311771392822,0.026034442707896233;0.6270641088485718,0.38862112164497375,0.09073107689619064,-0.11114948987960815;0.0030416238587349653,-0.04754170402884483,0.07992985099554062,-0.01437357161194086
;22.547664642333984;-7.795020512924419e-20,0.11126159131526947,-1.4630316495895386,0.02637423761188984;0.6311693787574768,0.3886408507823944,0.09109118580818176,-0.11029546707868576;0.0030252577271312475,-0.047514453530311584,0.0799018070101738,-0.0143563998863101
;22.605533599853516;-7.538670132510846e-20,0.10750938206911087,-1.4601942300796509,0.026716629043221474;0.6352218389511108,0.388660192489624,0.09145030379295349,-0.10945137590169907;0.0030092373490333557,-0.04748775437474251,0.07987372577190399,-0.014339501038193703
;22.662479400634766;-7.294570426216155e-20,0.10386544466018677,-1.4574189186096191,0.027061644941568375;0.6392209529876709,0.3886792063713074,0.09180846065282822,-0.10861719399690628;0.0029935496859252453,-0.0474616177380085,0.0798456072807312,-0.014322868548333645
;22.718505859375;-7.062089376353566e-20,0.1003277599811554,-1.4547044038772583,0.02740904688835144;0.6431665420532227,0.38869789242744446,0.09216562658548355,-0.10779286175966263;0.002978193573653698,-0.047436024993658066,0.07981745153665543,-0.014306503348052502
;22.773618698120117;-6.84055489867538e-20,0.09689439833164215,-1.4520512819290161,0.027759047225117683;0.6470580101013184,0.3887162208557129,0.09252183139324188,-0.10697832703590393;0.0029631636571139097,-0.0474109910428524,0.07978925853967667,-0.01429040264338255
;22.82781982421875;-6.629414462381805e-20,0.09356328099966049,-1.4494571685791016,0.028111448511481285;0.6508952379226685,0.38873425126075745,0.09287706017494202,-0.10617343336343765;0.0029484510887414217,-0.04738650470972061,0.07976103574037552,-0.014274569228291512
;22.88111686706543;-6.428112305498783e-20,0.09033243358135223,-1.446923017501831,0.028466584160923958;0.6546777486801147,0.38875192403793335,0.09323130548000336,-0.1053781732916832;0.0029340549372136593,-0.0473625585436821,0.07973276823759079,-0.01425899751484394
;22.933515548706055;-6.236127562734347e-20,0.08719979971647263,-1.44444739818573,0.02882424183189869;0.658405601978302,0.38876932859420776,0.0935845673084259,-0.10459358245134354;0.0029199670534580946,-0.047339122742414474,0.07970459014177322,-0.014243687503039837
;22.985017776489258;-6.052957463372429e-20,0.08416332304477692,-1.4420294761657715,0.029184291139245033;0.6620783805847168,0.38878628611564636,0.09393684566020966,-0.10381969064474106;0.0029061862733215094,-0.04731618985533714,0.07967647910118103,-0.014228638261556625
;23.03563117980957;-5.878148350545832e-20,0.08122096210718155,-1.4396684169769287,0.0295467097312212;0.6656960844993591,0.38880303502082825,0.09428811818361282,-0.10305387526750565;0.002892702352255583,-0.04729383438825607,0.0796482190489769,-0.014213846065104008
;23.08536148071289;-5.711271770546647e-20,0.07837066054344177,-1.437363862991333,0.02991166152060032;0.6692584753036499,0.3888193666934967,0.0946384146809578,-0.1022985652089119;0.002879513194784522,-0.047271978110075,0.07962004840373993,-0.014199311845004559
;23.134214401245117;-5.551912840598892e-20,0.07561036199331284,-1.4351149797439575,0.030279235914349556;0.6727655529975891,0.38883545994758606,0.09498773515224457,-0.10155242681503296;0.002866614144295454,-0.047250643372535706,0.07959183305501938,-0.014185034669935703
;23.18219757080078;-5.3996834966730055e-20,0.0729379951953888,-1.4329205751419067,0.030649352818727493;0.6762174367904663,0.38885125517845154,0.09533605724573135,-0.1008153185248375;0.002853997517377138,-0.047229841351509094,0.07956359535455704,-0.014171008951961994
;23.22931480407715;-5.254222816603275e-20,0.0703514963388443,-1.4307805299758911,0.03102198988199234;0.6796139478683472,0.38886675238609314,0.09568338096141815,-0.10008721798658371;0.002841661684215069,-0.04720955342054367,0.07953531295061111,-0.014157234691083431
;23.275575637817383;-5.115196050735559e-20,0.06784883886575699,-1.428693413734436,0.03139691427350044;0.6829552054405212,0.3888818621635437,0.09602971374988556,-0.09936797618865967;0.0028296001255512238,-0.04718979075551033,0.07950699329376221,-0.014143711887300014
;23.320987701416016;-4.982262633302032e-20,0.06542796641588211,-1.4266588687896729,0.03177446126937866;0.6862411499023438,0.38889673352241516,0.09637505561113358,-0.09865749627351761;0.0028178102802485228,-0.04717053100466728,0.07947862893342972,-0.014130434952676296
;23.365554809570312;-4.855126588739766e-20,0.06308683753013611,-1.424675703048706,0.032154422253370285;0.6894721388816833,0.3889111578464508,0.09671939164400101,-0.09795701503753662;0.002806282602250576,-0.047151755541563034,0.07945036143064499,-0.014117403887212276
;23.409286499023438;-4.7335000194215e-20,0.0608234778046608,-1.4227441549301147,0.03253678232431412;0.69264817237854,0.38892537355422974,0.09706271439790726,-0.09726397693157196;0.0027950156945735216,-0.047133516520261765,0.07942193001508713,-0.014104618690907955
;23.452192306518555;-4.617110214239034e-20,0.05863584205508232,-1.4208619594573975,0.032921530306339264;0.6957691311836243,0.38893923163414,0.09740502387285233,-0.09658060222864151;0.0027840069960802794,-0.0471157431602478,0.07939358800649643,-0.014092073775827885
;23.494277954101562;-4.5056954480766765e-20,0.05652199313044548,-1.419029951095581,0.03330883011221886;0.6988359689712524,0.3889528512954712,0.09774632751941681,-0.09590677917003632;0.0027732462622225285,-0.04709843173623085,0.0793653279542923,-0.014079767279326916
;23.53554916381836;-4.399016614038612e-20,0.054479941725730896,-1.417245864868164,0.03369841352105141;0.7018482089042664,0.3889662027359009,0.09808662533760071,-0.0952412411570549;0.0027627323288470507,-0.04708161577582359,0.07933703064918518,-0.014067698270082474
;23.576017379760742;-4.296839451990426e-20,0.05250776186585426,-1.4155099391937256,0.03409077227115631;0.7048065066337585,0.3889792263507843,0.09842590242624283,-0.0945839211344719;0.0027524607721716166,-0.04706528037786484,0.07930869609117508,-0.01405586302280426
;23.61568832397461;-4.198967829654064e-20,0.050603512674570084,-1.4138212203979492,0.03448542207479477;0.7077107429504395,0.38899192214012146,0.09876416623592377,-0.09393585473299026;0.0027424267027527094,-0.047049395740032196,0.07928044348955154,-0.0140442606061697
;23.654573440551758;-4.105171364304233e-20,0.04876531660556793,-1.4121778011322021,0.03488260880112648;0.7105617523193359,0.3890044093132019,0.09910140931606293,-0.09329459816217422;0.0027326277922838926,-0.047034021466970444,0.07925203442573547,-0.014032888226211071
;23.692678451538086;-4.0152729875910575e-20,0.046991296112537384,-1.4105807542800903,0.03528209775686264;0.7133594155311584,0.38901659846305847,0.09943760931491852,-0.09266238659620285;0.002723057521507144,-0.04701908305287361,0.07922370731830597,-0.014021741226315498
;23.730012893676758;-3.929070751122802e-20,0.04527962580323219,-1.4090280532836914,0.03568408638238907;0.71610426902771,0.38902851939201355,0.09977279603481293,-0.09203794598579407;0.0027137116994708776,-0.047004617750644684,0.07919535785913467,-0.014010820537805557
;23.766584396362305;-3.846401157481516e-20,0.04362849146127701,-1.4075192213058472,0.03608865663409233;0.7187967300415039,0.3890402019023895,0.10010693967342377,-0.09142237901687622;0.0027045842725783587,-0.04699057713150978,0.07916707545518875,-0.0140001205727458
;23.802404403686523;-3.767109110302346e-20,0.04203609749674797,-1.4060540199279785,0.03649549186229706;0.7214369177818298,0.38905155658721924,0.10044005513191223,-0.09081429988145828;0.0026956761721521616,-0.04697699472308159,0.07913877069950104,-0.013989641331136227
;23.837480545043945;-3.6910214186445385e-20,0.0405007041990757,-1.4046311378479004,0.036904625594615936;0.7240256667137146,0.38906270265579224,0.10077212005853653,-0.09021373093128204;0.0026869799476116896,-0.046963855624198914,0.07911042124032974,-0.013979380950331688
;23.87181854248047;-3.618005281245688e-20,0.0390205904841423,-1.4032496213912964,0.037316422909498215;0.7265632748603821,0.3890736401081085,0.10110312700271606,-0.08962050825357437;0.002678490476682782,-0.04695116728544235,0.07908203452825546,-0.013969332911074162
;23.905433654785156;-3.5479182033205844e-20,0.03759406507015228,-1.4019097089767456,0.03773050382733345;0.729049801826477,0.38908424973487854,0.10143309831619263,-0.08903449773788452;0.0026702075265347958,-0.04693892225623131,0.0790536180138588,-0.013959496282041073
;23.938329696655273;-3.480623183080274e-20,0.036219481378793716,-1.4006096124649048,0.03814689442515373;0.7314862608909607,0.38909462094306946,0.10176202654838562,-0.08845566213130951;0.0026621236465871334,-0.046927109360694885,0.07902515679597855,-0.013949870131909847
;23.970518112182617;-3.415986449910071e-20,0.03489521145820618,-1.3993488550186157,0.038565799593925476;0.7338727712631226,0.38910478353500366,0.10208987444639206,-0.0878838300704956;0.0026542365085333586,-0.046915724873542786,0.07899666577577591,-0.013940451666712761
;24.00200653076172;-3.353902667528845e-20,0.03361966833472252,-1.3981270790100098,0.03898714482784271;0.7362099289894104,0.389114648103714,0.10241665691137314,-0.08731894195079803;0.0026465430855751038,-0.04690476506948471,0.07896813750267029,-0.013931235298514366
;24.032806396484375;-3.294261006659211e-20,0.03239130228757858,-1.3969436883926392,0.03941051661968231;0.738498330116272,0.3891243040561676,0.10274238139390945,-0.08676202595233917;0.002639038721099496,-0.046894196420907974,0.07893969118595123,-0.013922221027314663
;24.062925338745117;-3.236940944500981e-20,0.031208589673042297,-1.395797610282898,0.03983642905950546;0.740738034248352,0.3891337215900421,0.10306702554225922,-0.08621305972337723;0.002631718758493662,-0.046883996576070786,0.07891133427619934,-0.013913405127823353
;24.09237289428711;-3.1818562087012043e-20,0.030070049688220024,-1.3946880102157593,0.040264587849378586;0.7429302930831909,0.38914284110069275,0.10339060425758362,-0.08567064255475998;0.00262458180077374,-0.046874213963747025,0.07888294011354446,-0.013904783874750137
;24.121158599853516;-3.128891446338522e-20,0.028974227607250214,-1.3936147689819336,0.04069522023200989;0.7450751066207886,0.38915184140205383,0.10371307283639908,-0.08513478934764862;0.0026176217943429947,-0.0468648336827755,0.0788545161485672,-0.013896359130740166
;24.149290084838867;-3.077972340404774e-20,0.0279197096824646,-1.3925766944885254,0.04112811014056206;0.7471731305122375,0.3891605734825134,0.10403447598218918,-0.08460526168346405;0.0026108373422175646,-0.04685584455728531,0.07882604002952576,-0.013888124376535416
;24.17677879333496;-3.029003571259062e-20,0.026905125007033348,-1.3915729522705078,0.041563306003808975;0.7492250800132751,0.3891690969467163,0.10435476154088974,-0.08408210426568985;0.0026042244862765074,-0.04684725031256676,0.07879753410816193,-0.013880075886845589
;24.20363426208496;-2.9819020977227024e-20,0.02592911571264267,-1.390602946281433,0.042001184076070786;0.7512312531471252,0.3891774117946625,0.10467395186424255,-0.08356631547212601;0.002597781829535961,-0.04683901369571686,0.07876912504434586,-0.013872213661670685
;24.2298641204834;-2.936590694730696e-20,0.0249903816729784,-1.3896666765213013,0.0424412302672863;0.7531923651695251,0.3891855478286743,0.10499203205108643,-0.08305667340755463;0.002591499127447605,-0.046831149607896805,0.0787406712770462,-0.013864533044397831
;24.25547981262207;-2.8929969839794444e-20,0.024087639525532722,-1.3887624740600586,0.04288369044661522;0.7551090717315674,0.38919341564178467,0.10530902445316315,-0.08255406469106674;0.002585378475487232,-0.04682362824678421,0.07871230691671371,-0.013857034035027027
;24.280487060546875;-2.85105149522219e-20,0.023219646885991096,-1.3878905773162842,0.04332831874489784;0.7569818496704102,0.3892010748386383,0.10562488436698914,-0.082057423889637;0.0025794184766709805,-0.04681647941470146,0.07868389785289764,-0.013849711045622826
;24.30489730834961;-2.810676357159079e-20,0.02238520048558712,-1.3870501518249512,0.04377533867955208;0.7588111162185669,0.38920852541923523,0.10593961179256439,-0.08156659454107285;0.0025736121460795403,-0.046809691935777664,0.07865545898675919,-0.013842562213540077
;24.32872200012207;-2.77181760917984e-20,0.02158312313258648,-1.3862401247024536,0.04422451928257942;0.7605977654457092,0.3892158269882202,0.1062532365322113,-0.08108143508434296;0.0025679555255919695,-0.04680325835943222,0.07862699776887894,-0.013835587538778782
;24.351964950561523;-2.7344064272725687e-20,0.020812273025512695,-1.3854598999023438,0.044676411896944046;0.7623423337936401,0.3892228901386261,0.10656572133302689,-0.08060188591480255;0.0025624509435147047,-0.046797189861536026,0.07859848439693451,-0.013828779570758343
;24.3746395111084;-2.698388366150853e-20,0.020071541890501976,-1.3847092390060425,0.04513015225529671;0.7640450596809387,0.3892297148704529,0.10687704384326935,-0.08012785762548447;0.002557090250775218,-0.04679146036505699,0.0785699412226677,-0.01382213830947876
;24.396751403808594;-2.663707849617287e-20,0.019359856843948364,-1.3839870691299438,0.045586321502923965;0.7657068967819214,0.3892363905906677,0.10718724131584167,-0.07965922355651855;0.0025518734473735094,-0.046786077320575714,0.0785413533449173,-0.013815662823617458
;24.41831398010254;-2.6303091399157513e-20,0.018676165491342545,-1.3832931518554688,0.04604462906718254;0.7673282623291016,0.38924291729927063,0.10749627649784088,-0.07919587939977646;0.0025467954110354185,-0.0467810295522213,0.07851274311542511,-0.013809345662593842
;24.439332962036133;-2.598147808400064e-20,0.01801946572959423,-1.3826267719268799,0.046505361795425415;0.7689098119735718,0.3892492949962616,0.10780417174100876,-0.07874012738466263;0.0025418519508093596,-0.04677624627947807,0.07848432660102844,-0.013803190551698208
;24.459815979003906;-2.5671698944599532e-20,0.017388762906193733,-1.38198721408844,0.0469682477414608;0.7704521417617798,0.38925543427467346,0.10811087489128113,-0.0782894492149353;0.0025370465591549873,-0.046771787106990814,0.07845588773488998,-0.01379719004034996
;24.479774475097656;-2.5373304847730965e-20,0.016783110797405243,-1.3813741207122803,0.047433529049158096;0.7719557881355286,0.3892613351345062,0.10841643810272217,-0.0778438076376915;0.002532368991523981,-0.04676765576004982,0.07842741161584854,-0.013791344128549099
;24.499216079711914;-2.508583535106178e-20,0.01620158739387989,-1.3807865381240845,0.04790129512548447;0.7734212875366211,0.389267235994339,0.1087208166718483,-0.07740315049886703;0.0025278220418840647,-0.046763837337493896,0.07839889079332352,-0.013785647228360176
;24.518150329589844;-2.4808983493036536e-20,0.015643293038010597,-1.3802242279052734,0.048371341079473495;0.7748492360115051,0.3892727792263031,0.10902400314807892,-0.0769672617316246;0.002523403847590089,-0.046760328114032745,0.0783703476190567,-0.013780102133750916
;24.536584854125977;-2.454222420783672e-20,0.015107370913028717,-1.3796863555908203,0.04884335771203041;0.7762405276298523,0.38927820324897766,0.10932601988315582,-0.07653846591711044;0.002519104862585664,-0.0467570535838604,0.0783420130610466,-0.013774700462818146
;24.554527282714844;-2.4285226300099883e-20,0.014592978172004223,-1.3791730403900146,0.04931751266121864;0.7775954604148865,0.38928350806236267,0.10962684452533722,-0.07611436396837234;0.0025149290449917316,-0.04675408452749252,0.07831363379955292,-0.013769442215561867
;24.571989059448242;-2.40376214159595e-20,0.014099309220910072,-1.37868332862854,0.04979438707232475;0.7789145708084106,0.38928866386413574,0.10992646962404251,-0.07569488137960434;0.0025108703412115574,-0.046751413494348526,0.07828523218631744,-0.013764326460659504
;24.588973999023438;-2.3799073513291716e-20,0.01362557802349329,-1.3782157897949219,0.05027345195412636;0.7801985144615173,0.38929352164268494,0.11022491008043289,-0.0752798467874527;0.0025069271214306355,-0.04674903303384781,0.07825678586959839,-0.013759349472820759
;24.605493545532227;-2.3569270783779694e-20,0.013171026483178139,-1.377771258354187,0.05075462535023689;0.7814478278160095,0.38929834961891174,0.11052211374044418,-0.07486926764249802;0.002503100084140897,-0.046746931970119476,0.07822830975055695,-0.013754509389400482
;24.621557235717773;-2.3347848104731173e-20,0.01273492630571127,-1.3773483037948608,0.05123824253678322;0.7826631665229797,0.389303058385849,0.11081813275814056,-0.07446298003196716;0.002499381313100457,-0.046745117753744125,0.07819979637861252,-0.013749801553785801
;24.637168884277344;-2.3134516286049187e-20,0.0123165687546134,-1.3769471645355225,0.05172368511557579;0.7838450074195862,0.38930752873420715,0.11111292243003845,-0.07406208664178848;0.002495773136615753,-0.046743545681238174,0.07817136496305466,-0.01374522689729929
;24.652339935302734;-2.2928979675288232e-20,0.01191527210175991,-1.3765662908554077,0.05221123620867729;0.7849940061569214,0.38931190967559814,0.11140649020671844,-0.073666512966156;0.0024922701995819807,-0.04674220830202103,0.07814303785562515,-0.0137407798320055
;24.667076110839844;-2.2730994318791092e-20,0.011530378833413124,-1.3762059211730957,0.05270153284072876;0.786110520362854,0.3893160820007324,0.11169882118701935,-0.07327506691217422;0.002488872967660427,-0.04674113914370537,0.07811466604471207,-0.013736462220549583
;24.681385040283203;-2.2540264564112263e-20,0.011161250062286854,-1.3758656978607178,0.05319400876760483;0.7871953248977661,0.38932013511657715,0.11198993772268295,-0.0728875994682312;0.0024855758529156446,-0.0467403344810009,0.078086256980896,-0.01373226847499609
;24.695276260375977;-2.235657553816294e-20,0.010807272978127003,-1.3755440711975098,0.05368861183524132;0.7882488965988159,0.3893240988254547,0.11227980256080627,-0.0725051611661911;0.0024823793210089207,-0.04673974961042404,0.07805794477462769,-0.013728194870054722
;24.708755493164062;-2.21796832872859e-20,0.01046785432845354,-1.3752421140670776,0.05418548360466957;0.7892717719078064,0.3893278241157532,0.1125684455037117,-0.07212667912244797;0.002479283604770899,-0.04673942178487778,0.07802959531545639,-0.013724244199693203
;24.721830368041992;-2.200927277199004e-20,0.010142426006495953,-1.3749583959579468,0.054684340953826904;0.7902644276618958,0.38933148980140686,0.11285582929849625,-0.0717519149184227;0.0024762796238064766,-0.04673933982849121,0.07800120860338211,-0.013720412738621235
;24.73451042175293;-2.1845256750570126e-20,0.009830433875322342,-1.3746931552886963,0.05518529564142227;0.7912272810935974,0.38933491706848145,0.11314194649457932,-0.07138212770223618;0.0024733725003898144,-0.04673946648836136,0.077972911298275,-0.013716697692871094
;24.74679946899414;-2.1687265253572497e-20,0.009531348943710327,-1.3744444847106934,0.05568855255842209;0.7921611070632935,0.38933828473091125,0.11342683434486389,-0.07101479917764664;0.00247055571526289,-0.04673987627029419,0.07794445008039474,-0.013713095337152481
;24.758708953857422;-2.1535256275731673e-20,0.00924465898424387,-1.3742127418518066,0.05619409680366516;0.7930662631988525,0.38934141397476196,0.11371045559644699,-0.07065218687057495;0.0024678318295627832,-0.04674048349261284,0.07791609317064285,-0.013709606602787971
;24.770240783691406;-2.1388905084033742e-20,0.008969873189926147,-1.3739982843399048,0.05670161172747612;0.7939432859420776,0.38934454321861267,0.11399278789758682,-0.07029307633638382;0.0024651933927088976,-0.046741314232349396,0.07788769900798798,-0.013706226833164692
;24.781404495239258;-2.1248106665315e-20,0.008706515654921532,-1.3738001585006714,0.05721106380224228;0.7947928309440613,0.38934746384620667,0.11427388340234756,-0.06993735581636429;0.0024626399390399456,-0.046742379665374756,0.07785926014184952,-0.013702953234314919
;24.792207717895508;-2.111266391794511e-20,0.008454128168523312,-1.3736176490783691,0.05772292986512184;0.7956150770187378,0.3893502950668335,0.11455368250608444,-0.06958501040935516;0.002460174961015582,-0.04674367234110832,0.07783079147338867,-0.0136997876688838
;24.802656173706055;-2.0982365200009535e-20,0.008212274871766567,-1.3734499216079712,0.05823732167482376;0.7964106798171997,0.38935303688049316,0.11483222246170044,-0.0692359134554863;0.0024577893782407045,-0.0467451810836792,0.07780229300260544,-0.013696725480258465
;24.812755584716797;-2.0857094189234634e-20,0.00798052828758955,-1.3732976913452148,0.05875382572412491;0.7971801161766052,0.3893556594848633,0.11510948836803436,-0.06889230757951736;0.0024554866831749678,-0.04674683138728142,0.07777400314807892,-0.013693764805793762
;24.8225154876709;-2.0736597238440386e-20,0.007758480962365866,-1.373159646987915,0.059272121638059616;0.7979239821434021,0.3893580436706543,0.11538548767566681,-0.06855075806379318;0.002453262684866786,-0.04674873501062393,0.07774555683135986,-0.013690903782844543
;24.831939697265625;-2.062086142292972e-20,0.007545742206275463,-1.3730359077453613,0.05979251489043236;0.798642635345459,0.3893604874610901,0.1156601831316948,-0.06821342557668686;0.002451116219162941,-0.04675080627202988,0.07771719247102737,-0.013688141480088234
;24.841033935546875;-2.0509694487833702e-20,0.007341933902353048,-1.372925877571106,0.060315173119306564;0.799336314201355,0.38936275243759155,0.1159336045384407,-0.06787914037704468;0.0024490465875715017,-0.04675308242440224,0.07768881320953369,-0.01368547510355711
;24.84980583190918;-2.040289610034773e-20,0.007146693300455809,-1.3728291988372803,0.06084016337990761;0.8000058531761169,0.38936489820480347,0.11620572209358215,-0.067548967897892;0.00244705006480217,-0.04675552621483803,0.07766050845384598,-0.013682904653251171
;24.858261108398438;-2.030040325257358e-20,0.006959671154618263,-1.3727458715438843,0.06136708706617355;0.8006517291069031,0.38936692476272583,0.11647654324769974,-0.06722047924995422;0.0024451271165162325,-0.04675820469856262,0.07763204723596573,-0.013680425472557545
;24.866405487060547;-2.0202044692275063e-20,0.006780532654374838,-1.372674822807312,0.0618959441781044;0.8012738823890686,0.3893688917160034,0.11674607545137405,-0.06689488887786865;0.002443276345729828,-0.04676106944680214,0.07760355621576309,-0.013678036630153656
;24.874244689941406;-2.010770086600427e-20,0.006608955096453428,-1.3726164102554321,0.06242692098021507;0.8018732070922852,0.38937076926231384,0.1170143112540245,-0.06657437980175018;0.0024414947256445885,-0.046764060854911804,0.07757528126239777,-0.013675738126039505
;24.881786346435547;-2.0017269991771763e-20,0.0064446283504366875,-1.3725696802139282,0.06296015530824661;0.8024497032165527,0.38937246799468994,0.1172812357544899,-0.0662565603852272;0.002439782489091158,-0.046767231076955795,0.07754697650671005,-0.013673527166247368
;24.889034271240234;-1.9930638978478172e-20,0.006287254858762026,-1.3725343942642212,0.06349573284387589;0.8030044436454773,0.38937410712242126,0.11754687130451202,-0.06594142317771912;0.0024381359107792377,-0.04677059128880501,0.07751863449811935,-0.013671401888132095
;24.895994186401367;-1.984769311943699e-20,0.0061365473084151745,-1.372510313987732,0.06403303891420364;0.8035373091697693,0.3893756568431854,0.11781119555234909,-0.06562890112400055;0.0024365561548620462,-0.04677412658929825,0.07749025523662567,-0.013669360429048538
;24.902671813964844;-1.97682837806319e-20,0.005992232356220484,-1.372497320175171,0.06457246094942093;0.8040489554405212,0.3893771469593048,0.1180742084980011,-0.06532126665115356;0.0024350397288799286,-0.046777766197919846,0.0774620994925499,-0.013667401857674122
;24.909072875976562;-1.9692391575017294e-20,0.005854045040905476,-1.3724945783615112,0.06511399894952774;0.8045395016670227,0.38937851786613464,0.11833593249320984,-0.06501612067222595;0.0024335873313248158,-0.04678158462047577,0.07743391394615173,-0.013665524311363697
;24.91520118713379;-1.961985009711838e-20,0.005721732974052429,-1.3725029230117798,0.06565762311220169;0.805009663105011,0.3893797993659973,0.11859634518623352,-0.06471346318721771;0.0024321957025676966,-0.04678557068109512,0.07740569114685059,-0.013663727790117264
;24.921064376831055;-1.9550618957256813e-20,0.005595052149146795,-1.372520923614502,0.06620337814092636;0.8054595589637756,0.3893810212612152,0.11885543912649155,-0.0644131526350975;0.002430864842608571,-0.04678971692919731,0.07737743109464645,-0.013662007637321949
;24.926666259765625;-1.9484554368177676e-20,0.005473768804222345,-1.37254798412323,0.06675117462873459;0.8058897256851196,0.38938209414482117,0.11911321431398392,-0.06411521881818771;0.002429594984278083,-0.04679403454065323,0.07734914869070053,-0.013660363852977753
;24.932010650634766;-1.9421585244047077e-20,0.0053576575592160225,-1.3725847005844116,0.06730152666568756;0.8063006401062012,0.38938310742378235,0.11936968564987183,-0.06381958723068237;0.002428380073979497,-0.04679851233959198,0.07732082158327103,-0.013658794574439526
;24.937105178833008;-1.9361677657535204e-20,0.005246504209935665,-1.3726305961608887,0.06785397976636887;0.8066924214363098,0.38938406109809875,0.11962485313415527,-0.0635262280702591;0.0024272226728498936,-0.04680314660072327,0.07729246467351913,-0.013657299801707268
;24.941951751708984;-1.9304689436974275e-20,0.005140102468430996,-1.3726853132247925,0.06840815395116806;0.807065486907959,0.3893848955631256,0.11987870931625366,-0.06323511898517609;0.00242612324655056,-0.04680793359875679,0.07726405560970306,-0.01365587953478098
;24.94655418395996;-1.92505494965304e-20,0.005038253031671047,-1.372748613357544,0.06896444410085678;0.8074201941490173,0.3893857002258301,0.12013125419616699,-0.06294730305671692;0.0024250783026218414,-0.04681284353137016,0.07723576575517654,-0.013654526323080063
;24.9509220123291;-1.9199210984176693e-20,0.00494076544418931,-1.3728200197219849,0.06952285021543503;0.8077570199966431,0.389386385679245,0.12038248777389526,-0.06266159564256668;0.002424085047096014,-0.046817902475595474,0.07720743119716644,-0.013653244823217392
;24.955055236816406;-1.91506092764278e-20,0.0048474580980837345,-1.3728998899459839,0.07008334994316101;0.8080762624740601,0.38938698172569275,0.12063242495059967,-0.06237909942865372;0.0024231448769569397,-0.04682306572794914,0.0771791934967041,-0.013652031309902668
;24.958961486816406;-1.910461835748728e-20,0.004758154973387718,-1.372986912727356,0.07064555585384369;0.8083781599998474,0.3893875777721405,0.12088105827569962,-0.062098708003759384;0.0024222559295594692,-0.04682838171720505,0.07715092599391937,-0.013650884851813316
;24.962642669677734;-1.9061238227355128e-20,0.004672689363360405,-1.3730815649032593,0.0712098702788353;0.8086629509925842,0.3893880546092987,0.12112835794687271,-0.061820268630981445;0.002421417273581028,-0.0468338280916214,0.07712261378765106,-0.013649804517626762
;24.96610450744629;-1.9020380028738984e-20,0.004590899217873812,-1.373183012008667,0.07177629321813583;0.8089311122894287,0.38938841223716736,0.12137437611818314,-0.061544936150312424;0.0024206286761909723,-0.046839386224746704,0.07709440588951111,-0.013648786582052708
;24.969348907470703;-1.898197106021782e-20,0.004512631334364414,-1.3732916116714478,0.07234480232000351;0.8091831207275391,0.389388769865036,0.1216190829873085,-0.06127149984240532;0.0024198866449296474,-0.046845078468322754,0.07706616073846817,-0.013647832907736301
;24.972383499145508;-1.8945980625636094e-20,0.004437735769897699,-1.3734071254730225,0.07291538268327713;0.809418797492981,0.3893890380859375,0.12186245620250702,-0.061001136898994446;0.002419194672256708,-0.046850867569446564,0.07703801989555359,-0.01364694070070982
;24.975208282470703;-1.891231986770144e-20,0.004366071429103613,-1.3735289573669434,0.07348810136318207;0.8096388578414917,0.3893892168998718,0.12210453301668167,-0.06073258817195892;0.002418548334389925,-0.04685679450631142,0.07700983434915543,-0.013646111823618412
;24.977828979492188;-1.8880920931754238e-20,0.004297502804547548,-1.3736575841903687,0.07406291365623474;0.8098434805870056,0.38938936591148376,0.12234531342983246,-0.06046580895781517;0.0024179467000067234,-0.04686284065246582,0.07698162645101547,-0.01364534068852663
;24.98025131225586;-1.885177735544595e-20,0.004231899045407772,-1.3737916946411133,0.07463943213224411;0.8100327849388123,0.3893893361091614,0.12258479744195938,-0.060200806707143784;0.0024173909332603216,-0.04686902463436127,0.07695337384939194,-0.01364462822675705
;24.98247718811035;-1.8824814821768415e-20,0.004169135354459286,-1.3739315271377563,0.07521802186965942;0.8102074861526489,0.38938939571380615,0.12282298505306244,-0.05993755906820297;0.002416877541691065,-0.046875324100255966,0.07692509889602661,-0.01364397257566452
;24.984508514404297;-1.879998163193335e-20,0.004109091591089964,-1.3740769624710083,0.07579872012138367;0.8103674054145813,0.389389306306839,0.12305986881256104,-0.05967599153518677;0.0024164081551134586,-0.046881746500730515,0.0768967792391777,-0.013643374666571617
;24.986352920532227;-1.8777218009216804e-20,0.004051653202623129,-1.3742276430130005,0.07638151943683624;0.8105130195617676,0.38938918709754944,0.12329546362161636,-0.05941721424460411;0.0024159809108823538,-0.046888262033462524,0.07686856389045715,-0.013642831705510616
;24.988008499145508;-1.8756499719811765e-20,0.003996708896011114,-1.3743840456008911,0.07696600258350372;0.8106443881988525,0.3893889784812927,0.12352974712848663,-0.0591612234711647;0.0024155944120138884,-0.0468948557972908,0.07684044539928436,-0.013642342761158943
;24.989484786987305;-1.873780899225976e-20,0.003944155294448137,-1.3745448589324951,0.07755257189273834;0.8107620477676392,0.3893887400627136,0.12376274168491364,-0.058906782418489456;0.0024152507539838552,-0.04690156131982803,0.07681228965520859,-0.013641907833516598
;24.990779876708984;-1.872104081339709e-20,0.0038938908837735653,-1.374711036682129,0.0781412273645401;0.8108660578727722,0.38938844203948975,0.12399446964263916,-0.05865395441651344;0.002414944814518094,-0.046908386051654816,0.07678411155939102,-0.013641524128615856
;24.991901397705078;-1.8706191952049482e-20,0.0038458178751170635,-1.374881625175476,0.07873175293207169;0.8109567761421204,0.3893880248069763,0.12422491610050201,-0.0584026575088501;0.0024146782234311104,-0.04691532626748085,0.07675588876008987,-0.013641192577779293
;24.992849349975586;-1.8693249483519868e-20,0.0037998443003743887,-1.3750561475753784,0.07932418584823608;0.8110347390174866,0.3893876075744629,0.1244540587067604,-0.05815279111266136;0.002414449816569686,-0.04692236706614494,0.07672763615846634,-0.013640912249684334
;24.993629455566406;-1.8682121319341616e-20,0.0037558809854090214,-1.375235676765442,0.07991868257522583;0.8110995888710022,0.3893871605396271,0.12468194216489792,-0.05790560692548752;0.0024142598267644644,-0.0469294898211956,0.07669948041439056,-0.013640680350363255
;24.99424171447754;-1.8672765454249243e-20,0.0037138431798666716,-1.3754186630249023,0.08051528036594391;0.8111517429351807,0.3893865942955017,0.12490852177143097,-0.057660989463329315;0.002414106857031584,-0.046936675906181335,0.07667142152786255,-0.013640496879816055
;24.994691848754883;-1.8665191581765555e-20,0.0036736493930220604,-1.3756054639816284,0.08111352473497391;0.8111915588378906,0.38938605785369873,0.12513387203216553,-0.057417795062065125;0.0024139906745404005,-0.04694397374987602,0.07664333283901215,-0.013640361838042736
;24.99498176574707;-1.8659328616056658e-20,0.0036352218594402075,-1.3757959604263306,0.08171387016773224;0.8112193942070007,0.3893853724002838,0.12535794079303741,-0.05717594176530838;0.002413908950984478,-0.04695136845111847,0.07661521434783936,-0.013640275225043297
;24.995113372802734;-1.865519109740676e-20,0.0035984853748232126,-1.3759897947311401,0.08231627941131592;0.8112353682518005,0.3893846571445465,0.12558075785636902,-0.05693543329834938;0.002413860522210598,-0.046958863735198975,0.07658705860376358,-0.013640230521559715
;24.99509048461914;-1.8652719249091904e-20,0.0035633693914860487,-1.3761874437332153,0.08292055875062943;0.8112393021583557,0.3893839120864868,0.12580229341983795,-0.056696295738220215;0.002413849113509059,-0.046966467052698135,0.07655887305736542,-0.013640235178172588
;24.994916915893555;-1.8651853294388137e-20,0.003529803827404976,-1.3763880729675293,0.08352671563625336;0.8112319707870483,0.38938313722610474,0.1260225921869278,-0.05645844340324402;0.0024138707667589188,-0.04697415605187416,0.07653065025806427,-0.013640281744301319
;24.994592666625977;-1.86526093891668e-20,0.003497723489999771,-1.3765915632247925,0.08413492888212204;0.8112133145332336,0.38938233256340027,0.12624160945415497,-0.056222956627607346;0.002413926413282752,-0.04698191583156586,0.07650253176689148,-0.013640372082591057
;24.994125366210938;-1.865495037492381e-20,0.0034670669119805098,-1.376798391342163,0.08474521338939667;0.8111833930015564,0.38938140869140625,0.12645940482616425,-0.05598877742886543;0.0024140134919434786,-0.046989768743515015,0.0764743760228157,-0.013640507124364376
;24.993511199951172;-1.8658808396999545e-20,0.003437772626057267,-1.3770079612731934,0.085357166826725;0.8111426830291748,0.38938045501708984,0.12667594850063324,-0.05575580894947052;0.002414132934063673,-0.04699770733714104,0.07644618302583694,-0.013640683144330978
;24.992755889892578;-1.8664199611265345e-20,0.003409784287214279,-1.3772201538085938,0.0859711766242981;0.8110911846160889,0.38937947154045105,0.12689128518104553,-0.05552523955702782;0.0024142845068126917,-0.047005705535411835,0.07641809433698654,-0.013640900142490864
;24.99186134338379;-1.8671101399501334e-20,0.003383045783266425,-1.3774346113204956,0.08658725768327713;0.811029314994812,0.38937845826148987,0.12710535526275635,-0.05529577657580376;0.0024144668132066727,-0.04701380059123039,0.07638997584581375,-0.013641157187521458
;24.99083137512207;-1.867948306555197e-20,0.0033575044944882393,-1.377651333808899,0.0872051864862442;0.8109569549560547,0.3893773555755615,0.12731821835041046,-0.0550675131380558;0.0024146782234311104,-0.04702197387814522,0.07636182755231857,-0.01364145614206791
;24.989665985107422;-1.8689292910628965e-20,0.0033331098966300488,-1.3778709173202515,0.08782496303319931;0.8108744025230408,0.3893762528896332,0.12752985954284668,-0.05484149605035782;0.002414921298623085,-0.04703020304441452,0.07633377611637115,-0.013641792349517345
;24.98836898803711;-1.870053416590659e-20,0.003309814492240548,-1.3780916929244995,0.08844681829214096;0.8107819557189941,0.38937509059906006,0.1277402639389038,-0.054615430533885956;0.002415190916508436,-0.04703855887055397,0.07630555331707001,-0.01364216860383749
;24.986942291259766;-1.8713195522274906e-20,0.003287570783868432,-1.3783152103424072,0.08907051384449005;0.8106794953346252,0.38937386870384216,0.12794947624206543,-0.05439050868153572;0.002415492432191968,-0.04704699665307999,0.07627730071544647,-0.013642583973705769
;24.98538589477539;-1.8727257592688308e-20,0.0032663356978446245,-1.3785403966903687,0.08969604969024658;0.8105674386024475,0.3893726170063019,0.12815745174884796,-0.054167766124010086;0.0024158204905688763,-0.047055479139089584,0.0762491524219513,-0.013643033802509308
;24.983705520629883;-1.8742683218642715e-20,0.0032460654620081186,-1.3787668943405151,0.09032363444566727;0.8104459047317505,0.3893713653087616,0.12836425006389618,-0.053947221487760544;0.0024161781184375286,-0.04706401005387306,0.07622110098600388,-0.013643521815538406
;24.981903076171875;-1.8759412623414173e-20,0.0032267204951494932,-1.3789951801300049,0.0909532979130745;0.8103150129318237,0.38936999440193176,0.1285698413848877,-0.05372776463627815;0.002416562754660845,-0.04707261919975281,0.07619301974773407,-0.013644046150147915
;24.979978561401367;-1.8777479734332494e-20,0.0032082616817206144,-1.3792253732681274,0.09158456325531006;0.8101749420166016,0.3893686532974243,0.1287742555141449,-0.05350926145911217;0.002416973700746894,-0.04708131030201912,0.07616490870714188,-0.013644604943692684
;24.977933883666992;-1.879683123702226e-20,0.0031906517688184977,-1.3794560432434082,0.09221788495779037;0.8100257515907288,0.3893671929836273,0.12897749245166779,-0.05329170823097229;0.002417411422356963,-0.0470900796353817,0.0761367604136467,-0.013645200058817863
;24.975770950317383;-1.8817522061446023e-20,0.003173855599015951,-1.3796881437301636,0.09285327047109604;0.809867799282074,0.3893657326698303,0.12917952239513397,-0.053077541291713715;0.0024178752209991217,-0.047098852694034576,0.07610885053873062,-0.013645829632878304
;24.973493576049805;-1.8839494046466963e-20,0.0031578391790390015,-1.3799216747283936,0.09349047392606735;0.8097009062767029,0.38936424255371094,0.12938039004802704,-0.05286424607038498;0.0024183655623346567,-0.04710770025849342,0.07608091086149216,-0.01364649087190628
;24.97110366821289;-1.8862695493296795e-20,0.003142569214105606,-1.38015615940094,0.09412951022386551;0.8095256090164185,0.38936275243759155,0.1295800656080246,-0.05265191197395325;0.0024188810493797064,-0.04711661860346794,0.07605293393135071,-0.013647186569869518
;24.968599319458008;-1.88871635604396e-20,0.0031280149705708027,-1.3803917169570923,0.09477059543132782;0.8093416094779968,0.389361172914505,0.12977862358093262,-0.05244053155183792;0.0024194223806262016,-0.047125622630119324,0.07602492719888687,-0.013647916726768017
;24.965986251831055;-1.891283847117142e-20,0.0031141468789428473,-1.3806283473968506,0.09541330486536026;0.8091495037078857,0.38935956358909607,0.12997600436210632,-0.052230000495910645;0.0024199855979532003,-0.04713468998670578,0.07599689811468124,-0.013648675754666328
;24.9632625579834;-1.8939718609905126e-20,0.0031009356025606394,-1.3808648586273193,0.09605758637189865;0.8089489936828613,0.3893579840660095,0.1301722526550293,-0.05202038958668709;0.002420575823634863,-0.047143831849098206,0.07596882432699203,-0.0136494692414999
;24.960433959960938;-1.8967849213080465e-20,0.003088354831561446,-1.3811029195785522,0.0967038944363594;0.8087405562400818,0.3893563151359558,0.13036735355854034,-0.05181162431836128;0.002421189332380891,-0.0471530519425869,0.07594071328639984,-0.013650291599333286
;24.957500457763672;-1.8997110727249528e-20,0.003076378256082535,-1.3813416957855225,0.09735224395990372;0.8085240721702576,0.3893546164035797,0.13056132197380066,-0.05160599574446678;0.002421826357021928,-0.0471622571349144,0.07591285556554794,-0.013651148416101933
;24.9544620513916;-1.9027585547356145e-20,0.0030649800319224596,-1.3815807104110718,0.09800217300653458;0.808299720287323,0.38935285806655884,0.13075415790081024,-0.051400113850831985;0.0024224871303886175,-0.04717157408595085,0.07588481903076172,-0.013652032241225243
;24.951322555541992;-1.905920904991496e-20,0.0030541368760168552,-1.381819725036621,0.09865415096282959;0.808067798614502,0.38935109972953796,0.1309458613395691,-0.05119619891047478;0.002423169557005167,-0.047180917114019394,0.07585689425468445,-0.01365294586867094
;24.948081970214844;-1.9091995775210176e-20,0.0030438262037932873,-1.3820595741271973,0.09930815547704697;0.8078281879425049,0.3893492817878723,0.1311364620923996,-0.05099308490753174;0.002423875965178013,-0.04719033092260361,0.07582893967628479,-0.0136538902297616
;24.94474220275879;-1.9125921489434788e-20,0.0030340251978486776,-1.382299542427063,0.09996373951435089;0.8075811266899109,0.3893474042415619,0.13132596015930176,-0.050790756940841675;0.0024246026296168566,-0.04719981178641319,0.07580094784498215,-0.013654863461852074
;24.94130516052246;-1.9160987808175927e-20,0.0030247140675783157,-1.3825395107269287,0.10062135010957718;0.8073265552520752,0.38934558629989624,0.13151435554027557,-0.05059155449271202;0.002425353741273284,-0.04720928147435188,0.0757731944322586,-0.01365586556494236
;24.93777084350586;-1.9197186653497926e-20,0.003015871625393629,-1.3827799558639526,0.10128097981214523;0.8070648908615112,0.38934364914894104,0.13170164823532104,-0.050391919910907745;0.0024261244107037783,-0.04721885919570923,0.07574528455734253,-0.013656893745064735
;24.93414306640625;-1.9234477635722435e-20,0.003007479477673769,-1.3830198049545288,0.10194218158721924;0.806796133518219,0.3893417418003082,0.13188786804676056,-0.05019424483180046;0.0024269167333841324,-0.047228455543518066,0.07571747153997421,-0.013657951727509499
;24.930421829223633;-1.9272867217197992e-20,0.002999519230797887,-1.3832600116729736,0.1026054248213768;0.8065201044082642,0.38933977484703064,0.13207298517227173,-0.04999728873372078;0.002427732804790139,-0.04723811522126198,0.07568962872028351,-0.013659035786986351
;24.926607131958008;-1.931238609408014e-20,0.0029919729568064213,-1.3835002183914185,0.10327064990997314;0.8062372207641602,0.38933777809143066,0.13225704431533813,-0.0498010590672493;0.002428567735478282,-0.047247838228940964,0.07566174864768982,-0.013660148717463017
;24.92270278930664;-1.9352987414341996e-20,0.0029848231934010983,-1.383739948272705,0.10393746942281723;0.8059474229812622,0.3893357515335083,0.13244003057479858,-0.049605585634708405;0.0024294236209243536,-0.04725762456655502,0.07563384622335434,-0.013661285862326622
;24.91870880126953;-1.9394656637699354e-20,0.0029780555050820112,-1.3839799165725708,0.10460541397333145;0.8056511282920837,0.38933369517326355,0.13262194395065308,-0.049410827457904816;0.0024303002282977104,-0.04726746678352356,0.07560589909553528,-0.013662450946867466
;24.91462516784668;-1.943739537973935e-20,0.002971653128042817,-1.3842190504074097,0.10527531802654266;0.8053480386734009,0.3893316686153412,0.13280285894870758,-0.04921669140458107;0.0024311949964612722,-0.04727737233042717,0.07557792961597443,-0.013663639314472675
;24.91045570373535;-1.948119394693918e-20,0.002965601859614253,-1.3844578266143799,0.10594720393419266;0.8050382137298584,0.38932955265045166,0.13298268616199493,-0.049023356288671494;0.002432111883535981,-0.047287337481975555,0.07554992288351059,-0.013664855621755123
;24.906198501586914;-1.9526070110757315e-20,0.002959887497127056,-1.3846962451934814,0.106620654463768;0.804722011089325,0.38932737708091736,0.1331614851951599,-0.04883173480629921;0.002433046931400895,-0.04729732125997543,0.07552202045917511,-0.013666097074747086
;24.90185546875;-1.9572001252973882e-20,0.0029544970020651817,-1.3849341869354248,0.10729608684778214;0.8043992519378662,0.38932526111602783,0.13333924114704132,-0.04864087328314781;0.0024340027011930943,-0.04730736464262009,0.07549409568309784,-0.013667361810803413
;24.897430419921875;-1.961900676063449e-20,0.0029494166374206543,-1.3851715326309204,0.10797353833913803;0.8040702939033508,0.38932302594184875,0.13351599872112274,-0.04845176637172699;0.0024349763989448547,-0.04731743037700653,0.07546626776456833,-0.01366865262389183
;24.892921447753906;-1.9667022010253778e-20,0.0029446345288306475,-1.3854081630706787,0.1086525171995163;0.8037352561950684,0.3893207907676697,0.1336917281150818,-0.048263322561979294;0.0024359701201319695,-0.047327544540166855,0.07543841749429703,-0.013669965788722038
;24.88833236694336;-1.9716077697987293e-20,0.002940139267593622,-1.385644793510437,0.10933348536491394;0.8033938407897949,0.3893185555934906,0.13386644423007965,-0.04807662218809128;0.0024369799066334963,-0.04733768478035927,0.07541067153215408,-0.01367130409926176
;24.8836612701416;-1.9766151205615162e-20,0.002935918280854821,-1.385879397392273,0.11001648008823395;0.8030465841293335,0.38931629061698914,0.13404016196727753,-0.04789057746529579;0.0024380104150623083,-0.04734788089990616,0.07538289576768875,-0.013672665692865849
;24.8789119720459;-1.9817292616338533e-20,0.0029319620225578547,-1.386114239692688,0.11070095747709274;0.8026930689811707,0.3893139958381653,0.1342128962278366,-0.04770631343126297;0.0024390595499426126,-0.04735808074474335,0.07535523176193237,-0.013674051500856876
;24.874082565307617;-1.9869413072865043e-20,0.002928259549662471,-1.3863483667373657,0.1113872304558754;0.8023338913917542,0.38931170105934143,0.1343846321105957,-0.047521475702524185;0.0024401252157986164,-0.047368381172418594,0.07532739639282227,-0.01367545872926712
;24.869173049926758;-1.9922604663661324e-20,0.0029248010832816362,-1.3865809440612793,0.11207524687051773;0.8019686937332153,0.389309287071228,0.1345553994178772,-0.047336138784885406;0.002441210439428687,-0.0473787784576416,0.07529937475919724,-0.013676890172064304
;24.86418914794922;-1.997682376787476e-20,0.0029215773101896048,-1.3868131637573242,0.11276497691869736;0.8015977144241333,0.389306902885437,0.1347251832485199,-0.047153618186712265;0.002442312426865101,-0.04738914594054222,0.0752716138958931,-0.013678343035280704
;24.859127044677734;-2.0032049382872613e-20,0.0029185793828219175,-1.387043833732605,0.11345645785331726;0.8012210726737976,0.389304518699646,0.13489402830600739,-0.04697059839963913;0.0024434325750917196,-0.0473996065557003,0.07524368166923523,-0.013679818250238895
;24.853992462158203;-2.0088284739829148e-20,0.0029157977551221848,-1.3872745037078857,0.11414991319179535;0.8008387684822083,0.3893021047115326,0.13506191968917847,-0.0467892624437809;0.0024445708841085434,-0.04741007834672928,0.07521584630012512,-0.013681315816938877
;24.84878158569336;-2.0145495911414553e-20,0.002913224510848522,-1.3875036239624023,0.11484488099813461;0.8004510402679443,0.3892996311187744,0.13522885739803314,-0.04660850390791893;0.0024457243271172047,-0.04742060601711273,0.07518798112869263,-0.013682834804058075
;24.84349822998047;-2.0203763676985525e-20,0.002910852199420333,-1.3877320289611816,0.11554181575775146;0.8000575304031372,0.3892971873283386,0.1353948414325714,-0.04642835259437561;0.002446898026391864,-0.04743117839097977,0.07516010105609894,-0.013684375211596489
;24.8381404876709;-2.0262992716901163e-20,0.002908672671765089,-1.3879588842391968,0.1162407398223877;0.7996587753295898,0.38929465413093567,0.13555988669395447,-0.046248652040958405;0.002448085229843855,-0.04744180291891098,0.07513217628002167,-0.013685937039554119
;24.832712173461914;-2.0323236345536885e-20,0.00290667824447155,-1.388184905052185,0.11694139242172241;0.7992546558380127,0.3892920911312103,0.1357240378856659,-0.046071864664554596;0.0024492903612554073,-0.047452401369810104,0.07510450482368469,-0.013687520287930965
;24.827211380004883;-2.0384502640828362e-20,0.0029048630967736244,-1.3884092569351196,0.11764355003833771;0.7988450527191162,0.38928958773612976,0.1358872354030609,-0.04589561000466347;0.0024505113251507282,-0.04746304824948311,0.07507680356502533,-0.013689123094081879
;24.82164192199707;-2.0446788371601324e-20,0.0029032197780907154,-1.388632893562317,0.1183474063873291;0.798430323600769,0.38928699493408203,0.1360495537519455,-0.04571982100605965;0.0024517488200217485,-0.04747374728322029,0.07504907250404358,-0.013690747320652008
;24.816001892089844;-2.0510053148177426e-20,0.0029017420019954443,-1.3888554573059082,0.1190529614686966;0.7980102896690369,0.3892843723297119,0.13621094822883606,-0.04554574564099312;0.0024530035443603992,-0.04748445749282837,0.07502145320177078,-0.013692392036318779
;24.810293197631836;-2.0574321204363675e-20,0.0029004239477217197,-1.3890759944915771,0.11976023763418198;0.7975851893424988,0.3892818093299866,0.1363714635372162,-0.045371055603027344;0.002454275032505393,-0.047495245933532715,0.07499365508556366,-0.013694055378437042
;24.804515838623047;-2.0639607080444276e-20,0.002899259328842163,-1.3892958164215088,0.12046951055526733;0.7971550226211548,0.38927918672561646,0.1365310698747635,-0.04519682005047798;0.002455561887472868,-0.04750609025359154,0.07496582716703415,-0.013695740140974522
;24.79867172241211;-2.0705875233502284e-20,0.0028982427902519703,-1.389513611793518,0.1211804524064064;0.7967197299003601,0.3892764747142792,0.13668982684612274,-0.045023124665021896;0.002456862712278962,-0.04751697927713394,0.07493796944618225,-0.013697445392608643
;24.79275894165039;-2.0773162822041778e-20,0.0028973689768463373,-1.3897305727005005,0.12189312279224396;0.7962794899940491,0.3892737925052643,0.13684765994548798,-0.044849950820207596;0.002458182629197836,-0.047527916729450226,0.07491007447242737,-0.013699167408049107
;24.786781311035156;-2.0841477923998428e-20,0.0028966327663511038,-1.3899461030960083,0.12260773777961731;0.7958341836929321,0.389271080493927,0.13700467348098755,-0.044679511338472366;0.0024595160502940416,-0.04753882437944412,0.07488244026899338,-0.013700910843908787
;24.780736923217773;-2.0910775302932485e-20,0.002896029269322753,-1.3901598453521729,0.12332362681627274;0.7953842282295227,0.38926827907562256,0.13716083765029907,-0.044509660452604294;0.002460866468027234,-0.0475497730076313,0.0748547688126564,-0.013702674768865108
;24.774629592895508;-2.098104364973401e-20,0.002895553596317768,-1.3903721570968628,0.1240406259894371;0.7949292063713074,0.3892655372619629,0.13731610774993896,-0.0443403460085392;0.0024622315540909767,-0.04756076633930206,0.07482708245515823,-0.013704456388950348
;24.768457412719727;-2.1052331432017023e-20,0.00289520132355392,-1.3905829191207886,0.12475956231355667;0.7944695353507996,0.3892626166343689,0.1374705731868744,-0.04417145252227783;0.002463611774146557,-0.047571808099746704,0.07479935139417648,-0.013706257566809654
;24.76222038269043;-2.1124672577111334e-20,0.0028949682600796223,-1.3907926082611084,0.12548045814037323;0.7940052151679993,0.38925981521606445,0.13762420415878296,-0.0440041646361351;0.0024650061968714,-0.04758285731077194,0.07477173209190369,-0.013708077371120453
;24.75592041015625;-2.1197968534201775e-20,0.0028948504477739334,-1.3910003900527954,0.1262027770280838;0.7935360074043274,0.38925689458847046,0.13777698576450348,-0.043836209923028946;0.0024664178490638733,-0.047593988478183746,0.07474394142627716,-0.01370991487056017
;24.74955940246582;-2.1272322700864915e-20,0.0028948429971933365,-1.3912073373794556,0.12692703306674957;0.7930623292922974,0.38925403356552124,0.13792896270751953,-0.043671026825904846;0.0024678437039256096,-0.047605086117982864,0.07471641153097153,-0.013711770996451378
;24.743135452270508;-2.1347665606853998e-20,0.002894943580031395,-1.3914119005203247,0.12765322625637054;0.7925839424133301,0.38925108313560486,0.13808013498783112,-0.04350623860955238;0.002469283062964678,-0.047616228461265564,0.0746888518333435,-0.013713645748794079
;24.736650466918945;-2.1424010176866095e-20,0.0028951477725058794,-1.3916144371032715,0.12838061153888702;0.7921010255813599,0.38924816250801086,0.13823048770427704,-0.04334079846739769;0.002470737788826227,-0.04762745276093483,0.07466110587120056,-0.013715538196265697
;24.7301025390625;-2.1501377413533945e-20,0.0028954523149877787,-1.391816258430481,0.12910963594913483;0.7916135787963867,0.3892451524734497,0.13838006556034088,-0.04317690059542656;0.002472207648679614,-0.047638677060604095,0.07463347911834717,-0.01371744740754366
;24.723495483398438;-2.1579768932444683e-20,0.002895853715017438,-1.3920162916183472,0.12984059751033783;0.7911215424537659,0.3892422318458557,0.13852880895137787,-0.043013446033000946;0.0024736919440329075,-0.04764994978904724,0.07460582256317139,-0.013719376176595688
;24.716829299926758;-2.165917665566264e-20,0.0028963482473045588,-1.3922147750854492,0.13057292997837067;0.7906252145767212,0.38923919200897217,0.13867682218551636,-0.04285041615366936;0.0024751906748861074,-0.04766126349568367,0.07457812875509262,-0.01372132170945406
;24.710102081298828;-2.1739595736426414e-20,0.0028969338163733482,-1.3924107551574707,0.1313072144985199;0.7901244163513184,0.3892362415790558,0.13882403075695038,-0.042688999325037;0.0024767036084085703,-0.0476725809276104,0.074550561606884,-0.013723284006118774
;24.70331573486328;-2.1821060102065816e-20,0.0028976069297641516,-1.3926057815551758,0.13204342126846313;0.7896192669868469,0.38923314213752747,0.1389704793691635,-0.04252792149782181;0.002478230744600296,-0.047683943063020706,0.0745229572057724,-0.013725263066589832
;24.69647216796875;-2.190352613172823e-20,0.0028983652591705322,-1.392798900604248,0.1327810138463974;0.7891099452972412,0.3892301023006439,0.13911618292331696,-0.04236733913421631;0.00247977115213871,-0.0476953387260437,0.07449532300233841,-0.013727258890867233
;24.6895694732666;-2.1987106916513033e-20,0.0028992057777941227,-1.392989993095398,0.13352030515670776;0.7885960936546326,0.3892270028591156,0.1392611265182495,-0.04220712557435036;0.002481327159330249,-0.04770677909255028,0.07446765154600143,-0.013729274272918701
;24.68260955810547;-2.2071666747100973e-20,0.002900125691667199,-1.3931795358657837,0.13426120579242706;0.7880780100822449,0.38922393321990967,0.13940531015396118,-0.04204849153757095;0.002482897834852338,-0.04771822690963745,0.0744401067495346,-0.013731303624808788
;24.67559051513672;-2.2157247628757534e-20,0.0029011229053139687,-1.3933674097061157,0.1350034773349762;0.7875558733940125,0.3892207741737366,0.13954876363277435,-0.04189024120569229;0.002484483178704977,-0.04772970452904701,0.0744125247001648,-0.013733352534472942
;24.668516159057617;-2.2243909338206668e-20,0.0029021953232586384,-1.3935534954071045,0.13574765622615814;0.7870292663574219,0.38921764492988586,0.13969150185585022,-0.04173239320516586;0.0024860806297510862,-0.047741230577230453,0.0743849128484726,-0.013735415413975716
;24.66138458251953;-2.233161633253143e-20,0.002903340384364128,-1.3937374353408813,0.13649345934391022;0.7864986062049866,0.38921451568603516,0.1398335099220276,-0.04157496616244316;0.002487693214789033,-0.047752801328897476,0.07435726374387741,-0.013737495057284832
;24.65419578552246;-2.2420412232584438e-20,0.002904555993154645,-1.3939199447631836,0.1372409164905548;0.7859638333320618,0.3892112970352173,0.13997480273246765,-0.04141787067055702;0.002489317674189806,-0.047764405608177185,0.07432959228754044,-0.013739592395722866
;24.646953582763672;-2.2510217874596128e-20,0.0029058395884931087,-1.394100546836853,0.1379902958869934;0.7854249477386475,0.3892081379890442,0.1401153802871704,-0.04126237705349922;0.002490958198904991,-0.04777601733803749,0.07430203258991241,-0.013741705566644669
;24.6396541595459;-2.2601130193794534e-20,0.002907190239056945,-1.3942792415618896,0.13874055445194244;0.7848820686340332,0.3892049193382263,0.14025527238845825,-0.04110608622431755;0.00249261106364429,-0.04778769984841347,0.07427430152893066,-0.01374383457005024
;24.632299423217773;-2.2693099106978506e-20,0.0029086051508784294,-1.3944560289382935,0.13949233293533325;0.7843348979949951,0.38920173048973083,0.14039446413516998,-0.04095246270298958;0.0024942774325609207,-0.04779934883117676,0.07424682378768921,-0.013745980337262154
;24.62489128112793;-2.278616015706499e-20,0.0029100829269737005,-1.394631266593933,0.14024575054645538;0.7837839722633362,0.3891984522342682,0.1405329555273056,-0.040798064321279526;0.0024959584698081017,-0.047811076045036316,0.07421918213367462,-0.013748140074312687
;24.617427825927734;-2.2880297188182645e-20,0.002911621704697609,-1.3948041200637817,0.14100103080272675;0.7832290530204773,0.38919517397880554,0.1406708061695099,-0.04064521566033363;0.0024976511485874653,-0.047822799533605576,0.07419164478778839,-0.013750316575169563
;24.60991096496582;-2.2975502122395804e-20,0.002913219854235649,-1.3949754238128662,0.14175769686698914;0.7826700806617737,0.3891919255256653,0.14080794155597687,-0.0404927060008049;0.0024993601255118847,-0.04783456772565842,0.07416408509016037,-0.013752509839832783
;24.602340698242188;-2.3071833120841286e-20,0.002914875978603959,-1.3951447010040283,0.14251621067523956;0.7821072340011597,0.38918858766555786,0.1409444361925125,-0.04034062474966049;0.002501080743968487,-0.04784636199474335,0.07413648813962936,-0.013754718005657196
;24.594717025756836;-2.3169270796473485e-20,0.0029165877494961023,-1.3953120708465576,0.1432763785123825;0.7815405130386353,0.3891853094100952,0.14108027517795563,-0.040188852697610855;0.0025028162635862827,-0.04785820469260216,0.07410886883735657,-0.013756941072642803
;24.587039947509766;-2.326780222459533e-20,0.0029183547012507915,-1.395477056503296,0.14403757452964783;0.7809699177742004,0.3891819417476654,0.1412154585123062,-0.04003860056400299;0.002504561794921756,-0.04787004739046097,0.07408135384321213,-0.013759179972112179
;24.57931137084961;-2.3367451639013826e-20,0.0029201749712228775,-1.3956412076950073,0.14480063319206238;0.7803953886032104,0.3891785442829132,0.14134998619556427,-0.03988979384303093;0.0025063238572329283,-0.04788189008831978,0.07405397295951843,-0.013761434704065323
;24.571529388427734;-2.3468219039728978e-20,0.0029220478609204292,-1.395802617073059,0.14556553959846497;0.7798170447349548,0.3891752064228058,0.14148388803005219,-0.039741430431604385;0.002508099190890789,-0.04789375886321068,0.07402655482292175,-0.013763703405857086
;24.563695907592773;-2.3570088270869444e-20,0.00292397104203701,-1.3959622383117676,0.1463317722082138;0.7792351245880127,0.3891717493534088,0.14161713421344757,-0.039593376219272614;0.0025098847690969706,-0.04790567606687546,0.07399909943342209,-0.013765987940132618
;24.555810928344727;-2.36730819506551e-20,0.002925944048911333,-1.3961204290390015,0.14709986746311188;0.7786493301391602,0.389168381690979,0.1417497843503952,-0.039445661008358;0.002511685248464346,-0.04791763052344322,0.07397162169218063,-0.013768288306891918
;24.547874450683594;-2.3777213003783015e-20,0.0029279643204063177,-1.3962761163711548,0.14786937832832336;0.7780596613883972,0.3891649842262268,0.1418818086385727,-0.03929832577705383;0.002513499464839697,-0.04792962223291397,0.0739441066980362,-0.013770602643489838
;24.539884567260742;-2.3882523435518672e-20,0.0029300327878445387,-1.3964297771453857,0.14863981306552887;0.777466356754303,0.38916149735450745,0.14201320707798004,-0.039151258766651154;0.0025153267197310925,-0.04794164001941681,0.07391657680273056,-0.013772931881248951
;24.53184700012207;-2.398898739646793e-20,0.0029321471229195595,-1.396581768989563,0.14941181242465973;0.7768694758415222,0.3891580402851105,0.14214402437210083,-0.039004575461149216;0.0025171658489853144,-0.04795370623469353,0.07388900220394135,-0.013775275088846684
;24.523757934570312;-2.4096622658089258e-20,0.0029343063943088055,-1.3967316150665283,0.15018565952777863;0.7762688398361206,0.3891545534133911,0.14227426052093506,-0.03886055573821068;0.0025190182495862246,-0.047965724021196365,0.07386170327663422,-0.013777635060250759
;24.5156192779541;-2.4205353287787366e-20,0.0029365099035203457,-1.3968795537948608,0.1509608030319214;0.7756646871566772,0.38915106654167175,0.14240390062332153,-0.03871683031320572;0.0025208834558725357,-0.04797777906060219,0.0738343745470047,-0.01378000807017088
;24.507429122924805;-2.4315339228688508e-20,0.0029387560207396746,-1.3970258235931396,0.151737779378891;0.7750566005706787,0.3891476094722748,0.14253292977809906,-0.03857344388961792;0.002522763330489397,-0.047989875078201294,0.0738070160150528,-0.013782395981252193
;24.499189376831055;-2.442650293261026e-20,0.002941044745966792,-1.397169589996338,0.15251639485359192;0.7744450569152832,0.38914409279823303,0.1426614373922348,-0.038430411368608475;0.0025246532168239355,-0.04800200089812279,0.0737796202301979,-0.013784798793494701
;24.49090003967285;-2.4538839552791215e-20,0.0029433744493871927,-1.3973119258880615,0.15329623222351074;0.7738299369812012,0.38914045691490173,0.1427893340587616,-0.03828766942024231;0.002526559168472886,-0.048014167696237564,0.07375219464302063,-0.013787216506898403
;24.482561111450195;-2.465237978538692e-20,0.002945744665339589,-1.3974515199661255,0.15407758951187134;0.7732112407684326,0.38913694024086,0.14291666448116302,-0.0381452813744545;0.00252847489900887,-0.04802636802196503,0.07372474670410156,-0.013789646327495575
;24.474172592163086;-2.4767152710965788e-20,0.0029481546953320503,-1.3975898027420044,0.15486080944538116;0.7725889086723328,0.38913336396217346,0.14304345846176147,-0.03800317645072937;0.0025304059963673353,-0.048038601875305176,0.07369726896286011,-0.013792093843221664
;24.465736389160156;-2.4883116324262333e-20,0.0029506031423807144,-1.3977259397506714,0.15564557909965515;0.7719632387161255,0.3891298174858093,0.14316968619823456,-0.03786139190196991;0.0025323459412902594,-0.048050880432128906,0.07366975396871567,-0.013794553466141224
;24.457250595092773;-2.5000298090257834e-20,0.0029530900064855814,-1.3978601694107056,0.1564318686723709;0.7713339328765869,0.38912612199783325,0.14329537749290466,-0.03771994635462761;0.0025343012530356646,-0.048063188791275024,0.07364221662282944,-0.013797027058899403
;24.448715209960938;-2.511876101685051e-20,0.0029556143563240767,-1.397992491722107,0.15721890330314636;0.7707009315490723,0.3891225755214691,0.1434205174446106,-0.03757881745696068;0.0025362707674503326,-0.04807553067803383,0.07361464202404022,-0.013799515552818775
;24.44013214111328;-2.523844532731641e-20,0.0029581754934042692,-1.3981225490570068,0.15800771117210388;0.770064651966095,0.38911885023117065,0.14354516565799713,-0.03743911162018776;0.0025382519233971834,-0.048087868839502335,0.07358719408512115,-0.013802018016576767
;24.431501388549805;-2.5359388180159613e-20,0.0029607724864035845,-1.3982502222061157,0.1587977409362793;0.769425094127655,0.38911524415016174,0.1436692625284195,-0.0372997485101223;0.0025402463506907225,-0.048100244253873825,0.0735597163438797,-0.013804534450173378
;24.422822952270508;-2.5481568572747378e-20,0.002963404869660735,-1.398376703262329,0.15958958864212036;0.768781840801239,0.3891115188598633,0.14379283785820007,-0.03716183826327324;0.0025422521866858006,-0.04811261221766472,0.0735323578119278,-0.013807064853608608
;24.41409683227539;-2.5605060822087863e-20,0.00296607194468379,-1.398500919342041,0.1603829562664032;0.768135130405426,0.3891078233718872,0.14391589164733887,-0.037024278193712234;0.0025442722253501415,-0.048125021159648895,0.0735049769282341,-0.013809609226882458
;24.40532112121582;-2.5729826154089855e-20,0.002968773478642106,-1.3986225128173828,0.1611776500940323;0.7674852013587952,0.3891041576862335,0.14403848350048065,-0.03688698261976242;0.002546303905546665,-0.04813745990395546,0.07347755879163742,-0.013812166638672352
;24.396499633789062;-2.585592919223871e-20,0.002971508540213108,-1.39874267578125,0.1619737595319748;0.7668318748474121,0.3891003727912903,0.14416053891181946,-0.0367499440908432;0.002548348857089877,-0.04814993217587471,0.07345011085271835,-0.01381473895162344
;24.387632369995117;-2.5983264923370726e-20,0.00297427736222744,-1.3988608121871948,0.16277137398719788;0.7661751508712769,0.38909661769866943,0.14428210258483887,-0.03661322966217995;0.00255040405318141,-0.04816243797540665,0.0734226331114769,-0.013817324303090572
;24.37871742248535;-2.61119286671268e-20,0.002977078314870596,-1.3989769220352173,0.16357050836086273;0.7655149698257446,0.3890928626060486,0.14440318942070007,-0.0364791676402092;0.0025524753145873547,-0.048174899071455,0.07339542359113693,-0.01381992269307375
;24.369754791259766;-2.624198827816656e-20,0.00297991163097322,-1.3990912437438965,0.16437140107154846;0.7648515105247498,0.38908910751342773,0.14452379941940308,-0.036344174295663834;0.0025545568205416203,-0.048187438398599625,0.07336804270744324,-0.01382253598421812
;24.360746383666992;-2.6373312893932157e-20,0.0029827766120433807,-1.3992030620574951,0.16517354547977448;0.764184832572937,0.3890853226184845,0.14464391767978668,-0.03621068596839905;0.0025566506665199995,-0.04819996654987335,0.07334078103303909,-0.013825161382555962
;24.35169219970703;-2.650601883669723e-20,0.002985673025250435,-1.3993128538131714,0.16597695648670197;0.7635146975517273,0.38908150792121887,0.14476357400417328,-0.03607749193906784;0.002558759180828929,-0.04821253940463066,0.07331349700689316,-0.013827801682054996
;24.34259033203125;-2.6640072179131972e-20,0.0029885999392718077,-1.399420976638794,0.16678208112716675;0.7628414034843445,0.38907772302627563,0.14488276839256287,-0.03594455495476723;0.0025608788710087538,-0.04822513461112976,0.07328616827726364,-0.013830454088747501
;24.33344268798828;-2.6775469690062112e-20,0.0029915571212768555,-1.3995269536972046,0.16758869588375092;0.7621647715568542,0.3890738785266876,0.14500148594379425,-0.03581191599369049;0.002563010435551405,-0.048237767070531845,0.07325882464647293,-0.013833120465278625
;24.324249267578125;-2.691226468386307e-20,0.0029945445712655783,-1.3996307849884033,0.16839680075645447;0.7614849209785461,0.3890700340270996,0.145119771361351,-0.03568074479699135;0.002565156202763319,-0.04825039580464363,0.07323160022497177,-0.01383579894900322
;24.31501007080078;-2.7050452313773442e-20,0.002997561590746045,-1.3997331857681274,0.16920669376850128;0.7608017921447754,0.3890661299228668,0.14523759484291077,-0.035548653453588486;0.0025673131458461285,-0.04826309531927109,0.07320419698953629,-0.013838494196534157
;24.30572509765625;-2.719003742655463e-20,0.0030006072483956814,-1.3998326063156128,0.17001661658287048;0.7601155042648315,0.3890622556209564,0.1453550010919571,-0.03541919216513634;0.0025694826617836952,-0.048275742679834366,0.07317706197500229,-0.01384119875729084
;24.296396255493164;-2.733102002220664e-20,0.003003682941198349,-1.399930715560913,0.17082825303077698;0.7594260573387146,0.38905832171440125,0.1454719603061676,-0.035289980471134186;0.0025716633535921574,-0.04828843101859093,0.0731499046087265,-0.013843920081853867
;24.287019729614258;-2.747345341510488e-20,0.0030067863408476114,-1.4000275135040283,0.17164166271686554;0.7587332129478455,0.389054536819458,0.14558850228786469,-0.035161059349775314;0.0025738587137311697,-0.048301152884960175,0.07312270998954773,-0.013846651650965214
;24.27760124206543;-2.761736668581777e-20,0.0030099176801741123,-1.4001210927963257,0.1724565327167511;0.7580374479293823,0.38905054330825806,0.14570459723472595,-0.03503244370222092;0.0025760664138942957,-0.04831390455365181,0.07309549301862717,-0.01384939718991518
;24.26813507080078;-2.7762708135557017e-20,0.0030130771920084953,-1.4002126455307007,0.17327284812927246;0.7573381662368774,0.3890466094017029,0.1458202749490738,-0.03490408509969711;0.0025782869197428226,-0.04832668974995613,0.07306824624538422,-0.013852155767381191
;24.258625030517578;-2.790954561898225e-20,0.003016264643520117,-1.4003028869628906,0.17409038543701172;0.7566360235214233,0.38904261589050293,0.1459355503320694,-0.034775979816913605;0.0025805169716477394,-0.04833951219916344,0.07304097712039948,-0.013854928314685822
;24.24907112121582;-2.805784682435079e-20,0.003019479103386402,-1.400390863418579,0.17490901052951813;0.7559305429458618,0.38903865218162537,0.14605040848255157,-0.03464817255735397;0.0025827628560364246,-0.04835236445069313,0.07301367819309235,-0.013857712969183922
;24.239471435546875;-2.8207614982836905e-20,0.0030227210372686386,-1.4004771709442139,0.1757293939590454;0.7552220821380615,0.389034628868103,0.1461648792028427,-0.03452063351869583;0.0025850203819572926,-0.04836524277925491,0.07298634201288223,-0.013860510662198067
;24.229827880859375;-2.8358846863266327e-20,0.0030259895138442516,-1.400560975074768,0.17655153572559357;0.7545105218887329,0.38903066515922546,0.1462789624929428,-0.03439449146389961;0.002587288850918412,-0.048378121107816696,0.07295912504196167,-0.013863321393728256
;24.220138549804688;-2.851163940086709e-20,0.0030292843002825975,-1.4006434679031372,0.17737480998039246;0.7537958025932312,0.3890265226364136,0.14639264345169067,-0.03426981717348099;0.0025895703583955765,-0.048390988260507584,0.07293204218149185,-0.01386614516377449
;24.210407257080078;-2.866598290211639e-20,0.00303260562941432,-1.4007234573364258,0.17819923162460327;0.7530779838562012,0.389022558927536,0.1465059369802475,-0.03414538875222206;0.0025918667670339346,-0.048403892666101456,0.07290493696928024,-0.01386898010969162
;24.20063018798828;-2.882187090466569e-20,0.0030359532684087753,-1.4008018970489502,0.17902538180351257;0.7523571848869324,0.3890185058116913,0.14661885797977448,-0.03402121365070343;0.002594172256067395,-0.04841682314872742,0.07287780195474625,-0.013871829025447369
;24.19080924987793;-2.8979335720257667e-20,0.0030393265187740326,-1.4008780717849731,0.1798526495695114;0.7516332268714905,0.38901442289352417,0.14673137664794922,-0.033897340297698975;0.0025964928790926933,-0.04842979088425636,0.07285062968730927,-0.013874691911041737
;24.180946350097656;-2.9138377348892325e-20,0.0030427256133407354,-1.4009524583816528,0.18068164587020874;0.7509060502052307,0.38901033997535706,0.1468435376882553,-0.03377370536327362;0.0025988230481743813,-0.0484427884221077,0.0728234276175499,-0.013877566903829575
;24.171037673950195;-2.929896024765272e-20,0.003046149853616953,-1.4010244607925415,0.18151207268238068;0.7501760125160217,0.38900625705718994,0.14695534110069275,-0.03365030512213707;0.0026011676527559757,-0.048455823212862015,0.07279621064662933,-0.013880454003810883
;24.16108512878418;-2.946116519589554e-20,0.0030495994724333286,-1.401094913482666,0.1823427826166153;0.7494429349899292,0.38900208473205566,0.14706677198410034,-0.033529557287693024;0.00260352436453104,-0.048468805849552155,0.07276926189661026,-0.013883354142308235
;24.151090621948242;-2.962498573127225e-20,0.003053074236959219,-1.40116286277771,0.18317507207393646;0.7487068176269531,0.38899800181388855,0.14717787504196167,-0.03340667486190796;0.0026058920193463564,-0.04848190024495125,0.07274197787046432,-0.013886266387999058
;24.14105224609375;-2.9790450934351266e-20,0.0030565736815333366,-1.4012290239334106,0.1840091198682785;0.7479676604270935,0.38899385929107666,0.14728860557079315,-0.033284105360507965;0.00260827480815351,-0.04849502816796303,0.072714664041996,-0.0138891926035285
;24.130971908569336;-2.995755111160978e-20,0.003060098271816969,-1.401293396949768,0.1848442554473877;0.7472257018089294,0.38898965716362,0.14739902317523956,-0.033161748200654984;0.002610668772831559,-0.048508185893297195,0.07268732041120529,-0.013892129994928837
;24.120845794677734;-3.0126286263047795e-20,0.003063647076487541,-1.4013558626174927,0.1856810748577118;0.7464805245399475,0.3889854848384857,0.14750906825065613,-0.03304080292582512;0.0026130748447030783,-0.048521336168050766,0.07266010344028473,-0.013895080424845219
;24.11067771911621;-3.02967274744992e-20,0.003067220561206341,-1.4014159440994263,0.1865190863609314;0.7457326650619507,0.38898134231567383,0.14761878550052643,-0.032921306788921356;0.002615493955090642,-0.04853448271751404,0.07263302057981491,-0.013898042030632496
;24.100467681884766;-3.046891675122948e-20,0.0030708175618201494,-1.4014747142791748,0.187358096241951;0.7449815273284912,0.3889771103858948,0.14772817492485046,-0.0328020378947258;0.0026179268024861813,-0.0485476516187191,0.0726059079170227,-0.013901018537580967
;24.090213775634766;-3.064283470619302e-20,0.0030744390096515417,-1.4015312194824219,0.18819881975650787;0.7442277073860168,0.3889729380607605,0.14783723652362823,-0.03268302604556084;0.0026203705929219723,-0.04856085777282715,0.07257876545190811,-0.013904005289077759
;24.079917907714844;-3.0818452258821416e-20,0.0030780844390392303,-1.4015859365463257,0.1890409141778946;0.7434707283973694,0.38896864652633667,0.14794600009918213,-0.03256424888968468;0.0026228243950754404,-0.04857409745454788,0.07255159318447113,-0.01390700601041317
;24.069578170776367;-3.099577910263747e-20,0.0030817536171525717,-1.401638388633728,0.18988440930843353;0.7427108883857727,0.3889644742012024,0.14805443584918976,-0.03244573622941971;0.002625295426696539,-0.048587366938591,0.07252439111471176,-0.013910017907619476
;24.05919647216797;-3.117486693642947e-20,0.0030854467768222094,-1.4016896486282349,0.19072845578193665;0.741948127746582,0.3889601528644562,0.1481625735759735,-0.03232748433947563;0.0026277764700353146,-0.04860066622495651,0.07249715924263,-0.013913043774664402
;24.04877281188965;-3.135574807194009e-20,0.003089163452386856,-1.4017382860183716,0.19157402217388153;0.7411826252937317,0.38895589113235474,0.1482703983783722,-0.032210592180490494;0.002630269154906273,-0.048613958060741425,0.0724700540304184,-0.013916079886257648
;24.038305282592773;-3.153835788568397e-20,0.0030929031781852245,-1.4017850160598755,0.19242066144943237;0.740414023399353,0.38895153999328613,0.1483779400587082,-0.03209513798356056;0.002632775576785207,-0.04862723499536514,0.07244309037923813,-0.013919129967689514
;24.02779769897461;-3.172284178050317e-20,0.003096665721386671,-1.4018300771713257,0.19326899945735931;0.7396425604820251,0.3889472484588623,0.14848516881465912,-0.03197765722870827;0.0026352950371801853,-0.04864063113927841,0.0724157765507698,-0.0139221902936697
;24.017248153686523;-3.190916421348074e-20,0.0031004520133137703,-1.4018731117248535,0.19411873817443848;0.7388683557510376,0.3889429271221161,0.14859208464622498,-0.03186264634132385;0.0026378268375992775,-0.0486539751291275,0.07238874584436417,-0.013925264589488506
;24.006654739379883;-3.20973833457535e-20,0.0031042611226439476,-1.4019142389297485,0.19496917724609375;0.7380914092063904,0.3889386057853699,0.14869873225688934,-0.03174794092774391;0.0026403723750263453,-0.04866734892129898,0.07236168533563614,-0.013928350061178207
;23.996021270751953;-3.228743778501036e-20,0.0031080935150384903,-1.4019536972045898,0.19582127034664154;0.7373113632202148,0.3889341950416565,0.14880511164665222,-0.03163348138332367;0.0026429276913404465,-0.048680756241083145,0.07233460247516632,-0.013931448571383953
;23.98534393310547;-3.247936630534254e-20,0.0031119489576667547,-1.4019910097122192,0.19667470455169678;0.7365283966064453,0.3889298141002655,0.1489112228155136,-0.03151920810341835;0.002645498374477029,-0.0486941896378994,0.07230748236179352,-0.013934560120105743
;23.974624633789062;-3.267318506262137e-20,0.0031158272176980972,-1.402026653289795,0.19752947986125946;0.7357429265975952,0.3889254927635193,0.14901702105998993,-0.031405188143253326;0.0026480797678232193,-0.04870766028761864,0.07228034734725952,-0.013937681913375854
;23.963865280151367;-3.2868923137415267e-20,0.0031197285279631615,-1.4020601511001587,0.1983853280544281;0.7349545359611511,0.3889211416244507,0.14912258088588715,-0.0312914215028286;0.002650673035532236,-0.048721157014369965,0.07225317507982254,-0.013940817676484585
;23.95306396484375;-3.306661607264117e-20,0.0031236521899700165,-1.4020920991897583,0.1992424726486206;0.734163224697113,0.38891664147377014,0.14922787249088287,-0.031177854165434837;0.0026532786432653666,-0.048734694719314575,0.07222598046064377,-0.01394396461546421
;23.94222068786621;-3.326622832538214e-20,0.003127598436549306,-1.402121901512146,0.20010095834732056;0.7333691120147705,0.38891229033470154,0.1493328958749771,-0.031066929921507835;0.002655899152159691,-0.048748165369033813,0.07219906896352768,-0.013947122730314732
;23.93133544921875;-3.3467863293214747e-20,0.0031315675005316734,-1.4021501541137695,0.20096106827259064;0.7325722575187683,0.3889078199863434,0.14943765103816986,-0.030956219881772995;0.002658532001078129,-0.048761676996946335,0.0721721351146698,-0.013950294815003872
;23.92041015625;-3.36714789708735e-20,0.003135558683425188,-1.4021764993667603,0.20182164013385773;0.731772780418396,0.38890334963798523,0.1495421677827835,-0.030845709145069122;0.002661175327375531,-0.04877521097660065,0.07214517146348953,-0.013953477144241333
;23.909442901611328;-3.387713351949523e-20,0.00313957198522985,-1.402200698852539,0.20268312096595764;0.7309702634811401,0.3888988792896271,0.14964643120765686,-0.030735425651073456;0.0026638328563421965,-0.048788782209157944,0.07211818546056747,-0.01395667064934969
;23.898433685302734;-3.4084823707905665e-20,0.003143607871606946,-1.4022234678268433,0.2035462111234665;0.7301652431488037,0.3888944089412689,0.14975044131278992,-0.030625421553850174;0.0026665024925023317,-0.04880238324403763,0.07209116220474243,-0.01395987719297409
;23.887386322021484;-3.4294559229627607e-20,0.0031476656440645456,-1.4022438526153564,0.20441065728664398;0.7293573617935181,0.38888993859291077,0.14985422790050507,-0.030515581369400024;0.0026691860985010862,-0.0488160140812397,0.072064109146595,-0.013963096775114536
;23.87629508972168;-3.450639178344934e-20,0.003151745768263936,-1.402262806892395,0.20527637004852295;0.7285467386245728,0.38888540863990784,0.14995776116847992,-0.030406029894948006;0.0026718818116933107,-0.04882967844605446,0.07203703373670578,-0.013966327533125877
;23.865161895751953;-3.4720324600545135e-20,0.0031558480113744736,-1.402280330657959,0.20614343881607056;0.7277332544326782,0.38888081908226013,0.15006107091903687,-0.03029787540435791;0.0026745882350951433,-0.04884332790970802,0.0720100924372673,-0.013969570398330688
;23.85399055480957;-3.493644815379449e-20,0.003159971907734871,-1.4022951126098633,0.20701146125793457;0.7269172668457031,0.3888763189315796,0.1501641571521759,-0.03019106201827526;0.0026773109566420317,-0.04885696619749069,0.07198328524827957,-0.01397282537072897
;23.842777252197266;-3.515463319622669e-20,0.0031641186214983463,-1.4023081064224243,0.20788072049617767;0.7260985374450684,0.3888717591762543,0.15026703476905823,-0.030084505677223206;0.002680043689906597,-0.04887063801288605,0.07195644825696945,-0.013976091518998146
;23.831523895263672;-3.537498958776684e-20,0.003168287221342325,-1.4023196697235107,0.2087516486644745;0.7252771258354187,0.38886719942092896,0.15036968886852264,-0.029978174716234207;0.00268278899602592,-0.04888433218002319,0.07192958146333694,-0.013979369774460793
;23.82023048400879;-3.5597530253112014e-20,0.003172476775944233,-1.4023292064666748,0.20962299406528473;0.7244530320167542,0.3888625502586365,0.15047213435173035,-0.029872078448534012;0.0026855487376451492,-0.048898063600063324,0.07190269231796265,-0.013982659205794334
;23.808895111083984;-3.582230042870196e-20,0.0031766891479492188,-1.4023374319076538,0.21049517393112183;0.7236261963844299,0.38885799050331116,0.15057432651519775,-0.02976616658270359;0.0026883191894739866,-0.048911821097135544,0.07187577337026596,-0.013985959812998772
;23.79751968383789;-3.604928072749107e-20,0.003180922707542777,-1.402343511581421,0.21136894822120667;0.7227967977523804,0.38885337114334106,0.15067635476589203,-0.029660528525710106;0.0026911040768027306,-0.04892560839653015,0.07184882462024689,-0.013989274390041828
;23.786104202270508;-3.627853900413897e-20,0.003185177920386195,-1.4023478031158447,0.2122439742088318;0.7219646573066711,0.3888487219810486,0.1507781594991684,-0.0295550674200058;0.002693901536986232,-0.04893943667411804,0.07182184606790543,-0.01399259828031063
;23.774648666381836;-3.651007525864566e-20,0.0031894550193101168,-1.4023500680923462,0.21312028169631958;0.7211299538612366,0.3888441026210785,0.15087977051734924,-0.02944987826049328;0.0026967115700244904,-0.04895328730344772,0.07179483771324158,-0.013995935209095478
;23.763151168823242;-3.6743954114496494e-20,0.0031937542371451855,-1.4023505449295044,0.21399760246276855;0.7202925086021423,0.3888394236564636,0.15098118782043457,-0.029344821348786354;0.0026995334774255753,-0.04896716773509979,0.07176780700683594,-0.01399928331375122
;23.751615524291992;-3.698008832998624e-20,0.0031980748753994703,-1.402349829673767,0.21487613022327423;0.7194526195526123,0.38883477449417114,0.15108241140842438,-0.029240043833851814;0.00270236749202013,-0.04898107796907425,0.07174074649810791,-0.014002644456923008
;23.74003791809082;-3.721859745856281e-20,0.0032024173997342587,-1.4023467302322388,0.2157558798789978;0.7186099886894226,0.3888300955295563,0.15118347108364105,-0.029136672616004944;0.002705216873437166,-0.04899497702717781,0.07171381264925003,-0.014006015844643116
;23.728422164916992;-3.7459523505491683e-20,0.003206780878826976,-1.4023425579071045,0.2166372537612915;0.7177645564079285,0.38882532715797424,0.15128430724143982,-0.02903345786035061;0.0027080774307250977,-0.04900890588760376,0.07168686389923096,-0.014009400270879269
;23.716764450073242;-3.770283415903018e-20,0.0032111662440001965,-1.4023358821868896,0.21751923859119415;0.7169166207313538,0.38882070779800415,0.15138497948646545,-0.02893168106675148;0.002710952190682292,-0.04902281612157822,0.07166004180908203,-0.014012793079018593
;23.705066680908203;-3.794848095156429e-20,0.0032155730295926332,-1.4023280143737793,0.2184024453163147;0.716066300868988,0.38881587982177734,0.15148547291755676,-0.028830118477344513;0.0027138390578329563,-0.04903676360845566,0.07163319736719131,-0.014016201719641685
;23.693328857421875;-3.819669975881555e-20,0.00322000146843493,-1.4023181200027466,0.21928717195987701;0.7152132987976074,0.38881123065948486,0.15158578753471375,-0.028728758916258812;0.0027167394291609526,-0.04905074089765549,0.07160632312297821,-0.01401961874216795
;23.68155288696289;-3.844734517794192e-20,0.0032244513276964426,-1.4023061990737915,0.22017285227775574;0.7143577337265015,0.38880643248558044,0.1516859382390976,-0.028627589344978333;0.002719653770327568,-0.049064747989177704,0.07157941907644272,-0.014023047871887684
;23.669736862182617;-3.870054968708838e-20,0.003228922840207815,-1.4022928476333618,0.22106009721755981;0.7134995460510254,0.3888017237186432,0.15178591012954712,-0.028526663780212402;0.0027225783560425043,-0.04907878115773201,0.07155249267816544,-0.014026490040123463
;23.657880783081055;-3.895621635102689e-20,0.003233415773138404,-1.402278184890747,0.22194766998291016;0.7126387357711792,0.388796865940094,0.1518857330083847,-0.028425922617316246;0.0027255178429186344,-0.049092847853899,0.07152553647756577,-0.014029943384230137
;23.645984649658203;-3.921445826085682e-20,0.003237929893657565,-1.4022612571716309,0.22283604741096497;0.7117756009101868,0.38879209756851196,0.15198537707328796,-0.028327791020274162;0.002728469204157591,-0.04910685494542122,0.07149887830018997,-0.014033407904207706
;23.634048461914062;-3.94753238841922e-20,0.0032424654345959425,-1.4022424221038818,0.22372588515281677;0.7109098434448242,0.38878723978996277,0.15208488702774048,-0.0282298531383276;0.002731434302404523,-0.049120888113975525,0.07147219777107239,-0.014036884531378746
;23.622072219848633;-3.973872274815352e-20,0.0032470219302922487,-1.4022222757339478,0.2246173620223999;0.7100414633750916,0.38878241181373596,0.15218421816825867,-0.0281309112906456;0.0027344110421836376,-0.0491350032389164,0.07144532352685928,-0.014040372334420681
;23.61005973815918;-4.000481964262844e-20,0.003251600544899702,-1.4021998643875122,0.22550904750823975;0.7091705799102783,0.38877758383750916,0.1522834450006485,-0.0280334260314703;0.0027374031487852335,-0.049149103462696075,0.07141858339309692,-0.014043871313333511
;23.598005294799805;-4.027358548704855e-20,0.0032561998814344406,-1.4021766185760498,0.22640223801136017;0.7082971930503845,0.3887726664543152,0.1523824781179428,-0.0279360581189394;0.002740408293902874,-0.04916323348879814,0.07139181345701218,-0.014047381468117237
;23.58591079711914;-4.0545026743762384e-20,0.003260820871219039,-1.4021509885787964,0.2272966504096985;0.7074214220046997,0.388767808675766,0.15248140692710876,-0.02783896028995514;0.0027434248477220535,-0.0491773821413517,0.07136502861976624,-0.014050902798771858
;23.57377815246582;-4.081921449860384e-20,0.003265462815761566,-1.402124047279358,0.22819222509860992;0.7065431475639343,0.3887629806995392,0.1525801569223404,-0.027742084115743637;0.002746456302702427,-0.04919157549738884,0.07133820652961731,-0.014054435305297375
;23.561607360839844;-4.1096129364527303e-20,0.0032701261807233095,-1.4020951986312866,0.22908912599086761;0.7056623697280884,0.3887580335140228,0.15267880260944366,-0.027645351365208626;0.0027494991663843393,-0.04920578747987747,0.07131136208772659,-0.014057979919016361
;23.549394607543945;-4.1375806884449725e-20,0.003274810966104269,-1.4020646810531616,0.22998671233654022;0.7047790884971619,0.38875314593315125,0.152777299284935,-0.02754887379705906;0.0027525571640580893,-0.04922003671526909,0.07128448784351349,-0.014061534777283669
;23.53714370727539;-4.1658285832462316e-20,0.0032795171719044447,-1.4020328521728516,0.2308855652809143;0.70389324426651,0.3887481987476349,0.15287569165229797,-0.027452562004327774;0.0027556265704333782,-0.0492343045771122,0.071257583796978,-0.014065103605389595
;23.52485466003418;-4.194368899318725e-20,0.003284244565293193,-1.401998519897461,0.23178593814373016;0.7030051350593567,0.38874325156211853,0.152973935008049,-0.027356484904885292;0.0027587097138166428,-0.04924860969185829,0.07123065739870071,-0.014068682678043842
;23.51252555847168;-4.2231929124919305e-20,0.00328899291343987,-1.4019627571105957,0.23268656432628632;0.7021144032478333,0.38873833417892456,0.1530720442533493,-0.027262955904006958;0.0027618054300546646,-0.04926285892724991,0.0712040364742279,-0.01407227199524641
;23.500158309936523;-4.2523015921181276e-20,0.003293762682005763,-1.4019253253936768,0.233587846159935;0.7012214064598083,0.3887333273887634,0.15317003428936005,-0.02716841548681259;0.002764915581792593,-0.049277178943157196,0.07117721438407898,-0.014075873419642448
;23.487751007080078;-4.281711740303509e-20,0.0032985536381602287,-1.4018867015838623,0.23449072241783142;0.7003258466720581,0.3887282907962799,0.15326792001724243,-0.027075331658124924;0.0027680385392159224,-0.04929148778319359,0.07115054130554199,-0.014079486019909382
;23.475305557250977;-4.311416248464686e-20,0.003303366247564554,-1.4018462896347046,0.23539435863494873;0.6994280219078064,0.3887234032154083,0.15336571633815765,-0.02698117308318615;0.002771173371002078,-0.04930586367845535,0.07112366706132889,-0.014083110727369785
;23.46282196044922;-4.341420609597913e-20,0.0033081993460655212,-1.401803970336914,0.2362995594739914;0.6985276937484741,0.3887183666229248,0.15346336364746094,-0.026888487860560417;0.002774323569610715,-0.04932022467255592,0.07109693437814713,-0.01408674567937851
;23.450300216674805;-4.3717219156463497e-20,0.003313054097816348,-1.4017596244812012,0.2372056096792221;0.6976250410079956,0.3887133300304413,0.15356089174747467,-0.02679591439664364;0.0027774875052273273,-0.04933461919426918,0.07107017934322357,-0.014090390875935555
;23.43773651123047;-4.4023382611858954e-20,0.0033179300371557474,-1.401714563369751,0.23811236023902893;0.6967198848724365,0.38870832324028015,0.15365834534168243,-0.026703592389822006;0.002780662849545479,-0.04934903606772423,0.07104338705539703,-0.014094050042331219
;23.42513656616211;-4.4332631838680146e-20,0.0033228271640837193,-1.4016673564910889,0.23902066051959991;0.6958125233650208,0.38870325684547424,0.15375566482543945,-0.026611490175127983;0.002783852396532893,-0.04936349019408226,0.0710165724158287,-0.014097717590630054
;23.412498474121094;-4.464506054098084e-20,0.0033277450129389763,-1.4016187191009521,0.23993045091629028;0.6949025988578796,0.38869813084602356,0.1538529098033905,-0.02651955559849739;0.002787055214866996,-0.04937797039747238,0.07098973542451859,-0.014101398177444935
;23.399822235107422;-4.496058470823007e-20,0.003332684747874737,-1.4015681743621826,0.24083976447582245;0.6939904689788818,0.38869303464889526,0.1539500504732132,-0.026430172845721245;0.002790272468701005,-0.04939238727092743,0.07096320390701294,-0.01410508994013071
;23.38710594177246;-4.527930127565587e-20,0.00333764567039907,-1.4015158414840698,0.24175038933753967;0.6930760741233826,0.38868796825408936,0.15404711663722992,-0.026340987533330917;0.002793502528220415,-0.04940684139728546,0.0709366425871849,-0.014108791016042233
;23.374353408813477;-4.5601229630303854e-20,0.0033426277805119753,-1.4014623165130615,0.24266251921653748;0.6921593546867371,0.3886828124523163,0.1541440784931183,-0.026251982897520065;0.002796745393425226,-0.049421314150094986,0.07091005891561508,-0.014112505130469799
;23.361560821533203;-4.5926427933310834e-20,0.0033476310782134533,-1.401407241821289,0.24357545375823975;0.691240131855011,0.3886776864528656,0.1542409360408783,-0.026163214817643166;0.0028000017628073692,-0.049435824155807495,0.07088344544172287,-0.014116229489445686
;23.348730087280273;-4.6254983426382043e-20,0.003352655563503504,-1.4013502597808838,0.24448920786380768;0.6903185844421387,0.3886725604534149,0.15433773398399353,-0.026074619963765144;0.0028032741975039244,-0.049450356513261795,0.07085680216550827,-0.01411996316164732
;23.335861206054688;-4.658689610951748e-20,0.003357701003551483,-1.4012917280197144,0.24540437757968903;0.6893947720527649,0.38866734504699707,0.1544344425201416,-0.025986239314079285;0.0028065580409020185,-0.04946492984890938,0.07083013653755188,-0.014123712666332722
;23.322954177856445;-4.69221304398002e-20,0.0033627678640186787,-1.4012320041656494,0.2463202327489853;0.6884686350822449,0.3886622488498688,0.15453104674816132,-0.025897998362779617;0.0028098549228161573,-0.04947952181100845,0.0708034411072731,-0.014127468690276146
;23.310009002685547;-4.7260805970678115e-20,0.003367855679243803,-1.401170015335083,0.24723763763904572;0.6875403523445129,0.3886570632457733,0.15462759137153625,-0.025809990242123604;0.0028131650760769844,-0.04949413985013962,0.07077672332525253,-0.01413123682141304
;23.297025680541992;-4.760298086328804e-20,0.0033729646820575,-1.4011069536209106,0.24815550446510315;0.68660968542099,0.38865187764167786,0.15472406148910522,-0.025722160935401917;0.002816491760313511,-0.04950879514217377,0.07074996829032898,-0.014135017059743404
;23.28400421142578;-4.7948567875924744e-20,0.0033780955709517,-1.4010423421859741,0.24907439947128296;0.685676634311676,0.38864666223526,0.15482047200202942,-0.025634504854679108;0.00281983008608222,-0.04952347278594971,0.07072319835424423,-0.014138809405267239
;23.270944595336914;-4.829771241143028e-20,0.0033832464832812548,-1.4009759426116943,0.24999473989009857;0.6847414970397949,0.38864144682884216,0.15491680800914764,-0.02554706670343876;0.0028231809847056866,-0.04953818395733833,0.0706963986158371,-0.014142611995339394
;23.25784683227539;-4.8650450012721595e-20,0.0033884195145219564,-1.4009082317352295,0.2509157955646515;0.6838040947914124,0.38863614201545715,0.1550130844116211,-0.02546098828315735;0.0028265465516597033,-0.04955287650227547,0.0706697404384613,-0.01414642482995987
;23.24471092224121;-4.900686469032965e-20,0.0033936137333512306,-1.4008383750915527,0.25183776021003723;0.6828643083572388,0.3886309564113617,0.15510928630828857,-0.02537510171532631;0.0028299293480813503,-0.04956759884953499,0.07064305245876312,-0.014150249771773815
;23.231534957885742;-4.936682719728373e-20,0.0033988289069384336,-1.4007679224014282,0.25276026129722595;0.681922197341919,0.3886256814002991,0.15520541369915009,-0.025290608406066895;0.002833320526406169,-0.049582306295633316,0.07061651349067688,-0.014154084958136082
;23.21832275390625;-4.973054109756271e-20,0.003404065268114209,-1.4006954431533813,0.253683865070343;0.6809779405593872,0.38862040638923645,0.15530149638652802,-0.02520628646016121;0.0028367287013679743,-0.04959703981876373,0.07058994472026825,-0.014157930389046669
;23.205074310302734;-5.009798700412098e-20,0.003409323049709201,-1.4006215333938599,0.2546086013317108;0.6800315976142883,0.38861510157585144,0.15539753437042236,-0.025122111663222313;0.0028401492163538933,-0.04961179941892624,0.07056335359811783,-0.014161786995828152
;23.19178581237793;-5.046916168578428e-20,0.0034146017860621214,-1.4005457162857056,0.25553444027900696;0.6790827512741089,0.38860979676246643,0.15549349784851074,-0.02503817155957222;0.0028435857966542244,-0.04962659254670143,0.07053672522306442,-0.014165655709803104
;23.1784610748291;-5.084413622838649e-20,0.0034199017100036144,-1.4004689455032349,0.25646090507507324;0.6781319379806519,0.38860443234443665,0.15558941662311554,-0.02495439164340496;0.0028470351826399565,-0.04964141547679901,0.07051008194684982,-0.014169534668326378
;23.165098190307617;-5.1223104502383686e-20,0.0034252232871949673,-1.4003901481628418,0.25738847255706787;0.6771789193153381,0.38859912753105164,0.15568529069423676,-0.02487083151936531;0.002850499004125595,-0.04965626075863838,0.07048340141773224,-0.014173426665365696
;23.151697158813477;-5.1605875868494064e-20,0.0034305662848055363,-1.4003098011016846,0.2583170533180237;0.6762236952781677,0.38859379291534424,0.1557811200618744,-0.024787429720163345;0.0028539751656353474,-0.04967114329338074,0.07045669853687286,-0.014177327044308186
;23.13825798034668;-5.199263127247662e-20,0.0034359300043433905,-1.400228500366211,0.2592464089393616;0.6752662658691406,0.38858839869499207,0.15587690472602844,-0.02470420114696026;0.00285746599547565,-0.04968604817986488,0.0704299733042717,-0.014181239530444145
;23.12478256225586;-5.238336748315709e-20,0.003441314911469817,-1.4001450538635254,0.26017677783966064;0.6743067502975464,0.3885829746723175,0.1559726595878601,-0.024623556062579155;0.00286097195930779,-0.049700889736413956,0.0704035684466362,-0.014185162261128426
;23.111268997192383;-5.277814266167229e-20,0.00344672123901546,-1.4000605344772339,0.2611081898212433;0.6733450889587402,0.38857758045196533,0.15606838464736938,-0.02454192005097866;0.0028644902631640434,-0.049715805798769,0.07037695497274399,-0.014189096167683601
;23.09771728515625;-5.3176953576847955e-20,0.0034521492198109627,-1.3999745845794678,0.2620405852794647;0.6723811030387878,0.38857221603393555,0.1561640352010727,-0.024461623281240463;0.0028680232353508472,-0.049730706959962845,0.07035049051046371,-0.014193041250109673
;23.084129333496094;-5.3580000561488685e-20,0.003457597689703107,-1.3998870849609375,0.2629738748073578;0.6714150309562683,0.388566792011261,0.1562596708536148,-0.024381492286920547;0.002871572505682707,-0.04974563792347908,0.07032399624586105,-0.014196996577084064
;23.07050132751465;-5.3987248072677536e-20,0.003463068278506398,-1.399798035621643,0.26390767097473145;0.6704469323158264,0.38856130838394165,0.15635530650615692,-0.024301547557115555;0.0028751331847161055,-0.049760594964027405,0.0702974796295166,-0.014200964011251926
;23.056838989257812;-5.439855070757246e-20,0.0034685595892369747,-1.3997076749801636,0.26484209299087524;0.6694766879081726,0.3885559141635895,0.15645086765289307,-0.02422184869647026;0.0028787085320800543,-0.049775585532188416,0.07027093321084976,-0.014204940758645535
;23.04313850402832;-5.481418957833475e-20,0.0034740723203867674,-1.3996150493621826,0.26577797532081604;0.6685043573379517,0.38855043053627014,0.15654639899730682,-0.024142252281308174;0.002882298780605197,-0.04979059472680092,0.07024436444044113,-0.014208927750587463
;23.029399871826172;-5.523424869549537e-20,0.0034796062391251326,-1.3995221853256226,0.2667141556739807;0.667529821395874,0.3885449171066284,0.15664193034172058,-0.024062886834144592;0.0028859025333076715,-0.04980563372373581,0.07021777331829071,-0.014212926849722862
;23.015625;-5.565855357564386e-20,0.003485162043944001,-1.399426817893982,0.26765134930610657;0.6665534377098083,0.38853949308395386,0.15673744678497314,-0.023984825238585472;0.002889520488679409,-0.049820661544799805,0.07019132375717163,-0.014216937124729156
;23.001813888549805;-5.608733040097896e-20,0.003490739269182086,-1.399330496788025,0.2685898244380951;0.665574848651886,0.38853394985198975,0.15683290362358093,-0.023907018825411797;0.002893153578042984,-0.04983570799231529,0.07016484439373016,-0.014220957644283772
;22.98796272277832;-5.652065671968311e-20,0.003496337216347456,-1.3992325067520142,0.2695290148258209;0.6645939350128174,0.3885284662246704,0.15692837536334991,-0.02382935956120491;0.002896800171583891,-0.04985079541802406,0.0701383501291275,-0.014224989339709282
;22.974075317382812;-5.695839036008851e-20,0.0035019570495933294,-1.3991332054138184,0.27046895027160645;0.6636111736297607,0.3885229229927063,0.1570238173007965,-0.023751894012093544;0.0029004616662859917,-0.049865901470184326,0.07011182606220245,-0.014229032211005688
;22.96015167236328;-5.74007898161366e-20,0.0035075978375971317,-1.399032711982727,0.2714093327522278;0.6626262664794922,0.3885173499584198,0.1571192443370819,-0.02367457002401352;0.0029041378293186426,-0.049881041049957275,0.07008526474237442,-0.014233085326850414
;22.946189880371094;-5.78478421631303e-20,0.0035132605116814375,-1.3989307880401611,0.2723504304885864;0.661639392375946,0.3885118067264557,0.1572146713733673,-0.023598652333021164;0.002907827962189913,-0.04989616572856903,0.07005885988473892,-0.014237148687243462
;22.93218994140625;-5.829957971281229e-20,0.0035189439076930285,-1.3988274335861206,0.2732928693294525;0.660650372505188,0.3885062336921692,0.15731005370616913,-0.02352290228009224;0.0029115346260368824,-0.04991131275892258,0.07003242522478104,-0.014241224154829979
;22.918155670166016;-5.875600246518256e-20,0.0035246494226157665,-1.3987224102020264,0.2742359936237335;0.6596594452857971,0.3885006606578827,0.15740548074245453,-0.02344728820025921;0.0029152529314160347,-0.04992648959159851,0.07000596821308136,-0.014245307072997093
;22.904083251953125;-5.92171427319838e-20,0.00353037565946579,-1.398615837097168,0.27517959475517273;0.6586664915084839,0.3884950280189514,0.15750086307525635,-0.02337188832461834;0.0029189863707870245,-0.049941692501306534,0.0699794813990593,-0.014249404892325401
;22.889972686767578;-5.968316853427794e-20,0.00353612401522696,-1.3985081911087036,0.27612462639808655;0.6576716303825378,0.38848942518234253,0.15759627521038055,-0.023296630010008812;0.00292273354716599,-0.049956921488046646,0.06995297223329544,-0.014253510162234306
;22.875825881958008;-6.015413803320178e-20,0.0035418930929154158,-1.3983988761901855,0.2770706117153168;0.6566745042800903,0.38848382234573364,0.15769165754318237,-0.023221569135785103;0.0029264979530125856,-0.049972184002399445,0.0699264332652092,-0.014257628470659256
;22.861642837524414;-6.063014170163483e-20,0.003547684056684375,-1.398288369178772,0.2780172824859619;0.6556754112243652,0.3884781002998352,0.15778706967830658,-0.02314670942723751;0.0029302758630365133,-0.04998747259378433,0.06989986449480057,-0.014261757023632526
;22.847421646118164;-6.111103090556078e-20,0.00355349644087255,-1.3981760740280151,0.2789647877216339;0.6546745896339417,0.38847243785858154,0.1578824669122696,-0.023073142394423485;0.0029340677428990602,-0.05000273883342743,0.06987345218658447,-0.014265895821154118
;22.83316421508789;-6.159698659073861e-20,0.0035593307111412287,-1.398063063621521,0.27991291880607605;0.6536715626716614,0.3884667754173279,0.1579778790473938,-0.02300100587308407;0.0029378740582615137,-0.05001799389719963,0.06984718888998032,-0.014270045794546604
;22.818870544433594;-6.208815092883611e-20,0.003565185936167836,-1.3979482650756836,0.2808624505996704;0.6526666879653931,0.3884611129760742,0.158073291182518,-0.022927818819880486;0.002941696671769023,-0.0500333197414875,0.06982072442770004,-0.014274206012487411
;22.80453872680664;-6.258449160811061e-20,0.0035710621159523726,-1.3978321552276611,0.28181183338165283;0.6516597867012024,0.3884553909301758,0.1581687033176422,-0.022856008261442184;0.0029455330222845078,-0.05004862695932388,0.06979440897703171,-0.014278378337621689
;22.790170669555664;-6.308599570386502e-20,0.0035769613459706306,-1.3977144956588745,0.2827620804309845;0.6506510972976685,0.38844966888427734,0.1582641452550888,-0.022784387692809105;0.002949383109807968,-0.05006396025419235,0.06976806372404099,-0.014282559975981712
;22.775768280029297;-6.359295402178346e-20,0.0035828810650855303,-1.3975956439971924,0.2837132513523102;0.6496403217315674,0.3884439468383789,0.1583596020936966,-0.022712960839271545;0.0029532506596297026,-0.05007932335138321,0.06974169611930847,-0.014286750927567482
;22.76132583618164;-6.41051274549701e-20,0.003588822204619646,-1.3974753618240356,0.2846657633781433;0.6486276984214783,0.38843822479248047,0.15845505893230438,-0.022641638293862343;0.002957130316644907,-0.050094712525606155,0.06971530616283417,-0.014290953055024147
;22.746849060058594;-6.462298775486805e-20,0.0035947852302342653,-1.3973532915115356,0.2856181263923645;0.6476132869720459,0.3884325325489044,0.15855054557323456,-0.022570470348000526;0.0029610279016196728,-0.05011012777686119,0.06968888640403748,-0.014295167289674282
;22.73233413696289;-6.514619241700491e-20,0.0036007696762681007,-1.3972301483154297,0.286571741104126;0.6465967893600464,0.38842666149139404,0.15864603221416473,-0.02249951660633087;0.0029649371281266212,-0.05012558028101921,0.06966244429349899,-0.014299391768872738
;22.717782974243164;-6.567498701062504e-20,0.0036067755427211523,-1.3971056938171387,0.28752627968788147;0.6455783843994141,0.38842087984085083,0.1587415635585785,-0.022428719326853752;0.0029688640497624874,-0.05014105141162872,0.06963596493005753,-0.014303626492619514
;22.703197479248047;-6.620948785800208e-20,0.0036128025967627764,-1.3969799280166626,0.288481742143631;0.6445580720901489,0.3884151577949524,0.15883709490299225,-0.022358044981956482;0.002972806803882122,-0.05015655606985092,0.06960947066545486,-0.014307872392237186
;22.68857192993164;-6.674948816398289e-20,0.0036188524682074785,-1.396852970123291,0.2894371449947357;0.6435359716415405,0.388409286737442,0.1589326411485672,-0.022290030494332314;0.0029767616651952267,-0.05017199367284775,0.06958330422639847,-0.014312127605080605
;22.673912048339844;-6.729558892698127e-20,0.0036249225959181786,-1.3967243432998657,0.2903936803340912;0.6425118446350098,0.3884034752845764,0.15902821719646454,-0.0222221277654171;0.0029807351529598236,-0.050187453627586365,0.06955710798501968,-0.014316394925117493
;22.659215927124023;-6.784735716964536e-20,0.0036310155410319567,-1.396594762802124,0.29135075211524963;0.6414862275123596,0.3883976340293884,0.15912382304668427,-0.02215322107076645;0.0029847179539501667,-0.05020299553871155,0.06953071057796478,-0.014320671558380127
;22.644481658935547;-6.840488982720317e-20,0.0036371289752423763,-1.3964637517929077,0.29230907559394836;0.6404584646224976,0.38839173316955566,0.15921948850154877,-0.02208442986011505;0.0029887196142226458,-0.05021855980157852,0.06950429081916809,-0.014324958436191082
;22.629711151123047;-6.896853586647563e-20,0.003643265226855874,-1.3963316679000854,0.2932676672935486;0.6394287943840027,0.38838592171669006,0.15931515395641327,-0.022017069160938263;0.0029927368741482496,-0.0502341091632843,0.06947802007198334,-0.014329258352518082
;22.614906311035156;-6.953823066397739e-20,0.003649422200396657,-1.3961979150772095,0.2942270338535309;0.6383975148200989,0.3883800506591797,0.15941086411476135,-0.021949823945760727;0.002996769268065691,-0.050249677151441574,0.0694517269730568,-0.014333565719425678
;22.60006332397461;-7.011409700433061e-20,0.0036556010600179434,-1.3960622549057007,0.29518771171569824;0.6373643279075623,0.3883741497993469,0.15950661897659302,-0.021882789209485054;0.003000817261636257,-0.05026527866721153,0.06942540407180786,-0.014337887056171894
;22.58518409729004;-7.069613488753531e-20,0.003661801340058446,-1.3959264755249023,0.29614928364753723;0.6363294124603271,0.3883681893348694,0.15960240364074707,-0.021815838292241096;0.0030048794578760862,-0.05028090998530388,0.06939905136823654,-0.014342215843498707
;22.570268630981445;-7.128450587230486e-20,0.0036680239718407393,-1.3957890272140503,0.29711100459098816;0.6352924704551697,0.388362318277359,0.1596982330083847,-0.02174910344183445;0.003008958650752902,-0.05029657110571861,0.06937268376350403,-0.01434655673801899
;22.555316925048828;-7.187910009871417e-20,0.003674267791211605,-1.3956499099731445,0.29807397723197937;0.634253978729248,0.38835635781288147,0.15979412198066711,-0.021682551130652428;0.0030130520462989807,-0.05031225085258484,0.06934628635644913,-0.014350907877087593
;22.540328979492188;-7.24802212971444e-20,0.003680533729493618,-1.3955097198486328,0.2990373969078064;0.6332135200500488,0.38835039734840393,0.15989002585411072,-0.021617330610752106;0.003017159877344966,-0.05032791569828987,0.06932003796100616,-0.014355270192027092
;22.525304794311523;-7.308764974774536e-20,0.0036868213210254908,-1.395368218421936,0.30000147223472595;0.6321713924407959,0.388344407081604,0.1599859893321991,-0.02155347727239132;0.0030212837737053633,-0.05034356191754341,0.06929394602775574,-0.014359641820192337
;22.510244369506836;-7.37017085679438e-20,0.0036931305658072233,-1.3952255249023438,0.30096590518951416;0.6311272978782654,0.38833844661712646,0.16008198261260986,-0.021489828824996948;0.0030254251323640347,-0.05035923793911934,0.06926783174276352,-0.014364024624228477
;22.495149612426758;-7.432243653183096e-20,0.0036994614638388157,-1.3950809240341187,0.3019307255744934;0.6300817728042603,0.38833245635032654,0.1601780354976654,-0.02142632007598877;0.0030295809265226126,-0.05037493631243706,0.06924168765544891,-0.01436841581016779
;22.48001480102539;-7.494993057463486e-20,0.0037058142479509115,-1.3949356079101562,0.3028968572616577;0.6290344595909119,0.3883264362812042,0.16027413308620453,-0.021362949162721634;0.003033750457689166,-0.050390664488077164,0.06921552121639252,-0.01437282096594572
;22.464847564697266;-7.558427470688646e-20,0.0037121891509741545,-1.3947888612747192,0.3038634955883026;0.6279852390289307,0.3883204460144043,0.16037027537822723,-0.02129978872835636;0.0030379395466297865,-0.05040642246603966,0.06918932497501373,-0.014377233572304249
;22.449642181396484;-7.622555940146527e-20,0.0037185854744166136,-1.3946409225463867,0.3048305809497833;0.6269344091415405,0.3883143961429596,0.16046646237373352,-0.021236732602119446;0.003042139345780015,-0.05042220279574394,0.06916310638189316,-0.014381658285856247
;22.43440055847168;-7.687373942193153e-20,0.003725003683939576,-1.3944917917251587,0.30579888820648193;0.6258818507194519,0.3883083164691925,0.1605626940727234,-0.021173859015107155;0.0030463605653494596,-0.05043801665306091,0.06913687288761139,-0.014386093243956566
;22.419124603271484;-7.752891170351327e-20,0.003731443313881755,-1.394340991973877,0.3067675828933716;0.6248275637626648,0.3883022964000702,0.16065901517868042,-0.021111153066158295;0.0030505936592817307,-0.05045384541153908,0.06911060214042664,-0.01439053937792778
;22.403810501098633;-7.819118610613561e-20,0.003737905528396368,-1.394189715385437,0.3077372610569;0.6237716674804688,0.3882961571216583,0.16075539588928223,-0.02104857936501503;0.0030548423528671265,-0.050469715148210526,0.06908430904150009,-0.014394995756447315
;22.388460159301758;-7.886089220957386e-20,0.0037443896289914846,-1.3940367698669434,0.30870765447616577;0.6227139830589294,0.388290137052536,0.16085180640220642,-0.020986197516322136;0.0030591096729040146,-0.050485603511333466,0.06905798614025116,-0.014399461448192596
;22.37307357788086;-7.95379912397368e-20,0.0037508951500058174,-1.3938826322555542,0.3096785247325897;0.6216544508934021,0.38828396797180176,0.16094830632209778,-0.020925182849168777;0.0030633918941020966,-0.05050148069858551,0.06903181970119476,-0.014403940178453922
;22.35765266418457;-8.022224408972861e-20,0.003757423022761941,-1.39372718334198,0.3106505870819092;0.6205934286117554,0.3882778584957123,0.16104483604431152,-0.020864281803369522;0.0030676894821226597,-0.05051737651228905,0.06900563836097717,-0.014408426359295845
;22.342193603515625;-8.091405788750704e-20,0.003763972083106637,-1.3935704231262207,0.3116220533847809;0.6195306181907654,0.388271689414978,0.16114144027233124,-0.020802391692996025;0.0030720036011189222,-0.05053334683179855,0.06897924095392227,-0.014412924647331238
;22.32670021057129;-8.161363296587669e-20,0.003770543495193124,-1.3934125900268555,0.31259459257125854;0.618466317653656,0.38826560974121094,0.16123808920383453,-0.02074304036796093;0.0030763354152441025,-0.050549257546663284,0.06895319372415543,-0.014417431317269802
;22.31117057800293;-8.232080776612418e-20,0.0037771365605294704,-1.3932535648345947,0.3135678768157959;0.6174002885818481,0.3882593810558319,0.1613348126411438,-0.020683858543634415;0.0030806807335466146,-0.050565190613269806,0.0689271092414856,-0.014421951025724411
;22.295604705810547;-8.303580847044823e-20,0.003783751977607608,-1.3930933475494385,0.3145420253276825;0.6163326501846313,0.38825318217277527,0.16143161058425903,-0.020624849945306778;0.0030850430484861135,-0.050581153482198715,0.06890099495649338,-0.01442648097872734
;22.28000259399414;-8.375853814362084e-20,0.003790389047935605,-1.3929320573806763,0.31551629304885864;0.6152634024620056,0.388247013092041,0.16152851283550262,-0.02056598663330078;0.00308942049741745,-0.050597142428159714,0.06887486577033997,-0.014431021176278591
;22.26436424255371;-8.448930697837169e-20,0.0037970487028360367,-1.3927688598632812,0.31649163365364075;0.6141924858093262,0.3882408142089844,0.1616254448890686,-0.02050725743174553;0.003093817736953497,-0.0506131574511528,0.06884870678186417,-0.014435570687055588
;22.248689651489258;-8.522822483462589e-20,0.003803729545325041,-1.3926050662994385,0.3174677789211273;0.6131200790405273,0.38823458552360535,0.16172245144844055,-0.020448697730898857;0.003098227782174945,-0.05062919855117798,0.06882252544164658,-0.01444013137370348
;22.232980728149414;-8.597541449700563e-20,0.003810432506725192,-1.3924397230148315,0.31844401359558105;0.6120458841323853,0.3882283866405487,0.16181953251361847,-0.020390326157212257;0.003102655755355954,-0.05064526945352554,0.0687963217496872,-0.014444703236222267
;22.217233657836914;-8.67307144067975e-20,0.0038171575870364904,-1.3922737836837769,0.31942057609558105;0.6109703183174133,0.3882221281528473,0.16191671788692474,-0.02033204585313797;0.003107099561020732,-0.0506613627076149,0.06877009570598602,-0.0144492844119668
;22.201452255249023;-8.749434428385173e-20,0.0038239045534282923,-1.3921059370040894,0.32039785385131836;0.6098930239677429,0.3882158398628235,0.1620139628648758,-0.020273974165320396;0.0031115589663386345,-0.05067748576402664,0.06874383240938187,-0.01445387676358223
;22.185636520385742;-8.826653031036705e-20,0.003830673173069954,-1.3919373750686646,0.32137593626976013;0.6088142395019531,0.3882095515727997,0.1621112823486328,-0.02021726965904236;0.003116037230938673,-0.05069359391927719,0.06871773302555084,-0.014458478428423405
;22.169782638549805;-8.904720786285812e-20,0.00383746437728405,-1.3917673826217651,0.3223544955253601;0.6077338457107544,0.38820329308509827,0.1622086763381958,-0.020161882042884827;0.0031205317936837673,-0.05070967227220535,0.06869179010391235,-0.014463091269135475
;22.153892517089844;-8.98367194457973e-20,0.0038442774675786495,-1.3915963172912598,0.3233336806297302;0.6066519618034363,0.3881969749927521,0.16230614483356476,-0.02010546438395977;0.00312503962777555,-0.05072583258152008,0.06866564601659775,-0.014467712491750717
;22.137968063354492;-9.063499397335072e-20,0.0038511131424456835,-1.3914241790771484,0.3243136703968048;0.6055685877799988,0.38819074630737305,0.16240370273590088,-0.020050451159477234;0.0031295677181333303,-0.05074196681380272,0.06863965839147568,-0.014472346752882004
;22.122007369995117;-9.144209606900373e-20,0.0038579709362238646,-1.391250491142273,0.3252944350242615;0.6044834852218628,0.3881842792034149,0.16250135004520416,-0.01999431662261486;0.0031341114081442356,-0.05075817555189133,0.0686134546995163,-0.014476990327239037
;22.10601043701172;-9.225834885018311e-20,0.003864850616082549,-1.391075611114502,0.32627561688423157;0.6033970713615417,0.3881779611110687,0.162599116563797,-0.019939566031098366;0.0031386713963001966,-0.05077436938881874,0.06858742237091064,-0.014481645077466965
;22.08997917175293;-9.308361014522108e-20,0.003871752182021737,-1.3909001350402832,0.3272574841976166;0.6023091673851013,0.38817161321640015,0.1626969426870346,-0.019884997978806496;0.003143246751278639,-0.050790585577487946,0.06856135278940201,-0.014486310072243214
;22.073909759521484;-9.391810613631637e-20,0.0038786758668720722,-1.3907231092453003,0.3282400965690613;0.6012197136878967,0.38816526532173157,0.16279487311840057,-0.01983056217432022;0.003147842362523079,-0.05080682784318924,0.06853526085615158,-0.014490985311567783
;22.057804107666016;-9.47619466833941e-20,0.003885621903464198,-1.3905447721481323,0.32922348380088806;0.6001286506652832,0.3881588280200958,0.1628928780555725,-0.01977630890905857;0.0031524524092674255,-0.05082310363650322,0.06850915402173996,-0.0144956698641181
;22.041664123535156;-9.561552598971493e-20,0.003892590058967471,-1.3903659582138062,0.3302064836025238;0.5990360379219055,0.3881523907184601,0.16299095749855042,-0.01972217485308647;0.003157082013785839,-0.05083939805626869,0.06848301738500595,-0.01450036745518446
;22.025487899780273;-9.647852093785209e-20,0.0038995807990431786,-1.3901853561401367,0.3311900794506073;0.5979421734809875,0.3881460428237915,0.16308915615081787,-0.019666962325572968;0.00316172419115901,-0.05085577443242073,0.06845666468143463,-0.014505073428153992
;22.009275436401367;-9.735122879583821e-20,0.003906593658030033,-1.3900039196014404,0.3321743905544281;0.5968468189239502,0.38813960552215576,0.1631874144077301,-0.01961066946387291;0.0031663861591368914,-0.05087222158908844,0.0684301108121872,-0.01450978871434927
;21.993026733398438;-9.823365602602183e-20,0.003913628403097391,-1.3898215293884277,0.333159863948822;0.5957498550415039,0.38813304901123047,0.16328582167625427,-0.01955823041498661;0.0031710651237517595,-0.050888556987047195,0.06840409338474274,-0.014514515176415443
;21.976743698120117;-9.912620329401216e-20,0.003920685965567827,-1.3896373510360718,0.3341449201107025;0.5946515202522278,0.3881266713142395,0.16338428854942322,-0.01950470171868801;0.003175762016326189,-0.05090495944023132,0.06837784498929977,-0.014519252814352512
;21.96042251586914;-1.0002888998685479e-19,0.003927764482796192,-1.3894524574279785,0.3351309895515442;0.593551754951477,0.388120174407959,0.1634828746318817,-0.019451327621936798;0.0031804752070456743,-0.05092139169573784,0.06835158169269562,-0.014524001628160477
;21.944067001342773;-1.0094202629727944e-19,0.0039348662830889225,-1.3892661333084106,0.33611780405044556;0.5924504399299622,0.38811367750167847,0.16358152031898499,-0.019399311393499374;0.0031852072570472956,-0.05093780905008316,0.0683254823088646,-0.014528760686516762
;21.927675247192383;-1.0186522448437398e-19,0.003941990435123444,-1.3890793323516846,0.3371047079563141;0.5913477540016174,0.38810718059539795,0.1636803150177002,-0.01934874802827835;0.0031899549067020416,-0.05095420405268669,0.0682995468378067,-0.014533529058098793
;21.91124725341797;-1.027989046007932e-19,0.003949136473238468,-1.3888912200927734,0.3380916714668274;0.5902438163757324,0.38810065388679504,0.16377918422222137,-0.019297007471323013;0.0031947223469614983,-0.05097066983580589,0.0682733878493309,-0.01453830860555172
;21.894784927368164;-1.0374320235585638e-19,0.0039563048630952835,-1.3887014389038086,0.3390793800354004;0.589138388633728,0.38809409737586975,0.1638781577348709,-0.019244227558374405;0.0031995035242289305,-0.05098721385002136,0.06824702769517899,-0.014543097466230392
;21.878284454345703;-1.0469836331880784e-19,0.003963496070355177,-1.388511300086975,0.34006771445274353;0.588031530380249,0.388087660074234,0.1639772206544876,-0.01919160969555378;0.0032043035607784986,-0.05100378021597862,0.06822064518928528,-0.01454789750277996
;21.86174774169922;-1.0566443272608735e-19,0.003970709163695574,-1.388319969177246,0.3410568833351135;0.5869231224060059,0.38808101415634155,0.16407641768455505,-0.019139131531119347;0.0032091245520859957,-0.05102037638425827,0.06819423288106918,-0.014552708715200424
;21.845176696777344;-1.0664149458822587e-19,0.003977945074439049,-1.388127326965332,0.34204575419425964;0.585813581943512,0.38807448744773865,0.16417571902275085,-0.019088031724095345;0.00321395811624825,-0.051036953926086426,0.06816798448562622,-0.014557530172169209
;21.828569412231445;-1.0762965876514849e-19,0.0039852033369243145,-1.387933611869812,0.34303581714630127;0.5847025513648987,0.3880678415298462,0.16427510976791382,-0.01903827115893364;0.003218812169507146,-0.05105351284146309,0.0681418925523758,-0.014562360011041164
;21.811927795410156;-1.0862919667549372e-19,0.003992483951151371,-1.3877391815185547,0.34402650594711304;0.5835903286933899,0.3880612254142761,0.16437463462352753,-0.01898992992937565;0.0032236839178949594,-0.051070041954517365,0.0681159645318985,-0.014567202888429165
;21.795249938964844;-1.096400243087306e-19,0.003999786917120218,-1.3875430822372437,0.34501755237579346;0.5824766755104065,0.38805460929870605,0.1644742786884308,-0.01894172839820385;0.0032285721972584724,-0.05108660086989403,0.06809002161026001,-0.014572054147720337
;21.778535842895508;-1.1066251001872563e-19,0.004007111769169569,-1.3873456716537476,0.3460092544555664;0.5813618302345276,0.38804805278778076,0.16457399725914001,-0.018892446532845497;0.0032334798015654087,-0.05110323801636696,0.06806385517120361,-0.01457691565155983
;21.76178550720215;-1.1169669257957006e-19,0.0040144603699445724,-1.3871477842330933,0.3470011353492737;0.5802454948425293,0.38804131746292114,0.16467386484146118,-0.018844569101929665;0.003238404169678688,-0.0511198528110981,0.06803786009550095,-0.014581789262592793
;21.74500274658203;-1.1274283048520529e-19,0.004021829925477505,-1.3869487047195435,0.34799402952194214;0.579128086566925,0.3880346417427063,0.1647738218307495,-0.018797963857650757;0.0032433460000902414,-0.05113644525408745,0.06801202148199081,-0.014586671255528927
;21.728179931640625;-1.1380110468139032e-19,0.004029222764074802,-1.3867483139038086,0.3489861786365509;0.5780091881752014,0.38802796602249146,0.1648739129304886,-0.018751604482531548;0.0032483083195984364,-0.05115306377410889,0.06798616051673889,-0.014591565355658531
;21.711322784423828;-1.1487141177054858e-19,0.004036637954413891,-1.3865474462509155,0.34997883439064026;0.576888918876648,0.3880212903022766,0.16497409343719482,-0.01870412565767765;0.0032532864715903997,-0.05116976052522659,0.06796009093523026,-0.014596468769013882
;21.694429397583008;-1.1595433336404827e-19,0.00404407549649477,-1.3863450288772583,0.350972443819046;0.5757675170898438,0.388014554977417,0.165074422955513,-0.018658049404621124;0.0032582839485257864,-0.05118642747402191,0.06793418526649475,-0.014601380564272404
;21.677501678466797;-1.1704943002218898e-19,0.004051535855978727,-1.3861414194107056,0.3519667685031891;0.5746448636054993,0.3880078196525574,0.16517487168312073,-0.018609613180160522;0.003263298887759447,-0.051203224807977676,0.06790787726640701,-0.01460630726069212
;21.660537719726562;-1.1815747722679498e-19,0.004059018567204475,-1.385937213897705,0.3529609739780426;0.573520839214325,0.38800108432769775,0.16527540981769562,-0.01856379769742489;0.0032683326862752438,-0.05121995136141777,0.06788191944360733,-0.014611241407692432
;21.643537521362305;-1.192783198815014e-19,0.004066523630172014,-1.3857312202453613,0.3539561331272125;0.5723956227302551,0.3879944086074829,0.16537606716156006,-0.01851818524301052;0.0032733846455812454,-0.051236703991889954,0.06785593181848526,-0.01461618859320879
;21.626501083374023;-1.204120743085819e-19,0.004074051044881344,-1.3855245113372803,0.35495153069496155;0.571269154548645,0.38798755407333374,0.16547687351703644,-0.018473902717232704;0.0032784538343548775,-0.051253434270620346,0.06783011555671692,-0.01462114229798317
;21.60942840576172;-1.215590765501603e-19,0.004081601742655039,-1.3853169679641724,0.3559473156929016;0.5701414942741394,0.3879808485507965,0.16557779908180237,-0.018427278846502304;0.0032835425809025764,-0.051270294934511185,0.06780389696359634,-0.01462610810995102
;21.592321395874023;-1.227194300038132e-19,0.004089175257831812,-1.3851081132888794,0.3569430708885193;0.5690125226974487,0.38797396421432495,0.16567884385585785,-0.018382085487246513;0.0032886492554098368,-0.051287129521369934,0.0677778422832489,-0.014631085097789764
;21.575178146362305;-1.238932639165113e-19,0.0040967706590890884,-1.3848987817764282,0.3579394817352295;0.5678824186325073,0.38796716928482056,0.16578002274036407,-0.018339447677135468;0.0032937752548605204,-0.051303889602422714,0.06775214523077011,-0.01463607233017683
;21.557998657226562;-1.2508086263159018e-19,0.004104388877749443,-1.3846877813339233,0.35893648862838745;0.5667511224746704,0.3879603147506714,0.16588135063648224,-0.01829451508820057;0.0032989198807626963,-0.05132077634334564,0.06772603839635849,-0.014641068875789642
;21.54078483581543;-1.2628234247132345e-19,0.0041120294481515884,-1.3844760656356812,0.3599337935447693;0.565618634223938,0.387953519821167,0.16598278284072876,-0.01825220324099064;0.0033040812704712152,-0.0513375923037529,0.06770029664039612,-0.01464607659727335
;21.523534774780273;-1.2749772928510527e-19,0.004119693301618099,-1.384263277053833,0.3609311580657959;0.5644850134849548,0.3879466652870178,0.16608434915542603,-0.018210045993328094;0.0033092633821070194,-0.051354434341192245,0.06767452508211136,-0.014651091769337654
;21.506248474121094;-1.2872742373854485e-19,0.0041273790411651134,-1.384049415588379,0.3619295656681061;0.563350260257721,0.38793984055519104,0.16618604958057404,-0.0181680116802454;0.0033144624903798103,-0.05137130990624428,0.06764873117208481,-0.014656121842563152
;21.48892593383789;-1.299717747984631e-19,0.0041350871324539185,-1.3838341236114502,0.3629280924797058;0.5622140765190125,0.3879329264163971,0.1662878692150116,-0.018126126378774643;0.0033196841832250357,-0.0513882040977478,0.06762291491031647,-0.014661160297691822
;21.471569061279297;-1.3123042057334202e-19,0.004142818972468376,-1.3836182355880737,0.3639269173145294;0.5610770583152771,0.38792598247528076,0.1663898527622223,-0.018084384500980377;0.003324920544400811,-0.051405128091573715,0.06759707629680634,-0.014666209928691387
;21.454174041748047;-1.3250402022273226e-19,0.004150573629885912,-1.3834013938903809,0.3649267256259918;0.5599386692047119,0.3879190683364868,0.16649194061756134,-0.018042825162410736;0.0033301785588264465,-0.051422081887722015,0.06757120043039322,-0.014671268872916698
;21.43674659729004;-1.3379254789723967e-19,0.0041583506390452385,-1.3831831216812134,0.3659266531467438;0.5587992668151855,0.38791224360466003,0.16659419238567352,-0.018001336604356766;0.0033354549668729305,-0.051439058035612106,0.0675453171133995,-0.01467633806169033
;21.419281005859375;-1.3509648181065588e-19,0.004166149999946356,-1.3829638957977295,0.36692753434181213;0.5576587319374084,0.3879052400588989,0.16669656336307526,-0.01796002872288227;0.003340751864016056,-0.051456063985824585,0.0675194039940834,-0.014681419357657433
;21.401779174804688;-1.364157314901014e-19,0.004173972178250551,-1.3827439546585083,0.36792755126953125;0.5565170645713806,0.3878982365131378,0.16679906845092773,-0.017918895930051804;0.0033460648264735937,-0.051473092287778854,0.06749346852302551,-0.014686509035527706
;21.384241104125977;-1.377506071283059e-19,0.004181817639619112,-1.3825231790542603,0.36892786622047424;0.5553743243217468,0.3878912627696991,0.16690172255039215,-0.017877869307994843;0.003351400373503566,-0.05149015039205551,0.06746750324964523,-0.014691609889268875
;21.366668701171875;-1.3910132844511965e-19,0.004189685452729464,-1.3823009729385376,0.3699292242527008;0.5542305111885071,0.38788431882858276,0.1670045256614685,-0.0178394578397274;0.0033567543141543865,-0.0515071377158165,0.0674419030547142,-0.01469672191888094
;21.34906005859375;-1.4046805053690746e-19,0.004197577014565468,-1.3820778131484985,0.37093037366867065;0.5530855059623718,0.3878772556781769,0.1671074479818344,-0.017798732966184616;0.0033621250186115503,-0.05152425169944763,0.06741588562726974,-0.0147018413990736
;21.3314151763916;-1.4185094142473127e-19,0.0042054904624819756,-1.38185453414917,0.3719319701194763;0.5519395470619202,0.38787028193473816,0.16721051931381226,-0.017760617658495903;0.0033675178419798613,-0.0515412874519825,0.06739024072885513,-0.014706975780427456
;21.31373405456543;-1.4325032422601785e-19,0.004213426727801561,-1.3816295862197876,0.37293413281440735;0.550792396068573,0.38786324858665466,0.16731375455856323,-0.017725126817822456;0.003372929757460952,-0.05155825614929199,0.06736495345830917,-0.014712117612361908
;21.296016693115234;-1.4466630233834378e-19,0.004221385344862938,-1.3814038038253784,0.37393680214881897;0.5496442914009094,0.3878561854362488,0.16741709411144257,-0.017687354236841202;0.0033783619292080402,-0.051575351506471634,0.06733924895524979,-0.01471727155148983
;21.27826499938965;-1.4609913425565048e-19,0.004229367710649967,-1.3811767101287842,0.3749401569366455;0.5484951138496399,0.3878490924835205,0.16752062737941742,-0.017649684101343155;0.00338381202891469,-0.051592472940683365,0.0673135370016098,-0.014722434803843498
;21.26047706604004;-1.475491043212735e-19,0.0042373719625175,-1.3809489011764526,0.37594351172447205;0.5473450422286987,0.3878420293331146,0.16762426495552063,-0.01760963350534439;0.003389282152056694,-0.051609717309474945,0.06728740781545639,-0.014727607369422913
;21.242652893066406;-1.4901654857733672e-19,0.004245399963110685,-1.3807201385498047,0.3769473731517792;0.5461938381195068,0.38783496618270874,0.16772808134555817,-0.0175697710365057;0.003394773229956627,-0.05162699520587921,0.06726125627756119,-0.014732792042195797
;21.224790573120117;-1.5050176429187275e-19,0.004253450781106949,-1.3804908990859985,0.37795230746269226;0.5450415015220642,0.3878278434276581,0.16783203184604645,-0.017530003562569618;0.0034002833999693394,-0.05164429172873497,0.0672350823879242,-0.014737986959517002
;21.206893920898438;-1.5200436372396947e-19,0.0042615244165062904,-1.3802599906921387,0.3789565861225128;0.54388827085495,0.3878207206726074,0.16793614625930786,-0.01749289408326149;0.003405814990401268,-0.051661524921655655,0.06720926612615585,-0.014743193052709103
;21.188961029052734;-1.5352557471984863e-19,0.004269620403647423,-1.3800289630889893,0.3799607455730438;0.542733907699585,0.3878135681152344,0.16804039478302002,-0.017453467473387718;0.003411368001252413,-0.05167887732386589,0.06718304008245468,-0.01474840845912695
;21.170991897583008;-1.5506466057177718e-19,0.0042777396738529205,-1.3797956705093384,0.38096585869789124;0.5415788292884827,0.38780635595321655,0.1681448370218277,-0.017414137721061707;0.003416934981942177,-0.051696255803108215,0.06715679913759232,-0.014753635041415691
;21.152984619140625;-1.5662244846036767e-19,0.004285880830138922,-1.3795621395111084,0.38197100162506104;0.5404224395751953,0.3877992630004883,0.16824938356876373,-0.017377493903040886;0.00342252803966403,-0.05171356722712517,0.067130908370018,-0.014758871868252754
;21.13494300842285;-1.581990676325908e-19,0.004294046200811863,-1.3793277740478516,0.3829764127731323;0.5392652750015259,0.38779208064079285,0.1683541089296341,-0.017343437299132347;0.0034281404223293066,-0.05173080414533615,0.06710538268089294,-0.014764118939638138
;21.116863250732422;-1.5979490582935874e-19,0.004302233923226595,-1.3790924549102783,0.38398218154907227;0.5381069779396057,0.3877849280834198,0.1684589833021164,-0.0173071026802063;0.003433771664276719,-0.05174817144870758,0.06707944720983505,-0.014769375324249268
;21.0987491607666;-1.6140983380370074e-19,0.004310444463044405,-1.3788559436798096,0.3849884271621704;0.5369478464126587,0.387777715921402,0.16856402158737183,-0.01727081835269928;0.0034394257236272097,-0.0517655573785305,0.06705349683761597,-0.014774645678699017
;21.080598831176758;-1.630445365645616e-19,0.004318679217249155,-1.378618597984314,0.38599517941474915;0.53578782081604,0.387770414352417,0.1686692237854004,-0.017237212508916855;0.0034450963139533997,-0.05178287997841835,0.06702790409326553,-0.014779922552406788
;21.06241226196289;-1.646987426933028e-19,0.004326935391873121,-1.3783800601959229,0.3870008885860443;0.5346267223358154,0.387763112783432,0.1687745600938797,-0.017203759402036667;0.0034507906530052423,-0.05180022493004799,0.06700228154659271,-0.014785214327275753
;21.044189453125;-1.6637344739159883e-19,0.0043352157808840275,-1.3781412839889526,0.3880073130130768;0.5334648489952087,0.3877559304237366,0.16888009011745453,-0.01717044599354267;0.0034565050154924393,-0.05181759595870972,0.0669766440987587,-0.014790513552725315
;21.025930404663086;-1.6806839216550827e-19,0.004343518987298012,-1.3779011964797974,0.38901424407958984;0.5323020219802856,0.3877486288547516,0.1689857691526413,-0.01713724061846733;0.0034622394014149904,-0.051834993064403534,0.06695098429918289,-0.014795823022723198
;21.00763511657715;-1.6978392598185203e-19,0.004351845011115074,-1.3776605129241943,0.39002159237861633;0.5311384797096252,0.387741357088089,0.16909159719944,-0.01710420660674572;0.0034679952077567577,-0.05185241624712944,0.0669253021478653,-0.014801142737269402
;20.989303588867188;-1.7152042365684519e-19,0.004360194317996502,-1.3774183988571167,0.3910291790962219;0.5299737453460693,0.3877340257167816,0.16919758915901184,-0.017071319743990898;0.003473773365840316,-0.05186987295746803,0.06689959019422531,-0.01480647549033165
;20.970935821533203;-1.732779498139731e-19,0.0043685659766197205,-1.3771756887435913,0.3920370638370514;0.5288084149360657,0.38772669434547424,0.1693037450313568,-0.017038553953170776;0.003479570848867297,-0.051887352019548416,0.06687385588884354,-0.01481181662529707
;20.952531814575195;-1.750571506880893e-19,0.004376960918307304,-1.3769317865371704,0.3930453658103943;0.5276419520378113,0.3877193331718445,0.1694100797176361,-0.017005963250994682;0.0034853883553296328,-0.05190486088395119,0.06684810668230057,-0.01481716986745596
;20.934091567993164;-1.7685823307434695e-19,0.004385379608720541,-1.3766868114471436,0.39405393600463867;0.5264747142791748,0.3877120614051819,0.16951656341552734,-0.01697348803281784;0.003491227747872472,-0.05192239210009575,0.06682232767343521,-0.01482253149151802
;20.91561508178711;-1.786813520691109e-19,0.004393821116536856,-1.3764410018920898,0.39506226778030396;0.5253068804740906,0.38770464062690735,0.1696232110261917,-0.016941145062446594;0.003497088560834527,-0.0519399531185627,0.06679652631282806,-0.014827906154096127
;20.8971004486084;-1.8052671446753427e-19,0.004402285907417536,-1.3761945962905884,0.39607149362564087;0.5241379141807556,0.3876972794532776,0.1697300523519516,-0.01690899208188057;0.003502971027046442,-0.05195754021406174,0.06677069514989853,-0.014833289198577404
;20.878551483154297;-1.8239483725749993e-19,0.004410773515701294,-1.3759472370147705,0.39708077907562256;0.5229681730270386,0.38768982887268066,0.1698370724916458,-0.01687692105770111;0.0035088739823549986,-0.05197515711188316,0.0667448490858078,-0.014838684350252151
;20.859962463378906;-1.842863795985585e-19,0.00441928394138813,-1.3756992816925049,0.39809027314186096;0.5217975378036499,0.3876824378967285,0.16994425654411316,-0.016845056787133217;0.003514801384881139,-0.05199280381202698,0.06671898066997528,-0.01484408974647522
;20.841341018676758;-1.8620113469555682e-19,0.004427818115800619,-1.3754500150680542,0.39909955859184265;0.5206261873245239,0.387675017118454,0.17005158960819244,-0.0168157871812582;0.0035207492765039206,-0.052010372281074524,0.06669347733259201,-0.014849504455924034
;20.822681427001953;-1.881392447201627e-19,0.004436376038938761,-1.375199794769287,0.40010878443717957;0.5194540619850159,0.38766762614250183,0.17015910148620605,-0.016789212822914124;0.0035267157945781946,-0.0520278662443161,0.06666834652423859,-0.014854930341243744
;20.803985595703125;-1.901018470457184e-19,0.0044449567794799805,-1.3749490976333618,0.4011189639568329;0.5182811617851257,0.3876601457595825,0.170266792178154,-0.016757745295763016;0.0035327067598700523,-0.052045587450265884,0.0666424036026001,-0.014860368333756924
;20.78525161743164;-1.9208855393131179e-19,0.004453560337424278,-1.3746967315673828,0.4021287262439728;0.517107367515564,0.3876526355743408,0.17037466168403625,-0.016726402565836906;0.003538719145581126,-0.052063342183828354,0.06661643832921982,-0.014865816570818424
;20.766481399536133;-1.9409998576240226e-19,0.004462186712771654,-1.3744441270828247,0.4031388461589813;0.5159329175949097,0.3876451253890991,0.17048268020153046,-0.01669522188603878;0.00354475318454206,-0.052081115543842316,0.06659045070409775,-0.014871275052428246
;20.7476749420166;-1.961365561292961e-19,0.004470836371183395,-1.3741906881332397,0.40414929389953613;0.5147575736045837,0.3876376748085022,0.17059090733528137,-0.016664158552885056;0.0035508088767528534,-0.05209892615675926,0.06656443327665329,-0.014876742847263813
;20.728832244873047;-1.981983555048728e-19,0.004479509312659502,-1.3739360570907593,0.40516021847724915;0.5135816335678101,0.3876301348209381,0.1706993281841278,-0.016638295724987984;0.0035568876191973686,-0.05211655795574188,0.06653919070959091,-0.014882223680615425
;20.709951400756836;-2.0028560360898258e-19,0.004488206002861261,-1.3736807107925415,0.4061703681945801;0.5124048590660095,0.38762253522872925,0.17080789804458618,-0.01660752482712269;0.0035629868507385254,-0.05213441699743271,0.06651312857866287,-0.014887712895870209
;20.69103240966797;-2.0239937319148235e-19,0.004496925976127386,-1.3734246492385864,0.4071812331676483;0.5112273097038269,0.38761502504348755,0.17091666162014008,-0.016579432412981987;0.0035691100638359785,-0.052152205258607864,0.06648744642734528,-0.014893215149641037
;20.672077178955078;-2.0453969010176624e-19,0.004505668766796589,-1.3731677532196045,0.4081920087337494;0.5100491046905518,0.3876074552536011,0.1710255891084671,-0.016548922285437584;0.003575253766030073,-0.052170123904943466,0.06646133959293365,-0.014898725785315037
;20.653085708618164;-2.0670691623135224e-19,0.004514434840530157,-1.3729101419448853,0.40920358896255493;0.508870005607605,0.3875998258590698,0.17113471031188965,-0.016521139070391655;0.0035814233124256134,-0.0521879643201828,0.06643560528755188,-0.014904249459505081
;20.634057998657227;-2.0890115497781693e-19,0.004523224197328091,-1.37265145778656,0.410214364528656;0.5076903700828552,0.3875921964645386,0.17124401032924652,-0.0164934191852808;0.003587614046409726,-0.052205830812454224,0.06640984117984772,-0.014909781515598297
;20.614994049072266;-2.1112297502783143e-19,0.00453203683719039,-1.3723914623260498,0.411225825548172;0.5065099596977234,0.3875846266746521,0.1713535040616989,-0.01646842621266842;0.003593822941184044,-0.052223626524209976,0.0663844645023346,-0.014915325678884983
;20.59589195251465;-2.1337273827291374e-19,0.004540873225778341,-1.3721309900283813,0.41223761439323425;0.5053289532661438,0.38757699728012085,0.17146316170692444,-0.01644357293844223;0.0036000609397888184,-0.05224144458770752,0.06635905802249908,-0.014920881018042564
;20.576753616333008;-2.1565061273412578e-19,0.004549731966108084,-1.371869683265686,0.4132498502731323;0.5041471719741821,0.3875693082809448,0.17157302796840668,-0.016418859362602234;0.0036063184961676598,-0.05225929990410805,0.06633362919092178,-0.014926446601748466
;20.55757713317871;-2.179574385167772e-19,0.004558614920824766,-1.3716071844100952,0.4142620861530304;0.502964973449707,0.3875616490840912,0.17168308794498444,-0.016394266858696938;0.003612601663917303,-0.052277177572250366,0.06630817800760269,-0.01493202056735754
;20.53836441040039;-2.202933190184445e-19,0.004567521158605814,-1.3713443279266357,0.41527417302131653;0.5017818212509155,0.3875539302825928,0.17179332673549652,-0.01636984385550022;0.0036189041566103697,-0.052295081317424774,0.06628270447254181,-0.014937608502805233
;20.519115447998047;-2.22659029720952e-19,0.004576450679451227,-1.3710805177688599,0.4162870943546295;0.5005982518196106,0.38754624128341675,0.17190375924110413,-0.016345571726560593;0.003625230398029089,-0.05231301113963127,0.06625720858573914,-0.014943204820156097
;20.499828338623047;-2.250545447749056e-19,0.004585403483361006,-1.3708158731460571,0.41729986667633057;0.49941393733024597,0.3875385522842407,0.17201434075832367,-0.016321416944265366;0.0036315806210041046,-0.052330970764160156,0.06623169034719467,-0.014948815107345581
;20.480504989624023;-2.274803553187939e-19,0.004594378639012575,-1.3705501556396484,0.4183119237422943;0.49822917580604553,0.3875308334827423,0.17212516069412231,-0.016297396272420883;0.0036379529628902674,-0.05234895274043083,0.06620614975690842,-0.014954432845115662
;20.461143493652344;-2.299373143826237e-19,0.0046033794060349464,-1.370283842086792,0.41932451725006104;0.4970436692237854,0.3875230848789215,0.17223615944385529,-0.016273535788059235;0.003644349751994014,-0.052366968244314194,0.06618057936429977,-0.014960061758756638
;20.441743850708008;-2.324254219663949e-19,0.0046124025247991085,-1.3700168132781982,0.42033693194389343;0.4958575367927551,0.3875153362751007,0.17234736680984497,-0.016249844804406166;0.0036507730837911367,-0.052385009825229645,0.06615499407052994,-0.014965702779591084
;20.42230796813965;-2.349455311001143e-19,0.004621448926627636,-1.3697484731674194,0.4213501811027527;0.4946708679199219,0.38750746846199036,0.17245875298976898,-0.016228755936026573;0.0036572155077010393,-0.05240297317504883,0.06612978875637054,-0.01497135404497385
;20.402835845947266;-2.374972281934755e-19,0.004630518611520529,-1.3694795370101929,0.42236295342445374;0.4934835135936737,0.38749974966049194,0.1725703477859497,-0.01620534434914589;0.003663682844489813,-0.052421070635318756,0.06610415875911713,-0.014977016486227512
;20.383325576782227;-2.400823485534627e-19,0.0046396111138165,-1.36920964717865,0.4233759939670563;0.4922958016395569,0.387491911649704,0.17268212139606476,-0.0161820687353611;0.003670172765851021,-0.052439190447330475,0.06607850641012192,-0.01498269010335207
;20.3637752532959;-2.4270014254764577e-19,0.004648728296160698,-1.3689391613006592,0.4243897795677185;0.4911072552204132,0.3874841034412384,0.17279410362243652,-0.016158951446413994;0.0036766889970749617,-0.05245734378695488,0.06605282425880432,-0.014988372102379799
;20.344188690185547;-2.453513598084548e-19,0.004657867830246687,-1.3686673641204834,0.4254027307033539;0.48991823196411133,0.38747620582580566,0.17290626466274261,-0.016138462349772453;0.003683227812871337,-0.05247541889548302,0.06602752953767776,-0.014994069002568722
;20.324565887451172;-2.4803713770923205e-19,0.004667031113058329,-1.3683949708938599,0.4264152944087982;0.4887288212776184,0.3874683678150177,0.1730186492204666,-0.016115611419081688;0.003689791075885296,-0.0524936243891716,0.06600181013345718,-0.014999773353338242
;20.30490493774414;-2.507571402078537e-19,0.004676218144595623,-1.3681222200393677,0.4274282455444336;0.4875386357307434,0.38746050000190735,0.17313124239444733,-0.01609291322529316;0.003696377854794264,-0.05251186341047287,0.06597606092691422,-0.01500549167394638
;20.285205841064453;-2.5351268562342096e-19,0.00468542892485857,-1.367848515510559,0.4284414052963257;0.48634809255599976,0.3874526023864746,0.17324398458003998,-0.016070349141955376;0.0037029916420578957,-0.05253012478351593,0.06595029681921005,-0.015011218376457691
;20.26546859741211;-2.5630364470896316e-19,0.004694662522524595,-1.3675740957260132,0.4294545650482178;0.48515695333480835,0.3874446749687195,0.17335696518421173,-0.016047926619648933;0.0037096254527568817,-0.05254841595888138,0.0659245029091835,-0.015016957186162472
;20.24569320678711;-2.591303793559983e-19,0.004703919868916273,-1.3672986030578613,0.4304679036140442;0.48396527767181396,0.38743671774864197,0.173470139503479,-0.016025656834244728;0.0037162872031331062,-0.052566736936569214,0.06589868664741516,-0.015022706240415573
;20.225879669189453;-2.6199382014271544e-19,0.004713200498372316,-1.3670220375061035,0.43148157000541687;0.48277315497398376,0.38742873072624207,0.173583522439003,-0.016003523021936417;0.0037229720037430525,-0.05258508399128914,0.06587284803390503,-0.015028468333184719
;20.20602798461914;-2.648949751954862e-19,0.0047225053422153,-1.3667453527450562,0.43249499797821045;0.4815804362297058,0.3874208331108093,0.17369712889194489,-0.015981558710336685;0.003729683579877019,-0.05260346084833145,0.0658469870686531,-0.015034238807857037
;20.186140060424805;-2.6783366356855153e-19,0.004731833469122648,-1.3664672374725342,0.43350890278816223;0.480387419462204,0.3874128758907318,0.1738109141588211,-0.01595965586602688;0.003736416343599558,-0.052621860057115555,0.0658211037516594,-0.015040021389722824
;20.16621208190918;-2.708105831955533e-19,0.00474118534475565,-1.3661887645721436,0.43452292680740356;0.4791938066482544,0.3874048590660095,0.17392490804195404,-0.015940552577376366;0.0037431796081364155,-0.05264018476009369,0.06579560041427612,-0.015045816078782082
;20.1462459564209;-2.7382568237770323e-19,0.004750560037791729,-1.3659090995788574,0.43553677201271057;0.4779996871948242,0.38739684224128723,0.17403912544250488,-0.015924090519547462;0.0037499633617699146,-0.052658434957265854,0.06577048450708389,-0.01505162101238966
;20.126243591308594;-2.7688082227137955e-19,0.004759958945214748,-1.3656293153762817,0.43655139207839966;0.47680526971817017,0.38738879561424255,0.17415356636047363,-0.015907807275652885;0.003756770398467779,-0.052676718682050705,0.06574534624814987,-0.015057435259222984
;20.106201171875;-2.7997556343688185e-19,0.004769380670040846,-1.3653477430343628,0.4375650882720947;0.4756103754043579,0.3873807191848755,0.1742681860923767,-0.015889063477516174;0.0037636084016412497,-0.052695125341415405,0.06571977585554123,-0.015063263475894928
;20.086122512817383;-2.8311125004270553e-19,0.004778826609253883,-1.3650665283203125,0.4385783076286316;0.47441497445106506,0.3873727321624756,0.17438305914402008,-0.015870515257120132;0.003770467359572649,-0.05271356552839279,0.0656941756606102,-0.015069101005792618
;20.06600570678711;-2.862881922815803e-19,0.004788296762853861,-1.3647836446762085,0.43959227204322815;0.4732193052768707,0.38736462593078613,0.17449812591075897,-0.01585466042160988;0.0037773523945361376,-0.05273192748427391,0.0656689777970314,-0.015074950642883778
;20.045848846435547;-2.8950584731622914e-19,0.004797789268195629,-1.364500641822815,0.4406059980392456;0.472023069858551,0.3873565196990967,0.17461338639259338,-0.015838952735066414;0.0037842653691768646,-0.05275031924247742,0.06564375013113022,-0.015080809593200684
;20.02565574645996;-2.9276651574273074e-19,0.00480730552226305,-1.364216923713684,0.4416201412677765;0.47082656621932983,0.3873484134674072,0.1747288852930069,-0.01582338660955429;0.0037912027910351753,-0.05276873707771301,0.06561849266290665,-0.01508668065071106
;20.005422592163086;-2.96069628874414e-19,0.004816845990717411,-1.3639315366744995,0.4426339864730835;0.4696297347545624,0.3873403072357178,0.17484459280967712,-0.015807952731847763;0.0037981639616191387,-0.0527871772646904,0.06559322774410248,-0.015092562884092331
;19.985153198242188;-2.994168669218981e-19,0.00482640927657485,-1.3636455535888672,0.44364795088768005;0.46843236684799194,0.38733211159706116,0.17496050894260406,-0.01579270325601101;0.0038051558658480644,-0.05280565470457077,0.06556792557239532,-0.015098456293344498
;19.96484375;-3.0280856592730693e-19,0.004835996311157942,-1.3633590936660767,0.4446622133255005;0.46723470091819763,0.38732394576072693,0.1750766783952713,-0.015777595341205597;0.0038121698889881372,-0.05282415449619293,0.06554261595010757,-0.01510436087846756
;19.944494247436523;-3.0624457079427563e-19,0.004845607094466686,-1.363072156906128,0.445676326751709;0.46603667736053467,0.3873158097267151,0.17519302666187286,-0.015762580558657646;0.0038192097563296556,-0.05284268781542778,0.06551727652549744,-0.015110276639461517
;19.924108505249023;-3.097268977755473e-19,0.004855242092162371,-1.3627841472625732,0.4466906189918518;0.4648382067680359,0.3873075842857361,0.17530959844589233,-0.015747779980301857;0.0038262789603322744,-0.05286124721169472,0.06549191474914551,-0.01511620357632637
;19.903682708740234;-3.1325479723869183e-19,0.004864901304244995,-1.3624955415725708,0.44770464301109314;0.46363967657089233,0.3872993290424347,0.1754264235496521,-0.01573311723768711;0.0038333707489073277,-0.052879832684993744,0.06546653062105179,-0.015122141689062119
;19.88321876525879;-3.168299752437226e-19,0.004874583333730698,-1.362205982208252,0.448719322681427;0.4624406099319458,0.3872911334037781,0.17554345726966858,-0.015718575567007065;0.003840491408482194,-0.05289844423532486,0.06544112414121628,-0.015128090046346188
;19.862716674804688;-3.2045279368215757e-19,0.004884289111942053,-1.3619153499603271,0.44973376393318176;0.4612412750720978,0.3872828483581543,0.17566071450710297,-0.01570419780910015;0.003847638377919793,-0.05291708931326866,0.06541569530963898,-0.015134051442146301
;19.842174530029297;-3.241235627467265e-19,0.004894018638879061,-1.3616243600845337,0.45074722170829773;0.4600415825843811,0.3872746229171753,0.17577818036079407,-0.015689993277192116;0.0038548125885427,-0.05293576419353485,0.06539025157690048,-0.015140023082494736
;19.82159423828125;-3.278433681119833e-19,0.004903771448880434,-1.3613327741622925,0.4517610967159271;0.4588416516780853,0.38726627826690674,0.17589589953422546,-0.01567588560283184;0.0038620121777057648,-0.05295446515083313,0.0653647780418396,-0.015146005898714066
;19.800973892211914;-3.31613476398241e-19,0.00491354800760746,-1.3610399961471558,0.4527747333049774;0.45764151215553284,0.38725799322128296,0.17601382732391357,-0.01566195860505104;0.003869240637868643,-0.052973195910453796,0.06533928215503693,-0.015152000822126865
;19.78031349182129;-3.3543360326216403e-19,0.004923348315060139,-1.36074697971344,0.4537889063358307;0.45644089579582214,0.387249618768692,0.1761319935321808,-0.015648167580366135;0.0038764949422329664,-0.05299195274710655,0.06531377136707306,-0.01515800692141056
;19.759614944458008;-3.393057132577072e-19,0.004933172836899757,-1.360452651977539,0.4548020660877228;0.45524004101753235,0.3872413635253906,0.17625035345554352,-0.015634583309292793;0.0038837757892906666,-0.0530107356607914,0.0652882307767868,-0.015164025127887726
;19.738876342773438;-3.432294703427466e-19,0.0049430206418037415,-1.3601579666137695,0.4558158218860626;0.4540390968322754,0.38723301887512207,0.17636896669864655,-0.01562107726931572;0.003891084110364318,-0.05302955210208893,0.06526267528533936,-0.015170052647590637
;19.71809959411621;-3.472060377400187e-19,0.004952892195433378,-1.3598628044128418,0.45682963728904724;0.4528377652168274,0.38722464442253113,0.17648783326148987,-0.015607724897563457;0.0038984203711152077,-0.05304839462041855,0.06523708999156952,-0.015176093205809593
;19.697280883789062;-3.512361909313478e-19,0.004962786100804806,-1.3595668077468872,0.45784375071525574;0.4516361653804779,0.387216180562973,0.1766068935394287,-0.015594568103551865;0.003905786667019129,-0.05306726694107056,0.06521148979663849,-0.01518214587122202
;19.676424026489258;-3.553210931394702e-19,0.0049727060832083225,-1.3592697381973267,0.4588567912578583;0.4504343569278717,0.38720783591270447,0.17672619223594666,-0.015581518411636353;0.0039131781086325645,-0.05308616906404495,0.06518585979938507,-0.015188208781182766
;19.655529022216797;-3.594616232437868e-19,0.004982649814337492,-1.358972191810608,0.45986926555633545;0.4492323100566864,0.38719940185546875,0.1768457293510437,-0.015571215189993382;0.0039205956272780895,-0.05310498923063278,0.06516062468290329,-0.015194282867014408
;19.634592056274414;-3.6365780709369174e-19,0.004992615897208452,-1.3586738109588623,0.46088239550590515;0.4480300843715668,0.38719093799591064,0.17696551978588104,-0.015561111271381378;0.003928045276552439,-0.053123846650123596,0.06513536721467972,-0.015200368128716946
;19.613616943359375;-3.6791179018889883e-19,0.005002605728805065,-1.358375072479248,0.4618956744670868;0.44682765007019043,0.3871825039386749,0.1770855188369751,-0.015553710050880909;0.003935524728149176,-0.053142622113227844,0.06511049717664719,-0.015206465497612953
;19.59260368347168;-3.7222233175848922e-19,0.005012620240449905,-1.358074426651001,0.4629082679748535;0.4456251263618469,0.38717401027679443,0.17720578610897064,-0.015543865039944649;0.003943026065826416,-0.05316153168678284,0.06508520245552063,-0.015212574042379856
;19.571548461914062;-3.7659281807309557e-19,0.005022658035159111,-1.357773780822754,0.4639213979244232;0.4444223642349243,0.38716548681259155,0.1773262470960617,-0.015536749735474586;0.003950558137148619,-0.05318036302924156,0.06506028771400452,-0.015218695625662804
;19.55045509338379;-3.8102218930755804e-19,0.005032719578593969,-1.3574726581573486,0.46493420004844666;0.443219393491745,0.3871569335460663,0.17744699120521545,-0.015527204610407352;0.003958121407777071,-0.05319932848215103,0.06503494083881378,-0.015224827453494072
;19.529321670532227;-3.855120222749193e-19,0.005042805336415768,-1.3571704626083374,0.4659475088119507;0.4420163631439209,0.3871484100818634,0.1775679588317871,-0.015520435757935047;0.003965708427131176,-0.05321821942925453,0.06500999629497528,-0.015230970457196236
;19.508148193359375;-3.900635577460982e-19,0.005052914377301931,-1.3568682670593262,0.46696025133132935;0.44081324338912964,0.38713985681533813,0.17768917977809906,-0.01551375724375248;0.00397332850843668,-0.05323714017868042,0.06498502194881439,-0.01523712556809187
;19.486934661865234;-3.9467700251624786e-19,0.005063047166913748,-1.3565648794174194,0.46797293424606323;0.4396098256111145,0.3871312737464905,0.17781060934066772,-0.01550731249153614;0.0039809755980968475,-0.0532560832798481,0.06496003270149231,-0.015243291854858398
;19.465681076049805;-3.993540884947758e-19,0.005073203705251217,-1.3562607765197754,0.4689852297306061;0.43840643763542175,0.3871227502822876,0.17793229222297668,-0.015500973910093307;0.003988651558756828,-0.053275059908628464,0.06493501365184784,-0.015249470248818398
;19.444387435913086;-4.0409517757320006e-19,0.005083384923636913,-1.3559556007385254,0.4699981212615967;0.43720293045043945,0.3871140778064728,0.17805424332618713,-0.015494785271584988;0.0039963568560779095,-0.05329406261444092,0.06490997970104218,-0.015255659818649292
;19.423053741455078;-4.0890151052243943e-19,0.005093588959425688,-1.3556500673294067,0.4710099995136261;0.4359992742538452,0.38710546493530273,0.17817643284797668,-0.01548878662288189;0.004004089627414942,-0.05331309884786606,0.06488492339849472,-0.015261860564351082
;19.40167999267578;-4.137746124567483e-19,0.005103817209601402,-1.355343222618103,0.472021222114563;0.43479543924331665,0.3870968520641327,0.17829887568950653,-0.015482936054468155;0.004011855460703373,-0.053332164883613586,0.06485985219478607,-0.015268073417246342
;19.380266189575195;-4.187147935688564e-19,0.005114069674164057,-1.3550364971160889,0.47303304076194763;0.43359172344207764,0.3870881497859955,0.17842154204845428,-0.01547720842063427;0.004019648302346468,-0.053351256996393204,0.06483475118875504,-0.015274298377335072
;19.358810424804688;-4.2372329462968257e-19,0.005124345421791077,-1.3547288179397583,0.47404447197914124;0.4323878586292267,0.38707947731018066,0.17854449152946472,-0.015471672639250755;0.004027470014989376,-0.05337037891149521,0.06480962783098221,-0.015280534513294697
;19.33731460571289;-4.288010979162042e-19,0.005134644918143749,-1.3544201850891113,0.4750564992427826;0.43118390440940857,0.38707077503204346,0.17866766452789307,-0.015466301701962948;0.004035322926938534,-0.0533895269036293,0.06478448957204819,-0.015286782756447792
;19.315778732299805;-4.339493925005518e-19,0.0051449681632220745,-1.3541110754013062,0.47606727480888367;0.4299798309803009,0.38706207275390625,0.1787911057472229,-0.015461071394383907;0.004043207038193941,-0.05340870842337608,0.06475932151079178,-0.015293043106794357
;19.294200897216797;-4.391698844427388e-19,0.00515531562268734,-1.3538011312484741,0.47707846760749817;0.42877569794654846,0.38705334067344666,0.17891478538513184,-0.015455971471965313;0.004051122814416885,-0.05342791974544525,0.06473413854837418,-0.015299315564334393
;19.2725830078125;-4.444620826042765e-19,0.0051656863652169704,-1.3534905910491943,0.47808972001075745;0.42757171392440796,0.3870445489883423,0.17903870344161987,-0.015451065264642239;0.004059063736349344,-0.05344715341925621,0.06470893323421478,-0.015305599197745323
;19.25092315673828;-4.498297609967097e-19,0.005176080856472254,-1.3531790971755981,0.4791010916233063;0.42636749148368835,0.3870357871055603,0.1791628748178482,-0.015446294099092484;0.004067038651555777,-0.053466424345970154,0.0646837055683136,-0.015311894938349724
;19.229223251342773;-4.552715237527546e-19,0.0051865000277757645,-1.3528668880462646,0.4801121950149536;0.4251633584499359,0.38702696561813354,0.17928731441497803,-0.015441695228219032;0.004075041972100735,-0.053485721349716187,0.06465845555067062,-0.015318202786147594
;19.207481384277344;-4.607892320287896e-19,0.005196942947804928,-1.3525545597076416,0.4811227023601532;0.4239591360092163,0.3870181739330292,0.17941202223300934,-0.015437253750860691;0.004083078354597092,-0.053505051881074905,0.06463318318128586,-0.015324519947171211
;19.185697555541992;-4.663847986799811e-19,0.005207409150898457,-1.3522412776947021,0.4821333587169647;0.4227549135684967,0.38700932264328003,0.17953698337078094,-0.015432985499501228;0.004091146867722273,-0.053524408489465714,0.0646078959107399,-0.015330852940678596
;19.16387176513672;-4.720586889954238e-19,0.005217899568378925,-1.3519277572631836,0.48314398527145386;0.4215507209300995,0.38700050115585327,0.17966218292713165,-0.015428879298269749;0.00409924378618598,-0.05354379490017891,0.06458257883787155,-0.015337196178734303
;19.142005920410156;-4.778143667939326e-19,0.0052284132689237595,-1.3516132831573486,0.48415395617485046;0.4203464984893799,0.38699156045913696,0.17978768050670624,-0.01542490255087614;0.004107373766601086,-0.05356321483850479,0.06455723941326141,-0.015343552455306053
;19.12009620666504;-4.836495056300348e-19,0.005238951183855534,-1.3512976169586182,0.48516321182250977;0.41914239525794983,0.3869827389717102,0.17991341650485992,-0.015421127900481224;0.004115533549338579,-0.05358266457915306,0.06453188508749008,-0.0153499199077487
;19.098146438598633;-4.895665353467797e-19,0.005249513313174248,-1.3509817123413086,0.48617249727249146;0.4179382622241974,0.3869737982749939,0.1800394058227539,-0.01541746687144041;0.004123725462704897,-0.05360213667154312,0.06450650840997696,-0.015356299467384815
;19.076154708862305;-4.955681442811582e-19,0.005260099191218615,-1.3506652116775513,0.4871819317340851;0.41673409938812256,0.3869648873806,0.18016569316387177,-0.015416626818478107;0.004131949972361326,-0.05362153425812721,0.06448152661323547,-0.015362692065536976
;19.054121017456055;-5.016554698065125e-19,0.005270708352327347,-1.3503472805023193,0.48819127678871155;0.41553008556365967,0.3869559168815613,0.18029221892356873,-0.015415928326547146;0.0041402061469852924,-0.05364096537232399,0.0644565299153328,-0.015369095839560032
;19.032047271728516;-5.078275296458652e-19,0.005281341262161732,-1.3500293493270874,0.4892004132270813;0.41432613134384155,0.38694697618484497,0.18041902780532837,-0.015418007038533688;0.004148493520915508,-0.0536603182554245,0.06443193554878235,-0.015375512652099133
;19.009929656982422;-5.140889249913736e-19,0.005291998386383057,-1.3497105836868286,0.49020880460739136;0.41312235593795776,0.3869379758834839,0.18054607510566711,-0.015420262701809406;0.004156813491135836,-0.0536796972155571,0.06440731137990952,-0.015381939709186554
;18.98777198791504;-5.20438776963637e-19,0.005302679259330034,-1.3493908643722534,0.4912177622318268;0.41191864013671875,0.3869290053844452,0.18067340552806854,-0.015422666445374489;0.004165166523307562,-0.053699105978012085,0.06438268721103668,-0.015388380736112595
;18.965572357177734;-5.268783780323623e-19,0.005313384346663952,-1.3490711450576782,0.4922263026237488;0.4107149541378021,0.3869199752807617,0.18080101907253265,-0.015425230376422405;0.00417355028912425,-0.05371854454278946,0.06435802578926086,-0.015394832007586956
;18.943330764770508;-5.334107267272701e-19,0.0053241136483848095,-1.3487502336502075,0.4932340681552887;0.4095115065574646,0.38691091537475586,0.18092890083789825,-0.015428013168275356;0.004181965719908476,-0.05373801290988922,0.06433334946632385,-0.015401296317577362
;18.921045303344727;-5.400360815423019e-19,0.005334867164492607,-1.3484293222427368,0.4942416250705719;0.408308207988739,0.3869017958641052,0.18105703592300415,-0.01543089747428894;0.004190416075289249,-0.05375751107931137,0.06430864334106445,-0.015407772734761238
;18.898719787597656;-5.467560968386827e-19,0.00534564396366477,-1.3481069803237915,0.49524855613708496;0.4071049094200134,0.38689279556274414,0.18118543922901154,-0.01543398480862379;0.004198900423943996,-0.05377703905105591,0.06428393721580505,-0.015414262190461159
;18.87635040283203;-5.535729956643087e-19,0.005356444977223873,-1.3477838039398193,0.4962556064128876;0.4059019386768341,0.3868836462497711,0.1813141256570816,-0.015437230467796326;0.0042074150405824184,-0.05379660055041313,0.06425919383764267,-0.015420762822031975
;18.853940963745117;-5.60488225585252e-19,0.0053672692738473415,-1.347460389137268,0.4972626566886902;0.40469905734062195,0.38687455654144287,0.18144309520721436,-0.015440627001225948;0.0042159659788012505,-0.05381619185209274,0.06423443555831909,-0.015427276492118835
;18.83148765563965;-5.675018899990892e-19,0.005378116853535175,-1.3471362590789795,0.49826931953430176;0.40349632501602173,0.38686537742614746,0.1815723180770874,-0.015444234944880009;0.0042245471850037575,-0.05383580923080444,0.06420965492725372,-0.015433802269399166
;18.808990478515625;-5.746181248088829e-19,0.005388989578932524,-1.346811294555664,0.49927523732185364;0.4022938311100006,0.38685622811317444,0.18170182406902313,-0.015447983518242836;0.004233163315802813,-0.05385546386241913,0.06418485194444656,-0.015440340153872967
;18.78645133972168;-5.8183672321948e-19,0.0053998855873942375,-1.3464857339859009,0.5002817511558533;0.40109145641326904,0.3868470788002014,0.18183162808418274,-0.015451846644282341;0.004241811577230692,-0.053875140845775604,0.06416003406047821,-0.015446892008185387
;18.76386833190918;-5.891593395921057e-19,0.005410805810242891,-1.346159815788269,0.5012876987457275;0.39988934993743896,0.3868378698825836,0.18196171522140503,-0.015455969609320164;0.004250495228916407,-0.05389484763145447,0.06413518637418747,-0.015453454107046127
;18.741243362426758;-5.965882486734444e-19,0.0054217493161559105,-1.3458329439163208,0.5022932291030884;0.3986873924732208,0.38682860136032104,0.18209205567836761,-0.015460199676454067;0.004259214736521244,-0.053914595395326614,0.06411032378673553,-0.015460028313100338
;18.71857452392578;-6.041251048247213e-19,0.005432717502117157,-1.345504879951477,0.5032980442047119;0.3974856436252594,0.38681936264038086,0.18222269415855408,-0.015464634634554386;0.004267964977771044,-0.05393436178565025,0.0640854462981224,-0.015466617420315742
;18.69586181640625;-6.117719242986795e-19,0.005443708971142769,-1.3451768159866333,0.5043033957481384;0.3962840437889099,0.38681015372276306,0.18235360085964203,-0.01546923816204071;0.004276755731552839,-0.053954169154167175,0.06406053900718689,-0.015473217703402042
;18.673107147216797;-6.195296893722964e-19,0.005454724654555321,-1.3448479175567627,0.505308210849762;0.3950827717781067,0.3868007957935333,0.18248483538627625,-0.015474007464945316;0.004285574425011873,-0.053974002599716187,0.06403561681509018,-0.015479831025004387
;18.650306701660156;-6.274010883825627e-19,0.005465763155370951,-1.3445185422897339,0.5063133835792542;0.3938817083835602,0.38679149746894836,0.18261630833148956,-0.015478918328881264;0.0042944313026964664,-0.053993865847587585,0.06401067227125168,-0.015486457385122776
;18.627464294433594;-6.353874137991856e-19,0.005476826336234808,-1.3441883325576782,0.5073167681694031;0.39268094301223755,0.3867821991443634,0.18274807929992676,-0.015484039671719074;0.00430332263931632,-0.05401376634836197,0.06398570537567139,-0.015493095852434635
;18.604578018188477;-6.434916641518856e-19,0.005487912800163031,-1.3438575267791748,0.5083199143409729;0.39148035645484924,0.38677284121513367,0.18288014829158783,-0.015489332377910614;0.00431224936619401,-0.05403369292616844,0.0639607161283493,-0.015499746426939964
;18.581645965576172;-6.51714614922487e-19,0.005499024409800768,-1.3435263633728027,0.5093228816986084;0.39028000831604004,0.38676348328590393,0.18301250040531158,-0.015494775958359241;0.0043212128803133965,-0.054053645581007004,0.06393570452928543,-0.015506410971283913
;18.558671951293945;-6.600595748334399e-19,0.005510158836841583,-1.3431941270828247,0.5103257894515991;0.3890800476074219,0.38675403594970703,0.18314513564109802,-0.015500400215387344;0.004330210387706757,-0.05407363548874855,0.06391068547964096,-0.015513088554143906
;18.53565216064453;-6.685257167041319e-19,0.005521317943930626,-1.3428614139556885,0.5113286972045898;0.3878803253173828,0.3867446482181549,0.18327805399894714,-0.015506217256188393;0.004339247941970825,-0.05409365892410278,0.0638856291770935,-0.015519777312874794
;18.512588500976562;-6.771179519194499e-19,0.005532500334084034,-1.3425284624099731,0.5123305916786194;0.3866809010505676,0.3867352604866028,0.18341128528118134,-0.01551216933876276;0.004348315764218569,-0.054113708436489105,0.06386055797338486,-0.015526478178799152
;18.489479064941406;-6.858363321781822e-19,0.005543706938624382,-1.3421943187713623,0.513332724571228;0.38548174500465393,0.3867257833480835,0.1835447996854782,-0.015518349595367908;0.004357424098998308,-0.05413379520177841,0.06383546441793442,-0.015533195808529854
;18.466325759887695;-6.946846831906619e-19,0.005554937291890383,-1.3418596982955933,0.5143343210220337;0.3842828869819641,0.3867163360118866,0.18367862701416016,-0.015524666756391525;0.0043665640987455845,-0.054153911769390106,0.06381035596132278,-0.015539922751486301
;18.44312858581543;-7.036643491253845e-19,0.005566191393882036,-1.341524362564087,0.5153358578681946;0.38308438658714294,0.3867068886756897,0.18381275236606598,-0.015531206503510475;0.004375743679702282,-0.05417405441403389,0.06378521770238876,-0.015546665526926517
;18.419885635375977;-7.127768809459983e-19,0.005577468778938055,-1.3411881923675537,0.5163365006446838;0.38188621401786804,0.38669726252555847,0.18394717574119568,-0.01553789246827364;0.004384962841868401,-0.05419423431158066,0.06376006454229355,-0.01555341761559248
;18.39659881591797;-7.22025639073742e-19,0.005588770844042301,-1.3408514261245728,0.5173361897468567;0.38068845868110657,0.3866878151893616,0.18408186733722687,-0.015550069510936737;0.004394215531647205,-0.054214220494031906,0.06373575329780579,-0.01556018553674221
;18.373268127441406;-7.314118125807461e-19,0.0056000966578722,-1.3405145406723022,0.5183358192443848;0.3794909715652466,0.38667821884155273,0.18421690165996552,-0.015562403947114944;0.004403505474328995,-0.05423424392938614,0.06371142715215683,-0.015566965565085411
;18.349891662597656;-7.4093829659915445e-19,0.005611445754766464,-1.340177297592163,0.5193353295326233;0.3782939612865448,0.3866686224937439,0.18435221910476685,-0.015574963763356209;0.004412833135575056,-0.05425429344177246,0.06368708610534668,-0.015573758631944656
;18.32647132873535;-7.506078311647462e-19,0.005622819531708956,-1.3398381471633911,0.5203341841697693;0.37709733843803406,0.3866591155529022,0.18448784947395325,-0.015587658621370792;0.00442219665274024,-0.05427437275648117,0.06366271525621414,-0.015580564737319946
;18.30300521850586;-7.60421812144805e-19,0.005634216591715813,-1.3394994735717773,0.5213330984115601;0.3759010136127472,0.3866494596004486,0.18462377786636353,-0.015597923658788204;0.00443160068243742,-0.05429459735751152,0.06363789737224579,-0.01558738388121128
;18.279495239257812;-7.703816871054029e-19,0.00564563786610961,-1.3391591310501099,0.522331178188324;0.37470531463623047,0.3866398334503174,0.18476001918315887,-0.015610973350703716;0.004441040568053722,-0.0543147437274456,0.06361348181962967,-0.01559421606361866
;18.255937576293945;-7.804930395156745e-19,0.0056570833548903465,-1.3388187885284424,0.5233291983604431;0.37350979447364807,0.386630117893219,0.1848965734243393,-0.015624231658875942;0.004450518172234297,-0.05433492362499237,0.06358905881643295,-0.015601061284542084
;18.232336044311523;-7.907568516525974e-19,0.005668552592396736,-1.3384782075881958,0.5243270397186279;0.3723148703575134,0.386620432138443,0.1850334107875824,-0.01563766784965992;0.004460037685930729,-0.054355133324861526,0.06356461346149445,-0.015607919543981552
;18.20868682861328;-8.011740540943605e-19,0.005680045112967491,-1.3381367921829224,0.5253247022628784;0.3711203336715698,0.3866107165813446,0.18517057597637177,-0.01565130241215229;0.004469590727239847,-0.05437537282705307,0.06354014575481415,-0.015614790841937065
;18.184993743896484;-8.117506955991932e-19,0.005691561382263899,-1.3377939462661743,0.5263218283653259;0.36992621421813965,0.3866010010242462,0.1853080540895462,-0.01566510833799839;0.004479185678064823,-0.054395642131567,0.06351566314697266,-0.015621675178408623
;18.1612548828125;-8.224864659743658e-19,0.005703102331608534,-1.3374507427215576,0.5273181796073914;0.36873260140419006,0.38659125566482544,0.1854458451271057,-0.015679121017456055;0.004488816950470209,-0.05441594868898392,0.06349115073680878,-0.015628572553396225
;18.137468338012695;-8.333851392314231e-19,0.0057146670296788216,-1.3371074199676514,0.5283143520355225;0.3675394654273987,0.3865814507007599,0.1855839490890503,-0.01569329760968685;0.004498493392020464,-0.05443628504872322,0.0634666234254837,-0.01563548482954502
;18.113637924194336;-8.444505410806981e-19,0.005726254545152187,-1.336763858795166,0.5293103456497192;0.36634665727615356,0.3865716755390167,0.18572233617305756,-0.01570770889520645;0.0045082056894898415,-0.05445665866136551,0.06344208121299744,-0.015642410144209862
;18.089759826660156;-8.556833436064385e-19,0.005737866275012493,-1.3364185094833374,0.5303062200546265;0.3651544451713562,0.3865618407726288,0.18586108088493347,-0.0157222468405962;0.004517955705523491,-0.05447705462574959,0.06341752409934998,-0.015649348497390747
;18.065834045410156;-8.670865453383648e-19,0.005749501753598452,-1.3360735177993774,0.5313011407852173;0.3639627695083618,0.38655203580856323,0.18600013852119446,-0.015736989676952362;0.004527747631072998,-0.05449749156832695,0.06339293718338013,-0.015656299889087677
;18.0418643951416;-8.786646440710578e-19,0.005761160980910063,-1.3357276916503906,0.5322950482368469;0.36277154088020325,0.3865421712398529,0.18613949418067932,-0.01575193740427494;0.0045375763438642025,-0.054517962038517,0.06336832046508789,-0.0156632661819458
;18.017845153808594;-8.904209485269677e-19,0.005772844888269901,-1.3353805541992188,0.533288300037384;0.3615807890892029,0.3865323066711426,0.18627917766571045,-0.015767041593790054;0.004547448363155127,-0.054538462311029434,0.06334369629621506,-0.01567024551331997
;17.9937801361084;-9.023562341879188e-19,0.005784552078694105,-1.3350334167480469,0.5342817902565002;0.36039069294929504,0.38652241230010986,0.18641918897628784,-0.015782348811626434;0.004557361360639334,-0.054558996111154556,0.06331905722618103,-0.015677236020565033
;17.969667434692383;-9.144763947157755e-19,0.005796283017843962,-1.3346847295761108,0.5352746248245239;0.35920095443725586,0.3865124583244324,0.1865595281124115,-0.015797866508364677;0.004567316733300686,-0.054579559713602066,0.06329438835382462,-0.01568424329161644
;17.94550895690918;-9.26784015049952e-19,0.005808037705719471,-1.334336519241333,0.5362673997879028;0.3580118417739868,0.38650253415107727,0.18670018017292023,-0.015813574194908142;0.004577307961881161,-0.05460015684366226,0.063269704580307,-0.01569126360118389
;17.921302795410156;-9.392798189734843e-19,0.005819816142320633,-1.3339869976043701,0.5372587442398071;0.3568233251571655,0.386492520570755,0.18684116005897522,-0.01582947000861168;0.0045873443596065044,-0.05462079122662544,0.06324499845504761,-0.015698295086622238
;17.89704704284668;-9.519689763652009e-19,0.005831618793308735,-1.333638310432434,0.5382504463195801;0.35563528537750244,0.3864825367927551,0.18698249757289886,-0.015845514833927155;0.004597422666847706,-0.05464145541191101,0.06322026252746582,-0.01570534147322178
;17.872745513916016;-9.648543823572456e-19,0.005843444727361202,-1.333287000656128,0.539241373538971;0.3544478118419647,0.38647258281707764,0.1871241331100464,-0.015861807391047478;0.004607539623975754,-0.05466214939951897,0.06319551914930344,-0.015712402760982513
;17.84839630126953;-9.779400694551048e-19,0.00585529487580061,-1.3329362869262695,0.5402320027351379;0.35326090455055237,0.3864624798297882,0.18726611137390137,-0.01587827317416668;0.004617700353264809,-0.05468288064002991,0.06317075341939926,-0.015719478949904442
;17.823997497558594;-9.912291395860755e-19,0.00586716877296567,-1.3325846195220947,0.5412225127220154;0.35207462310791016,0.38645240664482117,0.1874084174633026,-0.015894928947091103;0.004627902526408434,-0.054703645408153534,0.0631459653377533,-0.015726568177342415
;17.799551010131836;-1.0047249014726079e-18,0.005879066418856382,-1.3322327136993408,0.5422114729881287;0.3508889377117157,0.38644227385520935,0.18755103647708893,-0.015911787748336792;0.004638148471713066,-0.05472444370388985,0.06312116235494614,-0.015733670443296432
;17.775056838989258;-1.0184313876201881e-18,0.0058909873478114605,-1.3318793773651123,0.5431998372077942;0.34970375895500183,0.3864321708679199,0.1876939982175827,-0.015928849577903748;0.004648436326533556,-0.054745279252529144,0.06309632956981659,-0.015740787610411644
;17.750513076782227;-1.032354905280987e-18,0.005902932956814766,-1.3315255641937256,0.5441880822181702;0.34851929545402527,0.3864220082759857,0.18783733248710632,-0.01594608649611473;0.004658767953515053,-0.05476614087820053,0.06307148188352585,-0.01574791967868805
;17.725921630859375;-1.0464940068889324e-18,0.005914902314543724,-1.3311717510223389,0.5451760292053223;0.34733548760414124,0.3864118754863739,0.1879809945821762,-0.015963545069098473;0.004669140093028545,-0.0547870434820652,0.06304661184549332,-0.01575506292283535
;17.701282501220703;-1.060853862322853e-18,0.005926893558353186,-1.3308175802230835,0.5461636185646057;0.34615224599838257,0.3864017426967621,0.18812498450279236,-0.015981188043951988;0.004679557401686907,-0.05480797216296196,0.06302172690629959,-0.015762222930788994
;17.676593780517578;-1.0754393312688474e-18,0.005938910413533449,-1.3304616212844849,0.547150194644928;0.34496966004371643,0.3863914906978607,0.18826933205127716,-0.015999015420675278;0.004690020810812712,-0.0548289455473423,0.06299681961536407,-0.015769394114613533
;17.65185546875;-1.0902558937984738e-18,0.005950950086116791,-1.330106258392334,0.5481363534927368;0.3437877595424652,0.38638123869895935,0.18841402232646942,-0.016019748523831367;0.004700524266809225,-0.05484982952475548,0.06297232955694199,-0.015776583924889565
;17.62706756591797;-1.105305514465687e-18,0.00596301443874836,-1.329749345779419,0.5491214990615845;0.34260648488998413,0.38637110590934753,0.18855904042720795,-0.01604071445763111;0.004711072891950607,-0.05487075075507164,0.0629478320479393,-0.015783783048391342
;17.60223388671875;-1.1205928461614326e-18,0.005975101608783007,-1.329392433166504,0.5501065254211426;0.34142589569091797,0.38636070489883423,0.18870440125465393,-0.01606183685362339;0.004721668548882008,-0.05489170551300049,0.06292330473661423,-0.015791000798344612
;17.577348709106445;-1.1361198534396655e-18,0.005987212993204594,-1.3290343284606934,0.5510913729667664;0.34024620056152344,0.38635045289993286,0.18885011970996857,-0.016083160415291786;0.004732303787022829,-0.05491269379854202,0.06289876252412796,-0.015798227861523628
;17.552413940429688;-1.151895325094394e-18,0.005999347660690546,-1.328676462173462,0.5520755648612976;0.33906692266464233,0.38634011149406433,0.18899619579315186,-0.016104741021990776;0.004742986056953669,-0.05493371933698654,0.0628742054104805,-0.015805473551154137
;17.527429580688477;-1.1679209154868432e-18,0.006011506542563438,-1.328316569328308,0.5530593991279602;0.33788856863975525,0.3863297700881958,0.1891426295042038,-0.016129186376929283;0.004753713496029377,-0.054954662919044495,0.06285006552934647,-0.01581273227930069
;17.502395629882812;-1.1842017944958416e-18,0.006023688241839409,-1.3279575109481812,0.5540422201156616;0.3367108106613159,0.3863193690776825,0.1892893761396408,-0.01615115813910961;0.0047644865699112415,-0.054975755512714386,0.06282546371221542,-0.015820005908608437
;17.477312088012695;-1.2007416844341457e-18,0.006035894155502319,-1.3275970220565796,0.5550248026847839;0.33553388714790344,0.3863089680671692,0.18943649530410767,-0.01617061346769333;0.004775305278599262,-0.05499699339270592,0.06280038505792618,-0.015827292576432228
;17.452177047729492;-1.2175467891563496e-18,0.0060481238178908825,-1.3272359371185303,0.5560068488121033;0.3343575894832611,0.38629859685897827,0.18958398699760437,-0.01619301736354828;0.004786171950399876,-0.05501815676689148,0.06277574598789215,-0.015834594145417213
;17.426992416381836;-1.2346210377703629e-18,0.006060376763343811,-1.3268749713897705,0.5569887757301331;0.3331820070743561,0.3862881362438202,0.18973182141780853,-0.016218265518546104;0.004797082860022783,-0.055039241909980774,0.06275152415037155,-0.015841910615563393
;17.401756286621094;-1.2519682559865187e-18,0.006072653457522392,-1.3265126943588257,0.5579702258110046;0.3320073187351227,0.3862776756286621,0.18987999856472015,-0.01624378375709057;0.0048080384731292725,-0.055060356855392456,0.06272730231285095,-0.015849241986870766
;17.3764705657959;-1.2695925797078798e-18,0.0060849543660879135,-1.3261500597000122,0.5589496493339539;0.3308332562446594,0.38626715540885925,0.19002856314182281,-0.01626679114997387;0.004819044843316078,-0.05508162081241608,0.06270259618759155,-0.015856588259339333
;17.35113525390625;-1.2875024875357248e-18,0.006097278092056513,-1.3257856369018555,0.5599288940429688;0.3296600580215454,0.3862566649913788,0.19017747044563293,-0.016289982944726944;0.0048300959169864655,-0.05510292574763298,0.06267787516117096,-0.015863949432969093
;17.325746536254883;-1.3057024255658462e-18,0.0061096264980733395,-1.3254218101501465,0.5609073042869568;0.32848766446113586,0.38624611496925354,0.1903267502784729,-0.016316097229719162;0.004841195419430733,-0.05512414500117302,0.06265357881784439,-0.0158713236451149
;17.300308227539062;-1.3241942549546223e-18,0.006121997721493244,-1.3250569105148315,0.5618859529495239;0.3273160755634308,0.3862355649471283,0.1904764026403427,-0.01634247414767742;0.004852340091019869,-0.05514540523290634,0.06262927502393723,-0.015878714621067047
;17.274818420410156;-1.3429884188572865e-18,0.006134393159300089,-1.3246928453445435,0.5628635287284851;0.326145201921463,0.3862248957157135,0.19062644243240356,-0.016369052231311798;0.004863537382334471,-0.05516669154167175,0.06260494142770767,-0.01588612049818039
;17.249277114868164;-1.3620846070811091e-18,0.006146811414510012,-1.324326753616333,0.5638404488563538;0.32497522234916687,0.3862142860889435,0.19077681005001068,-0.016395822167396545;0.004874775651842356,-0.05518801882863045,0.06258058547973633,-0.015893539413809776
;17.223684310913086;-1.381492228805558e-18,0.006159253418445587,-1.3239604234695435,0.5648171305656433;0.32380616664886475,0.3862036466598511,0.19092753529548645,-0.016422802582383156;0.004886067472398281,-0.055209383368492126,0.06255622208118439,-0.015900973230600357
;17.198040008544922;-1.4012145927530832e-18,0.006171718705445528,-1.323594331741333,0.5657925605773926;0.32263779640197754,0.3861929476261139,0.19107866287231445,-0.0164500679820776;0.004897404927760363,-0.05523077771067619,0.06253182888031006,-0.01590842381119728
;17.172344207763672;-1.4212595571395042e-18,0.006184208672493696,-1.323225736618042,0.5667677521705627;0.3214704096317291,0.3861822783946991,0.1912301480770111,-0.016477476805448532;0.004908792208880186,-0.05525221303105354,0.06250742077827454,-0.01591588743031025
;17.146596908569336;-1.4416309476751539e-18,0.006196722388267517,-1.3228569030761719,0.5677425265312195;0.3203037679195404,0.3861715495586395,0.1913820058107376,-0.016505088657140732;0.004920232109725475,-0.05527368187904358,0.06248299777507782,-0.01592336967587471
;17.12079620361328;-1.462335795395239e-18,0.006209259387105703,-1.3224880695343018,0.5687170028686523;0.3191380798816681,0.38616082072257996,0.19153428077697754,-0.016532983630895615;0.00493171950802207,-0.0552951842546463,0.062458544969558716,-0.015930863097310066
;17.094942092895508;-1.4833787531907052e-18,0.006221819203346968,-1.3221192359924316,0.5696905851364136;0.31797319650650024,0.3861500024795532,0.19168691337108612,-0.01656106300652027;0.004943253006786108,-0.05531672388315201,0.06243407726287842,-0.015938373282551765
;17.06903648376465;-1.5047718151804344e-18,0.006234403699636459,-1.3217495679855347,0.5706631541252136;0.3168092668056488,0.3861392140388489,0.19183988869190216,-0.016589364036917686;0.004954840522259474,-0.055338304489851,0.062409594655036926,-0.01594589836895466
;17.043079376220703;-1.5265169459183816e-18,0.006247011013329029,-1.3213778734207153,0.571634829044342;0.3156461715698242,0.38612839579582214,0.19199328124523163,-0.016617899760603905;0.0049664778634905815,-0.055359914898872375,0.062385089695453644,-0.015953438356518745
;17.017066955566406;-1.5486209696446001e-18,0.006259642541408539,-1.321006417274475,0.5726061463356018;0.31448400020599365,0.386117547750473,0.19214704632759094,-0.016646623611450195;0.00497816689312458,-0.05538156256079674,0.06236055865883827,-0.015960996970534325
;16.99100112915039;-1.5710862645033513e-18,0.006272297818213701,-1.3206348419189453,0.5735768675804138;0.3133227825164795,0.3861066997051239,0.1923011988401413,-0.016675611957907677;0.004989905748516321,-0.055403247475624084,0.062336016446352005,-0.0159685667604208
;16.964881896972656;-1.5939256517941295e-18,0.0062849754467606544,-1.32026207447052,0.5745468139648438;0.3121624290943146,0.3860957622528076,0.1924557387828827,-0.016704795882105827;0.005001700483262539,-0.055424973368644714,0.062311455607414246,-0.015976153314113617
;16.938709259033203;-1.6171459557569884e-18,0.006297677289694548,-1.3198882341384888,0.5755166411399841;0.3110029995441437,0.38608482480049133,0.19261065125465393,-0.016734231263399124;0.005013542715460062,-0.05544673278927803,0.0622868686914444,-0.015983756631612778
;16.91248321533203;-1.6407521394756032e-18,0.006310402415692806,-1.3195154666900635,0.5764857530593872;0.30984458327293396,0.38607385754585266,0.1927659958600998,-0.01676386594772339;0.005025435239076614,-0.05546852573752403,0.062262266874313354,-0.015991374850273132
;16.88620376586914;-1.6647510271900277e-18,0.006323150359094143,-1.3191413879394531,0.5774540901184082;0.3086870014667511,0.3860628604888916,0.1929216980934143,-0.016793766990303993;0.005037385504692793,-0.05549035966396332,0.06223763898015022,-0.01599900983273983
;16.8598690032959;-1.68915140769427e-18,0.006335922982543707,-1.3187651634216309,0.5784205198287964;0.3075304627418518,0.38605186343193054,0.19307780265808105,-0.016823848709464073;0.0050493828020989895,-0.055512234568595886,0.062213003635406494,-0.016006657853722572
;16.833480834960938;-1.7139590712526181e-18,0.006348718423396349,-1.3183894157409668,0.5793866515159607;0.3063749074935913,0.3860407769680023,0.19323430955410004,-0.01685417629778385;0.0050614397041499615,-0.055534135550260544,0.06218833848834038,-0.016014322638511658
;16.807035446166992;-1.7391830134542336e-18,0.006361537147313356,-1.3180148601531982,0.5803521871566772;0.3052203357219696,0.3860297203063965,0.19339121878147125,-0.01688474602997303;0.005073545966297388,-0.05555608496069908,0.06216365098953247,-0.016022006049752235
;16.78053855895996;-1.7648314027076653e-18,0.0063743796199560165,-1.31763756275177,0.5813168287277222;0.3040667772293091,0.38601869344711304,0.1935485154390335,-0.016915522515773773;0.005085708573460579,-0.05557806417346001,0.06213895231485367,-0.01602970063686371
;16.753984451293945;-1.790911787036003e-18,0.006387245375663042,-1.3172603845596313,0.5822810530662537;0.3029140532016754,0.38600751757621765,0.193706214427948,-0.01694658026099205;0.0050979238003492355,-0.05560008063912392,0.062114227563142776,-0.016037415713071823
;16.727375030517578;-1.817432851835678e-18,0.006400133948773146,-1.3168808221817017,0.5832446217536926;0.3017624616622925,0.3859963119029999,0.19386431574821472,-0.016977820545434952;0.005110192112624645,-0.05562214180827141,0.06208948418498039,-0.016045141965150833
;16.700712203979492;-1.844399353395213e-18,0.0064130485989153385,-1.3165029287338257,0.5842079520225525;0.3006118834018707,0.3859851658344269,0.19402283430099487,-0.017009319737553596;0.005122513975948095,-0.055644236505031586,0.062064725905656815,-0.016052890568971634
;16.67399024963379;-1.8718214246771116e-18,0.006425985135138035,-1.3161234855651855,0.5851696729660034;0.29946237802505493,0.3859739601612091,0.19418177008628845,-0.017041029408574104;0.00513489032164216,-0.05566636845469475,0.062039945274591446,-0.01606064848601818
;16.647216796875;-1.89971002582449e-18,0.006438944488763809,-1.3157448768615723,0.5861308574676514;0.29831379652023315,0.38596272468566895,0.19434109330177307,-0.017078524455428123;0.005147326737642288,-0.05568830296397209,0.06201606243848801,-0.01606842689216137
;16.620386123657227;-1.9280740490289334e-18,0.006451928056776524,-1.3153636455535889,0.5870914459228516;0.2971664071083069,0.3859514594078064,0.1945008486509323,-0.01711350679397583;0.005159814842045307,-0.05571039021015167,0.061991699039936066,-0.01607622019946575
;16.59349822998047;-1.95691866416927e-18,0.006464933976531029,-1.3149834871292114,0.5880511403083801;0.2960200309753418,0.38594016432762146,0.1946610063314438,-0.017148690298199654;0.005172363482415676,-0.055732522159814835,0.06196731701493263,-0.016084028407931328
;16.56655502319336;-1.9862566925449945e-18,0.006477964110672474,-1.3146008253097534,0.5890101194381714;0.2948746979236603,0.3859288692474365,0.1948215663433075,-0.01718413084745407;0.00518496660515666,-0.05575469508767128,0.061942920088768005,-0.016091855242848396
;16.5395565032959;-2.016097233142845e-18,0.006491017062216997,-1.314218521118164,0.5899688601493835;0.2937304675579071,0.3859175443649292,0.19498254358768463,-0.01722257398068905;0.005197625141590834,-0.05577677860856056,0.0619189627468586,-0.01609969697892666
;16.512500762939453;-2.046450212130172e-18,0.00650409422814846,-1.313834547996521,0.5909268260002136;0.29258739948272705,0.3859061896800995,0.1951439529657364,-0.01726127229630947;0.005210339557379484,-0.055798906832933426,0.0618949830532074,-0.016107555478811264
;16.485389709472656;-2.077318938229426e-18,0.006517194677144289,-1.3134514093399048,0.59188312292099;0.29144546389579773,0.385894775390625,0.19530576467514038,-0.017300210893154144;0.005223112180829048,-0.055821068584918976,0.061870988458395004,-0.016115430742502213
;16.458221435546875;-2.108719127872245e-18,0.006530317012220621,-1.3130666017532349,0.5928381085395813;0.29030466079711914,0.38588330149650574,0.195468008518219,-0.017339393496513367;0.005235941149294376,-0.05584326758980751,0.06184697523713112,-0.016123320907354355
;16.43099594116211;-2.140662981972665e-18,0.006543464493006468,-1.312682032585144,0.5937928557395935;0.2891649603843689,0.38587185740470886,0.19563068449497223,-0.017378807067871094;0.005248832516372204,-0.05586550757288933,0.06182294338941574,-0.01613122783601284
;16.40371322631836;-2.1731569111804323e-18,0.006556634791195393,-1.3122961521148682,0.5947467684745789;0.2880264222621918,0.3858603239059448,0.1957937777042389,-0.017418507486581802;0.0052617802284657955,-0.05588778480887413,0.06179889664053917,-0.01613915152847767
;16.376373291015625;-2.2062083601210605e-18,0.0065698279067873955,-1.3119096755981445,0.5956998467445374;0.2868890166282654,0.38584887981414795,0.1959572732448578,-0.017458446323871613;0.0052747842855751514,-0.055910106748342514,0.06177482753992081,-0.01614709198474884
;16.348976135253906;-2.2398342859971067e-18,0.006583044305443764,-1.3115224838256836,0.5966521501541138;0.2857527732849121,0.38583728671073914,0.1961212307214737,-0.017498599365353584;0.00528784841299057,-0.055932458490133286,0.06175073981285095,-0.016155049204826355
;16.321521759033203;-2.274048130493525e-18,0.006596284918487072,-1.3111357688903809,0.5976036190986633;0.28461772203445435,0.3858257234096527,0.19628557562828064,-0.017539046704769135;0.005300977732986212,-0.05595485866069794,0.06172662228345871,-0.016163023188710213
;16.294008255004883;-2.3088571314406753e-18,0.006609547883272171,-1.3107469081878662,0.5985547304153442;0.2834838330745697,0.3858141303062439,0.1964503973722458,-0.01757972128689289;0.005314162001013756,-0.055977288633584976,0.06170249730348587,-0.016171013936400414
;16.266437530517578;-2.3442716285962144e-18,0.00662283506244421,-1.3103581666946411,0.5995051264762878;0.28235116600990295,0.3858024775981903,0.19661563634872437,-0.017620643600821495;0.005327409598976374,-0.0559997633099556,0.06167835742235184,-0.016179023310542107
;16.238807678222656;-2.380301754922646e-18,0.0066361455246806145,-1.3099687099456787,0.6004541516304016;0.2812197506427765,0.3857908248901367,0.19678135216236115,-0.017661811783909798;0.005340710747987032,-0.0560222752392292,0.06165419518947601,-0.016187045723199844
;16.211118698120117;-2.4169655015982933e-18,0.00664947833865881,-1.3095773458480835,0.6014022827148438;0.280089408159256,0.38577908277511597,0.19694745540618896,-0.01770327426493168;0.005354081280529499,-0.05604483187198639,0.0616300143301487,-0.016195088624954224
;16.183372497558594;-2.454270313248669e-18,0.0066628349013626575,-1.3091870546340942,0.6023494601249695;0.2789604067802429,0.3857673108577728,0.1971140205860138,-0.01774495281279087;0.005367509089410305,-0.05606742203235626,0.06160581111907959,-0.016203146427869797
;16.15556526184082;-2.4922308723296464e-18,0.006676215212792158,-1.3087960481643677,0.6032958626747131;0.27783265709877014,0.38575562834739685,0.19728101789951324,-0.017786916345357895;0.0053809951059520245,-0.05609005689620972,0.06158159300684929,-0.016211222857236862
;16.12769889831543;-2.5308614477067916e-18,0.0066896178759634495,-1.3084050416946411,0.6042417883872986;0.2767060697078705,0.3857438266277313,0.1974484622478485,-0.017829131335020065;0.005394552368670702,-0.05611272528767586,0.061557356268167496,-0.01621931418776512
;16.099773406982422;-2.570175687860212e-18,0.0067030442878603935,-1.3080095052719116,0.6051869988441467;0.2755807340145111,0.3857319951057434,0.1976163685321808,-0.01787157543003559;0.005408164579421282,-0.05613543465733528,0.06153309717774391,-0.016227424144744873
;16.071788787841797;-2.6101845529330236e-18,0.006716493982821703,-1.3076165914535522,0.6061316132545471;0.27445676922798157,0.3857201337814331,0.19778472185134888,-0.01791430078446865;0.005421842914074659,-0.05615818873047829,0.06150881573557854,-0.016235552728176117
;16.04374122619629;-2.650899003068343e-18,0.006729965563863516,-1.3072214126586914,0.6070751547813416;0.27333399653434753,0.3857082724571228,0.19795353710651398,-0.017957279458642006;0.005435584113001823,-0.056180983781814575,0.06148452311754227,-0.016243696212768555
;16.015634536743164;-2.692341165347556e-18,0.0067434608936309814,-1.3068268299102783,0.6080179214477539;0.2722123861312866,0.3856963813304901,0.1981227695941925,-0.018000539392232895;0.005449397023767233,-0.05620381608605385,0.061460211873054504,-0.016251860186457634
;15.987467765808105;-2.7345172436252566e-18,0.006756980903446674,-1.3064335584640503,0.6089596748352051;0.27109208703041077,0.38568446040153503,0.19829247891902924,-0.018044065684080124;0.005463266745209694,-0.0562266930937767,0.06143587455153465,-0.016260040923953056
;15.959239959716797;-2.7774493649828308e-18,0.006770523265004158,-1.3060362339019775,0.6099002361297607;0.26997315883636475,0.3856724798679352,0.19846266508102417,-0.018087832257151604;0.0054772039875388145,-0.056249603629112244,0.06141152232885361,-0.016268238425254822
;15.930950164794922;-2.821147662382782e-18,0.006784089840948582,-1.3056387901306152,0.6108401417732239;0.2688555419445038,0.38566046953201294,0.19863329827785492,-0.01813187636435032;0.005491203162819147,-0.056272558867931366,0.06138715147972107,-0.01627645455300808
;15.902600288391113;-2.8656266114858304e-18,0.006797677371650934,-1.3052417039871216,0.6117786169052124;0.2677391767501831,0.3856484591960907,0.19880439341068268,-0.018176209181547165;0.005505269858986139,-0.05629555135965347,0.06136276200413704,-0.01628468558192253
;15.874187469482422;-2.9109039966751454e-18,0.0068112886510789394,-1.3048425912857056,0.612716019153595;0.2666241526603699,0.3856363892555237,0.19897595047950745,-0.018220821395516396;0.005519405007362366,-0.05631859600543976,0.06133835017681122,-0.016292938962578773
;15.84571361541748;-2.9569934664308345e-18,0.006824921816587448,-1.3044451475143433,0.6136528849601746;0.2655104696750641,0.3856242597103119,0.19914795458316803,-0.018265660852193832;0.005533605348318815,-0.05634167417883873,0.061313919723033905,-0.01630120538175106
;15.817176818847656;-3.0039177682197426e-18,0.006838579196482897,-1.3040450811386108,0.6145889163017273;0.26439812779426575,0.3856121897697449,0.1993204802274704,-0.018310783430933952;0.0055478718131780624,-0.05636479705572128,0.0612894706428051,-0.016309494152665138
;15.788578033447266;-3.0516864146189143e-18,0.0068522607907652855,-1.3036450147628784,0.6155242323875427;0.26328712701797485,0.3856000304222107,0.1994934380054474,-0.018359001725912094;0.0055622076615691185,-0.05638784170150757,0.06126547232270241,-0.01631779782474041
;15.759917259216309;-3.100322980275807e-18,0.006865962874144316,-1.3032430410385132,0.6164584159851074;0.2621774971485138,0.3855878412723541,0.19966687262058258,-0.018404684960842133;0.005576610565185547,-0.05641104653477669,0.061240993440151215,-0.016326121985912323
;15.731193542480469;-3.1498409068753754e-18,0.006879689637571573,-1.3028429746627808,0.6173918843269348;0.26106926798820496,0.3855755925178528,0.19984079897403717,-0.018450619652867317;0.00559108005836606,-0.05643429234623909,0.06121648848056793,-0.01633446291089058
;15.702407836914062;-3.2002573584153293e-18,0.006893439684063196,-1.3024399280548096,0.6183245182037354;0.25996237993240356,0.38556337356567383,0.20001518726348877,-0.01850254274904728;0.005605620797723532,-0.056457336992025375,0.06119290739297867,-0.01634282059967518
;15.673558235168457;-3.2515928076158296e-18,0.006907210685312748,-1.3020365238189697,0.6192561984062195;0.2588569223880768,0.38555100560188293,0.20019003748893738,-0.01855185255408287;0.005620229989290237,-0.05648054927587509,0.06116883456707001,-0.01635119877755642
;15.644646644592285;-3.303864832064893e-18,0.00692100590094924,-1.3016325235366821,0.6201869249343872;0.2577528655529022,0.38553863763809204,0.20036539435386658,-0.01860431768000126;0.005634909495711327,-0.05650368332862854,0.06114521995186806,-0.016359595581889153
;15.615671157836914;-3.357087493832933e-18,0.006934824865311384,-1.3012298345565796,0.6211169362068176;0.25665026903152466,0.3855263888835907,0.20054127275943756,-0.018654197454452515;0.005649656057357788,-0.056526973843574524,0.06112110987305641,-0.01636800915002823
;15.586631774902344;-3.411287883085011e-18,0.0069486661814153194,-1.300823450088501,0.6220445036888123;0.2555491030216217,0.38551396131515503,0.20071759819984436,-0.018707197159528732;0.005664478521794081,-0.05655018985271454,0.061097461730241776,-0.016376441344618797
;15.557528495788574;-3.4664862657461338e-18,0.00696253078058362,-1.300417184829712,0.6229715943336487;0.25444939732551575,0.38550153374671936,0.20089444518089294,-0.018760504201054573;0.0056793661788105965,-0.056573446840047836,0.06107379123568535,-0.016384894028306007
;15.528362274169922;-3.522699185428553e-18,0.006976418197154999,-1.3000091314315796,0.6238972544670105;0.253351092338562,0.3854891061782837,0.20107173919677734,-0.018814044073224068;0.005694330204278231,-0.05659674480557442,0.06105010211467743,-0.01639336347579956
;15.49913215637207;-3.579944219720285e-18,0.006990327965468168,-1.2996041774749756,0.6248221397399902;0.25225433707237244,0.38547658920288086,0.20124956965446472,-0.018867921084165573;0.005709363147616386,-0.05662009119987488,0.061026398092508316,-0.016401849687099457
;15.46983814239502;-3.638247631605779e-18,0.007004261948168278,-1.2991968393325806,0.6257464289665222;0.25115904211997986,0.3854641318321228,0.2014278918504715,-0.01892208494246006;0.005724466405808926,-0.05664347484707832,0.06100267544388771,-0.016410354524850845
;15.440478324890137;-3.6976272054682045e-18,0.007018217816948891,-1.298789381980896,0.6266693472862244;0.25006523728370667,0.3854514956474304,0.20160670578479767,-0.01897655986249447;0.005739642772823572,-0.05666690692305565,0.060978930443525314,-0.016418881714344025
;15.411052703857422;-3.758113960580532e-18,0.007032197434455156,-1.2983754873275757,0.6275908946990967;0.24897289276123047,0.3854389786720276,0.20178599655628204,-0.01903129555284977;0.005754896905273199,-0.05669037625193596,0.06095517426729202,-0.016427425667643547
;15.381563186645508;-3.819724026964707e-18,0.0070461998693645,-1.2979649305343628,0.6285121440887451;0.24788211286067963,0.3854263126850128,0.2019658237695694,-0.019086303189396858;0.005770222283899784,-0.05671389400959015,0.06093139201402664,-0.016435988247394562
;15.352007865905762;-3.88248056567788e-18,0.007060225587338209,-1.2975568771362305,0.6294323205947876;0.24679280817508698,0.38541364669799805,0.20214614272117615,-0.019141674041748047;0.0057856254279613495,-0.056737449020147324,0.06090759485960007,-0.016444571316242218
;15.322385787963867;-3.946408805728734e-18,0.007074273191392422,-1.2971409559249878,0.6303510069847107;0.2457050383090973,0.38540101051330566,0.2023269534111023,-0.019197292625904083;0.005801101215183735,-0.05676105618476868,0.0608837828040123,-0.016453173011541367
;15.29269790649414;-4.011529426632584e-18,0.007088344078511,-1.2967298030853271,0.6312693953514099;0.2446187436580658,0.3853882849216461,0.20250828564167023,-0.019253211095929146;0.005816651042550802,-0.056784700602293015,0.06085995212197304,-0.016461791470646858
;15.262943267822266;-4.0778792379266874e-18,0.007102437783032656,-1.296317458152771,0.6321864724159241;0.24353402853012085,0.38537541031837463,0.20269013941287994,-0.019309433177113533;0.005832278169691563,-0.056808389723300934,0.060836099088191986,-0.01647043228149414
;15.233121871948242;-4.145476851174827e-18,0.007116554770618677,-1.2959036827087402,0.6331023573875427;0.24245089292526245,0.3853627145290375,0.20287248492240906,-0.019365966320037842;0.005847983993589878,-0.056832123547792435,0.06081223115324974,-0.016479089856147766
;15.203235626220703;-4.214337569218335e-18,0.007130694109946489,-1.2954972982406616,0.6340172290802002;0.2413693219423294,0.3853498697280884,0.20305538177490234,-0.019422803074121475;0.005863764323294163,-0.05685589835047722,0.060788344591856,-0.016487769782543182
;15.173279762268066;-4.284501923907227e-18,0.007144857197999954,-1.2950809001922607,0.6349307894706726;0.24028922617435455,0.3853370249271393,0.20323878526687622,-0.019479937851428986;0.005879620555788279,-0.05687972530722618,0.06076444312930107,-0.01649646647274494
;15.143256187438965;-4.355984390902222e-18,0.00715904263779521,-1.2946667671203613,0.6358435153961182;0.23921078443527222,0.3853241503238678,0.20342271029949188,-0.019537383690476418;0.005895554553717375,-0.05690358951687813,0.06074051931500435,-0.016505183652043343
;15.11316204071045;-4.4288288107757856e-18,0.007173250429332256,-1.2942348718643188,0.6367555856704712;0.23813387751579285,0.38531121611595154,0.20360717177391052,-0.019595131278038025;0.005911573767662048,-0.056927505880594254,0.060716576874256134,-0.016513919457793236
;15.082993507385254;-4.503071993065176e-18,0.007187481038272381,-1.2938098907470703,0.6376664638519287;0.2370583862066269,0.3852982223033905,0.20379213988780975,-0.01965322531759739;0.005927667021751404,-0.05695146322250366,0.06069261580705643,-0.01652267947793007
;15.052759170532227;-4.578725104708664e-18,0.007201733998954296,-1.2933859825134277,0.6385761499404907;0.23598437011241913,0.3852851986885071,0.20397764444351196,-0.019711650907993317;0.005943851079791784,-0.05697547271847725,0.060668643563985825,-0.016531458124518394
;15.02246379852295;-4.6558282639659565e-18,0.007216010708361864,-1.29298734664917,0.6394848823547363;0.23491232097148895,0.38527214527130127,0.20416368544101715,-0.019770342856645584;0.0059601059183478355,-0.05699951946735382,0.06064464896917343,-0.016540253534913063
;14.99210262298584;-4.734398841629918e-18,0.0072303093038499355,-1.2926608324050903,0.6403927206993103;0.23384147882461548,0.38525906205177307,0.2043502777814865,-0.01982937753200531;0.005976447369903326,-0.05702361837029457,0.060620635747909546,-0.01654907315969467
;14.961657524108887;-4.814459171577088e-18,0.007244632579386234,-1.2921215295791626,0.641299307346344;0.23277294635772705,0.3852459192276001,0.20453740656375885,-0.019888613373041153;0.005992859601974487,-0.05704775080084801,0.06059660390019417,-0.016557907685637474
;14.931158065795898;-4.8960741874855516e-18,0.007258976809680462,-1.2917221784591675,0.6422045230865479;0.2317056953907013,0.3852328360080719,0.20472507178783417,-0.019948242232203484;0.006009360775351524,-0.05707193911075592,0.060572557151317596,-0.016566764563322067
;14.900577545166016;-4.9792500932099024e-18,0.00727334339171648,-1.2912904024124146,0.6431086659431458;0.23064011335372925,0.38521960377693176,0.20491330325603485,-0.020008215680718422;0.0060259439051151276,-0.057096175849437714,0.060548484325408936,-0.01657564379274845
;14.869929313659668;-5.064042309851182e-18,0.007287733722478151,-1.2908674478530884,0.644011378288269;0.22957611083984375,0.385206401348114,0.20510204136371613,-0.02006852999329567;0.006042615510523319,-0.05712044984102249,0.06052439659833908,-0.016584541648626328
;14.839213371276855;-5.150469862563479e-18,0.0073021468706429005,-1.2904531955718994,0.6449131965637207;0.22851386666297913,0.3851931691169739,0.20529136061668396,-0.020129092037677765;0.006059361156076193,-0.05714477598667145,0.06050029397010803,-0.016593459993600845
;14.808425903320312;-5.238575351148339e-18,0.007316582836210728,-1.290029525756836,0.6458135843276978;0.2274532914161682,0.38517987728118896,0.20548126101493835,-0.02018999494612217;0.006076199468225241,-0.057169150561094284,0.06047616899013519,-0.016602398827672005
;14.77756404876709;-5.3283897948787346e-18,0.007331040687859058,-1.289602518081665,0.6467128396034241;0.2263944000005722,0.3851664364337921,0.20567166805267334,-0.020254120230674744;0.006093120202422142,-0.057193443179130554,0.06045251339673996,-0.016611356288194656
;14.746630668640137;-5.419956620736823e-18,0.00734552089124918,-1.2891765832901,0.6476101875305176;0.22533701360225677,0.3851531147956848,0.2058626264333725,-0.02031572163105011;0.006110127549618483,-0.05721791088581085,0.060428351163864136,-0.016620337963104248
;14.715627670288086;-5.513310570308333e-18,0.007360024377703667,-1.2887508869171143,0.6485067009925842;0.224281445145607,0.38513973355293274,0.20605415105819702,-0.020377634093165398;0.006127221509814262,-0.05724242702126503,0.060404177755117416,-0.016629338264465332
;14.684555053710938;-5.608485557998378e-18,0.007374551147222519,-1.2883235216140747,0.6494022607803345;0.22322767972946167,0.3851262331008911,0.2062462568283081,-0.02043985202908516;0.006144400220364332,-0.05726698413491249,0.06037997826933861,-0.016638360917568207
;14.653410911560059;-5.705528733101874e-18,0.007389100734144449,-1.2878919839859009,0.6502967476844788;0.2221757024526596,0.3851127326488495,0.20643894374370575,-0.02050238475203514;0.006161666475236416,-0.05729159340262413,0.060355767607688904,-0.016647402197122574
;14.622193336486816;-5.80447690515608e-18,0.00740367267280817,-1.2874659299850464,0.6511905193328857;0.22112545371055603,0.38509926199913025,0.20663218200206757,-0.020568139851093292;0.006179023999720812,-0.0573161244392395,0.06033201143145561,-0.016656463965773582
;14.590904235839844;-5.905361093433966e-18,0.0074182674288749695,-1.2870336771011353,0.6520826816558838;0.22007691860198975,0.3850856423377991,0.20682600140571594,-0.02063135802745819;0.006196465343236923,-0.057340819388628006,0.060307759791612625,-0.016665548086166382
;14.559541702270508;-6.008240027759024e-18,0.007432885002344847,-1.2866032123565674,0.6529738306999207;0.2190302014350891,0.38507208228111267,0.20702041685581207,-0.020700687542557716;0.006213996559381485,-0.05736532807350159,0.060284458100795746,-0.016674652695655823
;14.528105735778809;-6.113156721523106e-18,0.007447524461895227,-1.2861719131469727,0.6538641452789307;0.21798519790172577,0.3850584328174591,0.20721538364887238,-0.02076743356883526;0.006231619976460934,-0.057389996945858,0.06026065722107887,-0.016683779656887054
;14.496596336364746;-6.220148397853777e-18,0.007462187670171261,-1.2857396602630615,0.6547528505325317;0.21694205701351166,0.38504472374916077,0.20741096138954163,-0.0208345428109169;0.0062493328005075455,-0.057414717972278595,0.060236841440200806,-0.016692927107214928
;14.46501350402832;-6.329271718622998e-18,0.007476873230189085,-1.2853071689605713,0.6556400656700134;0.21590061485767365,0.38503092527389526,0.20760709047317505,-0.02090202085673809;0.006267140619456768,-0.05743949115276337,0.060213007032871246,-0.01670209690928459
;14.433354377746582;-6.440550672068531e-18,0.007491581607609987,-1.2848707437515259,0.6565268039703369;0.21486100554466248,0.3850172162055969,0.2078038454055786,-0.020966924726963043;0.0062850359827280045,-0.05746443569660187,0.0601886585354805,-0.016711285337805748
;14.401620864868164;-6.554060945216427e-18,0.00750631233677268,-1.2844340801239014,0.6574119925498962;0.21382316946983337,0.3850034177303314,0.20800112187862396,-0.02103215642273426;0.006303026340901852,-0.05748942866921425,0.060164302587509155,-0.016720499843358994
;14.36981201171875;-6.669851755313131e-18,0.007521066348999739,-1.2840001583099365,0.6582955718040466;0.21278716623783112,0.38498955965042114,0.20819902420043945,-0.02110062725841999;0.0063211084343492985,-0.057514339685440063,0.06014041230082512,-0.01672973297536373
;14.33792781829834;-6.787948331367327e-18,0.007535841315984726,-1.2835607528686523,0.6591783165931702;0.21175295114517212,0.3849756717681885,0.2083975225687027,-0.021166548132896423;0.006339283660054207,-0.0575394332408905,0.060116011649370193,-0.01673898845911026
;14.305968284606934;-6.908425119634144e-18,0.007550639566034079,-1.283124327659607,0.6600599884986877;0.21072056889533997,0.3849617540836334,0.2085966318845749,-0.02123868279159069;0.006357555277645588,-0.057564325630664825,0.06009257212281227,-0.01674826443195343
;14.273933410644531;-7.031332164540642e-18,0.007565461099147797,-1.28268301486969,0.6609399914741516;0.20969004929065704,0.384947806596756,0.20879632234573364,-0.021311113610863686;0.006375926546752453,-0.05758926644921303,0.06006911024451256,-0.01675756648182869
;14.241823196411133;-7.156715374610817e-18,0.0075803049840033054,-1.2822445631027222,0.6618189215660095;0.20866136252880096,0.3849337697029114,0.20899662375450134,-0.021383969113230705;0.006394390482455492,-0.05761425942182541,0.06004564091563225,-0.01676688715815544
;14.209635734558105;-7.284629757355405e-18,0.007595171220600605,-1.281805157661438,0.6626963019371033;0.2076345831155777,0.3849197030067444,0.209197536110878,-0.021457146853208542;0.006412953604012728,-0.05763929709792137,0.06002214923501015,-0.016776230186223984
;14.17737102508545;-7.415138178500959e-18,0.00761006074026227,-1.2813624143600464,0.6635726690292358;0.20660966634750366,0.3849056661128998,0.2093990594148636,-0.021530672907829285;0.006431611254811287,-0.05766438692808151,0.059998635202646255,-0.016785595566034317
;14.14503002166748;-7.548304330954646e-18,0.007624973077327013,-1.2809206247329712,0.6644473075866699;0.20558662712574005,0.3848915100097656,0.20960119366645813,-0.021604610607028008;0.006450369022786617,-0.05768952518701553,0.05997510626912117,-0.01679498516023159
;14.112611770629883;-7.684177018372606e-18,0.007639908231794834,-1.2804760932922363,0.665320873260498;0.20456546545028687,0.38487735390663147,0.20980395376682281,-0.021678868681192398;0.006469222716987133,-0.057714711874723434,0.05995156243443489,-0.016804395243525505
;14.080116271972656;-7.822813316217106e-18,0.007654865738004446,-1.2800332307815552,0.6661927700042725;0.20354630053043365,0.38486310839653015,0.21000733971595764,-0.021753491833806038;0.006488176994025707,-0.05773995816707611,0.05992799624800682,-0.01681382767856121
;14.047542572021484;-7.9642893251045e-18,0.007669845595955849,-1.2795870304107666,0.6670631766319275;0.2025289684534073,0.3848488926887512,0.210211381316185,-0.021828511729836464;0.006507230922579765,-0.05776524171233177,0.059904422610998154,-0.016823284327983856
;14.01488971710205;-8.108670392303181e-18,0.0076848482713103294,-1.2791409492492676,0.667932391166687;0.2015136033296585,0.3848346173763275,0.2104160040616989,-0.021903859451413155;0.006526387296617031,-0.05779058486223221,0.059880826622247696,-0.016832759603857994
;13.982158660888672;-8.256016074817252e-18,0.007699873298406601,-1.278693675994873,0.6687999963760376;0.20050011575222015,0.38482028245925903,0.21062128245830536,-0.02197960391640663;0.006545644253492355,-0.057815976440906525,0.059857212007045746,-0.01684226281940937
;13.949348449707031;-8.406408263527356e-18,0.0077149230055511,-1.2782450914382935,0.6696665287017822;0.1994885951280594,0.3848058581352234,0.21082720160484314,-0.02205571159720421;0.0065650069154798985,-0.05784142389893532,0.0598335787653923,-0.01685178652405739
;13.916459083557129;-8.559905688256983e-18,0.00772999320179224,-1.2777953147888184,0.6705318689346313;0.1984790414571762,0.38479140400886536,0.21103371679782867,-0.02213219180703163;0.006584471091628075,-0.05786691978573799,0.059809934347867966,-0.016861334443092346
;13.883489608764648;-8.716570387552077e-18,0.007745087146759033,-1.2773454189300537,0.6713955998420715;0.19747145473957062,0.3847769796848297,0.21124091744422913,-0.022209035232663155;0.006604041438549757,-0.057892464101314545,0.05978626757860184,-0.016870902851223946
;13.85044002532959;-8.876491696918791e-18,0.00776020297780633,-1.2768948078155518,0.6722588539123535;0.19646577537059784,0.3847624659538269,0.21144872903823853,-0.022286314517259598;0.006623717490583658,-0.057918064296245575,0.059762582182884216,-0.016880495473742485
;13.817309379577637;-9.039727519000006e-18,0.007775343023240566,-1.2764434814453125,0.6731208562850952;0.19546209275722504,0.38474783301353455,0.21165721118450165,-0.02236391045153141;0.006643494125455618,-0.05794372037053108,0.0597388818860054,-0.016890112310647964
;13.784098625183105;-9.206377942649839e-18,0.007790504954755306,-1.2759900093078613,0.6739817261695862;0.1944604068994522,0.38473328948020935,0.2118663191795349,-0.022441908717155457;0.006663385778665543,-0.05796942114830017,0.059715162962675095,-0.016899753361940384
;13.750805854797363;-9.376509142317295e-18,0.007805690634995699,-1.2755364179611206,0.6748408675193787;0.19346070289611816,0.3847186267375946,0.2120760828256607,-0.022520311176776886;0.006683375686407089,-0.05799517780542374,0.05969143286347389,-0.016909414902329445
;13.71743106842041;-9.550181502187091e-18,0.007820897735655308,-1.2750810384750366,0.6756988167762756;0.1924629956483841,0.38470393419265747,0.21228651702404022,-0.022599074989557266;0.006703480146825314,-0.05802099034190178,0.0596676729619503,-0.016919102519750595
;13.683974266052246;-9.727520753712335e-18,0.00783612672239542,-1.2746251821517944,0.6765550971031189;0.19146728515625,0.38468921184539795,0.21249759197235107,-0.022678261622786522;0.006723690312355757,-0.0580468513071537,0.05964390188455582,-0.016928814351558685
;13.650435447692871;-9.908598861606318e-18,0.007851378992199898,-1.2741680145263672,0.6774094104766846;0.19047360122203827,0.38467445969581604,0.21270935237407684,-0.022757790982723236;0.00674401642754674,-0.0580727644264698,0.05962011218070984,-0.016938548535108566
;13.616813659667969;-1.0093497716749684e-17,0.007866655476391315,-1.2737098932266235,0.6782627701759338;0.1894819587469101,0.38465961813926697,0.21292178332805634,-0.02283775992691517;0.006764444522559643,-0.05809873715043068,0.05959630757570267,-0.016948308795690536
;13.583108901977539;-1.0282289283855724e-17,0.00788195338100195,-1.2732512950897217,0.6791142225265503;0.1884923130273819,0.3846447765827179,0.21313489973545074,-0.022918088361620903;0.006784992758184671,-0.058124762028455734,0.059572484344244,-0.016958089545369148
;13.549320220947266;-1.0475101775919385e-17,0.007897274568676949,-1.272791862487793,0.679964005947113;0.18750472366809845,0.3846297860145569,0.2133486568927765,-0.022998832166194916;0.006805652752518654,-0.05815083533525467,0.05954863876104355,-0.01696789637207985
;13.515447616577148;-1.067199144122232e-17,0.007912619039416313,-1.2723301649093628,0.6808127760887146;0.18651920557022095,0.38461488485336304,0.21356312930583954,-0.02307998575270176;0.006826421245932579,-0.05817696824669838,0.0595247820019722,-0.01697772927582264
;13.481490135192871;-1.0873073257869672e-17,0.007927985861897469,-1.2718684673309326,0.6816608309745789;0.185535728931427,0.38459986448287964,0.21377825736999512,-0.023161519318819046;0.006847304292023182,-0.05820315703749657,0.05950090289115906,-0.01698758453130722
;13.44744873046875;-1.1078452277799239e-17,0.007943375036120415,-1.2714049816131592,0.6825073957443237;0.1845543384552002,0.38458478450775146,0.2139940708875656,-0.023243464529514313;0.006868307013064623,-0.05822939798235893,0.05947701260447502,-0.01699746400117874
;13.413321495056152;-1.12882393432131e-17,0.007958787493407726,-1.2709414958953857,0.6833523511886597;0.18357498943805695,0.3845697343349457,0.2142105996608734,-0.023325815796852112;0.006889424752444029,-0.058255694806575775,0.059453096240758896,-0.017007367685437202
;13.379108428955078;-1.15025295798817e-17,0.007974224165081978,-1.2704757452011108,0.684195339679718;0.18259775638580322,0.38455453515052795,0.21442779898643494,-0.02340855449438095;0.0069106575101614,-0.058282047510147095,0.05942916497588158,-0.017017297446727753
;13.344810485839844;-1.1721428039742833e-17,0.007989682257175446,-1.2700103521347046,0.6850370168685913;0.18162256479263306,0.3845393657684326,0.21464569866657257,-0.02349170856177807;0.006932014599442482,-0.05830845609307289,0.05940521880984306,-0.017027253285050392
;13.310425758361816;-1.1945040601914905e-17,0.008005164563655853,-1.2695422172546387,0.6858770251274109;0.1806495636701584,0.3845241069793701,0.2148643136024475,-0.02357528731226921;0.0069534797221422195,-0.058334916830062866,0.05938125401735306,-0.01703723333775997
;13.275954246520996;-1.2173473972696937e-17,0.008020668290555477,-1.2690736055374146,0.6867151260375977;0.17967860400676727,0.38450878858566284,0.21508358418941498,-0.02365928329527378;0.006975075230002403,-0.058361440896987915,0.05935727059841156,-0.017047235742211342
;13.241395950317383;-1.2406866291251224e-17,0.008036195300519466,-1.2686045169830322,0.6875522136688232;0.17870981991291046,0.38449347019195557,0.21530362963676453,-0.02374367043375969;0.0069967820309102535,-0.058388013392686844,0.05933326482772827,-0.0170572679489851
;13.20674991607666;-1.264532260951556e-17,0.008051745593547821,-1.2681339979171753,0.6883877515792847;0.17774313688278198,0.3844780921936035,0.215524360537529,-0.023828497156500816;0.0070186215452849865,-0.05841464176774025,0.05930924415588379,-0.0170673206448555
;13.172017097473145;-1.2888982721013468e-17,0.008067318238317966,-1.267661690711975,0.6892214417457581;0.17677859961986542,0.3844626545906067,0.21574579179286957,-0.023916715756058693;0.007040578871965408,-0.058441199362277985,0.05928570777177811,-0.017077403143048286
;13.137195587158203;-1.3137933479709265e-17,0.008082916028797626,-1.2671886682510376,0.6900537014007568;0.17581623792648315,0.3844471573829651,0.21596796810626984,-0.02400238998234272;0.007062654010951519,-0.05846794694662094,0.05926165357232094,-0.017087507992982864
;13.102287292480469;-1.3392353556615262e-17,0.008098536171019077,-1.2667152881622314,0.6908842921257019;0.174856036901474,0.3844316005706787,0.21619084477424622,-0.024094481021165848;0.0070848623290658,-0.05849448963999748,0.059238582849502563,-0.01709763891994953
;13.067290306091309;-1.3652323188250878e-17,0.008114178664982319,-1.2662402391433716,0.6917133927345276;0.17389807105064392,0.38441604375839233,0.2164144665002823,-0.024183975532650948;0.007107187062501907,-0.058521222323179245,0.059214990586042404,-0.017107795923948288
;13.032204627990723;-1.3918025181531486e-17,0.008129844442009926,-1.2657642364501953,0.692541241645813;0.17294223606586456,0.3844003975391388,0.21663883328437805,-0.024276917800307274;0.007129643578082323,-0.05854788050055504,0.05919189006090164,-0.017117979004979134
;12.997028350830078;-1.4189568724297944e-17,0.008145532570779324,-1.2652860879898071,0.6933684349060059;0.1719886213541031,0.38438472151756287,0.2168639451265335,-0.024370282888412476;0.007152228150516748,-0.05857459828257561,0.059168774634599686,-0.01712818630039692
;12.961763381958008;-1.446710270906051e-17,0.008161245845258236,-1.264807105064392,0.6941934823989868;0.1710372269153595,0.38436898589134216,0.21708977222442627,-0.024461084976792336;0.007174934260547161,-0.0586014948785305,0.05914512649178505,-0.017138421535491943
;12.926407814025879;-1.4750789263219247e-17,0.008176982402801514,-1.2643275260925293,0.6950172185897827;0.1700880080461502,0.3843531906604767,0.21731632947921753,-0.02455536648631096;0.007197777274996042,-0.05862833186984062,0.05912197381258011,-0.017148680984973907
;12.890962600708008;-1.504076073567216e-17,0.008192740380764008,-1.2638462781906128,0.6958385705947876;0.1691410392522812,0.3843373954296112,0.21754364669322968,-0.024650029838085175;0.007220745086669922,-0.05865521356463432,0.059098806232213974,-0.01715896837413311
;12.855425834655762;-1.5337192488709114e-17,0.008208523504436016,-1.2633637189865112,0.6966584920883179;0.16819632053375244,0.3843214809894562,0.2177717387676239,-0.02474518120288849;0.007243848871439695,-0.058682166039943695,0.05907561630010605,-0.017169281840324402
;12.81979751586914;-1.5640206945060764e-17,0.00822432991117239,-1.2628802061080933,0.6974772810935974;0.16725382208824158,0.38430553674697876,0.21800056099891663,-0.024840781465172768;0.007267083041369915,-0.058709170669317245,0.05905241519212723,-0.017179619520902634
;12.784078598022461;-1.59500075911578e-17,0.008240158669650555,-1.2623957395553589,0.6982943415641785;0.16631358861923218,0.38428953289985657,0.21823015809059143,-0.024936800822615623;0.007290453650057316,-0.05873623490333557,0.059029195457696915,-0.017189985141158104
;12.748266220092773;-1.626674662823293e-17,0.00825601164251566,-1.26190984249115,0.6991096138954163;0.16537560522556305,0.3842735290527344,0.21846051514148712,-0.02503327652812004;0.007313958369195461,-0.058763355016708374,0.05900595709681511,-0.017200376838445663
;12.712361335754395;-1.6590617616549492e-17,0.00827188789844513,-1.2614222764968872,0.6999233365058899;0.16443991661071777,0.38425740599632263,0.2186916321516037,-0.025130247697234154;0.00733759393915534,-0.05879053473472595,0.05898271128535271,-0.01721079833805561
;12.676363945007324;-1.692175125064427e-17,0.00828778836876154,-1.2609341144561768,0.7007350325584412;0.16350646317005157,0.38424134254455566,0.21892352402210236,-0.02522764913737774;0.007361372001469135,-0.0588177815079689,0.05895943567156792,-0.017221244052052498
;12.64027214050293;-1.7260369214921427e-17,0.008303712122142315,-1.2604444026947021,0.7015461325645447;0.16257528960704803,0.38422510027885437,0.2191562056541443,-0.025325486436486244;0.007385281380265951,-0.05884508043527603,0.05893615260720253,-0.017231717705726624
;12.604086875915527;-1.7606670032727977e-17,0.00831966008991003,-1.259953498840332,0.7023555040359497;0.16164642572402954,0.3842088282108307,0.2193896472454071,-0.025423819199204445;0.007409334648400545,-0.058872438967227936,0.05891284719109535,-0.01724221743643284
;12.5678071975708;-1.796080590529663e-17,0.008335631340742111,-1.259461760520935,0.7031635046005249;0.1607198417186737,0.3841925263404846,0.2196238785982132,-0.025522617623209953;0.007433525752276182,-0.058899860829114914,0.05888952687382698,-0.017252745106816292
;12.531432151794434;-1.83230216780887e-17,0.008351626805961132,-1.2589675188064575,0.7039689421653748;0.1597955822944641,0.38417622447013855,0.21985891461372375,-0.025621838867664337;0.007457862142473459,-0.05892733857035637,0.058866191655397415,-0.017263300716876984
;12.494961738586426;-1.8693484441587924e-17,0.008367645554244518,-1.2584729194641113,0.7047731280326843;0.15887360274791718,0.38415977358818054,0.2200947254896164,-0.02572157233953476;0.007482339162379503,-0.058954883366823196,0.05884283408522606,-0.017273884266614914
;12.458395957946777;-1.9072412571476016e-17,0.008383688516914845,-1.2579771280288696,0.7055761814117432;0.15795399248600006,0.38414329290390015,0.2203313410282135,-0.025821741670370102;0.0075069572776556015,-0.0589824914932251,0.05881946161389351,-0.017284493893384933
;12.421733856201172;-1.9459994664932638e-17,0.008399753831326962,-1.2574794292449951,0.7063765525817871;0.1570366621017456,0.38412681221961975,0.2205687314271927,-0.025922419503331184;0.007531724404543638,-0.059010155498981476,0.05879608169198036,-0.01729513332247734
;12.384974479675293;-1.9856516926449732e-17,0.008415844291448593,-1.256980299949646,0.7071754932403564;0.15612170100212097,0.3841102123260498,0.22080695629119873,-0.026023566722869873;0.007556637283414602,-0.05903788283467293,0.058772675693035126,-0.017305798828601837
;12.348118782043457;-2.0262156372678386e-17,0.008431958965957165,-1.2564799785614014,0.7079727053642273;0.15520907938480377,0.3840935528278351,0.22104597091674805,-0.026125198230147362;0.007581690326333046,-0.059065669775009155,0.058749254792928696,-0.01731649413704872
;12.311164855957031;-2.0677199208110543e-17,0.008448096923530102,-1.2559784650802612,0.7087679505348206;0.154298797249794,0.38407692313194275,0.22128580510616302,-0.026227284222841263;0.007606904022395611,-0.059093523770570755,0.058725811541080475,-0.017327217385172844
;12.2741117477417;-2.1101834029925865e-17,0.008464259095489979,-1.2554758787155151,0.7095617651939392;0.15339089930057526,0.3840601444244385,0.22152648866176605,-0.02632991224527359;0.007632263004779816,-0.05912143737077713,0.058702364563941956,-0.017337966710329056
;12.236961364746094;-2.1536330499004044e-17,0.00848044641315937,-1.2549715042114258,0.7103533148765564;0.15248537063598633,0.3840433657169342,0.22176799178123474,-0.026432961225509644;0.007657767739146948,-0.05914941802620888,0.05867889150977135,-0.017348745837807655
;12.199711799621582;-2.1980916917194145e-17,0.008496656082570553,-1.2544656991958618,0.7111442685127258;0.15158216655254364,0.38402649760246277,0.2220102995634079,-0.026536528021097183;0.007683430798351765,-0.0591774545609951,0.05865539610385895,-0.017359556630253792
;12.162362098693848;-2.2435886106433012e-17,0.008512892760336399,-1.2539591789245605,0.7119333148002625;0.15068143606185913,0.38400959968566895,0.2222534567117691,-0.026640580967068672;0.007709241006523371,-0.0592055581510067,0.05863189324736595,-0.017370393499732018
;12.124913215637207;-2.2901504418877886e-17,0.00852915272116661,-1.2534502744674683,0.7127203941345215;0.14978305995464325,0.38399264216423035,0.22249743342399597,-0.02674822509288788;0.0077352081425487995,-0.059233590960502625,0.05860888212919235,-0.01738125830888748
;12.087364196777344;-2.3377985267126806e-17,0.008545436896383762,-1.25294029712677,0.7135054469108582;0.14888708293437958,0.3839755952358246,0.2227422595024109,-0.026853270828723907;0.0077613340690732,-0.05926182493567467,0.05858534201979637,-0.017392154783010483
;12.049715042114258;-2.3865704191177872e-17,0.008561745285987854,-1.2524288892745972,0.7142894864082336;0.1479935199022293,0.38395851850509644,0.22298794984817505,-0.02696186862885952;0.007787620648741722,-0.05928999185562134,0.058562301099300385,-0.017403079196810722
;12.011963844299316;-2.4364927543188326e-17,0.00857807882130146,-1.251916527748108,0.7150709629058838;0.14710240066051483,0.3839413821697235,0.22323450446128845,-0.027071014046669006;0.007814060896635056,-0.059318214654922485,0.05853923782706261,-0.0174140315502882
;11.974112510681152;-2.4875964688707262e-17,0.008594436571002007,-1.251402497291565,0.7158504128456116;0.14621372520923615,0.3839241564273834,0.22348187863826752,-0.02718065306544304;0.007840660400688648,-0.059346504509449005,0.058516163378953934,-0.017425013706088066
;11.936158180236816;-2.539906212755722e-17,0.008610820397734642,-1.2508864402770996,0.7166286706924438;0.14532746374607086,0.38390693068504333,0.2237301468849182,-0.027290785685181618;0.00786742102354765,-0.0593748576939106,0.05849306657910347,-0.01743602566421032
;11.898102760314941;-2.5934597054097527e-17,0.008627229370176792,-1.2503693103790283,0.7174044847488403;0.14444372057914734,0.3838895857334137,0.22397927939891815,-0.02740449272096157;0.007894344627857208,-0.05940315127372742,0.0584704764187336,-0.01744706928730011
;11.859944343566895;-2.6482847401013998e-17,0.008643660694360733,-1.2498502731323242,0.7181785106658936;0.14356239140033722,0.38387227058410645,0.22422929108142853,-0.027518795803189278;0.007921433076262474,-0.05943150445818901,0.05844786763191223,-0.01745813898742199
;11.821682929992676;-2.7044221795529236e-17,0.008660119958221912,-1.2493300437927246,0.7189521789550781;0.14268355071544647,0.38385483622550964,0.22448016703128815,-0.0276335421949625;0.007948683574795723,-0.05945992469787598,0.058425236493349075,-0.017469242215156555
;11.783316612243652;-2.761903456627601e-17,0.008676602505147457,-1.248807668685913,0.7197234630584717;0.1418071836233139,0.38383734226226807,0.2247319221496582,-0.027748847380280495;0.007976103574037552,-0.05948840454220772,0.058402594178915024,-0.01748037151992321
;11.74484634399414;-2.8207633129111593e-17,0.008693110197782516,-1.2482846975326538,0.7204927206039429;0.14093329012393951,0.38381972908973694,0.2249845564365387,-0.02786467969417572;0.008003697730600834,-0.05951695516705513,0.05837994068861008,-0.01749153435230255
;11.706270217895508;-2.881033677575243e-17,0.00870964303612709,-1.2477596998214722,0.7212598323822021;0.1400618851184845,0.3838021457195282,0.2252381145954132,-0.027974851429462433;0.008031449280679226,-0.059545837342739105,0.058356232941150665,-0.01750272698700428
;11.667587280273438;-2.942762857967625e-17,0.008726201951503754,-1.2472331523895264,0.7220250964164734;0.13919296860694885,0.3837844133377075,0.22549255192279816,-0.028085555881261826;0.008059375919401646,-0.05957479029893875,0.05833251029253006,-0.017513949424028397
;11.628798484802246;-3.005984603057298e-17,0.008742786943912506,-1.246705412864685,0.7227885127067566;0.1383265107870102,0.38376671075820923,0.22574789822101593,-0.028196802362799644;0.008087478578090668,-0.05960380658507347,0.05830877274274826,-0.01752520352602005
;11.589902877807617;-3.0707432497250947e-17,0.008759396150708199,-1.2461754083633423,0.7235508561134338;0.1374625563621521,0.3837488889694214,0.22600410878658295,-0.0283085685223341;0.008115756325423717,-0.059632886201143265,0.05828501284122467,-0.01753648743033409
;11.550899505615234;-3.137071554323272e-17,0.008776029571890831,-1.245644450187683,0.7243109345436096;0.13660110533237457,0.38373106718063354,0.22626127302646637,-0.02842090092599392;0.008144211955368519,-0.05966204032301903,0.058261238038539886,-0.01754780299961567
;11.511787414550781;-3.2050194785608277e-17,0.008792691864073277,-1.2451115846633911,0.7250690460205078;0.1357421875,0.38371312618255615,0.22651933133602142,-0.02853686735033989;0.008172839879989624,-0.059691134840250015,0.058237966150045395,-0.017559150233864784
;11.472567558288574;-3.27463169019084e-17,0.008809379301965237,-1.2445772886276245,0.7258249521255493;0.13488580286502838,0.38369515538215637,0.2267783135175705,-0.02865021489560604;0.008201643824577332,-0.05972042307257652,0.05821416154503822,-0.017570529133081436
;11.433238983154297;-3.345946570393732e-17,0.008826090954244137,-1.2440415620803833,0.7265791893005371;0.13403192162513733,0.38367703557014465,0.22703826427459717,-0.02876727655529976;0.008230634965002537,-0.05974964424967766,0.05819084867835045,-0.017581939697265625
;11.393800735473633;-3.419012095645031e-17,0.008842830546200275,-1.243503212928772,0.7273314595222473;0.13318060338497162,0.3836590051651001,0.22729910910129547,-0.028888005763292313;0.008259809575974941,-0.059778809547424316,0.05816804617643356,-0.0175933800637722
;11.354251861572266;-3.493883190737411e-17,0.008859594352543354,-1.2429646253585815,0.7280816435813904;0.13233184814453125,0.3836408257484436,0.22756092250347137,-0.029003020375967026;0.00828916672617197,-0.05980830639600754,0.05814418941736221,-0.017604852095246315
;11.314593315124512;-3.570606177785174e-17,0.008876385167241096,-1.2424235343933105,0.728830099105835;0.13148561120033264,0.38362255692481995,0.2278236448764801,-0.029124876484274864;0.00831870548427105,-0.05983760952949524,0.05812134966254234,-0.017616359516978264
;11.274824142456055;-3.649223739307929e-17,0.008893202058970928,-1.2418807744979858,0.7295772433280945;0.13064195215702057,0.3836042284965515,0.22808733582496643,-0.02924417518079281;0.008348426781594753,-0.05986711010336876,0.05809797719120979,-0.0176278967410326
;11.234944343566895;-3.729796424926514e-17,0.008910046890377998,-1.2413363456726074,0.730322003364563;0.1298009157180786,0.3835858702659607,0.22835199534893036,-0.029367156326770782;0.008378345519304276,-0.059896551072597504,0.05807510390877724,-0.017639465630054474
;11.194952011108398;-3.812374196349928e-17,0.008926918730139732,-1.2407903671264648,0.7310647368431091;0.1289624124765396,0.38356736302375793,0.2286176085472107,-0.02949068322777748;0.008408447727560997,-0.05992606282234192,0.058052223175764084,-0.017651066184043884
;11.154848098754883;-3.897017934071254e-17,0.008943814784288406,-1.240242600440979,0.7318052053451538;0.12812653183937073,0.38354894518852234,0.22888417541980743,-0.029614781960844994;0.008438747376203537,-0.0599556490778923,0.05802932381629944,-0.01766270212829113
;11.114630699157715;-3.983777930671736e-17,0.008960739709436893,-1.2396926879882812,0.7325446009635925;0.12729321420192719,0.3835303783416748,0.22915174067020416,-0.029739463701844215;0.008469237014651299,-0.05998530238866806,0.0580064058303833,-0.017674369737505913
;11.074299812316895;-4.072709772688537e-17,0.008977691642940044,-1.2391413450241089,0.7332820892333984;0.12646254897117615,0.3835117220878601,0.2294202595949173,-0.02986476570367813;0.008499912917613983,-0.06001502275466919,0.05798346921801567,-0.017686069011688232
;11.033855438232422;-4.1638872446322973e-17,0.00899467058479786,-1.2385884523391724,0.7340174317359924;0.12563447654247284,0.38349300622940063,0.22968977689743042,-0.029990587383508682;0.008530794642865658,-0.06004481762647629,0.05796051770448685,-0.017697801813483238
;10.99329662322998;-4.25736593304018e-17,0.009011675603687763,-1.238033652305603,0.734750509262085;0.12480900436639786,0.3834741711616516,0.22996026277542114,-0.030117062851786613;0.008561879396438599,-0.060074690729379654,0.057937558740377426,-0.01770956814289093
;10.952622413635254;-4.353208703638739e-17,0.00902870949357748,-1.2374767065048218,0.7354816198348999;0.12398619204759598,0.3834553360939026,0.23023179173469543,-0.030244076624512672;0.008593152277171612,-0.060104627162218094,0.057914573699235916,-0.01772136613726616
;10.911831855773926;-4.451481400004734e-17,0.009045770391821861,-1.2369179725646973,0.7362096309661865;0.12316599488258362,0.3834364116191864,0.23050428926944733,-0.030371742323040962;0.008624639362096786,-0.0601346418261528,0.05789158120751381,-0.017733199521899223
;10.870925903320312;-4.552250527459414e-17,0.00906285922974348,-1.2363572120666504,0.7369361519813538;0.12234844267368317,0.3834174871444702,0.2307777851819992,-0.030499961227178574;0.008656321093440056,-0.06016473099589348,0.05786856263875961,-0.017745064571499825
;10.829902648925781;-4.6556027745309745e-17,0.009079976007342339,-1.2357951402664185,0.7376610040664673;0.12153351306915283,0.3833984434604645,0.23105227947235107,-0.030628766864538193;0.008688216097652912,-0.06019488722085953,0.05784553289413452,-0.01775696687400341
;10.788762092590332;-4.761588433800659e-17,0.00909712165594101,-1.235230803489685,0.7383840084075928;0.12072128057479858,0.3833792805671692,0.2313278168439865,-0.030758200213313103;0.008720310404896736,-0.06022512540221214,0.057822488248348236,-0.017768898978829384
;10.747503280639648;-4.8702918776909475e-17,0.009114294312894344,-1.2346646785736084,0.7391043305397034;0.11991168558597565,0.3833600878715515,0.23160436749458313,-0.030888233333826065;0.008752614259719849,-0.06025543436408043,0.05779942497611046,-0.017780868336558342
;10.706125259399414;-4.981797809496566e-17,0.009131493978202343,-1.234096646308899,0.739823043346405;0.11910475045442581,0.38334083557128906,0.2318819761276245,-0.03101886436343193;0.008785135112702847,-0.060285817831754684,0.05777634307742119,-0.017792869359254837
;10.664628028869629;-5.0961800137281534e-17,0.009148724377155304,-1.2335264682769775,0.7405397295951843;0.11830047518014908,0.38332149386405945,0.23216058313846588,-0.03115013986825943;0.008817864581942558,-0.06031627207994461,0.05775325372815132,-0.017804907634854317
;10.623011589050293;-5.2135202158302307e-17,0.009165981784462929,-1.2329546213150024,0.7412546277046204;0.11749888211488724,0.38330206274986267,0.2324402779340744,-0.03128198906779289;0.008850812911987305,-0.060346800833940506,0.057730138301849365,-0.017816979438066483
;10.58127498626709;-5.333906427819973e-17,0.009183269925415516,-1.232380986213684,0.7419666647911072;0.11669998615980148,0.3832825720310211,0.2327210009098053,-0.03141447901725769;0.008883978240191936,-0.06037741154432297,0.05770701915025711,-0.017829086631536484
;10.539416313171387;-5.457414419441491e-17,0.009200586937367916,-1.2318050861358643,0.7426764965057373;0.11590376496315002,0.3832630515098572,0.23300278186798096,-0.03154762089252472;0.008917361497879028,-0.0604080930352211,0.05768387019634247,-0.01784122735261917
;10.4974365234375;-5.584156025513601e-17,0.009217931888997555,-1.2312270402908325,0.7433840036392212;0.11511024832725525,0.3832434415817261,0.23328560590744019,-0.03168133273720741;0.008950967341661453,-0.0604388564825058,0.05766071006655693,-0.017853405326604843
;10.455334663391113;-5.714202714441228e-17,0.009235306642949581,-1.2306474447250366,0.7440908551216125;0.11431945115327835,0.3832237124443054,0.23356953263282776,-0.031815752387046814;0.008984791114926338,-0.060469694435596466,0.0576375350356102,-0.01786561869084835
;10.41310977935791;-5.847668637148904e-17,0.00925271026790142,-1.2300655841827393,0.7447946071624756;0.11353132128715515,0.3832039535045624,0.2338544875383377,-0.031950775533914566;0.009018844924867153,-0.0605006068944931,0.05761434882879257,-0.017877865582704544
;10.370760917663574;-5.984635188208904e-17,0.009270145557820797,-1.2294819355010986,0.7454965114593506;0.11274594813585281,0.3831841051578522,0.2341405749320984,-0.03208639472723007;0.009053119458258152,-0.060531601309776306,0.057591136544942856,-0.017890149727463722
;10.328287124633789;-6.125223466862907e-17,0.009287608787417412,-1.228896141052246,0.7461961507797241;0.11196327954530716,0.3831642270088196,0.23442772030830383,-0.032222699373960495;0.009087628684937954,-0.06056266650557518,0.05756791681051254,-0.017902467399835587
;10.285689353942871;-6.269524132106047e-17,0.009305103681981564,-1.2283083200454712,0.7468932867050171;0.11118332296609879,0.38314419984817505,0.23471596837043762,-0.032359641045331955;0.009122371673583984,-0.06059381738305092,0.05754467472434044,-0.017914822325110435
;10.242965698242188;-6.417649680501633e-17,0.009322626516222954,-1.227718710899353,0.7475892305374146;0.11040611565113068,0.38312414288520813,0.23500530421733856,-0.03249721974134445;0.009157348424196243,-0.06062503904104233,0.05752141773700714,-0.01792721636593342
;10.200117111206055;-6.569721211291342e-17,0.00934018287807703,-1.2271267175674438,0.7482823133468628;0.10963165760040283,0.38310399651527405,0.23529575765132904,-0.03263546898961067;0.009192553348839283,-0.0606563501060009,0.05749814584851265,-0.017939643934369087
;10.15714168548584;-6.72584460359358e-17,0.00935776811093092,-1.2265326976776123,0.7489729523658752;0.10885992646217346,0.3830837607383728,0.23558732867240906,-0.03277435153722763;0.009228003211319447,-0.06068773567676544,0.057474855333566666,-0.01795210875570774
;10.114038467407227;-6.886145588861457e-17,0.009375385008752346,-1.2259364128112793,0.7496618628501892;0.10809095948934555,0.3830634653568268,0.2358800172805786,-0.032913938164711;0.009263692423701286,-0.06071919947862625,0.057451553642749786,-0.01796461082994938
;10.070807456970215;-7.050746589825629e-17,0.009393032640218735,-1.2253379821777344,0.7503486275672913;0.1073247566819191,0.3830430209636688,0.2361738085746765,-0.03305412456393242;0.009299619123339653,-0.06075074151158333,0.05742822587490082,-0.017977150157094002
;10.027447700500488;-7.219775323172675e-17,0.00941071193665266,-1.224737524986267,0.7510334849357605;0.10656130313873291,0.38302260637283325,0.23646877706050873,-0.03319503366947174;0.009335796348750591,-0.06078236177563667,0.05740489065647125,-0.01798972673714161
;9.98395824432373;-7.393348255932842e-17,0.009428422898054123,-1.224134922027588,0.7517150044441223;0.10580062121152878,0.38300207257270813,0.23676489293575287,-0.03333654999732971;0.009372210130095482,-0.06081406772136688,0.05738154053688049,-0.018002338707447052
;9.940340042114258;-7.571639426907011e-17,0.009446166455745697,-1.2235301733016968,0.7523946166038513;0.10504273325204849,0.38298141956329346,0.23706217110157013,-0.033482011407613754;0.00940888375043869,-0.060845717787742615,0.057358693331480026,-0.018014991655945778
;9.896592140197754;-7.75475802393604e-17,0.009463940747082233,-1.2229231595993042,0.7530720829963684;0.10428761690855026,0.3829607665538788,0.23736059665679932,-0.03363138064742088;0.00944580975919962,-0.06087731197476387,0.05733637139201164,-0.01802767813205719
;9.852712631225586;-7.942848969063248e-17,0.00948174949735403,-1.222313642501831,0.7537471652030945;0.10353532433509827,0.3829399645328522,0.23766016960144043,-0.033774979412555695;0.009482978843152523,-0.06090926378965378,0.057312972843647,-0.018040405586361885
;9.808701515197754;-8.136065787010325e-17,0.009499589912593365,-1.221701741218567,0.754420280456543;0.10278578102588654,0.38291916251182556,0.23796090483665466,-0.03392249718308449;0.009520410560071468,-0.06094116345047951,0.057290080934762955,-0.018053170293569565
;9.764557838439941;-8.334583840067131e-17,0.009517461061477661,-1.2210885286331177,0.7550908923149109;0.10203905403614044,0.38289809226989746,0.23826278746128082,-0.03407072275876999;0.009558106772601604,-0.06097313389182091,0.05726718157529831,-0.01806597225368023
;9.720281600952148;-8.538536138876166e-17,0.009535367600619793,-1.2204724550247192,0.7557595372200012;0.10129514336585999,0.3828771710395813,0.23856593668460846,-0.03421638906002045;0.009596051648259163,-0.06100533530116081,0.05724373087286949,-0.018078813329339027
;9.675871849060059;-8.748105324916681e-17,0.009553308598697186,-1.2198539972305298,0.7564261555671692;0.10055405646562576,0.3828560709953308,0.23887021839618683,-0.034369196742773056;0.009634268470108509,-0.0610373429954052,0.05722132325172424,-0.01809169165790081
;9.631328582763672;-8.963453525588736e-17,0.009571281261742115,-1.2192330360412598,0.7570896744728088;0.09981577843427658,0.38283494114875793,0.2391757071018219,-0.03451952710747719;0.00967275071889162,-0.06106956675648689,0.05719837173819542,-0.018104610964655876
;9.586649894714355;-9.184752794459743e-17,0.00958928931504488,-1.2186100482940674,0.7577515840530396;0.09908033162355423,0.38281363248825073,0.23948241770267487,-0.03466733172535896;0.009711496531963348,-0.06110202148556709,0.05717487633228302,-0.018117569386959076
;9.54183578491211;-9.412205625343654e-17,0.009607331827282906,-1.2179841995239258,0.7584114074707031;0.0983477234840393,0.38279223442077637,0.23979030549526215,-0.03482232242822647;0.009750515222549438,-0.061134275048971176,0.05715242400765419,-0.01813056692481041
;9.496885299682617;-9.64597943959645e-17,0.009625408798456192,-1.2173563241958618,0.7590677738189697;0.09761795401573181,0.3827708065509796,0.24009940028190613,-0.03497476130723953;0.00978981051594019,-0.061166755855083466,0.05712943151593208,-0.018143603578209877
;9.451799392700195;-9.886275407543105e-17,0.00964351836591959,-1.2167257070541382,0.759721577167511;0.09689103066921234,0.3827492892742157,0.24040977656841278,-0.03513118252158165;0.009829382412135601,-0.06119918078184128,0.057106953114271164,-0.01815667934715748
;9.406575202941895;-1.013328543508573e-16,0.009661664254963398,-1.2160934209823608,0.7603737115859985;0.0961669385433197,0.3827276825904846,0.24072135984897614,-0.035288337618112564;0.0098692262545228,-0.06123170256614685,0.05708445981144905,-0.018169794231653214
;9.361212730407715;-1.0387227897906039e-16,0.009679845534265041,-1.2154585123062134,0.7610241174697876;0.09544572234153748,0.382705956697464,0.24103422462940216,-0.03544297441840172;0.009909355081617832,-0.06126443296670914,0.057061415165662766,-0.018182948231697083
;9.31571102142334;-1.0648342347509428e-16,0.009698061272501945,-1.214821219444275,0.7616715431213379;0.09472735226154327,0.38268420100212097,0.24134832620620728,-0.03559837117791176;0.009949767962098122,-0.06129726022481918,0.057038359344005585,-0.018196145072579384
;9.27007007598877;-1.0916807454908209e-16,0.009716314263641834,-1.2141813039779663,0.7623168230056763;0.0940118283033371,0.3826623558998108,0.24166370928287506,-0.03575771301984787;0.009990471415221691,-0.061330027878284454,0.057015810161828995,-0.01820938102900982
;9.224288940429688;-1.1192864095096756e-16,0.009734603576362133,-1.2135390043258667,0.7629596590995789;0.09329920262098312,0.3826403319835663,0.24198034405708313,-0.03591783344745636;0.010031459853053093,-0.06136288866400719,0.05699325352907181,-0.018222657963633537
;9.178367614746094;-1.1476776304126596e-16,0.009752929210662842,-1.212894082069397,0.7635998725891113;0.09258943796157837,0.3826183080673218,0.24229826033115387,-0.036075443029403687;0.01007273979485035,-0.06139596924185753,0.05697014927864075,-0.01823597587645054
;9.132304191589355;-1.1768765766401895e-16,0.009771292097866535,-1.2122467756271362,0.764237642288208;0.09188257902860641,0.3825961947441101,0.2426173835992813,-0.03623706474900246;0.01011431310325861,-0.061429012566804886,0.05694756656885147,-0.018249331042170525
;9.086098670959473;-1.2069086591806827e-16,0.009789692237973213,-1.2115964889526367,0.7648727297782898;0.09117857366800308,0.3825739622116089,0.2429378628730774,-0.03639944642782211;0.010156193748116493,-0.06146213039755821,0.0569249652326107,-0.018262730911374092
;9.039749145507812;-1.2378015389538232e-16,0.009808129630982876,-1.2109440565109253,0.7655062675476074;0.09047747403383255,0.3825516104698181,0.24325960874557495,-0.03656261786818504;0.010198372416198254,-0.0614953450858593,0.05690234899520874,-0.018276173621416092
;8.993257522583008;-1.2695794358079463e-16,0.009826605208218098,-1.2102887630462646,0.7661369442939758;0.08977926522493362,0.38252928853034973,0.24358269572257996,-0.0367264524102211;0.01024085097014904,-0.06152864545583725,0.056879717856645584,-0.018289653584361076
;8.94662094116211;-1.3022750399208603e-16,0.009845119901001453,-1.209631085395813,0.766764760017395;0.0890839546918869,0.3825068473815918,0.24390704929828644,-0.03689105808734894;0.010283642448484898,-0.061562035232782364,0.056857068091630936,-0.018303176388144493
;8.899839401245117;-1.3359129681875947e-16,0.009863672778010368,-1.2089709043502808,0.7673903107643127;0.08839156478643417,0.3824843466281891,0.24423274397850037,-0.03705643489956856;0.010326731950044632,-0.06159551441669464,0.05683440342545509,-0.018316740170121193
;8.852911949157715;-1.3705263078326517e-16,0.009882264770567417,-1.2083079814910889,0.7680136561393738;0.08770208060741425,0.3824617266654968,0.24455977976322174,-0.03722258284687996;0.010370142757892609,-0.06162908673286438,0.05681172385811806,-0.018330346792936325
;8.805837631225586;-1.4061472196382472e-16,0.009900894947350025,-1.207641839981079,0.7686344981193542;0.08701547980308533,0.3824390470981598,0.24488814175128937,-0.03738950565457344;0.010413873009383678,-0.06166274845600128,0.056789036840200424,-0.01834399625658989
;8.75861644744873;-1.4428048203619432e-16,0.009919566102325916,-1.2069737911224365,0.7692524790763855;0.0863318219780922,0.3824162483215332,0.24521788954734802,-0.03755727782845497;0.010457907803356647,-0.06169649958610535,0.056766327470541,-0.018357686698436737
;8.711246490478516;-1.480534182461712e-16,0.009938276372849941,-1.2063027620315552,0.7698683142662048;0.08565109968185425,0.3823933005332947,0.24554896354675293,-0.03772579878568649;0.010502283461391926,-0.06173034757375717,0.056743599474430084,-0.018371421843767166
;8.663727760314941;-1.5193685255109534e-16,0.009957028552889824,-1.2056288719177246,0.7704811692237854;0.08497326076030731,0.38237032294273376,0.24588139355182648,-0.037895116955041885;0.010546975769102573,-0.06176428124308586,0.05672086402773857,-0.018385199829936028
;8.616060256958008;-1.5593447748522122e-16,0.00997581984847784,-1.204952597618103,0.7710922956466675;0.08429834991693497,0.3823472559452057,0.24621523916721344,-0.03806523606181145;0.010591991245746613,-0.06179831176996231,0.05669810622930527,-0.01839902065694332
;8.568241119384766;-1.6005011793170126e-16,0.00999465398490429,-1.2042733430862427,0.771700382232666;0.08362642675638199,0.38232409954071045,0.24655042588710785,-0.03823619335889816;0.010637346655130386,-0.06183243542909622,0.05667533725500107,-0.018412884324789047
;8.520271301269531;-1.642874531899001e-16,0.010013527236878872,-1.2035918235778809,0.7723062634468079;0.08295739442110062,0.3823007643222809,0.2468869984149933,-0.03840794414281845;0.010683041997253895,-0.061866652220487595,0.056652553379535675,-0.018426792696118355
;8.472149848937988;-1.6865028167319058e-16,0.010032445192337036,-1.2029070854187012,0.7729089260101318;0.08229129016399384,0.38227739930152893,0.24722497165203094,-0.03858054801821709;0.010729057714343071,-0.06190096214413643,0.05662975460290909,-0.018440745770931244
;8.423874855041504;-1.731430503045458e-16,0.010051406919956207,-1.2022196054458618,0.7735096216201782;0.08162817358970642,0.3822539150714874,0.24756433069705963,-0.0387539267539978;0.010775432921946049,-0.06193536892533302,0.05660693347454071,-0.018454741686582565
;8.375447273254395;-1.777698221951346e-16,0.010070409625768661,-1.2015293836593628,0.774107813835144;0.0809679850935936,0.38223034143447876,0.24790512025356293,-0.038928136229515076;0.010822145268321037,-0.06196986883878708,0.056584104895591736,-0.018468782305717468
;8.326865196228027;-1.825352030866077e-16,0.010089454241096973,-1.200836420059204,0.7747026085853577;0.08031071722507477,0.3822067379951477,0.24824735522270203,-0.039103202521800995;0.01086920965462923,-0.0620044581592083,0.05656125396490097,-0.018482867628335953
;8.278128623962402;-1.8744354725770955e-16,0.010108543559908867,-1.2001404762268066,0.7752946019172668;0.0796564593911171,0.38218286633491516,0.24859100580215454,-0.03927907347679138;0.01091663260012865,-0.062039151787757874,0.05653839185833931,-0.01849699765443802
;8.229235649108887;-1.9249960603387868e-16,0.010127676650881767,-1.19944167137146,0.7758840918540955;0.07900510728359222,0.382159024477005,0.24893610179424286,-0.03945581614971161;0.010964401997625828,-0.06207394227385521,0.05651551112532616,-0.018511172384023666
;8.180185317993164;-1.977085807268068e-16,0.010146856307983398,-1.1987401247024536,0.7764718532562256;0.0783567950129509,0.3821350038051605,0.24928268790245056,-0.039633385837078094;0.011012529022991657,-0.06210882589221001,0.05649261549115181,-0.018525391817092896
;8.13097858428955;-2.0307518295726304e-16,0.010166079737246037,-1.198035478591919,0.7770565152168274;0.07771138101816177,0.38211095333099365,0.24963067471981049,-0.03981180861592293;0.011061024852097034,-0.06214381009340286,0.056469712406396866,-0.018539657816290855
;8.081612586975098;-2.0860478609050653e-16,0.010185349732637405,-1.197327971458435,0.7776378393173218;0.07706895470619202,0.38208678364753723,0.2499801516532898,-0.0399911068379879;0.011109888553619385,-0.06217888742685318,0.05644678324460983,-0.018553970381617546
;8.032088279724121;-2.1430289584069441e-16,0.01020466536283493,-1.196617841720581,0.7782176733016968;0.07642947882413864,0.38206252455711365,0.2503311336040497,-0.04017123579978943;0.011159121990203857,-0.062214065343141556,0.056423842906951904,-0.01856832765042782
;7.9824042320251465;-2.2017536202911868e-16,0.010224025696516037,-1.1959043741226196,0.7787940502166748;0.07579302787780762,0.38203808665275574,0.25068357586860657,-0.040352266281843185;0.011208728887140751,-0.06224934011697769,0.056400883942842484,-0.01858273148536682
;7.932559490203857;-2.2622759772570787e-16,0.010243436321616173,-1.1951881647109985,0.7793674468994141;0.07515951991081238,0.38201361894607544,0.2510375380516052,-0.0405341237783432;0.011258714832365513,-0.062284719198942184,0.05637791380286217,-0.018597183749079704
;7.8825531005859375;-2.32466180670693e-16,0.010262892581522465,-1.1944688558578491,0.7799388766288757;0.07452899217605591,0.3819890022277832,0.25139299035072327,-0.040716852992773056;0.011309084482491016,-0.062320198863744736,0.05635492876172066,-0.01861168071627617
;7.8323845863342285;-2.3889706656448446e-16,0.010282397270202637,-1.1937466859817505,0.7805078625679016;0.0739014521241188,0.3819643557071686,0.2517499625682831,-0.04090052470564842;0.011359835974872112,-0.06235577166080475,0.05633192136883736,-0.018626224249601364
;7.782052516937256;-2.455271110799991e-16,0.010301950387656689,-1.1930214166641235,0.7810739874839783;0.07327690720558167,0.38193950057029724,0.2521084249019623,-0.04108504205942154;0.011410982348024845,-0.06239145249128342,0.05630890652537346,-0.01864081621170044
;7.731557369232178;-2.523625610852229e-16,0.01032155379652977,-1.1922931671142578,0.7816372513771057;0.0726553425192833,0.38191458582878113,0.2524684965610504,-0.04127046838402748;0.011462518014013767,-0.062427226454019547,0.05628586560487747,-0.018655454739928246
;7.680897235870361;-2.5941101340690154e-16,0.010341205634176731,-1.1915616989135742,0.7821972370147705;0.07203677296638489,0.38188958168029785,0.2528300881385803,-0.041456758975982666;0.011514459736645222,-0.06246310845017433,0.056262820959091187,-0.01867014169692993
;7.630071640014648;-2.666796942948663e-16,0.010360907763242722,-1.1908273696899414,0.7827547788619995;0.07142122089862823,0.38186442852020264,0.253193199634552,-0.041643962264060974;0.011566796340048313,-0.062499091029167175,0.05623975023627281,-0.01868487522006035
;7.579080104827881;-2.7417561824071165e-16,0.010380661115050316,-1.1900897026062012,0.7833094000816345;0.07080865651369095,0.38183921575546265,0.2535579204559326,-0.041832033544778824;0.01161952968686819,-0.06253517419099808,0.05621666833758354,-0.018699657171964645
;7.527921676635742;-2.819073349832489e-16,0.01040046475827694,-1.1893492937088013,0.7838611602783203;0.07019910216331482,0.38181379437446594,0.2539242208003998,-0.04202445596456528;0.011672689579427242,-0.062571220099926,0.05619411915540695,-0.018714487552642822
;7.476595401763916;-2.8988220312120734e-16,0.010420321486890316,-1.188605546951294,0.7844094634056091;0.06959255039691925,0.38178834319114685,0.2542920708656311,-0.04221438243985176;0.0117262601852417,-0.06260750442743301,0.056171007454395294,-0.01872936636209488
;7.425100803375244;-2.9810956648678637e-16,0.010440230369567871,-1.1878584623336792,0.784955620765686;0.06898900121450424,0.38176271319389343,0.25466153025627136,-0.042408645153045654;0.01178025547415018,-0.06264376640319824,0.056148428469896317,-0.018744293600320816
;7.37343692779541;-3.0659710131607047e-16,0.010460193268954754,-1.1871086359024048,0.7854987978935242;0.06838847696781158,0.38173708319664,0.25503262877464294,-0.04260382801294327;0.011834660544991493,-0.06268012523651123,0.056125834584236145,-0.018759271129965782
;7.321602821350098;-3.153550514137655e-16,0.01048020925372839,-1.1863553524017334,0.7860391736030579;0.06779097020626068,0.38171127438545227,0.25540533661842346,-0.04280334711074829;0.011889494955539703,-0.06271644681692123,0.05610377714037895,-0.018774298951029778
;7.269598960876465;-3.2439172829066643e-16,0.010500279255211353,-1.1855990886688232,0.7865766882896423;0.06719648092985153,0.381685346364975,0.2557796239852905,-0.0430038720369339;0.011944765225052834,-0.0627528727054596,0.056081704795360565,-0.018789371475577354
;7.217422962188721;-3.337177463283935e-16,0.01052040420472622,-1.1848393678665161,0.7871111631393433;0.06660500913858414,0.38165926933288574,0.2561556398868561,-0.043201856315135956;0.01200047880411148,-0.06278953701257706,0.05605906620621681,-0.01880449615418911
;7.165074348449707;-3.433427934662809e-16,0.010540584102272987,-1.1840765476226807,0.7876431941986084;0.06601658463478088,0.38163310289382935,0.2565332353115082,-0.043400827795267105;0.012056623585522175,-0.06282632052898407,0.056036412715911865,-0.018819672986865044
;7.112553119659424;-3.532777223139654e-16,0.010560819879174232,-1.1833105087280273,0.7881715297698975;0.065431147813797,0.3816068470478058,0.2569125294685364,-0.04360416159033775;0.012113217264413834,-0.0628630593419075,0.056014299392700195,-0.018834896385669708
;7.059857368469238;-3.6353325313218565e-16,0.010581113398075104,-1.1825413703918457,0.7886978387832642;0.06484876573085785,0.3815804719924927,0.2572934627532959,-0.0438084676861763;0.012170256115496159,-0.06289990991353989,0.05599217116832733,-0.01885017193853855
;7.006987571716309;-3.7412060910749277e-16,0.010601464658975601,-1.1817691326141357,0.7892203330993652;0.06426941603422165,0.3815540373325348,0.2576761245727539,-0.04401378706097603;0.012227754108607769,-0.06293686479330063,0.05597003176808357,-0.018865497782826424
;6.953941822052002;-3.8505188692916474e-16,0.010621873661875725,-1.1809931993484497,0.7897405028343201;0.0636930912733078,0.3815273940563202,0.25806039571762085,-0.044220034033060074;0.012285714037716389,-0.06297393143177032,0.055947866290807724,-0.018880873918533325
;6.90071964263916;-3.9633928916559793e-16,0.010642343200743198,-1.180214285850525,0.7902573347091675;0.06311982870101929,0.3815006613731384,0.25844645500183105,-0.044427286833524704;0.012344134971499443,-0.06301110982894897,0.05592568963766098,-0.018896300345659256
;6.847320079803467;-4.079959712972544e-16,0.010662868618965149,-1.1794319152832031,0.7907717227935791;0.06254958361387253,0.3814738094806671,0.25883418321609497,-0.04463551193475723;0.012403027154505253,-0.06304839253425598,0.05590350925922394,-0.018911782652139664
;6.793742656707764;-4.200337388458365e-16,0.010683455504477024,-1.1786463260650635,0.7912822961807251;0.06198237091302872,0.38144680857658386,0.25922366976737976,-0.04484473913908005;0.012462379410862923,-0.06308577954769135,0.055881302803754807,-0.018927311524748802
;6.739985942840576;-4.324679707532928e-16,0.01070410292595625,-1.1778571605682373,0.7917909622192383;0.06141820549964905,0.38141965866088867,0.25961488485336304,-0.045054949820041656;0.01252223365008831,-0.06312327831983566,0.05585908517241478,-0.01894289441406727
;6.686049461364746;-4.453114783929506e-16,0.010724812746047974,-1.1770646572113037,0.7922960519790649;0.06085707247257233,0.3813925087451935,0.2600077986717224,-0.04526621103286743;0.012582555413246155,-0.06316089630126953,0.05583685263991356,-0.018958527594804764
;6.631931781768799;-4.5858019657213e-16,0.010745583102107048,-1.1762690544128418,0.7927982807159424;0.06029899790883064,0.3813651204109192,0.26040250062942505,-0.04547841474413872;0.012643379159271717,-0.06319861859083176,0.05581460893154144,-0.018974214792251587
;6.577632427215576;-4.722890013069672e-16,0.010766416788101196,-1.175469994544983,0.7932979464530945;0.05974394083023071,0.38133761286735535,0.26079899072647095,-0.04569166153669357;0.012704686261713505,-0.06323644518852234,0.055792346596717834,-0.018989956006407738
;6.5231499671936035;-4.864543038608153e-16,0.010787315666675568,-1.174667239189148,0.7937949299812317;0.059191953390836716,0.38131001591682434,0.26119720935821533,-0.0459059439599514;0.012766496278345585,-0.06327439844608307,0.05577006936073303,-0.01900574564933777
;6.4684834480285645;-5.010925684365865e-16,0.010808277875185013,-1.1738615036010742,0.794288158416748;0.05864299088716507,0.3812822699546814,0.26159727573394775,-0.046117790043354034;0.012828809209167957,-0.0633125975728035,0.055747225880622864,-0.019021591171622276
;6.413631916046143;-5.162211062701403e-16,0.010829303413629532,-1.173052430152893,0.79477858543396;0.05809705704450607,0.3812544643878937,0.26199907064437866,-0.0463271327316761;0.012891646474599838,-0.06335105746984482,0.055723801255226135,-0.019037488847970963
;6.35859489440918;-5.31857916811606e-16,0.010850397869944572,-1.1722396612167358,0.795265793800354;0.05755416676402092,0.38122648000717163,0.2624027132987976,-0.04654105007648468;0.012954986654222012,-0.06338948756456375,0.05570092797279358,-0.019053444266319275
;6.303371906280518;-5.480220053627374e-16,0.01087155845016241,-1.1714235544204712,0.7957497835159302;0.0570143461227417,0.38119828701019287,0.2628081738948822,-0.0467524491250515;0.013018855825066566,-0.06342817097902298,0.05567747727036476,-0.019069451838731766
;6.247961521148682;-5.647325360439662e-16,0.010892786085605621,-1.17060387134552,0.7962308526039124;0.056477535516023636,0.3811700642108917,0.26321545243263245,-0.04697191342711449;0.013083257712423801,-0.06346669793128967,0.05565512925386429,-0.019085511565208435
;6.19236421585083;-5.82009943525145e-16,0.010914081707596779,-1.1697808504104614,0.7967085242271423;0.05594379082322121,0.381141722202301,0.2636246085166931,-0.04719240590929985;0.013148182071745396,-0.06350532174110413,0.05563276261091232,-0.019101625308394432
;6.136577129364014;-5.998742918992119e-16,0.010935447178781033,-1.1689547300338745,0.7971833348274231;0.055413104593753815,0.381113201379776,0.2640356421470642,-0.04741046950221062;0.01321364101022482,-0.06354421377182007,0.055609818547964096,-0.019117794930934906
;6.080601215362549;-6.183487686930978e-16,0.010956882499158382,-1.1681246757507324,0.7976550459861755;0.05488545075058937,0.3810845613479614,0.2644485533237457,-0.04763304814696312;0.01327966433018446,-0.06358307600021362,0.05558742582798004,-0.019134018570184708
;6.024434566497803;-6.374552379447538e-16,0.010978388600051403,-1.167291283607483,0.7981239557266235;0.054360855370759964,0.3810558021068573,0.26486334204673767,-0.04785677418112755;0.01334622222930193,-0.06362205743789673,0.05556501820683479,-0.019150299951434135
;5.968076229095459;-6.572183165492096e-16,0.01099996455013752,-1.1664546728134155,0.7985886931419373;0.053839296102523804,0.38102686405181885,0.26527994871139526,-0.04808153584599495;0.013413339853286743,-0.06366115063428879,0.05554259568452835,-0.01916663348674774
;5.911526203155518;-6.776618802476657e-16,0.011021615006029606,-1.1656146049499512,0.7990506887435913;0.05332081764936447,0.38099783658981323,0.26569852232933044,-0.048307377845048904;0.0134810172021389,-0.063700370490551,0.055520154535770416,-0.019183024764060974
;5.854782581329346;-6.988114459076584e-16,0.011043337173759937,-1.1647706031799316,0.7995097637176514;0.05280536785721779,0.3809686303138733,0.26611900329589844,-0.0485343337059021;0.013549271039664745,-0.06373970955610275,0.055497702211141586,-0.019199470058083534
;5.797845363616943;-7.206940127043812e-16,0.011065134778618813,-1.1639235019683838,0.7999649047851562;0.052292969077825546,0.3809393644332886,0.26654142141342163,-0.04876234382390976;0.013618089258670807,-0.06377915292978287,0.055475231260061264,-0.01921597309410572
;5.740712642669678;-7.433381150602448e-16,0.011087005957961082,-1.1630728244781494,0.8004167079925537;0.05178360268473625,0.38090988993644714,0.26696574687957764,-0.048991478979587555;0.013687502592802048,-0.06381873041391373,0.055452752858400345,-0.019232532009482384
;5.683384418487549;-7.66771281546035e-16,0.01110895536839962,-1.1622182130813599,0.8008658289909363;0.05127730965614319,0.38088032603263855,0.267392098903656,-0.0492217093706131;0.013757488690316677,-0.06385841965675354,0.055430248379707336,-0.019249148666858673
;5.625859260559082;-7.910239524082938e-16,0.011130977421998978,-1.161360263824463,0.8013116121292114;0.05077404901385307,0.38085055351257324,0.2678203880786896,-0.04945306107401848;0.013828069902956486,-0.0638982281088829,0.05540774017572403,-0.01926581934094429
;5.568136692047119;-8.161281031407799e-16,0.011153080500662327,-1.1604989767074585,0.8017542958259583;0.0502738431096077,0.38082069158554077,0.2682506740093231,-0.0496855303645134;0.013899264857172966,-0.06393816322088242,0.05538521334528923,-0.019282549619674683
;5.5102152824401855;-8.421165033306404e-16,0.011175260879099369,-1.1596338748931885,0.8021934628486633;0.049776677042245865,0.38079068064689636,0.26868289709091187,-0.049919094890356064;0.013971056789159775,-0.06397821754217148,0.05536267161369324,-0.0192993376404047
;5.452094078063965;-8.690222931419364e-16,0.011197522282600403,-1.1587655544281006,0.8026299476623535;0.049282558262348175,0.3807605504989624,0.26911720633506775,-0.050153814256191254;0.014043462462723255,-0.06401839107275009,0.05534011125564575,-0.019316183403134346
;5.393773078918457;-8.968812597166895e-16,0.011219862848520279,-1.1578937768936157,0.8030628561973572;0.04879147559404373,0.38073021173477173,0.269553542137146,-0.05038965493440628;0.014116493985056877,-0.06405869871377945,0.05531753972172737,-0.019333085045218468
;5.335250377655029;-9.257295078342765e-16,0.011242284439504147,-1.1570183038711548,0.803493082523346;0.048303451389074326,0.3806997537612915,0.2699918746948242,-0.05062662437558174;0.01419014111161232,-0.06409911811351776,0.0552949495613575,-0.019350046291947365
;5.276525497436523;-9.556064774663038e-16,0.01126478984951973,-1.1561393737792969,0.8039200305938721;0.047818463295698166,0.38066914677619934,0.2704322636127472,-0.050864797085523605;0.01426443550735712,-0.06413966417312622,0.05527234449982643,-0.019367065280675888
;5.217597484588623;-9.865525085568845e-16,0.011287376284599304,-1.155256748199463,0.8043428659439087;0.04733651131391525,0.3806384801864624,0.27087467908859253,-0.05110405012965202;0.01433936133980751,-0.06418032944202423,0.055249735713005066,-0.019384143874049187
;5.15846586227417;-1.0186086822039603e-15,0.011310049332678318,-1.154370665550232,0.8047622442245483;0.046857595443725586,0.38060757517814636,0.2713192105293274,-0.05134446918964386;0.01441494282335043,-0.06422112882137299,0.05522710084915161,-0.01940128207206726
;5.099128723144531;-1.0518185147251964e-15,0.011332808062434196,-1.1534810066223145,0.8051787614822388;0.046381715685129166,0.38057655096054077,0.2717658281326294,-0.0515860840678215;0.014491177164018154,-0.06426204741001129,0.05520445480942726,-0.01941847987473011
;5.039586067199707;-1.0862272165041527e-15,0.01135565247386694,-1.1525877714157104,0.8055922985076904;0.04590889811515808,0.38054534792900085,0.27221453189849854,-0.05182887241244316;0.014568074606359005,-0.06430309265851974,0.05518179014325142,-0.019435735419392586
;4.979836940765381;-1.1218815861111647e-15,0.011378585360944271,-1.1516904830932617,0.8060011267662048;0.045439090579748154,0.3805140256881714,0.2726653218269348,-0.05207280442118645;0.01464564073830843,-0.06434426456689835,0.05515911430120468,-0.019453050568699837
;4.919879913330078;-1.1588309632154102e-15,0.011401603929698467,-1.1507902145385742,0.8064075112342834;0.04497232660651207,0.3804825246334076,0.2731182277202606,-0.052317921072244644;0.014723879285156727,-0.06438557058572769,0.05513642355799675,-0.019470427185297012
;4.859714508056641;-1.1971266991893164e-15,0.011424713768064976,-1.1498863697052002,0.8068100810050964;0.04450858756899834,0.38045090436935425,0.2735733091831207,-0.052564237266778946;0.014802808873355389,-0.06442699581384659,0.055113717913627625,-0.019487863406538963
;4.799339294433594;-1.2368234276579813e-15,0.011447913013398647,-1.1489789485931396,0.8072088360786438;0.04404788836836815,0.3804191052913666,0.27403053641319275,-0.052811700850725174;0.014882435090839863,-0.06446854770183563,0.055091001093387604,-0.01950536109507084
;4.738753795623779;-1.2779744058179633e-15,0.011471204459667206,-1.1480677127838135,0.807604968547821;0.043590202927589417,0.3803871273994446,0.2744899392127991,-0.053060419857501984;0.014962755143642426,-0.06451023370027542,0.05506826192140579,-0.01952291838824749
;4.677957057952881;-1.3206405141623465e-15,0.011494589038193226,-1.1471530199050903,0.8079972863197327;0.04313553497195244,0.38035503029823303,0.2749515473842621,-0.053310327231884;0.015043780207633972,-0.06455204635858536,0.05504550784826279,-0.019540539011359215
;4.61694860458374;-1.3648803038436097e-15,0.011518066748976707,-1.1462347507476807,0.808386504650116;0.0426839217543602,0.38032278418540955,0.2754152715206146,-0.05356141924858093;0.015125534497201443,-0.06459399312734604,0.055022742599248886,-0.019558217376470566
;4.555726528167725;-1.4107586787613364e-15,0.011541641317307949,-1.145312786102295,0.8087719678878784;0.04223531484603882,0.38029035925865173,0.275881290435791,-0.05381374806165695;0.015207991935312748,-0.06463606655597687,0.05499995872378349,-0.01957595907151699
;4.494290828704834;-1.4583403310568731e-15,0.011565310880541801,-1.1443876028060913,0.8091540932655334;0.041789714246988297,0.38025781512260437,0.2763494551181793,-0.05406728759407997;0.01529120746999979,-0.06467826664447784,0.054977159947156906,-0.01959376409649849
;4.432640075683594;-1.5076939762780658e-15,0.011589077301323414,-1.143458604812622,0.8095324039459229;0.04134712740778923,0.3802250027656555,0.2768199145793915,-0.05432204529643059;0.015375138260424137,-0.06472060084342957,0.05495435371994972,-0.019611630588769913
;4.370773792266846;-1.558892882774852e-15,0.011612940579652786,-1.1425260305404663,0.8099076151847839;0.04090755805373192,0.3801921606063843,0.2772925794124603,-0.05457805469632149;0.015459834598004818,-0.06476306915283203,0.05493152141571045,-0.01962956041097641
;4.308690547943115;-1.612010530655406e-15,0.011636905372142792,-1.141589879989624,0.8102792501449585;0.04047101363539696,0.38015908002853394,0.2777675688266754,-0.05483528599143028;0.01554527971893549,-0.06480567157268524,0.05490867793560028,-0.01964755356311798
;4.246389865875244;-1.6671262233794145e-15,0.011660969816148281,-1.1406506299972534,0.8106469511985779;0.04003745689988136,0.38012585043907166,0.27824482321739197,-0.05509381741285324;0.015631502494215965,-0.0648484081029892,0.05488581955432892,-0.019665604457259178
;4.183870315551758;-1.724321064351577e-15,0.011685137636959553,-1.139707326889038,0.8110108375549316;0.039606910198926926,0.38009247183799744,0.2787243127822876,-0.05535352975130081;0.01571848802268505,-0.0648912712931633,0.05486294999718666,-0.019683722406625748
;4.1211323738098145;-1.783682615602816e-15,0.011709407903254032,-1.1387603282928467,0.8113717436790466;0.03917936235666275,0.3800588846206665,0.27920618653297424,-0.05561823397874832;0.015806257724761963,-0.0649341270327568,0.054840631783008575,-0.01970190554857254
;4.058173656463623;-1.84529473339491e-15,0.01173378061503172,-1.1378098726272583,0.8117289543151855;0.03875481337308884,0.380025178194046,0.27969035506248474,-0.05588046833872795;0.01589481718838215,-0.0649772584438324,0.05481772869825363,-0.019720150157809258
;3.9949941635131836;-1.909253132450898e-15,0.011758259497582912,-1.1368560791015625,0.8120824098587036;0.038333263248205185,0.3799913227558136,0.2801768183708191,-0.05614398419857025;0.015984198078513145,-0.06502053141593933,0.054794806987047195,-0.01973845809698105
;3.931593179702759;-1.975656068592662e-15,0.011782844550907612,-1.1358987092971802,0.812432587146759;0.0379147082567215,0.37995728850364685,0.28066566586494446,-0.05641249939799309;0.016074366867542267,-0.06506378948688507,0.05477244779467583,-0.019756831228733063
;3.867969512939453;-2.044603491707978e-15,0.011807538568973541,-1.1349378824234009,0.8127790093421936;0.03749913349747658,0.3799230456352234,0.28115689754486084,-0.05667857825756073;0.016165360808372498,-0.0651073232293129,0.0547495037317276,-0.01977526769042015
;3.80412220954895;-2.116200857398779e-15,0.011832340620458126,-1.1339731216430664,0.8131215572357178;0.03708655387163162,0.379888653755188,0.28165048360824585,-0.05694594234228134;0.01625717617571354,-0.06515100598335266,0.05472654476761818,-0.019793769344687462
;3.74005126953125;-2.1905580681899715e-15,0.011857254430651665,-1.133004903793335,0.8134600520133972;0.03667694330215454,0.3798540234565735,0.28214648365974426,-0.05721830949187279;0.01634984090924263,-0.06519467383623123,0.05470413714647293,-0.019812338054180145
;3.675755500793457;-2.2677941322106444e-15,0.011882278136909008,-1.1320332288742065,0.813795268535614;0.036270324140787125,0.3798193037509918,0.2826448976993561,-0.057491954416036606;0.016443351283669472,-0.06523847579956055,0.05468171834945679,-0.019830971956253052
;3.611234188079834;-2.34802255187573e-15,0.011907416395843029,-1.1310577392578125,0.8141264915466309;0.03586667776107788,0.37978440523147583,0.2831457555294037,-0.057770658284425735;0.016537707298994064,-0.06528226286172867,0.05465985834598541,-0.019849667325615883
;3.546485424041748;-2.4313777936656048e-15,0.011932666413486004,-1.130078911781311,0.8144547939300537;0.03546598553657532,0.3797492980957031,0.2836490273475647,-0.058046940714120865;0.016632936894893646,-0.06532634049654007,0.05463741347193718,-0.019868429750204086
;3.481508731842041;-2.517987124280594e-15,0.011958032846450806,-1.1290966272354126,0.8147790431976318;0.035068266093730927,0.37971407175064087,0.2841547131538391,-0.058324530720710754;0.016729051247239113,-0.06537055969238281,0.054614949971437454,-0.019887259230017662
;3.416304111480713;-2.6079877630581522e-15,0.011983515694737434,-1.128110647201538,0.8150991797447205;0.034673504531383514,0.3796785771846771,0.2846629321575165,-0.05860724300146103;0.01682603545486927,-0.06541476398706436,0.054593052715063095,-0.01990615576505661
;3.3508694171905518;-2.7015247643904974e-15,0.012009115889668465,-1.1271212100982666,0.8154157400131226;0.03428170457482338,0.37964296340942383,0.28517356514930725,-0.058887504041194916;0.016923928633332253,-0.06545926630496979,0.05457055941224098,-0.019925115630030632
;3.2852041721343994;-2.7987455120104514e-15,0.01203483622521162,-1.1261283159255981,0.8157288432121277;0.03389284387230873,0.3796071708202362,0.28568676114082336,-0.059169135987758636;0.017022712156176567,-0.06550390273332596,0.054548051208257675,-0.019944144412875175
;3.2193076610565186;-2.8998166596503868e-15,0.012060674838721752,-1.1251317262649536,0.8160374760627747;0.033506929874420166,0.37957116961479187,0.28620243072509766,-0.05945586785674095;0.017122432589530945,-0.06554853171110153,0.05452611297369003,-0.01996324025094509
;3.1531779766082764;-3.004894273130835e-15,0.012086636386811733,-1.1241313219070435,0.816342830657959;0.033123958855867386,0.37953507900238037,0.2867206931114197,-0.059736475348472595;0.017223071306943893,-0.06559360027313232,0.05450299382209778,-0.01998240128159523
;3.0868146419525146;-3.1141534765136408e-15,0.012112721800804138,-1.1231279373168945,0.8166437149047852;0.0327439084649086,0.3794987201690674,0.28724145889282227,-0.06001841276884079;0.01732465624809265,-0.06563881039619446,0.05447986721992493,-0.02000163123011589
;3.020216941833496;-3.2277723584759645e-15,0.012138931080698967,-1.1221208572387695,0.8169413208961487;0.032366782426834106,0.37946218252182007,0.2877648174762726,-0.060305431485176086;0.01742718555033207,-0.065684013068676,0.05445730313658714,-0.020020930096507072
;2.953383445739746;-3.345938536815623e-15,0.012165268883109093,-1.1211103200912476,0.8172348737716675;0.031992580741643906,0.3794255256652832,0.28829073905944824,-0.0605899952352047;0.01753067597746849,-0.06572951376438141,0.054434146732091904,-0.020040294155478477
;2.8863136768341064;-3.4688550876817202e-15,0.012191727757453918,-1.1200958490371704,0.8175246715545654;0.031621284782886505,0.37938863039016724,0.28881922364234924,-0.06087593734264374;0.017635146155953407,-0.06577515602111816,0.05441097542643547,-0.020059727132320404
;2.8190064430236816;-3.596722546124519e-15,0.012218319810926914,-1.1190780401229858,0.8178109526634216;0.0312529020011425,0.3793516159057617,0.28935036063194275,-0.06116330251097679;0.017740588635206223,-0.06582094728946686,0.054387785494327545,-0.020079229027032852
;2.7514610290527344;-3.7297630465344365e-15,0.012245039455592632,-1.1180566549301147,0.818092942237854;0.030887417495250702,0.3793143630027771,0.289884090423584,-0.06145201995968819;0.01784704253077507,-0.0658668801188469,0.054364580661058426,-0.020098799839615822
;2.6836769580841064;-3.868194488137154e-15,0.012271890416741371,-1.1170319318771362,0.818371057510376;0.030524825677275658,0.37927696108818054,0.29042044281959534,-0.06174213066697121;0.017954489216208458,-0.06591296195983887,0.05434136092662811,-0.020118439570069313
;2.6156532764434814;-4.0122578518061655e-15,0.01229887269437313,-1.116003155708313,0.8186455965042114;0.030165135860443115,0.3792393207550049,0.2909594774246216,-0.06203741580247879;0.018062958493828773,-0.06595903635025024,0.054318707436323166,-0.020138150081038475
;2.5473899841308594;-4.1622021652279635e-15,0.012325991876423359,-1.1149711608886719,0.818915605545044;0.02980833314359188,0.3792015314102173,0.2915011942386627,-0.06233793497085571;0.018172459676861763,-0.06600510329008102,0.05429661646485329,-0.02015792764723301
;2.478884696960449;-4.318282808836145e-15,0.012353244237601757,-1.1139357089996338,0.8191815614700317;0.029454395174980164,0.379163533449173,0.29204559326171875,-0.06263604760169983;0.01828300580382347,-0.06605146825313568,0.05427393317222595,-0.020177777856588364
;2.4101369380950928;-4.480769562624411e-15,0.012380634434521198,-1.11289644241333,0.819443941116333;0.029103336855769157,0.3791253864765167,0.2925926744937897,-0.06293178349733353;0.0183945931494236,-0.06609813868999481,0.054250650107860565,-0.02019769698381424
;2.34114670753479;-4.649952535377196e-15,0.012408160604536533,-1.1118533611297607,0.8197027444839478;0.028755128383636475,0.3790869414806366,0.29314252734184265,-0.06323657184839249;0.01850726455450058,-0.06614464521408081,0.0542285218834877,-0.020217685028910637
;2.2719125747680664;-4.826125647527197e-15,0.01243582647293806,-1.1108070611953735,0.8199573159217834;0.028409793972969055,0.37904831767082214,0.2936950922012329,-0.06353896111249924;0.018621006980538368,-0.06619146466255188,0.05420579016208649,-0.020237743854522705
;2.2024340629577637;-5.009596372034268e-15,0.012463635765016079,-1.1097568273544312,0.8202075958251953;0.02806730382144451,0.3790096044540405,0.2942504584789276,-0.0638466402888298;0.018735840916633606,-0.06623826920986176,0.054183632135391235,-0.020257875323295593
;2.1327104568481445;-5.200695898780784e-15,0.012491585686802864,-1.1087030172348022,0.8204537034034729;0.027727661654353142,0.37897056341171265,0.2948085069656372,-0.06415577977895737;0.01885177381336689,-0.06628523021936417,0.05416145548224449,-0.020278077572584152
;2.0627405643463135;-5.399763464462122e-15,0.01251967903226614,-1.1076453924179077,0.8206958174705505;0.027390852570533752,0.3789313733577728,0.29536938667297363,-0.06446637958288193;0.018968826159834862,-0.06633233278989792,0.05413927137851715,-0.020298348739743233
;1.9925235509872437;-5.607151434784338e-15,0.012547919526696205,-1.1065843105316162,0.8209340572357178;0.027056878432631493,0.37889188528060913,0.2959330976009369,-0.0647784173488617;0.019087009131908417,-0.0663795992732048,0.05411706492304802,-0.020318692550063133
;1.9220584630966187;-5.823255797650275e-15,0.012576303444802761,-1.1055192947387695,0.821167528629303;0.02672572061419487,0.37885230779647827,0.2964996099472046,-0.06509196758270264;0.019206348806619644,-0.06642699986696243,0.05409484729170799,-0.020339110866189003
;1.8513444662094116;-6.048446282941409e-15,0.012604835443198681,-1.1044507026672363,0.8213973641395569;0.026397382840514183,0.3788124918937683,0.2970689535140991,-0.06540698558092117;0.01932682655751705,-0.0664745643734932,0.05407261848449707,-0.020359598100185394
;1.7803802490234375;-6.28315148932905e-15,0.012633518315851688,-1.1033780574798584,0.8216235041618347;0.02607184834778309,0.3787725269794464,0.2976411283016205,-0.06572353094816208;0.019448479637503624,-0.0665222778916359,0.054050374776124954,-0.020380157977342606
;1.7091652154922485;-6.527798321418615e-15,0.01266234926879406,-1.1023017168045044,0.8218456506729126;0.02574910782277584,0.37873226404190063,0.29821622371673584,-0.0660415068268776;0.0195713322609663,-0.06657014042139053,0.054028116166591644,-0.020400790497660637
;1.6376982927322388;-6.7828395183204115e-15,0.012691333889961243,-1.1012219190597534,0.8220632076263428;0.025429146364331245,0.37869179248809814,0.2987941801548004,-0.06636103242635727;0.019695373252034187,-0.06661815941333771,0.05400584638118744,-0.020421497523784637
;1.5659784078598022;-7.048750689034322e-15,0.012720473110675812,-1.1001381874084473,0.8222767114639282;0.0251119676977396,0.37865111231803894,0.29937508702278137,-0.06668206304311752;0.019820639863610268,-0.06666633486747742,0.05398355424404144,-0.02044227533042431
;1.494004726409912;-7.326032853548648e-15,0.012749764136970043,-1.0990502834320068,0.8224863409996033;0.02479756437242031,0.3786102533340454,0.29995885491371155,-0.06700458377599716;0.019947126507759094,-0.06671465933322906,0.05396125838160515,-0.0204631295055151
;1.421776294708252;-7.615206513609477e-15,0.012779214419424534,-1.0979588031768799,0.8226910829544067;0.024485915899276733,0.3785691261291504,0.3005456030368805,-0.06732861697673798;0.020074840635061264,-0.06676314026117325,0.053938936442136765,-0.020484058186411858
;1.3492920398712158;-7.91682986392905e-15,0.01280881930142641,-1.0968632698059082,0.8228920698165894;0.02417702227830887,0.37852784991264343,0.3011353015899658,-0.06765425205230713;0.020203832536935806,-0.06681177765130997,0.05391661450266838,-0.020505059510469437
;1.2765510082244873;-8.23146956954908e-15,0.01283858623355627,-1.0957635641098022,0.8230887055397034;0.023870866745710373,0.3784863352775574,0.3017279803752899,-0.06798136234283447;0.020334113389253616,-0.06686056405305862,0.05389426648616791,-0.020526133477687836
;1.2035517692565918;-8.559719400565591e-15,0.012868511490523815,-1.0946600437164307,0.8232807517051697;0.02356744557619095,0.3784445524215698,0.3023236393928528,-0.06830611824989319;0.020465660840272903,-0.06690966337919235,0.05387132242321968,-0.020547280088067055
;1.1302934885025024;-8.902240042677444e-15,0.012898599728941917,-1.0935524702072144,0.8234689235687256;0.02326674573123455,0.37840262055397034,0.3029223084449768,-0.06863240152597427;0.020598525181412697,-0.06695892661809921,0.053848352283239365,-0.02056850679218769
;1.056775689125061;-9.259680323122233e-15,0.012928850017488003,-1.0924409627914429,0.8236523270606995;0.022968752309679985,0.37836045026779175,0.30352404713630676,-0.06896419078111649;0.020732691511511803,-0.06700818985700607,0.05382596328854561,-0.020589808002114296
;0.9829965233802795;-9.632741585180286e-15,0.01295926608145237,-1.091325044631958,0.8238318562507629;0.022673461586236954,0.3783179819583893,0.3041287958621979,-0.06929750740528107;0.02086821012198925,-0.06705761700868607,0.05380356311798096,-0.020611179992556572
;0.9089555144309998;-1.002216837081224e-14,0.01298984419554472,-1.0902047157287598,0.8240073919296265;0.022380869835615158,0.3782753050327301,0.30473658442497253,-0.06963245570659637;0.021005095914006233,-0.067107193171978,0.05378114804625511,-0.020632632076740265
;0.8346514105796814;-1.0428728091868306e-14,0.013020593672990799,-1.0890800952911377,0.8241783380508423;0.022090952843427658,0.3782324492931366,0.3053474724292755,-0.06996896117925644;0.021143347024917603,-0.06715693324804306,0.053758714348077774,-0.020654160529375076
;0.7600833773612976;-1.085322458261543e-14,0.013051509857177734,-1.0879513025283813,0.8243451118469238;0.02180372178554535,0.378189355134964,0.3059615194797516,-0.07030704617500305;0.021282974630594254,-0.06720683723688126,0.05373627319931984,-0.020675763487815857
;0.685250461101532;-1.1296499793803181e-14,0.013082597404718399,-1.086817979812622,0.8245068192481995;0.021519143134355545,0.3781460225582123,0.3065786361694336,-0.07064671814441681;0.021424008533358574,-0.06725689768791199,0.053713809698820114,-0.020697444677352905
;0.6101515293121338;-1.1759461744751017e-14,0.013113855384290218,-1.0856802463531494,0.8246639966964722;0.021237211301922798,0.37810245156288147,0.3071989119052887,-0.0709880143404007;0.021566472947597504,-0.06730712205171585,0.05369133874773979,-0.020719200372695923
;0.5347855091094971;-1.2243049794997442e-14,0.013145285658538342,-1.084538221359253,0.8248165249824524;0.020957928150892258,0.37805864214897156,0.3078223466873169,-0.0713309571146965;0.02171037532389164,-0.06735751032829285,0.05366884917020798,-0.020741036161780357
;0.45915117859840393;-1.274824989089306e-14,0.013176888227462769,-1.0833909511566162,0.8249651193618774;0.020681269466876984,0.3780146539211273,0.3084489405155182,-0.07167546451091766;0.021855728700757027,-0.06740806251764297,0.05364634469151497,-0.02076294831931591
;0.383247435092926;-1.3276092871534681e-14,0.013208670541644096,-1.0822392702102661,0.8251092433929443;0.020407231524586678,0.3779703676700592,0.30907875299453735,-0.07202160358428955;0.0220025647431612,-0.06745876371860504,0.05362382531166077,-0.02078493870794773
;0.30707311630249023;-1.382767479755605e-14,0.013240626081824303,-1.081082820892334,0.8252487778663635;0.020135801285505295,0.377925843000412,0.309711754322052,-0.07236940413713455;0.022150913253426552,-0.06750964373350143,0.05360129475593567,-0.02080700546503067
;0.23062707483768463;-1.4404132387172384e-14,0.013272760435938835,-1.0799213647842407,0.8253835439682007;0.01986696384847164,0.3778810501098633,0.3103479743003845,-0.07271884381771088;0.022300755605101585,-0.06756068766117096,0.05357874929904938,-0.020829154178500175
;0.15390808880329132;-1.5006692991124254e-14,0.013305074535310268,-1.0787549018859863,0.8255138397216797;0.01960071362555027,0.37783607840538025,0.3109874427318573,-0.07306994497776031;0.022452134639024734,-0.06761189550161362,0.05355618894100189,-0.02085138112306595
;0.0769149512052536;-1.563658396015223e-14,0.013337568379938602,-1.0775831937789917,0.8256398439407349;0.019337033852934837,0.3777908384799957,0.3116302192211151,-0.07342272251844406;0.022605061531066895,-0.0676632672548294,0.05353361368179321,-0.02087368443608284
;-0.00035359247704036534;-1.6295179181696762e-14,0.013370242901146412,-1.0764061212539673,0.8257610201835632;0.019075915217399597,0.3777453303337097,0.31227633357048035,-0.07377713173627853;0.022759567946195602,-0.06771481037139893,0.05351101979613304,-0.020896069705486298
;-0.07789876312017441;-1.6983855931330082e-14,0.013403101824223995,-1.0752238035202026,0.8258777260780334;0.018817342817783356,0.37769952416419983,0.3129257261753082,-0.07413326948881149;0.02291567251086235,-0.06776651740074158,0.05348841845989227,-0.020918535068631172
;-0.15572182834148407;-1.770410159890757e-14,0.013436144217848778,-1.0740362405776978,0.8259896039962769;0.018561309203505516,0.3776536285877228,0.31357842683792114,-0.07449105381965637;0.023073386400938034,-0.06781839579343796,0.05346579849720001,-0.020941080525517464
;-0.2338239699602127;-1.845748488944754e-14,0.013469371013343334,-1.0728429555892944,0.8260962963104248;0.018307795748114586,0.37760740518569946,0.3142344653606415,-0.07485055178403854;0.02323273941874504,-0.06787043809890747,0.053443167358636856,-0.02096370793879032
;-0.3122066259384155;-1.924560500115441e-14,0.013502785004675388,-1.0716441869735718,0.8261985182762146;0.018056798726320267,0.3775608539581299,0.314893901348114,-0.0752117931842804;0.023393742740154266,-0.06792265176773071,0.05342051759362221,-0.020986415445804596
;-0.39087116718292236;-2.007020682189952e-14,0.013536387123167515,-1.0704394578933716,0.8262961506843567;0.017808299511671066,0.3775140643119812,0.31555673480033875,-0.07557473331689835;0.023556428030133247,-0.06797504425048828,0.053397852927446365,-0.021009204909205437
;-0.46981891989707947;-2.0933108084387683e-14,0.013570175506174564,-1.0692286491394043,0.8263887763023376;0.01756228506565094,0.3774670362472534,0.31622299551963806,-0.07593939453363419;0.023720819503068924,-0.06802760064601898,0.05337517336010933,-0.021032074466347694
;-0.5490511655807495;-2.1836184119564117e-14,0.01360415481030941,-1.06801176071167,0.8264766931533813;0.01731874980032444,0.3774197995662689,0.31689271330833435,-0.07630578428506851;0.023886919021606445,-0.06808033585548401,0.0533524788916111,-0.021055029705166817
;-0.6285694241523743;-2.278145594804097e-14,0.013638325035572052,-1.0667885541915894,0.8265599012374878;0.017077667638659477,0.37737220525741577,0.31756582856178284,-0.07667393237352371;0.024054771289229393,-0.06813323497772217,0.05332977697253227,-0.021078065037727356
;-0.7083750367164612;-2.377104454031817e-14,0.013672688975930214,-1.0655591487884521,0.8266379833221436;0.01683904603123665,0.3773244023323059,0.31824246048927307,-0.07704385370016098;0.02422439120709896,-0.06818631291389465,0.053307052701711655,-0.02110118418931961
;-0.7884693145751953;-2.4807177593046993e-14,0.013707245700061321,-1.064322829246521,0.8267114758491516;0.01660284586250782,0.37727633118629456,0.3189225494861603,-0.07741965353488922;0.024395795539021492,-0.06823941320180893,0.053284917026758194,-0.02112438715994358
;-0.8688542246818542;-2.5892216634084385e-14,0.0137419942766428,-1.063080072402954,0.8267800211906433;0.016369080170989037,0.3772280216217041,0.3196061849594116,-0.07779312878847122;0.02456902712583542,-0.06829284131526947,0.05326216667890549,-0.021147673949599266
;-0.9495309591293335;-2.70286129767797e-14,0.013776938430964947,-1.0618301630020142,0.82684326171875;0.016137713566422462,0.377179354429245,0.3202933669090271,-0.07816837728023529;0.02474408596754074,-0.06834644824266434,0.053239405155181885,-0.021171044558286667
;-1.0305014848709106;-2.8219029692719104e-14,0.013812080025672913,-1.0605732202529907,0.8269017934799194;0.015908753499388695,0.37713050842285156,0.3209841251373291,-0.07854543626308441;0.02492103911936283,-0.06840023398399353,0.05321662500500679,-0.021194498986005783
;-1.1117674112319946;-2.946612815942287e-14,0.013847417198121548,-1.059309482574463,0.8269554376602173;0.015682164579629898,0.37708136439323425,0.3216784596443176,-0.07892435789108276;0.025099851191043854,-0.06845419108867645,0.0531938262283802,-0.021218042820692062
;-1.1933304071426392;-3.0772872992206393e-14,0.013882952742278576,-1.0580377578735352,0.8270037770271301;0.015457946807146072,0.37703192234039307,0.32237643003463745,-0.07930508255958557;0.02528059110045433,-0.0685083419084549,0.05317102000117302,-0.021241670474410057
;-1.2751920223236084;-3.2142284710559577e-14,0.013918688520789146,-1.0567584037780762,0.8270471096038818;0.0152360824868083,0.3769821524620056,0.3230780363082886,-0.07968764007091522;0.025463268160820007,-0.06856266409158707,0.053148191422224045,-0.021265383809804916
;-1.3573541641235352;-3.3577598980340934e-14,0.013954619877040386,-1.0554711818695068,0.8270851373672485;0.015016562305390835,0.37693214416503906,0.3237832486629486,-0.08007203042507172;0.025647925212979317,-0.06861716508865356,0.05312535911798477,-0.02128918468952179
;-1.4398185014724731;-3.508228186037063e-14,0.013990755192935467,-1.0541757345199585,0.8271183371543884;0.014799362979829311,0.37688180804252625,0.3244921863079071,-0.08045833557844162;0.025834573432803154,-0.06867185235023499,0.05310250073671341,-0.021313073113560677
;-1.5225869417190552;-3.665982312639135e-14,0.014027092605829239,-1.0528721809387207,0.827146053314209;0.014584480784833431,0.3768312633037567,0.32520484924316406,-0.08084651827812195;0.026023227721452713,-0.06872671842575073,0.05307963490486145,-0.021337047219276428
;-1.605661392211914;-3.8314088636774365e-14,0.014063630253076553,-1.0515600442886353,0.8271685242652893;0.014371896162629128,0.3767803907394409,0.3259212076663971,-0.08123660832643509;0.02621397003531456,-0.0687817856669426,0.0530567541718483,-0.021361112594604492
;-1.689043641090393;-4.004902556505388e-14,0.014100370928645134,-1.0502393245697021,0.8271855711936951;0.014161587692797184,0.37672919034957886,0.3266412913799286,-0.08162859827280045;0.026406768709421158,-0.06883702427148819,0.05303385481238365,-0.02138526551425457
;-1.772735595703125;-4.186885552343901e-14,0.01413731649518013,-1.0489095449447632,0.8271971940994263;0.013953560031950474,0.3766777515411377,0.3273652195930481,-0.08202245831489563;0.026601683348417282,-0.0688924565911293,0.05301094427704811,-0.02140950784087181
;-1.8567395210266113;-4.377811183226346e-14,0.014174465090036392,-1.0475702285766602,0.8272035717964172;0.01374777965247631,0.37662601470947266,0.3280929625034332,-0.08241832256317139;0.02679874375462532,-0.06894806772470474,0.05298801511526108,-0.021433841437101364
;-1.9410572052001953;-4.578145994900071e-14,0.014211819507181644,-1.0462217330932617,0.827204704284668;0.013544241897761822,0.37657395005226135,0.328824520111084,-0.08281608670949936;0.026997974142432213,-0.0690038800239563,0.05296506732702255,-0.02145826444029808
;-2.025690793991089;-4.788383976979914e-14,0.014249376952648163,-1.0448635816574097,0.8272001147270203;0.013342934660613537,0.3765215277671814,0.32955992221832275,-0.0832158625125885;0.027199430391192436,-0.06905987858772278,0.05294211208820343,-0.02148278057575226
;-2.110642671585083;-5.009053339211783e-14,0.01428714208304882,-1.0434951782226562,0.8271898031234741;0.013143832795321941,0.37646886706352234,0.3302992284297943,-0.08361761271953583;0.027403095737099648,-0.06911607086658478,0.05291914567351341,-0.02150738798081875
;-2.1959149837493896;-5.2407090575827195e-14,0.014325115829706192,-1.0421165227890015,0.8271741271018982;0.01294693537056446,0.3764159083366394,0.33104246854782104,-0.08402132242918015;0.027609027922153473,-0.0691724568605423,0.052896153181791306,-0.02153208665549755
;-2.2815096378326416;-5.4839423610899066e-14,0.014363293536007404,-1.040727138519287,0.8271526098251343;0.012752213515341282,0.3763626515865326,0.33178961277008057,-0.08442699164152145;0.027817266061902046,-0.06922903656959534,0.0528731532394886,-0.021556876599788666
;-2.367429494857788;-5.739370567345303e-14,0.014401677064597607,-1.0393270254135132,0.8271259069442749;0.012559663504362106,0.3763091266155243,0.33254069089889526,-0.08483471721410751;0.028027860447764397,-0.0692858099937439,0.052850134670734406,-0.02158176340162754
;-2.453676462173462;-6.00764758578419e-14,0.014440269209444523,-1.037915825843811,0.8270931839942932;0.012369265779852867,0.37625521421432495,0.3332958221435547,-0.08524442464113235;0.02824079431593418,-0.06934278458356857,0.052827104926109314,-0.021606743335723877
;-2.540253162384033;-6.289474420873714e-14,0.014479069970548153,-1.0364930629730225,0.8270546197891235;0.012181002646684647,0.37620100378990173,0.33405494689941406,-0.0856562927365303;0.02845613844692707,-0.06939996033906937,0.05280405655503273,-0.021631818264722824
;-2.627161979675293;-6.585570034179505e-14,0.014518076553940773,-1.0350584983825684,0.8270105719566345;0.011994865722954273,0.3761465549468994,0.33481815457344055,-0.0860702395439148;0.0286739282310009,-0.06945733726024628,0.05278099328279495,-0.02165699005126953
;-2.7144057750701904;-6.89673131429834e-14,0.014557293616235256,-1.0336120128631592,0.8269604444503784;0.011810834519565105,0.37609171867370605,0.3355853855609894,-0.08648621290922165;0.028894180431962013,-0.0695149153470993,0.05275791883468628,-0.02168225683271885
;-2.8019869327545166;-7.223767347101437e-14,0.014596715569496155,-1.032152771949768,0.8269043564796448;0.011628898791968822,0.37603649497032166,0.3363567888736725,-0.08690439164638519;0.02911699190735817,-0.06957268714904785,0.052734825760126114,-0.021707620471715927
;-2.8899080753326416;-7.56754617195314e-14,0.014636346139013767,-1.0306810140609741,0.8268421292304993;0.011449037119746208,0.3759809732437134,0.3371323049068451,-0.08732467144727707;0.029342293739318848,-0.0696306824684143,0.05271172150969505,-0.021733084693551064
;-2.9781720638275146;-7.929000202721789e-14,0.014676188118755817,-1.0291961431503296,0.8267743587493896;0.01127124484628439,0.37592509388923645,0.337911993265152,-0.08774710446596146;0.02957025356590748,-0.06968886405229568,0.0526885986328125,-0.02175864763557911
;-3.066781520843506;-8.309090313582748e-14,0.014716237783432007,-1.0276981592178345,0.8267008662223816;0.011095492169260979,0.37586891651153564,0.3386959135532379,-0.08817175030708313;0.029800783842802048,-0.06974726915359497,0.05266546085476875,-0.021784309297800064
;-3.1557393074035645;-8.708866147764255e-14,0.014756495133042336,-1.0261858701705933,0.8266204595565796;0.010921778157353401,0.3758123815059662,0.3394840657711029,-0.0885985866189003;0.03003402054309845,-0.06980587542057037,0.05264231190085411,-0.021810071542859077
;-3.2450485229492188;-9.129411907438795e-14,0.014796956442296505,-1.0246597528457642,0.8265340328216553;0.01075008139014244,0.37575551867485046,0.34027647972106934,-0.08902768045663834;0.030269969254732132,-0.06986469775438309,0.052619148045778275,-0.0218359362334013
;-3.334712266921997;-9.571892432315432e-14,0.014837628230452538,-1.0231189727783203,0.8264415264129639;0.01058038417249918,0.3756982088088989,0.341073215007782,-0.08945899456739426;0.03050866909325123,-0.06992373615503311,0.05259596183896065,-0.021861903369426727
;-3.4247334003448486;-1.0037535581354506e-13,0.014878503978252411,-1.0215634107589722,0.8263422250747681;0.010412674397230148,0.3756405711174011,0.34187430143356323,-0.08989260345697403;0.030750194564461708,-0.06998298317193985,0.052572764456272125,-0.021887972950935364
;-3.5151150226593018;-1.0527642397163001e-13,0.014919587410986423,-1.0199923515319824,0.8262367844581604;0.01024694088846445,0.37558263540267944,0.3426797389984131,-0.09032846242189407;0.030994534492492676,-0.0700424462556839,0.05254955217242241,-0.021914146840572357
;-3.605860471725464;-1.1043585750741824e-13,0.014960877597332,-1.018405795097351,0.8261244893074036;0.010083161294460297,0.37552428245544434,0.3434895873069763,-0.09076666086912155;0.031241774559020996,-0.07010213285684586,0.0525263249874115,-0.021940425038337708
;-3.6969733238220215;-1.1586841512298274e-13,0.015002372674643993,-1.0168030261993408,0.8260059356689453;0.00992132443934679,0.37546563148498535,0.3443038761615753,-0.09120719134807587;0.03149193897843361,-0.07016204297542572,0.052503082901239395,-0.021966811269521713
;-3.7884562015533447;-1.2158980419729737e-13,0.015044069848954678,-1.015183925628662,0.8258807063102722;0.009761414490640163,0.37540656328201294,0.3451226055622101,-0.09165009111166;0.03174511715769768,-0.07022217661142349,0.0524798221886158,-0.021993301808834076
;-3.8803131580352783;-1.2761619289525933e-13,0.015085970051586628,-1.0135475397109985,0.8257486820220947;0.009603412821888924,0.3753470480442047,0.34594598412513733,-0.09209538251161575;0.0320013053715229,-0.07028252631425858,0.052456554025411606,-0.022019904106855392
;-3.9725472927093506;-1.3396534857997022e-13,0.01512807235121727,-1.0118942260742188,0.8256102204322815;0.009447307325899601,0.3752872049808502,0.34677380323410034,-0.09254307299852371;0.03226059675216675,-0.07034310698509216,0.05243326351046562,-0.022046612575650215
;-4.065162181854248;-1.40655675583308e-13,0.015170374885201454,-1.0102230310440063,0.8254649639129639;0.009293087758123875,0.3752269446849823,0.34760621190071106,-0.09299758076667786;0.032523013651371,-0.07040376216173172,0.05241057649254799,-0.022073430940508842
;-4.158161163330078;-1.4770687927975756e-13,0.01521287951618433,-1.0085337162017822,0.825312614440918;0.00914072897285223,0.3751663565635681,0.34844332933425903,-0.09345462173223495;0.03278859704732895,-0.07046464085578918,0.052387870848178864,-0.022100359201431274
;-4.251549243927002;-1.5514008805915525e-13,0.015255579724907875,-1.0068254470825195,0.825153112411499;0.008990226313471794,0.3751053512096405,0.3492850959300995,-0.09390974789857864;0.03305743262171745,-0.07052592188119888,0.0523645393550396,-0.02212740108370781
;-4.3453288078308105;-1.6297750096098268e-13,0.015298477374017239,-1.0050981044769287,0.8249863982200623;0.008841556496918201,0.37504395842552185,0.3501315414905548,-0.09437181055545807;0.03332958370447159,-0.07058726996183395,0.052341800183057785,-0.022154558449983597
;-4.439504146575928;-1.7124278069765436e-13,0.015341571532189846,-1.003351092338562,0.8248131275177002;0.008694709278643131,0.3749821186065674,0.35098281502723694,-0.09483645856380463;0.03360503911972046,-0.07064885646104813,0.052319057285785675,-0.02218182384967804
;-4.5340800285339355;-1.7996095878682755e-13,0.015384857542812824,-1.0015841722488403,0.8246324062347412;0.008549666032195091,0.3749198317527771,0.35183876752853394,-0.09530370682477951;0.033883921802043915,-0.070710688829422,0.052296292036771774,-0.022209208458662033
;-4.629059314727783;-1.8915896409996136e-13,0.015428337268531322,-0.999796450138092,0.8244441151618958;0.00840641837567091,0.37485724687576294,0.3526996076107025,-0.09577354788780212;0.03416626900434494,-0.07077275961637497,0.05227351188659668,-0.022236710414290428
;-4.724447250366211;-1.988652027339749e-13,0.015472006984055042,-0.997987687587738,0.8242484331130981;0.008264941163361073,0.3747941851615906,0.3535653352737427,-0.09624607115983963;0.03445213660597801,-0.07083506882190704,0.05225072428584099,-0.022264329716563225
;-4.820247650146484;-2.0910972064157318e-13,0.015515862964093685,-0.9961574077606201,0.8240453004837036;0.008125226944684982,0.3747306764125824,0.3544360101222992,-0.09672131389379501;0.034741561859846115,-0.07089763879776001,0.052227918058633804,-0.022292068228125572
;-4.916464805603027;-2.1992481349496912e-13,0.015559903346002102,-0.9943049550056458,0.823835015296936;0.007987258024513721,0.3746667206287384,0.35531163215637207,-0.0971992090344429;0.035034649074077606,-0.07096044719219208,0.05220509693026543,-0.02231992594897747
;-5.01310396194458;-2.313447014252318e-13,0.015604126267135143,-0.992429792881012,0.8236170411109924;0.007851021364331245,0.37460240721702576,0.3561922609806061,-0.09767541289329529;0.035331472754478455,-0.07102368026971817,0.05218164622783661,-0.022347906604409218
;-5.110167980194092;-2.434062066486442e-13,0.015648525208234787,-0.9905315637588501,0.8233910202980042;0.0077164978720247746,0.3745375871658325,0.3570779263973236,-0.09815892577171326;0.03563206270337105,-0.07108699530363083,0.052158795297145844,-0.022376008331775665
;-5.207663059234619;-2.561471813735533e-13,0.015693102031946182,-0.9886095523834229,0.823157012462616;0.007583681959658861,0.37447237968444824,0.357968807220459,-0.0986451655626297;0.03593645617365837,-0.07115057855844498,0.052135929465293884,-0.02240423485636711
;-5.3055925369262695;-2.6961020764028343e-13,0.015737853944301605,-0.986663281917572,0.8229149580001831;0.007452548015862703,0.3744066059589386,0.35886478424072266,-0.09913886338472366;0.03624479100108147,-0.07121425867080688,0.052113670855760574,-0.022432586178183556
;-5.403962135314941;-2.83838219854865e-13,0.015782777220010757,-0.9846921563148499,0.8226651549339294;0.007323091384023428,0.3743404448032379,0.35976600646972656,-0.09963542968034744;0.03655710816383362,-0.07127819210290909,0.05209139734506607,-0.022461066022515297
;-5.502777099609375;-2.988789229128874e-13,0.015827862545847893,-0.9826956391334534,0.8224071860313416;0.007195286452770233,0.3742738366127014,0.3606724441051483,-0.10013499855995178;0.0368734747171402,-0.07134240120649338,0.05206911265850067,-0.022489670664072037
;-5.602042198181152;-3.147821630092307e-13,0.01587311364710331,-0.9806727766990662,0.8221405744552612;0.007069128565490246,0.3742067515850067,0.36158427596092224,-0.10063748061656952;0.03719395399093628,-0.07140687853097916,0.05204680562019348,-0.02251840941607952
;-5.701763153076172;-3.3160125578572675e-13,0.015918519347906113,-0.9786232709884644,0.8218657970428467;0.006944597233086824,0.3741392195224762,0.3625013530254364,-0.10114302486181259;0.037518639117479324,-0.07147162407636642,0.05202449485659599,-0.022547278553247452
;-5.801945209503174;-3.4939298633115956e-13,0.01596408523619175,-0.9765466451644897,0.8215821981430054;0.006821679417043924,0.3740710914134979,0.3634239435195923,-0.10165165364742279;0.0378476083278656,-0.07153665274381638,0.052002161741256714,-0.022576279938220978
;-5.902593612670898;-3.682187204884918e-13,0.016009798273444176,-0.9744420051574707,0.8212904334068298;0.006700361147522926,0.3740025758743286,0.36435192823410034,-0.1021633967757225;0.038180943578481674,-0.07160195708274841,0.05197981372475624,-0.022605417296290398
;-6.003715515136719;-3.881428056566605e-13,0.016055654734373093,-0.9723089337348938,0.820989727973938;0.006580627989023924,0.37393346428871155,0.3652854561805725,-0.10267367213964462;0.03851870819926262,-0.07166770845651627,0.051956839859485626,-0.022634688764810562
;-6.105316162109375;-4.0923435972416156e-13,0.016101649031043053,-0.9701464176177979,0.820679783821106;0.006462462246417999,0.37386396527290344,0.36622458696365356,-0.10318252444267273;0.03886101022362709,-0.07173390686511993,0.05193322151899338,-0.02266409806907177
;-6.207401752471924;-4.315676776448646e-13,0.016147781163454056,-0.9679539799690247,0.8203611969947815;0.006345851346850395,0.37379392981529236,0.3671693503856659,-0.1036946028470993;0.03920792415738106,-0.07180039584636688,0.051909592002630234,-0.02269364893436432
;-6.309978008270264;-4.552220688076869e-13,0.016194041818380356,-0.9657312631607056,0.8200328946113586;0.006230780389159918,0.3737232983112335,0.3681198060512543,-0.10420992970466614;0.03955953195691109,-0.07186717540025711,0.0518859438598156,-0.02272333949804306
;-6.413051128387451;-4.802814504607789e-13,0.016240421682596207,-0.9634767770767212,0.8196954727172852;0.006117238197475672,0.3736521601676941,0.36907607316970825,-0.10473322123289108;0.03991595283150673,-0.07193409651517868,0.05186290666460991,-0.022753173485398293
;-6.516627788543701;-5.068364890108146e-13,0.016286922618746758,-0.9611905217170715,0.8193486928939819;0.006005208473652601,0.37358054518699646,0.37003809213638306,-0.10525514930486679;0.04027726128697395,-0.07200147211551666,0.051839228719472885,-0.022783152759075165
;-6.62071418762207;-5.34983136350059e-13,0.016333531588315964,-0.9588714241981506,0.8189926147460938;0.005894675385206938,0.3735083043575287,0.371006041765213,-0.10578516125679016;0.04064353555440903,-0.07206899672746658,0.05181616172194481,-0.022813279181718826
;-6.725317478179932;-5.64826017988157e-13,0.016380244866013527,-0.9565184712409973,0.818626880645752;0.005785627290606499,0.3734356164932251,0.37197986245155334,-0.10631395876407623;0.0410149060189724,-0.07213699817657471,0.0517924465239048,-0.022843554615974426
;-6.830443859100342;-5.964746925546383e-13,0.0164270531386137,-0.9541314840316772,0.8182513117790222;0.00567804928869009,0.37336230278015137,0.3729597330093384,-0.10684627294540405;0.04139145836234093,-0.07220529764890671,0.05176872760057449,-0.022873982787132263
;-6.936100482940674;-6.300479886076071e-13,0.016473952680826187,-0.9517091512680054,0.8178654909133911;0.005571931134909391,0.37328845262527466,0.37394577264785767,-0.10738208889961243;0.04177326336503029,-0.07227391749620438,0.051744990050792694,-0.022904561832547188
;-7.042294502258301;-6.65672107279941e-13,0.01652093231678009,-0.9492508769035339,0.8174697756767273;0.0054672532714903355,0.37321406602859497,0.37493792176246643,-0.10792143642902374;0.0421605184674263,-0.07234286516904831,0.051721226423978806,-0.02293529361486435
;-7.149033069610596;-7.034830075240694e-13,0.016567979007959366,-0.9467558860778809,0.8170636296272278;0.005364003591239452,0.37313905358314514,0.37593621015548706,-0.10846445709466934;0.04255324974656105,-0.07241214066743851,0.05169745907187462,-0.022966181859374046
;-7.256323337554932;-7.436257013805625e-13,0.016615092754364014,-0.9442236423492432,0.8166475892066956;0.0052621690556406975,0.37306350469589233,0.37694090604782104,-0.10901115089654922;0.04295157641172409,-0.07248173654079437,0.05167367309331894,-0.022997230291366577
;-7.36417293548584;-7.862566392229098e-13,0.01666225679218769,-0.9416527152061462,0.8162204623222351;0.005161742679774761,0.3729873597621918,0.37795189023017883,-0.10956158488988876;0.04335567355155945,-0.0725516676902771,0.051649872213602066,-0.023028438910841942
;-7.472589492797852;-8.315427881856741e-13,0.016709469258785248,-0.9390424489974976,0.8157827854156494;0.0050627016462385654,0.3729105591773987,0.37896934151649475,-0.1101158857345581;0.0437655933201313,-0.07262194156646729,0.0516260527074337,-0.02305981144309044
;-7.581581115722656;-8.796636921486189e-13,0.016756711527705193,-0.9363920092582703,0.8153345584869385;0.004965036641806364,0.37283316254615784,0.3799932897090912,-0.11067399382591248;0.0441814661026001,-0.07269255071878433,0.05160221830010414,-0.023091349750757217
;-7.691154956817627;-9.308112006861657e-13,0.016803979873657227,-0.9337005615234375,0.814875066280365;0.004868733696639538,0.37275514006614685,0.3810237944126129,-0.1112360805273056;0.04460342600941658,-0.07276351004838943,0.051578372716903687,-0.023123053833842278
;-7.801319599151611;-9.85191854312173e-13,0.016851259395480156,-0.9309672713279724,0.8144041895866394;0.004773781169205904,0.37267643213272095,0.38206103444099426,-0.11180690675973892;0.045031629502773285,-0.07283466309309006,0.05155513808131218,-0.023154931142926216
;-7.912083625793457;-1.0430279686821087e-12,0.016898535192012787,-0.9281909465789795,0.8139220476150513;0.004680166952311993,0.3725970983505249,0.38310500979423523,-0.11237706243991852;0.045466188341379166,-0.07290633022785187,0.05153125151991844,-0.023186979815363884
;-8.023455619812012;-1.10455687565153e-12,0.016945799812674522,-0.925370991230011,0.8134284615516663;0.004587873350828886,0.3725171685218811,0.384155809879303,-0.11295133084058762;0.04590720310807228,-0.07297836244106293,0.051507361233234406,-0.02321920357644558
;-8.135444641113281;-1.170036398497054e-12,0.01699303649365902,-0.9225063323974609,0.8129228949546814;0.004496892914175987,0.3724365234375,0.38521358370780945,-0.1135297566652298;0.04635488986968994,-0.07305076718330383,0.05148344486951828,-0.023251604288816452
;-8.248058319091797;-1.23973964774593e-12,0.017040235921740532,-0.9195961952209473,0.8124050498008728;0.004407207481563091,0.3723551332950592,0.38627830147743225,-0.11411242932081223;0.04680933803319931,-0.07312354445457458,0.05145951732993126,-0.0232841856777668
;-8.361306190490723;-1.313963911633853e-12,0.017087379470467567,-0.9166390895843506,0.81187504529953;0.004318810533732176,0.3722730875015259,0.3873501121997833,-0.11469943076372147;0.04727070778608322,-0.07319668680429459,0.05143557861447334,-0.023316949605941772
;-8.475197792053223;-1.3930270782377963e-12,0.01713445596396923,-0.9136347770690918,0.8113327622413635;0.004231689032167196,0.3721903860569,0.38842910528182983,-0.1152908205986023;0.04773910343647003,-0.07327022403478622,0.051411617547273636,-0.02334989793598652
;-8.589741706848145;-1.477272189125134e-12,0.01718144863843918,-0.9105823040008545,0.8107781410217285;0.004145825281739235,0.3721069097518921,0.38951537013053894,-0.11588665843009949;0.048214782029390335,-0.0733441486954689,0.051387641578912735,-0.023383034393191338
;-8.704948425292969;-1.5670683067153801e-12,0.01722833700478077,-0.9074802994728088,0.8102108836174011;0.00406121090054512,0.3720226585865021,0.3906090259552002,-0.11648707091808319;0.0486978255212307,-0.07341846078634262,0.05136365070939064,-0.023416364565491676
;-8.820826530456543;-1.662812465844099e-12,0.017275111749768257,-0.9043280482292175,0.8096303343772888;0.003977835178375244,0.3719378113746643,0.39171016216278076,-0.11709205061197281;0.049188438802957535,-0.07349318265914917,0.05133964121341705,-0.023449884727597237
;-8.937387466430664;-1.764933143209857e-12,0.017321752384305,-0.901124894618988,0.8090369701385498;0.0038956785574555397,0.3718520700931549,0.392818808555603,-0.11770173162221909;0.04968675225973129,-0.07356830686330795,0.05131562054157257,-0.023483604192733765
;-9.05463981628418;-1.873891449996612e-12,0.017368236556649208,-0.8978695869445801,0.8084300756454468;0.0038147394079715014,0.3717655837535858,0.3939351439476013,-0.11831612139940262;0.05019296705722809,-0.07364384084939957,0.0512915775179863,-0.023517519235610962
;-9.17259407043457;-1.9901870949856626e-12,0.017414545640349388,-0.8945615291595459,0.8078097105026245;0.0037349967751652002,0.3716783821582794,0.3950592577457428,-0.11893538385629654;0.05070723593235016,-0.07371979206800461,0.05126752331852913,-0.023551639169454575
;-9.291260719299316;-2.1143546982682615e-12,0.017460662871599197,-0.8911996483802795,0.8071752786636353;0.003656445536762476,0.3715903162956238,0.39619123935699463,-0.11955957114696503;0.0512298047542572,-0.07379616796970367,0.05124345421791077,-0.023585962131619453
;-9.410650253295898;-2.246974958527992e-12,0.017506564036011696,-0.8877832889556885,0.8065267205238342;0.0035790728870779276,0.37150144577026367,0.3973311483860016,-0.12018870562314987;0.05176081508398056,-0.07387297600507736,0.05121936649084091,-0.023620491847395897
;-9.530773162841797;-2.3886749783014194e-12,0.017552226781845093,-0.8843113780021667,0.8058640360832214;0.003502864623442292,0.3714118003845215,0.39847907423973083,-0.12082292884588242;0.05230048671364784,-0.07395021617412567,0.05119526758790016,-0.023655235767364502
;-9.651639938354492;-2.5401293481802645e-12,0.017597628757357597,-0.8807834982872009,0.8051868677139282;0.003427810501307249,0.37132135033607483,0.39963531494140625,-0.12146232277154922;0.05284895375370979,-0.0740278959274292,0.05117114633321762,-0.02369019389152527
;-9.773262023925781;-2.7020662183435684e-12,0.01764274388551712,-0.8771981596946716,0.8044950366020203;0.003353901207447052,0.37123000621795654,0.40079978108406067,-0.12210696935653687;0.05340651050209999,-0.07410603761672974,0.051147010177373886,-0.023725368082523346
;-9.895650863647461;-2.8752792247815906e-12,0.01768755167722702,-0.8735554814338684,0.8037880063056946;0.003281125333160162,0.371137797832489,0.4019726514816284,-0.12275692075490952;0.05397330969572067,-0.07418462634086609,0.05112285912036896,-0.023760763928294182
;-10.018815994262695;-3.060621200923208e-12,0.01773202046751976,-0.8698540329933167,0.8030656576156616;0.003209469374269247,0.37104469537734985,0.4031539857387543,-0.12341228127479553;0.054549627006053925,-0.07426367700099945,0.051098693162202835,-0.023796381428837776
;-10.142768859863281;-3.2590132849341646e-12,0.0177761260420084,-0.8660934567451477,0.8023277521133423;0.0031389265786856413,0.37095069885253906,0.4043440818786621,-0.12407313287258148;0.05513560026884079,-0.07434318959712982,0.05107451230287552,-0.023832228034734726
;-10.267522811889648;-3.4714587975048783e-12,0.017819838598370552,-0.8622728586196899,0.8015744090080261;0.0030694794841110706,0.37085574865341187,0.40554285049438477,-0.12473966181278229;0.05573153868317604,-0.07442318648099899,0.05105031281709671,-0.02386830374598503
;-10.393087387084961;-3.699036302956538e-12,0.017863135784864426,-0.8583915829658508,0.8008047938346863;0.003001126227900386,0.3707599341869354,0.4067505896091461,-0.1254117488861084;0.056337621062994,-0.07450366020202637,0.05102609843015671,-0.02390461415052414
;-10.519474983215332;-3.942924545891069e-12,0.017905976623296738,-0.8544493317604065,0.8000190258026123;0.002933851210400462,0.3706631362438202,0.40796729922294617,-0.1260896772146225;0.05695413053035736,-0.07458462566137314,0.05100186541676521,-0.02394115924835205
;-10.646697044372559;-4.204386838679852e-12,0.0179483313113451,-0.8504452705383301,0.799216628074646;0.0028676444198936224,0.3705654442310333,0.409193217754364,-0.12677344679832458;0.05758129060268402,-0.0746660903096199,0.050977613776922226,-0.02397794835269451
;-10.77476692199707;-4.484807056975848e-12,0.017990170046687126,-0.8463788032531738,0.7983973622322083;0.002802497474476695,0.3704667389392853,0.41042834520339966,-0.1274631768465042;0.05821945145726204,-0.07474805414676666,0.050953347235918045,-0.024014977738261223
;-10.903693199157715;-4.7856753282449205e-12,0.01803145371377468,-0.8422494530677795,0.7975608706474304;0.002738398499786854,0.37036702036857605,0.4116728901863098,-0.12815900146961212;0.05886872112751007,-0.07483052462339401,0.05092906951904297,-0.02405225671827793
;-11.033491134643555;-5.10861708838406e-12,0.018072152510285378,-0.8380568027496338,0.7967073321342468;0.002675337716937065,0.3702663481235504,0.4129270315170288,-0.1288609653711319;0.05952950194478035,-0.07491351664066315,0.0509047769010067,-0.024089787155389786
;-11.164170265197754;-5.4553926480405135e-12,0.018112223595380783,-0.8338003158569336,0.7958360910415649;0.002613306976854801,0.37016454339027405,0.41419079899787903,-0.1295691579580307;0.06020195409655571,-0.07499703764915466,0.05088046193122864,-0.024127567186951637
;-11.295744895935059;-5.827910203037856e-12,0.018151631578803062,-0.8294796347618103,0.7949469685554504;0.0025522953364998102,0.3700617849826813,0.4154644012451172,-0.1302836835384369;0.060886502265930176,-0.07508108019828796,0.05085613578557968,-0.02416560985147953
;-11.42822551727295;-6.2282488194620456e-12,0.018190333619713783,-0.8250942826271057,0.7940394878387451;0.002492292085662484,0.36995792388916016,0.41674795746803284,-0.13100466132164001;0.06158330664038658,-0.07516565918922424,0.050831787288188934,-0.024203911423683167
;-11.561625480651855;-6.658669275683149e-12,0.018228288739919662,-0.8206438422203064,0.7931135296821594;0.0024332874454557896,0.36985304951667786,0.41804155707359314,-0.13173213601112366;0.06229278817772865,-0.0752507895231247,0.05080743134021759,-0.024242475628852844
;-11.695956230163574;-7.121621001249245e-12,0.018265455961227417,-0.8161283135414124,0.7921688556671143;0.002375276992097497,0.369747132062912,0.41934552788734436,-0.1324661821126938;0.0630151703953743,-0.07533647119998932,0.05078304931521416,-0.02428130991756916
;-11.831230163574219;-7.619776337675077e-12,0.018301784992218018,-0.8115471601486206,0.7912050485610962;0.002318245591595769,0.3696399927139282,0.4206598103046417,-0.1332070678472519;0.06375084817409515,-0.07542271167039871,0.05075865983963013,-0.024320412427186966
;-11.967459678649902;-8.156046150953333e-12,0.01833723485469818,-0.8069003820419312,0.7902219295501709;0.0022621871903538704,0.3695318102836609,0.4219846725463867,-0.1339547485113144;0.06450008600950241,-0.07550952583551407,0.050734248012304306,-0.024359794333577156
;-12.104658126831055;-8.73359717878941e-12,0.018371758982539177,-0.8021873235702515,0.7892191410064697;0.0022070903796702623,0.36942240595817566,0.4233202040195465,-0.13470938801765442;0.06526323407888412,-0.07559691369533539,0.05070982500910759,-0.024399451911449432
;-12.242836952209473;-9.355865908389216e-12,0.018405303359031677,-0.7974083423614502,0.788196325302124;0.002152949571609497,0.3693118393421173,0.4246666729450226,-0.13547106087207794;0.06604067236185074,-0.07568487524986267,0.05068537965416908,-0.02443939447402954
;-12.38200855255127;-1.002661755705736e-11,0.018437817692756653,-0.7925630807876587,0.7871530652046204;0.0020997514948248863,0.36920008063316345,0.42602407932281494,-0.1362399011850357;0.06683272868394852,-0.07577343285083771,0.05066091939806938,-0.024479622021317482
;-12.522185325622559;-1.0749954745814527e-11,0.018469251692295074,-0.7876514792442322,0.7860894799232483;0.0020474905613809824,0.3690870702266693,0.4273926913738251,-0.13701599836349487;0.06763981282711029,-0.0758625864982605,0.05063644424080849,-0.024520140141248703
;-12.66338062286377;-1.1530340050802668e-11,0.018499555066227913,-0.7826732993125916,0.785004734992981;0.0019961551297456026,0.36897286772727966,0.42877262830734253,-0.1377994567155838;0.06846225261688232,-0.07595234364271164,0.0506119579076767,-0.024560950696468353
;-12.8056058883667;-1.2372645442904062e-11,0.018528666347265244,-0.7776289582252502,0.7838987708091736;0.0019457392627373338,0.36885741353034973,0.4301641285419464,-0.13859044015407562;0.06930043548345566,-0.07604271173477173,0.05058744549751282,-0.02460205927491188
;-12.948873519897461;-1.3282211268339505e-11,0.01855652779340744,-0.7725181579589844,0.7827714085578918;0.0018962316680699587,0.36874061822891235,0.4315672814846039,-0.13938894867897034;0.07015479356050491,-0.07613369822502136,0.05056292563676834,-0.024643467739224434
;-13.093196868896484;-1.4264829768795284e-11,0.018583077937364578,-0.7673411965370178,0.7816222310066223;0.001847625244408846,0.3686225712299347,0.4329822063446045,-0.14019516110420227;0.07102576643228531,-0.07622531801462173,0.050538383424282074,-0.02468518167734146
;-13.238588333129883;-1.5326861307896067e-11,0.01860826648771763,-0.7620978951454163,0.7804505228996277;0.0017999116098508239,0.3685031533241272,0.43440917134284973,-0.1410091668367386;0.07191367447376251,-0.07631755620241165,0.050513822585344315,-0.024727201089262962
;-13.385059356689453;-1.6475263861503997e-11,0.01863202452659607,-0.7567888498306274,0.7792565226554871;0.0017530808690935373,0.36838239431381226,0.43584832549095154,-0.14183105528354645;0.07281900197267532,-0.0764104500412941,0.05048925057053566,-0.024769533425569534
;-13.532624244689941;-1.771763638580559e-11,0.01865428499877453,-0.7514140605926514,0.7780393362045288;0.0017071235924959183,0.36826029419898987,0.4372997581958771,-0.14265558123588562;0.07374224811792374,-0.0765041634440422,0.05046401545405388,-0.024812180548906326
;-13.681294441223145;-1.906226565484559e-11,0.01867499016225338,-0.7459735870361328,0.776799201965332;0.00166203489061445,0.36813679337501526,0.4387637674808502,-0.14348815381526947;0.07468382269144058,-0.07659852504730225,0.05043875798583031,-0.024855148047208786
;-13.83108139038086;-2.051826764049025e-11,0.018694069236516953,-0.7404680252075195,0.7755355834960938;0.0016178012592718005,0.36801186203956604,0.44024041295051575,-0.14433437585830688;0.07564418017864227,-0.07669337838888168,0.050414133816957474,-0.024898435920476913
;-13.9819974899292;-2.2095627411067298e-11,0.01871146261692047,-0.734897792339325,0.774247944355011;0.0015744175761938095,0.3678855299949646,0.4417300224304199,-0.14518897235393524;0.07662380486726761,-0.07678890228271484,0.05038949102163315,-0.024942051619291306
;-14.134056091308594;-2.3805213009153725e-11,0.01872708834707737,-0.7292627096176147,0.7729363441467285;0.0015318755758926272,0.3677577078342438,0.44323256611824036,-0.14604651927947998;0.07762323319911957,-0.07688528299331665,0.050364185124635696,-0.024985991418361664
;-14.28726863861084;-2.5659028721203292e-11,0.018740884959697723,-0.7235637903213501,0.7715998888015747;0.001490164315328002,0.36762839555740356,0.44474831223487854,-0.14690710604190826;0.07864293456077576,-0.0769825130701065,0.05033820867538452,-0.025030268356204033
;-14.44164752960205;-2.76701734441831e-11,0.01875278353691101,-0.7178012728691101,0.7702386379241943;0.0014492779737338424,0.3674975037574768,0.4462776482105255,-0.14778728783130646;0.07968342304229736,-0.07708010077476501,0.050313521176576614,-0.025074882432818413
;-14.597204208374023;-2.9853054056561135e-11,0.018762702122330666,-0.711975634098053,0.768852174282074;0.001409205375239253,0.36736515164375305,0.44782039523124695,-0.14866523444652557;0.08074528723955154,-0.0771787241101265,0.050287507474422455,-0.025119833648204803
;-14.753951072692871;-3.2223505114226114e-11,0.018770581111311913,-0.7060878276824951,0.7674401998519897;0.0013699410483241081,0.36723122000694275,0.44937703013420105,-0.14955751597881317;0.08182912319898605,-0.07727789133787155,0.05026213452219963,-0.02516513131558895
;-14.91189956665039;-3.479878885048748e-11,0.01877633109688759,-0.7001380324363708,0.7660021781921387;0.0013314745156094432,0.3670957088470459,0.450947642326355,-0.15045322477817535;0.08293532580137253,-0.07737793028354645,0.050236091017723083,-0.025210775434970856
;-15.071062088012695;-3.7598021918050506e-11,0.018779881298542023,-0.6941273212432861,0.7645379900932312;0.0012937970459461212,0.36695852875709534,0.4525323212146759,-0.15135794878005981;0.08406460285186768,-0.07747870683670044,0.050210025161504745,-0.025256766006350517
;-15.231447219848633;-4.0642128551482415e-11,0.018781160935759544,-0.6880562901496887,0.7630472183227539;0.001256901421584189,0.366819828748703,0.4541313648223877,-0.15228302776813507;0.08521759510040283,-0.07757985591888428,0.05018524453043938,-0.025303112342953682
;-15.393070220947266;-4.395410424518076e-11,0.018780089914798737,-0.6819256544113159,0.7615295052528381;0.0012207787949591875,0.3666793704032898,0.45574498176574707,-0.15320615470409393;0.08639481663703918,-0.07768207788467407,0.05015914887189865,-0.0253498163074255
;-15.555940628051758;-4.755933494249298e-11,0.01877659186720848,-0.6757365465164185,0.7599843740463257;0.001185419736430049,0.3665372431278229,0.4573732614517212,-0.1541386842727661;0.08759696036577225,-0.07778505980968475,0.050133030861616135,-0.025396881625056267
;-15.720069885253906;-5.14856421385268e-11,0.018770596012473106,-0.6694895625114441,0.758411705493927;0.0011508164461702108,0.36639347672462463,0.45901647210121155,-0.15508060157299042;0.08882468938827515,-0.07788877189159393,0.05010689049959183,-0.025444304570555687
;-15.885469436645508;-5.5763699213784435e-11,0.018762018531560898,-0.6631857752799988,0.7568110227584839;0.0011169601930305362,0.36624789237976074,0.46067479252815247,-0.15603217482566833;0.09007862955331802,-0.0779932513833046,0.050080735236406326,-0.025492098182439804
;-16.052148818969727;-6.042726041766144e-11,0.018750792369246483,-0.6568262577056885,0.7551819682121277;0.0010838437592610717,0.36610063910484314,0.4623483121395111,-0.15699335932731628;0.09135948866605759,-0.07809847593307495,0.05005456507205963,-0.025540262460708618
;-16.22011947631836;-6.551360842710352e-11,0.018736837431788445,-0.6504121422767639,0.7535241842269897;0.0010514569003134966,0.3659515380859375,0.4640374183654785,-0.15796437859535217;0.09266792982816696,-0.07820449024438858,0.05002836883068085,-0.02558879554271698
;-16.38939094543457;-7.106373822729495e-11,0.018720079213380814,-0.6439443826675415,0.7518375515937805;0.0010197903029620647,0.3658005893230438,0.46574217081069946,-0.1589452624320984;0.09400472044944763,-0.0783112645149231,0.05000215768814087,-0.025637706741690636
;-16.559974670410156;-7.712286365091359e-11,0.01870044507086277,-0.6374245285987854,0.7501213550567627;0.0009888376807793975,0.3656477928161621,0.4674627482891083,-0.15993617475032806;0.09537059813737869,-0.07841881364583969,0.0499759241938591,-0.025686994194984436
;-16.73188018798828;-8.374090310070414e-11,0.018677864223718643,-0.630853533744812,0.7483755350112915;0.0009585884981788695,0.3654930889606476,0.46919938921928406,-0.16093720495700836;0.09676632285118103,-0.07852715253829956,0.049949679523706436,-0.025736667215824127
;-16.905115127563477;-9.097281955527947e-11,0.018652256578207016,-0.6242328882217407,0.7465996146202087;0.0009290346642956138,0.365336537361145,0.47095224261283875,-0.16194844245910645;0.09819269180297852,-0.0786362960934639,0.04992340877652168,-0.02578672394156456
;-17.079692840576172;-9.887948793085855e-11,0.01862356625497341,-0.6175640225410461,0.7447932958602905;0.0009001677390187979,0.36517801880836487,0.47272157669067383,-0.16296999156475067;0.09965051710605621,-0.07874622195959091,0.04989711940288544,-0.025837168097496033
;-17.2556209564209;-1.0752807672043119e-10,0.018591711297631264,-0.6108483672142029,0.7429563403129578;0.0008719773613847792,0.36501747369766235,0.47450748085975647,-0.1640019565820694;0.10114060342311859,-0.0788569524884224,0.049870818853378296,-0.025887999683618546
;-17.43290901184082;-1.1699269331089113e-10,0.018556637689471245,-0.6040873527526855,0.7410880923271179;0.0008444570121355355,0.36485499143600464,0.47631025314331055,-0.16504450142383575;0.10266374796628952,-0.07896848767995834,0.049844495952129364,-0.025939226150512695
;-17.6115665435791;-1.2735523746698618e-10,0.018518276512622833,-0.5972825288772583,0.7391886711120605;0.0008175960974767804,0.3646904528141022,0.4781300127506256,-0.16609761118888855;0.10422094166278839,-0.07908084243535995,0.04981815069913864,-0.02599084936082363
;-17.79159927368164;-1.3870646298208555e-10,0.018476568162441254,-0.5904356241226196,0.7372575402259827;0.0007913864101283252,0.36452385783195496,0.479966938495636,-0.1671614944934845;0.10581301897764206,-0.07919402420520782,0.04979179427027702,-0.026042869314551353
;-17.973020553588867;-1.5114669238425193e-10,0.01843145675957203,-0.5835483074188232,0.7352941632270813;0.0007658186368644238,0.3643551170825958,0.4818212687969208,-0.16823624074459076;0.10744090378284454,-0.07930802553892136,0.049765411764383316,-0.02609529346227646
;-18.15583610534668;-1.647867120535551e-10,0.018382884562015533,-0.5766226053237915,0.7332984805107117;0.0007408835808746517,0.3641843795776367,0.48369312286376953,-0.16932184994220734;0.10910557955503464,-0.07942285388708115,0.049739010632038116,-0.02614811807870865
;-18.34005355834961;-1.7974932653430642e-10,0.018330805003643036,-0.569659948348999,0.7312699556350708;0.000716573151294142,0.36401134729385376,0.48558273911476135,-0.17041857540607452;0.110807865858078,-0.07953851670026779,0.049712590873241425,-0.02620134875178337
;-18.525680541992188;-1.9617052426923465e-10,0.018275171518325806,-0.5626624226570129,0.7292084693908691;0.0006928774528205395,0.36383622884750366,0.4874902367591858,-0.17152635753154755;0.11254888772964478,-0.0796550065279007,0.04968615993857384,-0.026254987344145775
;-18.712726593017578;-2.1420100415614485e-10,0.01821594312787056,-0.5556320548057556,0.7271135449409485;0.0006697873468510807,0.3636588454246521,0.48941585421562195,-0.17264539003372192;0.11432971805334091,-0.07977235317230225,0.04965970292687416,-0.02630903385579586
;-18.90119743347168;-2.3400772986015284e-10,0.018153073266148567,-0.5485706329345703,0.7249849438667297;0.0006472938694059849,0.36347925662994385,0.49135977029800415,-0.17377573251724243;0.11615131050348282,-0.07989054918289185,0.04963323101401329,-0.026363495737314224
;-19.09109878540039;-2.5577545637034405e-10,0.018086537718772888,-0.5414804220199585,0.7228224873542786;0.0006253885221667588,0.36329731345176697,0.4933221936225891,-0.17491747438907623;0.1180146187543869,-0.0800095871090889,0.04960673674941063,-0.026418369263410568
;-19.282440185546875;-2.79709366779457e-10,0.01801629550755024,-0.5343633890151978,0.7206257581710815;0.0006040614098310471,0.3631131649017334,0.495303213596344,-0.17607074975967407;0.11992103606462479,-0.08012948930263519,0.049580227583646774,-0.02647366002202034
;-19.47522735595703;-3.0603711231869113e-10,0.017942333593964577,-0.5272218585014343,0.7183941602706909;0.0005833024624735117,0.3629266023635864,0.4973030090332031,-0.17723563313484192;0.12187159806489944,-0.08025024831295013,0.04955369234085083,-0.026529371738433838
;-19.669466018676758;-3.3501099117039246e-10,0.017864633351564407,-0.5200576782226562,0.7161278128623962;0.0005631038802675903,0.3627376854419708,0.4993217885494232,-0.17841215431690216;0.12386735528707504,-0.08037187159061432,0.04952714219689369,-0.026585498824715614
;-19.865161895751953;-3.66911251381552e-10,0.017783183604478836,-0.5128735303878784,0.7138262987136841;0.0005434557097032666,0.3625463843345642,0.5013598203659058,-0.17960043251514435;0.1259094923734665,-0.08049435913562775,0.04950057715177536,-0.026642048731446266
;-20.06232261657715;-4.020490884659722e-10,0.017697971314191818,-0.5056717395782471,0.7114893794059753;0.0005243489285930991,0.3623526394367218,0.5034170746803284,-0.18080058693885803;0.12799936532974243,-0.08061772584915161,0.04947398230433464,-0.026699021458625793
;-20.26095199584961;-4.407697817843115e-10,0.017608990892767906,-0.4984543025493622,0.7091165781021118;0.0005057735252194107,0.3621565103530884,0.5054937601089478,-0.1820126622915268;0.13013827800750732,-0.08074196428060532,0.049447380006313324,-0.026756422594189644
;-20.461057662963867;-4.834572742140608e-10,0.017516260966658592,-0.4912239611148834,0.7067078351974487;0.00048772047739475965,0.3619577884674072,0.507590115070343,-0.18323057889938354;0.13232733309268951,-0.08086725324392319,0.049420084804296494,-0.02681424655020237
;-20.662643432617188;-5.305380024189787e-10,0.017419779673218727,-0.4839831292629242,0.7042628526687622;0.00047018067562021315,0.36175647377967834,0.5097061991691589,-0.18445433676242828;0.1345679759979248,-0.08099360764026642,0.049392104148864746,-0.026872500777244568
;-20.86571502685547;-5.824858373415509e-10,0.0173195730894804,-0.4767340421676636,0.7017810940742493;0.00045314457383938134,0.3615526854991913,0.5118421316146851,-0.18569020926952362;0.1368616223335266,-0.08112084120512009,0.0493641123175621,-0.026931187137961388
;-21.070276260375977;-6.398278573627181e-10,0.017215659841895103,-0.46947935223579407,0.6992625594139099;0.00043660233495756984,0.3613462448120117,0.5139980912208557,-0.18693827092647552;0.1392095983028412,-0.08124896883964539,0.049336086958646774,-0.02699030190706253
;-21.276330947875977;-7.031498161502725e-10,0.017108075320720673,-0.46222183108329773,0.6967070698738098;0.00042054554796777666,0.3611370921134949,0.5161743760108948,-0.18819862604141235;0.14161330461502075,-0.08137798309326172,0.04930804669857025,-0.027049848809838295
;-21.483884811401367;-7.731039142200302e-10,0.016996851190924644,-0.4549638628959656,0.6941141486167908;0.00040496443398296833,0.3609253168106079,0.5183709263801575,-0.1894713193178177;0.1440742462873459,-0.08150788396596909,0.04927998408675194,-0.02710983343422413
;-21.69293975830078;-8.504154047628276e-10,0.016882028430700302,-0.4477081596851349,0.6914836168289185;0.0003898492723237723,0.3607107996940613,0.5205879211425781,-0.19075649976730347;0.14659395813941956,-0.08163868635892868,0.04925190284848213,-0.027170250192284584
;-21.90349769592285;-9.358912533841135e-10,0.016763659194111824,-0.4404570162296295,0.6888154745101929;0.0003751915937755257,0.36049357056617737,0.5228254199028015,-0.1920541375875473;0.1491740643978119,-0.0817703902721405,0.04922379553318024,-0.02723110467195511
;-22.115564346313477;-1.0304284092654825e-9,0.016641804948449135,-0.4332132935523987,0.6861093044281006;0.0003609814739320427,0.36027348041534424,0.5250837206840515,-0.19336436688899994;0.15181584656238556,-0.08190298825502396,0.04919566959142685,-0.027292393147945404
;-22.329143524169922;-1.1350278494859367e-9,0.016516519710421562,-0.42597976326942444,0.6833648681640625;0.0003472097450867295,0.36005061864852905,0.5273627638816833,-0.19468729197978973;0.15452134609222412,-0.08203648030757904,0.04916752129793167,-0.027354121208190918
;-22.544233322143555;-1.2508024616053603e-9,0.016387872397899628,-0.4187590777873993,0.6805821657180786;0.00033386697759851813,0.3598248064517975,0.5296626687049866,-0.1960229128599167;0.15729190409183502,-0.08217088878154755,0.0491393506526947,-0.02741628885269165
;-22.760841369628906;-1.3789915875861425e-9,0.016255944967269897,-0.4115538001060486,0.677760899066925;0.0003209445858374238,0.3595961928367615,0.5319836735725403,-0.19737137854099274;0.1601293534040451,-0.08230618387460709,0.04911116883158684,-0.027478894218802452
;-22.978967666625977;-1.5209764558932193e-9,0.01612081378698349,-0.4043668210506439,0.6749008297920227;0.0003084330528508872,0.3593645393848419,0.5343258380889893,-0.19873274862766266;0.1630355566740036,-0.08244241029024124,0.04908295348286629,-0.027541939169168472
;-23.1986141204834;-1.6782938372372769e-9,0.01598256453871727,-0.39720073342323303,0.6720018982887268;0.00029632291989400983,0.35912999510765076,0.5366891622543335,-0.20010700821876526;0.16601213812828064,-0.08257952332496643,0.049054719507694244,-0.02760542556643486
;-23.419782638549805;-1.8526593592582685e-9,0.01584128849208355,-0.3900580108165741,0.6690638661384583;0.0002846057468559593,0.35889241099357605,0.5390738248825073,-0.20149429142475128;0.16906091570854187,-0.08271753787994385,0.04902646690607071,-0.027669351547956467
;-23.642475128173828;-2.0459787197779633e-9,0.01569707877933979,-0.3829417824745178,0.666086733341217;0.00027327192947268486,0.3586518168449402,0.541479766368866,-0.2028946876525879;0.17218397557735443,-0.08285648375749588,0.048998188227415085,-0.02773371897637844
;-23.866695404052734;-2.26038077144608e-9,0.015550044365227222,-0.3758544325828552,0.6630702614784241;0.00026231264928355813,0.3584080636501312,0.543907105922699,-0.20430821180343628;0.17538315057754517,-0.08299632370471954,0.04896989092230797,-0.027798529714345932
;-24.09244155883789;-2.498236950643218e-9,0.015400283969938755,-0.36879876255989075,0.6600141525268555;0.0002517193788662553,0.3581612706184387,0.5463560223579407,-0.20573493838310242;0.17866039276123047,-0.08313708007335663,0.04894157499074936,-0.02786378376185894
;-24.31971549987793;-2.7621902543017995e-9,0.015247910283505917,-0.36177724599838257,0.6569185853004456;0.00024148290685843676,0.35791122913360596,0.5488264560699463,-0.20717494189739227;0.18201787769794464,-0.08327874541282654,0.04891323670744896,-0.027929479256272316
;-24.548521041870117;-3.0551834395708966e-9,0.015093035064637661,-0.35479265451431274,0.6537832021713257;0.00023159454576671124,0.3576580584049225,0.5513184070587158,-0.2086283266544342;0.18545763194561005,-0.08342132717370987,0.04888487234711647,-0.02799561806023121
;-24.778858184814453;-3.380497437532881e-9,0.014935780316591263,-0.3478475511074066,0.650608241558075;0.00022204566630534828,0.3574015200138092,0.553831934928894,-0.21009518206119537;0.1889817714691162,-0.08356481790542603,0.04885648936033249,-0.028062202036380768
;-25.010726928710938;-3.741792653499942e-9,0.014776261523365974,-0.3409443795681,0.6473931670188904;0.0002128277119481936,0.35714173316955566,0.5563670992851257,-0.21157550811767578;0.1925925463438034,-0.0837092250585556,0.04882808402180672,-0.028129229322075844
;-25.244129180908203;-4.143147602775343e-9,0.014614604413509369,-0.33408597111701965,0.6441382169723511;0.0002039319952018559,0.3568786084651947,0.5589239001274109,-0.21306946873664856;0.19629214704036713,-0.0838545486330986,0.04879966005682945,-0.028196699917316437
;-25.479066848754883;-4.589105095931245e-9,0.014450941234827042,-0.32727450132369995,0.6408433318138123;0.00019535010505933315,0.35661211609840393,0.5615023970603943,-0.21457698941230774;0.20008283853530884,-0.08400078862905502,0.0487712137401104,-0.028264617547392845
;-25.71554183959961;-5.084735743565716e-9,0.014285390265285969,-0.32051268219947815,0.63750821352005;0.00018707361596170813,0.3563421964645386,0.5641024708747864,-0.21609829366207123;0.20396730303764343,-0.08414793759584427,0.04874274879693985,-0.02833298034965992
;-25.953554153442383;-5.63568303135753e-9,0.01411808468401432,-0.3138027787208557,0.6341329216957092;0.00017909452435560524,0.35606878995895386,0.5667240619659424,-0.21763336658477783;0.2079477608203888,-0.08429601043462753,0.048714254051446915,-0.02840178832411766
;-26.193105697631836;-6.248241035677893e-9,0.013949156738817692,-0.30714723467826843,0.6307177543640137;0.00017140471027232707,0.355791836977005,0.5693673491477966,-0.21918222308158875;0.21202677488327026,-0.08444500714540482,0.048685744404792786,-0.028471045196056366
;-26.434200286865234;-6.929429030577694e-9,0.013778739608824253,-0.30054840445518494,0.6272622346878052;0.00016399574815295637,0.3555113673210144,0.5720321536064148,-0.22073803842067719;0.21620671451091766,-0.08459509164094925,0.04865653067827225,-0.02854074537754059
;-26.676836013793945;-7.687060765704246e-9,0.013606959022581577,-0.2940084636211395,0.6237666606903076;0.0001568599254824221,0.3552272319793701,0.5747182369232178,-0.22230777144432068;0.22049060463905334,-0.0847461074590683,0.04862729087471962,-0.028610894456505775
;-26.921018600463867;-8.529839945481399e-9,0.013433951884508133,-0.28752967715263367,0.6202309131622314;0.00014998963160905987,0.3549394905567169,0.5774258971214294,-0.22388437390327454;0.22488097846508026,-0.0848982185125351,0.04859735071659088,-0.028681490570306778
;-27.166746139526367;-9.467466810519909e-9,0.013259852305054665,-0.2811141014099121,0.6166549324989319;0.00014337700849864632,0.3546481132507324,0.5801548361778259,-0.22547495365142822;0.22938032448291779,-0.08505126088857651,0.04856739193201065,-0.028752533718943596
;-27.41402244567871;-1.0510754044901205e-8,0.013084782287478447,-0.27476397156715393,0.6130388975143433;0.00013701431453227997,0.3543529212474823,0.5829049348831177,-0.2270796149969101;0.23399199545383453,-0.08520521968603134,0.04853740334510803,-0.02882402390241623
;-27.6628475189209;-1.1671740907104322e-8,0.012908878736197948,-0.2684812545776367,0.6093826293945312;0.00013089443382341415,0.3540540039539337,0.5856761932373047,-0.22869844734668732;0.2387186735868454,-0.08536011725664139,0.04850739240646362,-0.028895966708660126
;-27.913225173950195;-1.2963813134092561e-8,0.012732267379760742,-0.2622678875923157,0.6056864857673645;0.00012500977027229965,0.3537510931491852,0.5884684920310974,-0.23033156991004944;0.2435632050037384,-0.08551593124866486,0.048477355390787125,-0.028968356549739838
;-28.165159225463867;-1.4401895676030563e-8,0.012555078603327274,-0.2561258375644684,0.6019504070281982;0.00011935333895962685,0.353444367647171,0.5912818312644958,-0.23197895288467407;0.24852879345417023,-0.08567266911268234,0.048447296023368835,-0.029041199013590813
;-28.418649673461914;-1.600259835754514e-8,0.012377437204122543,-0.25005674362182617,0.5981743335723877;0.0001139179730671458,0.3531337082386017,0.5941157937049866,-0.23364081978797913;0.25361865758895874,-0.08583034574985504,0.04841721057891846,-0.029114490374922752
;-28.673704147338867;-1.7784365979878203e-8,0.012199466116726398,-0.24406258761882782,0.5943584442138672;0.00010869668767554685,0.35281902551651,0.5969704389572144,-0.23531721532344818;0.2588357925415039,-0.08598895370960236,0.048387106508016586,-0.029188236221671104
;-28.930320739746094;-1.976776609069475e-8,0.01202128641307354,-0.23814499378204346,0.590502917766571;0.00010368271614424884,0.35250020027160645,0.599845290184021,-0.23700818419456482;0.2641838788986206,-0.08614848554134369,0.048356976360082626,-0.02926243655383587
;-29.188505172729492;-2.197563020445159e-8,0.011843019165098667,-0.23230557143688202,0.5866077542304993;0.000098869510111399,0.35217735171318054,0.6027405261993408,-0.2387138456106186;0.2696661353111267,-0.08630896359682083,0.04832682013511658,-0.029337085783481598
;-29.44826316833496;-2.44333264731722e-8,0.011664770543575287,-0.22654612362384796,0.582673192024231;0.00009425047755939886,0.3518502414226532,0.60565584897995,-0.24043430387973785;0.2752857804298401,-0.08647038042545319,0.04829664155840874,-0.029412195086479187
;-29.709598541259766;-2.7169098970603045e-8,0.011486656032502651,-0.2208678424358368,0.5786991715431213;0.00008981915016192943,0.3515189290046692,0.608590841293335,-0.24216961860656738;0.2810468077659607,-0.08663272112607956,0.04826643690466881,-0.02948775887489319
;-29.972515106201172;-3.0214245327897515e-8,0.011308785527944565,-0.21527227759361267,0.5746859908103943;0.00008556938701076433,0.35118329524993896,0.6115454435348511,-0.2439199984073639;0.2869526445865631,-0.08679601550102234,0.04823620989918709,-0.02956378273665905
;-30.23702049255371;-3.360354128290055e-8,0.011131266131997108,-0.2097608745098114,0.5706337094306946;0.0000814949453342706,0.35084328055381775,0.614519476890564,-0.24568548798561096;0.2930070459842682,-0.08696026355028152,0.04820595309138298,-0.029640264809131622
;-30.50311851501465;-3.737560660965755e-8,0.010954197496175766,-0.20433492958545685,0.5665427446365356;0.00007758994615869597,0.35049888491630554,0.6175124049186707,-0.24746611714363098;0.29921406507492065,-0.08712545782327652,0.04817567765712738,-0.029717206954956055
;-30.77081871032715;-4.15732124281476e-8,0.010777674615383148,-0.1989956647157669,0.5624128580093384;0.00007384853233816102,0.3501499891281128,0.6205241680145264,-0.24926213920116425;0.30557742714881897,-0.08729160577058792,0.04814537614583969,-0.029794612899422646
;-31.040124893188477;-4.6243762596986926e-8,0.010601801797747612,-0.19374436140060425,0.5582445859909058;0.00007026505772955716,0.3497965633869171,0.6235544085502625,-0.25107356905937195;0.3121010661125183,-0.08745869994163513,0.04811505600810051,-0.029872482642531395
;-31.31104850769043;-5.1439851489476496e-8,0.010426658205688,-0.1885821521282196,0.5540379881858826;0.0000668338398099877,0.34943851828575134,0.6266027092933655,-0.25290071964263916;0.31878960132598877,-0.08762677013874054,0.04808470979332924,-0.02995082177221775
;-31.583593368530273;-5.721955886883734e-8,0.010252333246171474,-0.18351006507873535,0.5497934818267822;0.00006354956713039428,0.3490757346153259,0.6296687126159668,-0.2547435164451599;0.3256470561027527,-0.08779580146074295,0.04805433377623558,-0.030029626563191414
;-31.857772827148438;-6.364730609220715e-8,0.010078913532197475,-0.1785292774438858,0.5455108880996704;0.00006040697553544305,0.3487081825733185,0.6327522397041321,-0.2566021978855133;0.3326774835586548,-0.08796580880880356,0.04802393913269043,-0.03010890819132328
;-32.13359451293945;-7.079420072386711e-8,0.009906476363539696,-0.1736409068107605,0.5411906242370605;0.00005740084088756703,0.34833580255508423,0.6358527541160583,-0.25847694277763367;0.33988603949546814,-0.08813679218292236,0.04799351468682289,-0.030188661068677902
;-32.41106414794922;-7.873877194697343e-8,0.009735092520713806,-0.16884593665599823,0.5368329882621765;0.00005452620462165214,0.3479584753513336,0.6389698386192322,-0.26036787033081055;0.34727656841278076,-0.08830875903367996,0.047963064163923264,-0.030268892645835876
;-32.69020080566406;-8.756775571328035e-8,0.009564833715558052,-0.1641453504562378,0.5324381589889526;0.0000517781991220545,0.34757617115974426,0.6421029567718506,-0.26227515935897827;0.35485443472862244,-0.08848171681165695,0.047932595014572144,-0.0303496066480875
;-32.971012115478516;-9.737680528587589e-8,0.009395770728588104,-0.15954026579856873,0.528006374835968;0.00004915212412015535,0.3471887707710266,0.645251989364624,-0.2641988694667816;0.36262354254722595,-0.08865567296743393,0.04790210351347923,-0.030430801212787628
;-33.253509521484375;-1.0827125862533649e-7,0.009227963164448738,-0.15503168106079102,0.5235378742218018;0.000046643323003081605,0.3467961251735687,0.6484162211418152,-0.26613935828208923;0.3705897927284241,-0.0888306275010109,0.047871582210063934,-0.030512485653162003
;-33.5377082824707;-1.2036697683015518e-7,0.009061471559107304,-0.15062063932418823,0.5190329551696777;0.000044247382902540267,0.34639832377433777,0.6515950560569763,-0.2680966556072235;0.3787578344345093,-0.08900659531354904,0.04784103482961655,-0.030594661831855774
;-33.8236198425293;-1.3379151653225563e-7,0.008896349929273129,-0.14630824327468872,0.5144920945167542;0.000041959989175666124,0.3459951877593994,0.6547882556915283,-0.27007097005844116;0.38713255524635315,-0.08918358385562897,0.04781046882271767,-0.03067733161151409
;-34.111263275146484;-1.4868496123199293e-7,0.00873265229165554,-0.142095685005188,0.5099152326583862;0.000039776878111297265,0.3455865979194641,0.6579949259757996,-0.2720625400543213;0.3957196772098541,-0.08936160057783127,0.0477798692882061,-0.030760498717427254
;-34.4006462097168;-1.6520064605174412e-7,0.008570424281060696,-0.13798411190509796,0.5053028464317322;0.00003769398244912736,0.3451724946498871,0.6612145304679871,-0.2740715742111206;0.4045242965221405,-0.08954064548015594,0.04774925112724304,-0.030844172462821007
;-34.69179153442383;-1.835070264633032e-7,0.0084097133949399,-0.1339748501777649,0.5006552338600159;0.000035707409551832825,0.34475281834602356,0.6644467115402222,-0.27609825134277344;0.41355159878730774,-0.08972074836492538,0.047718606889247894,-0.030928349122405052
;-34.984710693359375;-2.0378799092668487e-7,0.008250556886196136,-0.13006925582885742,0.4959726929664612;0.00003381327769602649,0.3443274199962616,0.6676905751228333,-0.2781428098678589;0.42280805110931396,-0.0899018943309784,0.047687940299510956,-0.031013039872050285
;-35.279422760009766;-2.2624470830123755e-7,0.008092992007732391,-0.12626875936985016,0.49125567078590393;0.000032007945264922455,0.34389612078666687,0.6709454655647278,-0.2802053689956665;0.4322986602783203,-0.09008411318063736,0.04765725135803223,-0.031098248437047005
;-35.57594680786133;-2.510963383883791e-7,0.007937056943774223,-0.12257497012615204,0.4865042567253113;0.00003028774881386198,0.3434589207172394,0.6742108464241028,-0.2822864055633545;0.4420294463634491,-0.09026740491390228,0.04762653261423111,-0.031183982267975807
;-35.87430191040039;-2.7858143880621355e-7,0.007782780099660158,-0.11898939311504364,0.48171913623809814;0.000028649292289628647,0.3430157005786896,0.6774859428405762,-0.28438594937324524;0.45200636982917786,-0.09045177698135376,0.0475957877933979,-0.03127024322748184
;-36.17451095581055;-3.0895967029209714e-7,0.007630190812051296,-0.11551369726657867,0.4769003093242645;0.00002708918873395305,0.3425663113594055,0.6807698011398315,-0.28650426864624023;0.4622355103492737,-0.09063725918531418,0.047565020620822906,-0.03135703504085541
;-36.476585388183594;-3.4251232250426256e-7,0.00747931282967329,-0.11214946210384369,0.47204822301864624;0.00002560420034569688,0.34211069345474243,0.6840617656707764,-0.28864172101020813;0.47272273898124695,-0.09082385152578354,0.04753423109650612,-0.03144437074661255
;-36.78055191040039;-3.7954447407173575e-7,0.007330171298235655,-0.10889820009469986,0.46716344356536865;0.000024191211196011864,0.3416486978530884,0.6873608827590942,-0.29079848527908325;0.48347482085227966,-0.09101156145334244,0.04750341549515724,-0.03153224661946297
;-37.0864372253418;-4.203848504857888e-7,0.007182785775512457,-0.1057613417506218,0.46224603056907654;0.00002284717993461527,0.34118032455444336,0.6906661987304688,-0.2929747700691223;0.4944979250431061,-0.09120040386915207,0.04747257009148598,-0.031620677560567856
;-37.394256591796875;-4.653878988847282e-7,0.0070371744222939014,-0.10273987054824829,0.45729660987854004;0.000021569185264525004,0.3407052457332611,0.6939769387245178,-0.29516226053237915;0.5057980418205261,-0.09139059484004974,0.04744100198149681,-0.031709663569927216
;-37.704044342041016;-5.149357207301364e-7,0.0068933479487895966,-0.0998343974351883,0.45231541991233826;0.000020354424123070203,0.34022343158721924,0.6972920298576355,-0.2973697781562805;0.5173822641372681,-0.09158193320035934,0.04740941524505615,-0.03179921954870224
;-38.01581573486328;-5.694359401786642e-7,0.006751319859176874,-0.09704484045505524,0.4473029375076294;0.000019200182578060776,0.3397347331047058,0.7006103992462158,-0.299606591463089;0.5292569994926453,-0.09177426993846893,0.04737849161028862,-0.03188934549689293
;-38.3296012878418;-6.2932474520494e-7,0.0066111041232943535,-0.09437025338411331,0.44225946068763733;0.00001810382127587218,0.33923909068107605,0.7039310932159424,-0.3018552362918854;0.541428804397583,-0.09196799248456955,0.04734684154391289,-0.03198005259037018
;-38.64543914794922;-6.950673991923395e-7,0.0064727021381258965,-0.09180865436792374,0.4371853172779083;0.000017062810002244078,0.3387361764907837,0.7072526812553406,-0.30411598086357117;0.5539050102233887,-0.09216312319040298,0.047314468771219254,-0.032071348279714584
;-38.96335220336914;-7.67156336678454e-7,0.0063361236825585365,-0.08935678750276566,0.43208080530166626;0.00001607472040632274,0.3382260799407959,0.7105740308761597,-0.3064160943031311;0.566692054271698,-0.09235908836126328,0.04728347808122635,-0.032163240015506744
;-39.28337860107422;-8.461144602733839e-7,0.006201370153576136,-0.08701015263795853,0.4269462823867798;0.00001513718507339945,0.33770841360092163,0.7138938903808594,-0.3087199032306671;0.5797974467277527,-0.09255668520927429,0.04725104570388794,-0.03225574269890785
;-39.60554504394531;-9.324912184638379e-7,0.0060684457421302795,-0.08476270735263824,0.42178216576576233;0.00001424796755600255,0.3371831774711609,0.7172110080718994,-0.3110641539096832;0.5932270288467407,-0.09275518357753754,0.047220002859830856,-0.032348860055208206
;-39.929901123046875;-0.0000010268578307659482,0.0059373462572693825,-0.08260736614465714,0.41658878326416016;0.00001340486869594315,0.33665016293525696,0.7205237746238708,-0.313412606716156;0.6069895625114441,-0.0929553434252739,0.04718751832842827,-0.032442606985569
;-40.25648498535156;-0.0000011283090088909375,0.005808073095977306,-0.08053584396839142,0.4113665521144867;0.00001260579392692307,0.3361092209815979,0.7238308191299438,-0.3157931864261627;0.6210909485816956,-0.09315662831068039,0.0471557080745697,-0.03253699094057083
;-40.5853385925293;-0.0000012347137499091332,0.005680618807673454,-0.07853920757770538,0.40611532330513;0.000011848709618789144,0.3355602025985718,0.7271302342414856,-0.3182068467140198;0.6355397701263428,-0.0933590680360794,0.04712458327412605,-0.03263203054666519
;-40.91651153564453;-0.000001347215174973826,0.005554982461035252,-0.07660806179046631,0.40083566308021545;0.000011131693099741824,0.33500275015830994,0.7304207682609558,-0.3206445574760437;0.6503425240516663,-0.09356287121772766,0.04709343984723091,-0.03272773325443268
;-41.250057220458984;-0.0000014663044112239731,0.005431152880191803,-0.07473321259021759,0.39552780985832214;0.00001045287172019016,0.3344368040561676,0.7337000966072083,-0.32310688495635986;0.6655072569847107,-0.09376807510852814,0.04706226661801338,-0.032824113965034485
;-41.586021423339844;-0.0000015924310901027638,0.005309126805514097,-0.07290594279766083,0.3901917636394501;0.000009810458323045168,0.3338620364665985,0.7369667887687683,-0.32559454441070557;0.6810406446456909,-0.09397470206022263,0.047031063586473465,-0.032921191304922104
;-41.924461364746094;-0.000001726004029478645,0.005188888404518366,-0.07111815363168716,0.3848278522491455;0.000009202728506352287,0.3332783579826355,0.740218460559845,-0.32809844613075256;0.6969506144523621,-0.09418298304080963,0.04699912667274475,-0.03301897644996643
;-42.265438079833984;-0.000001867395440058317,0.0050704325549304485,-0.06936301290988922,0.3794362246990204;0.000008628041541669518,0.33268553018569946,0.7434535026550293,-0.33062875270843506;0.7132444381713867,-0.09439276158809662,0.046967167407274246,-0.033117491751909256
;-42.60900115966797;-0.000002016937742155278,0.004953744355589151,-0.06763463467359543,0.37401697039604187;0.00000808484765002504,0.33208322525024414,0.7466694712638855,-0.33318597078323364;0.7299293279647827,-0.09460404515266418,0.04693518579006195,-0.03321674466133118
;-42.95521545410156;-0.0000021749108327639988,0.004838813096284866,-0.06592840701341629,0.3685704171657562;0.000007571592504973523,0.3314712345600128,0.7498641610145569,-0.33577072620391846;0.7470123767852783,-0.0948169007897377,0.04690316319465637,-0.03331676125526428
;-43.30413818359375;-0.000002341559365959256,0.0047256252728402615,-0.06424082070589066,0.3630966246128082;0.000007086855475790799,0.33084943890571594,0.7530351877212524,-0.3383936583995819;0.7645001411437988,-0.09503117203712463,0.04687183350324631,-0.03341755270957947
;-43.65583419799805;-0.000002517074335628422,0.004614167381078005,-0.06256940215826035,0.35759568214416504;0.0000066292604969930835,0.3302173912525177,0.7561801671981812,-0.34103575348854065;0.7823987007141113,-0.09524725377559662,0.04683976620435715,-0.033519137650728226
;-44.01036834716797;-0.000002701584662645473,0.004504424519836903,-0.06091252714395523,0.3520679175853729;0.000006197466063895263,0.32957491278648376,0.7592964172363281,-0.3436974287033081;0.800714910030365,-0.09546520560979843,0.04680696129798889,-0.03362153843045235
;-44.3677978515625;-0.0000028951524200238055,0.004396380856633186,-0.05926935374736786,0.3465133607387543;0.000005790225714008557,0.32892173528671265,0.7623813152313232,-0.3463892936706543;0.8194541335105896,-0.09568485617637634,0.04677412658929825,-0.033724766224622726
;-44.72818374633789;-0.00000309777306028991,0.004290024749934673,-0.05763958394527435,0.3409324884414673;0.000005406339823821327,0.32825762033462524,0.7654323577880859,-0.34911203384399414;0.8386207818984985,-0.09590626507997513,0.04674126207828522,-0.033828847110271454
;-45.09158706665039;-0.0000033093483580159955,0.004185337107628584,-0.05602341145277023,0.3353251814842224;0.000005044641966378549,0.3275821805000305,0.7684462070465088,-0.35186639428138733;0.8582199215888977,-0.09612943977117538,0.0467083714902401,-0.033933792263269424
;-45.45807647705078;-0.0000035296914120408474,0.004082303494215012,-0.05442136526107788,0.3296917974948883;0.000004704015282186447,0.32689520716667175,0.7714199423789978,-0.35465309023857117;0.8782550096511841,-0.09635443240404129,0.04667544737458229,-0.03403962403535843
;-45.82770538330078;-0.0000037585086829494685,0.003980909939855337,-0.05283422768115997,0.32403266429901123;0.0000043834306779899634,0.32619643211364746,0.7743508219718933,-0.357472687959671;0.8987282514572144,-0.09658128023147583,0.046642500907182693,-0.03414635732769966
;-46.20053482055664;-0.000003995394763478544,0.003881138516589999,-0.051262956112623215,0.3183480203151703;0.000004081864972249605,0.3254855275154114,0.7772347927093506,-0.36032596230506897;0.9196422100067139,-0.0968100056052208,0.04660952463746071,-0.034254007041454315
;-46.57661819458008;-0.000004239814188622404,0.003782972926273942,-0.04970856010913849,0.31263819336891174;0.0000037983629681548337,0.32476216554641724,0.7800687551498413,-0.3632134199142456;0.9409967064857483,-0.09704066812992096,0.046576522290706635,-0.03436259552836418
;-46.956016540527344;-0.000004491088930080878,0.00368639943189919,-0.04817216843366623,0.3069033920764923;0.0000035320108509040438,0.32402610778808594,0.7828491926193237,-0.3661361038684845;0.9627906084060669,-0.09727327525615692,0.04654349014163017,-0.034472133964300156
;-47.33878707885742;-0.000004748408173327334,0.0035914015024900436,-0.0466548390686512,0.3011441230773926;0.0000032819127682159888,0.32327699661254883,0.7855719327926636,-0.36909446120262146;0.985022783279419,-0.09750787913799286,0.04651042819023132,-0.03458264470100403
;-47.724971771240234;-0.000005010786935599754,0.0034979619085788727,-0.04515768215060234,0.29536065459251404;0.000003047231757591362,0.32251453399658203,0.7882330417633057,-0.37208911776542664;1.0076885223388672,-0.09774449467658997,0.046477336436510086,-0.034694135189056396
;-48.1146240234375;-0.000005277053332974901,0.003406066447496414,-0.04368177056312561,0.28955376148223877;0.0000028271761038922705,0.32173848152160645,0.79082852602005,-0.3751208186149597;1.030781865119934,-0.09798315912485123,0.04644422605633736,-0.03480663150548935
;-48.507781982421875;-0.000005545904514292488,0.003315699053928256,-0.04222807660698891,0.2837236821651459;0.0000026209670522803208,0.32094839215278625,0.7933534383773804,-0.378200888633728;1.0542961359024048,-0.0982237160205841,0.046411797404289246,-0.03492013365030289
;-48.90449523925781;-0.0000058158284446108155,0.0032268469221889973,-0.04079759493470192,0.2778712213039398;0.0000024278790533571737,0.3201441168785095,0.7958038449287415,-0.38130828738212585;1.078220248222351,-0.09846655279397964,0.046378619968891144,-0.0350346565246582
;-49.30480194091797;-0.000006085125278332271,0.003139493754133582,-0.03939119353890419,0.27199673652648926;0.000002247203156002797,0.31932535767555237,0.7981745004653931,-0.3844543993473053;1.1025422811508179,-0.0987115129828453,0.04634542018175125,-0.03515021875500679
;-49.70872497558594;-0.000006351934189297026,0.003053625114262104,-0.03800969570875168,0.26610100269317627;0.0000020782740648428444,0.31849172711372375,0.8004602789878845,-0.38765081763267517;1.12724769115448,-0.09895842522382736,0.04631291702389717,-0.035266827791929245
;-50.116294860839844;-0.000006614199719479075,0.0029692277312278748,-0.03665391355752945,0.26018476486206055;0.0000019204569525754778,0.3176429271697998,0.8026559948921204,-0.39087575674057007;1.1523181200027466,-0.09920770674943924,0.046279653906822205,-0.035384487360715866
;-50.52752685546875;-0.000006869667231512722,0.0028862881008535624,-0.03532451018691063,0.25424888730049133;0.000001773133249116654,0.3167787492275238,0.8047561049461365,-0.3941519260406494;1.1777316331863403,-0.0994589552283287,0.04624709114432335,-0.03550320863723755
;-50.942440032958984;-0.000007115951120795216,0.002804793417453766,-0.03402214124798775,0.24829426407814026;0.0000016357242884623702,0.3158988654613495,0.8067546486854553,-0.3974573314189911;1.2034647464752197,-0.09971259534358978,0.0462137795984745,-0.03562299534678459
;-51.361026763916016;-0.000007350600753852632,0.0027247313410043716,-0.03274737298488617,0.24232208728790283;0.000001507673118794628,0.3150031268596649,0.8086457848548889,-0.4008260667324066;1.229488492012024,-0.09996801614761353,0.04618188738822937,-0.035743847489356995
;-51.783294677734375;-0.0000075710472628998104,0.0026460897643119097,-0.03150072321295738,0.23633326590061188;0.0000013884480267734034,0.31409120559692383,0.8104228973388672,-0.4042128622531891;1.2557713985443115,-0.1002260223031044,0.04614851623773575,-0.03586576506495476
;-52.209224700927734;-0.000007774622645229101,0.002568859374150634,-0.030282659456133842,0.2303290218114853;0.0000012775398090525414,0.3131628632545471,0.8120800256729126,-0.4076405465602875;1.282275915145874,-0.10048621147871017,0.04611511528491974,-0.03598874807357788
;-52.6387939453125;-0.000007958602509461343,0.002493026666343212,-0.029093582183122635,0.22431078553199768;0.0000011744648418243742,0.3122180104255676,0.8136098980903625,-0.4111091196537018;1.3089625835418701,-0.10074857622385025,0.04608168452978134,-0.03611278906464577
;-53.07196044921875;-0.00000812043890618952,0.0024185834918171167,-0.027933863922953606,0.21827992796897888;0.0000010787606470330502,0.3112563490867615,0.8150054812431335,-0.4146183431148529;1.3357861042022705,-0.10101309418678284,0.046048227697610855,-0.03623788058757782
;-53.50868225097656;-0.000008257652552856598,0.002345521003007889,-0.026803797110915184,0.21223804354667664;9.899910082822316e-7,0.3102777600288391,0.8162598013877869,-0.4181680381298065;1.3626956939697266,-0.10127974301576614,0.04601473733782768,-0.03636401146650314
;-53.948890686035156;-0.000008367822374566458,0.002273830119520426,-0.02570364810526371,0.20618683099746704;9.077343179342279e-7,0.30928218364715576,0.8173649311065674,-0.4217578172683716;1.3896374702453613,-0.10154849290847778,0.04598122462630272,-0.036491163074970245
;-54.392513275146484;-0.0000084489474829752,0.002203503856435418,-0.024633634835481644,0.2001282423734665;8.315889203913684e-7,0.30826959013938904,0.818313479423523,-0.4253871440887451;1.4165505170822144,-0.10181929171085358,0.04594768211245537,-0.036619313061237335
;-54.83945846557617;-0.000008499149771523662,0.002134535228833556,-0.023593932390213013,0.1940641552209854;7.611756132064329e-7,0.307239830493927,0.8190973401069641,-0.4290553629398346;1.44336998462677,-0.10209209471940994,0.04591410607099533,-0.03674844279885292
;-55.28961181640625;-0.000008516966772731394,0.0020669172517955303,-0.022584663704037666,0.18799695372581482;6.961323038012779e-7,0.30619293451309204,0.819708526134491,-0.43276160955429077;1.4700266122817993,-0.10236683487892151,0.045880503952503204,-0.03687851503491402
;-55.742855072021484;-0.000008501521733705886,0.002000644104555249,-0.02160590887069702,0.18192876875400543;6.361144073707692e-7,0.3051289916038513,0.8201383948326111,-0.436504989862442;1.4964451789855957,-0.1026434674859047,0.04584687575697899,-0.03700950741767883
;-56.199039459228516;-0.000008452275324088987,0.0019357118289917707,-0.0206577368080616,0.17586234211921692;5.807928573631216e-7,0.3040481209754944,0.8203791379928589,-0.4402841031551361;1.5225450992584229,-0.10292188823223114,0.045813217759132385,-0.03714137151837349
;-56.65800857543945;-0.000008369266652152874,0.0018721147207543254,-0.019740145653486252,0.16980025172233582;5.298581982060568e-7,0.3029504716396332,0.820421576499939,-0.44409769773483276;1.548243522644043,-0.10320202261209488,0.045779526233673096,-0.0372740663588047
;-57.11957550048828;-0.000008252998668467626,0.0018098494037985802,-0.018853064626455307,0.16374535858631134;4.830131956623518e-7,0.3018362522125244,0.8202572464942932,-0.4479442536830902;1.5734517574310303,-0.10348374396562576,0.045745812356472015,-0.037407539784908295
;-57.58354568481445;-0.000008104719199764077,0.0017489133169874549,-0.017996421083807945,0.15770067274570465;4.3997883381052816e-7,0.30070579051971436,0.8198775053024292,-0.451821893453598;1.598077416419983,-0.10376698523759842,0.04571206122636795,-0.037541743367910385
;-58.04969787597656;-0.000007926117177703418,0.0016893022693693638,-0.017170075327157974,0.15166939795017242;4.004889149200608e-7,0.2995593547821045,0.8192738890647888,-0.4557284414768219;1.622025728225708,-0.10405157506465912,0.045678284019231796,-0.0376766100525856
;-58.517791748046875;-0.000007719467248534784,0.001631014863960445,-0.016373852267861366,0.1456550657749176;3.642931289959961e-7,0.2983974814414978,0.8184376358985901,-0.45966190099716187;1.6451992988586426,-0.1043374091386795,0.04564448073506355,-0.03781207278370857
;-58.98756790161133;-0.00000748740922063007,0.0015740473754703999,-0.015607517212629318,0.13966107368469238;3.3115253472715267e-7,0.2972205877304077,0.8173597455024719,-0.46361973881721497;1.6674996614456177,-0.10462432354688644,0.04561064764857292,-0.03794806823134422
;-59.45874786376953;-0.000007233132237161044,0.0015183989889919758,-0.014870792627334595,0.13369134068489075;3.0084447644185275e-7,0.29602932929992676,0.8160327076911926,-0.46759912371635437;1.688825249671936,-0.104912169277668,0.0455767847597599,-0.03808450698852539
;-59.9310302734375;-0.000006960014616197441,0.0014640663284808397,-0.014163359068334103,0.12774959206581116;2.731561608015909e-7,0.2948243021965027,0.8144476413726807,-0.47159746289253235;1.7090790271759033,-0.10520076006650925,0.045542892068624496,-0.03822130709886551
;-60.40410614013672;-0.00000667168797008344,0.0014110477641224861,-0.013484844006597996,0.12183980643749237;2.4788917585283343e-7,0.2936062812805176,0.812597393989563,-0.4756114184856415;1.728161334991455,-0.10548993200063705,0.045508965849876404,-0.03835838660597801
;-60.87763595581055;-0.000006371939434757223,0.0013593403855338693,-0.012834818102419376,0.11596620082855225;2.248563930606906e-7,0.29237601161003113,0.8104740381240845,-0.47963765263557434;1.7459766864776611,-0.10577946901321411,0.04547501355409622,-0.03849564120173454
;-61.35127258300781;-0.000006064432000130182,0.0013089407002553344,-0.012212817557156086,0.11013296246528625;2.0388154098327504e-7,0.29113441705703735,0.8080703020095825,-0.48367276787757874;1.762433648109436,-0.10606920719146729,0.04544103518128395,-0.03863298520445824
;-61.82465362548828;-0.000005752992365160026,0.0012598457979038358,-0.01161832083016634,0.10434436053037643;1.8479978791674512e-7,0.28988245129585266,0.8053802251815796,-0.4877129793167114;1.7774460315704346,-0.10635890811681747,0.045407023280858994,-0.03877030313014984
;-62.297401428222656;-0.0000054409829317592084,0.0012120516039431095,-0.011050773784518242,0.09860487282276154;1.6745777031701436e-7,0.2886211574077606,0.8023973107337952,-0.491754412651062;1.790931224822998,-0.10664834827184677,0.04537298157811165,-0.0389074943959713
;-62.76913070678711;-0.000005131661964696832,0.0011655521811917424,-0.010509570129215717,0.09291880577802658;1.5171062273111602e-7,0.2873516082763672,0.7991162538528442,-0.4957929849624634;1.8028172254562378,-0.10693731158971786,0.045338910073041916,-0.039044443517923355
;-63.239444732666016;-0.0000048279243856086396,0.0011203420581296086,-0.009994062595069408,0.08729065209627151;1.374246920704536e-7,0.28607502579689026,0.7955326437950134,-0.4998246729373932;1.8130377531051636,-0.10722558200359344,0.045304808765649796,-0.03918104246258736
;-63.70793914794922;-0.000004532167622528505,0.0010764148319140077,-0.009503581561148167,0.08172481507062912;1.244751643980635e-7,0.2847925126552582,0.7916427850723267,-0.5038451552391052;1.8215372562408447,-0.10751288384199142,0.045270681381225586,-0.03931716829538345
;-64.17420959472656;-0.000004246485787007259,0.0010337608400732279,-0.009037409909069538,0.07622554898262024;1.1274568834096499e-7,0.28350552916526794,0.7874430418014526,-0.5078500509262085;1.8282694816589355,-0.10779901593923569,0.04523651674389839,-0.03945271298289299
;-64.63784790039062;-0.000003972617832914693,0.000992372166365385,-0.008594803512096405,0.0707973763346672;1.0212956169652898e-7,0.2822152376174927,0.7829325199127197,-0.5118348598480225;1.8331999778747559,-0.10808371752500534,0.04520232975482941,-0.03958754986524582
;-65.09844207763672;-0.0000037118809359526495,0.0009522369364276528,-0.008174999617040157,0.06544431298971176;9.252676846926988e-8,0.2809229791164398,0.778109610080719,-0.5157951712608337;1.8363040685653687,-0.10836675018072128,0.045168112963438034,-0.039721567183732986
;-65.55559539794922;-0.0000034651136502361624,0.0009133431012742221,-0.007777201011776924,0.06017056107521057;8.38461247099076e-8,0.27963027358055115,0.7729742527008057,-0.5197267532348633;1.8375704288482666,-0.10864787548780441,0.045133862644433975,-0.039854638278484344
;-66.0089111328125;-0.000003232955123166903,0.0008756772149354219,-0.0074006132781505585,0.05497996136546135;7.600277740493766e-8,0.2783384323120117,0.7675280570983887,-0.5236248970031738;1.836999773979187,-0.10892685502767563,0.04509958624839783,-0.03998665511608124
;-66.4579849243164;-0.000003015639094883227,0.0008392240270040929,-0.007044416852295399,0.04987645149230957;6.89194479264188e-8,0.2770489752292633,0.7617733478546143,-0.527485191822052;1.8346023559570312,-0.10920345783233643,0.045065272599458694,-0.040117502212524414
;-66.90245819091797;-0.0000028131012186349835,0.0008039670647121966,-0.006707790773361921,0.044863391667604446;6.252457041000525e-8,0.2757631540298462,0.7557138800621033,-0.5313036441802979;1.8304033279418945,-0.1094774529337883,0.04503093659877777,-0.04024706780910492
;-67.34194946289062;-0.000002625126398925204,0.000769888807553798,-0.006389910355210304,0.039944276213645935;5.6753080457383476e-8,0.27448248863220215,0.7493544816970825,-0.5350759029388428;1.8244366645812988,-0.10974860936403275,0.04499656707048416,-0.0403752364218235
;-67.77611541748047;-0.000002451384943924495,0.0007369688828475773,-0.0060899509117007256,0.035122185945510864;5.154518234462557e-8,0.2732083797454834,0.7427006959915161,-0.538797914981842;1.8167474269866943,-0.11001674085855484,0.044962167739868164,-0.0405019149184227
;-68.20462036132812;-0.0000022912363419891335,0.0007051876746118069,-0.005807092413306236,0.030399976298213005;4.6846672319134086e-8,0.2719421982765198,0.7357606291770935,-0.5424656867980957;1.8073927164077759,-0.11028162389993668,0.04492773860692978,-0.040626995265483856
;-68.62714385986328;-0.0000021441067019623006,0.0006745231221430004,-0.0055405255407094955,0.025780247524380684;4.2607940287098245e-8,0.27068522572517395,0.7285422682762146,-0.5460755825042725;1.796434998512268,-0.11054307222366333,0.0448932871222496,-0.04075038805603981
;-69.04339599609375;-0.0000020092400063731475,0.0006449524662457407,-0.00528945354744792,0.021265361458063126;3.8783834810374174e-8,0.26943880319595337,0.721055269241333,-0.5496241450309753;1.7839486598968506,-0.11080090701580048,0.04485879838466644,-0.040872007608413696
;-69.4531021118164;-0.0000018859062720366637,0.0006164520746096969,-0.005053097382187843,0.016857314854860306;3.5333567183215564e-8,0.2682042121887207,0.7133104801177979,-0.5531079769134521;1.7700128555297852,-0.11105495691299438,0.044824276119470596,-0.04099176079034805
;-69.85600280761719;-0.0000017733482309267856,0.0005889976746402681,-0.004830698017030954,0.01255786418914795;3.222007549652517e-8,0.26698264479637146,0.7053201794624329,-0.5565239191055298;1.7547130584716797,-0.11130505800247192,0.04478973150253296,-0.041109584271907806
;-70.25186920166016;-0.0000016707789427528041,0.0005625641788356006,-0.004621509462594986,0.008368583396077156;2.940973686804682e-8,0.265775203704834,0.6970969438552856,-0.5598692297935486;1.7381409406661987,-0.11155107617378235,0.04475514963269234,-0.04122539237141609
;-70.6405029296875;-0.0000015774420489833574,0.0005371266161091626,-0.0044248211197555065,0.004290664568543434;2.687239408771802e-8,0.26458296179771423,0.6886553168296814,-0.5631411075592041;1.7203913927078247,-0.11179286986589432,0.04472053796052933,-0.04133913293480873
;-71.02171325683594;-0.0000014926310996088432,0.0005126575706526637,-0.004239932168275118,0.00032471350277774036;2.4580426583042936e-8,0.263406902551651,0.6800081729888916,-0.5663375854492188;1.7015600204467773,-0.11203034967184067,0.04468590021133423,-0.04145075008273125
;-71.39534759521484;-0.0000014156572660795064,0.0004891320131719112,-0.004066182766109705,-0.0035285165067762136;2.250932062963784e-8,0.26224809885025024,0.671172022819519,-0.5694562792778015;1.6817466020584106,-0.11226339638233185,0.044651228934526443,-0.04156019166111946
;-71.76126098632812;-0.0000013458818557410268,0.00046652392484247684,-0.0039029272738844156,-0.007268640212714672;2.063682913444609e-8,0.26110729575157166,0.6621631383895874,-0.5724793672561646;1.6610517501831055,-0.112492136657238,0.04461577162146568,-0.04166740924119949
;-72.11934661865234;-0.0000012826759530071286,0.00044480653014034033,-0.003749557537958026,-0.010895667597651482;1.8942886370609813e-8,0.2599852383136749,0.6529971957206726,-0.5754373073577881;1.6395734548568726,-0.11271607130765915,0.044581037014722824,-0.041772376745939255
;-72.46951293945312;-0.000001225503638124792,0.00042395421769469976,-0.0036054879892617464,-0.014409742318093777;1.7409544028623714e-8,0.25888270139694214,0.6436915397644043,-0.5783126950263977;1.6174113750457764,-0.11293535679578781,0.044546276330947876,-0.04187505692243576
;-72.81168365478516;-0.0000011738197827071417,0.00040394143434241414,-0.003470161696895957,-0.017811335623264313;1.6020639037606088e-8,0.25780025124549866,0.6342637538909912,-0.5811046957969666;1.594662070274353,-0.11314994096755981,0.04451148957014084,-0.04197542741894722
;-73.14582061767578;-0.0000011271612265773001,0.00038474216125905514,-0.0033430501352995634,-0.021101130172610283;1.4761598166046497e-8,0.256738543510437,0.6247304081916809,-0.5838122367858887;1.5714181661605835,-0.11335979402065277,0.04447666555643082,-0.04207347333431244
;-73.4719009399414;-0.0000010850639000636875,0.00036633145646192133,-0.003223652020096779,-0.024279993027448654;1.361941759370211e-8,0.25569799542427063,0.6151091456413269,-0.5864349007606506;1.5477714538574219,-0.1135648861527443,0.04444181174039841,-0.04216918349266052
;-73.78990936279297;-0.0000010471425184732652,0.00034868469811044633,-0.0031114923767745495,-0.027349112555384636;1.2582387576287601e-8,0.25467896461486816,0.6054174900054932,-0.5889723896980286;1.523809790611267,-0.11376522481441498,0.04440692812204361,-0.04226255789399147
;-74.09986114501953;-0.0000010130086138815386,0.00033177717705257237,-0.0030061223078519106,-0.030309656634926796;1.1640001851276338e-8,0.25368180871009827,0.5956716537475586,-0.5914243459701538;1.4996148347854614,-0.11396078765392303,0.044372010976076126,-0.042353592813014984
;-74.40178680419922;-9.823368145589484e-7,0.0003155853191856295,-0.002907119458541274,-0.033163078129291534;1.078287148459367e-8,0.25270676612854004,0.5858893394470215,-0.5937908291816711;1.4752662181854248,-0.11415161192417145,0.044337064027786255,-0.04244229197502136
;-74.69572448730469;-9.548269872539095e-7,0.00030008575413376093,-0.002814084989950061,-0.03591112047433853;1.0002541017684052e-8,0.2517540454864502,0.5760868787765503,-0.5960723161697388;1.4508388042449951,-0.11433771252632141,0.044302091002464294,-0.0425286702811718
;-74.98173522949219;-9.302030434810149e-7,0.00028525551897473633,-0.002726647537201643,-0.03855528309941292;9.291476033013168e-9,0.2508237659931183,0.5662800073623657,-0.5982689261436462;1.4264014959335327,-0.11451909691095352,0.04426708072423935,-0.04261273890733719
;-75.25990295410156;-9.082077667699195e-7,0.00027107191272079945,-0.0026444513350725174,-0.04109768196940422;8.642839333106167e-9,0.24991600215435028,0.5564837455749512,-0.6003814935684204;1.4020177125930786,-0.11469583213329315,0.044232044368982315,-0.04269452020525932
;-75.53030395507812;-8.88613044480735e-7,0.00025751322391442955,-0.0025671678595244884,-0.043540213257074356;8.050597521958025e-9,0.24903073906898499,0.5467133522033691,-0.602410614490509;1.3777486085891724,-0.11486794799566269,0.044196974486112595,-0.04277404025197029
;-75.79303741455078;-8.712166845725733e-7,0.0002445578866172582,-0.002494486514478922,-0.04588495194911957;7.509265209648674e-9,0.2481679618358612,0.536983072757721,-0.6043574213981628;1.3536487817764282,-0.1150355264544487,0.04416187107563019,-0.042851317673921585
;-76.04821014404297;-8.558349691156764e-7,0.0002321845677215606,-0.0024261190555989742,-0.04813406616449356;7.013958747137394e-9,0.2473275512456894,0.5273057818412781,-0.6062227487564087;1.3297663927078247,-0.11519858986139297,0.04412674531340599,-0.04292638972401619
;-76.29595184326172;-8.422974815402995e-7,0.00022037301096133888,-0.0023617923725396395,-0.05028975382447243;6.560281651246669e-9,0.2465093582868576,0.5176946520805359,-0.6080077290534973;1.3061480522155762,-0.11535724252462387,0.04409157857298851,-0.04299928620457649
;-76.53636932373047;-8.304573952955252e-7,0.00020910253806505352,-0.0023012529127299786,-0.052354343235492706;6.1442815280088325e-9,0.24571318924427032,0.5081608295440674,-0.609713613986969;1.2828325033187866,-0.11551152914762497,0.04405638948082924,-0.04307004436850548
;-76.76960754394531;-8.201819241548947e-7,0.0001983536931220442,-0.00224426225759089,-0.05433007702231407;5.762434973632935e-9,0.24493888020515442,0.4987160265445709,-0.6113418340682983;1.2598570585250854,-0.11566153168678284,0.044021159410476685,-0.043138694018125534
;-76.99580383300781;-8.113340186355344e-7,0.00018810694746207446,-0.0021905999165028334,-0.05621946603059769;5.411541881272797e-9,0.24418604373931885,0.4893700182437897,-0.6128935813903809;1.2372511625289917,-0.11580734699964523,0.04398590698838234,-0.04320528730750084
;-77.21510314941406;-8.038148280320456e-7,0.00017834333993960172,-0.0021400568075478077,-0.05802485719323158;5.0887440927738226e-9,0.2434544861316681,0.4801318943500519,-0.6143706440925598;1.2150424718856812,-0.11594904959201813,0.04395062103867531,-0.04326985776424408
;-77.42764282226562;-7.975267521942442e-7,0.00016904478252399713,-0.0020924401469528675,-0.059748440980911255;4.791485430644116e-9,0.24274396896362305,0.471011757850647,-0.6157743334770203;1.1932566165924072,-0.11608670651912689,0.04391530156135559,-0.04333244636654854
;-77.63359069824219;-7.923714520075009e-7,0.0001601925032446161,-0.002047568093985319,-0.061392929404973984;4.517417551141989e-9,0.24205397069454193,0.46201545000076294,-0.6171063184738159;1.1719096899032593,-0.11622043699026108,0.043879952281713486,-0.0433930978178978
;-77.83309173583984;-7.882751447141345e-7,0.0001517693162895739,-0.002005273010581732,-0.06296046078205109;4.264480768512158e-9,0.24138420820236206,0.453151136636734,-0.6183682084083557;1.1510202884674072,-0.11635031551122665,0.043844569474458694,-0.043451860547065735
;-78.02630615234375;-7.851611485421017e-7,0.00014375762839335948,-0.0019653954077512026,-0.06445357948541641;4.030780154096192e-9,0.24073432385921478,0.4444243609905243,-0.619561493396759;1.1305996179580688,-0.11647643893957138,0.04380916431546211,-0.043508775532245636
;-78.21338653564453;-7.829611945453507e-7,0.00013614057388622314,-0.001927788252942264,-0.0658746212720871;3.814617510755625e-9,0.24010387063026428,0.4358404576778412,-0.6206881999969482;1.1106579303741455,-0.11659890413284302,0.043773721903562546,-0.04356389120221138
;-78.39450073242188;-7.816268521310121e-7,0.00012890213110949844,-0.001892314525321126,-0.0672258734703064;3.6144778281510526e-9,0.23949258029460907,0.4274052679538727,-0.6217496395111084;1.0912038087844849,-0.11671778559684753,0.04373824596405029,-0.04361724853515625
;-78.56979370117188;-7.810957640685956e-7,0.00012202584184706211,-0.0018588464008644223,-0.06850966066122055;3.4289602268700037e-9,0.23889991641044617,0.4191214144229889,-0.6227478981018066;1.072239875793457,-0.11683319509029388,0.04370274022221565,-0.043668899685144424
;-78.73943328857422;-7.813252977939555e-7,0.00011549636838026345,-0.001827264204621315,-0.06972822546958923;3.2568259200616012e-9,0.23832543194293976,0.4109930098056793,-0.6236843466758728;1.053769588470459,-0.11694522947072983,0.043667200952768326,-0.043718889355659485
;-78.90357208251953;-7.822745260455122e-7,0.00010929883137578145,-0.0017974552465602756,-0.07088381797075272;3.096949585668085e-9,0.23776878416538239,0.4030236601829529,-0.6245607733726501;1.0357950925827026,-0.11705395579338074,0.04363163560628891,-0.043767254799604416
;-79.06236267089844;-7.8389831514869e-7,0.00010341797315049917,-0.0017693154513835907,-0.07197871804237366;2.948286059734073e-9,0.23722943663597107,0.3952135443687439,-0.6253790259361267;1.0183104276657104,-0.11715950816869736,0.04359603300690651,-0.043814048171043396
;-79.2159652709961;-7.861661970309797e-7,0.00009783996210899204,-0.0017427477287128568,-0.0730149894952774;2.809921184621089e-9,0.23670701682567596,0.38756561279296875,-0.6261765956878662;1.0013158321380615,-0.11726151406764984,0.04356195405125618,-0.043859321624040604
;-79.36453247070312;-7.890541837696219e-7,0.00009255117765860632,-0.0017176605761051178,-0.07399462908506393;2.681017408079356e-9,0.23620107769966125,0.3800816833972931,-0.6268831491470337;0.9848076701164246,-0.1173609271645546,0.043526288121938705,-0.043903104960918427
;-79.50821685791016;-7.925198133307276e-7,0.00008753788279136643,-0.0016939688939601183,-0.07491981238126755;2.5608006826161045e-9,0.23571118712425232,0.3727610111236572,-0.6275365352630615;0.9687770009040833,-0.11745742708444595,0.04349059239029884,-0.04394545033574104
;-79.64716339111328;-7.965396093823074e-7,0.00008278725726995617,-0.0016715916572138667,-0.07579261809587479;2.448574898394895e-9,0.23523686826229095,0.3656039535999298,-0.6281380653381348;0.9532178044319153,-0.11755108833312988,0.043454866856336594,-0.04398640617728233
;-79.78150939941406;-8.010903229660471e-7,0.00007828701927792281,-0.0016504559898748994,-0.07661489397287369;2.3437134455406294e-9,0.23477767407894135,0.35861098766326904,-0.6286896467208862;0.9381231665611267,-0.11764200031757355,0.04341910779476166,-0.044026006013154984
;-79.91140747070312;-8.06160016963986e-7,0.00007402513438137248,-0.0016304912278428674,-0.07738842815160751;2.2456438930618106e-9,0.234333336353302,0.35178136825561523,-0.6291924118995667;0.9234842658042908,-0.11773024499416351,0.043383318930864334,-0.04406429082155228
;-80.0369873046875;-8.117273750940512e-7,0.0000699901138432324,-0.0016116333426907659,-0.07811512798070908;2.1538397732001613e-9,0.23390327394008636,0.34511449933052063,-0.6296665668487549;0.9092919826507568,-0.11781568080186844,0.043348278850317,-0.044101305305957794
;-80.15838623046875;-8.177674999387818e-7,0.00006617084727622569,-0.0015938207507133484,-0.0787968635559082;2.0678283529917962e-9,0.233487069606781,0.3386091887950897,-0.6300950646400452;0.8955371379852295,-0.11789862811565399,0.043313201516866684,-0.04413708671927452
;-80.27574920654297;-8.2426680592107e-7,0.00006255645712371916,-0.0015769974561408162,-0.07943535596132278;1.987157549621088e-9,0.23308438062667847,0.33226293325424194,-0.630479633808136;0.882206916809082,-0.11797915399074554,0.043278101831674576,-0.04417168349027634
;-80.38919067382812;-8.312158001899661e-7,0.00005913694258197211,-0.0015611082781106234,-0.08003206551074982;1.91144744476901e-9,0.2326948344707489,0.3260754942893982,-0.6308031678199768;0.8692939877510071,-0.11805754899978638,0.043242186307907104,-0.04420511797070503
;-80.49884033203125;-8.386003855775925e-7,0.000055902415624586865,-0.0015461043221876025,-0.08058881759643555;1.8403263357669175e-9,0.23231789469718933,0.32004445791244507,-0.6311221718788147;0.8567861914634705,-0.11813324689865112,0.0432078018784523,-0.044237442314624786
;-80.60481262207031;-8.464110692329996e-7,0.0000528435230080504,-0.0015319385565817356,-0.08110703527927399;1.7734651525103118e-9,0.23195336759090424,0.3141683042049408,-0.6314012408256531;0.844674289226532,-0.11820673197507858,0.04317339137196541,-0.04426867887377739
;-80.70723724365234;-8.546335266146343e-7,0.00004995118797523901,-0.0015185668598860502,-0.08158830553293228;1.7105556970875568e-9,0.23160074651241302,0.30844417214393616,-0.6316417455673218;0.8329458236694336,-0.11827810108661652,0.04313894733786583,-0.044298868626356125
;-80.80623626708984;-8.632639492134331e-7,0.000047216810344252735,-0.0015059482539072633,-0.08203405886888504;1.6513193035194718e-9,0.23125974833965302,0.302869975566864,-0.6318448781967163;0.8215906620025635,-0.1183474063873291,0.04310447722673416,-0.04432804509997368
;-80.90190887451172;-8.722849429432245e-7,0.00004463210279936902,-0.0014940437395125628,-0.08244577795267105;1.5954924048600105e-9,0.230929896235466,0.2974427044391632,-0.6320121884346008;0.8105967044830322,-0.1184147372841835,0.043069977313280106,-0.044356245547533035
;-80.99437713623047;-8.816863896754512e-7,0.00004218917456455529,-0.0014828161802142859,-0.08282484114170074;1.542838745649533e-9,0.2306109070777893,0.2921594977378845,-0.6321447491645813;0.7999529838562012,-0.1184801384806633,0.043035443872213364,-0.04438349977135658
;-81.083740234375;-8.914711884244753e-7,0.00003988065873272717,-0.0014722314663231373,-0.08317246288061142;1.493150714182434e-9,0.23030249774456024,0.28701865673065186,-0.6322433352470398;0.7896507382392883,-0.11854368448257446,0.04300088435411453,-0.04440983757376671
;-81.17010498046875;-9.016210356094234e-7,0.000037699282984249294,-0.0014622577000409365,-0.08348998427391052;1.4462179231955474e-9,0.2300042361021042,0.2820163071155548,-0.6323097944259644;0.7796770930290222,-0.11860544979572296,0.042966295033693314,-0.0444352924823761
;-81.25357055664062;-9.121332595896092e-7,0.00003563826612662524,-0.0014528643805533648,-0.08377867937088013;1.4018567418006e-9,0.22971577942371368,0.2771497964859009,-0.6323447823524475;0.7700223922729492,-0.11866547167301178,0.04293167218565941,-0.04445989057421684
;-81.33424377441406;-9.230041655428067e-7,0.00003369117985130288,-0.001444021938368678,-0.08403965830802917;1.3599038561906696e-9,0.22943688929080963,0.27241653203964233,-0.63234943151474;0.760676920413971,-0.11872381716966629,0.042897023260593414,-0.04448366165161133
;-81.41220092773438;-9.342235784970399e-7,0.00003185183959431015,-0.001435704412870109,-0.0842740535736084;1.320196063581136e-9,0.22916722297668457,0.26781338453292847,-0.6323248147964478;0.7516305446624756,-0.11878054589033127,0.04286234453320503,-0.04450663551688194
;-81.487548828125;-9.457844498683698e-7,0.000030114344554021955,-0.001427886076271534,-0.08448303490877151;1.2825898121349155e-9,0.228906512260437,0.26333698630332947,-0.632271945476532;0.7428726553916931,-0.11883570998907089,0.04282763972878456,-0.044528841972351074
;-81.56037139892578;-9.576856427884195e-7,0.000028473181373556145,-0.001420542597770691,-0.08466759324073792;1.246949987709911e-9,0.22865432500839233,0.2589847147464752,-0.6321917772293091;0.7343946099281311,-0.11888937652111053,0.042792897671461105,-0.044550299644470215
;-81.6307601928711;-9.699167549115373e-7,0.00002692304042284377,-0.001413651742041111,-0.08482882380485535;1.2131546878180188e-9,0.2284105271100998,0.2547532618045807,-0.6320852041244507;0.7261865735054016,-0.11894157528877258,0.04275813326239586,-0.044571034610271454
;-81.69878387451172;-9.824748303799424e-7,0.00002545892130001448,-0.0014071910409256816,-0.08496764302253723;1.1810853406402089e-9,0.22817479074001312,0.2506396770477295,-0.6319533586502075;0.7182396650314331,-0.11899237334728241,0.04272333160042763,-0.04459108039736748
;-81.76453399658203;-9.953581638910691e-7,0.000024076103727566078,-0.0014011417515575886,-0.08508501946926117;1.1506406938366354e-9,0.22794689238071442,0.2466411590576172,-0.6317968964576721;0.7105460166931152,-0.1190418154001236,0.04268850013613701,-0.04461045190691948
;-81.82809448242188;-0.0000010085582289320882,0.000022770060240873136,-0.0013954839669167995,-0.08518186211585999;1.1217171635991008e-9,0.2277265191078186,0.2427544742822647,-0.6316167712211609;0.7030960917472839,-0.11908994615077972,0.0426536425948143,-0.04462917521595955
;-81.8895263671875;-0.000001022072069645219,0.000021536528947763145,-0.0013901996426284313,-0.08525902777910233;1.0942259320856351e-9,0.22751346230506897,0.23897676169872284,-0.6314137578010559;0.6958820819854736,-0.11913679540157318,0.042618751525878906,-0.04464726895093918
;-81.94890594482422;-0.0000010358932058807113,0.000020371462596813217,-0.0013852708507329226,-0.08531740307807922;1.0680784034988733e-9,0.22730734944343567,0.23530489206314087,-0.631188690662384;0.6888957023620605,-0.11918243765830994,0.04258383810520172,-0.044664766639471054
;-82.00630950927734;-0.000001050022092385916,0.000019271086785010993,-0.0013806826900690794,-0.08535764366388321;1.043199859829258e-9,0.22710813581943512,0.23173652589321136,-0.6309423446655273;0.682130753993988,-0.11922689527273178,0.04254888743162155,-0.044681672006845474
;-82.06180572509766;-0.0000010644463372955215,0.000018231719877803698,-0.0013764193281531334,-0.08538070321083069;1.0195120303535532e-9,0.22691546380519867,0.22826793789863586,-0.6306754946708679;0.6755778789520264,-0.1192702129483223,0.04251391440629959,-0.04469801485538483
;-82.1154556274414;-0.0000010791660542963655,0.000017249976735911332,-0.0013724659802392125,-0.08538727462291718;9.969467473780469e-10,0.22672921419143677,0.22489671409130096,-0.6303887963294983;0.6692306995391846,-0.11931242793798447,0.042478904128074646,-0.0447138175368309
;-82.16732025146484;-0.0000010941781738438294,0.000016322625015163794,-0.0013688086764886975,-0.08537807315587997;9.754428376140822e-10,0.22654904425144196,0.22162018716335297,-0.6300830245018005;0.6630825400352478,-0.11935359239578247,0.04244386404752731,-0.044729091227054596
;-82.21746063232422;-0.0000011094800811406458,0.00001544663064123597,-0.001365434960462153,-0.08535373210906982;9.549401269737245e-10,0.22637483477592468,0.21843568980693817,-0.6297776103019714;0.6571272015571594,-0.1193934977054596,0.042409591376781464,-0.0447438545525074
;-82.26593780517578;-0.0000011250673424001434,0.000014619098692492116,-0.0013623322593048215,-0.08531495183706284;9.353825491942303e-10,0.22620639204978943,0.21534059941768646,-0.6294732093811035;0.6513581275939941,-0.11943218111991882,0.042376089841127396,-0.04475812986493111
;-82.31281280517578;-0.0000011409329090383835,0.000013837288861395791,-0.0013594888150691986,-0.08526232838630676;9.167173686819297e-10,0.22604352235794067,0.21233198046684265,-0.6291326284408569;0.6457686424255371,-0.11947014927864075,0.04234176501631737,-0.04477192834019661
;-82.3581314086914;-0.000001157079282165796,0.000013098636372887995,-0.0013568935682997108,-0.08519651740789413;8.988953470456806e-10,0.22588598728179932,0.2094075083732605,-0.6287946105003357;0.6403532028198242,-0.11950696259737015,0.04230820760130882,-0.0447852723300457
;-82.4019546508789;-0.0000011734999816326308,0.000012400711966620293,-0.0013545359252020717,-0.08511807024478912;8.81873463143279e-10,0.22573359310626984,0.20656466484069824,-0.6284404397010803;0.6351062059402466,-0.11954287439584732,0.04227461665868759,-0.044798173010349274
;-82.4443359375;-0.0000011901853440576815,0.000011741196431103162,-0.0013524055248126388,-0.08502763509750366;8.656028671616411e-10,0.22558623552322388,0.20380055904388428,-0.6280710101127625;0.6300209760665894,-0.11957794427871704,0.04224100336432457,-0.044810645282268524
;-82.48532104492188;-0.0000012071377568645403,0.000011117961548734456,-0.0013504925882443786,-0.08492564409971237;8.500505854769358e-10,0.2254437357187271,0.20111340284347534,-0.627686619758606;0.6250938177108765,-0.11961217224597931,0.04220736771821976,-0.044822707772254944
;-82.52495574951172;-0.000001224347442985163,0.00001052892730513122,-0.0013487879186868668,-0.0848127007484436;8.351740965473198e-10,0.22530588507652283,0.19850020110607147,-0.6272879838943481;0.6203178763389587,-0.1196456030011177,0.04217369854450226,-0.04483437165617943
;-82.56329345703125;-0.0000012418184951457079,0.000009972192856366746,-0.0013472833670675755,-0.08468926697969437;8.209411483939277e-10,0.22517257928848267,0.19595913589000702,-0.6268755197525024;0.6156894564628601,-0.11967826634645462,0.04213999584317207,-0.04484565183520317
;-82.60037994384766;-0.0000012595313592100865,0.000009445899195270613,-0.0013459689216688275,-0.08455590158700943;8.073131052555027e-10,0.22504357993602753,0.19348718225955963,-0.6264497637748718;0.6112017035484314,-0.11971018463373184,0.042106274515390396,-0.044856563210487366
;-82.63626098632812;-0.0000012774904689649702,0.000008948365575633943,-0.001344837131910026,-0.08441298454999924;7.942634328017562e-10,0.22491876780986786,0.19108286499977112,-0.6260111927986145;0.6068518161773682,-0.11974138021469116,0.04207251965999603,-0.04486711695790291
;-82.67097473144531;-0.0000012956909358763369,0.000008477948540530633,-0.0013438804307952523,-0.08426103740930557;7.817599345649739e-10,0.2247980237007141,0.1887434720993042,-0.6255602836608887;0.6026338934898376,-0.11977189779281616,0.04203874245285988,-0.04487733170390129
;-82.70455932617188;-0.0000013141315093889716,0.000008033152880670968,-0.0013430917169898748,-0.08410032838582993;7.697776860382533e-10,0.22468119859695435,0.1864674836397171,-0.6250972151756287;0.5985449552536011,-0.11980172991752625,0.04200493171811104,-0.04488720744848251
;-82.737060546875;-0.000001332796045971918,0.0000076125061241327785,-0.001342464005574584,-0.08393149822950363;7.58287876934105e-10,0.22456812858581543,0.18425218760967255,-0.6246229410171509;0.5945789813995361,-0.11983094364404678,0.04197109490633011,-0.04489676654338837
;-82.76851654052734;-0.0000013516907984012505,0.00000721467267794651,-0.0013419900787994266,-0.08375482261180878;7.47267636658222e-10,0.2244587242603302,0.18209601938724518,-0.6241375207901001;0.5907331109046936,-0.11985952407121658,0.04193723201751709,-0.044906020164489746
;-82.79896545410156;-0.0000013708071264773025,0.000006838372883066768,-0.0013416641158983111,-0.0835706889629364;7.366935395047847e-10,0.22435280680656433,0.179997056722641,-0.623641312122345;0.5870031118392944,-0.11988750845193863,0.04190333932638168,-0.04491496458649635
;-82.82843780517578;-0.000001390139686918701,0.000006482396656792844,-0.0013414793647825718,-0.08337946981191635;7.265429369240906e-10,0.22425031661987305,0.17795327305793762,-0.6231350302696228;0.5833849310874939,-0.11991491913795471,0.04186942055821419,-0.044923629611730576
;-82.85697174072266;-0.0000014096823406362091,0.000006145603947516065,-0.0013414296554401517,-0.08318153768777847;7.167950677455792e-10,0.2241511046886444,0.17596270143985748,-0.6226186156272888;0.5798745155334473,-0.11994177103042603,0.041835471987724304,-0.04493201524019241
;-82.88459014892578;-0.0000014294278116722126,0.000005826929282193305,-0.001341510098427534,-0.08297719061374664;7.074313912447394e-10,0.2240549772977829,0.17402376234531403,-0.6220927238464355;0.5764687657356262,-0.11996809393167496,0.04180149361491203,-0.04494013637304306
;-82.91134643554688;-0.0000014493783737634658,0.000005525367669179104,-0.0013417148729786277,-0.08276673406362534;6.984330336301525e-10,0.2239619493484497,0.17213478684425354,-0.6215574741363525;0.5731644034385681,-0.1199939027428627,0.04176748916506767,-0.044947996735572815
;-82.937255859375;-0.0000014695275467602187,0.00000523996868651011,-0.0013420390896499157,-0.08255049586296082;6.897849513798349e-10,0.2238718867301941,0.17029422521591187,-0.6210134625434875;0.5699582099914551,-0.12001921236515045,0.04173345863819122,-0.04495560750365257
;-82.96234893798828;-0.0000014898600966262165,0.000004969811016053427,-0.0013424769276753068,-0.0823289006948471;6.814643849217816e-10,0.22378461062908173,0.1684996634721756,-0.6204608678817749;0.5668449997901917,-0.12004404515028,0.041699398308992386,-0.04496297985315323
;-82.98666381835938;-0.0000015103830719453981,0.000004714082933787722,-0.0013430245453491807,-0.08210203796625137;6.734631186056106e-10,0.2237001210451126,0.16675063967704773,-0.6198999285697937;0.563824474811554,-0.12006842344999313,0.04166530445218086,-0.04497011750936508
;-83.01020812988281;-0.0000015310899925680133,0.0000044719718061969616,-0.0013436770532280207,-0.08187023550271988;6.657637219298351e-10,0.22361820936203003,0.1650451272726059,-0.6193501949310303;0.5608922839164734,-0.12009211629629135,0.04163200035691261,-0.04497703164815903
;-83.03302764892578;-0.0000015519752878390136,0.000004242733211867744,-0.0013444307260215282,-0.0816337987780571;6.583528722181597e-10,0.22353895008563995,0.1633819043636322,-0.6187925934791565;0.5580459237098694,-0.12011537700891495,0.041598670184612274,-0.04498372972011566
;-83.05514526367188;-0.0000015730200857433374,0.000004025640919280704,-0.001345281139947474,-0.08139295130968094;6.512143602144249e-10,0.2234620600938797,0.1617588996887207,-0.6182277202606201;0.5552812814712524,-0.12013822793960571,0.04156530648469925,-0.04499022290110588
;-83.07658386230469;-0.0000015942391655698884,0.000003820041456492618,-0.0013462239876389503,-0.0811479315161705;6.443387490229213e-10,0.22338762879371643,0.1601753532886505,-0.6176367998123169;0.5525968074798584,-0.12016090750694275,0.04153110831975937,-0.044996511191129684
;-83.09736633300781;-0.0000016156167248482234,0.00000362530636266456,-0.0013472555438056588,-0.0808989629149437;6.377147143687978e-10,0.22331543266773224,0.15862996876239777,-0.6170579195022583;0.5499901175498962,-0.12018297612667084,0.04149768874049187,-0.04500260949134827
;-83.11750793457031;-0.0000016371483297916711,0.000003440832642809255,-0.0013483724324032664,-0.08064630627632141;6.313287115311539e-10,0.22324545681476593,0.15712110698223114,-0.6164912581443787;0.547457754611969,-0.12020444124937057,0.041465070098638535,-0.045008521527051926
;-83.13703155517578;-0.0000016588435300946003,0.000003266075964347692,-0.001349571393802762,-0.08039005845785141;6.251748563279591e-10,0.22317762672901154,0.15564829111099243,-0.6159183979034424;0.5449991226196289,-0.12022554874420166,0.04143241420388222,-0.04501424729824066
;-83.15597534179688;-0.00000168067492722912,0.000003100490403085132,-0.0013508494012057781,-0.08013056218624115;6.192377721703224e-10,0.22311186790466309,0.15420950949192047,-0.615339457988739;0.5426098704338074,-0.12024631351232529,0.04139973968267441,-0.04501980170607567
;-83.17434692382812;-0.0000017026504792738706,0.0000029435827855195384,-0.001352202147245407,-0.07986793667078018;6.135096319859201e-10,0.2230481058359146,0.1528039276599884,-0.6147544980049133;0.5402883887290955,-0.12026674300432205,0.04136703908443451,-0.045025184750556946
;-83.19216918945312;-0.0000017247601817871328,0.000002794881083900691,-0.0013536274200305343,-0.07960237562656403;6.079813319459504e-10,0.22298626601696014,0.15143027901649475,-0.6141638159751892;0.5380321741104126,-0.12028685212135315,0.041334304958581924,-0.04503041133284569
;-83.20946502685547;-0.0000017470041484557441,0.0000026539439659245545,-0.0013551217271015048,-0.0793340727686882;6.026454890672994e-10,0.22292622923851013,0.15008771419525146,-0.6135676503181458;0.5358395576477051,-0.12030665576457977,0.04130155220627785,-0.045035477727651596
;-83.22624969482422;-0.000001769370442161744,0.0000025203489713021554,-0.0013566822744905949,-0.07906322181224823;5.974916672535358e-10,0.22286805510520935,0.14877498149871826,-0.6129661202430725;0.5337080359458923,-0.12032615393400192,0.04126876965165138,-0.045040395110845566
;-83.24254608154297;-0.000001791850650079141,0.0000023936963771120645,-0.001358306035399437,-0.07878998667001724;5.925115398319747e-10,0.2228115200996399,0.14749087393283844,-0.6123595237731934;0.5316351056098938,-0.12034537643194199,0.041235968470573425,-0.045045167207717896
;-83.25836944580078;-0.0000018144411342291278,0.0000022736162463843357,-0.0013599900994449854,-0.0785144716501236;5.876982789310148e-10,0.22275666892528534,0.14623451232910156,-0.6117480397224426;0.5296188592910767,-0.12036433070898056,0.041203130036592484,-0.04504980146884918
;-83.27373504638672;-0.0000018371489431956434,0.000002159762971132295,-0.0013617324875667691,-0.07823684066534042;5.830467220135915e-10,0.2227034717798233,0.14500541985034943,-0.6111317873001099;0.5276587009429932,-0.12038300931453705,0.04117027297616005,-0.045054297894239426
;-83.28866577148438;-0.0000018599448594613932,0.0000020517868506431114,-0.0013635301729664207,-0.07795736938714981;5.785443790706779e-10,0.22265170514583588,0.14380167424678802,-0.6105108857154846;0.5257500410079956,-0.12040144950151443,0.041137389838695526,-0.04505867138504982
;-83.30316925048828;-0.0000018828529846359743,0.0000019493913896440063,-0.001365381060168147,-0.07767600566148758;5.741925268587522e-10,0.222601518034935,0.14262349903583527,-0.6098856329917908;0.5238943099975586,-0.12041962891817093,0.04110447317361832,-0.04506291449069977
;-83.3172607421875;-0.0000019058444422626053,0.0000018522690652389429,-0.0013672824716195464,-0.07739299535751343;5.699787863910899e-10,0.22255273163318634,0.1414693295955658,-0.6092562675476074;0.5220875144004822,-0.12043757736682892,0.041071534156799316,-0.04506703466176987
;-83.33096313476562;-0.0000019289268493594136,0.0000017601440731596085,-0.0013692326610907912,-0.07710843533277512;5.659011037550954e-10,0.2225053310394287,0.1403387039899826,-0.6086226105690002;0.5203291177749634,-0.120455302298069,0.041038576513528824,-0.04507104307413101
;-83.34428405761719;-0.000001952083493961254,0.0000016727462934795767,-0.0013712287181988358,-0.07682246714830399;5.619503196108155e-10,0.22245921194553375,0.13923043012619019,-0.6079851388931274;0.5186164379119873,-0.12047281116247177,0.04100558161735535,-0.045074936002492905
;-83.35723876953125;-0.000001975316308744368,0.0000015898294805083424,-0.0013732693623751402,-0.07653520256280899;5.58122992266874e-10,0.22241440415382385,0.13814403116703033,-0.6073437929153442;0.5169484615325928,-0.12049011886119843,0.04097256809473038,-0.04507872462272644
;-83.36984252929688;-0.0000019986207462352468,0.000001511155801381392,-0.0013753521488979459,-0.07624676823616028;5.544142367419624e-10,0.22237087786197662,0.1370786726474762,-0.6066988706588745;0.5153236985206604,-0.12050721049308777,0.04093952104449272,-0.04508240520954132
;-83.38211059570312;-0.0000020219836187607143,0.0000014365009519679006,-0.0013774755643680692,-0.07595724612474442;5.508173916979331e-10,0.22232846915721893,0.1360335350036621,-0.6060503125190735;0.5137401819229126,-0.12052411586046219,0.040906455367803574,-0.04508598521351814
;-83.39405059814453;-0.000002045408564299578,0.0000013656558621732984,-0.0013796373968943954,-0.07566671818494797;5.473301256664342e-10,0.22228726744651794,0.13500817120075226,-0.6053985357284546;0.5121973156929016,-0.12054083496332169,0.04087335616350174,-0.0450894720852375
;-83.40567016601562;-0.0000020688926269940566,0.0000012984228305867873,-0.0013818362494930625,-0.07537529617547989;5.439484973557285e-10,0.2222471535205841,0.13400214910507202,-0.6047433614730835;0.5106940865516663,-0.12055737525224686,0.04084023833274841,-0.0450928620994091
;-83.41698455810547;-0.000002092423756039352,0.000001234607225342188,-0.001384070492349565,-0.07508309930562973;5.406648462269459e-10,0.22220808267593384,0.1330142617225647,-0.6041232943534851;0.5092278122901917,-0.1205732673406601,0.040808744728565216,-0.04509616270661354
;-83.4280014038086;-0.0000021160005871934118,0.0000011740324907805189,-0.0013863382628187537,-0.07479021698236465;5.374767297894323e-10,0.22217009961605072,0.13204407691955566,-0.6034620404243469;0.5077975988388062,-0.12058946490287781,0.040775567293167114,-0.04509938135743141
;-83.43873596191406;-0.0000021396169813669985,0.0000011165309388161404,-0.0013886378146708012,-0.07449672371149063;5.343813724856261e-10,0.22213305532932281,0.1310911476612091,-0.6028168797492981;0.5064026117324829,-0.12060526013374329,0.04074319824576378,-0.04510251432657242
;-83.4491958618164;-0.0000021632822608808056,0.000001061946818481374,-0.0013909683329984546,-0.07420264184474945;5.31377719603654e-10,0.2220970094203949,0.13015538454055786,-0.6021879315376282;0.5050430297851562,-0.12062066793441772,0.04071163758635521,-0.04510556161403656
;-83.45938110351562;-0.000002186977553719771,0.0000010101233556270017,-0.0013933283044025302,-0.07390809804201126;5.284578885600411e-10,0.22206193208694458,0.1292356550693512,-0.6015563011169434;0.503715991973877,-0.12063591927289963,0.040680043399333954,-0.045108530670404434
;-83.46931457519531;-0.0000022107112727098865,9.609208291294635e-7,-0.001395717030391097,-0.07361312210559845;5.256219903770898e-10,0.22202767431735992,0.12833185493946075,-0.6009219884872437;0.5024216175079346,-0.12065102159976959,0.040648434311151505,-0.04511142522096634
;-83.47900390625;-0.000002234455223515397,9.141992904915242e-7,-0.0013981321826577187,-0.07331788539886475;5.228626975828377e-10,0.2219943404197693,0.1274428367614746,-0.6002852916717529;0.5011571049690247,-0.12066600471735,0.040616799145936966,-0.045114245265722275
;-83.48844909667969;-0.000002258228278151364,8.698332862877578e-7,-0.0014005725970491767,-0.07302239537239075;5.201795660880748e-10,0.22196176648139954,0.12656854093074799,-0.5996459722518921;0.4999225437641144,-0.12068084627389908,0.04058513417840004,-0.04511700198054314
;-83.49767303466797;-0.0000022820158847025596,8.277019674096664e-7,-0.0014030375750735402,-0.07272671908140182;5.175697648240885e-10,0.22193004190921783,0.12570852041244507,-0.5990043878555298;0.4987170696258545,-0.12069554626941681,0.04055345430970192,-0.04511968418955803
;-83.50666809082031;-0.0000023058130409481237,7.876878385104646e-7,-0.0014055251376703382,-0.07243093103170395;5.150284643207215e-10,0.22189907729625702,0.12486203759908676,-0.5983604788780212;0.4975387454032898,-0.12071014195680618,0.04052174091339111,-0.04512230306863785
;-83.51545715332031;-0.000002329618610019679,7.496848866139771e-7,-0.0014080351684242487,-0.0721350908279419;5.125545543549492e-10,0.22186888754367828,0.12402896583080292,-0.5977144241333008;0.4963877201080322,-0.12072461098432541,0.040490008890628815,-0.04512485861778259
;-83.52403259277344;-0.00000235342440646491,7.135876671782171e-7,-0.0014105654554441571,-0.07183925807476044;5.101446487465466e-10,0.22183936834335327,0.12320860475301743,-0.5970662832260132;0.4952620565891266,-0.12073896080255508,0.040458254516124725,-0.04512735456228256
;-83.53241729736328;-0.000002377223381699878,6.792984663661628e-7,-0.0014131154166534543,-0.07154349982738495;5.077954168264398e-10,0.22181059420108795,0.12240049988031387,-0.5964160561561584;0.49416089057922363,-0.1207532063126564,0.04042647406458855,-0.045129794627428055
;-83.54061126708984;-0.000002401021674813819,6.467271305155009e-7,-0.001415683887898922,-0.07124780863523483;5.055064700165701e-10,0.22178244590759277,0.1216045618057251,-0.5957638621330261;0.49308428168296814,-0.12076735496520996,0.04039466381072998,-0.04513217508792877
;-83.54862976074219;-0.0000024248015506600495,6.157837333375937e-7,-0.00141826958861202,-0.07095230370759964;5.032731453802342e-10,0.2217549830675125,0.12082009762525558,-0.5951097011566162;0.4920302629470825,-0.12078141421079636,0.04036283865571022,-0.04513450339436531
;-83.55645751953125;-0.0000024485595986334374,5.863851129106479e-7,-0.0014208713546395302,-0.07065706700086594;5.01093777582895e-10,0.22172807157039642,0.1200466901063919,-0.5944538712501526;0.49099791049957275,-0.1207953542470932,0.040330979973077774,-0.04513677582144737
;-83.56412506103516;-0.0000024723096885281848,5.584559517046728e-7,-0.0014234889531508088,-0.07036201655864716;4.989686441803087e-10,0.22170184552669525,0.11928457021713257,-0.5937962532043457;0.48998838663101196,-0.12080921232700348,0.040299102663993835,-0.04513900354504585
;-83.57162475585938;-0.0000024960272639873438,5.319179194884782e-7,-0.0014261214528232813,-0.07006730884313583;4.968925826354109e-10,0.22167615592479706,0.118532694876194,-0.5931369066238403;0.48899880051612854,-0.1208229809999466,0.040267203003168106,-0.045141179114580154
;-83.57897186279297;-0.0000025197180093528004,5.067018378213106e-7,-0.0014287671074271202,-0.06977290660142899;4.948644272140257e-10,0.22165097296237946,0.11779101192951202,-0.592475950717926;0.48802900314331055,-0.12083667516708374,0.04023527354001999,-0.04514331370592117
;-83.58616638183594;-0.0000025433735117985634,4.827403472518199e-7,-0.0014314259169623256,-0.06947895884513855;4.928819019589525e-10,0.22162632644176483,0.11705909669399261,-0.5918135046958923;0.4870781898498535,-0.12085027992725372,0.04020332172513008,-0.04514539614319801
;-83.59320831298828;-0.000002566996954556089,4.5997103370609693e-7,-0.0014340963680297136,-0.06918540596961975;4.909453954482501e-10,0.22160223126411438,0.11633691936731339,-0.5911494493484497;0.48614639043807983,-0.12086381018161774,0.040171343833208084,-0.04514744132757187
;-83.60011291503906;-0.000002590579242678359,4.383333589430549e-7,-0.0014367784606292844,-0.06889231503009796;4.890519100797519e-10,0.22157861292362213,0.1156240925192833,-0.5904839634895325;0.4852326810359955,-0.12087727338075638,0.040139343589544296,-0.04514944180846214
;-83.60688781738281;-0.0000026141240141441813,4.1776974057938787e-7,-0.001439470681361854,-0.06859968602657318;4.871991698962574e-10,0.22155553102493286,0.1149202212691307,-0.5898169279098511;0.48433616757392883,-0.12089064717292786,0.04010731726884842,-0.045151401311159134
;-83.613525390625;-0.0000026376123969384935,3.982256657764083e-7,-0.0014421731466427445,-0.06830761581659317;4.853853985409273e-10,0.2215328812599182,0.11422494798898697,-0.5891488194465637;0.48345571756362915,-0.12090397626161575,0.04007526859641075,-0.04515331983566284
;-83.62003326416016;-0.00000266106462731841,3.7965170918141666e-7,-0.0014448845759034157,-0.06801604479551315;4.836119282813911e-10,0.22151067852973938,0.11353854089975357,-0.5884791612625122;0.48259252309799194,-0.12091721594333649,0.04004319757223129,-0.045155204832553864
;-83.62641906738281;-0.0000026844520562008256,3.6199645592205343e-7,-0.0014476045034825802,-0.06772511452436447;4.818729304467695e-10,0.2214888036251068,0.11285994201898575,-0.58780837059021;0.4817436933517456,-0.12093040347099304,0.040011096745729446,-0.0451570563018322
;-83.6326904296875;-0.0000027077940103481524,3.4521659131314664e-7,-0.001450332230888307,-0.06743475049734116;4.801716246838339e-10,0.2214674949645996,0.11218976229429245,-0.5871361494064331;0.4809110164642334,-0.12094353884458542,0.03997897356748581,-0.04515886679291725
;-83.63883972167969;-0.0000027310823043080745,3.2926664061960764e-7,-0.0014530677581205964,-0.06714503467082977;4.785037921450908e-10,0.22144651412963867,0.11152732372283936,-0.5865013003349304;0.4800926744937897,-0.12095611542463303,0.039948515594005585,-0.045160651206970215
;-83.64488220214844;-0.000002754309662122978,3.1410559131472837e-7,-0.0014558100374415517,-0.06685596704483032;4.768699324309011e-10,0.22142596542835236,0.1108725443482399,-0.585865318775177;0.479288786649704,-0.12096862494945526,0.03991803899407387,-0.045162394642829895
;-83.65081024169922;-0.000002777486542981933,2.996943351263326e-7,-0.0014585588360205293,-0.066567562520504;4.752698234966601e-10,0.2214057594537735,0.11022544652223587,-0.5852280855178833;0.47849926352500916,-0.12098108977079391,0.03988754004240036,-0.04516410455107689
;-83.6566390991211;-0.0000028006047614326235,2.859949290723307e-7,-0.0014613141538575292,-0.06627984344959259;4.737005787625037e-10,0.22138597071170807,0.10958558320999146,-0.5845897793769836;0.477723091840744,-0.12099349498748779,0.03985701873898506,-0.045165788382291794
;-83.662353515625;-0.0000028236493108124705,2.7297139126858383e-7,-0.0014640750596299767,-0.06599287688732147;4.721600888046851e-10,0.2213664948940277,0.1089526116847992,-0.5839505195617676;0.4769594073295593,-0.12100584805011749,0.039826471358537674,-0.04516744241118431
;-83.66798400878906;-0.000002846627921826439,2.6059032620651124e-7,-0.0014668407384306192,-0.06570664793252945;4.706487977124141e-10,0.221347376704216,0.1083265170454979,-0.5833101868629456;0.47620829939842224,-0.12101815640926361,0.03979590907692909,-0.04516906663775444
;-83.67351531982422;-0.0000028695403671008535,2.4881998683667916e-7,-0.0014696115395054221,-0.06542114168405533;4.691665944633883e-10,0.22132860124111176,0.10770723968744278,-0.5826689600944519;0.47546958923339844,-0.12103042006492615,0.03976532071828842,-0.045170657336711884
;-83.678955078125;-0.000002892380962293828,2.376295071826462e-7,-0.0014723858330398798,-0.06513642519712448;4.677105924777436e-10,0.2213101089000702,0.1070944294333458,-0.5820267200469971;0.47474244236946106,-0.1210426315665245,0.03973470628261566,-0.045172229409217834
;-83.68431091308594;-0.0000029151544822525466,2.269903518481442e-7,-0.001475164433941245,-0.06485249847173691;4.662814023781436e-10,0.22129198908805847,0.10648804157972336,-0.581383466720581;0.4740268588066101,-0.12105480581521988,0.03970407322049141,-0.0451737679541111
;-83.68958282470703;-0.0000029378290946624475,2.168739285934862e-7,-0.001477946643717587,-0.06456942111253738;4.6487422245000687e-10,0.22127409279346466,0.10588738322257996,-0.5807396173477173;0.4733208119869232,-0.12106694281101227,0.039673417806625366,-0.04517529159784317
;-83.69477081298828;-0.0000029604448172904085,2.0725586580283561e-7,-0.0014807311818003654,-0.06428713351488113;4.6349360460773426e-10,0.22125650942325592,0.10529310256242752,-0.5800947546958923;0.4726264774799347,-0.12107903510332108,0.03964274004101753,-0.045176781713962555
;-83.69988250732422;-0.0000029829548111592885,1.9810973128642217e-7,-0.001483517698943615,-0.06400573998689651;4.6213327609123667e-10,0.22123920917510986,0.10470417886972427,-0.5794491171836853;0.4719405174255371,-0.12109110504388809,0.03961203992366791,-0.045178256928920746
;-83.70491790771484;-0.00000300541182696179,1.8941408086448064e-7,-0.0014863061951473355,-0.06372513622045517;4.607987047489104e-10,0.2212221622467041,0.10412154346704483,-0.5788025259971619;0.47126638889312744,-0.12110311537981033,0.039581313729286194,-0.04517970234155655
;-83.70988464355469;-0.0000030277551559265703,1.8114448607775557e-7,-0.0014890964375808835,-0.06344547122716904;4.594822855530367e-10,0.22120535373687744,0.10354388505220413,-0.5781553983688354;0.47059980034828186,-0.12111511826515198,0.03955056890845299,-0.04518113657832146
;-83.71478271484375;-0.0000030500168577418663,1.7328108015135513e-7,-0.001491887611337006,-0.06316667795181274;4.5818737692826517e-10,0.22118881344795227,0.10297183692455292,-0.5775074362754822;0.46994292736053467,-0.12112707644701004,0.03951980173587799,-0.045182544738054276
;-83.71961212158203;-0.0000030721776056452654,1.6580287365286495e-7,-0.0014946790179237723,-0.06288880109786987;4.5691103678358047e-10,0.2211725115776062,0.10240471363067627,-0.5768588185310364;0.46929362416267395,-0.12113899737596512,0.0394890122115612,-0.0451839305460453
;-83.72438049316406;-0.0000030942521789256716,1.5869146352542884e-7,-0.001497470773756504,-0.06261184066534042;4.556540700306755e-10,0.22115638852119446,0.10184279829263687,-0.576209545135498;0.4686530530452728,-0.121150903403759,0.039458200335502625,-0.04518530145287514
;-83.72908782958984;-0.0000031162403502094094,1.5192883040526795e-7,-0.0015002627624198794,-0.0623357892036438;4.5441639340282336e-10,0.22114057838916779,0.10128609836101532,-0.5755594372749329;0.4680211544036865,-0.1211627721786499,0.039427366107702255,-0.04518665000796318
;-83.73372650146484;-0.0000031381143799080746,1.4549691229603923e-7,-0.0015030541690066457,-0.06206069886684418;4.531950092978576e-10,0.22112488746643066,0.1007339134812355,-0.5749089121818542;0.46739593148231506,-0.12117462605237961,0.039396509528160095,-0.04518798738718033
;-83.73831176757812;-0.0000031598913210473256,1.3937994935986353e-7,-0.001505845575593412,-0.06178653612732887;4.519907503830467e-10,0.22110942006111145,0.10018657892942429,-0.5742577910423279;0.4667784869670868,-0.12118645757436752,0.039365626871585846,-0.045189302414655685
;-83.74284362792969;-0.00000318158026857418,1.3356249439766543e-7,-0.0015086361672729254,-0.06151330843567848;4.5080417176990295e-10,0.22109413146972656,0.09964403510093689,-0.5736058950424194;0.46616870164871216,-0.12119825929403305,0.039334721863269806,-0.04519060254096985
;-83.747314453125;-0.000003203165761078708,1.2802944127088267e-7,-0.0015114257112145424,-0.061241038143634796;4.496324979008648e-10,0.22107911109924316,0.09910594671964645,-0.57297283411026;0.46556565165519714,-0.12120978534221649,0.03930465504527092,-0.04519188404083252
;-83.7517318725586;-0.0000032246480259345844,1.227668064984755e-7,-0.0015142138581722975,-0.06096971780061722;4.4847703328798616e-10,0.22106419503688812,0.09857230633497238,-0.572358250617981;0.464969277381897,-0.12122102826833725,0.039275430142879486,-0.045193150639534
;-83.75609588623047;-0.0000032460434340464417,1.1776173636235399e-7,-0.0015170013066381216,-0.06069932132959366;4.473384163095062e-10,0.2210494577884674,0.09804338961839676,-0.5717239379882812;0.46438080072402954,-0.12123250216245651,0.03924532234668732,-0.04519440233707428
;-83.76040649414062;-0.000003267342435719911,1.1300120661417168e-7,-0.0015197877073660493,-0.060429878532886505;4.4621517591991733e-10,0.2210349589586258,0.09751885384321213,-0.571108341217041;0.46379902958869934,-0.12124370038509369,0.0392160564661026,-0.04519564285874367
;-83.76466369628906;-0.0000032885266136872815,1.0847288933746313e-7,-0.0015225724782794714,-0.060161445289850235;4.451053414733508e-10,0.22102056443691254,0.09699840098619461,-0.570492148399353;0.46322301030158997,-0.12125488370656967,0.03918676823377609,-0.04519686475396156
;-83.76887512207031;-0.0000033096218885475537,1.0416574980354198e-7,-0.0015253553865477443,-0.05989396944642067;4.4401021748186054e-10,0.221006378531456,0.09648225456476212,-0.5698755383491516;0.4626537561416626,-0.12126605212688446,0.039157457649707794,-0.045198071748018265
;-83.77304077148438;-0.0000033306132536381483,1.000686182806021e-7,-0.0015281367814168334,-0.0596274770796299;4.4292833289993894e-10,0.2209923416376114,0.09597013890743256,-0.5692583322525024;0.46209031343460083,-0.12127719819545746,0.039128124713897705,-0.04519926756620407
;-83.77715301513672;-0.0000033515177619847236,9.617150453777867e-8,-0.0015309164300560951,-0.05936194583773613;4.418616306178791e-10,0.2209785431623459,0.09546231478452682,-0.5686405897140503;0.46153366565704346,-0.12128831446170807,0.039098773151636124,-0.045200448483228683
;-83.7812271118164;-0.0000033722963053151034,9.246400622942019e-8,-0.0015336943324655294,-0.05909744277596474;4.408061970995192e-10,0.22096484899520874,0.09495814889669418,-0.5680224299430847;0.4609817564487457,-0.12129943072795868,0.03906940296292305,-0.045201610773801804
;-83.7852554321289;-0.0000033929766232176917,8.893713498991929e-8,-0.001536470022983849,-0.05883390083909035;4.397632535901863e-10,0.22095125913619995,0.09445793181657791,-0.5674037933349609;0.46043577790260315,-0.1213105097413063,0.039040014147758484,-0.04520276561379433
;-83.78924560546875;-0.00000341356462740805,8.558204456221574e-8,-0.0015392432687804103,-0.05857134982943535;4.3873399357963194e-10,0.22093787789344788,0.09396164864301682,-0.5667847990989685;0.4598955512046814,-0.12132158875465393,0.03901060298085213,-0.045203909277915955
;-83.79319763183594;-0.0000034340271213295637,8.238977500241162e-8,-0.0015420136041939259,-0.058309853076934814;4.3771325453079157e-10,0.22092458605766296,0.09346867352724075,-0.5661653876304626;0.4593590497970581,-0.12133265286684036,0.03898117318749428,-0.04520504176616669
;-83.79711151123047;-0.000003454388888712856,7.935289403349088e-8,-0.0015447806799784303,-0.05804932862520218;4.3670556060249055e-10,0.22091147303581238,0.09297960251569748,-0.5655454993247986;0.4588284492492676,-0.1213437020778656,0.03895172104239464,-0.045206159353256226
;-83.80099487304688;-0.0000034746321944112424,7.646328725741114e-8,-0.0015475450782105327,-0.05778985098004341;4.357068317251134e-10,0.22089847922325134,0.09249379485845566,-0.5649252533912659;0.45830151438713074,-0.12135473638772964,0.038922250270843506,-0.045207273215055466
;-83.8048324584961;-0.0000034947649965033634,7.37139984607893e-8,-0.001550305518321693,-0.05753137543797493;4.347191218112556e-10,0.22088554501533508,0.09201154857873917,-0.5643045902252197;0.45777952671051025,-0.12136577069759369,0.03889275714755058,-0.045208368450403214
;-83.80864715576172;-0.0000035147993457940174,7.10981495899432e-8,-0.0015530631644651294,-0.05727391317486763;4.3374176472710246e-10,0.22087278962135315,0.09153284132480621,-0.5636835694313049;0.4572623074054718,-0.12137678265571594,0.03886324167251587,-0.045209456235170364
;-83.81242370605469;-0.000003534697498253081,6.860877022063505e-8,-0.0015558162704110146,-0.05701751261949539;4.327719849150924e-10,0.22086012363433838,0.09105706214904785,-0.5630621910095215;0.4567478895187378,-0.1213877946138382,0.03883370757102966,-0.04521053656935692
;-83.81616973876953;-0.000003554487648216309,6.624012627298725e-8,-0.0015585663495585322,-0.056762099266052246;4.318124746660601e-10,0.22084756195545197,0.09058479219675064,-0.5624404549598694;0.45623835921287537,-0.12139878422021866,0.038804151117801666,-0.045211613178253174
;-83.81989288330078;-0.0000035741547890211223,6.398587970579683e-8,-0.0015613115392625332,-0.056507740169763565;4.308599033109317e-10,0.2208351194858551,0.09011541306972504,-0.5618184208869934;0.45573151111602783,-0.12140978127717972,0.03877457603812218,-0.045212674885988235
;-83.8235855102539;-0.000003593721658035065,6.184084355709274e-8,-0.0015640528872609138,-0.05625438690185547;4.299181288747178e-10,0.2208227813243866,0.0896495133638382,-0.5611961483955383;0.4552295506000519,-0.12142076343297958,0.038744982331991196,-0.0452137216925621
;-83.8272476196289;-0.000003613163016780163,5.979929085242475e-8,-0.0015667894622310996,-0.056002069264650345;4.289832655768322e-10,0.22081053256988525,0.08918648958206177,-0.5605735182762146;0.45473042130470276,-0.12143173813819885,0.03871536999940872,-0.04521477222442627
;-83.83088684082031;-0.0000036324686334410217,5.7856158974800564e-8,-0.0015695218462496996,-0.05575080215930939;4.2805525790612364e-10,0.2207983285188675,0.08872631192207336,-0.5599505305290222;0.4542340934276581,-0.12144270539283752,0.03868573158979416,-0.04521581158041954
;-83.8344955444336;-0.0000036516723866952816,5.600683294915143e-8,-0.0015722495736554265,-0.05550054460763931;4.271354381302217e-10,0.22078624367713928,0.08826927840709686,-0.5593273043632507;0.4537416100502014,-0.1214536726474762,0.038656074553728104,-0.045216843485832214
;-83.83808135986328;-0.000003670756314022583,5.424653437557936e-8,-0.0015749724116176367,-0.055251337587833405;4.2622305684858475e-10,0.22077424824237823,0.08781507611274719,-0.5587037801742554;0.4532519280910492,-0.12146463990211487,0.03862639516592026,-0.04521786421537399
;-83.84164428710938;-0.000003689726099764812,5.2571092368225436e-8,-0.001577691175043583,-0.055003125220537186;4.253188634617544e-10,0.22076234221458435,0.08736397325992584,-0.5580799579620361;0.4527661204338074,-0.12147558480501175,0.03859669715166092,-0.04521888494491577
;-83.84518432617188;-0.0000037085844724060735,5.097619037996992e-8,-0.0015804045833647251,-0.05475595220923424;4.2442138692422304e-10,0.22075055539608002,0.08691567927598953,-0.557455837726593;0.45228320360183716,-0.12148652970790863,0.03856697678565979,-0.04521988704800606
;-83.84870147705078;-0.000003727297098521376,4.945773213194116e-8,-0.0015831131022423506,-0.05450982600450516;4.235292949683611e-10,0.22073879837989807,0.08646988868713379,-0.5568314790725708;0.4518018662929535,-0.12149748206138611,0.03853723406791687,-0.04522089287638664
;-83.85220336914062;-0.000003745895583051606,4.801213648875091e-8,-0.0015858164988458157,-0.05426473543047905;4.2264336475028585e-10,0.2207271158695221,0.08602684736251831,-0.5562261939048767;0.451323539018631,-0.1215081661939621,0.038508351892232895,-0.04522189125418663
;-83.85567474365234;-0.0000037643819723598426,4.6635854289434064e-8,-0.0015885147731751204,-0.05402068421244621;4.217642068926608e-10,0.2207155078649521,0.08558660000562668,-0.555639922618866;0.4508479833602905,-0.1215185821056366,0.03848032280802727,-0.04522288218140602
;-83.85912322998047;-0.0000037827664982614806,4.532563835368819e-8,-0.0015912080416455865,-0.05377759039402008;4.208936810190522e-10,0.22070400416851044,0.0851493775844574,-0.5550339818000793;0.45037633180618286,-0.12152925878763199,0.03845139592885971,-0.04522386193275452
;-83.862548828125;-0.0000038010223306628177,4.407796438954392e-8,-0.0015938965370878577,-0.05353555455803871;4.2002729072621037e-10,0.22069257497787476,0.0847146064043045,-0.554408609867096;0.44990652799606323,-0.12154018878936768,0.03842157870531082,-0.045224837958812714
;-83.86595153808594;-0.000003819166977336863,4.2889926277212e-8,-0.001596580259501934,-0.053294528275728226;4.191681446386042e-10,0.22068120539188385,0.08428255468606949,-0.5538022518157959;0.44943952560424805,-0.12155085802078247,0.03839261084794998,-0.04522581398487091
;-83.86933898925781;-0.000003837220447167056,4.175873868916824e-8,-0.0015992596745491028,-0.05305449292063713;4.1831760277943886e-10,0.2206699699163437,0.08385347574949265,-0.5531956553459167;0.44897639751434326,-0.12156151980161667,0.03836362808942795,-0.045226771384477615
;-83.8727035522461;-0.0000038551288525923155,4.068123260481116e-8,-0.0016019337344914675,-0.0528155155479908;4.1746925361074716e-10,0.22065871953964233,0.08342653512954712,-0.5526081323623657;0.4485141336917877,-0.12157192081212997,0.03833550214767456,-0.04522773250937462
;-83.87604522705078;-0.000003872939032589784,3.9655169814523106e-8,-0.0016046023229137063,-0.052577514201402664;4.166294531593451e-10,0.22064760327339172,0.08300254493951797,-0.5520203113555908;0.4480557441711426,-0.12158231437206268,0.03830736130475998,-0.045228686183691025
;-83.87936401367188;-0.00000389063507100218,3.867777920163462e-8,-0.001607266254723072,-0.052340537309646606;4.1579489851173435e-10,0.2206365168094635,0.08258095383644104,-0.551432192325592;0.4475991427898407,-0.12159270793199539,0.038279201835393906,-0.045229632407426834
;-83.8826675415039;-0.000003908228336513275,3.774681900381438e-8,-0.0016099256463348866,-0.05210455507040024;4.14966311312881e-10,0.22062551975250244,0.08216198533773422,-0.5508440136909485;0.44714540243148804,-0.1216031014919281,0.03825102001428604,-0.045230571180582047
;-83.88595581054688;-0.000003925700184481684,3.6859884033901835e-8,-0.0016125799156725407,-0.05186959356069565;4.1414244256188226e-10,0.22061458230018616,0.08174540847539902,-0.5502554178237915;0.446693480014801,-0.12161348760128021,0.03822282329201698,-0.04523150622844696
;-83.88922119140625;-0.0000039430656215699855,3.601495635052743e-8,-0.0016152294119819999,-0.051635611802339554;4.1332512412672884e-10,0.22060368955135345,0.08133143186569214,-0.549666702747345;0.44624456763267517,-0.12162386626005173,0.038194604218006134,-0.045232437551021576
;-83.89247131347656;-0.000003960313733841758,3.520985458749237e-8,-0.0016178736696019769,-0.05140264704823494;4.1251232985040076e-10,0.2205929011106491,0.08091980218887329,-0.5490778088569641;0.44579729437828064,-0.12163425236940384,0.03816637024283409,-0.045233357697725296
;-83.89570617675781;-0.000003977448159275809,3.4442642515841726e-8,-0.0016205125721171498,-0.051170676946640015;4.117042262663517e-10,0.22058215737342834,0.08051050454378128,-0.5484887361526489;0.44535204768180847,-0.12164463102817535,0.038138117641210556,-0.045234277844429016
;-83.89891815185547;-0.000003994467533630086,3.371146561903515e-8,-0.0016231463523581624,-0.05093972012400627;4.1090064684112804e-10,0.22057144343852997,0.08010352402925491,-0.5478994250297546;0.4449085593223572,-0.12165501713752747,0.03810984268784523,-0.04523519426584244
;-83.9021224975586;-0.000004011366854683729,3.301456175108797e-8,-0.001625774777494371,-0.050709761679172516;4.1010114748551985e-10,0.22056077420711517,0.07969885319471359,-0.5473099946975708;0.4444669187068939,-0.12166540324687958,0.03808154910802841,-0.04523610696196556
;-83.90531158447266;-0.000004028156126878457,3.2350264689284813e-8,-0.0016283978475257754,-0.05048077926039696;4.0930675515582493e-10,0.22055017948150635,0.07929648458957672,-0.5467203259468079;0.4440270960330963,-0.12167578935623169,0.0380532443523407,-0.04523701220750809
;-83.90848541259766;-0.000004044856268592412,3.1717082293880594e-8,-0.0016310149803757668,-0.0502527616918087;4.0851882987524846e-10,0.2205396294593811,0.0788966491818428,-0.546130359172821;0.4435901641845703,-0.1216861680150032,0.038024913519620895,-0.045237913727760315
;-83.91165161132812;-0.000004061407253175275,3.1113188470044406e-8,-0.0016336272237822413,-0.05002579092979431;4.077310988837013e-10,0.22052915394306183,0.07849856466054916,-0.5455405116081238;0.44315314292907715,-0.12169655412435532,0.0379965677857399,-0.04523881524801254
;-83.914794921875;-0.000004077862740814453,3.053744990211271e-8,-0.0016362329479306936,-0.04979977384209633;4.0695033454163365e-10,0.22051864862442017,0.07810301333665848,-0.5449503660202026;0.44271883368492126,-0.12170693278312683,0.03796820342540741,-0.045239705592393875
;-83.91793060302734;-0.0000040941945371741895,2.998830339606684e-8,-0.0016388341318815947,-0.04957475885748863;4.061716518677372e-10,0.22050823271274567,0.07770945131778717,-0.5443600416183472;0.4422854781150818,-0.12171732634305954,0.03793981298804283,-0.045240599662065506
;-83.92105865478516;-0.000004110418558411766,2.946453570018548e-8,-0.0016414291458204389,-0.04935073480010033;4.0539746559709045e-10,0.22049783170223236,0.07731813192367554,-0.5437695384025574;0.44185394048690796,-0.12172771990299225,0.03791141137480736,-0.04524148628115654
;-83.9241714477539;-0.000004126514340896392,2.8964821652266437e-8,-0.0016440184554085135,-0.04912770166993141;4.046264712176395e-10,0.22048744559288025,0.07692878693342209,-0.543178915977478;0.4414232075214386,-0.12173810601234436,0.03788298740983009,-0.04524237662553787
;-83.92726135253906;-0.000004142512352700578,2.848807945099452e-8,-0.0016466017113998532,-0.0489056371152401;4.03859418129926e-10,0.2204771488904953,0.07654166221618652,-0.5426074266433716;0.44099438190460205,-0.12174823135137558,0.03785543516278267,-0.04524325579404831
;-83.93034362792969;-0.0000041584239625080954,2.803328591483023e-8,-0.0016491800779476762,-0.0486845038831234;4.0309872106902844e-10,0.22046686708927155,0.07615701854228973,-0.5420163869857788;0.44056838750839233,-0.12175862491130829,0.03782697394490242,-0.04524413123726845
;-83.93341827392578;-0.00000417419050791068,2.759908568350511e-8,-0.0016517529729753733,-0.04846438020467758;4.023386901419457e-10,0.22045662999153137,0.07577405124902725,-0.5414445400238037;0.44014227390289307,-0.1217687577009201,0.03779938817024231,-0.04524500295519829
;-83.93647003173828;-0.000004189882474747719,2.7184750450715e-8,-0.0016543203964829445,-0.04824519157409668;4.0158509850840574e-10,0.22044649720191956,0.07539352774620056,-0.5408918261528015;0.43971893191337585,-0.12177861481904984,0.03777267411351204,-0.04524587467312813
;-83.93950653076172;-0.000004205473032925511,2.6789223284140462e-8,-0.0016568830469623208,-0.048026952892541885;4.008359477669643e-10,0.22043636441230774,0.07501517981290817,-0.5403388142585754;0.439297616481781,-0.12178846448659897,0.037745941430330276,-0.04524673894047737
;-83.94253540039062;-0.000004220948540023528,2.6411500542167232e-8,-0.001659440458752215,-0.04780969023704529;4.000893227829039e-10,0.2204262614250183,0.0746387392282486,-0.5397858023643494;0.438877135515213,-0.1217983290553093,0.03771919384598732,-0.045247603207826614
;-83.94554138183594;-0.000004236340373608982,2.6050885892914266e-8,-0.0016619928646832705,-0.047593336552381516;3.993490260700838e-10,0.22041629254817963,0.07426471263170242,-0.5392324924468994;0.43845951557159424,-0.12180817872285843,0.03769242763519287,-0.04524845629930496
;-83.94854736328125;-0.00000425162124884082,2.570637924748098e-8,-0.0016645407304167747,-0.04737795889377594;3.98611310625796e-10,0.22040630877017975,0.07389256358146667,-0.5386790633201599;0.43804270029067993,-0.12181804329156876,0.03766564652323723,-0.04524930939078331
;-83.95153045654297;-0.000004266782980266726,2.5377190127073845e-8,-0.0016670826589688659,-0.047163549810647964;3.978755380718013e-10,0.22039636969566345,0.07352231442928314,-0.5381062626838684;0.43762674927711487,-0.12182817608118057,0.03763795271515846,-0.04525015875697136
;-83.95451354980469;-0.000004281858309695963,2.5062654174234922e-8,-0.0016696193488314748,-0.046950072050094604;3.971447615214174e-10,0.22038646042346954,0.07315416634082794,-0.5375333428382874;0.437212735414505,-0.12183830142021179,0.0376102440059185,-0.04525100439786911
;-83.95748138427734;-0.000004296814950066619,2.476197913381384e-8,-0.0016721506835892797,-0.04673754796385765;3.964164552172633e-10,0.22037656605243683,0.07278789579868317,-0.5369794964790344;0.43679946660995483,-0.12184816598892212,0.03758341446518898,-0.04525185003876686
;-83.96044158935547;-0.000004311683824198553,2.4474569926269396e-8,-0.0016746760811656713,-0.04652594029903412;3.956920346936954e-10,0.22036674618721008,0.07242372632026672,-0.5364254713058472;0.43638813495635986,-0.12185803055763245,0.03755656257271767,-0.04525269195437431
;-83.96339416503906;-0.000004326417638367275,2.4199616532882828e-8,-0.0016771963564679027,-0.046315308660268784;3.9496875214872773e-10,0.22035695612430573,0.07206115126609802,-0.5358521938323975;0.4359765648841858,-0.12186818569898605,0.03752880170941353,-0.04525352641940117
;-83.9663314819336;-0.000004341066869528731,2.3936671311730606e-8,-0.00167971127666533,-0.04610559716820717;3.9424935538434625e-10,0.22034715116024017,0.07170066982507706,-0.5352979898452759;0.4355669915676117,-0.12187805026769638,0.03750191628932953,-0.04525436460971832
;-83.9692611694336;-0.000004355628789198818,2.3685156946839925e-8,-0.0016822203760966659,-0.045896805822849274;3.9353476033454626e-10,0.22033746540546417,0.07134226709604263,-0.5347435474395752;0.43515920639038086,-0.1218879222869873,0.037475015968084335,-0.04525519534945488
;-83.97218322753906;-0.000004370058832137147,2.3444352237333987e-8,-0.0016847237711772323,-0.04568896070122719;3.9282030406262436e-10,0.2203277200460434,0.07098542898893356,-0.5341891646385193;0.4347512423992157,-0.12189780920743942,0.03744809702038765,-0.04525602608919144
;-83.97509002685547;-0.0000043844079300470185,2.3213894806417557e-8,-0.0016872220439836383,-0.04548202455043793;3.921107327720108e-10,0.22031806409358978,0.07063064724206924,-0.533634603023529;0.43434518575668335,-0.12190768867731094,0.03742116689682007,-0.0452568493783474
;-83.97799682617188;-0.000004398666078486713,2.2993281945105082e-8,-0.0016897156601771712,-0.0452759750187397;3.914049917508322e-10,0.22030843794345856,0.07027791440486908,-0.5330797433853149;0.4339410662651062,-0.12191756814718246,0.0373942106962204,-0.04525767266750336
;-83.98088836669922;-0.0000044127814362582285,2.2781799557947124e-8,-0.00169220264069736,-0.04507090523838997;3.9069791846202406e-10,0.22029878199100494,0.06992650032043457,-0.5325250029563904;0.4335356056690216,-0.12192746251821518,0.03736724704504013,-0.04525849595665932
;-83.98377227783203;-0.000004426840860105585,2.257931619453757e-8,-0.001694684848189354,-0.044866688549518585;3.8999714568888066e-10,0.22028926014900208,0.06957735121250153,-0.5319700837135315;0.43313318490982056,-0.1219373419880867,0.03734026104211807,-0.04525931552052498
;-83.98664855957031;-0.000004440790235094028,2.2385238551692055e-8,-0.001697161584161222,-0.04466339200735092;3.892992872511769e-10,0.22027970850467682,0.06922997534275055,-0.5314150452613831;0.4327315092086792,-0.12194724380970001,0.03731326013803482,-0.04526012763381004
;-83.98951721191406;-0.000004454624559002696,2.2199085236707106e-8,-0.0016996328486129642,-0.04446103796362877;3.886015398357756e-10,0.22027015686035156,0.06888413429260254,-0.5308598279953003;0.4323296844959259,-0.12195713818073273,0.037286240607500076,-0.045260947197675705
;-83.99237823486328;-0.000004468358383746818,2.2020541834422147e-8,-0.0017020981758832932,-0.04425957426428795;3.879062071554529e-10,0.22026066482067108,0.068540059030056,-0.5303045511245728;0.43192872405052185,-0.12196704745292664,0.03725920617580414,-0.04526175558567047
;-83.99523162841797;-0.00000448199989477871,2.1849315245958678e-8,-0.0017045586137101054,-0.04405900090932846;3.8721517658935056e-10,0.220251202583313,0.06819797307252884,-0.5297491550445557;0.43152961134910583,-0.12197694927453995,0.03723215311765671,-0.045262567698955536
;-83.99808502197266;-0.00000449553272119374,2.168490098597431e-8,-0.0017070132307708263,-0.04385936260223389;3.8652470113476056e-10,0.22024177014827728,0.06785739958286285,-0.5291936993598938;0.4311303496360779,-0.12198686599731445,0.037205085158348083,-0.0452633760869503
;-84.00093078613281;-0.000004508970505412435,2.1527041482727327e-8,-0.0017094621434807777,-0.04366060718894005;3.8583669592640035e-10,0.22023235261440277,0.06751856207847595,-0.5286380648612976;0.4307319223880768,-0.12199677526950836,0.03717799857258797,-0.04526418074965477
;-84.00376892089844;-0.000004522283234109636,2.1375342384999385e-8,-0.0017119048861786723,-0.04346277564764023;3.8514924582955246e-10,0.22022287547588348,0.06718121469020844,-0.5280824899673462;0.4303332567214966,-0.12200669944286346,0.037150897085666656,-0.045264989137649536
;-84.00659942626953;-0.0000045355122892942745,2.122957987182872e-8,-0.0017143419245257974,-0.04326581954956055;3.844642104677831e-10,0.22021353244781494,0.0668456107378006,-0.5275266766548157;0.4299354553222656,-0.12201663106679916,0.037123776972293854,-0.045265793800354004
;-84.0094223022461;-0.000004548659035208402,2.108953900403776e-8,-0.001716773258522153,-0.04306972026824951;3.837835049758098e-10,0.220204159617424,0.06651194393634796,-0.5269706845283508;0.42953962087631226,-0.12202655524015427,0.03709664195775986,-0.04526659473776817
;-84.01224517822266;-0.00000456168800155865,2.0954797008698733e-8,-0.0017191992374137044,-0.0428745336830616;3.83103271328622e-10,0.22019481658935547,0.06617975980043411,-0.5264148712158203;0.4291435480117798,-0.12203649431467056,0.03706948831677437,-0.04526739567518234
;-84.01506042480469;-0.000004574605554807931,2.0825089208642567e-8,-0.0017216191627085209,-0.04268024489283562;3.824236205485221e-10,0.22018547356128693,0.06584904342889786,-0.5258588790893555;0.4287472367286682,-0.12204644083976746,0.03704231604933739,-0.04526819288730621
;-84.01787567138672;-0.000004587431703839684,2.0700252179040035e-8,-0.0017240335000678897,-0.04248683154582977;3.8174638450350074e-10,0.22017614543437958,0.0655200257897377,-0.5253027677536011;0.42835187911987305,-0.12205638736486435,0.03701512888073921,-0.04526899382472038
;-84.02068328857422;-0.000004600164174917154,2.058004255900414e-8,-0.0017264417838305235,-0.042294278740882874;3.8107156319355795e-10,0.22016684710979462,0.06519269943237305,-0.5247465372085571;0.4279572665691376,-0.12206634134054184,0.03698792681097984,-0.04526978358626366
;-84.02348327636719;-0.000004612784323398955,2.0464167249656384e-8,-0.001728844246827066,-0.0421026237308979;3.803972969951275e-10,0.22015754878520966,0.06486682593822479,-0.5241901874542236;0.42756256461143494,-0.12207631021738052,0.036960702389478683,-0.04527058079838753
;-84.02628326416016;-0.000004625314886652632,2.035248947152013e-8,-0.0017312411218881607,-0.04191182553768158;3.7972541777619995e-10,0.22014829516410828,0.06454262882471085,-0.5236338973045349;0.427168607711792,-0.12208627164363861,0.03693346306681633,-0.0452713742852211
;-84.02908325195312;-0.000004637739493773552,2.0244730336571592e-8,-0.001733632292598486,-0.041721899062395096;3.7905362182399926e-10,0.2201390266418457,0.0642198696732521,-0.5230774879455566;0.4267745018005371,-0.12209624797105789,0.036906205117702484,-0.04527216777205467
;-84.03186798095703;-0.000004650067239708733,2.0140769052545693e-8,-0.0017360174097120762,-0.04153283312916756;3.783846569405114e-10,0.22012974321842194,0.06389877945184708,-0.5225210189819336;0.42638126015663147,-0.12210623174905777,0.03687893599271774,-0.045272957533597946
;-84.03465270996094;-0.000004662318588088965,2.004042798375849e-8,-0.0017383969388902187,-0.04134461283683777;3.7771810679210205e-10,0.22012053430080414,0.06357932090759277,-0.5219643712043762;0.4259888529777527,-0.12211620807647705,0.03685164451599121,-0.04527375102043152
;-84.03743743896484;-0.0000046744567043788265,1.994346021660931e-8,-0.0017407702980563045,-0.041157256811857224;3.770520284884782e-10,0.22011128067970276,0.06326129287481308,-0.5214077234268188;0.4255962073802948,-0.12212619930505753,0.036824338138103485,-0.045274537056684494
;-84.04020690917969;-0.000004686530246544862,1.98498408821024e-8,-0.001743139000609517,-0.04097071662545204;3.7638975269871366e-10,0.22010217607021332,0.06294512748718262,-0.5208895206451416;0.4252054989337921,-0.12213563919067383,0.036798834800720215,-0.04527531936764717
;-84.04296875;-0.000004698507837019861,1.975926799957506e-8,-0.0017455016495659947,-0.0407850407063961;3.757284483540957e-10,0.2200929969549179,0.06263036280870438,-0.5203519463539124;0.4248146712779999,-0.12214536219835281,0.036772407591342926,-0.04527610167860985
;-84.04572296142578;-0.000004710413122666068,1.9671746898097808e-8,-0.0017478595254942775,-0.04060017690062523;3.750713906125469e-10,0.22008386254310608,0.06231744587421417,-0.5198141932487488;0.42442572116851807,-0.1221550777554512,0.036745961755514145,-0.045276887714862823
;-84.04846954345703;-0.000004722214271168923,1.9586982702435307e-8,-0.0017502127448096871,-0.0404161736369133;3.7441436062657374e-10,0.22007477283477783,0.062005914747714996,-0.5192956924438477;0.42403659224510193,-0.1221645399928093,0.03672041371464729,-0.0452776663005352
;-84.05120849609375;-0.00000473395493827411,1.950498607072859e-8,-0.0017525608418509364,-0.04023296386003494;3.73761993577304e-10,0.22006569802761078,0.06169620156288147,-0.5187771320343018;0.42364931106567383,-0.1221739798784256,0.03669485077261925,-0.04527844116091728
;-84.05393981933594;-0.000004745601017930312,1.9425486996738073e-8,-0.0017549043986946344,-0.04005059972405434;3.731102093951222e-10,0.22005662322044373,0.061387863010168076,-0.5182584524154663;0.42326200008392334,-0.1221834346652031,0.03666926920413971,-0.04527921602129936
;-84.0566635131836;-0.000004757180249725934,1.9348505020388984e-8,-0.001757242833264172,-0.0398690328001976;3.724620334377704e-10,0.22004762291908264,0.061081331223249435,-0.5177395939826965;0.42287641763687134,-0.12219289690256119,0.036643676459789276,-0.045279987156391144
;-84.05937957763672;-0.000004768654434883501,1.927378612265329e-8,-0.0017595768440514803,-0.03968830406665802;3.71814912192292e-10,0.22003860771656036,0.060776159167289734,-0.5172207355499268;0.42249080538749695,-0.12220235913991928,0.03661806881427765,-0.045280758291482925
;-84.06208801269531;-0.000004780083600053331,1.9201355172526746e-8,-0.0017619061982259154,-0.039508361369371414;3.711714546827949e-10,0.22002960741519928,0.060472775250673294,-0.5167017579078674;0.42210713028907776,-0.12221182137727737,0.03659244626760483,-0.04528152942657471
;-84.06478881835938;-0.000004791401806869544,1.913097058547919e-8,-0.0017642311286181211,-0.03932924568653107;3.7052849677365884e-10,0.220020592212677,0.060170747339725494,-0.5161826014518738;0.4217231869697571,-0.12222128361463547,0.036566805094480515,-0.04528229311108589
;-84.0674819946289;-0.0000048026467993622646,1.9062603939801193e-8,-0.0017665510531514883,-0.03915093466639519;3.698883976888112e-10,0.2200116068124771,0.05987027287483215,-0.5156634449958801;0.4213401973247528,-0.12223076075315475,0.036541152745485306,-0.045283060520887375
;-84.07017517089844;-0.000004813820851268247,1.8996157535866587e-8,-0.0017688664374873042,-0.038973428308963776;3.692501027163786e-10,0.22000272572040558,0.05957134813070297,-0.5151442289352417;0.4209580719470978,-0.12224023789167404,0.036515481770038605,-0.04528382420539856
;-84.07286071777344;-0.000004824911684409017,1.8931542555833403e-8,-0.001771176583133638,-0.038796719163656235;3.686141392122977e-10,0.21999379992485046,0.059273961931467056,-0.5146247744560242;0.4205767810344696,-0.12224971503019333,0.03648979961872101,-0.045284587889909744
;-84.0755386352539;-0.000004835904746869346,1.8868604456656612e-8,-0.0017734816065058112,-0.03862082213163376;3.6797917490893894e-10,0.21998487412929535,0.05897790193557739,-0.514105498790741;0.4201953113079071,-0.12225920706987381,0.03646409884095192,-0.04528534784913063
;-84.07820892333984;-0.000004846857336815447,1.8807400081755077e-8,-0.001775782206095755,-0.03844570368528366;3.6734781883041023e-10,0.219976007938385,0.05868358910083771,-0.5135858654975891;0.4198158383369446,-0.1222686916589737,0.036438386887311935,-0.04528610408306122
;-84.08087921142578;-0.000004857705789618194,1.874771449195123e-8,-0.001778077450580895,-0.03827138617634773;3.66716934596667e-10,0.21996714174747467,0.05839058384299278,-0.513066291809082;0.4194360673427582,-0.12227818369865417,0.03641266003251076,-0.045286860316991806
;-84.08354187011719;-0.0000048684546527510975,1.8689473080257812e-8,-0.0017803679220378399,-0.03809787333011627;3.6608660547443606e-10,0.2199583202600479,0.05809887871146202,-0.5125465989112854;0.41905614733695984,-0.12228769063949585,0.03638691455125809,-0.045287616550922394
;-84.0862045288086;-0.000004879135758528719,1.863267584667483e-8,-0.0017826532712206244,-0.03792514279484749;3.654590519097667e-10,0.21994946897029877,0.05780869722366333,-0.512026846408844;0.4186771810054779,-0.12229719012975693,0.03636115416884422,-0.04528837278485298
;-84.08885955810547;-0.000004889751835435163,1.857725351328554e-8,-0.0017849337309598923,-0.037753187119960785;3.6483330245751233e-10,0.21994061768054962,0.057520005851984024,-0.5115070343017578;0.41829895973205566,-0.1223067045211792,0.036335378885269165,-0.04528912529349327
;-84.09150695800781;-0.000004900292424281361,1.852314390760057e-8,-0.0017872096505016088,-0.03758201003074646;3.6420982896245846e-10,0.21993185579776764,0.0572328045964241,-0.5110064148902893;0.41792166233062744,-0.12231593579053879,0.03631051257252693,-0.04528987780213356
;-84.09415435791016;-0.0000049107388804259244,1.847021913192748e-8,-0.0017894807970151305,-0.03741161897778511;3.6358685506776567e-10,0.21992310881614685,0.056946899741888046,-0.510486364364624;0.4175442159175873,-0.12232545018196106,0.036284707486629486,-0.04529062658548355
;-84.09679412841797;-0.0000049210925681109075,1.8418425895561086e-8,-0.0017917463555932045,-0.037242013961076736;3.6296435301785834e-10,0.2199143022298813,0.05666226148605347,-0.5099663138389587;0.417166531085968,-0.12233497947454453,0.03625888377428055,-0.04529137909412384
;-84.09943389892578;-0.000004931372131977696,1.836776952757191e-8,-0.0017940070247277617,-0.037073180079460144;3.6234418243630273e-10,0.2199055403470993,0.056379109621047974,-0.5094462037086487;0.4167897701263428,-0.12234450876712799,0.03623305261135101,-0.04529212787747383
;-84.10206604003906;-0.000004941570750816027,1.8318138117479066e-8,-0.001796262338757515,-0.03690512478351593;3.6172442818838135e-10,0.2198968231678009,0.05609722435474396,-0.5089260935783386;0.4164128005504608,-0.12235404551029205,0.036207202821969986,-0.045292872935533524
;-84.10469818115234;-0.000004951697519572917,1.8269544099780433e-8,-0.0017985127633437514,-0.03673781827092171;3.6110747725359715e-10,0.21988807618618011,0.05581679567694664,-0.5084057450294495;0.4160367250442505,-0.12236359715461731,0.036181338131427765,-0.045293621718883514
;-84.10733032226562;-0.000004961731974617578,1.8221875563995127e-8,-0.0018007581820711493,-0.036571282893419266;3.6049052631881295e-10,0.21987932920455933,0.055537618696689606,-0.5078855156898499;0.41566041111946106,-0.12237314134836197,0.03615545481443405,-0.04529436677694321
;-84.10995483398438;-0.000004971697762812255,1.81751573791189e-8,-0.0018029984785243869,-0.036405500024557114;3.59875795830078e-10,0.21987059712409973,0.05525990575551987,-0.5073650479316711;0.41528502106666565,-0.12238270044326782,0.036129556596279144,-0.0452951081097126
;-84.11257934570312;-0.000004981583515473176,1.8129270529243513e-8,-0.0018052334198728204,-0.036240484565496445;3.5926156494170414e-10,0.21986189484596252,0.05498342588543892,-0.5068446397781372;0.4149094521999359,-0.12239226698875427,0.03610364720225334,-0.04529585316777229
;-84.11519622802734;-0.000004991381047148025,1.8084191921730053e-8,-0.0018074640538543463,-0.03607623279094696;3.5864783365369135e-10,0.21985319256782532,0.05470818653702736,-0.5063241124153137;0.4145336449146271,-0.12240183353424072,0.03607771918177605,-0.045296601951122284
;-84.11781311035156;-0.000005001109002478188,1.8039935767433235e-8,-0.0018096886342391372,-0.03591271862387657;3.5803635056730343e-10,0.2198445051908493,0.05443437770009041,-0.5058035254478455;0.4141586720943451,-0.12241140753030777,0.036051779985427856,-0.04529733955860138
;-84.12042999267578;-0.0000050107792048947886,1.799647186828679e-8,-0.0018119087908416986,-0.03574993833899498;3.574271156825404e-10,0.21983589231967926,0.054162006825208664,-0.5052828788757324;0.4137847125530243,-0.12242098897695541,0.036025822162628174,-0.045298077166080475
;-84.12303924560547;-0.0000050203320824948605,1.7953626141320456e-8,-0.0018141238251700997,-0.03558793663978577;3.5681654853014777e-10,0.21982721984386444,0.0538906529545784,-0.5047814846038818;0.4134093225002289,-0.12243028730154037,0.036000777035951614,-0.04529882222414017
;-84.1256332397461;-0.000005029851308790967,1.7911574445861334e-8,-0.001816333970054984,-0.03542664274573326;3.5621003369179505e-10,0.219818577170372,0.05362090840935707,-0.5042800903320312;0.4130360782146454,-0.12243959307670593,0.03597571700811386,-0.04529955983161926
;-84.12822723388672;-0.0000050393095989420544,1.7870213753212738e-8,-0.0018185399239882827,-0.03526607155799866;3.556057948106428e-10,0.21980997920036316,0.05335257574915886,-0.5037978291511536;0.4126635789871216,-0.12244861572980881,0.03595157340168953,-0.04530029371380806
;-84.13081359863281;-0.000005048708771937527,1.782951564166524e-8,-0.0018207411048933864,-0.035106219351291656;3.5500333228632996e-10,0.2198013961315155,0.053085628896951675,-0.5033154487609863;0.4122920632362366,-0.12245763093233109,0.035927414894104004,-0.04530102387070656
;-84.13339233398438;-0.00000505802108818898,1.7789387740663187e-8,-0.0018229387933388352,-0.03494710475206375;3.5440181345158805e-10,0.21979285776615143,0.052819881588220596,-0.5028330683708191;0.41192033886909485,-0.12246666103601456,0.03590324521064758,-0.045301761478185654
;-84.13595581054688;-0.000005067291567684151,1.7749938407973787e-8,-0.0018251320580020547,-0.03478867933154106;3.538042636641592e-10,0.21978431940078735,0.05255572497844696,-0.5023505091667175;0.4115505814552307,-0.12247568368911743,0.03587906062602997,-0.045302484184503555
;-84.13851928710938;-0.00000507651975567569,1.771107349668455e-8,-0.0018273219466209412,-0.03463095799088478;3.532089898339308e-10,0.21977581083774567,0.05229293555021286,-0.501867949962616;0.4111817479133606,-0.1224847137928009,0.03585486114025116,-0.045303214341402054
;-84.14107513427734;-0.000005085656994197052,1.7672702412596664e-8,-0.0018295077607035637,-0.034473974257707596;3.5261416009291224e-10,0.21976728737354279,0.05203132703900337,-0.5013852119445801;0.4108126759529114,-0.12249375134706497,0.035830650478601456,-0.045303940773010254
;-84.14362335205078;-0.000005094756943435641,1.7634931737120496e-8,-0.0018316892674192786,-0.03431767597794533;3.520228553099969e-10,0.21975891292095184,0.05177127197384834,-0.5009024143218994;0.4104456901550293,-0.12250278145074844,0.03580642491579056,-0.045304663479328156
;-84.14617156982422;-0.000005103776857140474,1.7597610479924697e-8,-0.0018338672816753387,-0.03416209667921066;3.5143249421665246e-10,0.21975044906139374,0.051512379199266434,-0.500419557094574;0.4100784659385681,-0.12251181900501251,0.035782188177108765,-0.04530538246035576
;-84.14871215820312;-0.0000051127426559105515,1.756078482628709e-8,-0.0018360408721491694,-0.03400722146034241;3.508443813249329e-10,0.21974201500415802,0.05125484988093376,-0.49993661046028137;0.4097121059894562,-0.12252086400985718,0.035757940262556076,-0.04530610144138336
;-84.1512451171875;-0.000005121629783388926,1.7524369511079385e-8,-0.0018382101552560925,-0.033853061497211456;3.502561851664865e-10,0.21973364055156708,0.050998467952013016,-0.49945366382598877;0.40934568643569946,-0.12252991646528244,0.0357336699962616,-0.045306820422410965
;-84.15377044677734;-0.000005130475528858369,1.7488472892068785e-8,-0.0018403753638267517,-0.03369957581162453;3.496724299001386e-10,0.21972525119781494,0.05074361339211464,-0.4989704489707947;0.4089811146259308,-0.1225389614701271,0.03570939227938652,-0.04530753940343857
;-84.15628814697266;-0.000005139251697983127,1.7452952860708137e-8,-0.0018425366142764688,-0.033546801656484604;3.490887023893663e-10,0.2197168469429016,0.05048990249633789,-0.498487263917923;0.40861642360687256,-0.12254801392555237,0.03568510338664055,-0.045308250933885574
;-84.15880584716797;-0.000005147976480657235,1.7417853825918428e-8,-0.0018446936737746,-0.0333947129547596;3.4850758390270187e-10,0.21970854699611664,0.0502375066280365,-0.4980039596557617;0.4082525968551636,-0.12255707383155823,0.03566079959273338,-0.04530896246433258
;-84.16132354736328;-0.000005156616225576727,1.7383092298928204e-8,-0.0018468472408130765,-0.0332433320581913;3.4792649317161306e-10,0.2197001874446869,0.04998624697327614,-0.4975205957889557;0.40788865089416504,-0.12256614863872528,0.035636480897665024,-0.045309681445360184
;-84.16382598876953;-0.000005165203674550867,1.734872157044265e-8,-0.001848995452746749,-0.03309263288974762;3.473480114646321e-10,0.2196919023990631,0.04973631352186203,-0.49703723192214966;0.40752556920051575,-0.12257521599531174,0.03561214357614517,-0.04531038925051689
;-84.16633605957031;-0.000005173716544959461,1.731465815169031e-8,-0.0018511404050514102,-0.032942626625299454;3.467695297576512e-10,0.21968360245227814,0.04948749765753746,-0.49655377864837646;0.40716230869293213,-0.1225842833518982,0.03558780252933502,-0.0453111007809639
;-84.16883087158203;-0.000005182180757401511,1.7280958886090048e-8,-0.0018532805843278766,-0.032793302088975906;3.4619368483035373e-10,0.21967531740665436,0.04923997446894646,-0.4960702657699585;0.40679991245269775,-0.12259337306022644,0.03556344285607338,-0.045311808586120605
;-84.17132568359375;-0.000005190587671677349,1.724760423371663e-8,-0.0018554170383140445,-0.032644644379615784;3.4561956074874445e-10,0.21966703236103058,0.04899376258254051,-0.49558666348457336;0.4064384996891022,-0.1226024404168129,0.03553907200694084,-0.045312512665987015
;-84.17382049560547;-0.000005198919552640291,1.7214523140296478e-8,-0.0018575494177639484,-0.032496679574251175;3.450463526011305e-10,0.21965880692005157,0.048748649656772614,-0.49510297179222107;0.4060768783092499,-0.12261153757572174,0.03551468625664711,-0.04531322047114372
;-84.17630767822266;-0.000005207205958868144,1.718176179110742e-8,-0.0018596769077703357,-0.03234938159584999;3.4447483754362906e-10,0.21965058147907257,0.04850482568144798,-0.4946191906929016;0.4057161509990692,-0.12262062728404999,0.035490285605192184,-0.04531392455101013
;-84.17879486083984;-0.000005215408691583434,1.7149250908232716e-8,-0.0018618004396557808,-0.03220276162028313;3.4390421066454735e-10,0.21964234113693237,0.0482620932161808,-0.49413543939590454;0.40535521507263184,-0.12262972444295883,0.035465873777866364,-0.04531462863087654
;-84.1812744140625;-0.000005223544576438144,1.7116972728103974e-8,-0.0018639190820977092,-0.032056812196969986;3.433335282743144e-10,0.21963408589363098,0.048020463436841965,-0.4936516284942627;0.4049941897392273,-0.12263883650302887,0.03544145077466965,-0.04531533271074295
;-84.18375396728516;-0.000005231628165347502,1.7084984094140054e-8,-0.0018660338828340173,-0.03191153705120087;3.427650663301307e-10,0.21962587535381317,0.04778009653091431,-0.4931676387786865;0.4046339988708496,-0.12264794111251831,0.03541700914502144,-0.04531603679060936
;-84.18623352050781;-0.000005239634447207209,1.7053210399353702e-8,-0.0018681441433727741,-0.03176692873239517;3.421974648087911e-10,0.21961767971515656,0.0475408174097538,-0.4926837384700775;0.4042735695838928,-0.12265705317258835,0.035392556339502335,-0.04531673714518547
;-84.18870544433594;-0.000005247600711300038,1.702170671080694e-8,-0.001870249630883336,-0.03162297233939171;3.416315008664128e-10,0.21960949897766113,0.04730279743671417,-0.4921996593475342;0.40391409397125244,-0.12266618013381958,0.03536808863282204,-0.04531743749976158
;-84.19117736816406;-0.000005255494670564076,1.699040019786935e-8,-0.0018723508110269904,-0.03147968277335167;3.410660642799712e-10,0.21960128843784332,0.047065846621990204,-0.49171558022499084;0.4035544991493225,-0.12267529964447021,0.035343609750270844,-0.04531813785433769
;-84.19364166259766;-0.0000052633145060099196,1.6959280202399896e-8,-0.001874447800219059,-0.03133704885840416;3.405014326052225e-10,0.2195931375026703,0.04682996869087219,-0.4912314713001251;0.4031946659088135,-0.12268443405628204,0.035319119691848755,-0.045318834483623505
;-84.19611358642578;-0.000005271082955005113,1.692840712053112e-8,-0.0018765407148748636,-0.031195061281323433;3.399384662650107e-10,0.21958500146865845,0.04659532383084297,-0.49074727296829224;0.40283575654029846,-0.12269356846809387,0.035294611006975174,-0.04531953111290932
;-84.19857788085938;-0.000005278782282402972,1.6897706345275765e-8,-0.0018786288565024734,-0.031053736805915833;3.3937599952515995e-10,0.21957683563232422,0.04636174067854881,-0.49026310443878174;0.40247663855552673,-0.1227027177810669,0.0352700874209404,-0.04532023146748543
;-84.20103454589844;-0.0000052864215831505135,1.6867165442135956e-8,-0.0018807124579325318,-0.030913058668375015;3.3881430994142647e-10,0.21956866979599,0.04612921550869942,-0.48979803919792175;0.40211740136146545,-0.12271156907081604,0.03524649888277054,-0.04532092809677124
;-84.2034912109375;-0.000005293997674016282,1.683685191267159e-8,-0.0018827917519956827,-0.030773021280765533;3.382543689589568e-10,0.21956053376197815,0.04589792340993881,-0.4893331229686737;0.40175899863243103,-0.12272043526172638,0.035222895443439484,-0.04532162472605705
;-84.20594024658203;-0.000005301514192979084,1.6806689373538575e-8,-0.0018848668551072478,-0.03063363768160343;3.376948443101213e-10,0.21955232322216034,0.04566767439246178,-0.4888681173324585;0.4014004170894623,-0.12272929400205612,0.035199280828237534,-0.045322321355342865
;-84.20838928222656;-0.000005308989329932956,1.6776734668155768e-8,-0.0018869381165131927,-0.030494874343276024;3.3713742908503264e-10,0.21954424679279327,0.04543863609433174,-0.48838356137275696;0.40104275941848755,-0.12273846566677094,0.03517470508813858,-0.04532301425933838
;-84.2108383178711;-0.000005316388069331879,1.6746920294963275e-8,-0.0018890048377215862,-0.030356740579009056;3.3658090203836366e-10,0.21953608095645905,0.04521062970161438,-0.4879184365272522;0.4006849527359009,-0.12274733185768127,0.03515106439590454,-0.04532370716333389
;-84.21327209472656;-0.000005323748155205976,1.6717304873736794e-8,-0.0018910677172243595,-0.030219238251447678;3.360260403262316e-10,0.2195279598236084,0.04498383030295372,-0.4874725341796875;0.40032804012298584,-0.12275591492652893,0.035128358751535416,-0.045324403792619705
;-84.21570587158203;-0.000005331070042302599,1.6687884851762647e-8,-0.0018931272206827998,-0.030082352459430695;3.354733713045732e-10,0.21951985359191895,0.044758230447769165,-0.48700717091560364;0.3999720513820648,-0.12276479601860046,0.03510469198226929,-0.04532509297132492
;-84.21813201904297;-0.00000533834463567473,1.6658651347256637e-8,-0.0018951829988509417,-0.029946090653538704;3.34922783951086e-10,0.21951182186603546,0.04453381896018982,-0.4865611493587494;0.3996170163154602,-0.12277338653802872,0.03508196398615837,-0.04532577842473984
;-84.22054290771484;-0.000005345578301785281,1.6629604360218764e-8,-0.0018972354009747505,-0.029810434207320213;3.343743892880724e-10,0.21950377523899078,0.04431059584021568,-0.4861149787902832;0.39926284551620483,-0.12278196960687637,0.03505921736359596,-0.045326463878154755
;-84.22295379638672;-0.000005352771495381603,1.660073323250799e-8,-0.0018992845434695482,-0.029675383120775223;3.3382807629322997e-10,0.21949583292007446,0.04408854991197586,-0.48566877841949463;0.39890965819358826,-0.12279056012630463,0.03503646329045296,-0.04532714933156967
;-84.2253646850586;-0.000005359892384149134,1.657197579163494e-8,-0.0019013306591659784,-0.02954096347093582;3.332821796320218e-10,0.21948780119419098,0.043867502361536026,-0.4852224588394165;0.39855629205703735,-0.12279915064573288,0.035013698041439056,-0.04532783105969429
;-84.2277603149414;-0.000005366980985854752,1.654339243373215e-8,-0.0019033725839108229,-0.02940714731812477;3.32738420150136e-10,0.21947979927062988,0.04364762455224991,-0.4847760796546936;0.39820384979248047,-0.12280774861574173,0.03499091789126396,-0.04532851278781891
;-84.23015594482422;-0.000005374020929593826,1.6514976053372266e-8,-0.0019054115982726216,-0.029273943975567818;3.32196770091997e-10,0.21947184205055237,0.04342890530824661,-0.4843297004699707;0.3978523313999176,-0.12281634658575058,0.03496812656521797,-0.04532919451594353
;-84.23253631591797;-0.000005381029041018337,1.6486721321484765e-8,-0.0019074473530054092,-0.029141340404748917;3.3165720170202917e-10,0.21946392953395844,0.04321134462952614,-0.4838830530643463;0.39750176668167114,-0.12282494455575943,0.034945327788591385,-0.04532987251877785
;-84.23491668701172;-0.000005387987584981602,1.645863179078333e-8,-0.001909480313770473,-0.02900932915508747;3.3111979824695936e-10,0.21945598721504211,0.04299493134021759,-0.4834364652633667;0.39715203642845154,-0.12283354997634888,0.034922514110803604,-0.04533054307103157
;-84.23728942871094;-0.0000053948974709783215,1.6430632854280702e-8,-0.0019115101313218474,-0.028877930715680122;3.3058275561437256e-10,0.21944813430309296,0.04277949035167694,-0.48298975825309753;0.39680224657058716,-0.12284215539693832,0.03489968925714493,-0.04533121734857559
;-84.23966217041016;-0.000005401759153755847,1.6402792013536782e-8,-0.0019135355250909925,-0.02874712087213993;3.3004779464995693e-10,0.2194402664899826,0.04256519302725792,-0.48254305124282837;0.3964533805847168,-0.12285077571868896,0.034876853227615356,-0.045331891626119614
;-84.24202728271484;-0.000005408580364019144,1.637510393948105e-8,-0.0019155581248924136,-0.028616905212402344;3.295149986204393e-10,0.21943239867687225,0.042352039366960526,-0.4820961654186249;0.39610540866851807,-0.12285938113927841,0.03485400602221489,-0.04533256217837334
;-84.244384765625;-0.000005415347004600335,1.6347495801483092e-8,-0.00191757723223418,-0.02848729118704796;3.289825356578291e-10,0.2194245457649231,0.042139843106269836,-0.48164933919906616;0.3957572877407074,-0.12286800146102905,0.03483114391565323,-0.04533322900533676
;-84.24674224853516;-0.000005422067715699086,1.6320038653816482e-8,-0.0019195929635316133,-0.02835826203227043;3.2845215436339004e-10,0.2194167524576187,0.041928768157958984,-0.4812023937702179;0.39541009068489075,-0.1228766143321991,0.03480827435851097,-0.045333899557590485
;-84.24909210205078;-0.000005428761141956784,1.6292720061983346e-8,-0.0019216053187847137,-0.028229815885424614;3.279234384034879e-10,0.21940892934799194,0.04171881824731827,-0.4807552695274353;0.3950638473033905,-0.12288524210453033,0.03478538990020752,-0.04533456638455391
;-84.2514419555664;-0.0000054353790801542345,1.6265479629851143e-8,-0.0019236139487475157,-0.028101958334445953;3.273955551108543e-10,0.21940115094184875,0.041509807109832764,-0.4803082048892975;0.39471742510795593,-0.12289387732744217,0.03476249426603317,-0.045335229486227036
;-84.2537841796875;-0.000005441945177153684,1.6238313804706195e-8,-0.0019256190862506628,-0.027974704280495644;3.2686803264070363e-10,0.21939334273338318,0.041301749646663666,-0.4798611104488373;0.3943707346916199,-0.122902512550354,0.03473958745598793,-0.04533590003848076
;-84.2561264038086;-0.000005448470801638905,1.621128298268104e-8,-0.0019276203820481896,-0.027848020195961;3.2634256408314855e-10,0.21938557922840118,0.041094791144132614,-0.4794139862060547;0.39402517676353455,-0.12291114777326584,0.03471666947007179,-0.045336563140153885
;-84.25846099853516;-0.000005454967322293669,1.6184385387418843e-8,-0.0019296178361400962,-0.027721906080842018;3.258187608601304e-10,0.21937783062458038,0.040888939052820206,-0.478966623544693;0.3936804234981537,-0.12291979789733887,0.03469374030828476,-0.04533722251653671
;-84.26078796386719;-0.000005461402906803414,1.6157553517359702e-8,-0.0019316122634336352,-0.02759637124836445;3.2529584581553195e-10,0.21937008202075958,0.04068401828408241,-0.4785192906856537;0.3933354914188385,-0.1229284405708313,0.03467079624533653,-0.04533788561820984
;-84.26312255859375;-0.000005467795290314825,1.6130856650420355e-8,-0.0019336027326062322,-0.027471404522657394;3.247748736612266e-10,0.21936237812042236,0.04048018902540207,-0.478071928024292;0.3929915726184845,-0.12293709069490433,0.03464784473180771,-0.04533854499459267
;-84.26544189453125;-0.0000054741385611123405,1.610421662689987e-8,-0.0019355897093191743,-0.02734702080488205;3.2425390150692124e-10,0.21935464441776276,0.04027727618813515,-0.4776245355606079;0.392647385597229,-0.12294574826955795,0.03462487459182739,-0.045339200645685196
;-84.26776885986328;-0.0000054804313549539074,1.607770450107182e-8,-0.0019375737756490707,-0.027223195880651474;3.237354273544213e-10,0.21934697031974792,0.04007543623447418,-0.4771769940853119;0.3923041820526123,-0.12295441329479218,0.03460189700126648,-0.045339860022068024
;-84.27008819580078;-0.0000054866554819454905,1.6051185269816415e-8,-0.0019395531853660941,-0.027099967002868652;3.232155931787162e-10,0.2193392664194107,0.0398743636906147,-0.47672948241233826;0.3919597268104553,-0.122963085770607,0.03457891196012497,-0.04534051939845085
;-84.27239990234375;-0.000005492860964295687,1.6024852556029145e-8,-0.0019415291026234627,-0.02697727270424366;3.2269908967208494e-10,0.21933157742023468,0.039674513041973114,-0.4762818515300751;0.3916172981262207,-0.12297174334526062,0.03455590829253197,-0.04534117504954338
;-84.27471923828125;-0.000005498989594343584,1.599851273681452e-8,-0.0019435016438364983,-0.026855167001485825;3.2218164247588277e-10,0.21932391822338104,0.03947541117668152,-0.47583433985710144;0.3912736177444458,-0.12298042327165604,0.03453289344906807,-0.04534182697534561
;-84.27702331542969;-0.000005505088211066322,1.5972290157151292e-8,-0.0019454698776826262,-0.02673361822962761;3.216663047034274e-10,0.21931621432304382,0.03927737846970558,-0.4753865897655487;0.39093080163002014,-0.12298911064863205,0.034509871155023575,-0.04534248262643814
;-84.27933502197266;-0.0000055111195251811296,1.5946120868193248e-8,-0.001947434968315065,-0.026612618938088417;3.2115085590866954e-10,0.21930857002735138,0.039080243557691574,-0.47493883967399597;0.39058780670166016,-0.12299779802560806,0.03448683023452759,-0.04534313827753067
;-84.2816390991211;-0.000005517122644960182,1.5920067042429764e-8,-0.0019493951695039868,-0.026492170989513397;3.206379051157171e-10,0.21930092573165894,0.03888414800167084,-0.47449102997779846;0.39024579524993896,-0.12300648540258408,0.0344637855887413,-0.0453437939286232
;-84.28394317626953;-0.000005523071195057128,1.5894059401944105e-8,-0.0019513526931405067,-0.026372278109192848;3.2012489881161343e-10,0.21929332613945007,0.03868895769119263,-0.47404319047927856;0.38990363478660583,-0.12301518768072128,0.034440722316503525,-0.04534444212913513
;-84.2862319946289;-0.000005528987912839511,1.5868167224653007e-8,-0.00195330660790205,-0.026252927258610725;3.1961436275373956e-10,0.21928568184375763,0.03849480301141739,-0.4736146926879883;0.38956236839294434,-0.12302357703447342,0.03441861271858215,-0.04534509405493736
;-84.28852844238281;-0.0000055348714340652805,1.584238695784279e-8,-0.0019552570302039385,-0.02613411471247673;3.191054365192514e-10,0.21927811205387115,0.03830168768763542,-0.4731666147708893;0.3892221748828888,-0.12303228676319122,0.034395527094602585,-0.045345745980739594
;-84.29080963134766;-0.000005540669917536434,1.5816587151107342e-8,-0.0019572044257074594,-0.026015866547822952;3.185956221063435e-10,0.21927045285701752,0.038109295070171356,-0.4727574288845062;0.38888055086135864,-0.12304037809371948,0.034374356269836426,-0.045346394181251526
;-84.2930908203125;-0.000005546473403228447,1.5790959650985315e-8,-0.0019591485615819693,-0.02589813619852066;3.180891383625095e-10,0.21926291286945343,0.0379180870950222,-0.47232866287231445;0.38854098320007324,-0.12304878979921341,0.03435221314430237,-0.04534704238176346
;-84.29537200927734;-0.0000055522182265121955,1.5765376559784272e-8,-0.0019610892049968243,-0.025780947878956795;3.175833762636415e-10,0.21925534307956696,0.03772773966193199,-0.4718804955482483;0.38820138573646545,-0.12305749952793121,0.034329093992710114,-0.045347683131694794
;-84.29764556884766;-0.000005557930762734031,1.5739903602707273e-8,-0.001963026588782668,-0.025664297863841057;3.1707922398815924e-10,0.21924783289432526,0.03753840923309326,-0.47143229842185974;0.38786259293556213,-0.12306622415781021,0.034305963665246964,-0.04534832760691643
;-84.29991912841797;-0.000005563586000789655,1.571447150183758e-8,-0.001964960480108857,-0.025548180565238;3.165758766243698e-10,0.21924029290676117,0.037349946796894073,-0.4710034132003784;0.38752374053001404,-0.12307464331388474,0.03428378701210022,-0.04534897208213806
;-84.30219268798828;-0.000005569186214415822,1.568908203353203e-8,-0.0019668908789753914,-0.025432603433728218;3.160723904827023e-10,0.21923278272151947,0.03716234117746353,-0.4705744683742523;0.38718467950820923,-0.12308306246995926,0.03426159545779228,-0.045349616557359695
;-84.30445861816406;-0.000005574763690674445,1.566379559392317e-8,-0.001968817552551627,-0.02531753107905388;3.1557098600920597e-10,0.21922527253627777,0.03697574511170387,-0.4701261520385742;0.38684654235839844,-0.12309179455041885,0.034238431602716446,-0.04535025730729103
;-84.30671691894531;-0.000005580284323514206,1.5638550010521612e-8,-0.0019707409664988518,-0.025203004479408264;3.1507033093625125e-10,0.21921776235103607,0.03678998723626137,-0.4697164297103882;0.3865082561969757,-0.1230999231338501,0.03421718627214432,-0.045350901782512665
;-84.30896759033203;-0.000005585774488281459,1.5613405679459902e-8,-0.001972661353647709,-0.025089003145694733;3.1457128568668224e-10,0.21921026706695557,0.03660523146390915,-0.46928730607032776;0.3861709535121918,-0.12310836464166641,0.034194961190223694,-0.0453515388071537
;-84.31121826171875;-0.0000055912423704285175,1.5588366153451716e-8,-0.0019745794124901295,-0.02497551031410694;3.140742943497088e-10,0.21920283138751984,0.036421459168195724,-0.4688775837421417;0.38583460450172424,-0.12311648577451706,0.03417369723320007,-0.04535217583179474
;-84.31346130371094;-0.000005596686150965979,1.5563427879783376e-8,-0.0019764937460422516,-0.02486252598464489;3.135797177478139e-10,0.21919535100460052,0.03623867779970169,-0.4684676229953766;0.38549917936325073,-0.1231246143579483,0.03415241837501526,-0.045352812856435776
;-84.3156967163086;-0.00000560209855393623,1.553859085845488e-8,-0.001978405052796006,-0.024750052019953728;3.130867232137291e-10,0.21918801963329315,0.03605687618255615,-0.46805766224861145;0.3851647973060608,-0.12313274294137955,0.03413113206624985,-0.045353446155786514
;-84.31792449951172;-0.000005607456841971725,1.5513791140620015e-8,-0.0019803147297352552,-0.024638107046484947;3.125940895021273e-10,0.2191806137561798,0.035875897854566574,-0.46764764189720154;0.38483017683029175,-0.12314088642597198,0.03410983458161354,-0.045354075729846954
;-84.32014465332031;-0.00000561278420718736,1.5489090898768154e-8,-0.0019822213798761368,-0.02452665939927101;3.1210348194754545e-10,0.21917320787906647,0.0356958843767643,-0.46723756194114685;0.3844965398311615,-0.12314902245998383,0.03408852964639664,-0.045354705303907394
;-84.3223648071289;-0.000005618089289782802,1.546449190925614e-8,-0.001984125003218651,-0.024415714666247368;3.1161528912804215e-10,0.2191658467054367,0.03551683947443962,-0.4668273627758026;0.38416388630867004,-0.12315715849399567,0.03406721353530884,-0.045355334877967834
;-84.32457733154297;-0.000005623375727736857,1.543999417208397e-8,-0.0019860255997627974,-0.024305274710059166;3.1112870613192456e-10,0.21915851533412933,0.03533875569701195,-0.466417133808136;0.3838322162628174,-0.1231653019785881,0.03404588624835014,-0.04535595700144768
;-84.32678985595703;-0.000005628608505503507,1.541553196204859e-8,-0.0019879243336617947,-0.024195348843932152;3.1064245620271436e-10,0.21915119886398315,0.03516147658228874,-0.46600696444511414;0.383500337600708,-0.12317344546318054,0.034024547785520554,-0.04535658657550812
;-84.32898712158203;-0.000005633813543681754,1.5391167451639376e-8,-0.0019898193422704935,-0.024085918441414833;3.1015817691937286e-10,0.21914392709732056,0.034985143691301346,-0.465596467256546;0.38316941261291504,-0.12318159639835358,0.03400319814682007,-0.04535720869898796
;-84.33118438720703;-0.000005638994934997754,1.536690241721317e-8,-0.001991712022572756,-0.02397698163986206;3.096759237930513e-10,0.21913664042949677,0.034809764474630356,-0.4651860296726227;0.38283953070640564,-0.12318974733352661,0.033981844782829285,-0.045357830822467804
;-84.33338165283203;-0.000005644127213599859,1.534267290992375e-8,-0.0019936019089072943,-0.023868544027209282;3.091939482224859e-10,0.21912939846515656,0.03463517874479294,-0.46477559208869934;0.38250941038131714,-0.12319789081811905,0.03396047651767731,-0.04535845294594765
;-84.33556365966797;-0.000005649229933624156,1.5318541102260497e-8,-0.0019954885356128216,-0.02376060001552105;3.0871399880894046e-10,0.21912208199501038,0.03446153551340103,-0.46436506509780884;0.3821803033351898,-0.12320605665445328,0.03393910080194473,-0.04535907134413719
;-84.33775329589844;-0.000005654311735270312,1.5294505217866572e-8,-0.001997373765334487,-0.023653142154216766;3.0823604779683933e-10,0.21911488473415375,0.03428881615400314,-0.46395444869995117;0.3818521797657013,-0.12321421504020691,0.033917710185050964,-0.045359689742326736
;-84.33993530273438;-0.000005659313046635361,1.5270439135406377e-8,-0.0019992541056126356,-0.02354620397090912;3.077567090059574e-10,0.21910765767097473,0.034116748720407486,-0.46354377269744873;0.3815227448940277,-0.12322238087654114,0.0338963121175766,-0.04536030814051628
;-84.34210968017578;-0.00000566432936466299,1.524653114870489e-8,-0.002001132583245635,-0.023439733311533928;3.0728103395105677e-10,0.2191004902124405,0.03394573926925659,-0.4631330668926239;0.38119539618492126,-0.12323054671287537,0.03387490287423134,-0.04536092281341553
;-84.34427642822266;-0.000005669283837050898,1.522265691278335e-8,-0.0020030078012496233,-0.023333750665187836;3.068056919630635e-10,0.21909329295158386,0.03377551585435867,-0.4627223312854767;0.3808678984642029,-0.1232387125492096,0.03385348618030548,-0.045361537486314774
;-84.34644317626953;-0.000005674198291671928,1.519881465128492e-8,-0.0020048802252858877,-0.023228254169225693;3.06330655286402e-10,0.21908609569072723,0.033606063574552536,-0.46231144666671753;0.38054022192955017,-0.12324689328670502,0.03383205831050873,-0.04536215215921402
;-84.3486099243164;-0.000005679105015587993,1.5175130485545196e-8,-0.002006750088185072,-0.023123228922486305;3.0585922683457056e-10,0.2190788984298706,0.03343766927719116,-0.46190059185028076;0.38021478056907654,-0.12325507402420044,0.03381061553955078,-0.04536276310682297
;-84.35076904296875;-0.000005683943072654074,1.5151414345382364e-8,-0.0020086162257939577,-0.02301870658993721;3.0538646611510956e-10,0.21907171607017517,0.03326989710330963,-0.4614896774291992;0.3798878788948059,-0.12326324731111526,0.033789169043302536,-0.045363377779722214
;-84.35293579101562;-0.0000056887638493208215,1.512779235213202e-8,-0.0020104798022657633,-0.02291465550661087;3.0491567604151726e-10,0.21906456351280212,0.033103033900260925,-0.4610787332057953;0.37956205010414124,-0.12327144294977188,0.033767711371183395,-0.04536399245262146
;-84.35508728027344;-0.000005693525508831954,1.5104198780591105e-8,-0.0020123394206166267,-0.022811079397797585;3.0444519127925673e-10,0.2190573513507843,0.03293692693114281,-0.46066775918006897;0.37923601269721985,-0.1232796311378479,0.03374624252319336,-0.04536460340023041
;-84.35723876953125;-0.000005698271252185805,1.508069935596268e-8,-0.00201419647783041,-0.022707978263497353;3.0397670491844053e-10,0.21905022859573364,0.03277171775698662,-0.4602566659450531;0.37891101837158203,-0.12328782677650452,0.03372476249933243,-0.045365214347839355
;-84.35939025878906;-0.000005702980615751585,1.5057230129400523e-8,-0.002016050275415182,-0.022605352103710175;3.0350846835780487e-10,0.2190430611371994,0.03260726481676102,-0.45984557271003723;0.3785858154296875,-0.12329602986574173,0.0337032712996006,-0.045365821570158005
;-84.36153411865234;-0.00000570763086216175,1.5033787548190958e-8,-0.002017900813370943,-0.022503206506371498;3.0304014853044237e-10,0.21903590857982635,0.032443560659885406,-0.459434449672699;0.37826043367385864,-0.12330423295497894,0.03368176892399788,-0.04536643251776695
;-84.36368560791016;-0.000005712253823730862,1.501043733753704e-8,-0.00201974855735898,-0.022401517257094383;3.025742434381584e-10,0.2190288007259369,0.03228074312210083,-0.45902326703071594;0.3779360353946686,-0.12331244349479675,0.03366025909781456,-0.0453670434653759
;-84.3658218383789;-0.000005716840405511903,1.4987115548592556e-8,-0.0020215921103954315,-0.022300295531749725;3.02108588146055e-10,0.21902166306972504,0.032118670642375946,-0.45861202478408813;0.3776114583015442,-0.12332065403461456,0.033638738095760345,-0.04536764696240425
;-84.36795806884766;-0.000005721400157199241,1.496388435384688e-8,-0.00202343356795609,-0.022199532017111778;3.016449034998203e-10,0.21901459991931915,0.0319574773311615,-0.45820072293281555;0.37728792428970337,-0.12332886457443237,0.033617209643125534,-0.0453682541847229
;-84.3700942993164;-0.0000057259248933405615,1.4940678028096954e-8,-0.0020252715330570936,-0.02209923230111599;3.0118146865376616e-10,0.2190074920654297,0.03179701790213585,-0.4577893912792206;0.37696418166160583,-0.12333708256483078,0.03359566628932953,-0.04536885768175125
;-84.37223052978516;-0.000005730392786063021,1.491750012405646e-8,-0.0020271067041903734,-0.02199939638376236;3.00718394630195e-10,0.21900038421154022,0.031637292355298996,-0.457378089427948;0.376640260219574,-0.12334532290697098,0.03357411548495293,-0.0453694649040699
;-84.37435913085938;-0.000005734814749303041,1.4894348865368556e-8,-0.0020289381500333548,-0.02190002240240574;3.002551818287458e-10,0.21899332106113434,0.03147830069065094,-0.45696666836738586;0.37631621956825256,-0.12335354834794998,0.03355255350470543,-0.04537006840109825
;-84.37649536132812;-0.00000573922079638578,1.4871287312701043e-8,-0.0020307658705860376,-0.021801097318530083;2.9979432825122387e-10,0.21898624300956726,0.03132016956806183,-0.45655518770217896;0.3759930729866028,-0.12336178123950958,0.033530980348587036,-0.0453706718981266
;-84.37861633300781;-0.000005743580004491378,1.484825062902928e-8,-0.002032590564340353,-0.021702634170651436;2.9933377998503374e-10,0.218979150056839,0.03116275556385517,-0.4561437666416168;0.3756698966026306,-0.12337002903223038,0.03350939601659775,-0.04537127912044525
;-84.38074493408203;-0.000005747884642914869,1.482523881435327e-8,-0.002034412696957588,-0.021604623645544052;2.9887350927459977e-10,0.2189721018075943,0.031006067991256714,-0.4557322859764099;0.37534651160240173,-0.12337827682495117,0.03348780423402786,-0.045371878892183304
;-84.38285827636719;-0.000005752187462348957,1.4802317593876069e-8,-0.0020362313371151686,-0.021507058292627335;2.9841479287640027e-10,0.21896502375602722,0.030850227922201157,-0.45534005761146545;0.37502411007881165,-0.1233862042427063,0.033467184752225876,-0.045372482389211655
;-84.38497924804688;-0.000005756466180173447,1.4779481638527159e-8,-0.0020380474161356688,-0.021409932523965836;2.9795838019097687e-10,0.2189580351114273,0.0306952353566885,-0.4549477696418762;0.37470266222953796,-0.12339413911104202,0.033446554094552994,-0.04537307843565941
;-84.3870849609375;-0.000005760698513768148,1.475667232853084e-8,-0.002039859537035227,-0.02131326124072075;2.9750230057246085e-10,0.2189510315656662,0.03054094687104225,-0.4545555114746094;0.3743811249732971,-0.12340208142995834,0.033425915986299515,-0.04537368193268776
;-84.38919830322266;-0.000005764883098891005,1.4733886999351853e-8,-0.002041669562458992,-0.021217036992311478;2.97046137687218e-10,0.21894396841526031,0.03038736991584301,-0.45416322350502014;0.37405925989151,-0.12341001629829407,0.03340526670217514,-0.04537427797913551
;-84.39129638671875;-0.000005769083600171143,1.4711252660504215e-8,-0.0020434767939150333,-0.021121235564351082;2.9659391609371255e-10,0.21893702447414398,0.03023475781083107,-0.4537706971168518;0.37373974919319153,-0.12341796606779099,0.03338460624217987,-0.04537487030029297
;-84.39339447021484;-0.000005773203156422824,1.468857924180611e-8,-0.002045281929895282,-0.0210258848965168;2.9614033447700194e-10,0.21893005073070526,0.030082710087299347,-0.4533783197402954;0.37341874837875366,-0.1234259083867073,0.033363938331604004,-0.04537546634674072
;-84.39549255371094;-0.000005777311343990732,1.4665996417306815e-8,-0.0020470835734158754,-0.02093096636235714;2.956883071725258e-10,0.21892310678958893,0.02993149124085903,-0.45298582315444946;0.37309888005256653,-0.12343386560678482,0.03334326297044754,-0.04537606239318848
;-84.3975830078125;-0.000005781411800853675,1.4643497081578971e-8,-0.002048882655799389,-0.020836476236581802;2.952386113364014e-10,0.2189161777496338,0.02978108823299408,-0.45259329676628113;0.3727799654006958,-0.12344181537628174,0.03332257270812988,-0.04537665471434593
;-84.39966583251953;-0.000005785485882370267,1.4621087451871517e-8,-0.002050678478553891,-0.02074241265654564;2.9479046981251145e-10,0.21890924870967865,0.02963150665163994,-0.45221999287605286;0.37246206402778625,-0.12344944477081299,0.03330286219716072,-0.04537724331021309
;-84.40174102783203;-0.000005789515853393823,1.4598700026624556e-8,-0.002052472671493888,-0.020648786798119545;2.9434293891128505e-10,0.21890228986740112,0.029482606798410416,-0.45184674859046936;0.3721439838409424,-0.12345708906650543,0.03328314423561096,-0.045377835631370544
;-84.40380859375;-0.00000579353627472301,1.4576403195576404e-8,-0.0020542650017887354,-0.020555580034852028;2.9389737865592735e-10,0.21889543533325195,0.02933451719582081,-0.4514733850955963;0.3718268871307373,-0.12346473336219788,0.03326341509819031,-0.0453784205019474
;-84.40587615966797;-0.000005797537141916109,1.4554191629656543e-8,-0.0020560550037771463,-0.020462797954678535;2.934533449572285e-10,0.21888859570026398,0.02918722853064537,-0.4510999619960785;0.3715108335018158,-0.12347236275672913,0.033243678510189056,-0.04537900909781456
;-84.4079360961914;-0.000005801526640425436,1.4532069769757072e-8,-0.002057843143120408,-0.02037043496966362;2.9301122639324717e-10,0.2188817262649536,0.029040740802884102,-0.4507264494895935;0.3711957633495331,-0.12348001450300217,0.03322393447160721,-0.04537958651781082
;-84.40998077392578;-0.000005805494311061921,1.4510034951342732e-8,-0.002059628488495946,-0.020278487354516983;2.9257143929761753e-10,0.21887491643428802,0.028895046561956406,-0.45035287737846375;0.37088173627853394,-0.12348765134811401,0.033204179257154465,-0.04538017138838768
;-84.41203308105469;-0.000005809417416458018,1.4488026778280982e-8,-0.0020614122040569782,-0.02018696814775467;2.921315134241098e-10,0.21886815130710602,0.028750019147992134,-0.4499792754650116;0.37056753039360046,-0.12349530309438705,0.033184416592121124,-0.04538075253367424
;-84.41407012939453;-0.000005813367351947818,1.4466167819193743e-8,-0.0020631933584809303,-0.02009584754705429;2.916955288423395e-10,0.2188614010810852,0.028605904430150986,-0.4496055543422699;0.3702554702758789,-0.1235029399394989,0.03316464647650719,-0.0453813262283802
;-84.41610717773438;-0.000005817259989271406,1.4444332840923835e-8,-0.002064972650259733,-0.020005153492093086;2.9125943323826675e-10,0.21885459125041962,0.028462449088692665,-0.4492317736148834;0.3699433207511902,-0.12351059168577194,0.03314486891031265,-0.04538190737366676
;-84.41813659667969;-0.00000582112488700659,1.4422526284363357e-8,-0.0020667496137320995,-0.01991487666964531;2.9082358743437453e-10,0.2188478410243988,0.028319643810391426,-0.4488580524921417;0.36963096261024475,-0.12351824343204498,0.033125076442956924,-0.045382481068372726
;-84.42015838623047;-0.0000058249684116162825,1.4400804104752751e-8,-0.0020685242488980293,-0.019825013354420662;2.903900175876828e-10,0.21884112060070038,0.028177618980407715,-0.4484842121601105;0.3693195879459381,-0.12352589517831802,0.0331052802503109,-0.04538305848836899
;-84.42218017578125;-0.000005828793291584589,1.4379170742984115e-8,-0.0020702972542494535,-0.019735556095838547;2.8995802980880114e-10,0.21883445978164673,0.028036367148160934,-0.44811028242111206;0.3690092861652374,-0.12353355437517166,0.033085476607084274,-0.04538362845778465
;-84.4241943359375;-0.0000058326186263002455,1.4357627087235869e-8,-0.002072067465633154,-0.019646499305963516;2.8952790165348574e-10,0.2188277244567871,0.02789587900042534,-0.4477362632751465;0.3686999976634979,-0.1235412135720253,0.033065661787986755,-0.04538419842720032
;-84.42620849609375;-0.000005836392119817901,1.4336107412304955e-8,-0.002073835814371705,-0.019557857885956764;2.890980510539265e-10,0.21882109344005585,0.027756039053201675,-0.4473623037338257;0.3683905303478241,-0.12354886531829834,0.03304583579301834,-0.04538476839661598
;-84.42821502685547;-0.000005840127414558083,1.4314611718191372e-8,-0.002075600903481245,-0.01946962997317314;2.886688110770308e-10,0.2188144326210022,0.02761683613061905,-0.44698822498321533;0.3680809438228607,-0.12355653941631317,0.03302600979804993,-0.04538533836603165
;-84.43021392822266;-0.000005843870440003229,1.429326434987388e-8,-0.0020773636642843485,-0.01938178762793541;2.882427352357553e-10,0.21880780160427094,0.02747850865125656,-0.4466140866279602;0.36777347326278687,-0.1235642060637474,0.03300616517663002,-0.045385900884866714
;-84.43222045898438;-0.000005847557076776866,1.427187878988434e-8,-0.0020791252609342337,-0.019294360652565956;2.87815271615699e-10,0.2188010960817337,0.027340702712535858,-0.4462399184703827;0.36746472120285034,-0.12357187271118164,0.032986316829919815,-0.04538647457957268
;-84.43421936035156;-0.000005851222340425011,1.4250581159558351e-8,-0.002080882666632533,-0.019207332283258438;2.8738969537478454e-10,0.21879449486732483,0.027203645557165146,-0.445865660905838;0.3671570420265198,-0.12357954680919647,0.03296646103262901,-0.045387040823698044
;-84.43621063232422;-0.000005854882147104945,1.4229367906182233e-8,-0.0020826382096856833,-0.019120696932077408;2.869660342685876e-10,0.21878795325756073,0.027067337185144424,-0.44549137353897095;0.3668503761291504,-0.1235872209072113,0.032946594059467316,-0.04538759961724281
;-84.43820190429688;-0.000005858498298039194,1.4208180409980287e-8,-0.002084391424432397,-0.019034458324313164;2.8654259520699554e-10,0.21878133714199066,0.026931650936603546,-0.4451170861721039;0.3665435016155243,-0.12359490245580673,0.03292671963572502,-0.04538816213607788
;-84.440185546875;-0.000005862078978680074,1.4187016006417252e-8,-0.0020861413795500994,-0.018948625773191452;2.8611943370115966e-10,0.2187747210264206,0.02679658681154251,-0.4447427988052368;0.36623647809028625,-0.12360259145498276,0.03290683403611183,-0.04538872838020325
;-84.44216918945312;-0.000005865637376700761,1.416593509162567e-8,-0.002087889239192009,-0.01886318065226078;2.8569852039694865e-10,0.2187681794166565,0.02666226215660572,-0.4443683624267578;0.365930438041687,-0.12361027300357819,0.032886944711208344,-0.045389287173748016
;-84.44414520263672;-0.000005869190317753237,1.4144942994676057e-8,-0.0020896345376968384,-0.01877812296152115;2.852791058938209e-10,0.2187616527080536,0.026528669521212578,-0.44399386644363403;0.3656254708766937,-0.12361796200275421,0.03286704048514366,-0.045389849692583084
;-84.44612121582031;-0.000005872670953976922,1.4123910929697558e-8,-0.0020913775078952312,-0.0186934694647789;2.848582758563367e-10,0.2187550663948059,0.02639557607471943,-0.44361943006515503;0.3653191924095154,-0.12362565845251083,0.03284712880849838,-0.04539041221141815
;-84.4480972290039;-0.000005876181148778414,1.410302541415831e-8,-0.0020931174512952566,-0.0186091810464859;2.8444099853253135e-10,0.2187485545873642,0.026263324543833733,-0.4432448744773865;0.3650151491165161,-0.12363335490226746,0.032827213406562805,-0.045390963554382324
;-84.45006561279297;-0.000005879616765014362,1.4082098154233336e-8,-0.0020948543678969145,-0.018525294959545135;2.840223056743696e-10,0.2187419831752777,0.026131566613912582,-0.4428703188896179;0.364709734916687,-0.12364105135202408,0.03280728682875633,-0.04539152607321739
;-84.45203399658203;-0.000005883034646103624,1.4061257935793492e-8,-0.0020965891890227795,-0.018441788852214813;2.836055001953497e-10,0.2187354862689972,0.026000529527664185,-0.4424956738948822;0.3644053339958191,-0.1236487552523613,0.032787349075078964,-0.04539208114147186
;-84.45399475097656;-0.000005886425697099185,1.4040437257278882e-8,-0.0020983212161809206,-0.01835867017507553;2.8318894451651033e-10,0.21872898936271667,0.02587009407579899,-0.4421210289001465;0.36410075426101685,-0.12365647405385971,0.0327674075961113,-0.045392636209726334
;-84.45596313476562;-0.000005889801741432166,1.4019703620249402e-8,-0.002100050449371338,-0.018275924026966095;2.8277427621681284e-10,0.21872247755527496,0.0257403701543808,-0.44174638390541077;0.36379727721214294,-0.12366417795419693,0.03274745121598244,-0.0453931950032711
;-84.45792388916016;-0.000005893139586987672,1.3998988634966736e-8,-0.0021017766557633877,-0.0181935653090477;2.8235980220614465e-10,0.21871596574783325,0.02561124600470066,-0.4413716197013855;0.36349359154701233,-0.12367188930511475,0.03272748738527298,-0.045393746346235275
;-84.45987701416016;-0.000005896437869523652,1.3978298518679821e-8,-0.0021035003010183573,-0.018111590296030045;2.819456057512326e-10,0.21870946884155273,0.025482716038823128,-0.4409968852996826;0.36318978667259216,-0.12367961555719376,0.032707519829273224,-0.045394301414489746
;-84.46183776855469;-0.00000589969931752421,1.395762705413972e-8,-0.0021052206866443157,-0.018029995262622833;2.815316035853499e-10,0.2187029868364334,0.02535477839410305,-0.44062209129333496;0.36288586258888245,-0.12368733435869217,0.032687537372112274,-0.045394860208034515
;-84.46379089355469;-0.000005902942120883381,1.3937036413835813e-8,-0.0021069389767944813,-0.01794876903295517;2.8111954430976027e-10,0.21869653463363647,0.025227541103959084,-0.44024723768234253;0.3625829219818115,-0.12369506806135178,0.03266754746437073,-0.04539540782570839
;-84.46574401855469;-0.000005906161277380306,1.3916469754349237e-8,-0.0021086535416543484,-0.0178679171949625;2.8070767932319995e-10,0.21869006752967834,0.025100894272327423,-0.4398723244667053;0.3622798025608063,-0.12370279431343079,0.032647550106048584,-0.04539595916867256
;-84.46768951416016;-0.000005909333140152739,1.3895920858431055e-8,-0.0021103653125464916,-0.017787443473935127;2.8029603638124456e-10,0.21868360042572021,0.024974826723337173,-0.4394974708557129;0.36197659373283386,-0.12371054291725159,0.03262754902243614,-0.04539651423692703
;-84.46963500976562;-0.000005912509550398681,1.3875456339462744e-8,-0.002112075686454773,-0.017707329243421555;2.798862530628554e-10,0.21867719292640686,0.02484945021569729,-0.4391418695449829;0.36167439818382263,-0.12371794879436493,0.032608531415462494,-0.045397061854600906
;-84.47157287597656;-0.0000059156609495403245,1.3855075309265885e-8,-0.002113782800734043,-0.01762758009135723;2.794783293680325e-10,0.2186707705259323,0.024724764749407768,-0.4388057291507721;0.3613732159137726,-0.123725026845932,0.032590512186288834,-0.04539760947227478
;-84.4735107421875;-0.00000591878779232502,1.3834711154459e-8,-0.0021154878195375204,-0.017548197880387306;2.7907029465090716e-10,0.21866433322429657,0.02460065297782421,-0.43843066692352295;0.361071914434433,-0.12373277544975281,0.032570481300354004,-0.04539816081523895
;-84.4754409790039;-0.00000592189644521568,1.3814430488423568e-8,-0.0021171909756958485,-0.01746917888522148;2.7866448037983105e-10,0.2186579704284668,0.024477222934365273,-0.4380749464035034;0.36077162623405457,-0.12374018132686615,0.032551441341638565,-0.04539870470762253
;-84.47736358642578;-0.000005924982815486146,1.3794171138670208e-8,-0.0021188908722251654,-0.017390523105859756;2.7825888815335986e-10,0.21865157783031464,0.02435436099767685,-0.4376998841762543;0.360471248626709,-0.12374794483184814,0.03253139555454254,-0.045399248600006104
;-84.47928619384766;-0.0000059280414461682085,1.3773992613153041e-8,-0.0021205891389399767,-0.017312223091721535;2.778551277948793e-10,0.21864522993564606,0.024232167750597,-0.43736347556114197;0.3601718544960022,-0.12375503033399582,0.032513346523046494,-0.04539979249238968
;-84.481201171875;-0.000005931079613219481,1.3753836292096366e-8,-0.0021222850773483515,-0.017234286293387413;2.774516172365793e-10,0.21863889694213867,0.024110542610287666,-0.4370270073413849;0.3598722815513611,-0.12376212328672409,0.03249528631567955,-0.045400336384773254
;-84.48310852050781;-0.0000059341336964280345,1.3733823855943683e-8,-0.0021239793859422207,-0.01715669594705105;2.770515483696556e-10,0.2186325639486313,0.023989694193005562,-0.4366905987262726;0.3595750033855438,-0.12376921623945236,0.03247721865773201,-0.04540087655186653
;-84.4850082397461;-0.000005937150035606464,1.3713834512429912e-8,-0.002125671599060297,-0.01707945577800274;2.7665134072485387e-10,0.2186262607574463,0.02386939898133278,-0.4363344609737396;0.35927754640579224,-0.1237766370177269,0.032458141446113586,-0.04540141671895981
;-84.48690795898438;-0.000005940166829532245,1.3693925993152334e-8,-0.0021273624151945114,-0.017002573236823082;2.7625335352610136e-10,0.2186199575662613,0.023749763146042824,-0.43599793314933777;0.3589811623096466,-0.12378373742103577,0.03244006633758545,-0.04540195316076279
;-84.4887924194336;-0.000005943191354162991,1.3674163135135586e-8,-0.002129051834344864,-0.016926027834415436;2.758588080187252e-10,0.21861374378204346,0.023630894720554352,-0.435661256313324;0.35868698358535767,-0.12379083037376404,0.03242197632789612,-0.04540248215198517
;-84.49066925048828;-0.00000594619177718414,1.3654420705222492e-8,-0.002130739623680711,-0.016849834471940994;2.7546412373347096e-10,0.21860752999782562,0.023512568324804306,-0.43532443046569824;0.3583926856517792,-0.12379792332649231,0.03240388259291649,-0.04540301859378815
;-84.49254608154297;-0.0000059491776482900605,1.3634763540437689e-8,-0.002132425783202052,-0.01677398756146431;2.7507163213869035e-10,0.21860133111476898,0.023394888266921043,-0.4349876642227173;0.35809940099716187,-0.12380502372980118,0.03238578140735626,-0.04540354385972023
;-84.4944076538086;-0.000005952164428890683,1.3615188088067498e-8,-0.0021341105457395315,-0.016698487102985382;2.7468058383384175e-10,0.21859516203403473,0.023277858272194862,-0.43465080857276917;0.3578072488307953,-0.12381211668252945,0.03236767277121544,-0.04540407657623291
;-84.49627685546875;-0.00000595510255152476,1.3595636616514639e-8,-0.0021357934456318617,-0.01662333309650421;2.742901183960811e-10,0.2185889631509781,0.02316136844456196,-0.43431389331817627;0.3575148582458496,-0.12381921708583832,0.03234955668449402,-0.04540460184216499
;-84.49813079833984;-0.000005958052497589961,1.3576167745554812e-8,-0.0021374744828790426,-0.01654852367937565;2.7390151258188666e-10,0.21858277916908264,0.023045513778924942,-0.4339768588542938;0.35722360014915466,-0.12382631003856659,0.032331433147192,-0.045405127108097076
;-84.49998474121094;-0.000005960977887298213,1.3556783251544857e-8,-0.0021391543559730053,-0.016474047675728798;2.7351432230204864e-10,0.2185766100883484,0.022930298000574112,-0.43363985419273376;0.3569333553314209,-0.12383341044187546,0.032313305884599686,-0.04540565609931946
;-84.5018310546875;-0.0000059639132814481854,1.3537482246306354e-8,-0.002140832133591175,-0.01639990694820881;2.7312896389020125e-10,0.2185705155134201,0.02281571552157402,-0.43330276012420654;0.3566441535949707,-0.12384051084518433,0.032295167446136475,-0.04540617763996124
;-84.5036849975586;-0.00000596677818975877,1.3518141273038964e-8,-0.0021425075829029083,-0.016326120123267174;2.727425785220561e-10,0.21856436133384705,0.022701555863022804,-0.43292683362960815;0.3563535809516907,-0.12384828925132751,0.0322750061750412,-0.045406702905893326
;-84.50553131103516;-0.000005969631729385583,1.3498883788543026e-8,-0.002144180703908205,-0.01625266671180725;2.7235766419941854e-10,0.218558207154274,0.022588025778532028,-0.43258970975875854;0.35606417059898376,-0.12385539710521698,0.032256849110126495,-0.04540722817182541
;-84.50736236572266;-0.000005972487997496501,1.34797080164617e-8,-0.0021458519622683525,-0.01617954857647419;2.719748870561034e-10,0.2185521125793457,0.022475123405456543,-0.4322524666786194;0.35577577352523804,-0.12386251240968704,0.03223869577050209,-0.045407749712467194
;-84.50919342041016;-0.00000597532971369219,1.3460615733151826e-8,-0.0021475215908139944,-0.016106758266687393;2.715936087138715e-10,0.21854600310325623,0.022362837567925453,-0.43191519379615784;0.3554883897304535,-0.12386962026357651,0.03222052380442619,-0.04540826752781868
;-84.51102447509766;-0.000005978148692520335,1.3441543877945605e-8,-0.0021491891238838434,-0.016034306958317757;2.712128577275763e-10,0.21853989362716675,0.0222510676831007,-0.4315779209136963;0.3552009165287018,-0.12387673556804657,0.032202351838350296,-0.045408785343170166
;-84.51284790039062;-0.00000598095721215941,1.3422553735153997e-8,-0.002150854328647256,-0.015962183475494385;2.708335500312131e-10,0.21853388845920563,0.02213991805911064,-0.4312405288219452;0.35491448640823364,-0.12388384342193604,0.0321841686964035,-0.04540930315852165
;-84.51466369628906;-0.000005983733899483923,1.3403584908644461e-8,-0.0021525174379348755,-0.015890395268797874;2.7045446437945486e-10,0.21852785348892212,0.022029276937246323,-0.4309031367301941;0.35462793707847595,-0.1238909661769867,0.03216598182916641,-0.04540981352329254
;-84.5164794921875;-0.000005986508767819032,1.3384700459084797e-8,-0.002154178684577346,-0.01581892929971218;2.700775436625946e-10,0.2185218185186386,0.02191924676299095,-0.43056565523147583;0.35434243083000183,-0.12389808148145676,0.032147783786058426,-0.04541033133864403
;-84.51829528808594;-0.000005989238161419053,1.3365835549450367e-8,-0.0021558383014053106,-0.0157477967441082;2.697004564122807e-10,0.2185157984495163,0.021809721365571022,-0.43022820353507996;0.35405683517456055,-0.12390521168708801,0.03212958201766014,-0.045410845428705215
;-84.52010345458984;-0.000005991949365125038,1.3346991067919589e-8,-0.0021574944257736206,-0.015676993876695633;2.6932356345099606e-10,0.2185097336769104,0.021700702607631683,-0.4298907518386841;0.35377103090286255,-0.12391233444213867,0.03211136907339096,-0.0454113595187664
;-84.52191162109375;-0.000005994646926410496,1.3328226522446585e-8,-0.002159148920327425,-0.015606509521603584;2.6894886318018507e-10,0.21850375831127167,0.021592283621430397,-0.4295531213283539;0.3534863591194153,-0.12391946464776993,0.03209315612912178,-0.04541187360882759
;-84.52371215820312;-0.000005997343123453902,1.3309547242101871e-8,-0.0021608013194054365,-0.015536345541477203;2.685755784437305e-10,0.21849779784679413,0.02148446999490261,-0.42921552062034607;0.3532027006149292,-0.12392660230398178,0.032074928283691406,-0.04541238024830818
;-84.5255126953125;-0.000006000012490403606,1.3290885725325552e-8,-0.0021624513901770115,-0.015466506592929363;2.682025157518808e-10,0.2184918373823166,0.02137714810669422,-0.42887789011001587;0.35291895270347595,-0.12393372505903244,0.03205670043826103,-0.04541289061307907
;-84.52730560302734;-0.000006002631835144712,1.3272243748474466e-8,-0.002164099831134081,-0.01539699174463749;2.6782961959348484e-10,0.21848583221435547,0.021270323544740677,-0.4285401701927185;0.3526350259780884,-0.1239408627152443,0.032038457691669464,-0.04541340097784996
;-84.52909851074219;-0.000006005266641295748,1.3253684372216412e-8,-0.0021657459437847137,-0.015327787958085537;2.6745886061441126e-10,0.21847990155220032,0.02116408944129944,-0.42820248007774353;0.35235217213630676,-0.12394800782203674,0.032020214945077896,-0.04541390761733055
;-84.53089141845703;-0.00000600787871007924,1.3235205820194551e-8,-0.0021673899609595537,-0.01525889802724123;2.670895726808453e-10,0.21847401559352875,0.021058442071080208,-0.427864670753479;0.3520704209804535,-0.123955138027668,0.032001957297325134,-0.04541441425681114
;-84.53267669677734;-0.0000060104507610958535,1.3216682859251705e-8,-0.0021690314169973135,-0.01519033219665289;2.66718869212923e-10,0.21846801042556763,0.020953187718987465,-0.42752689123153687;0.351787269115448,-0.12396229058504105,0.03198369964957237,-0.04541492089629173
;-84.53446197509766;-0.000006012997346260818,1.319824338708031e-8,-0.002170671010389924,-0.01512207929044962;2.6634996985741566e-10,0.21846210956573486,0.020848512649536133,-0.42718905210494995;0.351505309343338,-0.1239694356918335,0.031965430825948715,-0.045415427535772324
;-84.53623962402344;-0.000006015528470015852,1.317982079029889e-8,-0.0021723078098148108,-0.015054144896566868;2.6598126479093764e-10,0.2184562087059021,0.02074432000517845,-0.42685118317604065;0.35122308135032654,-0.12397658824920654,0.03194715455174446,-0.045415930449962616
;-84.53802490234375;-0.000006018054591550026,1.3161477241396824e-8,-0.0021739425137639046,-0.01498651597648859;2.656146691482064e-10,0.21845030784606934,0.020640702918171883,-0.42651328444480896;0.35094204545021057,-0.12398374080657959,0.03192887082695961,-0.04541643336415291
;-84.539794921875;-0.000006020541150064673,1.314315323241999e-8,-0.0021755744237452745,-0.014919201843440533;2.652479347275971e-10,0.21844439208507538,0.020537568256258965,-0.4261752665042877;0.3506607711315155,-0.12399090081453323,0.03191057965159416,-0.0454169362783432
;-84.54157257080078;-0.000006022999059496215,1.3124846987011551e-8,-0.0021772051695734262,-0.014852198772132397;2.6488142235159273e-10,0.2184385061264038,0.0204349085688591,-0.42583736777305603;0.3503793776035309,-0.12399806082248688,0.031892284750938416,-0.04541743919253349
;-84.54334259033203;-0.0000060254546951910015,1.3106618901304046e-8,-0.002178832655772567,-0.01478550024330616;2.6451665857685214e-10,0.21843267977237701,0.0203328188508749,-0.4254993200302124;0.3500991761684418,-0.12400522828102112,0.031873978674411774,-0.04541793838143349
;-84.54511260986328;-0.000006027880772307981,1.3088410355521773e-8,-0.002180457580834627,-0.014719107188284397;2.6415208909114085e-10,0.21842679381370544,0.020231200382113457,-0.42516130208969116;0.34981876611709595,-0.12401238828897476,0.031855665147304535,-0.04541844129562378
;-84.54688262939453;-0.000006030279564583907,1.3070218685129475e-8,-0.0021820806432515383,-0.014653023332357407;2.637877138944589e-10,0.21842093765735626,0.02013004943728447,-0.42482325434684753;0.3495381474494934,-0.1240195631980896,0.031837347894907,-0.04541894048452377
;-84.54865264892578;-0.000006032641522324411,1.3052044778305572e-8,-0.0021837002132087946,-0.014587247744202614;2.634235052312306e-10,0.2184150665998459,0.02002936415374279,-0.42448514699935913;0.3492574989795685,-0.12402673065662384,0.031819023191928864,-0.045419443398714066
;-84.5504150390625;-0.000006035008482285775,1.303395169571786e-8,-0.002185317687690258,-0.014521768316626549;2.6306112843599294e-10,0.2184092402458191,0.019929243251681328,-0.42414698004722595;0.3489779233932495,-0.12403391301631927,0.031800687313079834,-0.04541993886232376
;-84.55217742919922;-0.000006037337243469665,1.3015871935806445e-8,-0.002186932833865285,-0.014456593431532383;2.6269925124111637e-10,0.21840335428714752,0.019829580560326576,-0.42380884289741516;0.3486981987953186,-0.12404109537601471,0.031782347708940506,-0.045420438051223755
;-84.5539321899414;-0.000006039643722033361,1.2997810827641842e-8,-0.002188545186072588,-0.014391724951565266;2.623372075127861e-10,0.21839752793312073,0.019730383530259132,-0.423470675945282;0.34841829538345337,-0.12404827773571014,0.03176399692893028,-0.04542094096541405
;-84.55569458007812;-0.000006041905180609319,1.2979765706688795e-8,-0.002190154977142811,-0.014327152632176876;2.6197538582906077e-10,0.21839170157909393,0.0196316409856081,-0.4231324791908264;0.34813830256462097,-0.12405546754598618,0.03174564614892006,-0.04542143642902374
;-84.55744934082031;-0.0000060441757341322955,1.2961796969079842e-8,-0.0021917629055678844,-0.014262871816754341;2.616153127465992e-10,0.21838587522506714,0.01953345350921154,-0.42279425263404846;0.3478594124317169,-0.12406265735626221,0.03172728046774864,-0.04542193189263344
;-84.5592041015625;-0.000006046413545846008,1.2943846883217702e-8,-0.0021933680400252342,-0.014198891818523407;2.6125540619759136e-10,0.21838009357452393,0.019435718655586243,-0.42245590686798096;0.3475803732872009,-0.12406985461711884,0.031708911061286926,-0.04542243108153343
;-84.56095886230469;-0.000006048619979992509,1.2925912784567117e-8,-0.0021949708461761475,-0.014135207049548626;2.608957216931884e-10,0.21837423741817474,0.01933843456208706,-0.4221176505088806;0.347301185131073,-0.12407705932855606,0.031690530478954315,-0.04542292654514313
;-84.56271362304688;-0.000006050795946066501,1.2907992008592828e-8,-0.0021965703926980495,-0.014071820303797722;2.605362314778148e-10,0.21836847066879272,0.01924160122871399,-0.4217792749404907;0.34702178835868835,-0.12408426403999329,0.031672146171331406,-0.04542342200875282
;-84.56446075439453;-0.000006052958269719966,1.2890088996186932e-8,-0.0021981673780828714,-0.014008726924657822;2.6017690779589486e-10,0.21836262941360474,0.019145222380757332,-0.4214409589767456;0.3467424213886261,-0.12409147620201111,0.0316537506878376,-0.04542391747236252
;-84.56621551513672;-0.00000605509967499529,1.2872263255303551e-8,-0.002199762500822544,-0.013945914804935455;2.598193327152387e-10,0.21835681796073914,0.019049378111958504,-0.4211026430130005;0.3464640974998474,-0.12409868091344833,0.031635355204343796,-0.045424412935972214
;-84.56795501708984;-0.000006057221526134526,1.2854451725274885e-8,-0.0022013543639332056,-0.013883398845791817;2.594619796791875e-10,0.21835103631019592,0.018953975290060043,-0.42076414823532104;0.346185564994812,-0.12410590052604675,0.0316169448196888,-0.04542490467429161
;-84.5697021484375;-0.000006059303359506885,1.2836657958814612e-8,-0.0022029441315680742,-0.01382116973400116;2.591048209321656e-10,0.21834522485733032,0.0188590157777071,-0.42042577266693115;0.34590691328048706,-0.12411312013864517,0.0315985344350338,-0.045425400137901306
;-84.57144927978516;-0.000006061400654289173,1.2818938799341595e-8,-0.00220453180372715,-0.013759225606918335;2.5874938303083184e-10,0.2183394730091095,0.018764587119221687,-0.4200872778892517;0.34562942385673523,-0.12412034720182419,0.031580112874507904,-0.0454258918762207
;-84.57318878173828;-0.000006063423825253267,1.2801171678233914e-8,-0.0022061162162572145,-0.01369757391512394;2.583925573507173e-10,0.2183336764574051,0.01867050677537918,-0.4197487533092499;0.3453505337238312,-0.1241275742650032,0.031561680138111115,-0.0454263873398304
;-84.5749282836914;-0.000006065451088943519,1.2783480052291907e-8,-0.0022076985333114862,-0.013636201620101929;2.580375357830178e-10,0.21832793951034546,0.018576955422759056,-0.4194102883338928;0.34507277607917786,-0.12413480877876282,0.031543243676424026,-0.045426879078149796
;-84.57666778564453;-0.00000606746289122384,1.2765803525383035e-8,-0.0022092785220593214,-0.01357511430978775;2.5768265299319637e-10,0.21832218766212463,0.018483832478523254,-0.41907167434692383;0.34479475021362305,-0.12414203584194183,0.03152479976415634,-0.04542737081646919
;-84.57839965820312;-0.00000606943240200053,1.2748142097507298e-8,-0.0022108550183475018,-0.013514307327568531;2.5732799224797986e-10,0.21831640601158142,0.018391145393252373,-0.41875261068344116;0.34451672434806824,-0.12414893507957458,0.031507376581430435,-0.04542785882949829
;-84.58013153076172;-0.000006071431016607676,1.2730615672751355e-8,-0.002212430350482464,-0.013453767634928226;2.56976606660686e-10,0.21831071376800537,0.01829906366765499,-0.41841384768486023;0.34424102306365967,-0.1241561695933342,0.03148891404271126,-0.04542835056781769
;-84.58185577392578;-0.000006073380518500926,1.2713043950896008e-8,-0.002214003587141633,-0.013393518514931202;2.56623861050187e-10,0.21830496191978455,0.01820731908082962,-0.4180946946144104;0.3439638912677765,-0.12416306138038635,0.03147147595882416,-0.045428838580846786
;-84.58358001708984;-0.000006075321380194509,1.2695549500563175e-8,-0.0022155744954943657,-0.013333538547158241;2.5627286404095173e-10,0.2182992845773697,0.018116086721420288,-0.41775596141815186;0.34368786215782166,-0.12417031824588776,0.031453002244234085,-0.045429326593875885
;-84.58529663085938;-0.00000607723495704704,1.2678069261085056e-8,-0.002217143541201949,-0.013273837976157665;2.559220335651702e-10,0.21829354763031006,0.01802527718245983,-0.4174171984195709;0.34341171383857727,-0.12417756021022797,0.031434524804353714,-0.045429814606904984
;-84.5870132446289;-0.000006079189006413799,1.2660724912905152e-8,-0.002218711655586958,-0.013214399106800556;2.555742006915551e-10,0.2182878851890564,0.01793506182730198,-0.4170783758163452;0.3431378901004791,-0.12418480217456818,0.03141603246331215,-0.045430298894643784
;-84.5887222290039;-0.000006081070750951767,1.2643335267625844e-8,-0.002220276976004243,-0.01315524522215128;2.5522528535049105e-10,0.21828222274780273,0.01784517988562584,-0.41675904393196106;0.34286272525787354,-0.12419171631336212,0.03139856830239296,-0.04543078690767288
;-84.59042358398438;-0.00000608296522841556,1.2626022005690629e-8,-0.0022218411322683096,-0.013096354901790619;2.5487811861069076e-10,0.21827656030654907,0.01775580458343029,-0.4164395332336426;0.3425886929035187,-0.12419862300157547,0.03138109669089317,-0.045431267470121384
;-84.59212493896484;-0.000006084856977395248,1.2608785127099509e-8,-0.002223403425887227,-0.013037734664976597;2.5453270047215426e-10,0.2182709127664566,0.017666922882199287,-0.41613954305648804;0.3423157036304474,-0.12420518696308136,0.03136464208364487,-0.04543174430727959
;-84.59381866455078;-0.000006086747816880234,1.2591625520030902e-8,-0.002224964089691639,-0.012979376129806042;2.5418900317930593e-10,0.2182653397321701,0.01757854036986828,-0.41583940386772156;0.34204378724098206,-0.12421175092458725,0.03134818375110626,-0.04543222486972809
;-84.59549713134766;-0.000006088641839596676,1.257454140812797e-8,-0.0022265235893428326,-0.012921283021569252;2.538467491763896e-10,0.21825973689556122,0.017490647733211517,-0.4155392646789551;0.34177303314208984,-0.12421830743551254,0.03133172169327736,-0.04543270170688629
;-84.59717559814453;-0.000006090540409786627,1.2557536344104392e-8,-0.002228081924840808,-0.01286344788968563;2.535064935749176e-10,0.2182541936635971,0.017403248697519302,-0.41523903608322144;0.3415032923221588,-0.12422485649585724,0.03131524845957756,-0.045433174818754196
;-84.59884643554688;-0.000006092411240388174,1.2540546379113948e-8,-0.002229639096185565,-0.012805884703993797;2.5316648777362616e-10,0.218248650431633,0.017316248267889023,-0.41493871808052063;0.3412335216999054,-0.12423142790794373,0.03129877522587776,-0.0454336479306221
;-84.60051727294922;-0.0000060942820709897205,1.2523635462002858e-8,-0.002231195569038391,-0.01274858321994543;2.5282781423996425e-10,0.21824310719966888,0.01722973771393299,-0.4146384298801422;0.34096479415893555,-0.12423798441886902,0.031282294541597366,-0.045434121042490005
;-84.60218048095703;-0.000006096156084822724,1.2506801816414281e-8,-0.0022327499464154243,-0.012691534124314785;2.524912223744735e-10,0.21823759377002716,0.01714371144771576,-0.41433799266815186;0.34069719910621643,-0.12424454838037491,0.031265806406736374,-0.04543459042906761
;-84.60384368896484;-0.000006097992809372954,1.248998415803726e-8,-0.002234303392469883,-0.01263475138694048;2.521547970424365e-10,0.21823212504386902,0.017058078199625015,-0.41403764486312866;0.3404294550418854,-0.1242511197924614,0.031249316409230232,-0.04543505981564522
;-84.6054916381836;-0.000006099848178564571,1.2473244659361171e-8,-0.002235854510217905,-0.012578227557241917;2.5181975948918023e-10,0.21822667121887207,0.01697292923927307,-0.4137371778488159;0.34016290307044983,-0.12425768375396729,0.031232813373208046,-0.045435529202222824
;-84.60714721679688;-0.000006101664894231362,1.2456522036075057e-8,-0.002237404463812709,-0.012521965429186821;2.5148519378070944e-10,0.21822115778923035,0.016888171434402466,-0.4134366810321808;0.33989614248275757,-0.12426425516605377,0.03121631219983101,-0.04543599858880043
;-84.60879516601562;-0.000006103490704845171,1.2439874907954618e-8,-0.0022389530204236507,-0.012465951964259148;2.5115204360659504e-10,0.21821574866771698,0.016803890466690063,-0.41313618421554565;0.33963048458099365,-0.12427081912755966,0.031199801713228226,-0.04543646425008774
;-84.61042785644531;-0.000006105307875259314,1.2423305051356692e-8,-0.0022404997143894434,-0.012410192750394344;2.508209473450762e-10,0.21821030974388123,0.016720080748200417,-0.4128355383872986;0.3393659293651581,-0.12427738308906555,0.031183281913399696,-0.04543692246079445
;-84.61206817626953;-0.000006107134595367825,1.24068133544597e-8,-0.0022420461755245924,-0.012354684062302113;2.504911833511869e-10,0.21820494532585144,0.016636738553643227,-0.4125348627567291;0.339102566242218,-0.12428396195173264,0.031166760250926018,-0.04543738812208176
;-84.61369323730469;-0.0000061089017435733695,1.2390279024998563e-8,-0.002243589609861374,-0.012299438938498497;2.5016042015657547e-10,0.21819952130317688,0.01655370183289051,-0.41223424673080444;0.33883780241012573,-0.12429053336381912,0.03115023300051689,-0.04543784633278847
;-84.61532592773438;-0.000006110710273787845,1.2373881475014059e-8,-0.0022451330441981554,-0.012244438752532005;2.4983257129740366e-10,0.2181941270828247,0.01647120714187622,-0.4119335114955902;0.3385753929615021,-0.12429710477590561,0.03113369829952717,-0.04543830826878548
;-84.61695098876953;-0.000006112493792898022,1.235750168859795e-8,-0.0022466734517365694,-0.012189691886305809;2.495051942830173e-10,0.21818877756595612,0.016389094293117523,-0.411632776260376;0.33831286430358887,-0.12430368363857269,0.031117156147956848,-0.04543876647949219
;-84.61856842041016;-0.000006114239113230724,1.2341137889393394e-8,-0.002248212229460478,-0.012135198339819908;2.491776784907529e-10,0.21818341314792633,0.016307365149259567,-0.4113319218158722;0.3380502462387085,-0.12431025505065918,0.03110061027109623,-0.0454392246901989
;-84.62018585205078;-0.000006115988981036935,1.2324850473532933e-8,-0.002249749843031168,-0.012080950662493706;2.488521610999328e-10,0.21817806363105774,0.016226094216108322,-0.4110310971736908;0.3377886712551117,-0.12431683391332626,0.031084058806300163,-0.04543968290090561
;-84.6218032836914;-0.000006117717930465005,1.2308580821240866e-8,-0.0022512853611260653,-0.012026955373585224;2.4852650493123463e-10,0.21817272901535034,0.016145197674632072,-0.410730242729187;0.33752700686454773,-0.12432342022657394,0.03106750175356865,-0.04544014111161232
;-84.62340545654297;-0.000006119453701103339,1.2292386664114474e-8,-0.002252819249406457,-0.011973202228546143;2.482028471639808e-10,0.21816740930080414,0.016064755618572235,-0.41042932868003845;0.3372664749622345,-0.12432999908924103,0.03105093538761139,-0.045440591871738434
;-84.62501525878906;-0.000006121149453974795,1.2276209382378056e-8,-0.0022543512750416994,-0.011919700540602207;2.4787905061884885e-10,0.21816213428974152,0.015984686091542244,-0.4101284444332123;0.3370058238506317,-0.1243365928530693,0.03103436715900898,-0.045441046357154846
;-84.62661743164062;-0.000006122864760982338,1.2260108483985732e-8,-0.00225588190369308,-0.011866440065205097;2.475569471638295e-10,0.2181568294763565,0.015905065461993217,-0.4098469316959381;0.3367462754249573,-0.12434282153844833,0.031018828973174095,-0.04544149711728096
;-84.62821197509766;-0.000006124567789811408,1.2244083968937503e-8,-0.0022574106696993113,-0.011813419871032238;2.4723686986583004e-10,0.21815156936645508,0.015825893729925156,-0.4095458388328552;0.33648788928985596,-0.12434940785169601,0.031002245843410492,-0.04544195160269737
;-84.62979888916016;-0.000006126259904704057,1.2228076329279247e-8,-0.0022589380387216806,-0.011760644614696503;2.469165982788013e-10,0.21814627945423126,0.015747085213661194,-0.4092642366886139;0.3362293541431427,-0.12435564398765564,0.030986696481704712,-0.045442402362823486
;-84.63138580322266;-0.000006127948381617898,1.2212145072965086e-8,-0.0022604649420827627,-0.011708107776939869;2.4659804753746073e-10,0.2181410789489746,0.0156687181442976,-0.40900203585624695;0.3359719216823578,-0.12436152249574661,0.030972177162766457,-0.0454428493976593
;-84.63296508789062;-0.00000612964231549995,1.2196291088173439e-8,-0.002261989749968052,-0.011655808426439762;2.462811898862327e-10,0.21813581883907318,0.015590795315802097,-0.4087008237838745;0.3357156217098236,-0.12436811625957489,0.03095558099448681,-0.04544329643249512
;-84.6345443725586;-0.000006131310783530353,1.2180453090593346e-8,-0.002263513393700123,-0.011603753082454205;2.4596480407979016e-10,0.21813063323497772,0.015513231046497822,-0.40839964151382446;0.33545926213264465,-0.12437470257282257,0.030938975512981415,-0.045443736016750336
;-84.63611602783203;-0.000006132957878435263,1.2164630192046388e-8,-0.0022650344762951136,-0.011551938019692898;2.456482239843183e-10,0.21812546253204346,0.015436024405062199,-0.40809839963912964;0.33520275354385376,-0.12438129633665085,0.03092236816883087,-0.04544418305158615
;-84.6376953125;-0.000006134574050520314,1.2148824168889405e-8,-0.0022665539290755987,-0.011500364169478416;2.453318104223001e-10,0.21812023222446442,0.015359176322817802,-0.4077971577644348;0.3349461257457733,-0.12438789755105972,0.03090575337409973,-0.04544462636113167
;-84.63926696777344;-0.000006136195679573575,1.2133092752719676e-8,-0.0022680717520415783,-0.011449020355939865;2.450170621948189e-10,0.21811506152153015,0.015282761305570602,-0.4074958264827728;0.334690660238266,-0.124394491314888,0.030889127403497696,-0.045445073395967484
;-84.64083862304688;-0.00000613779866398545,1.2117378211939922e-8,-0.0022695872467011213,-0.01139791589230299;2.4470284132327436e-10,0.21810990571975708,0.015206698328256607,-0.4071945548057556;0.33443501591682434,-0.12440109997987747,0.03087250329554081,-0.045445516705513
;-84.64241027832031;-0.000006139367542346008,1.2101678770193303e-8,-0.002271100180223584,-0.011347047984600067;2.443883984071249e-10,0.21810467541217804,0.01513099018484354,-0.40689322352409363;0.3341793119907379,-0.12440770119428635,0.03085586614906788,-0.04544596001505852
;-84.64398193359375;-0.0000061409118643496186,1.2085995315658238e-8,-0.002272611251100898,-0.011296418495476246;2.4407412202442913e-10,0.21809948980808258,0.015055631287395954,-0.40659186244010925;0.33392348885536194,-0.12441430985927582,0.0308392271399498,-0.045446399599313736
;-84.64554595947266;-0.000006142464826552896,1.2070384691753588e-8,-0.002274120692163706,-0.011246014386415482;2.437615109762703e-10,0.21809430420398712,0.014980701729655266,-0.40629053115844727;0.3336687684059143,-0.12442092597484589,0.03082258440554142,-0.04544684290885925
;-84.64710998535156;-0.0000061439723140210845,1.2054726994392695e-8,-0.00227562733925879,-0.011195854283869267;2.434475399049063e-10,0.21808907389640808,0.014906041324138641,-0.4059891104698181;0.33341267704963684,-0.12442754209041595,0.030805930495262146,-0.04544728994369507
;-84.64867401123047;-0.000006145475254015764,1.2039143904019056e-8,-0.002277131425216794,-0.011145916767418385;2.43135539479411e-10,0.21808387339115143,0.014831805601716042,-0.40568768978118896;0.33315780758857727,-0.12443416565656662,0.030789276584982872,-0.045447733253240585
;-84.65023040771484;-0.000006146980922494549,1.2023634532454253e-8,-0.0022786343470215797,-0.011096205562353134;2.4282495458827213e-10,0.21807871758937836,0.014757989905774593,-0.4053862690925598;0.33290404081344604,-0.12444078177213669,0.030772613361477852,-0.0454481765627861
;-84.65179443359375;-0.000006148467036837246,1.2008140259922584e-8,-0.0022801351733505726,-0.011046724393963814;2.425144807194357e-10,0.21807357668876648,0.01468451227992773,-0.4050847589969635;0.3326501250267029,-0.12444741278886795,0.030755940824747086,-0.04544861242175102
;-84.65335083007812;-0.0000061498999457398895,1.1992598025756251e-8,-0.0022816332057118416,-0.010997479781508446;2.422025913162429e-10,0.21806836128234863,0.014611304737627506,-0.4047832787036896;0.3323948085308075,-0.12445402890443802,0.03073926828801632,-0.04544905573129654
;-84.6549072265625;-0.000006151331945147831,1.1977129510398754e-8,-0.002283128211274743,-0.010948456823825836;2.418923950031626e-10,0.21806317567825317,0.014538511633872986,-0.4044817388057709;0.33214071393013,-0.12446066737174988,0.030722586438059807,-0.045449499040842056
;-84.65646362304688;-0.000006152749392640544,1.1961675205895972e-8,-0.0022846225183457136,-0.010899659246206284;2.4158239297911166e-10,0.2180580347776413,0.014466057531535625,-0.40418022871017456;0.33188650012016296,-0.12446729838848114,0.030705897137522697,-0.045449938625097275
;-84.65800476074219;-0.000006154167749627959,1.1946292843845185e-8,-0.002286113565787673,-0.010851087048649788;2.412740007784464e-10,0.21805289387702942,0.014394011348485947,-0.4039175510406494;0.3316333591938019,-0.1244732141494751,0.030691292136907578,-0.045450374484062195
;-84.65955352783203;-0.000006155593382572988,1.1930985088781654e-8,-0.0022876046132296324,-0.010802729055285454;2.409673016678937e-10,0.21804776787757874,0.014322372153401375,-0.40361592173576355;0.3313814103603363,-0.12447984516620636,0.03067459538578987,-0.04545081406831741
;-84.66109466552734;-0.000006156965810077963,1.1915630260261878e-8,-0.0022890924010425806,-0.010754603892564774;2.406595478454676e-10,0.21804265677928925,0.01425099465996027,-0.40331435203552246;0.3311280310153961,-0.12448649853467941,0.03065788932144642,-0.04545124992728233
;-84.66263580322266;-0.000006158331871120026,1.1900349150550937e-8,-0.002290578791871667,-0.01070669386535883;2.4035312629067107e-10,0.21803754568099976,0.014180022291839123,-0.403032124042511;0.33087584376335144,-0.12449277192354202,0.030642222613096237,-0.04545168578624725
;-84.66416931152344;-0.000006159714303066721,1.1885140871470412e-8,-0.002292064018547535,-0.01065900083631277;2.400483978259871e-10,0.21803247928619385,0.014109448529779911,-0.40274983644485474;0.3306247591972351,-0.12449906021356583,0.030626552179455757,-0.045452117919921875
;-84.66569519042969;-0.000006161084456834942,1.1869945915066182e-8,-0.0022935469169169664,-0.01061153132468462;2.3974380813918117e-10,0.21802736818790436,0.01403920166194439,-0.4024675488471985;0.330373615026474,-0.12450534850358963,0.03061087615787983,-0.045452553778886795
;-84.66722106933594;-0.0000061624405134352855,1.1854825565649207e-8,-0.0022950288839638233,-0.010564274154603481;2.3944082827576096e-10,0.21802230179309845,0.013969351537525654,-0.40216580033302307;0.3301236033439636,-0.12451198697090149,0.030594147741794586,-0.04545298591256142
;-84.66873931884766;-0.000006163785656099208,1.1839718538908528e-8,-0.0022965094540268183,-0.010517233982682228;2.391380704569457e-10,0.21801723539829254,0.013899827376008034,-0.4019028842449188;0.3298734426498413,-0.12451792508363724,0.03057950735092163,-0.04545341432094574
;-84.67024993896484;-0.000006165165359561797,1.1824746515287643e-8,-0.002297988859936595,-0.010470401495695114;2.3883844901817497e-10,0.2180122286081314,0.013830764219164848,-0.4016399383544922;0.3296257257461548,-0.12452384829521179,0.030564861372113228,-0.04545384272933006
;-84.67176055908203;-0.000006166524599393597,1.1809786926164634e-8,-0.0022994668688625097,-0.01042378693819046;2.3853899411285795e-10,0.21800723671913147,0.01376202329993248,-0.401376873254776;0.3293778598308563,-0.12452977150678635,0.030550211668014526,-0.04545426741242409
;-84.67326354980469;-0.000006167857463879045,1.179484154789634e-8,-0.0023009441792964935,-0.010377387516200542;2.38239317162936e-10,0.21800224483013153,0.013693597167730331,-0.4011138379573822;0.3291299045085907,-0.1245357096195221,0.03053555265069008,-0.04545469954609871
;-84.67475891113281;-0.0000061692257986578625,1.178003028456942e-8,-0.0023024200927466154,-0.010331190191209316;2.3794316517111724e-10,0.21799728274345398,0.01362562831491232,-0.40083128213882446;0.3288843333721161,-0.1245419904589653,0.030519846826791763,-0.045455120503902435
;-84.67625427246094;-0.000006170571850816486,1.1765233232097216e-8,-0.0023038943763822317,-0.0102852089330554;2.3764715195717656e-10,0.21799235045909882,0.01355797704309225,-0.4005681276321411;0.3286387622356415,-0.12454792112112045,0.030505182221531868,-0.04545554518699646
;-84.677734375;-0.000006171918812469812,1.1750511674790687e-8,-0.0023053681943565607,-0.01023943442851305;2.373527763221972e-10,0.21798741817474365,0.013490704819560051,-0.4003049433231354;0.32839420437812805,-0.12455384433269501,0.030490513890981674,-0.04545596241950989
;-84.67921447753906;-0.000006173277597554261,1.1735864724471412e-8,-0.0023068415466696024,-0.01019386574625969;2.3706003826617916e-10,0.21798251569271088,0.01342381164431572,-0.4000416696071625;0.3281508684158325,-0.12455977499485016,0.030475839972496033,-0.045456379652023315
;-84.6806869506836;-0.0000061746090977976564,1.1721231985006852e-8,-0.002308313036337495,-0.010148507542908192;2.367674667436148e-10,0.2179775834083557,0.013357228599488735,-0.39977845549583435;0.32790741324424744,-0.12456569820642471,0.030461160466074944,-0.04545680060982704
;-84.6821517944336;-0.000006175981070555281,1.1706733360483668e-8,-0.002309784758836031,-0.010103349573910236;2.3647772628976327e-10,0.2179727405309677,0.013291090726852417,-0.3995150327682495;0.3276662826538086,-0.12457162886857986,0.030446477234363556,-0.04545721039175987
;-84.6836166381836;-0.000006177341219881782,1.1692250723172037e-8,-0.002311255317181349,-0.010058402083814144;2.3618842992512157e-10,0.2179679423570633,0.013225259259343147,-0.39925166964530945;0.32742515206336975,-0.12457755208015442,0.03043179027736187,-0.0454576276242733
;-84.6850814819336;-0.0000061786663536622655,1.1677781408536703e-8,-0.0023127240128815174,-0.010013660416007042;2.3589927233835795e-10,0.2179630696773529,0.013159731402993202,-0.3989883065223694;0.32718390226364136,-0.12458348274230957,0.030417097732424736,-0.04545804485678673
;-84.68653106689453;-0.00000618000740360003,1.1663389365423882e-8,-0.0023141922429203987,-0.00996912270784378;2.3561144701922387e-10,0.2179582566022873,0.013094574213027954,-0.3987247943878174;0.3269438147544861,-0.12458941340446472,0.030402399599552155,-0.04545845463871956
;-84.68798065185547;-0.000006181343451316934,1.1649069264763057e-8,-0.0023156588431447744,-0.009924785234034061;2.353255645903829e-10,0.2179534137248993,0.013029783964157104,-0.39846131205558777;0.32670482993125916,-0.12459533661603928,0.030387697741389275,-0.04545886069536209
;-84.6894302368164;-0.000006182662218634505,1.1634766927670626e-8,-0.002317124279215932,-0.009880650788545609;2.350397931838444e-10,0.21794864535331726,0.012965296395123005,-0.39819779992103577;0.3264658451080322,-0.12460127472877502,0.030372990295290947,-0.04545927420258522
;-84.69087219238281;-0.000006183990990393795,1.162053653303019e-8,-0.0023185883183032274,-0.009836715646088123;2.3475538180051103e-10,0.21794387698173523,0.01290117111057043,-0.397934228181839;0.32622790336608887,-0.12460719794034958,0.03035828098654747,-0.04545968025922775
