voltage;INa,Ito,ICaL,IKs;IpK, INaK, IKr, INaCa;IK1, IbCa, IpCa, IbNa
;-85.3526611328125;-0.000006097979621699778,5.666023650263696e-9,-0.0036822110414505005,-0.00006234494503587484;1.14980705512302e-10,0.21555787324905396,0.000012495966984715778,-0.26222431659698486;0.2020430713891983,-0.12812656164169312,0.022221675142645836,-0.04565524682402611
;-85.35267639160156;-0.0000060979468798905145,5.66589353212521e-9,-0.003682350041344762,-0.00006233516614884138;1.1497824914386001e-10,0.21555788815021515,0.00001249456727236975,-0.26222437620162964;0.2020399123430252,-0.1281265765428543,0.022221675142645836,-0.045655250549316406
;-85.35269165039062;-0.000006097916866565356,5.665764302165144e-9,-0.0036824902053922415,-0.00006232540908968076;1.1497594543108391e-10,0.21555791795253754,0.000012493171198002528,-0.2622244358062744;0.20203672349452972,-0.1281265765428543,0.022221675142645836,-0.045655250549316406
;-85.35270690917969;-0.000006097870482335566,5.6656350722050774e-9,-0.00368262967094779,-0.00006231568841030821;1.1497348212374803e-10,0.21555796265602112,0.000012491778761614114,-0.2622244358062744;0.20203359425067902,-0.1281265914440155,0.022221675142645836,-0.045655250549316406
;-85.35272216796875;-0.000006097837740526302,5.665506730423431e-9,-0.0036827698349952698,-0.00006230598228285089;1.1497101187751824e-10,0.21555794775485992,0.000012490394510678016,-0.2622244954109192;0.20203043520450592,-0.1281265914440155,0.022221675142645836,-0.045655250549316406
;-85.35273742675781;-0.000006097806362959091,5.665378388641784e-9,-0.0036829093005508184,-0.00006229629798326641;1.1496856244797016e-10,0.2155579775571823,0.000012489011169236619,-0.2622245252132416;0.20202726125717163,-0.1281266063451767,0.022221675142645836,-0.045655254274606705
;-85.35275268554688;-0.000006097771802160423,5.665250935038557e-9,-0.0036830489989370108,-0.00006228665006347;1.1496609220174037e-10,0.2155579924583435,0.000012487634194258135,-0.26222455501556396;0.20202408730983734,-0.1281266212463379,0.022221675142645836,-0.045655254274606705
;-85.35276794433594;-0.000006097740879340563,5.66512392552454e-9,-0.0036831882316619158,-0.00006227701669558883;1.1496364277219229e-10,0.2155580073595047,0.000012486263585742563,-0.26222455501556396;0.20202094316482544,-0.1281266212463379,0.022221675142645836,-0.045655254274606705
;-85.352783203125;-0.000006097709047026001,5.664997360099733e-9,-0.0036833269987255335,-0.00006226740515558049;1.149611794648564e-10,0.2155579775571823,0.000012484895705711097,-0.26222464442253113;0.20201775431632996,-0.12812663614749908,0.022221675142645836,-0.045655257999897
;-85.35279846191406;-0.0000060976749409746844,5.6648707946749255e-9,-0.003683465765789151,-0.00006225782271940261;1.1495872309641442e-10,0.2155580371618271,0.00001248353328264784,-0.2622246742248535;0.20201461017131805,-0.12812663614749908,0.022221675142645836,-0.045655257999897
;-85.35281372070312;-0.000006097644018154824,5.664744673339328e-9,-0.003683604532852769,-0.00006224826938705519;1.1495625978907853e-10,0.21555805206298828,0.000012482176316552795,-0.2622247040271759;0.20201142132282257,-0.12812665104866028,0.022221675142645836,-0.045655257999897
;-85.35282897949219;-0.000006097612185840262,5.6646189960929405e-9,-0.0036837432999163866,-0.000062238730606623;1.1495380342063655e-10,0.21555809676647186,0.000012480822988436557,-0.2622247338294983;0.20200826227664948,-0.12812666594982147,0.022221675142645836,-0.045655257999897
;-85.35284423828125;-0.0000060975662563578226,5.664492874757343e-9,-0.0036838820669800043,-0.00006222922820597887;1.1495134011330066e-10,0.21555808186531067,0.000012479474207793828,-0.2621854245662689;0.20200510323047638,-0.12812775373458862,0.02221919223666191,-0.0456552654504776
;-85.35285949707031;-0.0000060975344240432605,5.6643671975109555e-9,-0.00368401943705976,-0.00006221973308129236;1.1494889068375258e-10,0.21555814146995544,0.000012478129974624608,-0.2621461749076843;0.2020019292831421,-0.12812884151935577,0.022216705605387688,-0.0456552654504776
;-85.35289001464844;-0.000006097480309108505,5.664188673648596e-9,-0.003684157272800803,-0.00006221030344022438;1.149451922533018e-10,0.21555808186531067,0.000012476674783101771,-0.26210692524909973;0.20199716091156006,-0.12812992930412292,0.022214222699403763,-0.0456552691757679
;-85.35292053222656;-0.0000060973784457019065,5.663956859081054e-9,-0.003684292547404766,-0.00006220093928277493;1.1494043217208372e-10,0.21555808186531067,0.000012475107723730616,-0.2620677053928375;0.20199084281921387,-0.12813101708889008,0.022211739793419838,-0.0456552729010582
;-85.35295104980469;-0.000006097287041484378,5.663723712245883e-9,-0.0036844259593635798,-0.00006219158240128309;1.1493549861851804e-10,0.2155580073595047,0.000012473547030822374,-0.2620481550693512;0.20198453962802887,-0.12813158333301544,0.0222104974091053,-0.045655276626348495
;-85.35298156738281;-0.000006097200184740359,5.663491009499921e-9,-0.003684558207169175,-0.0000621822546236217;1.1493059282052798e-10,0.2155580222606659,0.000012471989975892939,-0.26204827427864075;0.2019781619310379,-0.12813159823417664,0.0222104974091053,-0.04565528407692909
;-85.35301208496094;-0.000006097107416280778,5.66325786266475e-9,-0.0036846892908215523,-0.00006217296322574839;1.1492568008364401e-10,0.21555794775485992,0.000012470439287426416,-0.2620483934879303;0.2019718438386917,-0.12813161313533783,0.0222104974091053,-0.04565529152750969
;-85.35304260253906;-0.000006097016466810601,5.663024271740369e-9,-0.003684819908812642,-0.00006216367910383269;1.1492074653007833e-10,0.21555794775485992,0.0000124688922369387,-0.26204848289489746;0.20196551084518433,-0.12813164293766022,0.0222104974091053,-0.04565529525279999
;-85.35307312011719;-0.000006096914603404002,5.662789792637568e-9,-0.003684950526803732,-0.00006215442408574745;1.1491582685430046e-10,0.21555785834789276,0.000012467350643419195,-0.262048602104187;0.20195917785167694,-0.1281316578388214,0.0222104974091053,-0.045655298978090286
;-85.35310363769531;-0.00000609682638241793,5.662555313534767e-9,-0.0036850813776254654,-0.00006214519089553505;1.149109210563104e-10,0.21555787324905396,0.0000124658145068679,-0.2620486915111542;0.20195285975933075,-0.1281316727399826,0.0222104974091053,-0.04565530642867088
;-85.35313415527344;-0.000006096736342442455,5.6623203903427566e-9,-0.003685211529955268,-0.0000621359795331955;1.1490614709730451e-10,0.2155577838420868,0.00001246428018930601,-0.2620488107204437;0.20194652676582336,-0.1281316876411438,0.0222104974091053,-0.04565531387925148
;-85.35316467285156;-0.000006096644483477576,5.662084578972326e-9,-0.0036853414494544268,-0.0000621267972746864;1.1490123436042055e-10,0.2155577838420868,0.000012462753147701733,-0.2620489299297333;0.20194020867347717,-0.1281317174434662,0.0222104974091053,-0.04565531760454178
;-85.35319519042969;-0.0000060965448938077316,5.6618496557803155e-9,-0.0036854713689535856,-0.00006211763684405014;1.1489630774574877e-10,0.21555770933628082,0.000012461228834581561,-0.26204901933670044;0.2019338756799698,-0.12813173234462738,0.0222104974091053,-0.045655325055122375
;-85.35322570800781;-0.000006096451215853449,5.661613844409885e-9,-0.0036856005899608135,-0.00006210849096532911;1.14891381131077e-10,0.21555772423744202,0.0000124597099784296,-0.2620491087436676;0.2019275426864624,-0.12813174724578857,0.0222104974091053,-0.045655328780412674
;-85.3532485961914;-0.000006096358902141219,5.661377588950245e-9,-0.003685730043798685,-0.00006209938146639615;1.1488647533308693e-10,0.21555767953395844,0.00001245819657924585,-0.26204925775527954;0.20192120969295502,-0.12813176214694977,0.0222104974091053,-0.04565533623099327
;-85.35326385498047;-0.000006096327524574008,5.661247914900969e-9,-0.003685861360281706,-0.00006209021375980228;1.1488401202575105e-10,0.21555769443511963,0.000012456916010705754,-0.26204928755760193;0.20191802084445953,-0.12813177704811096,0.0222104974091053,-0.04565533995628357
;-85.35327911376953;-0.000006096294328017393,5.661118684940902e-9,-0.0036859947722405195,-0.00006208107515703887;1.1488156953509687e-10,0.21555767953395844,0.000012455642718123272,-0.26204928755760193;0.20191486179828644,-0.12813177704811096,0.0222104974091053,-0.04565533995628357
;-85.3532943725586;-0.000006096258857724024,5.660990343159256e-9,-0.003686128882691264,-0.00006207196565810591;1.1487910622776099e-10,0.21555772423744202,0.000012454373973014299,-0.2620493769645691;0.20191171765327454,-0.12813179194927216,0.0222104974091053,-0.04565533995628357
;-85.35330963134766;-0.000006096227934904164,5.660861557288399e-9,-0.0036862636916339397,-0.00006206287071108818;1.148766359815312e-10,0.2155577689409256,0.000012453108865884133,-0.2620493769645691;0.20190854370594025,-0.12813180685043335,0.0222104974091053,-0.04565534368157387
;-85.35332489013672;-0.000006096183369663777,5.6607332155067525e-9,-0.00368639943189919,-0.00006205381214385852;1.1487417267419531e-10,0.2155577838420868,0.000012451847396732774,-0.2620494067668915;0.20190536975860596,-0.12813180685043335,0.0222104974091053,-0.04565534368157387
;-85.35334014892578;-0.000006096147444623057,5.6606057619035255e-9,-0.0036865342408418655,-0.00006204476085258648;1.148718620225253e-10,0.2155577689409256,0.00001245058865606552,-0.26204943656921387;0.20190219581127167,-0.12813182175159454,0.0222104974091053,-0.04565534368157387
;-85.35335540771484;-0.000006096114248066442,5.660479196478718e-9,-0.0036866688169538975,-0.00006203573866514489;1.1486941259297723e-10,0.2155577838420868,0.000012449335372366477,-0.26204949617385864;0.20189903676509857,-0.12813182175159454,0.0222104974091053,-0.04565534368157387
;-85.3533706665039;-0.000006096083779993933,5.660352186964701e-9,-0.0036868038587272167,-0.00006202673830557615;1.1486694928564134e-10,0.21555781364440918,0.00001244808572664624,-0.26204952597618103;0.20189586281776428,-0.12813183665275574,0.0222104974091053,-0.045655347406864166
;-85.35338592529297;-0.000006096045581216458,5.660225621539894e-9,-0.003686938900500536,-0.00006201776704983786;1.1486449291719936e-10,0.21555782854557037,0.000012446840628399514,-0.2620495557785034;0.20189268887043,-0.12813185155391693,0.0222104974091053,-0.045655347406864166
;-85.35340118408203;-0.000006096013748901896,5.660099944293506e-9,-0.0036870737094432116,-0.0000620088103460148;1.1486204348765128e-10,0.21555782854557037,0.000012445599168131594,-0.2620496153831482;0.2018895298242569,-0.12813185155391693,0.0222104974091053,-0.045655347406864166
;-85.3534164428711;-0.000006095981461839983,5.659974267047119e-9,-0.003687208751216531,-0.00006199987547006458;1.1485957324142149e-10,0.21555788815021515,0.000012444363164831884,-0.26204967498779297;0.2018863707780838,-0.12813186645507812,0.0222104974091053,-0.045655351132154465
;-85.35343170166016;-0.000006095945536799263,5.659848589800731e-9,-0.00368734379298985,-0.00006199096969794482;1.1485712381187341e-10,0.21555788815021515,0.000012443130799510982,-0.26204967498779297;0.20188318192958832,-0.12813186645507812,0.0222104974091053,-0.045655351132154465
;-85.35344696044922;-0.000006095913704484701,5.6597233566435534e-9,-0.0036874779034405947,-0.0000619820857536979;1.1485466050453752e-10,0.21555788815021515,0.000012441902072168887,-0.26204970479011536;0.20188003778457642,-0.12813188135623932,0.0222104974091053,-0.045655351132154465
;-85.35346221923828;-0.000006095870503486367,5.659598123486376e-9,-0.0036876124795526266,-0.00006197322363732383;1.1485219025830773e-10,0.21555788815021515,0.0000124406778923003,-0.26204976439476013;0.20187686383724213,-0.1281318962574005,0.0222104974091053,-0.04565535485744476
;-85.35347747802734;-0.000006095835033192998,5.659473334418408e-9,-0.003687746822834015,-0.0000619643833488226;1.1484974082875965e-10,0.21555794775485992,0.000012439458259905223,-0.2620498239994049;0.20187368988990784,-0.1281318962574005,0.0222104974091053,-0.04565535485744476
;-85.3534927368164;-0.000006095801381889032,5.65934854535044e-9,-0.003687880467623472,-0.0000619555648881942;1.1484728446031767e-10,0.21555794775485992,0.000012438242265488952,-0.2620498239994049;0.20187054574489594,-0.1281319111585617,0.0222104974091053,-0.04565535485744476
;-85.35350799560547;-0.000006095770004321821,5.659223756282472e-9,-0.0036880148109048605,-0.00006194676825543866;1.1484481421408788e-10,0.2155579775571823,0.000012437031728040893,-0.2620498538017273;0.20186737179756165,-0.1281319111585617,0.0222104974091053,-0.04565535485744476
;-85.35352325439453;-0.000006095734079281101,5.659099411303714e-9,-0.0036881491541862488,-0.00006193800072651356;1.148423647845398e-10,0.21555794775485992,0.000012435823009582236,-0.2620498836040497;0.20186418294906616,-0.1281319260597229,0.0222104974091053,-0.04565535485744476
;-85.3535385131836;-0.000006095701337471837,5.658975510414166e-9,-0.0036882825661450624,-0.0000619292477495037;1.1483990147720391e-10,0.2155580222606659,0.00001243461974809179,-0.26204997301101685;0.20186103880405426,-0.1281319409608841,0.0222104974091053,-0.04565536230802536
;-85.35355377197266;-0.000006095665867178468,5.658851609524618e-9,-0.0036884157452732325,-0.00006192051660036668;1.1483744510876193e-10,0.21555796265602112,0.000012433421034074854,-0.26205000281333923;0.20185784995555878,-0.1281319409608841,0.0222104974091053,-0.04565536230802536
;-85.35356903076172;-0.000006095628577895695,5.6587277086350696e-9,-0.0036885493900626898,-0.0000619118072791025;1.1483514139598583e-10,0.2155580222606659,0.000012432225958036724,-0.26205000281333923;0.2018546611070633,-0.1281319558620453,0.0222104974091053,-0.04565536230802536
;-85.35358428955078;-0.000006095596745581133,5.658604695923941e-9,-0.003688682336360216,-0.00006190312706166878;1.1483268502754385e-10,0.21555806696414948,0.000012431036338966805,-0.262050062417984;0.20185153186321259,-0.1281319558620453,0.0222104974091053,-0.04565536603331566
;-85.35358428955078;-0.0000060955840126553085,5.658534529828785e-9,-0.003688816213980317,-0.00006189442501636222;1.1483145684332285e-10,0.21555812656879425,0.000012429964044713415,-0.2620500326156616;0.20184993743896484,-0.1281319558620453,0.0222104974091053,-0.04565536603331566
;-85.35358428955078;-0.000006095605840528151,5.65851854261723e-9,-0.003688952885568142,-0.00006188571569509804;1.1483145684332285e-10,0.21555818617343903,0.00001242901271325536,-0.26205000281333923;0.20184993743896484,-0.1281319558620453,0.0222104974091053,-0.04565536230802536
;-85.35358428955078;-0.000006095627213653643,5.6585029994948854e-9,-0.0036890902556478977,-0.00006187703547766432;1.1483145684332285e-10,0.215558260679245,0.000012428065019776113,-0.26204997301101685;0.20184993743896484,-0.1281319558620453,0.0222104974091053,-0.04565535485744476
;-85.35358428955078;-0.000006095648586779134,5.65848878864017e-9,-0.0036892283242195845,-0.00006186837708810344;1.1483145684332285e-10,0.21555832028388977,0.000012427120054780971,-0.26204994320869446;0.20184993743896484,-0.1281319558620453,0.0222104974091053,-0.045655351132154465
;-85.35358428955078;-0.000006095670869399328,5.658475465963875e-9,-0.003689367091283202,-0.00006185974052641541;1.1483145684332285e-10,0.21555839478969574,0.000012426179637259338,-0.26204991340637207;0.20184993743896484,-0.1281319558620453,0.0222104974091053,-0.045655351132154465
;-85.35358428955078;-0.00000609569269727217,5.658462143287579e-9,-0.0036895056255161762,-0.0000618511185166426;1.1483145684332285e-10,0.2155584692955017,0.000012425243767211214,-0.2620498836040497;0.20184993743896484,-0.1281319558620453,0.0222104974091053,-0.045655347406864166
;-85.35358428955078;-0.000006095714525145013,5.6584497087897034e-9,-0.003689645091071725,-0.00006184252561070025;1.1483145684332285e-10,0.21555855870246887,0.000012424308806657791,-0.2620498538017273;0.20184993743896484,-0.1281319558620453,0.0222104974091053,-0.04565534368157387
;-85.35358428955078;-0.000006095736807765206,5.6584377183810375e-9,-0.0036897845566272736,-0.00006183394725667313;1.1483145684332285e-10,0.21555860340595245,0.000012423380212567281,-0.2620498239994049;0.20184993743896484,-0.1281319558620453,0.0222104974091053,-0.04565534368157387
;-85.35358428955078;-0.000006095758635638049,5.658427060240001e-9,-0.003689923556521535,-0.00006182539073051885;1.1483145684332285e-10,0.21555869281291962,0.000012422453437466174,-0.2620497941970825;0.20184993743896484,-0.1281319558620453,0.0222104974091053,-0.04565533995628357
;-85.35358428955078;-0.000006095780463510891,5.658415958009755e-9,-0.0036900623235851526,-0.00006181686330819502;1.1483145684332285e-10,0.2155587375164032,0.000012421532119333278,-0.26204976439476013;0.20184993743896484,-0.1281319558620453,0.0222104974091053,-0.04565533623099327
;-85.35358428955078;-0.000006095801836636383,5.658406188047138e-9,-0.003690201323479414,-0.00006180835771374404;1.1483145684332285e-10,0.21555882692337036,0.000012420615348673891,-0.26204973459243774;0.20184993743896484,-0.1281319558620453,0.0222104974091053,-0.04565533623099327
;-85.35358428955078;-0.000006095822300267173,5.6583964180845214e-9,-0.0036903396248817444,-0.00006179985939525068;1.1483145684332285e-10,0.21555888652801514,0.000012419699487509206,-0.26204970479011536;0.20184993743896484,-0.1281319558620453,0.0222104974091053,-0.045655328780412674
;-85.35358428955078;-0.000006095843673392665,5.6583870922111146e-9,-0.003690477693453431,-0.00006179139018058777;1.1483145684332285e-10,0.2155589759349823,0.000012418789992807433,-0.2620496451854706;0.20184993743896484,-0.1281319558620453,0.0222104974091053,-0.045655325055122375
;-85.35358428955078;-0.000006095863682276104,5.658379098605337e-9,-0.003690616460517049,-0.0000617829427937977;1.1483145684332285e-10,0.21555902063846588,0.000012417885045579169,-0.2620496153831482;0.20184993743896484,-0.1281319558620453,0.0222104974091053,-0.04565532132983208
;-85.35358428955078;-0.000006095885510148946,5.65837066091035e-9,-0.0036907545290887356,-0.0000617745317867957;1.1483145684332285e-10,0.21555911004543304,0.00001241698282683501,-0.2620495855808258;0.20184993743896484,-0.1281319558620453,0.0222104974091053,-0.04565532132983208
;-85.35358428955078;-0.000006095906428527087,5.658363111393783e-9,-0.0036908923648297787,-0.00006176612077979371;1.1483145684332285e-10,0.21555915474891663,0.000012416084246069659,-0.2620495557785034;0.20184993743896484,-0.1281319558620453,0.0222104974091053,-0.04565531760454178
;-85.35358428955078;-0.000006095926892157877,5.658355561877215e-9,-0.0036910302005708218,-0.00006175773160066456;1.1483145684332285e-10,0.2155592441558838,0.000012415189303283114,-0.26204952597618103;0.20184993743896484,-0.1281319558620453,0.0222104974091053,-0.04565531387925148
;-85.35358428955078;-0.0000060959482652833685,5.658348456449858e-9,-0.0036911675706505775,-0.00006174937880132347;1.1483145684332285e-10,0.21555930376052856,0.000012414298907970078,-0.26204949617385864;0.20184993743896484,-0.1281319558620453,0.0222104974091053,-0.04565531387925148
;-85.35358428955078;-0.0000060959682741668075,5.65834179511171e-9,-0.0036913054063916206,-0.00006174104055389762;1.1483145684332285e-10,0.21555939316749573,0.00001241341215063585,-0.26204946637153625;0.20184993743896484,-0.1281319558620453,0.0222104974091053,-0.04565530642867088
;-85.35358428955078;-0.000006095987828302896,5.658336021951982e-9,-0.0036914427764713764,-0.00006173272413434461;1.1483145684332285e-10,0.2155594527721405,0.000012412529031280428,-0.26204943656921387;0.20184993743896484,-0.1281319558620453,0.0222104974091053,-0.045655302703380585
;-85.35358428955078;-0.000006096007837186335,5.658329804703044e-9,-0.003691580146551132,-0.00006172442954266444;1.1483145684332285e-10,0.21555952727794647,0.000012411648640409112,-0.2620494067668915;0.20184993743896484,-0.1281319558620453,0.0222104974091053,-0.045655298978090286
;-85.35358428955078;-0.000006096027846069774,5.658324031543316e-9,-0.003691717516630888,-0.00006171615677885711;1.1483145684332285e-10,0.21555958688259125,0.000012410774616000708,-0.2620493769645691;0.20184993743896484,-0.1281319558620453,0.0222104974091053,-0.045655298978090286
;-85.35358428955078;-0.0000060960483097005635,5.6583191465620075e-9,-0.0036918544210493565,-0.00006170789856696501;1.1483145684332285e-10,0.21555966138839722,0.000012409904229571112,-0.2620493471622467;0.20184993743896484,-0.1281319558620453,0.0222104974091053,-0.04565529525279999
;-85.35358428955078;-0.000006096066499594599,5.658313817491489e-9,-0.0036919908598065376,-0.00006169966945890337;1.1483145684332285e-10,0.21555973589420319,0.000012409035662130918,-0.2620493173599243;0.20184993743896484,-0.1281319558620453,0.0222104974091053,-0.04565529152750969
;-85.35358428955078;-0.000006096085598983336,5.658308932510181e-9,-0.0036921279970556498,-0.00006169146217871457;1.1483145684332285e-10,0.21555984020233154,0.000012408170732669532,-0.26204928755760193;0.20184993743896484,-0.1281319558620453,0.0222104974091053,-0.04565528407692909
;-85.35358428955078;-0.0000060961046983720735,5.6583044916180825e-9,-0.003692264435812831,-0.000061683269450441;1.1483145684332285e-10,0.21555987000465393,0.000012407310350681655,-0.26204922795295715;0.20184993743896484,-0.1281319558620453,0.0222104974091053,-0.04565528407692909
;-85.35358428955078;-0.000006096124252508162,5.658300050725984e-9,-0.003692400874570012,-0.00006167509855004027;1.1483145684332285e-10,0.2155599743127823,0.000012406453606672585,-0.26204919815063477;0.20184993743896484,-0.1281319558620453,0.0222104974091053,-0.045655280351638794
;-85.35358428955078;-0.000006096142442402197,5.658296053923095e-9,-0.003692537546157837,-0.00006166694947751239;1.1483145684332285e-10,0.21556000411510468,0.000012405600500642322,-0.2620491683483124;0.20184993743896484,-0.1281319558620453,0.0222104974091053,-0.045655276626348495
;-85.35358428955078;-0.000006096161541790934,5.658292057120207e-9,-0.0036926735192537308,-0.00006165881495689973;1.1483145684332285e-10,0.21556010842323303,0.000012404751032590866,-0.26204913854599;0.20184993743896484,-0.1281319558620453,0.0222104974091053,-0.0456552729010582
;-85.35358428955078;-0.000006096181095927022,5.658288504406528e-9,-0.003692809259518981,-0.00006165071681607515;1.1483145684332285e-10,0.2155601680278778,0.000012403906112012919,-0.2620491087436676;0.20184993743896484,-0.1281319558620453,0.0222104974091053,-0.0456552729010582
;-85.35358428955078;-0.000006096199285821058,5.658284951692849e-9,-0.0036929454654455185,-0.00006164261867525056;1.1483145684332285e-10,0.21556025743484497,0.000012403063010424376,-0.2620490789413452;0.20184993743896484,-0.1281319558620453,0.0222104974091053,-0.0456552691757679
;-85.35358428955078;-0.000006096218385209795,5.65828139897917e-9,-0.0036930814385414124,-0.00006163456419017166;1.1483145684332285e-10,0.21556030213832855,0.000012402223546814639,-0.2620490491390228;0.20184993743896484,-0.1281319558620453,0.0222104974091053,-0.0456552654504776
;-85.35358428955078;-0.000006096237484598532,5.658278290354701e-9,-0.0036932167131453753,-0.00006162651698105037;1.1483145684332285e-10,0.21556039154529572,0.000012401388630678412,-0.26204901933670044;0.20184993743896484,-0.1281319558620453,0.0222104974091053,-0.0456552654504776
;-85.35358428955078;-0.0000060962570387346204,5.6582747376410225e-9,-0.0036933524534106255,-0.00006161848432384431;1.1483145684332285e-10,0.2155604362487793,0.000012400557352520991,-0.26204898953437805;0.20184993743896484,-0.1281319558620453,0.0222104974091053,-0.045655257999897
;-85.35358428955078;-0.000006096275683376007,5.658272517194973e-9,-0.0036934881936758757,-0.00006161048077046871;1.1483145684332285e-10,0.21556052565574646,0.000012399728802847676,-0.26204895973205566;0.20184993743896484,-0.1281319558620453,0.0222104974091053,-0.045655254274606705
;-85.35358428955078;-0.000006096295237512095,5.658269408570504e-9,-0.0036936230026185513,-0.00006160247721709311;1.1483145684332285e-10,0.21556057035923004,0.000012398905710142571,-0.2620489299297333;0.20184993743896484,-0.1281319558620453,0.0222104974091053,-0.045655254274606705
;-85.35358428955078;-0.00000609631342740613,5.658267188124455e-9,-0.003693757811561227,-0.0000615945173194632;1.1483145684332285e-10,0.2155606597661972,0.000012398085345921572,-0.2620489001274109;0.20184993743896484,-0.1281319558620453,0.0222104974091053,-0.045655250549316406
;-85.35358428955078;-0.0000060963329815422185,5.658264523589196e-9,-0.0036938930861651897,-0.0000615865719737485;1.1483145684332285e-10,0.21556071937084198,0.00001239726861967938,-0.2620488703250885;0.20184993743896484,-0.1281319558620453,0.0222104974091053,-0.04565524682402611
;-85.35358428955078;-0.000006096352080930956,5.658261859053937e-9,-0.0036940278951078653,-0.00006157864845590666;1.1483145684332285e-10,0.21556080877780914,0.000012396455531415995,-0.2620488107204437;0.20184993743896484,-0.1281319558620453,0.0222104974091053,-0.04565524682402611
;-85.35358428955078;-0.00000609636981607764,5.658259638607888e-9,-0.0036941624712198973,-0.00006157074676593766;1.1483145684332285e-10,0.21556085348129272,0.000012395645171636716,-0.26204878091812134;0.20184993743896484,-0.1281319558620453,0.0222104974091053,-0.04565524309873581
;-85.35358428955078;-0.000006096388460719027,5.658257862251048e-9,-0.003694297280162573,-0.00006156285962788388;1.1483145684332285e-10,0.2155609428882599,0.000012394839359330945,-0.26204875111579895;0.20184993743896484,-0.1281319558620453,0.0222104974091053,-0.04565523564815521
;-85.35358428955078;-0.0000060964052863710094,5.658256085894209e-9,-0.003694431623443961,-0.00006155499431770295;1.1483145684332285e-10,0.21556100249290466,0.00001239403627550928,-0.26204872131347656;0.20184993743896484,-0.1281319558620453,0.0222104974091053,-0.045655231922864914
;-85.35359191894531;-0.000006096423021517694,5.658254309537369e-9,-0.0036945657338947058,-0.00006154715083539486;1.1483145684332285e-10,0.21556107699871063,0.000012393235920171719,-0.2620290517807007;0.20184993743896484,-0.12813250720500946,0.022209253162145615,-0.045655231922864914
;-85.35360717773438;-0.0000060963848227402195,5.658145507680956e-9,-0.003694698214530945,-0.00006153939466457814;1.1482898659709306e-10,0.21556107699871063,0.000012392209100653417,-0.2619897723197937;0.20184676349163055,-0.1281335949897766,0.02220676839351654,-0.045655231922864914
;-85.35363006591797;-0.000006096343440731289,5.658036705824543e-9,-0.00369482790119946,-0.00006153165304567665;1.1482653022865108e-10,0.2155611217021942,0.000012391185009619221,-0.2619504928588867;0.20184358954429626,-0.12813468277454376,0.022204285487532616,-0.045655231922864914
;-85.3536605834961;-0.000006096249308029655,5.657819990290136e-9,-0.0036949547939002514,-0.00006152399873826653;1.1482161749176711e-10,0.21556104719638824,0.000012389934454404283,-0.2619112730026245;0.20183728635311127,-0.1281357705593109,0.022201798856258392,-0.04565524309873581
;-85.35369110107422;-0.000006096140168665443,5.6576019424881e-9,-0.0036950791254639626,-0.00006151635898277164;1.1481669781598924e-10,0.21556100249290466,0.000012388685718178749,-0.26191139221191406;0.2018309384584427,-0.1281358003616333,0.022201798856258392,-0.04565524682402611
;-85.35372161865234;-0.0000060960405789955985,5.657382562418434e-9,-0.003695201128721237,-0.00006150874105514959;1.1481177814021137e-10,0.21556098759174347,0.000012387441529426724,-0.2619115114212036;0.2018246352672577,-0.1281358152627945,0.022201798856258392,-0.045655250549316406
;-85.35375213623047;-0.000006095947355788667,5.657162294170348e-9,-0.003695322433486581,-0.00006150113767944276;1.148068584644335e-10,0.21556095778942108,0.000012386201888148207,-0.2619115710258484;0.20181825757026672,-0.1281358301639557,0.022201798856258392,-0.045655257999897
;-85.3537826538086;-0.000006095848675613524,5.656941137743843e-9,-0.00369544280692935,-0.0000614935634075664;1.1480209838321542e-10,0.2155609130859375,0.0000123849667943432,-0.26191169023513794;0.20181192457675934,-0.12813584506511688,0.022201798856258392,-0.0456552654504776
;-85.35381317138672;-0.000006095739081501961,5.656718649049708e-9,-0.0036955629475414753,-0.00006148600368760526;1.1479717870743755e-10,0.2155608832836151,0.000012383735338516999,-0.2619118094444275;0.20180560648441315,-0.12813585996627808,0.022201798856258392,-0.0456552691757679
;-85.35382843017578;-0.000006095679509598995,5.656548562882335e-9,-0.0036956830881536007,-0.0000614784294157289;1.1479349415477458e-10,0.2155608832836151,0.00001238262302649673,-0.26191186904907227;0.20180083811283112,-0.12813588976860046,0.022201798856258392,-0.0456552729010582
;-85.35384368896484;-0.00000609563630860066,5.656431767420145e-9,-0.0036958050914108753,-0.00006147084786789492;1.147910377863326e-10,0.2155608832836151,0.000012381628039292991,-0.26191192865371704;0.20179766416549683,-0.12813588976860046,0.022201798856258392,-0.0456552729010582
;-85.3538589477539;-0.0000060955876506341156,5.656314527868744e-9,-0.0036959282588213682,-0.00006146327359601855;1.1478857447899671e-10,0.2155608832836151,0.000012380636690068059,-0.2619119882583618;0.20179450511932373,-0.12813590466976166,0.022201798856258392,-0.0456552729010582
;-85.35387420654297;-0.000006095549451856641,5.656197288317344e-9,-0.0036960525903850794,-0.00006145572842797264;1.1478612504944863e-10,0.2155609428882599,0.000012379648978821933,-0.2619120180606842;0.20179134607315063,-0.12813590466976166,0.022201798856258392,-0.045655276626348495
;-85.35388946533203;-0.000006095509434089763,5.656079604676734e-9,-0.003696177387610078,-0.00006144819053588435;1.1478365480321884e-10,0.2155609279870987,0.000012378663086565211,-0.2619120478630066;0.20178818702697754,-0.12813591957092285,0.022201798856258392,-0.045655276626348495
;-85.3539047241211;-0.000006095471235312289,5.6559614769469135e-9,-0.0036963021848350763,-0.0000614406744716689;1.1478118455698905e-10,0.2155609428882599,0.000012377679922792595,-0.2619120478630066;0.20178498327732086,-0.12813593447208405,0.022201798856258392,-0.045655276626348495
;-85.35391998291016;-0.000006095434855524218,5.6558433492170934e-9,-0.003696427447721362,-0.00006143318023532629;1.1477873512744097e-10,0.21556095778942108,0.000012376700396998785,-0.26191210746765137;0.20178182423114777,-0.12813593447208405,0.022201798856258392,-0.045655280351638794
;-85.35393524169922;-0.00000609539483775734,5.655725221487273e-9,-0.0036965529434382915,-0.00006142570055089891;1.1477627875899898e-10,0.21556100249290466,0.000012375724509183783,-0.26191216707229614;0.20177868008613586,-0.12813594937324524,0.022201798856258392,-0.045655280351638794
;-85.35395050048828;-0.000006095356638979865,5.655607093757453e-9,-0.00369667774066329,-0.00006141824997030199;1.147738154516631e-10,0.21556100249290466,0.000012374750440358184,-0.26191219687461853;0.20177550613880157,-0.12813594937324524,0.022201798856258392,-0.045655280351638794
;-85.35396575927734;-0.000006095320259191794,5.655488966027633e-9,-0.003696802072227001,-0.0000614108212175779;1.1477136602211502e-10,0.21556100249290466,0.000012373780009511393,-0.26191219687461853;0.20177233219146729,-0.12813596427440643,0.022201798856258392,-0.045655280351638794
;-85.3539810180664;-0.000006095280696172267,5.655370838297813e-9,-0.0036969268694519997,-0.00006140339974081144;1.1476889577588523e-10,0.21556104719638824,0.000012372812307148706,-0.2619122564792633;0.20176918804645538,-0.12813597917556763,0.022201798856258392,-0.04565528407692909
;-85.35399627685547;-0.0000060952311287110206,5.655253154657203e-9,-0.003697051201015711,-0.00006139600009191781;1.1476659900200303e-10,0.21556110680103302,0.000012371849152259529,-0.2619123160839081;0.2017660140991211,-0.12813597917556763,0.022201798856258392,-0.04565528407692909
;-85.35401153564453;-0.000006095192929933546,5.655134138748963e-9,-0.0036971759982407093,-0.00006138861499493942;1.1476413569466715e-10,0.21556104719638824,0.000012370885997370351,-0.2619123160839081;0.2017628699541092,-0.12813599407672882,0.022201798856258392,-0.04565528407692909
;-85.3540267944336;-0.00000609515382166137,5.655015566929933e-9,-0.003697300562635064,-0.00006138125900179148;1.1476168626511907e-10,0.2155611217021942,0.000012369928299449384,-0.26191234588623047;0.2017597109079361,-0.12813599407672882,0.022201798856258392,-0.04565529152750969
;-85.35404205322266;-0.000006095116987125948,5.654896551021693e-9,-0.0036974255926907063,-0.00006137391028460115;1.1475921601888928e-10,0.21556110680103302,0.000012368971511023119,-0.26191240549087524;0.20175650715827942,-0.12813600897789001,0.022201798856258392,-0.04565529152750969
;-85.35405731201172;-0.00000609507696935907,5.654777979202663e-9,-0.0036975492257624865,-0.00006136657611932606;1.1475675965044729e-10,0.2155611366033554,0.000012368020179565065,-0.26191246509552;0.20175334811210632,-0.1281360238790512,0.022201798856258392,-0.04565529152750969
;-85.35407257080078;-0.000006095038770581596,5.6546585192052135e-9,-0.0036976730916649103,-0.0000613592637819238;1.1475431022089921e-10,0.2155611664056778,0.000012367071576591115,-0.26191246509552;0.20175017416477203,-0.1281360238790512,0.022201798856258392,-0.04565529525279999
;-85.35408782958984;-0.000006094998298067367,5.6545399473861835e-9,-0.003697796491906047,-0.000061351980548352;1.1475183997466942e-10,0.215561181306839,0.00001236612479260657,-0.2619124948978424;0.20174703001976013,-0.1281360387802124,0.022201798856258392,-0.04565529525279999
;-85.3541030883789;-0.000006094961008784594,5.654420931477944e-9,-0.003697920124977827,-0.00006134471186669543;1.1474939054512134e-10,0.215561181306839,0.000012365179827611428,-0.2619125545024872;0.20174382627010345,-0.1281360387802124,0.022201798856258392,-0.04565529525279999
;-85.35411834716797;-0.000006094919626775663,5.654301915569704e-9,-0.0036980442237108946,-0.00006133746501291171;1.1474693417667936e-10,0.21556119620800018,0.000012364240319584496,-0.26191258430480957;0.20174066722393036,-0.1281360536813736,0.022201798856258392,-0.04565529525279999
;-85.35413360595703;-0.000006094869604567066,5.654182455572254e-9,-0.003698167856782675,-0.00006133023271104321;1.1474447086934347e-10,0.215561181306839,0.000012363301721052267,-0.26191264390945435;0.20173750817775726,-0.1281360685825348,0.022201798856258392,-0.045655298978090286
;-85.3541488647461;-0.000006094830041547539,5.654062551485595e-9,-0.0036982910241931677,-0.00006132301496108994;1.147420214397954e-10,0.21556127071380615,0.000012362367669993546,-0.26191267371177673;0.20173433423042297,-0.1281360685825348,0.022201798856258392,-0.045655298978090286
;-85.35415649414062;-0.00000609478956903331,5.653943979666565e-9,-0.0036984141916036606,-0.00006131582631496713;1.147395511935656e-10,0.21556128561496735,0.00001236143634741893,-0.2619127333164215;0.2017311453819275,-0.12813608348369598,0.022201798856258392,-0.045655298978090286
;-85.35415649414062;-0.000006094808213674696,5.653931101079479e-9,-0.0036985394544899464,-0.0000613085794611834;1.147395511935656e-10,0.2155613750219345,0.000012360739674477372,-0.2619127035140991;0.2017311453819275,-0.12813608348369598,0.022201798856258392,-0.045655298978090286
;-85.35415649414062;-0.000006094825948821381,5.653919554760023e-9,-0.0036986658815294504,-0.00006130135443527251;1.147395511935656e-10,0.2155614197254181,0.000012360043001535814,-0.26191267371177673;0.2017311453819275,-0.12813608348369598,0.022201798856258392,-0.04565529525279999
;-85.35415649414062;-0.000006094843683968065,5.653908008440567e-9,-0.0036987937055528164,-0.00006129415123723447;1.147395511935656e-10,0.21556150913238525,0.000012359350876067765,-0.26191264390945435;0.2017311453819275,-0.12813608348369598,0.022201798856258392,-0.04565529152750969
;-85.35415649414062;-0.000006094861873862101,5.65389779438874e-9,-0.0036989222280681133,-0.00006128696259111166;1.147395511935656e-10,0.21556155383586884,0.00001235866056958912,-0.26191261410713196;0.2017311453819275,-0.12813608348369598,0.022201798856258392,-0.04565529152750969
;-85.35415649414062;-0.000006094877790019382,5.653887580336914e-9,-0.0036990507505834103,-0.00006127978849690408;1.147395511935656e-10,0.215561643242836,0.000012357974810583983,-0.26191258430480957;0.2017311453819275,-0.12813608348369598,0.022201798856258392,-0.04565528407692909
;-85.35415649414062;-0.0000060948950704187155,5.653877810374297e-9,-0.0036991804372519255,-0.00006127264350652695;1.147395511935656e-10,0.21556171774864197,0.000012357289051578846,-0.2619125545024872;0.2017311453819275,-0.12813608348369598,0.022201798856258392,-0.045655280351638794
;-85.35415649414062;-0.000006094911896070698,5.65386848450089e-9,-0.0036993094254285097,-0.00006126549851614982;1.147395511935656e-10,0.21556179225444794,0.000012356606021057814,-0.2619124948978424;0.2017311453819275,-0.12813608348369598,0.022201798856258392,-0.045655276626348495
;-85.35415649414062;-0.000006094929176470032,5.653860046805903e-9,-0.003699438413605094,-0.00006125838262960315;1.147395511935656e-10,0.2155618518590927,0.00001235592662851559,-0.26191246509552;0.2017311453819275,-0.12813608348369598,0.022201798856258392,-0.045655276626348495
;-85.35415649414062;-0.000006094946002122015,5.653851609110916e-9,-0.003699567401781678,-0.00006125128857092932;1.147395511935656e-10,0.21556192636489868,0.000012355249964457471,-0.26191243529319763;0.2017311453819275,-0.12813608348369598,0.022201798856258392,-0.0456552729010582
;-85.35415649414062;-0.0000060949632825213484,5.6538440595943484e-9,-0.0036996963899582624,-0.00006124420906417072;1.147395511935656e-10,0.21556198596954346,0.000012354575119388755,-0.26191240549087524;0.2017311453819275,-0.12813608348369598,0.022201798856258392,-0.0456552691757679
;-85.35415649414062;-0.000006094980108173331,5.653836065988571e-9,-0.0036998253781348467,-0.00006123714410932735;1.147395511935656e-10,0.21556206047534943,0.000012353904821793549,-0.26191237568855286;0.2017311453819275,-0.12813608348369598,0.022201798856258392,-0.0456552654504776
;-85.35415649414062;-0.000006094997388572665,5.653829404650423e-9,-0.0036999539006501436,-0.0000612300937063992;1.147395511935656e-10,0.2155621349811554,0.000012353236343187746,-0.26191234588623047;0.2017311453819275,-0.12813608348369598,0.022201798856258392,-0.0456552654504776
;-85.35415649414062;-0.000006095014668971999,5.653822743312276e-9,-0.003700082888826728,-0.00006122307240730152;1.147395511935656e-10,0.21556222438812256,0.000012352570593066048,-0.2619123160839081;0.2017311453819275,-0.12813608348369598,0.022201798856258392,-0.045655257999897
;-85.35415649414062;-0.000006095031494623981,5.653816081974128e-9,-0.0037002109456807375,-0.00006121605838416144;1.147395511935656e-10,0.21556226909160614,0.000012351908480923157,-0.2619122862815857;0.2017311453819275,-0.12813608348369598,0.022201798856258392,-0.045655254274606705
;-85.35415649414062;-0.000006095048775023315,5.6538103088144e-9,-0.0037003387697041035,-0.00006120906618889421;1.147395511935656e-10,0.2155623584985733,0.00001235124818776967,-0.2619122564792633;0.2017311453819275,-0.12813608348369598,0.022201798856258392,-0.045655254274606705
;-85.35415649414062;-0.000006095065600675298,5.653804535654672e-9,-0.003700466826558113,-0.00006120208854554221;1.147395511935656e-10,0.21556240320205688,0.00001235059153259499,-0.2619122266769409;0.2017311453819275,-0.12813608348369598,0.022201798856258392,-0.045655250549316406
;-85.35415649414062;-0.000006095082881074632,5.6537992065841536e-9,-0.0037005948834121227,-0.00006119514000602067;1.147395511935656e-10,0.21556249260902405,0.000012349937605904415,-0.26191219687461853;0.2017311453819275,-0.12813608348369598,0.022201798856258392,-0.04565524682402611
;-85.35415649414062;-0.000006095099706726614,5.653794321602845e-9,-0.0037007227074354887,-0.00006118819146649912;1.147395511935656e-10,0.21556255221366882,0.000012349286407697946,-0.26191216707229614;0.2017311453819275,-0.12813608348369598,0.022201798856258392,-0.04565524309873581
;-85.35415649414062;-0.000006095116532378597,5.653788992532327e-9,-0.0037008507642894983,-0.00006118127203080803;1.147395511935656e-10,0.21556265652179718,0.000012348637937975582,-0.26191213726997375;0.2017311453819275,-0.12813608348369598,0.022201798856258392,-0.04565524309873581
;-85.35415649414062;-0.000006095132903283229,5.6537845516402285e-9,-0.0037009785883128643,-0.00006117436714703217;1.147395511935656e-10,0.21556268632411957,0.000012347992196737323,-0.26191210746765137;0.2017311453819275,-0.12813608348369598,0.022201798856258392,-0.04565523564815521
;-85.35415649414062;-0.000006095148364693159,5.65378011074813e-9,-0.0037011054810136557,-0.00006116748409112915;1.147395511935656e-10,0.21556279063224792,0.00001234734918398317,-0.2619120478630066;0.2017311453819275,-0.12813608348369598,0.022201798856258392,-0.045655231922864914
;-85.35415649414062;-0.000006095165190345142,5.6537756698560315e-9,-0.0037012326065450907,-0.00006116061558714136;1.147395511935656e-10,0.2155628204345703,0.000012346708899713121,-0.2619120180606842;0.2017311453819275,-0.12813608348369598,0.022201798856258392,-0.045655231922864914
;-85.35415649414062;-0.000006095180651755072,5.653771673053143e-9,-0.0037013599649071693,-0.0000611537616350688;1.147395511935656e-10,0.21556292474269867,0.000012346071343927179,-0.2619119882583618;0.2017311453819275,-0.12813608348369598,0.022201798856258392,-0.045655228197574615
;-85.35415649414062;-0.0000060951956584176514,5.653767676250254e-9,-0.0037014877889305353,-0.00006114692951086909;1.147395511935656e-10,0.21556299924850464,0.000012345436516625341,-0.26191195845603943;0.2017311453819275,-0.12813608348369598,0.022201798856258392,-0.04565522447228432
;-85.35415649414062;-0.000006095210665080231,5.653764567625785e-9,-0.0037016146816313267,-0.0000611401119385846;1.147395511935656e-10,0.2155630737543106,0.00001234480532730231,-0.26191192865371704;0.2017311453819275,-0.12813608348369598,0.022201798856258392,-0.04565522447228432
;-85.35415649414062;-0.000006095226126490161,5.6537610149121065e-9,-0.0037017413415014744,-0.00006113331619417295;1.147395511935656e-10,0.21556313335895538,0.000012344175047473982,-0.26191189885139465;0.2017311453819275,-0.12813608348369598,0.022201798856258392,-0.04565522074699402
;-85.35415649414062;-0.00000609524113315274,5.6537579062876375e-9,-0.0037018682342022657,-0.00006112654227763414;1.147395511935656e-10,0.21556320786476135,0.000012343549315119162,-0.26191186904907227;0.2017311453819275,-0.12813608348369598,0.022201798856258392,-0.04565521329641342
;-85.35415649414062;-0.000006095256139815319,5.653754353573959e-9,-0.003701994428411126,-0.00006111978291301057;1.147395511935656e-10,0.21556326746940613,0.000012342924492259044,-0.2619118392467499;0.2017311453819275,-0.12813608348369598,0.022201798856258392,-0.04565520957112312
;-85.35415649414062;-0.0000060952716012252495,5.6537516890387e-9,-0.00370212085545063,-0.0000611130308243446;1.147395511935656e-10,0.2155633419752121,0.000012342303307377733,-0.2619118094444275;0.2017311453819275,-0.12813608348369598,0.022201798856258392,-0.04565520957112312
;-85.35415649414062;-0.000006095286153140478,5.6537490245034405e-9,-0.0037022477481514215,-0.00006110629328759387;1.147395511935656e-10,0.21556340157985687,0.00001234168576047523,-0.2619117796421051;0.2017311453819275,-0.12813608348369598,0.022201798856258392,-0.045655205845832825
;-85.35417175292969;-0.0000060952793319302145,5.6536930692629994e-9,-0.0037023734766989946,-0.00006109961395850405;1.1473831607045071e-10,0.21556341648101807,0.000012340954526735004,-0.26187247037887573;0.20172959566116333,-0.12813715636730194,0.022199315950274467,-0.045655205845832825
;-85.35418701171875;-0.000006095236585679231,5.653583823317376e-9,-0.003702496411278844,-0.00006109297828515992;1.1473585970200872e-10,0.21556343138217926,0.000012340110515651759,-0.26183316111564636;0.20172642171382904,-0.1281382441520691,0.022196831181645393,-0.045655205845832825
;-85.35421752929688;-0.000006095159733376931,5.653419954398942e-9,-0.003702617483213544,-0.00006108639354351908;1.1473232086611773e-10,0.21556347608566284,0.000012339154636720195,-0.2617938816547394;0.2017216980457306,-0.12813934683799744,0.02219434455037117,-0.04565520957112312
;-85.354248046875;-0.000006095063781685894,5.653202350686115e-9,-0.003702734597027302,-0.00006107985245762393;1.1472741506812767e-10,0.21556338667869568,0.000012338086889940314,-0.26175469160079956;0.20171532034873962,-0.1281404346227646,0.022191859781742096,-0.04565521329641342
;-85.35428619384766;-0.000006094952823332278,5.652982970616449e-9,-0.003702849382534623,-0.00006107333319960162;1.147224953923498e-10,0.21556338667869568,0.000012337021871644538,-0.26171547174453735;0.20170900225639343,-0.12814153730869293,0.022189375013113022,-0.04565522447228432
;-85.35433197021484;-0.000006094796844990924,5.65265567686879e-9,-0.003702961141243577,-0.00006106690125307068;1.1471511934812995e-10,0.21556326746940613,0.000012335729479673319,-0.2616763412952423;0.20169949531555176,-0.12814263999462128,0.0221868883818388,-0.045655231922864914
;-85.35437774658203;-0.000006094639957154868,5.652327050853501e-9,-0.0037030696403235197,-0.00006106047658249736;1.1470773636501619e-10,0.21556314826011658,0.000012334440725680906,-0.26163721084594727;0.20169000327587128,-0.12814375758171082,0.022184401750564575,-0.04565524309873581
;-85.35442352294922;-0.000006094472155382391,5.651997092570582e-9,-0.0037031767424196005,-0.00006105406646383926;1.1470037419858414e-10,0.21556305885314941,0.000012333155609667301,-0.2616177499294281;0.201680526137352,-0.128144308924675,0.022183161228895187,-0.045655254274606705
;-85.3544692993164;-0.0000060943184507777914,5.651665357930824e-9,-0.003703282680362463,-0.00006104767817305401;1.1469315081003018e-10,0.21556301414966583,0.0000123318723126431,-0.26161789894104004;0.20167100429534912,-0.12814433872699738,0.022183161228895187,-0.0456552654504776
;-85.3545150756836;-0.000006094162472436437,5.6513322910234365e-9,-0.003703388152644038,-0.00006104129715822637;1.1468577476581032e-10,0.21556289494037628,0.000012330593563092407,-0.261618047952652;0.20166151225566864,-0.12814436852931976,0.022183161228895187,-0.0456552729010582
;-85.35456085205078;-0.000006093996034906013,5.65099700367e-9,-0.0037034922279417515,-0.000061034937971271574;1.1467840566048437e-10,0.2155628204345703,0.000012329318451520521,-0.2616182565689087;0.20165199041366577,-0.12814439833164215,0.022183161228895187,-0.045655280351638794
;-85.35460662841797;-0.0000060938414208067115,5.650661272227353e-9,-0.0037035965360701084,-0.0000610285896982532;1.1467102961626452e-10,0.21556271612644196,0.000012328043339948636,-0.26161840558052063;0.2016424834728241,-0.12814441323280334,0.022183161228895187,-0.04565529525279999
;-85.35465240478516;-0.0000060936854424653575,5.650323320338657e-9,-0.0037037006113678217,-0.00006102225961512886;1.1466363969425686e-10,0.2155626118183136,0.000012326771866355557,-0.26161858439445496;0.20163297653198242,-0.12814444303512573,0.022183161228895187,-0.045655302703380585
;-85.35469818115234;-0.000006093519459682284,5.6499844802715415e-9,-0.0037038051523268223,-0.000061015947721898556;1.146564301834907e-10,0.21556252241134644,0.000012325504030741286,-0.2616187632083893;0.20162348449230194,-0.12814447283744812,0.022183161228895187,-0.04565531387925148
;-85.35472869873047;-0.000006093398951634299,5.649697598641978e-9,-0.0037039092276245356,-0.00006100961400079541;1.1465028926238574e-10,0.21556252241134644,0.000012324354429438245,-0.2616189122200012;0.20161554217338562,-0.1281445026397705,0.022183161228895187,-0.04565532132983208
;-85.3547592163086;-0.000006093289357522735,5.6494635636283874e-9,-0.0037040153983980417,-0.00006100325845181942;1.1464536264771397e-10,0.21556243300437927,0.000012323319424467627,-0.26161903142929077;0.20160920917987823,-0.1281445175409317,0.022183161228895187,-0.045655325055122375
;-85.35478973388672;-0.0000060931943153264,5.6492290845255866e-9,-0.003704123431816697,-0.00006099693200667389;1.146404429719361e-10,0.21556243300437927,0.000012322287147981115,-0.26161912083625793;0.20160287618637085,-0.1281445324420929,0.022183161228895187,-0.045655328780412674
;-85.35482025146484;-0.000006093098818382714,5.648995049511996e-9,-0.003704232629388571,-0.000060990616475464776;1.1463553717394603e-10,0.2155623883008957,0.000012321256690484006,-0.2616191804409027;0.20159652829170227,-0.12814456224441528,0.022183161228895187,-0.04565533995628357
;-85.35485076904297;-0.0000060930005929549225,5.648759682230775e-9,-0.0037043411284685135,-0.00006098431549617089;1.1463061749816816e-10,0.21556232869625092,0.0000123202280519763,-0.26161932945251465;0.20159019529819489,-0.12814457714557648,0.022183161228895187,-0.04565534368157387
;-85.3548812866211;-0.000006092902822274482,5.6485243149495545e-9,-0.0037044507917016745,-0.00006097802543081343;1.1462585741695008e-10,0.21556228399276733,0.000012319203051447403,-0.2616194486618042;0.2015838623046875,-0.12814459204673767,0.022183161228895187,-0.045655347406864166
;-85.35491180419922;-0.000006092797320889076,5.648288503579124e-9,-0.003704559989273548,-0.0000609717499173712;1.1462094468006612e-10,0.21556229889392853,0.000012318179869907908,-0.26161953806877136;0.20157752931118011,-0.12814460694789886,0.022183161228895187,-0.04565535485744476
;-85.35494232177734;-0.000006092699550208636,5.648052692208694e-9,-0.003704668954014778,-0.000060965499869780615;1.1461602500428825e-10,0.21556226909160614,0.000012317158507357817,-0.2616196572780609;0.20157118141651154,-0.12814462184906006,0.022183161228895187,-0.04565536230802536
;-85.35497283935547;-0.000006092600870033493,5.6478164367490535e-9,-0.00370477931573987,-0.000060959271650062874;1.1461110532851038e-10,0.21556222438812256,0.000012316137144807726,-0.26161977648735046;0.20156484842300415,-0.12814465165138245,0.022183161228895187,-0.04565536603331566
;-85.3550033569336;-0.00000609250673733186,5.647580625378623e-9,-0.0037048892118036747,-0.00006095304343034513;1.1460619953052031e-10,0.2155621498823166,0.000012315119420236442,-0.2616198658943176;0.20155848562717438,-0.12814466655254364,0.022183161228895187,-0.04565536975860596
;-85.35503387451172;-0.000006092398052714998,5.647343481740563e-9,-0.003704997943714261,-0.00006094683340052143;1.1460127291584854e-10,0.2155621349811554,0.000012314103514654562,-0.2616199851036072;0.20155218243598938,-0.12814468145370483,0.022183161228895187,-0.045655377209186554
;-85.35504913330078;-0.000006092338480812032,5.647159628807685e-9,-0.0037051080726087093,-0.0000609406124567613;1.1459758836318557e-10,0.21556216478347778,0.000012313205843383912,-0.26162004470825195;0.20154742896556854,-0.12814469635486603,0.022183161228895187,-0.04565538465976715
;-85.35506439208984;-0.000006092296189308399,5.647029954758409e-9,-0.0037052202969789505,-0.00006093436240917072;1.1459513199474358e-10,0.2155621498823166,0.000012312424587435089,-0.26162004470825195;0.20154426991939545,-0.12814469635486603,0.022183161228895187,-0.04565538465976715
;-85.3550796508789;-0.000006092246167099802,5.646900280709133e-9,-0.003705332987010479,-0.00006092813782743178;1.145926825651955e-10,0.2155621498823166,0.00001231164515047567,-0.26162010431289673;0.20154109597206116,-0.12814471125602722,0.022183161228895187,-0.04565538465976715
;-85.35509490966797;-0.000006092206149332924,5.6467710507490665e-9,-0.003705447306856513,-0.00006092192052165046;1.145903719135255e-10,0.21556217968463898,0.000012310867532505654,-0.2616201639175415;0.20153792202472687,-0.12814471125602722,0.022183161228895187,-0.04565538838505745
;-85.35511016845703;-0.0000060921634030819405,5.64664226487821e-9,-0.003705562325194478,-0.00006091573595767841;1.1458790860618961e-10,0.21556219458580017,0.000012310092643019743,-0.2616201937198639;0.20153473317623138,-0.12814472615718842,0.022183161228895187,-0.04565538838505745
;-85.3551254272461;-0.000006092125204304466,5.646514367185773e-9,-0.003705676645040512,-0.000060909558669663966;1.1458545223774763e-10,0.21556220948696136,0.000012309317753533833,-0.2616202235221863;0.20153158903121948,-0.1281447410583496,0.022183161228895187,-0.04565538838505745
;-85.35514068603516;-0.000006092084731790237,5.6463860254041265e-9,-0.0037057918962091208,-0.00006090339593356475;1.1458299586930565e-10,0.21556220948696136,0.000012308545592532028,-0.26162025332450867;0.2015283852815628,-0.1281447410583496,0.022183161228895187,-0.04565538838505745
;-85.35515594482422;-0.000006092043804528657,5.6462585718008995e-9,-0.003705907380208373,-0.00006089724411140196;1.1458054643975757e-10,0.21556228399276733,0.000012307776160014328,-0.26162028312683105;0.2015252411365509,-0.1281447559595108,0.022183161228895187,-0.04565539211034775
;-85.35517120361328;-0.00000609200424150913,5.646131562286882e-9,-0.0037060226313769817,-0.00006089111411711201;1.1457807619352778e-10,0.21556228399276733,0.000012307009455980733,-0.26162031292915344;0.2015220820903778,-0.1281447559595108,0.022183161228895187,-0.04565539211034775
;-85.35518646240234;-0.000006091965133236954,5.646005440951285e-9,-0.0037061371840536594,-0.000060884991398779675;1.145756267639797e-10,0.21556229889392853,0.000012306244570936542,-0.26162034273147583;0.20151890814304352,-0.128144770860672,0.022183161228895187,-0.04565539211034775
;-85.3552017211914;-0.000006091923751228023,5.645878431437268e-9,-0.0037062522023916245,-0.00006087889050832018;1.1457315651774991e-10,0.21556228399276733,0.000012305480595387053,-0.2616204023361206;0.20151574909687042,-0.1281447857618332,0.022183161228895187,-0.045655395835638046
;-85.35521697998047;-0.000006091871910030022,5.64575275419088e-9,-0.003706367453560233,-0.00006087280053179711;1.1457070014930792e-10,0.21556231379508972,0.000012304719348321669,-0.261620432138443;0.20151257514953613,-0.1281447857618332,0.022183161228895187,-0.045655395835638046
;-85.35523223876953;-0.000006091830073273741,5.645627076944493e-9,-0.003706481773406267,-0.00006086673238314688;1.1456825071975985e-10,0.2155623435974121,0.00001230396082974039,-0.26162049174308777;0.20150938630104065,-0.12814480066299438,0.022183161228895187,-0.045655395835638046
;-85.3552474975586;-0.000006091790055506863,5.645501399698105e-9,-0.003706596093252301,-0.000060860675148433074;1.1456579435131786e-10,0.21556232869625092,0.000012303204130148515,-0.26162052154541016;0.20150622725486755,-0.12814481556415558,0.022183161228895187,-0.045655395835638046
;-85.35526275634766;-0.000006091752311476739,5.645375722451718e-9,-0.0037067101802676916,-0.000060854632465634495;1.1456333104398198e-10,0.2155623435974121,0.000012302449249546044,-0.26162052154541016;0.20150306820869446,-0.12814481556415558,0.022183161228895187,-0.045655399560928345
;-85.35527801513672;-0.000006091709565225756,5.64525093338375e-9,-0.0037068247329443693,-0.00006084860069677234;1.145608885533278e-10,0.21556240320205688,0.000012301697097427677,-0.26162058115005493;0.20149990916252136,-0.12814483046531677,0.022183161228895187,-0.045655399560928345
;-85.35529327392578;-0.000006091670002206229,5.645125700226572e-9,-0.0037069390527904034,-0.00006084258347982541;1.1455841830709801e-10,0.2155623883008957,0.000012300947673793416,-0.2616206407546997;0.20149673521518707,-0.12814483046531677,0.022183161228895187,-0.045655399560928345
;-85.35530853271484;-0.000006091629074944649,5.645001355247814e-9,-0.0037070526741445065,-0.000060836595366708934;1.1455611459432191e-10,0.21556241810321808,0.000012300198250159156,-0.2616206705570221;0.20149357616901398,-0.12814484536647797,0.022183161228895187,-0.04565540701150894
;-85.3553237915039;-0.000006091587238188367,5.644876566179846e-9,-0.0037071662954986095,-0.00006083061089157127;1.1455364434809212e-10,0.21556244790554047,0.000012299450645514298,-0.2616206705570221;0.2014903873205185,-0.12814486026763916,0.022183161228895187,-0.04565540701150894
;-85.35533905029297;-0.000006091548129916191,5.644752665290298e-9,-0.0037072799168527126,-0.000060824648244306445;1.1455120185743795e-10,0.21556247770786285,0.000012298706678848248,-0.26162075996398926;0.2014872133731842,-0.12814486026763916,0.022183161228895187,-0.04565540701150894
;-85.35535430908203;-0.000006091497198212892,5.64462832031154e-9,-0.0037073935382068157,-0.00006081868923502043;1.1454873855010206e-10,0.21556246280670166,0.000012297966350161005,-0.26162078976631165;0.2014840692281723,-0.12814487516880035,0.022183161228895187,-0.04565540701150894
;-85.3553695678711;-0.000006091457180446014,5.644504419421992e-9,-0.003707507625222206,-0.00006081275932956487;1.1454628218166008e-10,0.21556250751018524,0.000012297226930968463,-0.26162081956863403;0.20148088037967682,-0.12814487516880035,0.022183161228895187,-0.04565541073679924
;-85.35538482666016;-0.000006091414888942381,5.6443809626216535e-9,-0.0037076210137456656,-0.00006080684033804573;1.1454382581321809e-10,0.21556253731250763,0.000012296488421270624,-0.26162081956863403;0.20147770643234253,-0.12814489006996155,0.022183161228895187,-0.04565541073679924
;-85.35539245605469;-0.000006091376235417556,5.644257949910525e-9,-0.0037077346350997686,-0.00006080092862248421;1.145413625058822e-10,0.21556252241134644,0.00001229575264005689,-0.2616208791732788;0.20147454738616943,-0.12814490497112274,0.022183161228895187,-0.04565541073679924
;-85.35539245605469;-0.000006091393970564241,5.6442415186097605e-9,-0.0037078491877764463,-0.000060794965975219384;1.145413625058822e-10,0.2155625969171524,0.000012295249689486809,-0.2616208493709564;0.20147454738616943,-0.12814490497112274,0.022183161228895187,-0.04565541073679924
;-85.35539245605469;-0.000006091411250963574,5.644225531398206e-9,-0.0037079660687595606,-0.00006078903243178502;1.145413625058822e-10,0.21556267142295837,0.000012294748557906132,-0.26162081956863403;0.20147454738616943,-0.12814490497112274,0.022183161228895187,-0.04565540701150894
;-85.35539245605469;-0.000006091427167120855,5.644210876454281e-9,-0.003708084113895893,-0.00006078310252632946;1.145413625058822e-10,0.21556273102760315,0.000012294248335820157,-0.26162078976631165;0.20147454738616943,-0.12814490497112274,0.022183161228895187,-0.045655399560928345
;-85.35539245605469;-0.000006091444447520189,5.644196221510356e-9,-0.0037082028575241566,-0.00006077718717278913;1.145413625058822e-10,0.21556280553340912,0.000012293749932723586,-0.26162075996398926;0.20147454738616943,-0.12814490497112274,0.022183161228895187,-0.045655395835638046
;-85.35539245605469;-0.000006091461727919523,5.64418289883406e-9,-0.0037083218339830637,-0.00006077129000914283;1.145413625058822e-10,0.2155628651380539,0.00001229325425811112,-0.26162073016166687;0.20147454738616943,-0.12814490497112274,0.022183161228895187,-0.045655395835638046
;-85.35539245605469;-0.0000060914785535715055,5.644170020246975e-9,-0.003708441508933902,-0.000060765407397411764;1.145413625058822e-10,0.21556293964385986,0.000012292758583498653,-0.2616207003593445;0.20147454738616943,-0.12814490497112274,0.022183161228895187,-0.04565539211034775
;-85.35539245605469;-0.000006091495379223488,5.644158029838309e-9,-0.0037085609510540962,-0.000060759539337595925;1.145413625058822e-10,0.21556301414966583,0.000012292266546864994,-0.2616206705570221;0.20147454738616943,-0.12814490497112274,0.022183161228895187,-0.04565538838505745
;-85.35539245605469;-0.000006091511295380769,5.644146483518853e-9,-0.003708680160343647,-0.000060753696743631735;1.145413625058822e-10,0.2155631184577942,0.000012291774510231335,-0.2616206407546997;0.20147454738616943,-0.12814490497112274,0.022183161228895187,-0.04565538838505745
;-85.35539245605469;-0.00000609152721153805,5.644135825377816e-9,-0.003708799136802554,-0.00006074785778764635;1.145413625058822e-10,0.21556314826011658,0.000012291286111576483,-0.2616206109523773;0.20147454738616943,-0.12814490497112274,0.022183161228895187,-0.04565538465976715
;-85.35539245605469;-0.000006091543582442682,5.64412561132599e-9,-0.003708918346092105,-0.0000607420333835762;1.145413625058822e-10,0.21556325256824493,0.00001229079771292163,-0.26162055134773254;0.20147454738616943,-0.12814490497112274,0.022183161228895187,-0.045655377209186554
;-85.35539245605469;-0.000006091559498599963,5.644115841363373e-9,-0.003709037322551012,-0.00006073623080737889;1.145413625058822e-10,0.21556328237056732,0.000012290313861740287,-0.26162052154541016;0.20147454738616943,-0.12814490497112274,0.022183161228895187,-0.045655377209186554
;-85.35539245605469;-0.000006091574960009893,5.644106515489966e-9,-0.003709156299009919,-0.00006073043550713919;1.145413625058822e-10,0.21556338667869568,0.000012289830920053646,-0.26162049174308777;0.20147454738616943,-0.12814490497112274,0.022183161228895187,-0.045655373483896255
;-85.35539245605469;-0.000006091589966672473,5.644097633705769e-9,-0.0037092750426381826,-0.000060724651120835915;1.145413625058822e-10,0.21556341648101807,0.00001228935070685111,-0.2616204619407654;0.20147454738616943,-0.12814490497112274,0.022183161228895187,-0.04565536975860596
;-85.35539245605469;-0.000006091604518587701,5.644089196010782e-9,-0.0037093935534358025,-0.00006071889220038429;1.145413625058822e-10,0.21556352078914642,0.000012288871403143276,-0.261620432138443;0.20147454738616943,-0.12814490497112274,0.022183161228895187,-0.04565536603331566
;-85.35539245605469;-0.000006091620434744982,5.644081202405005e-9,-0.0037095120642334223,-0.00006071314783184789;1.145413625058822e-10,0.2155635803937912,0.000012288393918424845,-0.2616204023361206;0.20147454738616943,-0.12814490497112274,0.022183161228895187,-0.04565536603331566
;-85.35539245605469;-0.00000609163498666021,5.644073652888437e-9,-0.003709630575031042,-0.00006070741073926911;1.145413625058822e-10,0.21556366980075836,0.000012287920071685221,-0.2616203725337982;0.20147454738616943,-0.12814490497112274,0.022183161228895187,-0.04565536230802536
;-85.35539245605469;-0.00000609164999332279,5.64406654746108e-9,-0.0037097486201673746,-0.00006070167728466913;1.145413625058822e-10,0.21556371450424194,0.000012287448043935001,-0.26162034273147583;0.20147454738616943,-0.12814490497112274,0.022183161228895187,-0.04565535485744476
;-85.35539245605469;-0.00000609166545473272,5.644059442033722e-9,-0.003709866665303707,-0.000060695965657942;1.145413625058822e-10,0.2155638039112091,0.000012286976925679483,-0.26162031292915344;0.20147454738616943,-0.12814490497112274,0.022183161228895187,-0.04565535485744476
;-85.35539245605469;-0.00000609168091614265,5.644052780695574e-9,-0.0037099849432706833,-0.0000606902722211089;1.145413625058822e-10,0.2155638486146927,0.00001228650853590807,-0.26162028312683105;0.20147454738616943,-0.12814490497112274,0.022183161228895187,-0.045655351132154465
;-85.35539245605469;-0.0000060916950133105274,5.644047007535846e-9,-0.003710102988407016,-0.00006068460061214864;1.145413625058822e-10,0.21556393802165985,0.00001228604196512606,-0.26162025332450867;0.20147454738616943,-0.12814490497112274,0.022183161228895187,-0.045655347406864166
;-85.35539245605469;-0.000006091709565225756,5.644040790286908e-9,-0.0037102208007127047,-0.000060678936279146;1.145413625058822e-10,0.21556401252746582,0.000012285577213333454,-0.2616202235221863;0.20147454738616943,-0.12814490497112274,0.022183161228895187,-0.045655347406864166
;-85.35539245605469;-0.000006091723662393633,5.64403546121639e-9,-0.0037103379145264626,-0.000060673290136037394;1.145413625058822e-10,0.2155640870332718,0.000012285114280530252,-0.2616201937198639;0.20147454738616943,-0.12814490497112274,0.022183161228895187,-0.04565534368157387
;-85.35539245605469;-0.000006091737759561511,5.644030132145872e-9,-0.0037104554940015078,-0.0000606676512688864;1.145413625058822e-10,0.21556414663791656,0.000012284654076211154,-0.2616201639175415;0.20147454738616943,-0.12814490497112274,0.022183161228895187,-0.04565533995628357
;-85.35539245605469;-0.000006091751856729388,5.6440252471645636e-9,-0.0037105733063071966,-0.00006066202695365064;1.145413625058822e-10,0.21556422114372253,0.000012284194781386759,-0.26162010431289673;0.20147454738616943,-0.12814490497112274,0.022183161228895187,-0.04565533623099327
;-85.35539245605469;-0.000006091766408644617,5.644020362183255e-9,-0.0037106904201209545,-0.00006065642082830891;1.145413625058822e-10,0.2155642807483673,0.000012283739124541171,-0.26162007451057434;0.20147454738616943,-0.12814490497112274,0.022183161228895187,-0.04565533623099327
;-85.35539245605469;-0.000006091780051065143,5.644015921291157e-9,-0.0037108075339347124,-0.00006065082925488241;1.145413625058822e-10,0.21556435525417328,0.000012283284377190284,-0.26162004470825195;0.20147454738616943,-0.12814490497112274,0.022183161228895187,-0.045655328780412674
;-85.35539245605469;-0.000006091794148233021,5.644011480399058e-9,-0.003710924880579114,-0.000060645255871349946;1.145413625058822e-10,0.21556442975997925,0.0000122828305393341,-0.26162001490592957;0.20147454738616943,-0.12814490497112274,0.022183161228895187,-0.045655325055122375
;-85.35539245605469;-0.000006091808245400898,5.6440074835961695e-9,-0.003711041994392872,-0.000060639689763775095;1.145413625058822e-10,0.2155645191669464,0.000012282380339456722,-0.2616199851036072;0.20147454738616943,-0.12814490497112274,0.022183161228895187,-0.04565532132983208
;-85.35539245605469;-0.0000060918227973161265,5.644003486793281e-9,-0.003711158409714699,-0.000060634134570136666;1.145413625058822e-10,0.21556456387043,0.000012281931049074046,-0.2616199553012848;0.20147454738616943,-0.12814490497112274,0.022183161228895187,-0.04565532132983208
;-85.35539245605469;-0.000006091836439736653,5.644000378168812e-9,-0.003711275290697813,-0.00006062860120437108;1.145413625058822e-10,0.21556465327739716,0.000012281483577680774,-0.2616199254989624;0.20147454738616943,-0.12814490497112274,0.022183161228895187,-0.04565531760454178
;-85.35539245605469;-0.000006091850536904531,5.643996825455133e-9,-0.003711392404511571,-0.00006062307511456311;1.145413625058822e-10,0.21556469798088074,0.000012281039744266309,-0.26161989569664;0.20147454738616943,-0.12814490497112274,0.022183161228895187,-0.04565531387925148
;-85.35539245605469;-0.000006091864634072408,5.643993716830664e-9,-0.003711508819833398,-0.00006061756721464917;1.145413625058822e-10,0.2155647873878479,0.000012280595910851844,-0.2616198658943176;0.20147454738616943,-0.12814490497112274,0.022183161228895187,-0.04565530642867088
;-85.35539245605469;-0.0000060918791859876364,5.643990164116985e-9,-0.003711625235155225,-0.00006061207386665046;1.145413625058822e-10,0.21556484699249268,0.000012280155715416186,-0.26161983609199524;0.20147454738616943,-0.12814490497112274,0.022183161228895187,-0.04565530642867088
;-85.35539245605469;-0.000006091892373660812,5.6439870554925164e-9,-0.003711741417646408,-0.00006060659507056698;1.145413625058822e-10,0.21556493639945984,0.00001227971642947523,-0.26161980628967285;0.20147454738616943,-0.12814490497112274,0.022183161228895187,-0.045655302703380585
;-85.35539245605469;-0.0000060919069255760405,5.643984390957257e-9,-0.003711857832968235,-0.00006060112718841992;1.145413625058822e-10,0.21556498110294342,0.000012279278053028975,-0.26161977648735046;0.20147454738616943,-0.12814490497112274,0.022183161228895187,-0.045655298978090286
;-85.35539245605469;-0.000006091921477491269,5.643982170511208e-9,-0.0037119733169674873,-0.00006059567385818809;1.145413625058822e-10,0.21556507050991058,0.000012278842405066825,-0.2616197466850281;0.20147454738616943,-0.12814490497112274,0.022183161228895187,-0.045655298978090286
;-85.35539245605469;-0.000006091935574659146,5.643979505975949e-9,-0.0037120890337973833,-0.0000605902387178503;1.145413625058822e-10,0.21556511521339417,0.000012278409485588782,-0.2616197168827057;0.20147454738616943,-0.12814490497112274,0.022183161228895187,-0.04565529525279999
;-85.35539245605469;-0.000006091949671827024,5.64397684144069e-9,-0.003712204983457923,-0.00006058481085347012;1.145413625058822e-10,0.21556520462036133,0.000012277976566110738,-0.2616196572780609;0.20147454738616943,-0.12814490497112274,0.022183161228895187,-0.04565529152750969
;-85.35539245605469;-0.0000060919633142475504,5.643974620994641e-9,-0.0037123209331184626,-0.00006057940117898397;1.145413625058822e-10,0.2155652642250061,0.0000122775472846115,-0.2616196274757385;0.20147454738616943,-0.12814490497112274,0.022183161228895187,-0.04565529152750969
;-85.35539245605469;-0.000006091976047173375,5.6439719564593815e-9,-0.003712436417117715,-0.00006057400241843425;1.145413625058822e-10,0.21556536853313446,0.000012277118912606966,-0.26161959767341614;0.20147454738616943,-0.12814490497112274,0.022183161228895187,-0.04565528407692909
;-85.35539245605469;-0.000006091989234846551,5.643970180102542e-9,-0.003712551901116967,-0.00006056861820979975;1.145413625058822e-10,0.21556539833545685,0.000012276692359591834,-0.26161956787109375;0.20147454738616943,-0.12814490497112274,0.022183161228895187,-0.045655280351638794
;-85.35539245605469;-0.000006092001513025025,5.643968403745703e-9,-0.0037126673851162195,-0.00006056324491510168;1.145413625058822e-10,0.2155655026435852,0.000012276268535060808,-0.26161953806877136;0.20147454738616943,-0.12814490497112274,0.022183161228895187,-0.045655280351638794
;-85.35539245605469;-0.000006092013336456148,5.643967071478073e-9,-0.003712782869115472,-0.00006055788981029764;1.145413625058822e-10,0.2155655324459076,0.000012275845620024484,-0.261619508266449;0.20147454738616943,-0.12814490497112274,0.022183161228895187,-0.045655276626348495
;-85.35539245605469;-0.00000609202470513992,5.643965295121234e-9,-0.003712897188961506,-0.00006055254561943002;1.145413625058822e-10,0.21556563675403595,0.000012275424523977563,-0.2616194784641266;0.20147454738616943,-0.12814490497112274,0.022183161228895187,-0.0456552729010582
;-85.35539245605469;-0.000006092038347560447,5.643963518764394e-9,-0.0037130124401301146,-0.00006054721598047763;1.145413625058822e-10,0.21556571125984192,0.000012275005246920045,-0.2616194486618042;0.20147454738616943,-0.12814490497112274,0.022183161228895187,-0.0456552729010582
;-85.35539245605469;-0.00000609205017099157,5.643961742407555e-9,-0.0037131274584680796,-0.000060541893617482856;1.145413625058822e-10,0.2155657857656479,0.000012274588698346633,-0.2616194188594818;0.20147454738616943,-0.12814490497112274,0.022183161228895187,-0.0456552691757679
;-85.35539245605469;-0.000006092062449170044,5.643959966050716e-9,-0.0037132424768060446,-0.00006053658580640331;1.145413625058822e-10,0.21556584537029266,0.000012274173059267923,-0.2616193890571594;0.20147454738616943,-0.12814490497112274,0.022183161228895187,-0.0456552654504776
;-85.35539245605469;-0.000006092073817853816,5.643958189693876e-9,-0.0037133567966520786,-0.00006053130346117541;1.145413625058822e-10,0.21556591987609863,0.000012273758329683915,-0.26161935925483704;0.20147454738616943,-0.12814490497112274,0.022183161228895187,-0.045655257999897
;-85.35539245605469;-0.0000060920870055269916,5.643956413337037e-9,-0.0037134715821594,-0.00006052602839190513;1.145413625058822e-10,0.2155659794807434,0.000012273347238078713,-0.26161932945251465;0.20147454738616943,-0.12814490497112274,0.022183161228895187,-0.045655257999897
;-85.35539245605469;-0.000006092098374210764,5.643955969247827e-9,-0.0037135861348360777,-0.00006052076423657127;1.145413625058822e-10,0.21556606888771057,0.000012272937055968214,-0.26161929965019226;0.20147454738616943,-0.12814490497112274,0.022183161228895187,-0.045655254274606705
;-85.35539245605469;-0.000006092110652389238,5.643955081069407e-9,-0.0037136999890208244,-0.000060515514633152634;1.145413625058822e-10,0.21556612849235535,0.000012272527783352416,-0.2616192400455475;0.20147454738616943,-0.12814490497112274,0.022183161228895187,-0.045655250549316406
;-85.35539245605469;-0.000006092122930567712,5.643953748801778e-9,-0.003713814774528146,-0.00006051027958164923;1.145413625058822e-10,0.2155662178993225,0.000012272121239220724,-0.2616192102432251;0.20147454738616943,-0.12814490497112274,0.022183161228895187,-0.045655250549316406
;-85.35539245605469;-0.0000060921352087461855,5.643953304712568e-9,-0.00371392909437418,-0.000060505055444082245;1.145413625058822e-10,0.2155662626028061,0.000012271715604583733,-0.2616191804409027;0.20147454738616943,-0.12814490497112274,0.022183161228895187,-0.04565524682402611
;-85.35539245605469;-0.0000060921474869246595,5.643952416534148e-9,-0.0037140429485589266,-0.00006049984585843049;1.145413625058822e-10,0.21556635200977325,0.000012271312698430847,-0.2616191506385803;0.20147454738616943,-0.12814490497112274,0.022183161228895187,-0.04565524309873581
;-85.35539245605469;-0.000006092159765103133,5.6439515283557284e-9,-0.003714157035574317,-0.000060494647186715156;1.145413625058822e-10,0.21556639671325684,0.000012270912520762067,-0.26161912083625793;0.20147454738616943,-0.12814490497112274,0.022183161228895187,-0.04565524309873581
;-85.35539245605469;-0.0000060921715885342564,5.643950640177309e-9,-0.00371427065692842,-0.00006048946306691505;1.145413625058822e-10,0.215566486120224,0.000012270513252587989,-0.26161909103393555;0.20147454738616943,-0.12814490497112274,0.022183161228895187,-0.04565523564815521
;-85.35539245605469;-0.00000609218386671273,5.643950196088099e-9,-0.003714384511113167,-0.00006048429349903017;1.145413625058822e-10,0.21556654572486877,0.000012270115803403314,-0.26161906123161316;0.20147454738616943,-0.12814490497112274,0.022183161228895187,-0.045655231922864914
;-85.35539245605469;-0.000006092196599638555,5.643948863820469e-9,-0.003714497433975339,-0.0000604791275691241;1.145413625058822e-10,0.21556663513183594,0.000012269719263713341,-0.26161903142929077;0.20147454738616943,-0.12814490497112274,0.022183161228895187,-0.045655228197574615
;-85.35539245605469;-0.000006092208877817029,5.64394797564205e-9,-0.0037146112881600857,-0.000060473983467090875;1.145413625058822e-10,0.21556667983531952,0.000012269324543012772,-0.2616190016269684;0.20147454738616943,-0.12814490497112274,0.022183161228895187,-0.045655228197574615
;-85.35539245605469;-0.000006092220701248152,5.64394753155284e-9,-0.003714724211022258,-0.000060468853916972876;1.145413625058822e-10,0.21556676924228668,0.00001226893346029101,-0.261618971824646;0.20147454738616943,-0.12814490497112274,0.022183161228895187,-0.04565522447228432
;-85.35539245605469;-0.000006092232524679275,5.64394619928521e-9,-0.0037148373667150736,-0.0000604637352807913;1.145413625058822e-10,0.21556681394577026,0.000012268542377569247,-0.2616189420223236;0.20147454738616943,-0.12814490497112274,0.022183161228895187,-0.04565522074699402
;-85.35539245605469;-0.000006092244802857749,5.643945755196e-9,-0.003714950755238533,-0.000060458623920567334;1.145413625058822e-10,0.21556690335273743,0.000012268152204342186,-0.2616189122200012;0.20147454738616943,-0.12814490497112274,0.022183161228895187,-0.04565521329641342
;-85.35539245605469;-0.000006092257535783574,5.643944422928371e-9,-0.003715063678100705,-0.0000604535271122586;1.145413625058822e-10,0.2155669778585434,0.000012267764759599231,-0.26161888241767883;0.20147454738616943,-0.12814490497112274,0.022183161228895187,-0.04565521329641342
;-85.35539245605469;-0.000006092269813962048,5.643943978839161e-9,-0.0037151766009628773,-0.00006044845576980151;1.145413625058822e-10,0.21556705236434937,0.000012267378224350978,-0.26161882281303406;0.20147454738616943,-0.12814490497112274,0.022183161228895187,-0.04565520957112312
;-85.35539245605469;-0.000006092281637393171,5.643943090660741e-9,-0.0037152888253331184,-0.00006044339170330204;1.145413625058822e-10,0.21556711196899414,0.000012266993508092128,-0.26161879301071167;0.20147454738616943,-0.12814490497112274,0.022183161228895187,-0.045655205845832825
;-85.35539245605469;-0.000006092293460824294,5.643942202482322e-9,-0.003715401515364647,-0.00006043832399882376;1.145413625058822e-10,0.2155671864748001,0.000012266610610822681,-0.2616187632083893;0.20147454738616943,-0.12814490497112274,0.022183161228895187,-0.045655202120542526
;-85.35539245605469;-0.000006092306193750119,5.643941314303902e-9,-0.003715514438226819,-0.000060433292674133554;1.145413625058822e-10,0.21556724607944489,0.000012266228623047937,-0.2616187334060669;0.20147454738616943,-0.12814490497112274,0.022183161228895187,-0.045655202120542526
;-85.35539245605469;-0.000006092318471928593,5.643940426125482e-9,-0.00371562666259706,-0.00006042825407348573;1.145413625058822e-10,0.21556732058525085,0.000012265849363757297,-0.2616187036037445;0.20147454738616943,-0.12814490497112274,0.022183161228895187,-0.04565519839525223
;-85.35539245605469;-0.000006092330295359716,5.643940426125482e-9,-0.0037157388869673014,-0.00006042324093868956;1.145413625058822e-10,0.21556739509105682,0.00001226547101396136,-0.2616186738014221;0.20147454738616943,-0.12814490497112274,0.022183161228895187,-0.04565519466996193
;-85.35539245605469;-0.000006092343028285541,5.643940426125482e-9,-0.003715850878506899,-0.000060418235079851;1.145413625058822e-10,0.2155674695968628,0.000012265094483154826,-0.26161864399909973;0.20147454738616943,-0.12814490497112274,0.022183161228895187,-0.04565519466996193
;-85.35539245605469;-0.0000060923553064640146,5.643940426125482e-9,-0.0037159635685384274,-0.000060413251048885286;1.145413625058822e-10,0.21556752920150757,0.000012264720680832397,-0.26161861419677734;0.20147454738616943,-0.12814490497112274,0.022183161228895187,-0.04565518721938133
;-85.35539245605469;-0.000006092366675147787,5.643940426125482e-9,-0.003716075327247381,-0.00006040827065589838;1.145413625058822e-10,0.21556763350963593,0.00001226434778800467,-0.26161858439445496;0.20147454738616943,-0.12814490497112274,0.022183161228895187,-0.045655183494091034
;-85.35539245605469;-0.000006092377589084208,5.643940426125482e-9,-0.0037161866202950478,-0.00006040329753886908;1.145413625058822e-10,0.2155676633119583,0.000012263975804671645,-0.26161855459213257;0.20147454738616943,-0.12814490497112274,0.022183161228895187,-0.045655183494091034
;-85.35539245605469;-0.000006092389412515331,5.643940426125482e-9,-0.0037162983790040016,-0.00006039834624971263;1.145413625058822e-10,0.21556776762008667,0.000012263604730833322,-0.2616185247898102;0.20147454738616943,-0.12814490497112274,0.022183161228895187,-0.045655179768800735
;-85.35539245605469;-0.0000060923998717044014,5.643940426125482e-9,-0.0037164106033742428,-0.000060393398598534986;1.145413625058822e-10,0.21556782722473145,0.000012263236385479104,-0.2616184949874878;0.20147454738616943,-0.12814490497112274,0.022183161228895187,-0.04565517604351044
;-85.35539245605469;-0.000006092411240388174,5.643940426125482e-9,-0.0037165218964219093,-0.00006038846549927257;1.145413625058822e-10,0.2155679166316986,0.00001226286985911429,-0.2616184651851654;0.20147454738616943,-0.12814490497112274,0.022183161228895187,-0.04565517604351044
;-85.35539245605469;-0.000006092423063819297,5.643940426125482e-9,-0.003716633189469576,-0.00006038355058990419;1.145413625058822e-10,0.2155679613351822,0.000012262504242244177,-0.261618435382843;0.20147454738616943,-0.12814490497112274,0.022183161228895187,-0.04565517231822014
;-85.35539245605469;-0.000006092433068261016,5.643940426125482e-9,-0.0037167444825172424,-0.00006037864659447223;1.145413625058822e-10,0.21556805074214935,0.00001226214135385817,-0.26161837577819824;0.20147454738616943,-0.12814490497112274,0.022183161228895187,-0.04565516486763954
;-85.35539245605469;-0.0000060924435274500865,5.643940426125482e-9,-0.003716855775564909,-0.0000603737571509555;1.145413625058822e-10,0.21556809544563293,0.000012261779374966864,-0.26161834597587585;0.20147454738616943,-0.12814490497112274,0.022183161228895187,-0.04565516114234924
;-85.35539245605469;-0.000006092453531891806,5.643940426125482e-9,-0.0037169663701206446,-0.000060368871345417574;1.145413625058822e-10,0.2155681848526001,0.000012261419215064961,-0.26161831617355347;0.20147454738616943,-0.12814490497112274,0.022183161228895187,-0.04565516114234924
;-85.35539245605469;-0.0000060924639910808764,5.643940426125482e-9,-0.003717077197507024,-0.0000603640110057313;1.145413625058822e-10,0.21556824445724487,0.000012261060874152463,-0.2616182863712311;0.20147454738616943,-0.12814490497112274,0.022183161228895187,-0.045655157417058945
;-85.35540008544922;-0.000006092473540775245,5.643940426125482e-9,-0.0037171882577240467,-0.000060359150666045025;1.145413625058822e-10,0.21556833386421204,0.000012260702533239964,-0.2615985870361328;0.20147454738616943,-0.12814544141292572,0.0221819169819355,-0.045655153691768646
;-85.35541534423828;-0.000006092426701798104,5.6438329565366985e-9,-0.0037172972224652767,-0.0000603543667239137;1.1453892001522803e-10,0.21556831896305084,0.000012260116818652023,-0.26155930757522583;0.20147135853767395,-0.12814652919769287,0.022179430350661278,-0.045655157417058945
;-85.35543823242188;-0.000006092380317568313,5.643725042858705e-9,-0.0037174031604081392,-0.000060349593695718795;1.1453645670789214e-10,0.21556836366653442,0.000012259533832548186,-0.26152005791664124;0.20146818459033966,-0.12814763188362122,0.022176943719387054,-0.045655157417058945
;-85.35546875;-0.00000609227618042496,5.643509659591928e-9,-0.0037175065372139215,-0.00006034490797901526;1.1453154397100818e-10,0.21556828916072845,0.000012258722563274205,-0.2615004777908325;0.20146185159683228,-0.1281481832265854,0.022175703197717667,-0.04565516114234924
;-85.35549926757812;-0.0000060921634030819405,5.643293388146731e-9,-0.0037176066543906927,-0.00006034021862433292;1.145266242952303e-10,0.21556830406188965,0.000012257914022484329,-0.2615005671977997;0.20145553350448608,-0.12814819812774658,0.022175703197717667,-0.04565516486763954
;-85.35552978515625;-0.0000060920592659385875,5.643075340344694e-9,-0.0037177049089223146,-0.00006033555109752342;1.1452186421401223e-10,0.21556822955608368,0.000012257108210178558,-0.2615007162094116;0.2014491856098175,-0.12814821302890778,0.022175703197717667,-0.04565517604351044
;-85.35554504394531;-0.000006091990144341253,5.64290925098021e-9,-0.003717802232131362,-0.00006033085810486227;1.1451818660024315e-10,0.21556824445724487,0.000012256417903699912,-0.261500746011734;0.20144443213939667,-0.12814822793006897,0.022175703197717667,-0.045655179768800735
;-85.35556030273438;-0.000006091930572438287,5.642796896410118e-9,-0.0037179021164774895,-0.00006032614692230709;1.1451572329290727e-10,0.21556825935840607,0.000012255844922037795,-0.2615007758140564;0.20144128799438477,-0.12814824283123016,0.022175703197717667,-0.045655179768800735
;-85.35557556152344;-0.000006091888735682005,5.642683209572397e-9,-0.003718002699315548,-0.000060321450291667134;1.1451326692446528e-10,0.21556827425956726,0.000012255271940375678,-0.26150086522102356;0.20143811404705048,-0.12814824283123016,0.022175703197717667,-0.045655179768800735
;-85.3555908203125;-0.00000609184007771546,5.642569078645465e-9,-0.0037181044463068247,-0.0000603167645749636;1.145108105560233e-10,0.21556825935840607,0.000012254700777702965,-0.26150092482566833;0.2014349400997162,-0.12814825773239136,0.022175703197717667,-0.045655179768800735
;-85.35560607910156;-0.00000609179369348567,5.6424553918077436e-9,-0.0037182066589593887,-0.000060312078858260065;1.1450834030979351e-10,0.21556831896305084,0.000012254132343514357,-0.26150092482566833;0.2014317810535431,-0.12814827263355255,0.022175703197717667,-0.045655183494091034
;-85.35562133789062;-0.000006091748673497932,5.642341260880812e-9,-0.0037183077074587345,-0.00006030742224538699;1.1450589088024543e-10,0.21556830406188965,0.000012253563909325749,-0.2615009844303131;0.20142862200737,-0.12814827263355255,0.022175703197717667,-0.045655183494091034
;-85.35563659667969;-0.000006091700925026089,5.642226241775461e-9,-0.003718408988788724,-0.000060302761994535103;1.1450343451180345e-10,0.21556834876537323,0.000012252996384631842,-0.2615009844303131;0.2014254331588745,-0.12814828753471375,0.022175703197717667,-0.045655183494091034
;-85.35565185546875;-0.000006091657724027755,5.64211122267011e-9,-0.0037185107357800007,-0.00006029812357155606;1.1450096426557366e-10,0.21556834876537323,0.00001225243067892734,-0.2615010440349579;0.20142225921154022,-0.12814830243587494,0.022175703197717667,-0.045655183494091034
;-85.35566711425781;-0.000006091613158787368,5.641995759475549e-9,-0.003718612715601921,-0.00006029349606251344;1.1449851483602558e-10,0.21556837856769562,0.000012251865882717539,-0.26150110363960266;0.20141908526420593,-0.12814830243587494,0.022175703197717667,-0.04565518721938133
;-85.35568237304688;-0.0000060915663198102266,5.641880296280988e-9,-0.0037187139969319105,-0.00006028887946740724;1.144960584675836e-10,0.21556837856769562,0.000012251302905497141,-0.26150110363960266;0.20141592621803284,-0.12814831733703613,0.022175703197717667,-0.04565518721938133
;-85.35569763183594;-0.0000060915103858860675,5.641764388997217e-9,-0.0037188157439231873,-0.00006028427378623746;1.1449360903803552e-10,0.215568408370018,0.000012250740837771446,-0.26150113344192505;0.20141278207302094,-0.12814831733703613,0.022175703197717667,-0.04565518721938133
;-85.355712890625;-0.000006091467639635084,5.641648037624236e-9,-0.0037189177237451077,-0.000060279679019004107;1.1449115266959353e-10,0.21556837856769562,0.000012250179679540452,-0.26150116324424744;0.20140957832336426,-0.12814833223819733,0.022175703197717667,-0.04565519466996193
;-85.35572814941406;-0.000006091420345910592,5.6415316862512555e-9,-0.0037190194707363844,-0.000060275091527728364;1.1448869630115155e-10,0.2155684530735016,0.000012249621249793563,-0.2615012228488922;0.20140641927719116,-0.12814834713935852,0.022175703197717667,-0.04565519466996193
;-85.35574340820312;-0.000006091376690164907,5.641415334878275e-9,-0.00371912051923573,-0.00006027051858836785;1.1448637871058764e-10,0.2155684381723404,0.000012249062820046674,-0.2615012526512146;0.20140326023101807,-0.12814834713935852,0.022175703197717667,-0.04565519466996193
;-85.35575866699219;-0.000006091331670177169,5.641298983505294e-9,-0.0037192213349044323,-0.00006026596747688018;1.1448391540325176e-10,0.21556848287582397,0.000012248507118783891,-0.2615012526512146;0.2014000564813614,-0.12814836204051971,0.022175703197717667,-0.04565519839525223
;-85.35577392578125;-0.000006091284376452677,5.641181743953894e-9,-0.0037193228490650654,-0.00006026142000337131;1.1448146597370368e-10,0.21556848287582397,0.000012247950508026406,-0.26150134205818176;0.2013968974351883,-0.12814836204051971,0.022175703197717667,-0.04565519839525223
;-85.35578918457031;-0.000006091240720706992,5.641064948491703e-9,-0.003719424130395055,-0.00006025687980582006;1.144790096052617e-10,0.21556849777698517,0.000012247397535247728,-0.26150137186050415;0.2013937532901764,-0.1281483769416809,0.022175703197717667,-0.04565519839525223
;-85.35580444335938;-0.000006091196155466605,5.640947708940303e-9,-0.0037195247132331133,-0.000060252346884226426;1.1447656017571362e-10,0.21556851267814636,0.000012246843652974349,-0.26150137186050415;0.2013905793428421,-0.1281483918428421,0.022175703197717667,-0.04565519839525223
;-85.35581970214844;-0.0000060911497712368146,5.640830469388902e-9,-0.0037196252960711718,-0.00006024782487656921;1.1447410380727163e-10,0.21556852757930756,0.000012246292499185074,-0.2615014314651489;0.201387420296669,-0.1281483918428421,0.022175703197717667,-0.045655202120542526
;-85.3558349609375;-0.0000060910938373126555,5.640712785748292e-9,-0.0037197258789092302,-0.000060243317420827225;1.1447163356104184e-10,0.21556857228279114,0.000012245742254890501,-0.2615014910697937;0.20138423144817352,-0.1281484067440033,0.022175703197717667,-0.045655202120542526
;-85.35585021972656;-0.00000609105018156697,5.640594658018472e-9,-0.0037198266945779324,-0.000060238824517000467;1.1446918413149376e-10,0.21556860208511353,0.000012245193829585332,-0.2615015208721161;0.20138104259967804,-0.1281484067440033,0.022175703197717667,-0.045655202120542526
;-85.35586547851562;-0.000006091002887842478,5.6404769743778616e-9,-0.00371992657892406,-0.00006023434252711013;1.1446672776305178e-10,0.21556857228279114,0.000012244645404280163,-0.2615015208721161;0.20137789845466614,-0.1281484216451645,0.022175703197717667,-0.045655205845832825
;-85.35588073730469;-0.000006090958322602091,5.6403588466480414e-9,-0.0037200271617621183,-0.00006022986781317741;1.1446425751682199e-10,0.21556861698627472,0.000012244100616953801,-0.26150161027908325;0.20137472450733185,-0.12814843654632568,0.022175703197717667,-0.045655205845832825
;-85.35588073730469;-0.000006090948318160372,5.640294009623403e-9,-0.003720128210261464,-0.00006022537490935065;1.144630362714949e-10,0.2155686616897583,0.00001224366860697046,-0.26150161027908325;0.2013731449842453,-0.12814843654632568,0.022175703197717667,-0.045655205845832825
;-85.35588073730469;-0.000006090960141591495,5.640282463303947e-9,-0.0037202320527285337,-0.000060220863815629855;1.144630362714949e-10,0.21556876599788666,0.000012243354831298348,-0.26150158047676086;0.2013731449842453,-0.12814843654632568,0.022175703197717667,-0.045655202120542526
;-85.35588073730469;-0.000006090972419769969,5.640272249252121e-9,-0.0037203370593488216,-0.000060216359997866675;1.144630362714949e-10,0.21556882560253143,0.000012243040146131534,-0.2615015506744385;0.2013731449842453,-0.12814843654632568,0.022175703197717667,-0.04565519839525223
;-85.35588836669922;-0.000006090949227655074,5.640209188584322e-9,-0.003720441833138466,-0.000060211907111806795;1.1446180808727391e-10,0.21556887030601501,0.000012242612683621701,-0.2615015506744385;0.20137155055999756,-0.12814843654632568,0.022175703197717667,-0.04565519839525223
;-85.35588836669922;-0.0000060909615058335476,5.640198974532495e-9,-0.003720546141266823,-0.000060207428759895265;1.1446180808727391e-10,0.2155689150094986,0.000012242299817444291,-0.2615015208721161;0.20137155055999756,-0.12814843654632568,0.022175703197717667,-0.04565519466996193
;-85.35588836669922;-0.0000060909737840120215,5.6401896486590886e-9,-0.0037206513807177544,-0.000060202964959898964;1.1446180808727391e-10,0.21556900441646576,0.000012241989679750986,-0.2615014910697937;0.20137155055999756,-0.12814843654632568,0.022175703197717667,-0.04565519466996193
;-85.35588836669922;-0.000006090984697948443,5.640180322785682e-9,-0.0037207568529993296,-0.00006019850479788147;1.1446180808727391e-10,0.21556904911994934,0.000012241680451552384,-0.2615014612674713;0.20137155055999756,-0.12814843654632568,0.022175703197717667,-0.04565518721938133
;-85.35588836669922;-0.000006090996066632215,5.640171441001485e-9,-0.003720862790942192,-0.0000601940591877792;1.1446180808727391e-10,0.2155691385269165,0.000012241370313859079,-0.2615014314651489;0.20137155055999756,-0.12814843654632568,0.022175703197717667,-0.045655183494091034
;-85.35588836669922;-0.000006091007435315987,5.640163891484917e-9,-0.003720969194546342,-0.00006018962085363455;1.1446180808727391e-10,0.21556919813156128,0.00001224106290464988,-0.26150140166282654;0.20137155055999756,-0.12814843654632568,0.022175703197717667,-0.045655183494091034
;-85.35588836669922;-0.00000609101925874711,5.64015589787914e-9,-0.003721075365319848,-0.00006018519707140513;1.1446180808727391e-10,0.21556928753852844,0.000012240756404935382,-0.26150137186050415;0.20137155055999756,-0.12814843654632568,0.022175703197717667,-0.045655179768800735
;-85.35588836669922;-0.0000060910297179361805,5.6401483483625725e-9,-0.0037211820017546415,-0.000060180784203112125;1.1446180808727391e-10,0.21556933224201202,0.000012240450814715587,-0.26150134205818176;0.20137155055999756,-0.12814843654632568,0.022175703197717667,-0.04565517604351044
;-85.35588836669922;-0.000006091041541367304,5.640141687024425e-9,-0.003721287939697504,-0.00006017638588673435;1.1446180808727391e-10,0.2155694216489792,0.000012240147043485194,-0.2615013122558594;0.20137155055999756,-0.12814843654632568,0.022175703197717667,-0.04565517604351044
;-85.35588836669922;-0.000006091052455303725,5.640135025686277e-9,-0.0037213938776403666,-0.00006017198393237777;1.1446180808727391e-10,0.21556946635246277,0.000012239845091244206,-0.261501282453537;0.20137155055999756,-0.12814843654632568,0.022175703197717667,-0.04565517231822014
;-85.35588836669922;-0.000006091063823987497,5.640129252526549e-9,-0.0037214995827525854,-0.000060167614719830453;1.1446180808727391e-10,0.21556955575942993,0.000012239542229508515,-0.2615012526512146;0.20137155055999756,-0.12814843654632568,0.022175703197717667,-0.04565516486763954
;-85.35588836669922;-0.0000060910738284292165,5.640123035277611e-9,-0.0037216050550341606,-0.000060163245507283136;1.1446180808727391e-10,0.2155696302652359,0.00001223924209625693,-0.2615012228488922;0.20137155055999756,-0.12814843654632568,0.022175703197717667,-0.04565516114234924
;-85.35588836669922;-0.000006091085197112989,5.640117262117883e-9,-0.003721710992977023,-0.000060158894484629855;1.1446180808727391e-10,0.21556970477104187,0.000012238943781994749,-0.26150116324424744;0.20137155055999756,-0.12814843654632568,0.022175703197717667,-0.04565516114234924
;-85.35588836669922;-0.000006091094292060006,5.640112377136575e-9,-0.0037218164652585983,-0.000060154539823997766;1.1446180808727391e-10,0.21556976437568665,0.000012238646377227269,-0.26150113344192505;0.20137155055999756,-0.12814843654632568,0.022175703197717667,-0.045655157417058945
;-85.35588836669922;-0.000006091105205996428,5.640106603976847e-9,-0.0037219219375401735,-0.000060150199715280905;1.1446180808727391e-10,0.21556983888149261,0.000012238349881954491,-0.26150110363960266;0.20137155055999756,-0.12814843654632568,0.022175703197717667,-0.045655153691768646
;-85.35588836669922;-0.000006091115210438147,5.640101718995538e-9,-0.0037220274098217487,-0.00006014587415847927;1.1446180808727391e-10,0.2155698984861374,0.000012238054296176415,-0.2615010738372803;0.20137155055999756,-0.12814843654632568,0.022175703197717667,-0.04565514996647835
;-85.35588836669922;-0.0000060911256696272176,5.64009772219265e-9,-0.0037221324164420366,-0.00006014155951561406;1.1446180808727391e-10,0.21556997299194336,0.000012237760529387742,-0.2615010440349579;0.20137155055999756,-0.12814843654632568,0.022175703197717667,-0.04565514996647835
;-85.35588836669922;-0.000006091135674068937,5.640093281300551e-9,-0.0037222374230623245,-0.00006013725578668527;1.1446180808727391e-10,0.21557004749774933,0.000012237468581588473,-0.2615010142326355;0.20137155055999756,-0.12814843654632568,0.022175703197717667,-0.04565514251589775
;-85.35588836669922;-0.000006091145678510657,5.6400892844976624e-9,-0.0037223424296826124,-0.00006013296660967171;1.1446180808727391e-10,0.2155701220035553,0.000012237177543283906,-0.2615009844303131;0.20137155055999756,-0.12814843654632568,0.022175703197717667,-0.04565513879060745
;-85.35588836669922;-0.000006091156592447078,5.640084843605564e-9,-0.003722446970641613,-0.00006012869198457338;1.1446180808727391e-10,0.21557018160820007,0.00001223688741447404,-0.2615009546279907;0.20137155055999756,-0.12814843654632568,0.022175703197717667,-0.04565513879060745
;-85.35589599609375;-0.000006091166596888797,5.640081734981095e-9,-0.003722551977261901,-0.000060124420997453853;1.1446180808727391e-10,0.21557025611400604,0.000012236597285664175,-0.26148125529289246;0.20137155055999756,-0.12814897298812866,0.02217445895075798,-0.045655135065317154
;-85.35591125488281;-0.000006091118848416954,5.639971156767842e-9,-0.003722654189914465,-0.00006012022276991047;1.1445935171883193e-10,0.21557024121284485,0.000012236082511662971,-0.2614419758319855;0.20136839151382446,-0.1281500607728958,0.022171974182128906,-0.045655135065317154
;-85.3559341430664;-0.0000060910738284292165,5.63986013446538e-9,-0.0037227545399218798,-0.0000601160318183247;1.1445689535038994e-10,0.21557028591632843,0.000012235566828167066,-0.2614026963710785;0.20136520266532898,-0.12815114855766296,0.022169487550854683,-0.045655135065317154
;-85.35596466064453;-0.000006090968327043811,5.639642530752553e-9,-0.0037228520959615707,-0.000060111924540251493;1.1445213526917186e-10,0.21557025611400604,0.000012234823770995717,-0.2613634765148163;0.2013588696718216,-0.1281522512435913,0.02216700091958046,-0.04565514251589775
;-85.35599517822266;-0.000006090856004448142,5.639423594772097e-9,-0.003722947556525469,-0.00006010781726217829;1.144472225322879e-10,0.21557022631168365,0.00001223408162331907,-0.26136356592178345;0.20135252177715302,-0.1281522661447525,0.02216700091958046,-0.04565514996647835
;-85.35602569580078;-0.000006090750048315385,5.6392033265240116e-9,-0.0037230397574603558,-0.0000601037208980415;1.1444230285651003e-10,0.21557015180587769,0.000012233344932610635,-0.261363685131073;0.20134621858596802,-0.1281522810459137,0.02216700091958046,-0.045655153691768646
;-85.3560562133789;-0.0000060906454564246815,5.638982170097506e-9,-0.0037231312599033117,-0.000060099639085819945;1.1443739011962606e-10,0.21557015180587769,0.000012232608241902199,-0.26136377453804016;0.20133987069129944,-0.12815231084823608,0.02216700091958046,-0.04565516114234924
;-85.35608673095703;-0.000006090544502512785,5.638760125492581e-9,-0.0037232213653624058,-0.000060095564549556;1.14432484321636e-10,0.2155700922012329,0.000012231872460688464,-0.2613638937473297;0.20133350789546967,-0.12815232574939728,0.02216700091958046,-0.04565516486763954
;-85.35611724853516;-0.000006090427632443607,5.6385371927092365e-9,-0.003723311936482787,-0.00006009150456520729;1.1442756464585813e-10,0.2155701071023941,0.000012231138498464134,-0.2613639831542969;0.20132718980312347,-0.12815234065055847,0.02216700091958046,-0.04565517231822014
;-85.35613250732422;-0.000006090358510846272,5.638365774274234e-9,-0.0037234032060950994,-0.00006008741183904931;1.1442388703208906e-10,0.21557006239891052,0.000012230520042066928,-0.26136407256126404;0.20132242143154144,-0.12815235555171967,0.02216700091958046,-0.04565517604351044
;-85.35614776611328;-0.0000060903130361111835,5.638248090633624e-9,-0.00372349563986063,-0.00006008331183693372;1.1442142372475317e-10,0.2155701071023941,0.000012230018910486251,-0.26136407256126404;0.20131924748420715,-0.12815235555171967,0.02216700091958046,-0.04565517604351044
;-85.35616302490234;-0.0000060902689256181475,5.638129962903804e-9,-0.00372358993627131,-0.00006007920819683932;1.1441896041741728e-10,0.2155701071023941,0.000012229516869410872,-0.2613641321659088;0.20131610333919525,-0.12815237045288086,0.02216700091958046,-0.045655179768800735
;-85.3561782836914;-0.000006090209353715181,5.638011835173984e-9,-0.003723686095327139,-0.00006007512638461776;1.1441665670464118e-10,0.21557015180587769,0.000012229015737830196,-0.2613641619682312;0.20131292939186096,-0.12815238535404205,0.02216700091958046,-0.045655179768800735
;-85.35619354248047;-0.000006090164333727444,5.637893707444164e-9,-0.0037237817887216806,-0.00006007104821037501;1.144142003361992e-10,0.2155701220035553,0.000012228514606249519,-0.261364221572876;0.20130972564220428,-0.12815238535404205,0.02216700091958046,-0.045655179768800735
;-85.35620880126953;-0.000006090117949497653,5.637775579714344e-9,-0.0037238772492855787,-0.000060066977312089875;1.1441174396775722e-10,0.21557016670703888,0.000012228015293658245,-0.26136425137519836;0.20130658149719238,-0.12815240025520325,0.02216700091958046,-0.045655183494091034
;-85.3562240600586;-0.00000609007020102581,5.637657007895314e-9,-0.0037239734083414078,-0.00006006293187965639;1.1440928066042133e-10,0.21557016670703888,0.000012227515981066972,-0.26136428117752075;0.2013034224510193,-0.12815240025520325,0.02216700091958046,-0.045655183494091034
;-85.35623931884766;-0.000006090027000027476,5.637537991987074e-9,-0.003724068868905306,-0.0000600588864472229;1.1440683816976716e-10,0.21557018160820007,0.000012227018487465102,-0.26136431097984314;0.2013002336025238,-0.12815241515636444,0.02216700091958046,-0.045655183494091034
;-85.35625457763672;-0.000006089981980039738,5.637418976078834e-9,-0.0037241647951304913,-0.000060054844652768224;1.1440437486243127e-10,0.21557021141052246,0.000012226521903357934,-0.2613643407821655;0.2012970745563507,-0.12815243005752563,0.02216700091958046,-0.045655183494091034
;-85.35626983642578;-0.000006089935595809948,5.637300404259804e-9,-0.0037242607213556767,-0.00006005082468618639;1.1440191849398929e-10,0.21557024121284485,0.00001222602713824017,-0.2613644003868103;0.20129390060901642,-0.12815243005752563,0.02216700091958046,-0.04565518721938133
;-85.35628509521484;-0.000006089888756832806,5.637181832440774e-9,-0.003724356647580862,-0.00006004680835758336;1.143994621255473e-10,0.21557025611400604,0.000012225532373122405,-0.2613644599914551;0.20129071176052094,-0.12815244495868683,0.02216700091958046,-0.04565518721938133
;-85.3563003540039;-0.0000060898323681612965,5.6370623724433244e-9,-0.00372445210814476,-0.000060042799304937944;1.1439700575710532e-10,0.21557027101516724,0.000012225038517499343,-0.2613644599914551;0.20128756761550903,-0.12815244495868683,0.02216700091958046,-0.04565518721938133
;-85.35631561279297;-0.000006089789167162962,5.6369438006242945e-9,-0.0037245475687086582,-0.000060038808442186564;1.1439454938866334e-10,0.21557025611400604,0.000012224546480865683,-0.26136448979377747;0.20128437876701355,-0.12815245985984802,0.02216700091958046,-0.04565518721938133
;-85.35633087158203;-0.000006089744601922575,5.636824784716055e-9,-0.0037246432621032,-0.00006003481394145638;1.1439208608132745e-10,0.21557028591632843,0.000012224054444232024,-0.26136454939842224;0.20128118991851807,-0.12815247476100922,0.02216700091958046,-0.04565519466996193
;-85.3563461303711;-0.000006089696853450732,5.636705324718605e-9,-0.0037247382570058107,-0.00006003083399264142;1.1438962971288547e-10,0.21557028591632843,0.000012223564226587769,-0.26136457920074463;0.20127807557582855,-0.12815247476100922,0.02216700091958046,-0.04565519466996193
;-85.35636138916016;-0.000006089650923968293,5.636586308810365e-9,-0.003724834183230996,-0.000060026875871699303;1.1438717334444348e-10,0.215570330619812,0.000012223074918438215,-0.261364609003067;0.20127487182617188,-0.1281524896621704,0.02216700091958046,-0.04565519466996193
;-85.35637664794922;-0.000006089609087212011,5.636467736991335e-9,-0.0037249294109642506,-0.000060022906836820766;1.143847169760015e-10,0.215570330619812,0.000012222586519783363,-0.2613646388053894;0.2012716829776764,-0.1281524896621704,0.02216700091958046,-0.04565519839525223
;-85.35639190673828;-0.000006089562702982221,5.6363482769938855e-9,-0.0037250244058668613,-0.000060018966905772686;1.143824132632254e-10,0.2155703753232956,0.00001222209812112851,-0.2613646984100342;0.2012685239315033,-0.1281525045633316,0.02216700091958046,-0.04565519839525223
;-85.35640716552734;-0.00000608951631875243,5.636228372907226e-9,-0.003725118935108185,-0.000060015026974724606;1.1437995689478342e-10,0.2155703753232956,0.00001222161063196836,-0.26136472821235657;0.201265349984169,-0.1281525194644928,0.02216700091958046,-0.04565519839525223
;-85.3564224243164;-0.0000060894717535120435,5.636108912909776e-9,-0.003725213697180152,-0.00006001109795761295;1.1437750746523534e-10,0.2155703902244568,0.000012221126780787017,-0.26136472821235657;0.2012621909379959,-0.1281525194644928,0.02216700091958046,-0.04565519839525223
;-85.35643768310547;-0.000006089415364840534,5.635989008823117e-9,-0.0037253089249134064,-0.00006000718713039532;1.1437505109679336e-10,0.2155703902244568,0.000012220640201121569,-0.26136475801467896;0.201259046792984,-0.128152534365654,0.02216700091958046,-0.045655202120542526
;-85.35645294189453;-0.000006089372163842199,5.635869548825667e-9,-0.00372540345415473,-0.00006000327266519889;1.1437258085056357e-10,0.21557044982910156,0.000012220158168929629,-0.2613648474216461;0.20125582814216614,-0.128152534365654,0.02216700091958046,-0.045655202120542526
;-85.35646057128906;-0.000006089325324865058,5.635749644739008e-9,-0.0037254984490573406,-0.0000599993763898965;1.1437012448212158e-10,0.21557042002677917,0.000012219675227242988,-0.2613648772239685;0.20125266909599304,-0.12815254926681519,0.02216700091958046,-0.045655202120542526
;-85.35646057128906;-0.000006089337603043532,5.635736766151922e-9,-0.0037255946081131697,-0.00005999541826895438;1.1437012448212158e-10,0.21557049453258514,0.000012219422387715895,-0.2613648474216461;0.20125266909599304,-0.12815254926681519,0.02216700091958046,-0.045655202120542526
;-85.35646057128906;-0.000006089349881222006,5.635724331654046e-9,-0.003725692629814148,-0.00005999148197588511;1.1437012448212158e-10,0.21557055413722992,0.000012219171367178205,-0.26136481761932373;0.20125266909599304,-0.12815254926681519,0.02216700091958046,-0.04565519839525223
;-85.3564682006836;-0.0000060893394220329355,5.635659494629408e-9,-0.0037257918156683445,-0.000059987571148667485;1.143689032367945e-10,0.2155706137418747,0.000012218804840813391,-0.26136481761932373;0.2012510746717453,-0.12815256416797638,0.02216700091958046,-0.04565519839525223
;-85.3564682006836;-0.000006089349881222006,5.635648392399162e-9,-0.0037258900701999664,-0.00005998365304549225;1.143689032367945e-10,0.21557067334651947,0.000012218553820275702,-0.26136478781700134;0.2012510746717453,-0.12815256416797638,0.02216700091958046,-0.04565519466996193
;-85.3564682006836;-0.0000060893598856637254,5.6356372901689156e-9,-0.0037259897217154503,-0.00005997974221827462;1.143689032367945e-10,0.21557076275348663,0.000012218304618727416,-0.26136475801467896;0.2012510746717453,-0.12815256416797638,0.02216700091958046,-0.04565518721938133
;-85.3564682006836;-0.000006089370344852796,5.635627076117089e-9,-0.003726089606061578,-0.00005997583502903581;1.143689032367945e-10,0.21557080745697021,0.00001221805541717913,-0.26136472821235657;0.2012510746717453,-0.12815256416797638,0.02216700091958046,-0.04565518721938133
;-85.3564682006836;-0.000006089380349294515,5.635617306154472e-9,-0.0037261899560689926,-0.00005997193875373341;1.143689032367945e-10,0.21557089686393738,0.000012217808034620248,-0.2613646686077118;0.2012510746717453,-0.12815256416797638,0.02216700091958046,-0.045655183494091034
;-85.3564682006836;-0.000006089390353736235,5.6356079802810655e-9,-0.0037262907717376947,-0.00005996806066832505;1.143689032367945e-10,0.21557094156742096,0.000012217559742566664,-0.2613646388053894;0.2012510746717453,-0.12815256416797638,0.02216700091958046,-0.045655179768800735
;-85.3564682006836;-0.000006089400812925305,5.6355990984968685e-9,-0.003726392053067684,-0.00005996418258291669;1.143689032367945e-10,0.21557103097438812,0.000012217313269502483,-0.261364609003067;0.2012510746717453,-0.12815256416797638,0.02216700091958046,-0.045655179768800735
;-85.3564682006836;-0.0000060894117268617265,5.635590660801881e-9,-0.003726492403075099,-0.000059960315411444753;1.143689032367945e-10,0.2155710905790329,0.000012217067705933005,-0.26136457920074463;0.2012510746717453,-0.12815256416797638,0.02216700091958046,-0.04565517604351044
;-85.3564682006836;-0.000006089421276556095,5.635582223106894e-9,-0.00372659252025187,-0.00005995646279188804;1.143689032367945e-10,0.21557119488716125,0.000012216823051858228,-0.26136454939842224;0.2012510746717453,-0.12815256416797638,0.02216700091958046,-0.04565517231822014
;-85.3564682006836;-0.000006089432190492516,5.635574673590327e-9,-0.003726692870259285,-0.00005995261744828895;1.143689032367945e-10,0.21557122468948364,0.00001221657839778345,-0.26136451959609985;0.2012510746717453,-0.12815256416797638,0.02216700091958046,-0.04565517231822014
;-85.3564682006836;-0.000006089442194934236,5.635567568162969e-9,-0.0037267932202667,-0.00005994878665660508;1.143689032367945e-10,0.215571328997612,0.00001221633647219278,-0.26136448979377747;0.2012510746717453,-0.12815256416797638,0.02216700091958046,-0.04565516486763954
;-85.3564682006836;-0.000006089452199375955,5.635560906824821e-9,-0.003726893337443471,-0.000059944963140878826;1.143689032367945e-10,0.21557137370109558,0.000012216094546602108,-0.2613644599914551;0.2012510746717453,-0.12815256416797638,0.02216700091958046,-0.04565516114234924
;-85.3564682006836;-0.000006089462203817675,5.635554245486674e-9,-0.0037269932217895985,-0.000059941150539088994;1.143689032367945e-10,0.21557146310806274,0.000012215853530506138,-0.2613644301891327;0.2012510746717453,-0.12815256416797638,0.02216700091958046,-0.045655157417058945
;-85.3564682006836;-0.000006089473117754096,5.635548028237736e-9,-0.0037270933389663696,-0.00005993733793729916;1.143689032367945e-10,0.2155715376138687,0.000012215615242894273,-0.2613644003868103;0.2012510746717453,-0.12815256416797638,0.02216700091958046,-0.045655157417058945
;-85.3564682006836;-0.000006089483122195816,5.635542255078008e-9,-0.003727193223312497,-0.00005993353624944575;1.143689032367945e-10,0.21557161211967468,0.000012215375136293005,-0.2613643705844879;0.2012510746717453,-0.12815256416797638,0.02216700091958046,-0.045655153691768646
;-85.3564682006836;-0.000006089493126637535,5.63553648191828e-9,-0.0037272931076586246,-0.000059929752751486376;1.143689032367945e-10,0.21557167172431946,0.000012215137758175842,-0.2613643407821655;0.2012510746717453,-0.12815256416797638,0.02216700091958046,-0.04565514996647835
;-85.3564682006836;-0.000006089503131079255,5.635531596936971e-9,-0.003727392293512821,-0.00005992597289150581;1.143689032367945e-10,0.21557176113128662,0.000012214902199048083,-0.26136431097984314;0.2012510746717453,-0.12815256416797638,0.02216700091958046,-0.04565514251589775
;-85.3564682006836;-0.000006089514499763027,5.635526711955663e-9,-0.003727491945028305,-0.00005992220758344047;1.143689032367945e-10,0.2155718058347702,0.000012214665730425622,-0.26136428117752075;0.2012510746717453,-0.12815256416797638,0.02216700091958046,-0.04565514251589775
;-85.3564682006836;-0.0000060895235947100446,5.6355218269743546e-9,-0.003727591596543789,-0.00005991844227537513;1.143689032367945e-10,0.21557189524173737,0.000012214431990287267,-0.261364221572876;0.2012510746717453,-0.12815256416797638,0.02216700091958046,-0.04565513879060745
;-85.3564682006836;-0.000006089534508646466,5.635517830171466e-9,-0.003727690549567342,-0.00005991469515720382;1.143689032367945e-10,0.21557195484638214,0.000012214198250148911,-0.2613641917705536;0.2012510746717453,-0.12815256416797638,0.02216700091958046,-0.045655135065317154
;-85.3564682006836;-0.000006089544513088185,5.635513833368577e-9,-0.0037277902010828257,-0.00005991096259094775;1.143689032367945e-10,0.2155720442533493,0.000012213965419505257,-0.2613641619682312;0.2012510746717453,-0.12815256416797638,0.02216700091958046,-0.045655135065317154
;-85.3564682006836;-0.000006089553153287852,5.635509392476479e-9,-0.003727889386937022,-0.000059907226386712864;1.143689032367945e-10,0.21557208895683289,0.000012213734407851007,-0.2613641321659088;0.2012510746717453,-0.12815256416797638,0.02216700091958046,-0.045655131340026855
;-85.3564682006836;-0.00000608956224823487,5.63550539567359e-9,-0.0037279881071299314,-0.000059903508372372016;1.143689032367945e-10,0.21557217836380005,0.000012213503396196757,-0.2613641023635864;0.2012510746717453,-0.12815256416797638,0.02216700091958046,-0.04565512761473656
;-85.3564682006836;-0.000006089571343181888,5.635502287049121e-9,-0.003728087292984128,-0.000059899793996009976;1.143689032367945e-10,0.21557222306728363,0.000012213273294037208,-0.26136407256126404;0.2012510746717453,-0.12815256416797638,0.02216700091958046,-0.04565512388944626
;-85.3564682006836;-0.000006089581347623607,5.635498734335442e-9,-0.0037281860131770372,-0.000059896094171563163;1.143689032367945e-10,0.2155723124742508,0.000012213045920361765,-0.26136404275894165;0.2012510746717453,-0.12815256416797638,0.02216700091958046,-0.04565512388944626
;-85.3564682006836;-0.000006089589987823274,5.6354951816217635e-9,-0.0037282847333699465,-0.00005989239434711635;1.143689032367945e-10,0.21557237207889557,0.00001221281763719162,-0.26136401295661926;0.2012510746717453,-0.12815256416797638,0.02216700091958046,-0.04565511643886566
;-85.3564682006836;-0.000006089599537517643,5.635492072997295e-9,-0.0037283829879015684,-0.00005988870907458477;1.143689032367945e-10,0.21557246148586273,0.000012212591173010878,-0.2613639831542969;0.2012510746717453,-0.12815256416797638,0.02216700091958046,-0.04565511271357536
;-85.3564682006836;-0.000006089609087212011,5.6354894084620355e-9,-0.0037284817080944777,-0.000059885034715989605;1.143689032367945e-10,0.2155725061893463,0.000012212365618324839,-0.2613639533519745;0.2012510746717453,-0.12815256416797638,0.02216700091958046,-0.04565511271357536
;-85.3564682006836;-0.000006089618182159029,5.6354862998375665e-9,-0.003728580428287387,-0.00005988137127133086;1.143689032367945e-10,0.21557259559631348,0.0000122121409731335,-0.2613639235496521;0.2012510746717453,-0.12815256416797638,0.02216700091958046,-0.045655108988285065
;-85.3564682006836;-0.0000060896277318533976,5.6354836353023074e-9,-0.003728678682819009,-0.000059877704188693315;1.143689032367945e-10,0.21557264029979706,0.000012211917237436865,-0.2613638937473297;0.2012510746717453,-0.12815256416797638,0.02216700091958046,-0.045655105262994766
;-85.3564682006836;-0.000006089637736295117,5.635481414856258e-9,-0.0037287769373506308,-0.00005987406984786503;1.143689032367945e-10,0.21557272970676422,0.00001221169441123493,-0.2613638639450073;0.2012510746717453,-0.12815256416797638,0.02216700091958046,-0.045655105262994766
;-85.3564682006836;-0.000006089645921747433,5.635478750320999e-9,-0.0037288754247128963,-0.000059870424593100324;1.143689032367945e-10,0.2155728042125702,0.000012211472494527698,-0.26136383414268494;0.2012510746717453,-0.12815256416797638,0.02216700091958046,-0.04565510153770447
;-85.3564682006836;-0.000006089655471441802,5.63547608578574e-9,-0.003728973213583231,-0.000059866797528229654;1.143689032367945e-10,0.21557287871837616,0.000012211251487315167,-0.26136377453804016;0.2012510746717453,-0.12815256416797638,0.02216700091958046,-0.04565509408712387
;-85.3564682006836;-0.000006089664566388819,5.635473865339691e-9,-0.0037290710024535656,-0.00005986317410133779;1.143689032367945e-10,0.21557293832302094,0.000012211033208586741,-0.2613637447357178;0.2012510746717453,-0.12815256416797638,0.02216700091958046,-0.04565509036183357
;-85.3564682006836;-0.000006089674570830539,5.635472088982851e-9,-0.003729169024154544,-0.00005985956158838235;1.143689032367945e-10,0.2155730128288269,0.000012210813110868912,-0.2613637149333954;0.2012510746717453,-0.12815256416797638,0.02216700091958046,-0.04565509036183357
;-85.3564682006836;-0.000006089683211030206,5.635470312626012e-9,-0.003729266580194235,-0.00005985595998936333;1.143689032367945e-10,0.21557307243347168,0.000012210595741635188,-0.261363685131073;0.2012510746717453,-0.12815256416797638,0.02216700091958046,-0.045655086636543274
;-85.3564682006836;-0.0000060896923059772234,5.6354685362691725e-9,-0.0037293648347258568,-0.00005985236566630192;1.143689032367945e-10,0.21557314693927765,0.000012210378372401465,-0.2613636553287506;0.2012510746717453,-0.12815256416797638,0.02216700091958046,-0.045655082911252975
;-85.3564682006836;-0.000006089701855671592,5.635466759912333e-9,-0.003729462157934904,-0.00005984877861919813;1.143689032367945e-10,0.21557322144508362,0.000012210162822157145,-0.2613636255264282;0.2012510746717453,-0.12815256416797638,0.02216700091958046,-0.045655082911252975
;-85.3564682006836;-0.000006089711405365961,5.635465427644704e-9,-0.0037295601796358824,-0.00005984520248603076;1.143689032367945e-10,0.21557332575321198,0.000012209947271912824,-0.26136359572410583;0.2012510746717453,-0.12815256416797638,0.02216700091958046,-0.04565507918596268
;-85.3564682006836;-0.0000060897200455656275,5.635463651287864e-9,-0.003729657270014286,-0.000059841633628821;1.143689032367945e-10,0.21557335555553436,0.000012209732631163206,-0.26136356592178345;0.2012510746717453,-0.12815256416797638,0.02216700091958046,-0.04565507173538208
;-85.3564682006836;-0.000006089730050007347,5.635461874931025e-9,-0.0037297545932233334,-0.000059838086599484086;1.143689032367945e-10,0.21557345986366272,0.000012209519809402991,-0.26136353611946106;0.2012510746717453,-0.12815256416797638,0.02216700091958046,-0.04565507173538208
;-85.3564682006836;-0.000006089739144954365,5.635460542663395e-9,-0.0037298512179404497,-0.000059834535932168365;1.143689032367945e-10,0.2155734896659851,0.000012209306987642776,-0.26136350631713867;0.2012510746717453,-0.12815256416797638,0.02216700091958046,-0.04565506801009178
;-85.3564682006836;-0.00000608974687565933,5.635458766306556e-9,-0.0037299487739801407,-0.00005983100345474668;1.143689032367945e-10,0.21557359397411346,0.000012209096894366667,-0.2613634765148163;0.2012510746717453,-0.12815256416797638,0.02216700091958046,-0.04565506428480148
;-85.3564682006836;-0.0000060897559706063475,5.635457878128136e-9,-0.003730045398697257,-0.000059827467339346185;1.143689032367945e-10,0.21557365357875824,0.000012208884982101154,-0.2613634467124939;0.2012510746717453,-0.12815256416797638,0.02216700091958046,-0.04565506428480148
;-85.3564682006836;-0.0000060897641560586635,5.6354569899497164e-9,-0.0037301424890756607,-0.00005982394577586092;1.143689032367945e-10,0.2155737429857254,0.000012208675798319746,-0.2613634169101715;0.2012510746717453,-0.12815256416797638,0.02216700091958046,-0.045655060559511185
;-85.3564682006836;-0.00000608977279625833,5.635456101771297e-9,-0.003730239113792777,-0.00005982043512631208;1.143689032367945e-10,0.21557378768920898,0.000012208466614538338,-0.26136335730552673;0.2012510746717453,-0.12815256416797638,0.02216700091958046,-0.045655056834220886
;-85.3564682006836;-0.000006089780526963295,5.635455213592877e-9,-0.003730335272848606,-0.00005981692811474204;1.143689032367945e-10,0.21557387709617615,0.000012208260159241036,-0.26136332750320435;0.2012510746717453,-0.12815256416797638,0.02216700091958046,-0.04565505310893059
;-85.3564682006836;-0.0000060897882576682605,5.635454325414457e-9,-0.0037304323632270098,-0.000059813432017108425;1.143689032367945e-10,0.21557392179965973,0.00001220805188495433,-0.26136329770088196;0.2012510746717453,-0.12815256416797638,0.02216700091958046,-0.04565504565834999
;-85.3564682006836;-0.000006089797352615278,5.635453437236038e-9,-0.003730528987944126,-0.00005980994683341123;1.143689032367945e-10,0.2155740112066269,0.000012207845429657027,-0.26136326789855957;0.2012510746717453,-0.12815256416797638,0.02216700091958046,-0.04565504565834999
;-85.3564682006836;-0.000006089805538067594,5.635452549057618e-9,-0.003730625146999955,-0.000059806465287692845;1.143689032367945e-10,0.21557405591011047,0.000012207639883854426,-0.2613632380962372;0.2012510746717453,-0.12815256416797638,0.02216700091958046,-0.04565504193305969
;-85.3564682006836;-0.00000608981372351991,5.635451660879198e-9,-0.003730720840394497,-0.000059803001931868494;1.143689032367945e-10,0.21557414531707764,0.00001220743615704123,-0.2613632082939148;0.2012510746717453,-0.12815256416797638,0.02216700091958046,-0.045655038207769394
;-85.3564682006836;-0.000006089822363719577,5.635451216789988e-9,-0.003730816999450326,-0.00005979954221402295;1.143689032367945e-10,0.2155742198228836,0.000012207232430228032,-0.2613631784915924;0.2012510746717453,-0.12815256416797638,0.02216700091958046,-0.045655038207769394
;-85.3564682006836;-0.000006089830549171893,5.635449884522359e-9,-0.0037309136241674423,-0.00005979608977213502;1.143689032367945e-10,0.21557429432868958,0.000012207029612909537,-0.26136314868927;0.2012510746717453,-0.12815256416797638,0.02216700091958046,-0.045655034482479095
;-85.3564682006836;-0.000006089838279876858,5.635449440433149e-9,-0.0037310095503926277,-0.00005979264824418351;1.143689032367945e-10,0.21557435393333435,0.000012206828614580445,-0.26136311888694763;0.2012510746717453,-0.12815256416797638,0.02216700091958046,-0.0456550307571888
;-85.3564682006836;-0.000006089846920076525,5.635448552254729e-9,-0.0037311052437871695,-0.00005978921035421081;1.143689032367945e-10,0.21557442843914032,0.000012206626706756651,-0.26136308908462524;0.2012510746717453,-0.12815256416797638,0.02216700091958046,-0.0456550233066082
;-85.3564682006836;-0.000006089855560276192,5.63544766407631e-9,-0.003731201170012355,-0.00005978578337817453;1.143689032367945e-10,0.2155744880437851,0.000012206428436911665,-0.26136305928230286;0.2012510746717453,-0.12815256416797638,0.02216700091958046,-0.0456550233066082
;-85.3564682006836;-0.000006089863745728508,5.63544677589789e-9,-0.0037312968634068966,-0.000059782370954053476;1.143689032367945e-10,0.21557456254959106,0.000012206228348077275,-0.26136302947998047;0.2012510746717453,-0.12815256416797638,0.02216700091958046,-0.0456550195813179
;-85.3564682006836;-0.000006089871931180824,5.63544588771947e-9,-0.0037313925568014383,-0.00005977896216791123;1.143689032367945e-10,0.21557463705539703,0.000012206030078232288,-0.2613629996776581;0.2012510746717453,-0.12815256416797638,0.02216700091958046,-0.0456550158560276
;-85.3564682006836;-0.000006089881026127841,5.6354449995410505e-9,-0.0037314880173653364,-0.0000597755606577266;1.143689032367945e-10,0.215574711561203,0.000012205832717882004,-0.2613629400730133;0.2012510746717453,-0.12815256416797638,0.02216700091958046,-0.0456550158560276
;-85.3564682006836;-0.0000060898883020854555,5.635444111362631e-9,-0.0037315834779292345,-0.00005977217006147839;1.143689032367945e-10,0.21557477116584778,0.000012205637176521122,-0.2613629102706909;0.2012510746717453,-0.12815256416797638,0.02216700091958046,-0.045655012130737305
;-85.3564682006836;-0.00000608989557804307,5.635443667273421e-9,-0.0037316791713237762,-0.000059768786741187796;1.143689032367945e-10,0.21557486057281494,0.00001220544072566554,-0.26136288046836853;0.2012510746717453,-0.12815256416797638,0.02216700091958046,-0.045655008405447006
;-85.3564682006836;-0.000006089903308748035,5.635442335005791e-9,-0.0037317746318876743,-0.00005976541433483362;1.143689032367945e-10,0.21557490527629852,0.000012205247003294062,-0.26136285066604614;0.2012510746717453,-0.12815256416797638,0.02216700091958046,-0.045655008405447006
;-85.3564682006836;-0.000006089909675210947,5.6354418909165815e-9,-0.0037318693939596415,-0.00005976204920443706;1.143689032367945e-10,0.21557499468326569,0.000012205052371427882,-0.26136282086372375;0.2012510746717453,-0.12815256416797638,0.02216700091958046,-0.04565500095486641
;-85.3564682006836;-0.000006089916951168561,5.6354418909165815e-9,-0.0037319643888622522,-0.00005975868771201931;1.143689032367945e-10,0.21557505428791046,0.000012204858649056405,-0.26136279106140137;0.2012510746717453,-0.12815256416797638,0.02216700091958046,-0.04565499722957611
;-85.3564682006836;-0.000006089925136620877,5.6354418909165815e-9,-0.003732059383764863,-0.00005975533713353798;1.143689032367945e-10,0.21557514369487762,0.000012204665836179629,-0.261362761259079;0.2012510746717453,-0.12815256416797638,0.02216700091958046,-0.04565499722957611
;-85.3564682006836;-0.0000060899324125784915,5.6354418909165815e-9,-0.003732154378667474,-0.00005975199383101426;1.143689032367945e-10,0.2155751883983612,0.000012204474842292257,-0.2613627314567566;0.2012510746717453,-0.12815256416797638,0.02216700091958046,-0.04565499350428581
;-85.3564682006836;-0.000006089939233788755,5.6354418909165815e-9,-0.003732249140739441,-0.000059748661442426965;1.143689032367945e-10,0.21557527780532837,0.000012204282938910183,-0.2613627016544342;0.2012510746717453,-0.12815256416797638,0.02216700091958046,-0.045654989778995514
;-85.3564682006836;-0.000006089946509746369,5.6354418909165815e-9,-0.0037323436699807644,-0.000059745332691818476;1.143689032367945e-10,0.21557532250881195,0.000012204092854517512,-0.2613626718521118;0.2012510746717453,-0.12815256416797638,0.02216700091958046,-0.045654986053705215
;-85.3564682006836;-0.000006089954695198685,5.6354418909165815e-9,-0.003732438199222088,-0.000059742018493125215;1.143689032367945e-10,0.2155754119157791,0.000012203904589114245,-0.26136264204978943;0.2012510746717453,-0.12815256416797638,0.02216700091958046,-0.045654986053705215
;-85.3564682006836;-0.000006089961061661597,5.6354418909165815e-9,-0.0037325327284634113,-0.00005973870793241076;1.143689032367945e-10,0.2155754715204239,0.000012203716323710978,-0.26136261224746704;0.2012510746717453,-0.12815256416797638,0.02216700091958046,-0.04565498232841492
;-85.3564682006836;-0.0000060899683376192115,5.6354418909165815e-9,-0.003732627257704735,-0.00005973541192361154;1.143689032367945e-10,0.21557557582855225,0.000012203528967802413,-0.26136258244514465;0.2012510746717453,-0.12815256416797638,0.02216700091958046,-0.04565497487783432
;-85.3564682006836;-0.000006089975613576826,5.6354418909165815e-9,-0.0037327215541154146,-0.000059732112276833504;1.143689032367945e-10,0.21557560563087463,0.000012203341611893848,-0.26136255264282227;0.2012510746717453,-0.12815256416797638,0.02216700091958046,-0.04565497115254402
;-85.3564682006836;-0.000006089983344281791,5.6354418909165815e-9,-0.003732816083356738,-0.000059728834457928315;1.143689032367945e-10,0.215575709939003,0.000012203156074974686,-0.2613624930381775;0.2012510746717453,-0.12815256416797638,0.02216700091958046,-0.04565497115254402
;-85.3564682006836;-0.000006089990620239405,5.6354418909165815e-9,-0.0037329101469367743,-0.000059725556639023125;1.143689032367945e-10,0.21557573974132538,0.000012202971447550226,-0.2613624632358551;0.2012510746717453,-0.12815256416797638,0.02216700091958046,-0.04565496742725372
;-85.3564682006836;-0.000006089997441449668,5.6354418909165815e-9,-0.003733003744855523,-0.00005972230064799078;1.143689032367945e-10,0.21557584404945374,0.000012202787729620468,-0.2613624334335327;0.2012510746717453,-0.12815256416797638,0.02216700091958046,-0.045654963701963425
;-85.3564682006836;-0.000006090005172154633,5.6354418909165815e-9,-0.0037330978084355593,-0.00005971903374302201;1.143689032367945e-10,0.2155759185552597,0.000012202603102196008,-0.2613624036312103;0.2012510746717453,-0.12815256416797638,0.02216700091958046,-0.045654963701963425
;-85.3564682006836;-0.0000060900124481122475,5.6354418909165815e-9,-0.0037331916391849518,-0.00005971578138996847;1.143689032367945e-10,0.21557599306106567,0.000012202421203255653,-0.26136237382888794;0.2012510746717453,-0.12815256416797638,0.02216700091958046,-0.045654959976673126
;-85.3564682006836;-0.000006090019724069862,5.6354418909165815e-9,-0.0037332852371037006,-0.00005971254358883016;1.143689032367945e-10,0.21557605266571045,0.000012202238394820597,-0.26136234402656555;0.2012510746717453,-0.12815256416797638,0.02216700091958046,-0.04565495252609253
;-85.3564682006836;-0.000006090027454774827,5.6354418909165815e-9,-0.0037333788350224495,-0.000059709305787691846;1.143689032367945e-10,0.21557612717151642,0.000012202057405374944,-0.26136231422424316;0.2012510746717453,-0.12815256416797638,0.02216700091958046,-0.04565495252609253
;-85.3564682006836;-0.000006090034730732441,5.6354418909165815e-9,-0.0037334722001105547,-0.00005970608617644757;1.143689032367945e-10,0.2155761867761612,0.000012201877325423993,-0.2613622844219208;0.2012510746717453,-0.12815256416797638,0.02216700091958046,-0.04565494880080223
;-85.3564682006836;-0.000006090042006690055,5.6354418909165815e-9,-0.0037335657980293036,-0.00005970286292722449;1.143689032367945e-10,0.21557626128196716,0.000012201698154967744,-0.2613622546195984;0.2012510746717453,-0.12815256416797638,0.02216700091958046,-0.04565494507551193
;-85.3564682006836;-0.000006090049282647669,5.6354418909165815e-9,-0.003733659628778696,-0.00005969965786789544;1.143689032367945e-10,0.21557633578777313,0.000012201519894006196,-0.261362224817276;0.2012510746717453,-0.12815256416797638,0.02216700091958046,-0.045654941350221634
;-85.3564682006836;-0.000006090057013352634,5.6354418909165815e-9,-0.0037337522953748703,-0.00005969644553260878;1.143689032367945e-10,0.2155764251947403,0.000012201340723549947,-0.2613621950149536;0.2012510746717453,-0.12815256416797638,0.02216700091958046,-0.045654941350221634
;-85.3564682006836;-0.0000060900642893102486,5.6354418909165815e-9,-0.0037338456604629755,-0.00005969325138721615;1.143689032367945e-10,0.21557646989822388,0.000012201163372083101,-0.2613621652126312;0.2012510746717453,-0.12815256416797638,0.02216700091958046,-0.045654937624931335
;-85.3564682006836;-0.000006090071565267863,5.6354418909165815e-9,-0.0037339390255510807,-0.00005969006451778114;1.143689032367945e-10,0.21557655930519104,0.00001220098783960566,-0.26136213541030884;0.2012510746717453,-0.12815256416797638,0.02216700091958046,-0.04565493017435074
;-85.3564682006836;-0.000006090078841225477,5.6354418909165815e-9,-0.0037340314593166113,-0.00005968688856228255;1.143689032367945e-10,0.21557660400867462,0.000012200811397633515,-0.26136207580566406;0.2012510746717453,-0.12815256416797638,0.02216700091958046,-0.04565493017435074
;-85.3564682006836;-0.000006090086117183091,5.6354418909165815e-9,-0.003734124591574073,-0.00005968371624476276;1.143689032367945e-10,0.21557669341564178,0.000012200635865156073,-0.2613620460033417;0.2012510746717453,-0.12815256416797638,0.02216700091958046,-0.04565492644906044
;-85.3564682006836;-0.000006090093393140705,5.6354418909165815e-9,-0.0037342174910008907,-0.000059680562117137015;1.143689032367945e-10,0.21557675302028656,0.000012200462151668034,-0.2613620162010193;0.2012510746717453,-0.12815256416797638,0.02216700091958046,-0.04565492272377014
;-85.3564682006836;-0.0000060901006690983195,5.6354418909165815e-9,-0.0037343099247664213,-0.00005967740071355365;1.143689032367945e-10,0.21557684242725372,0.000012200288438179996,-0.2613619863986969;0.2012510746717453,-0.12815256416797638,0.02216700091958046,-0.04565491899847984
;-85.3564682006836;-0.000006090107490308583,5.6354418909165815e-9,-0.003734402824193239,-0.000059674257499864325;1.143689032367945e-10,0.2155768871307373,0.00001220011654368136,-0.2613619565963745;0.2012510746717453,-0.12815256416797638,0.02216700091958046,-0.04565491899847984
;-85.3564682006836;-0.000006090113402024144,5.6354418909165815e-9,-0.00373449525795877,-0.000059671117924153805;1.143689032367945e-10,0.21557697653770447,0.000012199943739688024,-0.2613619267940521;0.2012510746717453,-0.12815256416797638,0.02216700091958046,-0.045654915273189545
;-85.3564682006836;-0.000006090119313739706,5.6354418909165815e-9,-0.003734587924554944,-0.00005966798198642209;1.143689032367945e-10,0.21557702124118805,0.00001219977275468409,-0.26136189699172974;0.2012510746717453,-0.12815256416797638,0.02216700091958046,-0.045654911547899246
;-85.3564682006836;-0.000006090126134949969,5.6354418909165815e-9,-0.0037346798926591873,-0.000059664864238584414;1.143689032367945e-10,0.2155771106481552,0.000012199602679174859,-0.26136186718940735;0.2012510746717453,-0.12815256416797638,0.02216700091958046,-0.045654911547899246
;-85.3564682006836;-0.0000060901325014128815,5.6354418909165815e-9,-0.003734772326424718,-0.000059661750128725544;1.143689032367945e-10,0.21557718515396118,0.000012199431694170926,-0.26136183738708496;0.2012510746717453,-0.12815256416797638,0.02216700091958046,-0.04565490409731865
;-85.3564682006836;-0.000006090138867875794,5.6354418909165815e-9,-0.0037348640616983175,-0.00005965864329482429;1.143689032367945e-10,0.21557725965976715,0.000012199262528156396,-0.2613618075847626;0.2012510746717453,-0.12815256416797638,0.02216700091958046,-0.04565490037202835
;-85.3564682006836;-0.000006090146143833408,5.6354418909165815e-9,-0.003734956495463848,-0.000059655543736880645;1.143689032367945e-10,0.21557731926441193,0.000012199094271636568,-0.2613617777824402;0.2012510746717453,-0.12815256416797638,0.02216700091958046,-0.04565490037202835
;-85.3564682006836;-0.0000060901525102963205,5.6354418909165815e-9,-0.0037350484635680914,-0.00005965245873085223;1.143689032367945e-10,0.2155773937702179,0.000012198927834106144,-0.2613617479801178;0.2012510746717453,-0.12815256416797638,0.02216700091958046,-0.04565489664673805
;-85.3564682006836;-0.000006090158422011882,5.6354418909165815e-9,-0.0037351399660110474,-0.00005964937008684501;1.143689032367945e-10,0.21557745337486267,0.000012198761396575719,-0.2613617181777954;0.2012510746717453,-0.12815256416797638,0.02216700091958046,-0.045654892921447754
;-85.3564682006836;-0.0000060901647884747945,5.6354418909165815e-9,-0.003735231701284647,-0.00005964629599475302;1.143689032367945e-10,0.21557752788066864,0.000012198594049550593,-0.26136165857315063;0.2012510746717453,-0.12815256416797638,0.02216700091958046,-0.045654889196157455
;-85.3564682006836;-0.000006090171609685058,5.6354418909165815e-9,-0.0037353236693888903,-0.00005964322554063983;1.143689032367945e-10,0.2155776023864746,0.00001219842852151487,-0.26136162877082825;0.2012510746717453,-0.12815256416797638,0.02216700091958046,-0.045654889196157455
;-85.3564682006836;-0.000006090177521400619,5.6354418909165815e-9,-0.0037354151718318462,-0.00005964016236248426;1.143689032367945e-10,0.21557767689228058,0.00001219826390297385,-0.26136159896850586;0.2012510746717453,-0.12815256416797638,0.02216700091958046,-0.04565488174557686
;-85.3564682006836;-0.000006090183433116181,5.6354418909165815e-9,-0.003735506674274802,-0.000059637117374222726;1.143689032367945e-10,0.21557773649692535,0.000012198099284432828,-0.26136156916618347;0.2012510746717453,-0.12815256416797638,0.02216700091958046,-0.04565487802028656
;-85.3564682006836;-0.000006090190254326444,5.6354418909165815e-9,-0.0037355979438871145,-0.00005963406874798238;1.143689032367945e-10,0.21557781100273132,0.000012197936484881211,-0.2613615393638611;0.2012510746717453,-0.12815256416797638,0.02216700091958046,-0.04565487802028656
;-85.3564682006836;-0.0000060901966207893565,5.6354418909165815e-9,-0.003735689213499427,-0.00005963103467365727;1.143689032367945e-10,0.2155778706073761,0.000012197772775834892,-0.2613615095615387;0.2012510746717453,-0.12815256416797638,0.02216700091958046,-0.04565487429499626
;-85.3564682006836;-0.000006090202532504918,5.6354418909165815e-9,-0.0037357802502810955,-0.00005962799332337454;1.143689032367945e-10,0.21557796001434326,0.000012197611795272678,-0.2613614797592163;0.2012510746717453,-0.12815256416797638,0.02216700091958046,-0.04565487056970596
;-85.3564682006836;-0.000006090209353715181,5.6354418909165815e-9,-0.003735871519893408,-0.00005962498107692227;1.143689032367945e-10,0.21557801961898804,0.000012197449905215763,-0.2613614499568939;0.2012510746717453,-0.12815256416797638,0.02216700091958046,-0.045654866844415665
;-85.3564682006836;-0.000006090216174925445,5.6354418909165815e-9,-0.0037359625566750765,-0.000059621957916533574;1.143689032367945e-10,0.2155781239271164,0.00001219728983414825,-0.26136142015457153;0.2012510746717453,-0.12815256416797638,0.02216700091958046,-0.045654866844415665
;-85.3564682006836;-0.000006090222086641006,5.6354418909165815e-9,-0.0037360533606261015,-0.00005961895294603892;1.143689032367945e-10,0.21557815372943878,0.000012197128853586037,-0.26136139035224915;0.2012510746717453,-0.12815256416797638,0.02216700091958046,-0.04565485939383507
;-85.3564682006836;-0.000006090227998356568,5.6354418909165815e-9,-0.0037361441645771265,-0.000059615951613523066;1.143689032367945e-10,0.21557825803756714,0.000012196969692013226,-0.26136136054992676;0.2012510746717453,-0.12815256416797638,0.02216700091958046,-0.04565485566854477
;-85.3564682006836;-0.000006090234819566831,5.6354418909165815e-9,-0.003736235201358795,-0.00005961295755696483;1.143689032367945e-10,0.21557828783988953,0.000012196811439935118,-0.26136133074760437;0.2012510746717453,-0.12815256416797638,0.02216700091958046,-0.04565485566854477
;-85.3564682006836;-0.000006090241186029743,5.6354418909165815e-9,-0.00373632600530982,-0.000059609974414343014;1.143689032367945e-10,0.21557839214801788,0.00001219665318785701,-0.261361300945282;0.2012510746717453,-0.12815256416797638,0.02216700091958046,-0.04565485194325447
;-85.3564682006836;-0.000006090247097745305,5.6354418909165815e-9,-0.003736416809260845,-0.000059606994909700006;1.143689032367945e-10,0.21557845175266266,0.000012196496754768305,-0.2613612413406372;0.2012510746717453,-0.12815256416797638,0.02216700091958046,-0.04565484821796417
;-85.3564682006836;-0.000006090253464208217,5.6354418909165815e-9,-0.0037365066818892956,-0.00005960402631899342;1.143689032367945e-10,0.21557854115962982,0.000012196339412184898,-0.2613612115383148;0.2012510746717453,-0.12815256416797638,0.02216700091958046,-0.045654844492673874
;-85.3564682006836;-0.00000609025983067113,5.6354418909165815e-9,-0.0037365970201790333,-0.00005960105772828683;1.143689032367945e-10,0.2155785858631134,0.000012196182979096193,-0.26136118173599243;0.2012510746717453,-0.12815256416797638,0.02216700091958046,-0.045654844492673874
;-85.3564682006836;-0.000006090266651881393,5.6354418909165815e-9,-0.003736687358468771,-0.000059598103689495474;1.143689032367945e-10,0.21557867527008057,0.000012196028364996891,-0.26136115193367004;0.2012510746717453,-0.12815256416797638,0.02216700091958046,-0.04565483704209328
;-85.3564682006836;-0.0000060902730183443055,5.6354418909165815e-9,-0.0037367776967585087,-0.00005959513509878889;1.143689032367945e-10,0.21557871997356415,0.000012195872841402888,-0.26136112213134766;0.2012510746717453,-0.12815256416797638,0.02216700091958046,-0.04565483331680298
;-85.3564682006836;-0.000006090279384807218,5.6354418909165815e-9,-0.0037368680350482464,-0.000059592199249891564;1.143689032367945e-10,0.2155788093805313,0.00001219572004629299,-0.26136109232902527;0.2012510746717453,-0.12815256416797638,0.02216700091958046,-0.04565482959151268
;-85.3564682006836;-0.000006090286206017481,5.6354418909165815e-9,-0.0037369579076766968,-0.00005958926340099424;1.143689032367945e-10,0.2155788689851761,0.00001219556634168839,-0.2613610625267029;0.2012510746717453,-0.12815256416797638,0.02216700091958046,-0.04565482959151268
;-85.3564682006836;-0.000006090292117733043,5.6354418909165815e-9,-0.0037370482459664345,-0.00005958633482805453;1.143689032367945e-10,0.21557894349098206,0.000012195413546578493,-0.2613610327243805;0.2012510746717453,-0.12815256416797638,0.02216700091958046,-0.04565482586622238
;-85.3564682006836;-0.000006090298484195955,5.6354418909165815e-9,-0.003737138118594885,-0.00005958342080703005;1.143689032367945e-10,0.21557901799678802,0.000012195262570457999,-0.2613610029220581;0.2012510746717453,-0.12815256416797638,0.02216700091958046,-0.04565482214093208
;-85.3564682006836;-0.000006090305305406218,5.6354418909165815e-9,-0.0037372279912233353,-0.00005958050678600557;1.143689032367945e-10,0.215579092502594,0.000012195110684842803,-0.2613609731197357;0.2012510746717453,-0.12815256416797638,0.02216700091958046,-0.04565482214093208
;-85.3564682006836;-0.00000609031121712178,5.6354418909165815e-9,-0.0037373173981904984,-0.00005957760367891751;1.143689032367945e-10,0.21557915210723877,0.00001219496061821701,-0.26136094331741333;0.2012510746717453,-0.12815256416797638,0.02216700091958046,-0.045654818415641785
;-85.3564682006836;-0.000006090317583584692,5.6354418909165815e-9,-0.003737407037988305,-0.00005957470784778707;1.143689032367945e-10,0.21557922661304474,0.000012194810551591218,-0.26136091351509094;0.2012510746717453,-0.12815256416797638,0.02216700091958046,-0.04565481096506119
;-85.35647583007812;-0.000006090288479754236,5.6353886002113995e-9,-0.003737495746463537,-0.00005957183748250827;1.143676681136796e-10,0.21557928621768951,0.000012194545888633002,-0.26136091351509094;0.20124951004981995,-0.12815256416797638,0.02216700091958046,-0.04565481096506119
;-85.35647583007812;-0.000006090294846217148,5.63538771203298e-9,-0.0037375844549387693,-0.00005956896347925067;1.143676681136796e-10,0.21557936072349548,0.000012194399459986016,-0.26136085391044617;0.20124951004981995,-0.12815256416797638,0.02216700091958046,-0.04565480723977089
;-85.35647583007812;-0.000006090301667427411,5.63538682385456e-9,-0.0037376731634140015,-0.000059566078562056646;1.143676681136796e-10,0.21557943522930145,0.000012194250302854925,-0.2613608241081238;0.20124951004981995,-0.12815256416797638,0.02216700091958046,-0.04565480723977089
;-85.35647583007812;-0.000006090308033890324,5.6353859356761404e-9,-0.0037377625703811646,-0.000059563215472735465;1.143676681136796e-10,0.21557952463626862,0.000012194102964713238,-0.2613607943058014;0.20124951004981995,-0.12815256416797638,0.02216700091958046,-0.04565480351448059
;-85.35647583007812;-0.000006090313945605885,5.635385047497721e-9,-0.003737851744517684,-0.00005956035602139309;1.143676681136796e-10,0.2155795693397522,0.000012193956536066253,-0.261360764503479;0.20124951004981995,-0.12815256416797638,0.02216700091958046,-0.04565479978919029
;-85.35647583007812;-0.0000060903207668161485,5.635384159319301e-9,-0.0037379406858235598,-0.000059557500208029523;1.143676681136796e-10,0.21557965874671936,0.000012193810107419267,-0.2613607347011566;0.20124951004981995,-0.12815256416797638,0.02216700091958046,-0.04565479978919029
;-85.35647583007812;-0.00000609032667853171,5.635383715230091e-9,-0.003738029394298792,-0.00005955465530860238;1.143676681136796e-10,0.21557970345020294,0.000012193664588266984,-0.26136070489883423;0.20124951004981995,-0.12815256416797638,0.02216700091958046,-0.045654796063899994
;-85.35647583007812;-0.0000060903330449946225,5.635382382962462e-9,-0.003738118102774024,-0.00005955181404715404;1.143676681136796e-10,0.2155797928571701,0.000012193519978609402,-0.26136067509651184;0.20124951004981995,-0.12815256416797638,0.02216700091958046,-0.0456547886133194
;-85.35647583007812;-0.000006090339411457535,5.635381938873252e-9,-0.0037382070440799,-0.00005954898369964212;1.143676681136796e-10,0.21557985246181488,0.00001219337536895182,-0.26136064529418945;0.20124951004981995,-0.12815256416797638,0.02216700091958046,-0.0456547886133194
;-77.41509246826172;-0.00007386736979242414,3.416237603914851e-8,-0.004143022932112217,-0.00004315885598771274;1.3256258313276703e-9,0.2293906956911087,0.00007178555824793875,-0.24326689541339874;0.7523159384727478,-0.12578456103801727,0.02216700091958046,-0.044494785368442535
;-69.66228485107422;-0.007770221680402756,1.0349491930128352e-7,-0.007202721666544676,-0.00001101501675293548;1.2922844128127053e-8,0.2552441656589508,0.0001830603723647073,-0.20799648761749268;1.5313893556594849,-0.12114646285772324,0.022164514288306236,-0.04222220927476883
;-61.96376037597656;-0.3959626257419586,2.3988982889022736e-7,-0.015330425463616848,0.000021010537238908;7.528262813139008e-8,0.278460294008255,0.00028361173463054,-0.17400142550468445;1.8368138074874878,-0.11659052222967148,0.022164514288306236,-0.039990417659282684
;-53.462135314941406;-6.604755401611328,6.573656037289766e-7,-0.03359922394156456,0.000055118878663051873;3.8886173570062965e-7,0.29946866631507874,0.0003792612114921212,-0.14021305739879608;1.629819393157959,-0.11193478852510452,0.022164514288306236,-0.03770972415804863
;-36.8224983215332;-67.40470886230469,0.0000029394793727988144,-0.0795818492770195,0.0001045126628014259;0.0000030888124911143677,0.3229570686817169,0.0005093609797768295,-0.09698479622602463;1.0041391849517822,-0.1057182028889656,0.022165756672620773,-0.03466443717479706
;24.55311393737793;-395.081787109375,0.0008264460484497249,-0.6774019002914429,0.0002756406320258975;0.0012953038094565272,0.3673824965953827,0.0015429540071636438,0.022803030908107758;0.0841003805398941,-0.08649148046970367,0.022168243303894997,-0.025243742391467094
;39.505069732666016;-31.680601119995117,3.8248491287231445,-3.1243269443511963,0.0005971565842628479;1.5684950351715088,0.3925800621509552,0.10683677345514297,0.2005196064710617;0.0008300036424770951,-0.05593353137373924,0.02217445895075798,-0.010270887985825539
;39.43056869506836;-2.8320021629333496,8.394708633422852,-3.6428375244140625,0.0007119999499991536;1.6990853548049927,0.39341771602630615,0.28736796975135803,0.212951198220253;0.000614408403635025,-0.054007355123758316,0.0221819169819355,-0.009328549727797508
;37.73503112792969;-0.30016520619392395,11.361849784851074,-4.455892562866211,0.0008044210262596607;1.6539697647094727,0.3931143283843994,0.4189439117908478,0.20824839174747467;0.0006879091961309314,-0.05472516268491745,0.02219061739742756,-0.009682025760412216
;35.69205856323242;-0.03623192012310028,13.073869705200195,-5.256911277770996,0.000888526439666748;1.573167085647583,0.39262038469314575,0.49991756677627563,0.20090076327323914;0.0008221545722335577,-0.05586127191781998,0.022200558334589005,-0.010240709409117699
;33.59739685058594;-0.004911849740892649,13.896451950073242,-6.016958713531494,0.0009660865180194378;1.470468282699585,0.39206454157829285,0.5436212420463562,0.19303303956985474;0.000997365452349186,-0.05709606409072876,0.022209253162145615,-0.010847472585737705
;31.594146728515625;-0.0007355962879955769,14.117776870727539,-6.7234344482421875,0.0010383970802649856;1.3527324199676514,0.3914957046508789,0.5621674656867981,0.185384139418602;0.0012060619192197919,-0.05831368267536163,0.022216705605387688,-0.011445555835962296
;29.76342010498047;-0.00011959592666244134,13.952248573303223,-7.363037109375,0.0011070171603932977;1.2283577919006348,0.3909447491168976,0.5645970702171326,0.17833338677883148;0.0014394638128578663,-0.059449613094329834,0.02222415804862976,-0.012003627605736256
;28.146217346191406;-0.000020774923541466706,13.551963806152344,-7.924825668334961,0.0011734452564269304;1.1065263748168945,0.3904325067996979,0.5571293830871582,0.17207054793834686;0.0016866519581526518,-0.060468848794698715,0.022231608629226685,-0.012504528276622295
;26.756263732910156;-0.0000038034995668567717,13.020286560058594,-8.40180778503418,0.0012389767216518521;0.9949103593826294,0.3899720013141632,0.5438475012779236,0.16666312515735626;0.001935776206664741,-0.06135597825050354,0.02223905920982361,-0.012940718792378902
;25.589370727539062;-7.257060588017339e-7,12.424823760986328,-8.788840293884277,0.0013047779211774468;0.898176908493042,0.38956987857818604,0.5273553729057312,0.16210021078586578;0.0021756095811724663,-0.062108226120471954,0.02224775031208992,-0.013311091810464859
;24.627962112426758;-1.4299486394975247e-7,11.808188438415527,-9.066173553466797,0.001371671911329031;0.8178735971450806,0.38922756910324097,0.5092722177505493,0.15832051634788513;0.0023970489855855703,-0.06273102760314941,0.022260161116719246,-0.01361884642392397
;23.84666633605957;-2.8891463443869725e-8,11.195798873901367,-9.236836433410645,0.0014401536900550127;0.7530618906021118,0.38894155621528625,0.4905647337436676,0.15521319210529327;0.002594713354483247,-0.063234344124794,0.0222849752753973,-0.01387069746851921
;23.222126007080078;-5.95197846564588e-9,10.602526664733887,-9.324788093566895,0.0015106265200302005;0.7018571496009827,0.3887070119380951,0.4718133211135864,0.15266858041286469;0.002765703247860074,-0.06362942606210709,0.022329609841108322,-0.014073718339204788
;22.729537963867188;-1.2446704777957507e-9,10.036614418029785,-9.325453758239746,0.0015833483776077628;0.6621124744415283,0.38851824402809143,0.4533611834049225,0.15059444308280945;0.0029092393815517426,-0.06392984837293625,0.02239524945616722,-0.01423478964716196
;22.341333389282227;-2.633473439317413e-10,9.501678466796875,-9.225285530090332,0.0016584183322265744;0.6315000653266907,0.3883679509162903,0.43538638949394226,0.148885577917099;0.00302727147936821,-0.06414900720119476,0.02248675562441349,-0.014361473731696606
;22.02537727355957;-5.6275959586793434e-11,8.99810791015625,-8.995694160461426,0.001735682599246502;0.6075843572616577,0.3882470726966858,0.41795310378074646,0.14741428196430206;0.0031246014405041933,-0.0642997995018959,0.022615082561969757,-0.014462321996688843
;21.740753173828125;-1.2157218808039882e-11,8.523768424987793,-8.580973625183105,0.0018148432718589902;0.587668776512146,0.3881438076496124,0.40103739500045776,0.14601902663707733;0.00320943514816463,-0.0643964484333992,0.02279714122414589,-0.01454772986471653
;21.432817459106445;-2.674307390121422e-12,8.074134826660156,-7.900310516357422,0.0018949515651911497;0.5684661865234375,0.38804203271865845,0.38453346490859985,0.14444288611412048;0.003294791094958782,-0.06444913148880005,0.023076331242918968,-0.014631436206400394
;21.040729522705078;-6.139067661344033e-13,7.642577648162842,-6.941256046295166,0.001974727027118206;0.5460430383682251,0.3879203796386719,0.36827120184898376,0.14227601885795593;0.00339928874745965,-0.06445685029029846,0.023544281721115112,-0.014731044881045818
;20.543378829956055;-1.577020848977928e-13,7.222919940948486,-5.974188804626465,0.002052595606073737;0.5175659656524658,0.38776081800460815,0.35212528705596924,0.13906718790531158;0.003540334291756153,-0.06440354138612747,0.024320967495441437,-0.014860795810818672
;19.993350982666016;-5.247747562561224e-14,6.814754009246826,-5.336429595947266,0.0021285044495016336;0.4848170280456543,0.38756927847862244,0.33621641993522644,0.1348160058259964;0.0037157046608626842,-0.06428541243076324,0.025409536436200142,-0.01501517929136753
;19.449182510375977;-2.567619782154612e-14,6.422242641448975,-4.978677272796631,0.002203697571530938;0.4521692097187042,0.38736793398857117,0.32081156969070435,0.12991604208946228;0.0039069256745278835,-0.06411538273096085,0.026703165844082832,-0.01517552137374878
;18.943140029907227;-1.706386158133004e-14,6.048854351043701,-4.772961139678955,0.0022792664822191;0.4223523437976837,0.38717350363731384,0.3060925304889679,0.1247202455997467;0.004098494537174702,-0.06391076743602753,0.028097903355956078,-0.015328563749790192
;18.487581253051758;-1.3014382560722678e-14,5.696352005004883,-4.6363911628723145,0.002355769742280245;0.39631468057632446,0.38699397444725037,0.2921401560306549,0.11943835765123367;0.0042813909240067005,-0.06368422508239746,0.029528077691793442,-0.01546823512762785
;18.08453369140625;-1.0349978591729127e-14,5.365237712860107,-4.5275444984436035,0.0024336257483810186;0.3740639090538025,0.3868323266506195,0.2789730131626129,0.11418067663908005;0.004451182670891285,-0.06344398856163025,0.03095662035048008,-0.0155927250161767
;17.73147201538086;-8.290568752344907e-15,5.055248737335205,-4.428064823150635,0.0025131169240921736;0.3552374541759491,0.3866886496543884,0.2665773034095764,0.10899856686592102;0.004606056027114391,-0.06319499015808105,0.032364655286073685,-0.015702253207564354
;17.4241886138916;-6.6186341346821664e-15,4.765688896179199,-4.330758094787598,0.0025942532811313868;0.3393775522708893,0.38656216859817505,0.2549247145652771,0.1039123460650444;0.004745591431856155,-0.06294013559818268,0.03374331444501877,-0.015797866508364677
;17.15811538696289;-5.2511710156241415e-15,4.495621681213379,-4.233439922332764,0.0026771510019898415;0.3260432779788971,0.38645145297050476,0.24397988617420197,0.09893075376749039;0.004870083648711443,-0.06268169730901718,0.035087645053863525,-0.015880869701504707
;16.92888069152832;-4.138511077209734e-15,4.243991374969482,-4.1360087394714355,0.0027617961168289185;0.3148479163646698,0.38635504245758057,0.233705535531044,0.09405068308115005;0.004980212543159723,-0.06242072209715843,0.03639702871441841,-0.015952564775943756
;16.732507705688477;-3.2406705526802793e-15,4.009698867797852,-4.039090156555176,0.0028482209891080856;0.30546605587005615,0.38627177476882935,0.22406408190727234,0.08927224576473236;0.005076792556792498,-0.06215856596827507,0.037670113146305084,-0.01601416803896427
;16.565458297729492;-2.5224126596717607e-15,3.7916417121887207,-3.9434893131256104,0.002936450531706214;0.29762789607048035,0.3862001895904541,0.21501897275447845,0.08459043502807617;0.00516071543097496,-0.06189591810107231,0.038907505571842194,-0.016066771000623703
;16.424617767333984;-1.952488658694073e-15,3.5887415409088135,-3.8499104976654053,0.0030264966189861298;0.29111167788505554,0.38613906502723694,0.20653511583805084,0.08000128716230392;0.005232882220298052,-0.0616333968937397,0.04010985046625137,-0.016111334785819054
;16.3072452545166;-1.5036320297795078e-15,3.399961471557617,-3.758928060531616,0.0031183420214802027;0.2857342064380646,0.386087566614151,0.19857889413833618,0.07549872994422913;0.0052941651083528996,-0.0613713301718235,0.04127860814332962,-0.016148710623383522
;16.2109317779541;-1.152534967318469e-15,3.224313974380493,-3.6709372997283936,0.003212014213204384;0.2813445031642914,0.3860446810722351,0.1911187767982483,0.07107729464769363;0.005345406010746956,-0.061109982430934906,0.042415179312229156,-0.016179637983441353
;16.133544921875;-8.796064462739117e-16,3.0608627796173096,-3.5862033367156982,0.0033075925894081593;0.2778165638446808,0.38600942492485046,0.18412473797798157,0.06674063950777054;0.005387412384152412,-0.06085026636719704,0.04351853206753731,-0.016204778105020523
;16.073196411132812;-6.686528907602282e-16,2.9087300300598145,-3.5048623085021973,0.003405021969228983;0.27504512667655945,0.3859814405441284,0.17756865918636322,0.06247885152697563;0.005420939531177282,-0.060591891407966614,0.04459161311388016,-0.016224712133407593
;16.02820587158203;-5.0645624575639675e-16,2.767089605331421,-3.426973342895508,0.0035043652169406414;0.27294161915779114,0.385959655046463,0.17142388224601746,0.05828790366649628;0.005446713417768478,-0.06033504754304886,0.045635659247636795,-0.0162399522960186
;15.997069358825684;-3.823527899729593e-16,2.635171890258789,-3.3525240421295166,0.003605604637414217;0.2714308798313141,0.3859437108039856,0.1656656414270401,0.05416693165898323;0.005465392023324966,-0.06008007749915123,0.046651098877191544,-0.016250964254140854
;15.978434562683105;-2.87823674831363e-16,2.5122570991516113,-3.2814297676086426,0.003708725795149803;0.2704484760761261,0.38593289256095886,0.16027040779590607,0.05011256784200668;0.00547761982306838,-0.059827081859111786,0.04763910174369812,-0.016258159652352333
;15.971089363098145;-2.1612262701386207e-16,2.397674560546875,-3.213608980178833,0.003813680959865451;0.2699391841888428,0.3859268128871918,0.15521608293056488,0.04612165689468384;0.005483989603817463,-0.05957619100809097,0.048600755631923676,-0.016261911019682884
;15.973933219909668;-1.619490996249964e-16,2.2908010482788086,-3.1489217281341553,0.003920567221939564;0.26985523104667664,0.3859249949455261,0.15048210322856903,0.0421912707388401;0.005485043860971928,-0.05932748690247536,0.04953710362315178,-0.01626255176961422
;15.98597240447998;-1.2116822192340527e-16,2.1910560131073,-3.087230682373047,0.0040293410420417786;0.2701547145843506,0.3859269618988037,0.14604900777339935,0.03832141309976578;0.005481299944221973,-0.05908122658729553,0.050448473542928696,-0.016260381788015366
;16.006303787231445;-9.057244557395918e-17,2.097900629043579,-3.0283899307250977,0.0041400715708732605;0.2708011269569397,0.3859325051307678,0.14189863204956055,0.03450952470302582;0.005473241209983826,-0.058837469667196274,0.05133584514260292,-0.016255680471658707
;16.034107208251953;-6.769016814123948e-17,2.010834217071533,-2.972249746322632,0.004252722952514887;0.2717621624469757,0.3859410583972931,0.13801388442516327,0.03075016848742962;0.005461306311190128,-0.058596111834049225,0.05220077931880951,-0.01624869555234909
;16.06863784790039;-5.062587547307885e-17,1.9293917417526245,-2.9186651706695557,0.0043673268519341946;0.27300921082496643,0.3859524726867676,0.13437870144844055,0.027046645060181618;0.005445912480354309,-0.05835751071572304,0.05304289236664772,-0.016239656135439873
;16.109216690063477;-3.7933189328869115e-17,1.8531428575515747,-2.8674733638763428,0.004483875818550587;0.2745169401168823,0.38596639037132263,0.13097812235355377,0.02339097671210766;0.005427423398941755,-0.05812140926718712,0.0538642518222332,-0.01622876524925232
;16.155223846435547;-2.851358738536026e-17,1.781687617301941,-2.818549156188965,0.00460231676697731;0.276262491941452,0.38598257303237915,0.12779803574085236,0.019786711782217026;0.005406200885772705,-0.05788814276456833,0.05466446280479431,-0.016216211020946503
;16.206098556518555;-2.1536401636536724e-17,1.7146557569503784,-2.7717514038085938,0.004722739104181528;0.2782254219055176,0.38600069284439087,0.12482516467571259,0.016231684014201164;0.005382558796554804,-0.057657722383737564,0.05544431507587433,-0.01620216853916645
;16.26132583618164;-1.6375911308032778e-17,1.6517045497894287,-2.7269511222839355,0.004845042247325182;0.2803874611854553,0.3860206604003906,0.12204718589782715,0.012723986059427261;0.0053567844443023205,-0.05743015930056572,0.05620456859469414,-0.0161867905408144
;16.3204402923584;-1.2562717872004177e-17,1.5925161838531494,-2.6840243339538574,0.0049693589098751545;0.282731831073761,0.38604235649108887,0.11945240199565887,0.009261840023100376;0.005329156760126352,-0.05720546096563339,0.05694594606757164,-0.016170214861631393
;16.38301658630371;-9.745807235514045e-18,1.5367974042892456,-2.6428656578063965,0.005095655098557472;0.2852436304092407,0.3860653340816498,0.11702990531921387,0.00584331713616848;0.005299909971654415,-0.05698363110423088,0.05766914039850235,-0.016152577474713326
;16.44866943359375;-7.663741521339483e-18,1.4842764139175415,-2.6033565998077393,0.00522387120872736;0.2879091501235962,0.38608959317207336,0.11476945877075195,0.0024667808320373297;0.005269258748739958,-0.05676465481519699,0.058374784886837006,-0.0161339920014143
;16.517047882080078;-6.12236448251174e-18,1.4347026348114014,-2.565413475036621,0.0053540547378361225;0.29071587324142456,0.3861149847507477,0.11266140639781952,-0.0008666370413266122;0.005237417761236429,-0.056548669934272766,0.05906301364302635,-0.01611456647515297
;16.587833404541016;-4.977997328172191e-18,1.3878448009490967,-2.528928518295288,0.00548638915643096;0.29365262389183044,0.3861413300037384,0.11069676280021667,-0.00415841257199645;0.005204563494771719,-0.05633563548326492,0.059734441339969635,-0.016094401478767395
;16.66073989868164;-4.124550422448154e-18,1.343489646911621,-2.4938251972198486,0.005620661657303572;0.2967090606689453,0.38616853952407837,0.10886701941490173,-0.007407213095575571;0.005170851945877075,-0.056125663220882416,0.06038917973637581,-0.016073577105998993
;16.73550796508789;-3.484012361769754e-18,1.3014402389526367,-2.460019826889038,0.005756901111453772;0.29987582564353943,0.38619646430015564,0.10716423392295837,-0.010619965381920338;0.005136431660503149,-0.05591846629977226,0.061028771102428436,-0.01605217717587948
;16.811901092529297;-2.99911122847535e-18,1.261515498161316,-2.4274392127990723,0.0058951531536877155;0.3031444251537323,0.3862249553203583,0.10558092594146729,-0.013792399317026138;0.005101438611745834,-0.05571426451206207,0.06165280193090439,-0.016030272468924522
;16.889707565307617;-2.62793771003479e-18,1.2235491275787354,-2.3960139751434326,0.006035384256392717;0.3065069317817688,0.38625407218933105,0.10411005467176437,-0.01692560687661171;0.005065977573394775,-0.05551302433013916,0.062261808663606644,-0.0160079263150692
;16.96873664855957;-2.3398995654685653e-18,1.1873879432678223,-2.365680694580078,0.006177674513310194;0.3099563419818878,0.38628363609313965,0.10274500399827957,-0.020020823925733566;0.005030171014368534,-0.05531468614935875,0.06285632401704788,-0.01598520018160343
;17.048816680908203;-2.112707999581129e-18,1.1528915166854858,-2.336378574371338,0.006322015542536974;0.31348612904548645,0.38631364703178406,0.10147960484027863,-0.023079168051481247;0.0049940976314246655,-0.05511920899152756,0.06343682110309601,-0.0159621424973011
;17.12979507446289;-1.930172192652674e-18,1.1199313402175903,-2.3080556392669678,0.006468378007411957;0.31709036231040955,0.3863438665866852,0.10030798614025116,-0.02609880454838276;0.004957843106240034,-0.054926659911870956,0.0640033483505249,-0.015938805416226387
;17.211530685424805;-1.780549281912245e-18,1.0883893966674805,-2.2806568145751953,0.006616788916289806;0.32076358795166016,0.38637447357177734,0.09922467172145844,-0.029083503410220146;0.004921476822346449,-0.05473688617348671,0.06455681473016739,-0.015915226191282272
;17.293901443481445;-1.6553319215548863e-18,1.0581576824188232,-2.254136800765991,0.006767229177057743;0.3245008885860443,0.38640519976615906,0.0982244610786438,-0.03203406557440758;0.004885070491582155,-0.054549820721149445,0.06509764492511749,-0.01589144952595234
;17.376794815063477;-1.5483690931480777e-18,1.0291372537612915,-2.228449821472168,0.0069197253324091434;0.3282977342605591,0.3864361047744751,0.09730255603790283,-0.03494592756032944;0.004848680924624205,-0.05436563491821289,0.06562542170286179,-0.015867499634623528
;17.460115432739258;-1.455216768850878e-18,1.0012385845184326,-2.2035584449768066,0.007074309047311544;0.33215010166168213,0.3864671587944031,0.09645439684391022,-0.037822552025318146;0.0048123435117304325,-0.054184168577194214,0.06614100188016891,-0.01584341749548912
;17.54376983642578;-1.3726603180077527e-18,0.9743790626525879,-2.1794192790985107,0.007230971474200487;0.3360540270805359,0.3864983320236206,0.09567563235759735,-0.04066465049982071;0.004776116460561752,-0.054005350917577744,0.06664475798606873,-0.01581922359764576
;17.627683639526367;-1.2983774310489595e-18,0.948483943939209,-2.1560018062591553,0.0073897456750273705;0.3400062620639801,0.3865295350551605,0.09496225416660309,-0.0434647835791111;0.0047400291077792645,-0.053829438984394073,0.06713593006134033,-0.015794942155480385
;17.71178436279297;-1.2306826240788448e-18,0.9234849810600281,-2.133270025253296,0.0075505380518734455;0.3440035879611969,0.38656085729599,0.09431043267250061,-0.046234380453825;0.004704117774963379,-0.05365597456693649,0.06761645525693893,-0.015770595520734787
;17.796010971069336;-1.1683530139593256e-18,0.8993201851844788,-2.1111927032470703,0.007713457103818655;0.34804317355155945,0.3865920901298523,0.0937165692448616,-0.048967380076646805;0.004668408073484898,-0.05348513647913933,0.06808572262525558,-0.015746206045150757
;17.880308151245117;-1.1104879044009083e-18,0.8759332299232483,-2.08974552154541,0.007878506556153297;0.35212233662605286,0.3866233229637146,0.09317731112241745,-0.05166160315275192;0.004632921423763037,-0.05331696942448616,0.06854371726512909,-0.01572178490459919
;17.964664459228516;-1.056421311612911e-18,0.8532729744911194,-2.069305658340454,0.00804566778242588;0.35623863339424133,0.3866545259952545,0.09268946945667267,-0.05432041734457016;0.004597686231136322,-0.053151316940784454,0.06899118423461914,-0.015697354450821877
;18.049150466918945;-1.0056363511100647e-18,0.8312941789627075,-2.0497806072235107,0.008215053007006645;0.36039572954177856,0.3866857588291168,0.09225010871887207,-0.05694197863340378;0.004562668036669493,-0.052988093346357346,0.06942824274301529,-0.015672890469431877
;18.13370704650879;-9.577360795959206e-19,0.8099559545516968,-2.030728816986084,0.008386545814573765;0.36459285020828247,0.38671693205833435,0.09185641258955002,-0.0595252700150013;0.004527871962636709,-0.05282727628946304,0.06985507905483246,-0.01564839482307434
;18.21828269958496;-9.124279853263645e-19,0.7892206907272339,-2.0121376514434814,0.00856025144457817;0.3688274621963501,0.3867481052875519,0.09150566905736923,-0.06206953153014183;0.004493318498134613,-0.05266886577010155,0.070271797478199,-0.015623888000845909
;18.302831649780273;-8.694906940899619e-19,0.76905357837677,-1.9939981698989868,0.008736079558730125;0.3730970323085785,0.38677912950515747,0.09119533747434616,-0.06457406282424927;0.0044590262696146965,-0.052512843161821365,0.07067856937646866,-0.015599382109940052
;18.387313842773438;-8.287446042962123e-19,0.7494235634803772,-1.976298451423645,0.008914046920835972;0.37739938497543335,0.3868100941181183,0.09092303365468979,-0.06704196333885193;0.004425012040883303,-0.05235908553004265,0.07107602804899216,-0.01557488925755024
;18.47169303894043;-7.900419091094101e-19,0.7303023338317871,-1.9590280055999756,0.009094172157347202;0.3817325532436371,0.38684096932411194,0.09068652242422104,-0.06947111338376999;0.004391289781779051,-0.05220762640237808,0.07146412134170532,-0.015550422482192516
;18.555936813354492;-7.532588416304021e-19,0.7116640210151672,-1.942177414894104,0.00927663128823042;0.3860946297645569,0.386871874332428,0.09048362076282501,-0.07186055928468704;0.004357870202511549,-0.05205846205353737,0.0718429759144783,-0.015525988303124905
;18.640016555786133;-7.182861106207546e-19,0.6934854388237,-1.925737977027893,0.009461265057325363;0.3904837369918823,0.3869026005268097,0.0903124064207077,-0.07420960068702698;0.004324756097048521,-0.05191158130764961,0.07221269607543945,-0.0155015978962183
;18.723907470703125;-6.850276080330468e-19,0.6757452487945557,-1.9096992015838623,0.009648130275309086;0.39489829540252686,0.38693320751190186,0.09017093479633331,-0.07651863247156143;0.004291960038244724,-0.05176693573594093,0.07257355004549026,-0.015477258712053299
;18.807584762573242;-6.533942051562759e-19,0.6584243178367615,-1.8940528631210327,0.009837256744503975;0.39933663606643677,0.3869636356830597,0.09005745500326157,-0.07878817617893219;0.004259487614035606,-0.051624491810798645,0.07292581349611282,-0.015452977269887924
;18.89103126525879;-6.233054586758712e-19,0.6415053009986877,-1.878791332244873,0.01002858392894268;0.4037975072860718,0.38699406385421753,0.08997028321027756,-0.08101596683263779;0.004227345809340477,-0.05148426443338394,0.07326942682266235,-0.015428760088980198
;18.974225997924805;-5.946825796384871e-19,0.6249724626541138,-1.8639048337936401,0.010222168639302254;0.40827932953834534,0.3870242238044739,0.08990783989429474,-0.08320107311010361;0.0041955322958528996,-0.05134625360369682,0.07360448688268661,-0.015404614619910717
;19.057153701782227;-5.674559814750925e-19,0.6088113784790039,-1.8493883609771729,0.010418162681162357;0.4127809703350067,0.38705429434776306,0.08986862003803253,-0.08534401655197144;0.004164055921137333,-0.051210418343544006,0.0739312395453453,-0.01538054458796978
;19.139799118041992;-5.415561293154446e-19,0.5930091738700867,-1.8352357149124146,0.01061631366610527;0.4173009991645813,0.38708412647247314,0.08985123783349991,-0.08744508773088455;0.004132913891226053,-0.05107671022415161,0.07424993067979813,-0.015356551855802536
;19.222150802612305;-5.169179343850933e-19,0.5775541663169861,-1.821437954902649,0.01081674825400114;0.4218384325504303,0.38711389899253845,0.08985438197851181,-0.08950205892324448;0.004102107137441635,-0.05094515532255173,0.0745604857802391,-0.015332644805312157
;19.304195404052734;-4.934799785235564e-19,0.5624354481697083,-1.807990312576294,0.011019502766430378;0.4263920485973358,0.38714346289634705,0.08987677842378616,-0.0915154293179512;0.004071640782058239,-0.050815705209970474,0.07486313581466675,-0.015308823436498642
;19.385921478271484;-4.711846692806849e-19,0.5476433634757996,-1.7948881387710571,0.011224512942135334;0.4309607148170471,0.3871728181838989,0.08991725742816925,-0.0934828445315361;0.004041510634124279,-0.05068841204047203,0.07515782117843628,-0.01528509333729744
;19.46731948852539;-4.499744142063299e-19,0.5331692099571228,-1.7821272611618042,0.011431761085987091;0.4355434775352478,0.38720202445983887,0.08997470140457153,-0.09540481865406036;0.004011718090623617,-0.05056321620941162,0.07544475048780441,-0.015261458232998848
;19.548381805419922;-4.2979648053644104e-19,0.5190045237541199,-1.769701600074768,0.011641481891274452;0.4401390552520752,0.3872310519218445,0.09004808962345123,-0.09728030860424042;0.00398226547986269,-0.050440117716789246,0.07572400569915771,-0.015237917192280293
;19.629100799560547;-4.105983681515154e-19,0.5051421523094177,-1.7576093673706055,0.01185348629951477;0.4447469115257263,0.38725998997688293,0.09013642370700836,-0.09910838305950165;0.003953148610889912,-0.05031910911202431,0.07599565386772156,-0.015214474871754646
;19.709470748901367;-3.9233184208208345e-19,0.49157512187957764,-1.7458456754684448,0.012067770585417747;0.4493659436702728,0.38728874921798706,0.09023874253034592,-0.10088818520307541;0.003924360033124685,-0.050200190395116806,0.07625976204872131,-0.015191133134067059
;19.78948402404785;-3.749506060632364e-19,0.47829708456993103,-1.734408974647522,0.01228456199169159;0.4539950489997864,0.3873172998428345,0.09035420417785645,-0.10262005776166916;0.003895909758284688,-0.05008331313729286,0.0765165314078331,-0.015167893841862679
;19.869136810302734;-3.584095270528018e-19,0.46530231833457947,-1.723297119140625,0.01250366773456335;0.4586337208747864,0.38734570145606995,0.0904819592833519,-0.10430052131414413;0.0038677863776683807,-0.04996855929493904,0.0767657458782196,-0.015144756063818932
;19.94842529296875;-3.4266680658045155e-19,0.4525853097438812,-1.7125095129013062,0.012725143693387508;0.46328115463256836,0.3873738944530487,0.09062124043703079,-0.10593119263648987;0.0038399866316467524,-0.04985583946108818,0.0770077332854271,-0.01512172445654869
;20.027345657348633;-3.2768230053708275e-19,0.440140962600708,-1.7020446062088013,0.01294903177767992;0.46793630719184875,0.38740187883377075,0.09077126532793045,-0.1075085774064064;0.0038125156424939632,-0.04974522441625595,0.07724228501319885,-0.015098800882697105
;20.10589599609375;-3.134168987893581e-19,0.4279646575450897,-1.6919018030166626,0.013175243511795998;0.472598671913147,0.38742977380752563,0.09093138575553894,-0.10903310775756836;0.0037853627000004053,-0.049636680632829666,0.0774695947766304,-0.015075982548296452
;20.1840763092041;-2.998344897336608e-19,0.41605186462402344,-1.6820828914642334,0.013403946533799171;0.4772675037384033,0.3874574303627014,0.09110091626644135,-0.11050374060869217;0.0037585252430289984,-0.04953020066022873,0.07768970727920532,-0.015053272247314453
;20.261886596679688;-2.8690033178426367e-19,0.4043983221054077,-1.6725891828536987,0.013635086826980114;0.48194241523742676,0.3874848783016205,0.09127925336360931,-0.11191832274198532;0.0037320032715797424,-0.049425818026065826,0.07790253311395645,-0.015030669048428535
;20.33932876586914;-2.7458162206000013e-19,0.3930000364780426,-1.663422703742981,0.013868586160242558;0.48662272095680237,0.3875121474266052,0.0914657935500145,-0.1132759377360344;0.003705793060362339,-0.04932352155447006,0.07810813188552856,-0.015008173882961273
;20.416404724121094;-2.628464624084986e-19,0.38185325264930725,-1.6545859575271606,0.014104518108069897;0.4913080930709839,0.3875392973423004,0.09165999293327332,-0.11457423120737076;0.0036798843648284674,-0.04922335222363472,0.0783064141869545,-0.014985784888267517
;20.49311637878418;-2.516648158337658e-19,0.37095409631729126,-1.6460827589035034,0.014342929236590862;0.4959980547428131,0.3875662386417389,0.09186132997274399,-0.11581244319677353;0.0036542764864861965,-0.049125298857688904,0.07849743217229843,-0.014963501133024693
;20.56947135925293;-2.410086098937631e-19,0.36029917001724243,-1.6379181146621704,0.014583797194063663;0.5006924271583557,0.38759300112724304,0.09206931293010712,-0.11698956787586212;0.0036289626732468605,-0.049029361456632614,0.07868120819330215,-0.014941321685910225
;20.645475387573242;-2.3085090951979436e-19,0.34988489747047424,-1.6300960779190063,0.014827249571681023;0.5053910613059998,0.38761961460113525,0.0922834649682045,-0.11810200661420822;0.003603938966989517,-0.04893559589982033,0.07885754853487015,-0.01491924561560154
;20.72113609313965;-2.211653483298344e-19,0.3397079110145569,-1.622623085975647,0.015073110349476337;0.510093629360199,0.38764604926109314,0.09250335395336151,-0.11915025860071182;0.003579197684302926,-0.04884396865963936,0.07902660965919495,-0.014897271990776062
;20.796464920043945;-2.1192818365536352e-19,0.3297650218009949,-1.6155060529708862,0.015321467071771622;0.5148004293441772,0.3876722753047943,0.09272856265306473,-0.12013188749551773;0.003554734867066145,-0.04875451698899269,0.0791882872581482,-0.01487539429217577
;20.87147331237793;-2.0311589254771227e-19,0.320052832365036,-1.6087515354156494,0.015572363510727882;0.5195117592811584,0.38769832253456116,0.09295869618654251,-0.12104352563619614;0.0035305414348840714,-0.04866728559136391,0.07934238016605377,-0.01485360972583294
;20.94617462158203;-1.947059601845827e-19,0.31056833267211914,-1.6023666858673096,0.015825776383280754;0.5242275595664978,0.38772428035736084,0.09319339692592621,-0.12188159674406052;0.003506610868498683,-0.04858233779668808,0.07948867976665497,-0.01483191829174757
;21.02058219909668;-1.8667796554460243e-19,0.30130815505981445,-1.5963597297668457,0.016081754118204117;0.5289484262466431,0.3877500891685486,0.09343229979276657,-0.12264769524335861;0.003482932923361659,-0.04849961772561073,0.07962744683027267,-0.01481031533330679
;21.094715118408203;-1.7901175902503754e-19,0.29226940870285034,-1.5907354354858398,0.016340289264917374;0.5336747765541077,0.3877757787704468,0.09367508441209793,-0.12333828210830688;0.003459505271166563,-0.04841915890574455,0.07975846529006958,-0.014788792468607426
;21.168588638305664;-1.7168852226695245e-19,0.2834487855434418,-1.5855013132095337,0.01660139672458172;0.5384073257446289,0.38780128955841064,0.09392141550779343,-0.1239498108625412;0.003436317201703787,-0.048341043293476105,0.07988150417804718,-0.01476734783500433
;21.242223739624023;-1.6468979880292957e-19,0.2748432755470276,-1.5806607007980347,0.01686510257422924;0.5431467890739441,0.3878265917301178,0.09417100995779037,-0.12448260933160782;0.0034133559092879295,-0.04826522246003151,0.07999670505523682,-0.014745974913239479
;21.31563949584961;-1.5799939398753875e-19,0.2664496600627899,-1.5762147903442383,0.01713140495121479;0.5478940606117249,0.3878519535064697,0.0944235771894455,-0.12493306398391724;0.003390620229765773,-0.048191752284765244,0.08010382950305939,-0.014724668115377426
;21.388856887817383;-1.5160089345549966e-19,0.2582649290561676,-1.572162389755249,0.017400341108441353;0.5526499152183533,0.38787713646888733,0.0946788340806961,-0.12529884278774261;0.0033680968917906284,-0.048120662569999695,0.08020277321338654,-0.014703421853482723
;21.461891174316406;-1.4547952427805998e-19,0.25028592348098755,-1.568495273590088,0.017671985551714897;0.5574153661727905,0.3879022002220154,0.09493651241064072,-0.12557917833328247;0.0033457791432738304,-0.04805196076631546,0.08029352873563766,-0.014682229608297348
;21.534761428833008;-1.396212243848063e-19,0.24250945448875427,-1.565199613571167,0.017946312204003334;0.5621908903121948,0.38792723417282104,0.09519637376070023,-0.12577421963214874;0.003323661396279931,-0.04798559471964836,0.08037617802619934,-0.014661088585853577
;21.607479095458984;-1.3401262963896706e-19,0.2349323332309723,-1.5622543096542358,0.018223116174340248;0.5669773817062378,0.38795211911201477,0.09545817971229553,-0.125880628824234;0.0033017343375831842,-0.04792165383696556,0.08045049756765366,-0.014639993198215961
;21.680051803588867;-1.286412806325657e-19,0.22755132615566254,-1.559629201889038,0.01850268617272377;0.5717750191688538,0.3879769444465637,0.09572171419858932,-0.12589864432811737;0.0032799935434013605,-0.047860097140073776,0.08051656186580658,-0.014618939720094204
;21.752479553222656;-1.2349632062006243e-19,0.22036315500736237,-1.5572850704193115,0.018784871324896812;0.5765836834907532,0.3880016505718231,0.09598670899868011,-0.1258288025856018;0.0032584366854280233,-0.04780091717839241,0.08057443052530289,-0.014597928151488304
;21.824756622314453;-1.1856764248834764e-19,0.21336445212364197,-1.5551725625991821,0.01907004602253437;0.5814029574394226,0.38802629709243774,0.09625297039747238,-0.12567396461963654;0.0032370667904615402,-0.047744035720825195,0.08062441647052765,-0.014576960355043411
;21.896865844726562;-1.1384551394052676e-19,0.2065519094467163,-1.5532337427139282,0.019357755780220032;0.5862317085266113,0.38805094361305237,0.09652028232812881,-0.12543344497680664;0.0032158775720745325,-0.04768947511911392,0.0806664451956749,-0.0145560372620821
;21.96877670288086;-1.0932171486926253e-19,0.1999220848083496,-1.5514057874679565,0.019648097455501556;0.5910679697990417,0.3880753517150879,0.0967884361743927,-0.1251140832901001;0.003194879973307252,-0.047637082636356354,0.08070112019777298,-0.014535166323184967
;22.040454864501953;-1.0498863262798007e-19,0.19347144663333893,-1.5496225357055664,0.019941337406635284;0.595909059047699,0.3880995810031891,0.09705721586942673,-0.12471897900104523;0.0031740779522806406,-0.04758680611848831,0.08072871714830399,-0.014514358714222908
;22.111845016479492;-1.008396433094304e-19,0.1871965378522873,-1.5478194952011108,0.020237229764461517;0.6007516384124756,0.38812384009361267,0.09732644259929657,-0.12425283342599869;0.003153484081849456,-0.04753858223557472,0.08074958622455597,-0.014493627473711967
;22.182891845703125;-9.68687821659152e-20,0.18109378218650818,-1.5459383726119995,0.020535869523882866;0.6055914759635925,0.38814777135849,0.0975959300994873,-0.1237211674451828;0.0031331125646829605,-0.04749230295419693,0.08076419681310654,-0.01447298750281334
;22.25352668762207;-9.307060143761897e-20,0.17515957355499268,-1.5439311265945435,0.020837243646383286;0.6104238629341125,0.38817164301872253,0.09786548465490341,-0.12313111126422882;0.003112977836281061,-0.047447845339775085,0.08077310770750046,-0.01445245835930109
;22.323678970336914;-8.943982138578817e-20,0.16939036548137665,-1.5417624711990356,0.02114132046699524;0.6152433753013611,0.3881951570510864,0.09813494980335236,-0.12248975038528442;0.0030930968932807446,-0.04740510135889053,0.08077690005302429,-0.014432056806981564
;22.393274307250977;-8.59714660020504e-20,0.16378261148929596,-1.5394093990325928,0.02144813910126686;0.6200445294380188,0.38821864128112793,0.09840422868728638,-0.12180408835411072;0.0030734864994883537,-0.047363948076963425,0.08077611774206161,-0.01441180519759655
;22.462242126464844;-8.26608759331115e-20,0.1583327353000641,-1.536863923072815,0.021757740527391434;0.624821662902832,0.3882417678833008,0.09867315739393234,-0.12107987701892853;0.0030541643500328064,-0.04732431098818779,0.08077121526002884,-0.014391726814210415
;22.53050994873047;-7.950322380461543e-20,0.15303725004196167,-1.5341291427612305,0.022069966420531273;0.6295691132545471,0.3882647454738617,0.09894165396690369,-0.12032534182071686;0.003035144414752722,-0.04728603735566139,0.08076286315917969,-0.014371841214597225
;22.59801483154297;-7.649379210213119e-20,0.14789272844791412,-1.5312185287475586,0.022384876385331154;0.6342815160751343,0.3882873058319092,0.09920962899923325,-0.11954600363969803;0.0030164443887770176,-0.047249048948287964,0.08075147867202759,-0.014352167956531048
;22.664701461791992;-7.362739802213328e-20,0.14289583265781403,-1.5281507968902588,0.022702481597661972;0.6389538049697876,0.3883097171783447,0.09947700053453445,-0.1187463328242302;0.0029980733525007963,-0.04721328616142273,0.08073742687702179,-0.014332722872495651
;22.730514526367188;-7.089898154571833e-20,0.13804323971271515,-1.5249502658843994,0.023022769019007683;0.643581748008728,0.38833165168762207,0.09974376857280731,-0.11793051660060883;0.002980040619149804,-0.04717867821455002,0.08072101324796677,-0.014313524588942528
;22.795412063598633;-6.830336633170936e-20,0.13333173096179962,-1.5216412544250488,0.02334580570459366;0.6481609344482422,0.3883533477783203,0.10000985860824585,-0.11710631847381592;0.0029623571317642927,-0.04714507982134819,0.08070291578769684,-0.014294587075710297
;22.859355926513672;-6.583484612634945e-20,0.12875816226005554,-1.5182501077651978,0.02367141656577587;0.6526877284049988,0.3883746266365051,0.10027527809143066,-0.11627417057752609;0.0029450315050780773,-0.04711250960826874,0.08068311959505081,-0.01427591871470213
;22.922319412231445;-6.348817996497626e-20,0.12431949377059937,-1.5148006677627563,0.023999705910682678;0.6571592092514038,0.3883956968784332,0.10054002702236176,-0.1154380813241005;0.002928060945123434,-0.04708090052008629,0.08066196739673615,-0.014257531613111496
;22.984275817871094;-6.125788777603162e-20,0.12001271545886993,-1.5113146305084229,0.024330539628863335;0.6615726351737976,0.38841620087623596,0.10080410540103912,-0.11460190266370773;0.002911452203989029,-0.04705015942454338,0.0806397795677185,-0.014239433221518993
;23.045209884643555;-5.913848302560884e-20,0.11583487689495087,-1.5078116655349731,0.024663902819156647;0.6659258604049683,0.3884364366531372,0.10106755048036575,-0.11376697570085526;0.0028952043503522873,-0.047020282596349716,0.08061667531728745,-0.014221630059182644
;23.105106353759766;-5.712453734093803e-20,0.11178313940763474,-1.5043092966079712,0.024999937042593956;0.6702170968055725,0.3884562849998474,0.10133035480976105,-0.11293354630470276;0.0028793152887374163,-0.046991270035505295,0.08059263974428177,-0.014204124920070171
;23.163955688476562;-5.521095192902464e-20,0.10785471647977829,-1.5008208751678467,0.025338727980852127;0.6744444370269775,0.3884757459163666,0.10159257054328918,-0.11210522055625916;0.002863782923668623,-0.04696304351091385,0.08056802302598953,-0.0141869205981493
;23.221752166748047;-5.339245674463789e-20,0.1040467619895935,-1.4973595142364502,0.025680067017674446;0.6786069869995117,0.3884948492050171,0.10185420513153076,-0.1112821027636528;0.0028486093506217003,-0.04693559929728508,0.08054280281066895,-0.014170022681355476
;23.27849578857422;-5.166419210167905e-20,0.10035663843154907,-1.4939343929290771,0.02602383680641651;0.6827037334442139,0.3885135352611542,0.10211530327796936,-0.11046654731035233;0.0028337847907096148,-0.04690887778997421,0.0805172324180603,-0.014153431169688702
;23.334184646606445;-5.0021446948065686e-20,0.09678161889314651,-1.4905529022216797,0.026370244100689888;0.6867340207099915,0.3885318636894226,0.10237589478492737,-0.1096573993563652;0.0028193085454404354,-0.04688291624188423,0.08049117028713226,-0.014137143269181252
;23.38882064819336;-4.8459691177474356e-20,0.0933191180229187,-1.4872227907180786,0.026719091460108757;0.6906969547271729,0.3885498046875,0.10263600945472717,-0.10885697603225708;0.00280517409555614,-0.04685765132308006,0.08046485483646393,-0.014121162705123425
;23.442407608032227;-4.6974488387635395e-20,0.08996648341417313,-1.4839476346969604,0.027070794254541397;0.6945926547050476,0.38856732845306396,0.10289568454027176,-0.10806519538164139;0.002791376318782568,-0.04683307558298111,0.0804382786154747,-0.014105485752224922
;23.494951248168945;-4.5561786686017e-20,0.08672115951776505,-1.4807324409484863,0.02742507867515087;0.6984202265739441,0.38858455419540405,0.10315494984388351,-0.10728077590465546;0.0027779126539826393,-0.046809226274490356,0.08041132986545563,-0.014090114273130894
;23.546457290649414;-4.4217637577663936e-20,0.08358060568571091,-1.4775800704956055,0.02778189443051815;0.7021800875663757,0.3886014521121979,0.10341383516788483,-0.10650728642940521;0.0027647721581161022,-0.04678599536418915,0.08038435131311417,-0.014075041748583317
;23.596933364868164;-4.293828643807704e-20,0.08054229617118835,-1.4744919538497925,0.02814127318561077;0.7058718204498291,0.3886179029941559,0.10367237031459808,-0.10574216395616531;0.0027519550640136003,-0.046763453632593155,0.08035711199045181,-0.014060270972549915
;23.64638900756836;-4.172028883548685e-20,0.07760372757911682,-1.4714702367782593,0.02850297838449478;0.7094956636428833,0.38863396644592285,0.10393059253692627,-0.1049877405166626;0.002739452989771962,-0.04674152284860611,0.08032983541488647,-0.014045796357095242
;23.69483184814453;-4.056033927861742e-20,0.07476245611906052,-1.4685155153274536,0.02886708453297615;0.7130518555641174,0.3886497914791107,0.10418851673603058,-0.10424376279115677;0.002727257553488016,-0.046720195561647415,0.08030252158641815,-0.014031616039574146
;23.742273330688477;-3.945530675960327e-20,0.07201602309942245,-1.4656293392181396,0.02923397347331047;0.716540515422821,0.3886650800704956,0.1044461578130722,-0.1035078689455986;0.0027153652627021074,-0.046699538826942444,0.08027494698762894,-0.01401773001998663
;23.78872299194336;-3.840226383455778e-20,0.06936199218034744,-1.4628117084503174,0.02960343100130558;0.7199618816375732,0.38868018984794617,0.10470353066921234,-0.1027810201048851;0.0027037698309868574,-0.04667951911687851,0.08024722337722778,-0.014004131779074669
;23.834190368652344;-3.7398392919519454e-20,0.06679799407720566,-1.4600614309310913,0.029975324869155884;0.7233163118362427,0.3886948823928833,0.10496065020561218,-0.10206557810306549;0.0026924677658826113,-0.04666005074977875,0.0802195817232132,-0.013990819454193115
;23.878686904907227;-3.644102829571736e-20,0.06432164460420609,-1.4573794603347778,0.030349884182214737;0.7266042232513428,0.38870924711227417,0.10521756857633591,-0.10135774314403534;0.0026814488228410482,-0.046641234308481216,0.08019167184829712,-0.013977790251374245
;23.922225952148438;-3.5527866135898564e-20,0.061930619180202484,-1.4547654390335083,0.030726896598935127;0.7298260927200317,0.3887231945991516,0.10547427088022232,-0.10066093504428864;0.0026707113720476627,-0.04662296548485756,0.08016384392976761,-0.013965042307972908
;23.96481704711914;-3.465634088769445e-20,0.05962259694933891,-1.4522178173065186,0.03110632672905922;0.7329825162887573,0.3887369632720947,0.10573076456785202,-0.09997265785932541;0.002660243771970272,-0.04660530015826225,0.08013586699962616,-0.013952569104731083
;24.0064697265625;-3.382449445949874e-20,0.057395294308662415,-1.4497374296188354,0.031488336622714996;0.7360736131668091,0.3887503147125244,0.1059870719909668,-0.099294014275074;0.002650046953931451,-0.04658820107579231,0.08010785281658173,-0.013940369710326195
;24.047199249267578;-3.303024597508298e-20,0.05524642765522003,-1.4473215341567993,0.031872790306806564;0.7390999794006348,0.3887633979320526,0.10624317824840546,-0.09862713515758514;0.002640114165842533,-0.04657159373164177,0.08008003234863281,-0.01392843946814537
;24.087017059326172;-3.22715565634842e-20,0.05317382141947746,-1.4449708461761475,0.032259564846754074;0.7420625686645508,0.3887760639190674,0.10649912804365158,-0.09796851128339767;0.002630435861647129,-0.046555571258068085,0.08005206286907196,-0.01391677837818861
;24.12593650817871;-3.154666523472645e-20,0.05117524415254593,-1.4426838159561157,0.03264901041984558;0.7449619174003601,0.3887883722782135,0.10675490647554398,-0.09732014685869217;0.002621010411530733,-0.046540066599845886,0.08002417534589767,-0.013905379921197891
;24.16396713256836;-3.0853849772925003e-20,0.04924855753779411,-1.4404592514038086,0.03304092213511467;0.747798502445221,0.3888005018234253,0.10701049864292145,-0.09668079763650894;0.0026118310634046793,-0.04652509465813637,0.07999624311923981,-0.013894238509237766
;24.201122283935547;-3.0191471972726095e-20,0.0473916158080101,-1.4382964372634888,0.03343525528907776;0.7505728602409363,0.38881218433380127,0.10726593434810638,-0.09605034440755844;0.0026028919965028763,-0.046510644257068634,0.07996827363967896,-0.013883354142308235
;24.237415313720703;-2.955810688627763e-20,0.04560234397649765,-1.4361944198608398,0.033832065761089325;0.753285825252533,0.38882362842559814,0.10752119868993759,-0.09542857855558395;0.0025941894855350256,-0.04649672657251358,0.07994028180837631,-0.013872722163796425
;24.272857666015625;-2.895224878637082e-20,0.04387868195772171,-1.4341520071029663,0.034231312572956085;0.7559380531311035,0.38883480429649353,0.10777629911899567,-0.09481542557477951;0.002585717011243105,-0.046483319252729416,0.07991223782300949,-0.013862338848412037
;24.307462692260742;-2.837244364458517e-20,0.042218614369630814,-1.432167410850525,0.034633006900548935;0.7585301995277405,0.38884565234184265,0.10803120583295822,-0.09420949220657349;0.002577470615506172,-0.04647045210003853,0.07988405972719193,-0.013852199539542198
;24.34123992919922;-2.781756378110121e-20,0.04062015563249588,-1.4302407503128052,0.03503712639212608;0.7610630393028259,0.38885626196861267,0.10828594118356705,-0.09361305832862854;0.0025694456417113543,-0.04645805433392525,0.07985594868659973,-0.01384230051189661
;24.374204635620117;-2.728639104321999e-20,0.03908136114478111,-1.4283699989318848,0.0354437418282032;0.7635371088981628,0.3888665437698364,0.10854049026966095,-0.09302475303411484;0.0025616369675844908,-0.04644614830613136,0.07982780784368515,-0.013832641765475273
;24.406368255615234;-2.6777736358810964e-20,0.037600327283144,-1.4265550374984741,0.035852789878845215;0.7659533619880676,0.38887661695480347,0.10879484564065933,-0.09244445711374283;0.002554039005190134,-0.04643472656607628,0.07979963719844818,-0.013823214918375015
;24.437744140625;-2.6290512437733025e-20,0.0361751951277256,-1.4247945547103882,0.03626415506005287;0.7683125138282776,0.38888636231422424,0.10904902219772339,-0.09187203645706177;0.0025466480292379856,-0.046423789113759995,0.07977141439914703,-0.013814019970595837
;24.46834373474121;-2.5823764467990042e-20,0.034804150462150574,-1.423086166381836,0.03667785972356796;0.7706153392791748,0.3888958692550659,0.10930297523736954,-0.09130732715129852;0.0025394607800990343,-0.04641331359744072,0.0797431617975235,-0.013805050402879715
;24.498180389404297;-2.537652309730168e-20,0.03348540514707565,-1.4214303493499756,0.03709425404667854;0.7728624939918518,0.3889050781726837,0.10955671221017838,-0.09075137227773666;0.0025324681773781776,-0.046403273940086365,0.07971499115228653,-0.013796304352581501
;24.527263641357422;-2.4947812511039064e-20,0.03221721574664116,-1.4198251962661743,0.037512991577386856;0.7750548124313354,0.3889140486717224,0.1098102256655693,-0.09020286798477173;0.0025256723165512085,-0.04639368876814842,0.07968678325414658,-0.013787779025733471
;24.555606842041016;-2.4536871767662134e-20,0.03099788911640644,-1.4182699918746948,0.037934061139822006;0.7771928906440735,0.3889228403568268,0.11006351560354233,-0.08966285735368729;0.0025190655142068863,-0.04638452082872391,0.07965866476297379,-0.013779469765722752
;24.58322525024414;-2.4142878533319738e-20,0.029825760051608086,-1.4167639017105103,0.03835770860314369;0.7792777419090271,0.38893139362335205,0.11031653732061386,-0.08913002163171768;0.0025126445107162,-0.04637579992413521,0.07963050156831741,-0.01377137377858162
;24.61012840270996;-2.376505086383907e-20,0.02869921363890171,-1.4153051376342773,0.038783568888902664;0.7813102602958679,0.38893958926200867,0.1105693057179451,-0.08860423415899277;0.002506402088329196,-0.04636750742793083,0.07960230112075806,-0.013763484545052052
;24.636329650878906;-2.3402603583873062e-20,0.027616679668426514,-1.4138935804367065,0.03921186923980713;0.7832911014556885,0.38894757628440857,0.11082181334495544,-0.0880853459239006;0.0025003373157233,-0.04635964334011078,0.07957407087087631,-0.013755803927779198
;24.66183853149414;-2.3054921154723698e-20,0.02657662145793438,-1.4125275611877441,0.03964248299598694;0.7852209210395813,0.38895535469055176,0.11107403039932251,-0.08757328242063522;0.0024944457691162825,-0.04635220021009445,0.07954580336809158,-0.013748322613537312
;24.686668395996094;-2.272137349740876e-20,0.025577545166015625,-1.4112063646316528,0.040075600147247314;0.7871005535125732,0.38896286487579346,0.1113259419798851,-0.0870678499341011;0.002488723024725914,-0.046345170587301254,0.07951749861240387,-0.013741042464971542
;24.710832595825195;-2.2401252984763606e-20,0.0246179960668087,-1.4099291563034058,0.040511008352041245;0.7889310121536255,0.3889702558517456,0.11157754063606262,-0.08656901121139526;0.0024831658229231834,-0.04633854702115059,0.07948914915323257,-0.013733954168856144
;24.73434066772461;-2.209403131979545e-20,0.02369656413793564,-1.4086942672729492,0.0409487821161747;0.7907127737998962,0.3889773488044739,0.11182884871959686,-0.08607766777276993;0.0024777723010629416,-0.04633229598402977,0.07946089655160904,-0.013727061450481415
;24.757205963134766;-2.1799191514621445e-20,0.022811876609921455,-1.407501459121704,0.04138884320855141;0.7924469113349915,0.38898420333862305,0.11207978427410126,-0.08559262007474899;0.0024725343100726604,-0.046326421201229095,0.07943259924650192,-0.013720354065299034
;24.779438018798828;-2.1516130955240653e-20,0.0219626072794199,-1.4063501358032227,0.04183126613497734;0.7941340804100037,0.3889908790588379,0.1123303771018982,-0.08511374890804291;0.002467453246936202,-0.046320945024490356,0.07940427213907242,-0.013713831081986427
;24.801050186157227;-2.124442635782399e-20,0.021147457882761955,-1.4052386283874512,0.04227611795067787;0.7957750558853149,0.3889973759651184,0.11258060485124588,-0.08464203774929047;0.0024625228252261877,-0.04631580784916878,0.07937601953744888,-0.013707492500543594
;24.822052001953125;-2.0983523575984536e-20,0.020365171134471893,-1.4041662216186523,0.04272317886352539;0.7973706126213074,0.3890036642551422,0.11283044517040253,-0.08417630940675735;0.002457737922668457,-0.04631104692816734,0.07934772968292236,-0.013701331801712513
;24.842456817626953;-2.073300901941601e-20,0.019614532589912415,-1.4031319618225098,0.04317255690693855;0.798921525478363,0.3890096843242645,0.11307988315820694,-0.08371633291244507;0.002453099936246872,-0.04630665481090546,0.07931941747665405,-0.01369534432888031
;24.862274169921875;-2.0492477175747808e-20,0.018894368782639503,-1.402134895324707,0.04362427815794945;0.8004286289215088,0.3890155553817749,0.11332891136407852,-0.08326432853937149;0.002448601648211479,-0.04630254954099655,0.07929129898548126,-0.013689530082046986
;24.881515502929688;-2.0261519301435053e-20,0.018203530460596085,-1.4011744260787964,0.044078174978494644;0.8018927574157715,0.38902124762535095,0.11357749998569489,-0.08281676471233368;0.0024442418944090605,-0.04629882797598839,0.07926302403211594,-0.013683884404599667
;24.900192260742188;-2.00397137282358e-20,0.01754091866314411,-1.4002496004104614,0.04453452676534653;0.8033146858215332,0.3890266716480255,0.11382564902305603,-0.08237463235855103;0.00244001648388803,-0.04629545286297798,0.07923471182584763,-0.013678403571248055
;24.918315887451172;-1.9826714720503395e-20,0.01690545864403248,-1.399359941482544,0.0449930839240551;0.8046951293945312,0.3890320062637329,0.11407334357500076,-0.0819389820098877;0.002435921458527446,-0.04629238694906235,0.07920648902654648,-0.013673085719347
;24.935894012451172;-1.9622147462022776e-20,0.016296111047267914,-1.3985040187835693,0.045454077422618866;0.8060345649719238,0.3890370726585388,0.1143205538392067,-0.08150854706764221;0.002431957982480526,-0.04628964886069298,0.07917822152376175,-0.01366792619228363
;24.952939987182617;-1.9425734071806913e-20,0.015711884945631027,-1.3976812362670898,0.04591728746891022;0.8073341250419617,0.38904207944869995,0.11456726491451263,-0.08108323812484741;0.0024281179066747427,-0.04628724232316017,0.07914992421865463,-0.013662923127412796
;24.96946144104004;-1.9237101349227877e-20,0.015151803381741047,-1.396890640258789,0.04638268053531647;0.8085943460464478,0.389046847820282,0.11481347680091858,-0.08066409826278687;0.0024244007654488087,-0.04628511890769005,0.07912170886993408,-0.013658073730766773
;24.985469818115234;-1.9055973028885772e-20,0.014614932239055634,-1.396132230758667,0.046850528568029404;0.8098160624504089,0.38905149698257446,0.11505918204784393,-0.08024989068508148;0.0024208035320043564,-0.046283312141895294,0.07909346371889114,-0.013653375208377838
;25.0009765625;-1.8882056689509364e-20,0.014100370928645134,-1.395404577255249,0.04732057824730873;0.810999870300293,0.38905584812164307,0.11530432850122452,-0.07984041422605515;0.002417325507849455,-0.046281810849905014,0.07906518131494522,-0.013648821972310543
;25.0159912109375;-1.87151019150929e-20,0.013607245869934559,-1.3947067260742188,0.04779279977083206;0.8121466040611267,0.3890601098537445,0.11554891616106033,-0.07943684607744217;0.0024139597080647945,-0.04628058522939682,0.07903698086738586,-0.013644414022564888
;25.0305233001709;-1.855480659084234e-20,0.013134713284671307,-1.394038200378418,0.04826762527227402;0.813257098197937,0.3890642523765564,0.11579294502735138,-0.07903780788183212;0.002410707762464881,-0.046279653906822205,0.07900874316692352,-0.013640147633850574
;25.04458236694336;-1.84009235319262e-20,0.012681961059570312,-1.3933987617492676,0.04874451830983162;0.8143317103385925,0.3890681266784668,0.11603640764951706,-0.0786433219909668;0.0024075633846223354,-0.04627900943160057,0.0789804682135582,-0.013636020012199879
;25.058177947998047;-1.8253262099062683e-20,0.012248205952346325,-1.3927870988845825,0.049223579466342926;0.8153716921806335,0.3890719711780548,0.1162792518734932,-0.07825319468975067;0.00240452797152102,-0.04627865180373192,0.07895216345787048,-0.013632027432322502
;25.071317672729492;-1.811153794891622e-20,0.011832691729068756,-1.3922027349472046,0.04970495402812958;0.8163771629333496,0.3890756070613861,0.11652148514986038,-0.07786743342876434;0.0024015959352254868,-0.04627856984734535,0.07892382144927979,-0.013628168031573296
;25.084012985229492;-1.797557175131495e-20,0.011434689164161682,-1.3916451930999756,0.05018869414925575;0.8173488974571228,0.3890790641307831,0.11676308512687683,-0.07748588174581528;0.0023987654130905867,-0.04627876356244087,0.0788954421877861,-0.01362443994730711
;25.096271514892578;-1.78451502487572e-20,0.011053495109081268,-1.39111328125,0.050674598664045334;0.8182876706123352,0.38908249139785767,0.11700403690338135,-0.07710956037044525;0.0023960357066243887,-0.046279195696115494,0.07886715233325958,-0.013620840385556221
;25.108102798461914;-1.772008764872257e-20,0.010688434354960918,-1.3906068801879883,0.051162343472242355;0.8191941380500793,0.38908565044403076,0.11724434792995453,-0.07673727720975876;0.0023934009950608015,-0.046279892325401306,0.07883881777524948,-0.013617361895740032
;25.119516372680664;-1.760016261577372e-20,0.010338853113353252,-1.3901253938674927,0.05165256932377815;0.820068895816803,0.38908877968788147,0.11748398095369339,-0.07637007534503937;0.0023908650036901236,-0.04628080874681473,0.07881058007478714,-0.013614010065793991
;25.13051986694336;-1.748521359119726e-20,0.010004124604165554,-1.3896675109863281,0.052144989371299744;0.820912778377533,0.3890916407108307,0.11772292107343674,-0.07600671797990799;0.002388418884947896,-0.046281978487968445,0.07878229767084122,-0.0136107774451375
;25.141124725341797;-1.7375030548665782e-20,0.009683645330369473,-1.3892332315444946,0.05263958498835564;0.8217262625694275,0.3890944719314575,0.11796116083860397,-0.07564713060855865;0.0023860649671405554,-0.04628339782357216,0.0787539854645729,-0.013607661239802837
;25.151336669921875;-1.726951493736412e-20,0.009376831352710724,-1.3888214826583862,0.05313633754849434;0.8225100636482239,0.3890971541404724,0.1181986927986145,-0.07529127597808838;0.0023837992921471596,-0.04628506302833557,0.07872563600540161,-0.013604662381112576
;25.161163330078125;-1.7168468040074805e-20,0.009083123877644539,-1.3884317874908447,0.053635552525520325;0.8232647180557251,0.38909968733787537,0.11843550950288773,-0.07493892312049866;0.0023816192988306284,-0.04628695547580719,0.07869724929332733,-0.013601772487163544
;25.17061424255371;-1.7071707295451708e-20,0.008801985532045364,-1.388063907623291,0.05413699150085449;0.8239908218383789,0.38910213112831116,0.11867158114910126,-0.074591264128685;0.0023795233573764563,-0.046289052814245224,0.07866895198822021,-0.013598994351923466
;25.179697036743164;-1.6979153539725267e-20,0.00853289756923914,-1.3877172470092773,0.05464060232043266;0.8246890306472778,0.389104425907135,0.1189069002866745,-0.07424705475568771;0.002377512166276574,-0.04629138484597206,0.07864061743021011,-0.013596325181424618
;25.188419342041016;-1.6890659754466298e-20,0.008275363594293594,-1.387391448020935,0.05514620617032051;0.8253597021102905,0.3891066014766693,0.11914143711328506,-0.07390733808279037;0.002375580370426178,-0.046293895691633224,0.07861237227916718,-0.013593762181699276
;25.196788787841797;-1.6806054687438608e-20,0.008028904907405376,-1.3870848417282104,0.05565396323800087;0.8260037899017334,0.38910871744155884,0.11937522143125534,-0.07357087731361389;0.002373728435486555,-0.046296630054712296,0.07858408987522125,-0.013591300696134567
;25.20481300354004;-1.6725223631955692e-20,0.007793058175593615,-1.3867985010147095,0.05616406723856926;0.8266214728355408,0.38911065459251404,0.11960821598768234,-0.07323766499757767;0.0023719531018286943,-0.04629957675933838,0.07855577766895294,-0.013588939793407917
;25.212499618530273;-1.664804703456964e-20,0.007567386142909527,-1.3865302801132202,0.05667635053396225;0.8272135853767395,0.3891124725341797,0.11984039843082428,-0.07290758937597275;0.0023702511098235846,-0.04630273953080177,0.07852742075920105,-0.013586679473519325
;25.21985626220703;-1.657443119122669e-20,0.007351460866630077,-1.3862810134887695,0.057190634310245514;0.8277804851531982,0.38911423087120056,0.12007178366184235,-0.07258054614067078;0.0023686254862695932,-0.046306099742650986,0.07849903404712677,-0.013584516011178493
;25.226890563964844;-1.6504216158800582e-20,0.007144876290112734,-1.3860493898391724,0.05770689249038696;0.8283228874206543,0.3891158401966095,0.12030234187841415,-0.07225767523050308;0.0023670706432312727,-0.04630963131785393,0.07847073674201965,-0.013582447543740273
;25.233606338500977;-1.643732438910889e-20,0.0069472393952310085,-1.3858351707458496,0.05822532996535301;0.8288413882255554,0.38911736011505127,0.12053205072879791,-0.07193879783153534;0.0023655849508941174,-0.0463133230805397,0.0784425213932991,-0.013580470345914364
;25.240015029907227;-1.6373658946923584e-20,0.006758176721632481,-1.3856375217437744,0.05874606966972351;0.8293361067771912,0.3891187608242035,0.12076093256473541,-0.07162284851074219;0.002364169806241989,-0.0463172048330307,0.07841427624225616,-0.013578585349023342
;25.24612045288086;-1.631313259053943e-20,0.00657732505351305,-1.3854568004608154,0.05926899611949921;0.8298078179359436,0.38912004232406616,0.12098893523216248,-0.07130976766347885;0.0023628182243555784,-0.046321287751197815,0.07838599383831024,-0.013576790690422058
;25.251930236816406;-1.6255590223591577e-20,0.006404337473213673,-1.3852912187576294,0.05979391932487488;0.83025723695755,0.3891212046146393,0.12121611088514328,-0.07099935412406921;0.00236153369769454,-0.04632554203271866,0.07835767418146133,-0.013575082644820213
;25.257450103759766;-1.620097691611747e-20,0.006238883826881647,-1.3851419687271118,0.06032100319862366;0.8306846022605896,0.38912224769592285,0.12144240736961365,-0.07069170475006104;0.002360311336815357,-0.046329982578754425,0.07832932472229004,-0.01357345748692751
;25.262685775756836;-1.6149231275806023e-20,0.0060806432738900185,-1.385007619857788,0.060850247740745544;0.8310900926589966,0.38912323117256165,0.12166779488325119,-0.07038881629705429;0.0023591548670083284,-0.046334534883499146,0.07830118387937546,-0.01357191801071167
;25.26764488220215;-1.610023536479646e-20,0.005929310340434313,-1.3848876953125,0.06138165295124054;0.8314746022224426,0.3891240954399109,0.12189231812953949,-0.07008624076843262;0.0023580570705235004,-0.04633932560682297,0.0782727599143982,-0.013570458628237247
;25.27233123779297;-1.6053922944016295e-20,0.005784591659903526,-1.3847827911376953,0.0619148425757885;0.8318383097648621,0.38912490010261536,0.12211592495441437,-0.06978730857372284;0.002357018180191517,-0.04634425416588783,0.07824442535638809,-0.013569079339504242
;25.27675437927246;-1.6010227774393035e-20,0.00564620504155755,-1.3846911191940308,0.06245022267103195;0.832181990146637,0.3891255855560303,0.12233864516019821,-0.06949184089899063;0.0023560381960123777,-0.046349309384822845,0.07821617275476456,-0.01356777735054493
;25.28091812133789;-1.5969036764827308e-20,0.005513881798833609,-1.3846125602722168,0.06298773735761642;0.8325058221817017,0.3891262412071228,0.12256044894456863,-0.06919886916875839;0.002355114324018359,-0.04635453596711159,0.07818790525197983,-0.013566551730036736
;25.284826278686523;-1.5930317603576438e-20,0.005387361627072096,-1.384547472000122,0.0635279044508934;0.8328104019165039,0.38912680745124817,0.12278132885694504,-0.06890810281038284;0.002354247262701392,-0.046359915286302567,0.07815958559513092,-0.013565398752689362
;25.288488388061523;-1.5893966893063853e-20,0.005266396328806877,-1.384494662284851,0.06407011300325394;0.8330959677696228,0.389127254486084,0.12300126254558563,-0.06862075626850128;0.0023534330539405346,-0.046365417540073395,0.07813136279582977,-0.013564320281147957
;25.291906356811523;-1.5859944243611208e-20,0.005150749813765287,-1.3844542503356934,0.06461447477340698;0.8333631157875061,0.3891277015209198,0.12322025746107101,-0.06833438575267792;0.0023526730947196484,-0.046371106058359146,0.07810298353433609,-0.013563313521444798
;25.295085906982422;-1.5828176953797478e-20,0.005040191579610109,-1.3844259977340698,0.06516099721193314;0.8336119651794434,0.3891279399394989,0.12343832105398178,-0.06805256754159927;0.0023519645910710096,-0.046376876533031464,0.07807480543851852,-0.013562376610934734
;25.29803466796875;-1.579863917422852e-20,0.0049345046281814575,-1.3844094276428223,0.06570929288864136;0.8338431715965271,0.389128178358078,0.12365543097257614,-0.067772775888443;0.0023513063788414,-0.046382803469896317,0.07804660499095917,-0.013561505824327469
;25.300756454467773;-1.5771211351456423e-20,0.0048334794119000435,-1.3844033479690552,0.06625976413488388;0.8340569734573364,0.38912832736968994,0.1238715723156929,-0.06749506294727325;0.002350698923692107,-0.046388860791921616,0.07801836729049683,-0.013560702092945576
;25.30325698852539;-1.5745856326977112e-20,0.004736915696412325,-1.3844082355499268,0.06681239604949951;0.8342541456222534,0.3891283869743347,0.12408675253391266,-0.0672193169593811;0.0023501385003328323,-0.04639506712555885,0.0779900997877121,-0.01355996448546648
;25.305538177490234;-1.5722545020222176e-20,0.004644620697945356,-1.384424090385437,0.06736716628074646;0.8344345092773438,0.3891284465789795,0.1243009865283966,-0.06694668531417847;0.0023496251087635756,-0.04640137031674385,0.07796191424131393,-0.013559290207922459
;25.307607650756836;-1.5701216038880525e-20,0.004556410945951939,-1.3844504356384277,0.06792370975017548;0.8345986008644104,0.3891283869743347,0.12451422959566116,-0.06667478382587433;0.0023491582833230495,-0.04640784487128258,0.07793357223272324,-0.013558678328990936
;25.309471130371094;-1.5681812837402475e-20,0.004472109489142895,-1.384486198425293,0.0684824213385582;0.8347469568252563,0.3891282081604004,0.12472648173570633,-0.06640703976154327;0.002348737558349967,-0.04641437903046608,0.07790545374155045,-0.01355812605470419
;25.31113052368164;-1.566423848055999e-20,0.004391547758132219,-1.3845314979553223,0.06904325634241104;0.8348799347877502,0.38912805914878845,0.12493777275085449,-0.06614000350236893;0.002348360139876604,-0.04642108082771301,0.07787716388702393,-0.013557636179029942
;25.312591552734375;-1.564851235539868e-20,0.0043145641684532166,-1.3845852613449097,0.06960608065128326;0.8349977135658264,0.38912779092788696,0.12514807283878326,-0.06587465107440948;0.002348024398088455,-0.04642790928483009,0.07784884423017502,-0.013557201251387596
;25.31385612487793;-1.563458437871739e-20,0.0042410041205585,-1.3846491575241089,0.07017084211111069;0.8351004719734192,0.3891274333000183,0.12535735964775085,-0.06561224162578583;0.002347733825445175,-0.04643482714891434,0.07782061398029327,-0.013556824997067451
;25.314931869506836;-1.5622388311443636e-20,0.004170718602836132,-1.384721279144287,0.07073776423931122;0.8351887464523315,0.38912704586982727,0.12556566298007965,-0.06535150110721588;0.0023474828340113163,-0.04644186422228813,0.07779234647750854,-0.013556504622101784
;25.315820693969727;-1.5611883763899066e-20,0.004103566519916058,-1.384801983833313,0.07130681723356247;0.8352628946304321,0.38912665843963623,0.12577298283576965,-0.06509357690811157;0.0023472716566175222,-0.04644898697733879,0.07776418328285217,-0.013556238263845444
;25.3165283203125;-1.560305296462521e-20,0.00403941236436367,-1.3848903179168701,0.07187764346599579;0.8353231549263,0.38912609219551086,0.12597928941249847,-0.06483837962150574;0.002347100293263793,-0.046456195414066315,0.07773610204458237,-0.013556025922298431
;25.31705665588379;-1.559579897839403e-20,0.003978125751018524,-1.3849866390228271,0.07245060801506042;0.8353697657585144,0.3891255557537079,0.1261845976114273,-0.06458473950624466;0.002346968511119485,-0.046463511884212494,0.07770799845457077,-0.013555865734815598
;25.317411422729492;-1.559017027281955e-20,0.003919581416994333,-1.385090947151184,0.07302571833133698;0.8354030847549438,0.38912492990493774,0.12638887763023376,-0.06433264911174774;0.0023468751460313797,-0.04647093638777733,0.07767985016107559,-0.013555756770074368
;25.317594528198242;-1.55860828373708e-20,0.0038636610843241215,-1.385202169418335,0.07360277324914932;0.8354234099388123,0.38912421464920044,0.12659217417240143,-0.0640820562839508;0.0023468160070478916,-0.046478480100631714,0.07765167206525803,-0.013555698096752167
;25.31761360168457;-1.55834801264981e-20,0.003810250200331211,-1.385319709777832,0.07418176531791687;0.8354309797286987,0.38912349939346313,0.12679444253444672,-0.06383291631937027;0.0023467945866286755,-0.04648612439632416,0.07762345671653748,-0.013555687852203846
;25.317466735839844;-1.5582366986962847e-20,0.0037592400331050158,-1.3854451179504395,0.07476289570331573;0.8354260325431824,0.38912272453308105,0.12699569761753082,-0.06358633935451508;0.0023468106519430876,-0.04649384319782257,0.07759533822536469,-0.013555724173784256
;25.317161560058594;-1.558267556410542e-20,0.0037105276715010405,-1.3855763673782349,0.075345978140831;0.8354089260101318,0.3891218602657318,0.12719595432281494,-0.06334231793880463;0.0023468569852411747,-0.046501632779836655,0.07756730914115906,-0.01355580985546112
;25.316699981689453;-1.5584433322907096e-20,0.003664010902866721,-1.3857142925262451,0.07593099027872086;0.8353798985481262,0.38912102580070496,0.1273951530456543,-0.06309965252876282;0.002346940338611603,-0.0465095154941082,0.07753925025463104,-0.013555939309298992
;25.316085815429688;-1.5587561099598312e-20,0.0036195958964526653,-1.3858580589294434,0.07651813328266144;0.8353394865989685,0.3891200125217438,0.12759335339069366,-0.06285827606916428;0.0023470548912882805,-0.0465175025165081,0.07751115411520004,-0.013556113466620445
;25.31532096862793;-1.5592062125353337e-20,0.0035771902184933424,-1.3860079050064087,0.07710742205381393;0.8352872133255005,0.38911908864974976,0.12779054045677185,-0.06261829286813736;0.002347203902900219,-0.04652557894587517,0.07748302072286606,-0.013556334190070629
;25.314411163330078;-1.5597876623448217e-20,0.0035367077216506004,-1.3861628770828247,0.07769842445850372;0.8352240920066833,0.3891180455684662,0.12798671424388885,-0.06237952038645744;0.0023473824840039015,-0.04653375595808029,0.07745485752820969,-0.013556594960391521
;25.313356399536133;-1.5604985206837344e-20,0.0034980629570782185,-1.3863240480422974,0.07829157263040543;0.8351499438285828,0.38911694288253784,0.12818185985088348,-0.06214199215173721;0.002347593894228339,-0.04654202610254288,0.07742666453123093,-0.013556897640228271
;25.312162399291992;-1.5613381413172184e-20,0.0034611772280186415,-1.3864901065826416,0.07888685166835785;0.8350648880004883,0.3891158699989319,0.12837596237659454,-0.06190680339932442;0.00234783417545259,-0.04655035585165024,0.07739856094121933,-0.013557244092226028
;25.31083106994629;-1.5622992541031712e-20,0.0034259737003594637,-1.3866606950759888,0.07948404550552368;0.8349696397781372,0.389114648103714,0.1285690814256668,-0.06167396157979965;0.002348105190321803,-0.04655873402953148,0.0773705542087555,-0.01355762779712677
;25.309364318847656;-1.5633867058029943e-20,0.003392379265278578,-1.3868368864059448,0.08008317649364471;0.8348639607429504,0.3891134262084961,0.1287611871957779,-0.06144111976027489;0.0023484055418521166,-0.04656723514199257,0.07734239101409912,-0.01355805341154337
;25.307764053344727;-1.5645933878332987e-20,0.0033603243064135313,-1.3870172500610352,0.08068444579839706;0.8347481489181519,0.3891122341156006,0.1289522498846054,-0.06121052801609039;0.002348734764382243,-0.04657578840851784,0.07731431722640991,-0.013558516278862953
;25.3060359954834;-1.565917846165664e-20,0.0033297413028776646,-1.3872019052505493,0.08128761500120163;0.8346225023269653,0.38911083340644836,0.12914231419563293,-0.060981106013059616;0.0023490916937589645,-0.04658443480730057,0.07728621363639832,-0.013559018261730671
;25.304180145263672;-1.567359757682663e-20,0.0033005662262439728,-1.3873910903930664,0.0818927064538002;0.8344873785972595,0.3891094923019409,0.12933135032653809,-0.06075271591544151;0.002349476097151637,-0.04659315571188927,0.07725806534290314,-0.013559557497501373
;25.302200317382812;-1.5689134678293276e-20,0.0032727383077144623,-1.3875843286514282,0.0824999213218689;0.8343425393104553,0.38910815119743347,0.12951938807964325,-0.06052655726671219;0.002349887741729617,-0.04660192131996155,0.07723002135753632,-0.013560131192207336
;25.300098419189453;-1.5705822077799253e-20,0.003246198408305645,-1.3877812623977661,0.083109050989151;0.8341884613037109,0.38910672068595886,0.12970639765262604,-0.06030140444636345;0.00235032569617033,-0.04661077633500099,0.07720194011926651,-0.013560743071138859
;25.29787826538086;-1.5723629079189017e-20,0.0032208911143243313,-1.3879821300506592,0.08372008800506592;0.8340253233909607,0.38910529017448425,0.12989240884780884,-0.06007726490497589;0.0023507901933044195,-0.04661970213055611,0.07717382907867432,-0.013561389409005642
;25.295541763305664;-1.5742486212215812e-20,0.003196763340383768,-1.3881864547729492,0.08433325588703156;0.8338532447814941,0.38910380005836487,0.13007737696170807,-0.059855230152606964;0.0023512793704867363,-0.046628668904304504,0.07714581489562988,-0.013562067411839962
;25.2930908203125;-1.5762412863925244e-20,0.0031737631652504206,-1.3883943557739258,0.08494832366704941;0.8336726427078247,0.3891022205352783,0.1302613765001297,-0.05963418632745743;0.002351791597902775,-0.04663771763443947,0.07711776345968246,-0.013562780804932117
;25.29052734375;-1.5783400956381643e-20,0.003151841927319765,-1.3886053562164307,0.08556529879570007;0.8334833383560181,0.3891006410121918,0.13044433295726776,-0.0594140999019146;0.002352331066504121,-0.0466468408703804,0.07708967477083206,-0.013563526794314384
;25.287853240966797;-1.5805427871365135e-20,0.0031309532932937145,-1.3888192176818848,0.08618437498807907;0.8332858085632324,0.38909903168678284,0.13062629103660583,-0.059194933623075485;0.002352893352508545,-0.04665603116154671,0.07706156373023987,-0.013564305379986763
;25.285072326660156;-1.582844837243597e-20,0.003111051395535469,-1.389035940170288,0.08680558949708939;0.8330799341201782,0.3890973925590515,0.13080725073814392,-0.05897775664925575;0.0023534803185611963,-0.046665262430906296,0.07703354954719543,-0.013565115630626678
;25.282184600830078;-1.5852447919309947e-20,0.003092095023021102,-1.3892556428909302,0.08742848038673401;0.8328660726547241,0.3890956938266754,0.1309872418642044,-0.05876262113451958;0.002354088006541133,-0.04667452350258827,0.07700562477111816,-0.013565954752266407
;25.279191970825195;-1.5877489519885282e-20,0.0030740422662347555,-1.389478087425232,0.08805347979068756;0.8326440453529358,0.3890940248966217,0.13116620481014252,-0.058547243475914;0.002354720374569297,-0.046683892607688904,0.07697753608226776,-0.013566827401518822
;25.276098251342773;-1.590351178185089e-20,0.003056854708120227,-1.3897027969360352,0.08867976814508438;0.8324145674705505,0.38909226655960083,0.13134415447711945,-0.058332715183496475;0.002355376025661826,-0.046693332493305206,0.07694941759109497,-0.013567727990448475
;25.272903442382812;-1.5930461390831354e-20,0.0030404943972826004,-1.389930009841919,0.08930812031030655;0.8321772813796997,0.38909047842025757,0.13152115046977997,-0.05812012776732445;0.0023560510016977787,-0.046702802181243896,0.07692139595746994,-0.013568660244345665
;25.269611358642578;-1.5958390045614956e-20,0.0030249254778027534,-1.3901594877243042,0.08993813395500183;0.8319324254989624,0.3890886604785919,0.1316971480846405,-0.05790836364030838;0.0023567492607980967,-0.04671233519911766,0.07689332962036133,-0.013569618575274944
;25.26622200012207;-1.5987250894174814e-20,0.0030101146548986435,-1.3903913497924805,0.09057024866342545;0.8316804766654968,0.3890868127346039,0.13187216222286224,-0.05769738927483559;0.002357468008995056,-0.0467219315469265,0.07686524838209152,-0.013570606708526611
;25.262739181518555;-1.601703262740099e-20,0.0029960288666188717,-1.390625,0.0912044495344162;0.8314212560653687,0.38908496499061584,0.1320461928844452,-0.05748719349503517;0.002358208177611232,-0.04673159867525101,0.07683712989091873,-0.013571622781455517
;25.25916290283203;-1.6047714242660746e-20,0.0029826369136571884,-1.3908604383468628,0.09184031933546066;0.831155002117157,0.38908305764198303,0.13221925497055054,-0.05727773532271385;0.0023589683696627617,-0.04674132540822029,0.07680896669626236,-0.013572663068771362
;25.255496978759766;-1.6079332898458158e-20,0.0029699092265218496,-1.391097903251648,0.09247829020023346;0.8308817744255066,0.38908103108406067,0.13239134848117828,-0.05706905573606491;0.002359748585149646,-0.04675111547112465,0.0767807811498642,-0.013573733158409595
;25.251739501953125;-1.6111840127179212e-20,0.0029578176327049732,-1.3913369178771973,0.0931183397769928;0.8306017518043518,0.38907909393310547,0.13256247341632843,-0.056863363832235336;0.0023605474270880222,-0.04676089435815811,0.07675281912088394,-0.013574829325079918
;25.247894287109375;-1.6145221388539702e-20,0.0029463337268680334,-1.391576886177063,0.09376005083322525;0.8303150534629822,0.38907715678215027,0.13273264467716217,-0.05665835738182068;0.00236136675812304,-0.04677072539925575,0.0767248347401619,-0.013575948774814606
;25.24396324157715;-1.6179492838410966e-20,0.0029354323633015156,-1.3918185234069824,0.09440384805202484;0.8300217390060425,0.3890751302242279,0.13290181756019592,-0.05645410716533661;0.0023622068110853434,-0.04678061977028847,0.07669680565595627,-0.013577096164226532
;25.239944458007812;-1.6214607624766122e-20,0.0029250888619571924,-1.3920618295669556,0.09504973143339157;0.8297219276428223,0.38907310366630554,0.13307006657123566,-0.056250497698783875;0.0023630638606846333,-0.046790581196546555,0.07666875422000885,-0.013578268699347973
;25.2358455657959;-1.6250604521696384e-20,0.0029152787756174803,-1.3923062086105347,0.09569726884365082;0.8294158577919006,0.38907095789909363,0.13323736190795898,-0.05604873225092888;0.0023639395367354155,-0.04680055379867554,0.07664079964160919,-0.013579463586211205
;25.23166275024414;-1.628742536806493e-20,0.0029059797525405884,-1.3925514221191406,0.09634646773338318;0.8291035890579224,0.3890688717365265,0.13340367376804352,-0.055848751217126846;0.0023648343048989773,-0.04681055247783661,0.0766129419207573,-0.01358068361878395
;25.227399826049805;-1.6325157405576993e-20,0.0028971699066460133,-1.3927981853485107,0.0969976931810379;0.8287851214408875,0.3890666961669922,0.13356907665729523,-0.05564826726913452;0.002365745371207595,-0.04682063311338425,0.07658491283655167,-0.013581926934421062
;25.22305679321289;-1.636366330932619e-20,0.002888828981667757,-1.3930456638336182,0.09765056520700455;0.828460693359375,0.38906458020210266,0.13373354077339172,-0.05544956773519516;0.0023666745983064175,-0.04683074355125427,0.0765569880604744,-0.01358319353312254
;25.21863555908203;-1.6402994778100807e-20,0.0028809362556785345,-1.3932939767837524,0.09830551594495773;0.8281301259994507,0.38906243443489075,0.13389705121517181,-0.05525147169828415;0.0023676236160099506,-0.04684090614318848,0.07652904093265533,-0.013584483414888382
;25.21413803100586;-1.6443127578093833e-20,0.0028734735678881407,-1.3935428857803345,0.09896254539489746;0.8277938961982727,0.38906022906303406,0.13405966758728027,-0.05505400896072388;0.0023685868363827467,-0.04685111343860626,0.07650104910135269,-0.013585795648396015
;25.209564208984375;-1.6484110176919288e-20,0.0028664222918450832,-1.3937925100326538,0.09962118417024612;0.8274519443511963,0.3890579342842102,0.13422133028507233,-0.05485713854432106;0.002369567519053817,-0.04686138406395912,0.07647302746772766,-0.01358713023364544
;25.20491600036621;-1.6525915109595894e-20,0.002859765663743019,-1.3940423727035522,0.10028190910816193;0.8271043300628662,0.38905566930770874,0.13438209891319275,-0.054660864174366;0.0023705647327005863,-0.046871695667505264,0.07644497603178024,-0.013588485307991505
;25.200193405151367;-1.6568522989078044e-20,0.0028534862212836742,-1.3942927122116089,0.10094469040632248;0.826751172542572,0.3890534043312073,0.13454194366931915,-0.05446743220090866;0.0023715789429843426,-0.04688199236989021,0.07641716301441193,-0.013589863665401936
;25.195398330688477;-1.661190958155873e-20,0.002847569063305855,-1.3945437669754028,0.10160908848047256;0.8263924717903137,0.3890511095523834,0.13470087945461273,-0.054274559020996094;0.002372609917074442,-0.04689234122633934,0.07638930529356003,-0.013591261580586433
;25.190532684326172;-1.6656082964973623e-20,0.0028419981244951487,-1.3947956562042236,0.1022755578160286;0.8260284662246704,0.3890487551689148,0.13485895097255707,-0.05408225581049919;0.0023736569564789534,-0.04690273106098175,0.07636142522096634,-0.013592683710157871
;25.185598373413086;-1.6701068988716863e-20,0.002836759900674224,-1.3950467109680176,0.10294365882873535;0.8256589770317078,0.38904640078544617,0.13501609861850739,-0.053890470415353775;0.002374720061197877,-0.04691317304968834,0.07633350044488907,-0.013594121672213078
;25.180591583251953;-1.6746809491651632e-20,0.0028318401891738176,-1.3952986001968384,0.10361356288194656;0.825284481048584,0.38904401659965515,0.13517238199710846,-0.05369924381375313;0.0023757966700941324,-0.046923670917749405,0.07630555331707001,-0.01359558291733265
;25.175519943237305;-1.6793393331070292e-20,0.0028272252529859543,-1.39555025100708,0.10428527742624283;0.82490473985672,0.38904163241386414,0.1353277564048767,-0.053508538752794266;0.0023768912069499493,-0.04693421348929405,0.07627756893634796,-0.013597061857581139
;25.170379638671875;-1.6840688028827865e-20,0.002822903450578451,-1.3958017826080322,0.10495905578136444;0.8245199918746948,0.3890392482280731,0.13548225164413452,-0.05331834405660629;0.002377998549491167,-0.04694479703903198,0.07624956220388412,-0.013598562218248844
;25.165172576904297;-1.688878890456525e-20,0.0028188619762659073,-1.396053433418274,0.1056346744298935;0.8241300582885742,0.3890368640422821,0.1356358826160431,-0.053129833191633224;0.0023791224230080843,-0.04695539548993111,0.07622165232896805,-0.013600082136690617
;25.159900665283203;-1.6937681417998243e-20,0.00281508918851614,-1.3963053226470947,0.106312096118927;0.8237353563308716,0.38903433084487915,0.13578861951828003,-0.052941784262657166;0.002380261430516839,-0.04696604236960411,0.07619370520114899,-0.013601618818938732
;25.154563903808594;-1.698729771446722e-20,0.002811574609950185,-1.3965564966201782,0.10699157416820526;0.8233357071876526,0.3890318274497986,0.1359405219554901,-0.05275539681315422;0.0023814139422029257,-0.04697669297456741,0.07616586238145828,-0.01360317599028349
;25.14916229248047;-1.703770403304467e-20,0.0028083077631890774,-1.3968075513839722,0.10767262428998947;0.822931170463562,0.389029324054718,0.13609157502651215,-0.05256940796971321;0.002382582286372781,-0.046987392008304596,0.07613798975944519,-0.013604752719402313
;25.143699645996094;-1.7088879371097852e-20,0.0028052779380232096,-1.397058367729187,0.108355313539505;0.8225220441818237,0.38902682065963745,0.13624177873134613,-0.052383966743946075;0.002383763436228037,-0.04699813574552536,0.07611007988452911,-0.013606347143650055
;25.138172149658203;-1.7140793032471224e-20,0.002802476054057479,-1.397309422492981,0.10903950035572052;0.8221082091331482,0.3890242874622345,0.13639111816883087,-0.05219905078411102;0.0023849590215831995,-0.04700892046093941,0.07608214020729065,-0.01360795833170414
;25.132583618164062;-1.7193535490044283e-20,0.0027998925652354956,-1.3975597620010376,0.109725721180439;0.8216896653175354,0.38902172446250916,0.13653963804244995,-0.05201563611626625;0.002386171370744705,-0.04701971635222435,0.07605430483818054,-0.013609589077532291
;25.126935958862305;-1.7246977496846318e-20,0.0027975186239928007,-1.3978095054626465,0.11041350662708282;0.8212664723396301,0.38901910185813904,0.13668730854988098,-0.05183388292789459;0.002387394430115819,-0.04703051596879959,0.07602658122777939,-0.01361123751848936
;25.12122917175293;-1.7301164289317077e-20,0.0027953460812568665,-1.398058533668518,0.11110334098339081;0.8208391666412354,0.3890165090560913,0.13683417439460754,-0.05165250226855278;0.002388632157817483,-0.047041356563568115,0.07599881291389465,-0.013612902723252773
;25.115463256835938;-1.7356121716850702e-20,0.0027933670207858086,-1.398307204246521,0.11179494857788086;0.8204071521759033,0.3890139162540436,0.13698020577430725,-0.051471609622240067;0.00238988408818841,-0.04705224558711052,0.07597102224826813,-0.013614585623145103
;25.109638214111328;-1.741185139503433e-20,0.002791573293507099,-1.398554801940918,0.11248834431171417;0.8199708461761475,0.3890112340450287,0.13712546229362488,-0.0512910895049572;0.002391149289906025,-0.04706317186355591,0.07594319432973862,-0.013616285286843777
;25.103755950927734;-1.746833393682235e-20,0.002789957681670785,-1.3988021612167358,0.11318379640579224;0.8195302486419678,0.3890085816383362,0.13726989924907684,-0.05111106112599373;0.0023924263659864664,-0.04707413911819458,0.07591534405946732,-0.013617999851703644
;25.097816467285156;-1.752554672399489e-20,0.0027885134331882,-1.3990485668182373,0.11388080567121506;0.8190852403640747,0.3890058994293213,0.13741351664066315,-0.05093146115541458;0.0023937192745506763,-0.04708514362573624,0.07588744908571243,-0.013619733974337578
;25.091819763183594;-1.7583505912423287e-20,0.0027872337959706783,-1.3992944955825806,0.11457931995391846;0.8186360597610474,0.389003187417984,0.13755635917186737,-0.05075450986623764;0.0023950221948325634,-0.047096118330955505,0.07585979998111725,-0.01362148392945528
;25.08576774597168;-1.764225189178589e-20,0.0027861117850989103,-1.399539828300476,0.11527983099222183;0.8181825876235962,0.38900047540664673,0.13769839704036713,-0.050577979534864426;0.0023963404819369316,-0.04710713401436806,0.07583212107419968,-0.013623249717056751
;25.079662322998047;-1.7701731347707282e-20,0.002785142045468092,-1.399783968925476,0.11598215252161026;0.8177251815795898,0.38899773359298706,0.1378396600484848,-0.05040186643600464;0.002397669944912195,-0.04711819067597389,0.07580441236495972,-0.01362503133714199
;25.07349967956543;-1.7761983054278674e-20,0.002784318057820201,-1.4000270366668701,0.11668623238801956;0.8172636032104492,0.388994961977005,0.1379801630973816,-0.0502261221408844;0.0023990129120647907,-0.04712928459048271,0.07577666640281677,-0.013626827858388424
;25.067283630371094;-1.7822947234776112e-20,0.002783634467050433,-1.4002693891525269,0.11739231646060944;0.8167979121208191,0.38899219036102295,0.1381199061870575,-0.05005078390240669;0.002400369616225362,-0.04714042320847511,0.07574889063835144,-0.013628643937408924
;25.06101417541504;-1.7884690128272087e-20,0.0027830861508846283,-1.4005112648010254,0.11810017377138138;0.8163282871246338,0.3889893889427185,0.13825887441635132,-0.049876995384693146;0.0024017374962568283,-0.047151558101177216,0.07572122663259506,-0.013630472123622894
;25.054691314697266;-1.794720042565666e-20,0.0027826677542179823,-1.4007515907287598,0.11880958825349808;0.8158546090126038,0.38898664712905884,0.13839711248874664,-0.04970470815896988;0.0024031177163124084,-0.04716269299387932,0.07569366693496704,-0.013632316142320633
;25.048316955566406;-1.8010461971058494e-20,0.0027823748532682657,-1.4009908437728882,0.11952072381973267;0.8153770565986633,0.38898375630378723,0.13853459060192108,-0.049531664699316025;0.002404510509222746,-0.04717390984296799,0.0756659284234047,-0.01363417599350214
;25.04189109802246;-1.807442952803784e-20,0.0027822016272693872,-1.4012287855148315,0.12023385614156723;0.8148958086967468,0.3889809548854828,0.13867132365703583,-0.04935780540108681;0.002405916340649128,-0.04718519747257233,0.07563802599906921,-0.013636050745844841
;25.035411834716797;-1.813917579801572e-20,0.002782144583761692,-1.4014660120010376,0.12094849348068237;0.8144105076789856,0.3889780342578888,0.13880732655525208,-0.04918665438890457;0.00240733427926898,-0.04719644412398338,0.07561037689447403,-0.01363794133067131
;25.02888298034668;-1.820473470832195e-20,0.002782199066132307,-1.4017019271850586,0.12166514992713928;0.8139214515686035,0.38897520303726196,0.13894261419773102,-0.049015823751688004;0.002408762229606509,-0.047207728028297424,0.07558268308639526,-0.013639845885336399
;25.022302627563477;-1.8271001245792824e-20,0.00278236111626029,-1.4019365310668945,0.12238351255655289;0.813428521156311,0.38897231221199036,0.13907717168331146,-0.04884541407227516;0.0024102062452584505,-0.047219060361385345,0.07555496692657471,-0.013641766272485256
;25.015670776367188;-1.833805295861077e-20,0.002782626776024699,-1.4021698236465454,0.12310364842414856;0.8129320740699768,0.388969361782074,0.1392109990119934,-0.0486752949655056;0.002411658177152276,-0.047230422496795654,0.07552721351385117,-0.013643700629472733
;25.008989334106445;-1.8405888231188653e-20,0.002782992087304592,-1.4024019241333008,0.12382534891366959;0.8124316334724426,0.3889663815498352,0.13934412598609924,-0.04850553721189499;0.002413125243037939,-0.04724182188510895,0.07549943029880524,-0.013645649887621403
;25.00225830078125;-1.8474487676480868e-20,0.0027834537904709578,-1.4026330709457397,0.12454842776060104;0.8119275569915771,0.388963520526886,0.13947655260562897,-0.048337288200855255;0.0024146023206412792,-0.04725322127342224,0.07547175139188766,-0.013647612184286118
;24.995479583740234;-1.8543854525661682e-20,0.0027840081602334976,-1.4028626680374146,0.1252729892730713;0.8114198446273804,0.3889605402946472,0.13960830867290497,-0.048170480877161026;0.002416091738268733,-0.047264616936445236,0.07544419169425964,-0.01364959217607975
;24.988651275634766;-1.8613967776098355e-20,0.0027846519369632006,-1.4030910730361938,0.12599952518939972;0.8109086155891418,0.38895756006240845,0.13973936438560486,-0.04800408333539963;0.002417592331767082,-0.04727604612708092,0.07541658729314804,-0.013651584275066853
;24.981775283813477;-1.868487427981777e-20,0.0027853825595229864,-1.403317928314209,0.12672805786132812;0.810393750667572,0.3889545798301697,0.13986970484256744,-0.04783793166279793;0.0024191054981201887,-0.047287508845329285,0.07538896799087524,-0.013653588481247425
;24.974851608276367;-1.875655141860005e-20,0.002786196069791913,-1.4035435914993286,0.12745803594589233;0.8098753690719604,0.38895151019096375,0.1399994045495987,-0.047673314809799194;0.0024206298403441906,-0.04729897901415825,0.07536143809556961,-0.013655608519911766
;24.967878341674805;-1.8829005654793732e-20,0.0027870910707861185,-1.403767466545105,0.12819001078605652;0.8093534111976624,0.3889485001564026,0.14012843370437622,-0.04750784859061241;0.002422165125608444,-0.047310519963502884,0.07533375173807144,-0.013657643459737301
;24.960859298706055;-1.89022838404257e-20,0.0027880631387233734,-1.4039901494979858,0.1289234757423401;0.8088278770446777,0.38894549012184143,0.14025679230690002,-0.04734277352690697;0.002423712285235524,-0.047322094440460205,0.07530602812767029,-0.013659690506756306
;24.953792572021484;-1.8976298733790723e-20,0.002789110643789172,-1.4042115211486816,0.12965834140777588;0.8082989454269409,0.3889424800872803,0.1403844952583313,-0.047177914530038834;0.0024252699222415686,-0.04733370244503021,0.07527827471494675,-0.01366175152361393
;24.946678161621094;-1.9051135961006898e-20,0.0027902303263545036,-1.4044314622879028,0.13039518892765045;0.8077664375305176,0.38893941044807434,0.14051152765750885,-0.047013457864522934;0.002426842227578163,-0.047345343977212906,0.07525048404932022,-0.013663827441632748
;24.939517974853516;-1.9126784212964286e-20,0.0027914210222661495,-1.4046493768692017,0.13113398849964142;0.8072305917739868,0.388936311006546,0.14063796401023865,-0.04684930294752121;0.0024284226819872856,-0.04735702648758888,0.07522266358137131,-0.013665914535522461
;24.93231201171875;-1.9203217640268747e-20,0.0027926790062338114,-1.404866099357605,0.1318742334842682;0.8066913485527039,0.3889331519603729,0.14076371490955353,-0.04668541997671127;0.0024300154764205217,-0.04736873880028725,0.0751948133111,-0.013668016530573368
;24.925060272216797;-1.9280475017011493e-20,0.0027940033469349146,-1.4050816297531128,0.13261641561985016;0.8061487078666687,0.388930082321167,0.14088886976242065,-0.04652419313788414;0.002431618981063366,-0.04738040640950203,0.075167216360569,-0.013670132495462894
;24.917762756347656;-1.9358535340559783e-20,0.0027953910175710917,-1.4052948951721191,0.1333598792552948;0.8056027293205261,0.3889269232749939,0.14101338386535645,-0.046363234519958496;0.00243323459289968,-0.0473921112716198,0.07513958215713501,-0.013672261498868465
;24.910419464111328;-1.9437392148565082e-20,0.002796841086819768,-1.4055070877075195,0.1341046541929245;0.8050533533096313,0.3889237940311432,0.14113730192184448,-0.04620261490345001;0.002434860449284315,-0.04740384966135025,0.07511192560195923,-0.013674401678144932
;24.903030395507812;-1.951709067746714e-20,0.002798350527882576,-1.405717372894287,0.1348511278629303;0.8045006394386292,0.3889206349849701,0.14126059412956238,-0.04604337364435196;0.002436499111354351,-0.047415584325790405,0.0750843733549118,-0.013676557689905167
;24.89559555053711;-1.9597584075239072e-20,0.0027999181766062975,-1.4059261083602905,0.1355995535850525;0.8039445281028748,0.3889174461364746,0.14138329029083252,-0.04588564112782478;0.0024381461553275585,-0.04742731899023056,0.07505694031715393,-0.013678725808858871
;24.888118743896484;-1.9678936965366236e-20,0.002801541704684496,-1.4061329364776611,0.1363496482372284;0.8033850789070129,0.3889142572879791,0.1415053755044937,-0.04572813957929611;0.0024398071691393852,-0.047439079731702805,0.07502947002649307,-0.013680906966328621
;24.880596160888672;-1.976107826201474e-20,0.0028032201807945967,-1.4063383340835571,0.137101411819458;0.8028225302696228,0.38891106843948364,0.14162687957286835,-0.04556985944509506;0.0024414784274995327,-0.04745090752840042,0.07500182837247849,-0.01368310023099184
;24.873029708862305;-1.9844072588669937e-20,0.0028049517422914505,-1.4065423011779785,0.1378549039363861;0.80225670337677,0.3889078199863434,0.14174781739711761,-0.045412998646497726;0.0024431596975773573,-0.047462742775678635,0.07497429102659225,-0.013685306534171104
;24.865419387817383;-1.9927913482983295e-20,0.002806734759360552,-1.406744360923767,0.13860973715782166;0.8016876578330994,0.3889046013355255,0.14186815917491913,-0.045256372541189194;0.002444850979372859,-0.04747460037469864,0.07494673877954483,-0.013687527738511562
;24.857765197753906;-2.0012639719046027e-20,0.002808567602187395,-1.4069446325302124,0.13936622440814972;0.8011153936386108,0.38890135288238525,0.1419879049062729,-0.045100122690200806;0.002446556929498911,-0.047486498951911926,0.07491914182901382,-0.013689759187400341
;24.850067138671875;-2.0098170517501437e-20,0.0028104488737881184,-1.4071435928344727,0.14012469351291656;0.8005399107933044,0.3888980448246002,0.14210714399814606,-0.044944047927856445;0.002448271494358778,-0.0474984273314476,0.07489151507616043,-0.013692003674805164
;24.842327117919922;-2.01845333433308e-20,0.0028123781085014343,-1.407340168952942,0.14088450372219086;0.7999614477157593,0.3888947367668152,0.14222578704357147,-0.04478945955634117;0.0024499953724443913,-0.04751034453511238,0.07486400753259659,-0.013694260269403458
;24.834543228149414;-2.0271800897955146e-20,0.002814352512359619,-1.4075355529785156,0.14164625108242035;0.7993795275688171,0.38889142870903015,0.14234387874603271,-0.044636309146881104;0.0024517327547073364,-0.04752226173877716,0.0748366117477417,-0.01369653083384037
;24.82671546936035;-2.035995702550313e-20,0.002816372085362673,-1.407728910446167,0.14240968227386475;0.7987946271896362,0.3888881206512451,0.14246141910552979,-0.04448338970541954;0.002453478751704097,-0.04753420874476433,0.07480917125940323,-0.013698813505470753
;24.818845748901367;-2.044897426099348e-20,0.002818434964865446,-1.4079203605651855,0.1431741714477539;0.7982065081596375,0.3888848125934601,0.14257842302322388,-0.04433080926537514;0.0024552377872169018,-0.04754618555307388,0.07478171586990356,-0.013701108284294605
;24.81093406677246;-2.0538857451187598e-20,0.0028205399867147207,-1.4081101417541504,0.14394058287143707;0.7976154685020447,0.3888813853263855,0.14269492030143738,-0.04417860135436058;0.002457005437463522,-0.04755819961428642,0.07475422322750092,-0.013703417964279652
;24.802980422973633;-2.0629629214305355e-20,0.002822686918079853,-1.408298373222351,0.14470890164375305;0.7970212697982788,0.3888779580593109,0.1428108662366867,-0.044027794152498245;0.0024587863590568304,-0.047570206224918365,0.07472684979438782,-0.013705737888813019
;24.79498291015625;-2.0721265316539745e-20,0.002824874361976981,-1.4084845781326294,0.14547857642173767;0.7964239120483398,0.3888745903968811,0.14292630553245544,-0.04387610778212547;0.002460575895383954,-0.04758228361606598,0.0746992975473404,-0.01370807085186243
;24.786943435668945;-2.0813851384008864e-20,0.0028271006885915995,-1.408669114112854,0.1462501734495163;0.7958235144615173,0.38887110352516174,0.1430412232875824,-0.04372471198439598;0.0024623770732432604,-0.04759438708424568,0.07467171549797058,-0.013710417784750462
;24.77886199951172;-2.0907355104970034e-20,0.002829365897923708,-1.4088521003723145,0.14702293276786804;0.7952199578285217,0.3888676166534424,0.14315560460090637,-0.043574728071689606;0.0024641898926347494,-0.047606490552425385,0.07464424520730972,-0.013712774962186813
;24.77073860168457;-2.1001713471525033e-20,0.002831668360158801,-1.409032940864563,0.14779667556285858;0.7946134805679321,0.3888641893863678,0.14326950907707214,-0.04342615231871605;0.0024660113267600536,-0.04761858657002449,0.07461688667535782,-0.01371514517813921
;24.7625732421875;-2.1097002416269155e-20,0.0028340076096355915,-1.4092117547988892,0.14857228100299835;0.7940039038658142,0.3888607323169708,0.14338290691375732,-0.04327670857310295;0.0024678451009094715,-0.04763074964284897,0.07458935678005219,-0.013717527501285076
;24.75436782836914;-2.1193212245679595e-20,0.0028363827150315046,-1.4093894958496094,0.14934982359409332;0.7933913469314575,0.3888571858406067,0.1434958428144455,-0.04312865063548088;0.0024696888867765665,-0.04764290526509285,0.0745619460940361,-0.013719921000301838
;24.74612045288086;-2.1290404352067442e-20,0.0028387929778546095,-1.4095648527145386,0.15012864768505096;0.7927758097648621,0.38885369896888733,0.14360827207565308,-0.04298084229230881;0.002471542451530695,-0.04765509068965912,0.07453449815511703,-0.013722327537834644
;24.737831115722656;-2.1388510880773072e-20,0.0028412374667823315,-1.409738540649414,0.1509094089269638;0.7921572923660278,0.3888501822948456,0.14372020959854126,-0.04283331334590912;0.0024734095204621553,-0.047667305916547775,0.07450702041387558,-0.013724745251238346
;24.729501724243164;-2.1487539909732155e-20,0.0028437154833227396,-1.4099100828170776,0.15169154107570648;0.7915356755256653,0.38884660601615906,0.14383171498775482,-0.04268605634570122;0.0024752845056355,-0.047679562121629715,0.07447951287031174,-0.013727176003158092
;24.72113037109375;-2.1587568987127117e-20,0.0028462260961532593,-1.410080075263977,0.15247492492198944;0.7909111380577087,0.38884302973747253,0.1439426988363266,-0.042541321367025375;0.002477172529324889,-0.047691766172647476,0.07445226609706879,-0.013729617930948734
;24.712718963623047;-2.1688535105059737e-20,0.002848769538104534,-1.410247564315796,0.15326018631458282;0.7902837991714478,0.3888394236564636,0.14405323565006256,-0.042394571006298065;0.0024790698662400246,-0.04770407825708389,0.07442470639944077,-0.013732071034610271
;24.704265594482422;-2.1790491577905433e-20,0.0028513444121927023,-1.4104137420654297,0.15404732525348663;0.7896533608436584,0.3888358473777771,0.1441633105278015,-0.042250342667102814;0.002480978611856699,-0.04771633446216583,0.07439740002155304,-0.013734537176787853
;24.695772171020508;-2.1893404478334394e-20,0.0028539502527564764,-1.410577416419983,0.1548357903957367;0.7890200018882751,0.38883230090141296,0.14427295327186584,-0.04210639372467995;0.002482896437868476,-0.047728635370731354,0.07437006384134293,-0.013737015426158905
;24.687236785888672;-2.199730288691503e-20,0.0028565863613039255,-1.410739541053772,0.1556258499622345;0.7883836030960083,0.38882869482040405,0.14438214898109436,-0.04196157306432724;0.0024848259054124355,-0.04774099960923195,0.07434254884719849,-0.013739503920078278
;24.678661346435547;-2.2102219115390017e-20,0.0028592527378350496,-1.4108996391296387,0.15641747415065765;0.7877443432807922,0.38882502913475037,0.14449089765548706,-0.041818082332611084;0.002486768178641796,-0.04775335639715195,0.0743151605129242,-0.013742005452513695
;24.670045852661133;-2.2208093387035402e-20,0.002861948451027274,-1.4110584259033203,0.1572103649377823;0.7871021628379822,0.3888213336467743,0.14459922909736633,-0.041674889624118805;0.002488718368113041,-0.04776574671268463,0.07428772747516632,-0.013744519092142582
;24.66139030456543;-2.2315054948821898e-20,0.0028646730352193117,-1.411214828491211,0.15800513327121735;0.7864571809768677,0.38881778717041016,0.1447071135044098,-0.04153194651007652;0.0024906795006245375,-0.047778163105249405,0.07426027208566666,-0.013747043907642365
;24.652694702148438;-2.2423042408438415e-20,0.0028674262575805187,-1.4113693237304688,0.15880149602890015;0.7858092188835144,0.3888140618801117,0.14481458067893982,-0.04138918220996857;0.002492653438821435,-0.047790609300136566,0.0742327868938446,-0.013749579899013042
;24.643957138061523;-2.2532015376206607e-20,0.0028702071867883205,-1.4115219116210938,0.1595993936061859;0.7851582169532776,0.38881033658981323,0.14492163062095642,-0.04124678671360016;0.0024946369230747223,-0.04780309274792671,0.07420527189970016,-0.013752128928899765
;24.63517951965332;-2.2642027166501892e-20,0.0028730155900120735,-1.411672830581665,0.16039806604385376;0.7845045328140259,0.38880670070648193,0.1450282782316208,-0.041105709969997406;0.002496631583198905,-0.04781556501984596,0.07417786866426468,-0.013754689134657383
;24.626361846923828;-2.2753113322241216e-20,0.0028758507687598467,-1.4118221998214722,0.16119852662086487;0.7838477492332458,0.38880300521850586,0.14513450860977173,-0.040966033935546875;0.0024986364878714085,-0.047828029841184616,0.07415058463811874,-0.013757259584963322
;24.61750602722168;-2.286520437317782e-20,0.002878713421523571,-1.4119690656661987,0.16200022399425507;0.7831882238388062,0.3887992799282074,0.14524033665657043,-0.040826596319675446;0.002500650705769658,-0.04784052446484566,0.07412327826023102,-0.013759843073785305
;24.60860824584961;-2.2978373020732732e-20,0.002881601918488741,-1.4121137857437134,0.1628037840127945;0.782525897026062,0.38879549503326416,0.1453457772731781,-0.04068740829825401;0.002502677496522665,-0.047853048890829086,0.07409593462944031,-0.013762436807155609
;24.599672317504883;-2.3092643498712957e-20,0.0028845169581472874,-1.4122568368911743,0.1636088788509369;0.7818607091903687,0.3887917697429657,0.14545084536075592,-0.040550753474235535;0.0025047147646546364,-0.04786552116274834,0.07406885921955109,-0.013765043579041958
;24.590696334838867;-2.3207960877155946e-20,0.002887457376345992,-1.4123976230621338,0.16441497206687927;0.7811927795410156,0.38878801465034485,0.1455555260181427,-0.04041203483939171;0.0025067622773349285,-0.04787810519337654,0.0740414559841156,-0.013767660595476627
;24.581680297851562;-2.3324404319831257e-20,0.002890423173084855,-1.4125372171401978,0.1652228683233261;0.780521810054779,0.3887841999530792,0.14565980434417725,-0.04027475044131279;0.002508819103240967,-0.04789067432284355,0.07401417195796967,-0.013770290650427341
;24.57262420654297;-2.3441951208519017e-20,0.0028934136498719454,-1.4126744270324707,0.1660325825214386;0.7798481583595276,0.388780415058136,0.14576369524002075,-0.040136486291885376;0.002510890131816268,-0.04790332168340683,0.0739867091178894,-0.013772930949926376
;24.563528060913086;-2.3560617699090565e-20,0.0028964292723685503,-1.41280996799469,0.16684354841709137;0.7791715860366821,0.38877665996551514,0.145867258310318,-0.04000082239508629;0.0025129688438028097,-0.04791592061519623,0.07395951449871063,-0.013775584287941456
;24.554393768310547;-2.3680377942151758e-20,0.0028994691092520952,-1.4129431247711182,0.1676563322544098;0.7784923315048218,0.38877278566360474,0.1459704339504242,-0.03986535593867302;0.002515059197321534,-0.04792854189872742,0.07393229752779007,-0.013778247870504856
;24.54521942138672;-2.380128363649088e-20,0.00290253316052258,-1.4130743741989136,0.1684698462486267;0.7778102159500122,0.3887689709663391,0.14607326686382294,-0.03973013162612915;0.0025171609595417976,-0.047941192984580994,0.07390503585338593,-0.013780921697616577
;24.5360050201416;-2.3923344475630737e-20,0.0029056204948574305,-1.413204312324524,0.16928477585315704;0.7771251797676086,0.3887651264667511,0.14617574214935303,-0.03959517180919647;0.002519273431971669,-0.047953881323337555,0.07387775182723999,-0.013783609494566917
;24.526752471923828;-2.4046581462204067e-20,0.0029087320435792208,-1.4133319854736328,0.17010122537612915;0.7764374613761902,0.3887612521648407,0.14627787470817566,-0.039460428059101105;0.00252139731310308,-0.047966599464416504,0.07385043799877167,-0.013786306604743004
;24.5174617767334;-2.417097359357813e-20,0.0029118668753653765,-1.4134573936462402,0.17091916501522064;0.7757470011711121,0.3887574076652527,0.14637966454029083,-0.039325930178165436;0.002523531671613455,-0.047979339957237244,0.07382310181856155,-0.01378901768475771
;24.508129119873047;-2.4296490173597383e-20,0.0029150249902158976,-1.413581132888794,0.1717386394739151;0.7750537395477295,0.3887534737586975,0.14648111164569855,-0.03919277340173721;0.002525675343349576,-0.047992072999477386,0.0737958773970604,-0.013791737146675587
;24.49875831604004;-2.4423226521902724e-20,0.002918205689638853,-1.4137028455734253,0.17255963385105133;0.7743575572967529,0.3887495696544647,0.1465822160243988,-0.03905986249446869;0.0025278315879404545,-0.04800483584403992,0.07376862317323685,-0.013794469647109509
;24.489349365234375;-2.4551166482622816e-20,0.002921409672126174,-1.413822889328003,0.17338179051876068;0.7736586928367615,0.3887457251548767,0.146683007478714,-0.038927190005779266;0.002529998542740941,-0.04801763594150543,0.07374133914709091,-0.013797213323414326
;24.479900360107422;-2.4680272897253578e-20,0.002924635773524642,-1.4139409065246582,0.1742054522037506;0.7729572653770447,0.38874179124832153,0.1467834860086441,-0.03879358246922493;0.002532173413783312,-0.04803049936890602,0.07371388375759125,-0.013799968175590038
;24.47041130065918;-2.481067501276572e-20,0.0029278842266649008,-1.4140565395355225,0.1750309020280838;0.7722526788711548,0.3887377977371216,0.14688360691070557,-0.038662537932395935;0.0025343643501400948,-0.04804331436753273,0.07368668913841248,-0.013802735134959221
;24.46088409423828;-2.4942251660124205e-20,0.0029311550315469503,-1.414170503616333,0.1758577972650528;0.7715456485748291,0.3887338638305664,0.14698345959186554,-0.038531720638275146;0.002536563202738762,-0.04805615544319153,0.07365947216749191,-0.013805512338876724
;24.451318740844727;-2.507509008103426e-20,0.002934447955340147,-1.4142827987670898,0.17668573558330536;0.770835816860199,0.38872987031936646,0.14708295464515686,-0.03840108588337898;0.0025387729983776808,-0.048069026321172714,0.07363222539424896,-0.013808301649987698
;24.441715240478516;-2.520919673784442e-20,0.002937762765213847,-1.4143933057785034,0.1775147169828415;0.770123302936554,0.38872596621513367,0.1471821814775467,-0.03827069699764252;0.0025409923400729895,-0.048081930726766586,0.07360494881868362,-0.013811101205646992
;24.432069778442383;-2.5344576477316086e-20,0.0029410989955067635,-1.4145013093948364,0.1783454716205597;0.7694080471992493,0.38872194290161133,0.14728111028671265,-0.038140587508678436;0.002543225884437561,-0.04809486120939255,0.0735776349902153,-0.013813912868499756
;24.422386169433594;-2.5481219605926457e-20,0.0029444571118801832,-1.4146074056625366,0.179177388548851;0.7686898708343506,0.3887178897857666,0.14737974107265472,-0.03801066800951958;0.0025454687420278788,-0.048107825219631195,0.07355029881000519,-0.013816735707223415
;24.41266441345215;-2.561917943805095e-20,0.002947836648672819,-1.414711833000183,0.1800110936164856;0.7679690718650818,0.38871392607688904,0.14747807383537292,-0.03788211569190025;0.0025477216113358736,-0.04812077432870865,0.07352308183908463,-0.01381956972181797
;24.402904510498047;-2.5758409121662683e-20,0.002951237140223384,-1.4148141145706177,0.18084599077701569;0.7672454714775085,0.3887098729610443,0.14757613837718964,-0.03775382414460182;0.0025499870534986258,-0.04813376069068909,0.07349584251642227,-0.013822413980960846
;24.39310646057129;-2.5898949046440004e-20,0.002954659052193165,-1.4149143695831299,0.18168199062347412;0.7665194869041443,0.3887058198451996,0.14767390489578247,-0.037626877427101135;0.0025522636715322733,-0.048146724700927734,0.07346871495246887,-0.013825270347297192
;24.383270263671875;-2.6040821830602785e-20,0.0029581021517515182,-1.4150131940841675,0.18251974880695343;0.765790581703186,0.38870179653167725,0.14777137339115143,-0.037500109523534775;0.0025545505341142416,-0.048159725964069366,0.07344156503677368,-0.013828137889504433
;24.37339210510254;-2.6184054939132304e-20,0.002961565740406513,-1.4151092767715454,0.18335898220539093;0.7650590538978577,0.38869768381118774,0.14786860346794128,-0.03737363591790199;0.0025568483397364616,-0.048172757029533386,0.0734143853187561,-0.013831017538905144
;24.363475799560547;-2.6328645140854293e-20,0.0029650505166500807,-1.4152038097381592,0.18419961631298065;0.7643246650695801,0.38869357109069824,0.14796558022499084,-0.037247344851493835;0.0025591570883989334,-0.048185814172029495,0.07338716834783554,-0.01383390836417675
;24.3535213470459;-2.647456658637461e-20,0.0029685557819902897,-1.4152966737747192,0.18504147231578827;0.7635876536369324,0.38868948817253113,0.14806227385997772,-0.03712131828069687;0.0025614777114242315,-0.04819890111684799,0.07335992902517319,-0.013836810365319252
;24.343528747558594;-2.662191297974702e-20,0.002972081769257784,-1.4153876304626465,0.18588469922542572;0.762847900390625,0.38868531584739685,0.1481587141752243,-0.036995500326156616;0.0025638078805059195,-0.048212021589279175,0.07333265990018845,-0.013839722611010075
;24.333498001098633;-2.6770664933925916e-20,0.0029756282456219196,-1.4154763221740723,0.18672937154769897;0.7621055841445923,0.38868123292922974,0.1482548862695694,-0.03686991333961487;0.0025661527179181576,-0.04822516441345215,0.07330536097288132,-0.013842646963894367
;24.323429107666016;-2.6920783674820085e-20,0.002979195211082697,-1.4155633449554443,0.1875758022069931;0.7613605260848999,0.3886771500110626,0.14835083484649658,-0.036745619028806686;0.00256850547157228,-0.048238299787044525,0.07327818870544434,-0.01384558156132698
;24.313322067260742;-2.7072346750611955e-20,0.0029827821999788284,-1.4156485795974731,0.18842360377311707;0.7606129050254822,0.38867297768592834,0.14844654500484467,-0.0366227850317955;0.002570869866758585,-0.0482514314353466,0.0732511356472969,-0.01384852733463049
;24.303176879882812;-2.722534769895299e-20,0.002986390143632889,-1.4157320261001587,0.1892717331647873;0.7598626613616943,0.38866880536079407,0.14854198694229126,-0.03650012984871864;0.0025732440408319235,-0.048264577984809875,0.07322405278682709,-0.013851483352482319
;24.292993545532227;-2.7379810753650195e-20,0.002990017645061016,-1.4158134460449219,0.19012147188186646;0.7591097354888916,0.388664573431015,0.14863719046115875,-0.0363776795566082;0.002575632883235812,-0.04827776178717613,0.07319695502519608,-0.013854452408850193
;24.282772064208984;-2.7535698756199495e-20,0.0029936658684164286,-1.4158926010131836,0.19097261130809784;0.7583542466163635,0.3886604309082031,0.14873217046260834,-0.03625548630952835;0.002578030340373516,-0.04829097166657448,0.07316982001066208,-0.013857430778443813
;24.272512435913086;-2.769306663656344e-20,0.0029973338823765516,-1.4159703254699707,0.19182519614696503;0.7575961351394653,0.3886561691761017,0.1488269418478012,-0.036135800182819366;0.0025804387405514717,-0.048304133117198944,0.07314295321702957,-0.013860422186553478
;24.26221466064453;-2.785194993765898e-20,0.0030010216869413853,-1.416046142578125,0.19267921149730682;0.756835401058197,0.388651967048645,0.14892147481441498,-0.03601634502410889;0.002582857385277748,-0.0483173169195652,0.07311606407165527,-0.013863421976566315
;24.25187873840332;-2.8012338965963303e-20,0.003004729747772217,-1.416119933128357,0.1935342401266098;0.7560718655586243,0.38864776492118835,0.14901578426361084,-0.035897064954042435;0.0025852916296571493,-0.04833053797483444,0.07308915257453918,-0.013866434805095196
;24.241504669189453;-2.817423049030215e-20,0.0030084573663771152,-1.4161919355392456,0.1943906992673874;0.7553058862686157,0.3886435627937317,0.14910989999771118,-0.03577689081430435;0.002587733557447791,-0.048343826085329056,0.07306205481290817,-0.013869457878172398
;24.23109245300293;-2.833764066654685e-20,0.003012205008417368,-1.4162616729736328,0.19524887204170227;0.7545373439788818,0.38863927125930786,0.14920377731323242,-0.035658083856105804;0.0025901873596012592,-0.04835709556937218,0.07303508371114731,-0.013872492127120495
;24.22064208984375;-2.8502572725871683e-20,0.0030159729067236185,-1.4163299798965454,0.19610805809497833;0.7537660002708435,0.38863494992256165,0.14929746091365814,-0.035539429634809494;0.0025926525704562664,-0.04837040230631828,0.07300808280706406,-0.013875538483262062
;24.210153579711914;-2.866917853346723e-20,0.0030197598971426487,-1.4163957834243774,0.1969684511423111;0.7529921531677246,0.3886306583881378,0.14939093589782715,-0.03542105481028557;0.0025951298885047436,-0.04838373512029648,0.07298105210065842,-0.01387859508395195
;24.199626922607422;-2.8837309455317166e-20,0.003023566910997033,-1.4164601564407349,0.19783039391040802;0.7522156238555908,0.3886263370513916,0.14948418736457825,-0.03530285134911537;0.0025976188480854034,-0.04839709401130676,0.07295399904251099,-0.013881661929190159
;24.18906021118164;-2.900700749668698e-20,0.003027393715456128,-1.416522741317749,0.19869348406791687;0.7514365315437317,0.38862207531929016,0.1495772749185562,-0.03518488258123398;0.002600117353722453,-0.04841048642992973,0.07292690873146057,-0.013884740881621838
;24.178457260131836;-2.9178427753941524e-20,0.00303124007768929,-1.4165830612182617,0.19955822825431824;0.7506548166275024,0.38861775398254395,0.14967015385627747,-0.03506825119256973;0.002602629829198122,-0.04842386022210121,0.0728999525308609,-0.013887831009924412
;24.167816162109375;-2.9351428055413015e-20,0.003035105997696519,-1.416642189025879,0.2004246711730957;0.7498705387115479,0.3886133134365082,0.1497628539800644,-0.034953027963638306;0.002605150919407606,-0.04843723401427269,0.07287311553955078,-0.013890931382775307
;24.157136917114258;-2.9526092411632415e-20,0.0030389914754778147,-1.4166988134384155,0.20129099488258362;0.7490836977958679,0.38860902190208435,0.1498553603887558,-0.0348379984498024;0.0026076852809637785,-0.04845062643289566,0.07284625619649887,-0.013894042931497097
;24.146419525146484;-2.9702404666728386e-20,0.00304289604537189,-1.416754126548767,0.2021588832139969;0.7482943534851074,0.38860464096069336,0.14994767308235168,-0.03472320735454559;0.0026102305855602026,-0.04846405237913132,0.07281936705112457,-0.013897165656089783
;24.135663986206055;-2.988040036361787e-20,0.003046821104362607,-1.4168070554733276,0.20302839577198029;0.747502326965332,0.38860028982162476,0.15003982186317444,-0.03460858389735222;0.002612788463011384,-0.04847750440239906,0.07279244065284729,-0.013900299556553364
;24.12487030029297;-3.006012796991489e-20,0.0030507652554661036,-1.4168586730957031,0.20389898121356964;0.7467076778411865,0.3885958790779114,0.15013179183006287,-0.034494202584028244;0.0026153551880270243,-0.0484909862279892,0.07276549935340881,-0.01390344463288784
;24.114038467407227;-3.024153901800543e-20,0.0030547284986823797,-1.416907548904419,0.20477096736431122;0.7459105253219604,0.3885914981365204,0.15022359788417816,-0.034380026161670685;0.0026179361157119274,-0.04850450158119202,0.07273852825164795,-0.013906600885093212
;24.103168487548828;-3.0424730443117514e-20,0.0030587115325033665,-1.416955590248108,0.20564423501491547;0.745110809803009,0.3885870575904846,0.15031522512435913,-0.03426606208086014;0.0026205270551145077,-0.04851803556084633,0.0727115198969841,-0.01390976831316948
;24.092260360717773;-3.060966993350847e-20,0.003062713658437133,-1.4170012474060059,0.2065185308456421;0.7443084716796875,0.38858261704444885,0.15040668845176697,-0.03415229544043541;0.002623131265863776,-0.04853160306811333,0.07268448919057846,-0.013912945985794067
;24.081314086914062;-3.07963574891783e-20,0.003066736040636897,-1.417044997215271,0.20739448070526123;0.7435035705566406,0.3885781764984131,0.15049800276756287,-0.034038715064525604;0.0026257464196532965,-0.04854520410299301,0.07265742868185043,-0.013916135765612125
;24.070329666137695;-3.0984857733612357e-20,0.003070777514949441,-1.4170873165130615,0.20827174186706543;0.7426961660385132,0.3885737657546997,0.15058916807174683,-0.033925365656614304;0.0026283739134669304,-0.048558831214904785,0.07263033837080002,-0.013919335789978504
;24.059307098388672;-3.1175209440901855e-20,0.0030748385470360518,-1.417128086090088,0.20914912223815918;0.7418861389160156,0.3885692358016968,0.15068016946315765,-0.03381223604083061;0.002631011651828885,-0.04857248812913895,0.07260322570800781,-0.013922547921538353
;24.048246383666992;-3.1367383530478383e-20,0.003078918671235442,-1.4171662330627441,0.21002809703350067;0.7410735487937927,0.3885647654533386,0.15077102184295654,-0.033701617270708084;0.002633662661537528,-0.04858608916401863,0.07257639616727829,-0.013925769366323948
;24.037147521972656;-3.156140908291035e-20,0.003083018120378256,-1.4172031879425049,0.2109086513519287;0.740258514881134,0.3885602653026581,0.1508617401123047,-0.03359123319387436;0.0026363248471170664,-0.0485997200012207,0.07254953682422638,-0.013929002918303013
;24.026012420654297;-3.175724409293228e-20,0.0030871371272951365,-1.4172385931015015,0.21179024875164032;0.7394408583641052,0.38855576515197754,0.1509523093700409,-0.03348100930452347;0.002638997510075569,-0.048613376915454865,0.07252264022827148,-0.013932247646152973
;24.014841079711914;-3.195500811399208e-20,0.0030912761576473713,-1.417271614074707,0.212673157453537;0.7386208772659302,0.3885512351989746,0.15104274451732635,-0.03337101265788078;0.0026416839100420475,-0.04862706735730171,0.0724957287311554,-0.01393550168722868
;24.003631591796875;-3.2154672065521334e-20,0.0030954338144510984,-1.4173027276992798,0.21355736255645752;0.7377984523773193,0.3885467052459717,0.15113303065299988,-0.03326115757226944;0.0026443807873874903,-0.04864078015089035,0.07246878743171692,-0.013938767835497856
;23.99238395690918;-3.2356235947520047e-20,0.0030996110290288925,-1.4173319339752197,0.21444253623485565;0.7369735836982727,0.3885420858860016,0.15122321248054504,-0.03315276652574539;0.002647088374942541,-0.04865448176860809,0.07244197279214859,-0.013942044228315353
;23.981098175048828;-3.255976761464784e-20,0.0031038078013807535,-1.4173600673675537,0.21532931923866272;0.7361459732055664,0.38853758573532104,0.15131324529647827,-0.033043328672647476;0.0026498092338442802,-0.04866825416684151,0.07241497933864594,-0.013945331797003746
;23.96977424621582;-3.2765283222776054e-20,0.003108023665845394,-1.4173858165740967,0.21621710062026978;0.7353159785270691,0.38853296637535095,0.15140317380428314,-0.032934144139289856;0.0026525428984314203,-0.04868206009268761,0.0723879486322403,-0.013948630541563034
;23.958412170410156;-3.297279892777603e-20,0.003112258855253458,-1.4174102544784546,0.21710580587387085;0.7344833612442017,0.38852837681770325,0.15149295330047607,-0.032825175672769547;0.002655287738889456,-0.048695892095565796,0.07236089557409286,-0.013951941393315792
;23.947011947631836;-3.318232442317056e-20,0.003116513602435589,-1.4174330234527588,0.21799610555171967;0.7336483597755432,0.3885236978530884,0.15158262848854065,-0.03271637111902237;0.0026580437552183867,-0.04870975390076637,0.07233380526304245,-0.013955261558294296
;23.93557357788086;-3.339385970895966e-20,0.0031207879073917866,-1.4174540042877197,0.21888768672943115;0.7328107953071594,0.38851913809776306,0.15167218446731567,-0.03261010721325874;0.002660813508555293,-0.04872355982661247,0.07230701297521591,-0.01395859383046627
;23.924097061157227;-3.360742417218893e-20,0.0031250817701220512,-1.4174724817276,0.2197805792093277;0.7319705486297607,0.3885144889354706,0.15176163613796234,-0.0325029157102108;0.0026635939721018076,-0.048737432807683945,0.07228002697229385,-0.01396193727850914
;23.912586212158203;-3.3823117979260665e-20,0.0031293947249650955,-1.4174895286560059,0.2206738442182541;0.7311281561851501,0.3885098099708557,0.15185096859931946,-0.03239709138870239;0.00266638514585793,-0.04875129461288452,0.07225317507982254,-0.01396529097110033
;23.901037216186523;-3.4040882969038053e-20,0.0031337267719209194,-1.4175052642822266,0.22156858444213867;0.7302833199501038,0.3885051906108856,0.15194018185138702,-0.03229136765003204;0.0026691926177591085,-0.04876517876982689,0.07222630083560944,-0.013968653976917267
;23.889450073242188;-3.426076437796084e-20,0.0031380783766508102,-1.4175187349319458,0.22246423363685608;0.729435920715332,0.38850051164627075,0.15202930569648743,-0.03218592330813408;0.00267200730741024,-0.04877910017967224,0.07219939678907394,-0.013972029089927673
;23.877824783325195;-3.448277189955183e-20,0.003142449539154768,-1.4175304174423218,0.22336150705814362;0.7285860776901245,0.3884958326816559,0.15211834013462067,-0.03208181634545326;0.0026748361997306347,-0.0487930066883564,0.0721726194024086,-0.013975415378808975
;23.866161346435547;-3.4707002469039057e-20,0.0031468402594327927,-1.4175406694412231,0.22425974905490875;0.7277337908744812,0.38849109411239624,0.15220728516578674,-0.03197913244366646;0.0026776769664138556,-0.048806898295879364,0.072145976126194,-0.013978812843561172
;23.854463577270508;-3.4933288065360594e-20,0.003151250071823597,-1.4175490140914917,0.22515885531902313;0.7268790602684021,0.388486385345459,0.15229611098766327,-0.031876590102910995;0.00268053007312119,-0.048820819705724716,0.07211930304765701,-0.01398222055286169
;23.842727661132812;-3.5161845177192385e-20,0.0031556792091578245,-1.4175554513931274,0.22605955600738525;0.7260221838951111,0.38848164677619934,0.15238486230373383,-0.03177424892783165;0.002683395752683282,-0.048834770917892456,0.07209260761737823,-0.01398563850671053
;23.83095359802246;-3.5392647955140286e-20,0.0031601283699274063,-1.4175606966018677,0.2269614338874817;0.7251625657081604,0.3884768784046173,0.15247349441051483,-0.03167209029197693;0.002686272142454982,-0.04884874075651169,0.07206588238477707,-0.013989068567752838
;23.819141387939453;-3.5625731942121244e-20,0.0031645968556404114,-1.4175636768341064,0.2278640866279602;0.7243006825447083,0.38847216963768005,0.15256206691265106,-0.03157016262412071;0.002689163899049163,-0.048862747848033905,0.07203913480043411,-0.013992508873343468
;23.807292938232422;-3.586116499279488e-20,0.0031690848991274834,-1.417565107345581,0.22876745462417603;0.7234362959861755,0.388467401266098,0.15265056490898132,-0.03146843612194061;0.0026920640375465155,-0.04887678474187851,0.07201234996318817,-0.013995960354804993
;23.795408248901367;-3.609873061848526e-20,0.0031735915690660477,-1.4175649881362915,0.22967205941677094;0.7225697040557861,0.3884626030921936,0.15273895859718323,-0.03136683627963066;0.0026949779130518436,-0.048890843987464905,0.07198555022478104,-0.013999422080814838
;23.783485412597656;-3.633866146373965e-20,0.00317811849527061,-1.4175630807876587,0.23057788610458374;0.7217006087303162,0.3884578347206116,0.15282727777957916,-0.03126551955938339;0.002697904594242573,-0.04890493303537369,0.07195871323347092,-0.01400289312005043
;23.77152442932129;-3.6581002764997815e-20,0.0031826640479266644,-1.4175597429275513,0.2314852625131607;0.7208291292190552,0.38845303654670715,0.15291552245616913,-0.03116431087255478;0.0027008415199816227,-0.04891905188560486,0.07193184643983841,-0.014006378129124641
;23.759525299072266;-3.682568989877439e-20,0.0031872298568487167,-1.4175546169281006,0.23239292204380035;0.7199551463127136,0.38844814896583557,0.1530037224292755,-0.031064512208104134;0.0027037926483899355,-0.04893315210938454,0.07190512120723724,-0.014009871520102024
;23.74749183654785;-3.707287473025996e-20,0.0031918154563754797,-1.417547345161438,0.2333020120859146;0.7190788984298706,0.38844338059425354,0.15309183299541473,-0.030964894220232964;0.0027067556511610746,-0.0489472858607769,0.07187836617231369,-0.014013377949595451
;23.73542022705078;-3.7322353695475663e-20,0.003196420380845666,-1.4175385236740112,0.2342127114534378;0.7182002663612366,0.38843846321105957,0.15317989885807037,-0.030865460634231567;0.0027097323909401894,-0.048961445689201355,0.07185158133506775,-0.01401689276099205
;23.723310470581055;-3.7574307740180487e-20,0.0032010450959205627,-1.4175282716751099,0.23512424528598785;0.7173192501068115,0.38843363523483276,0.15326786041259766,-0.030766237527132034;0.0027127207722514868,-0.048975635319948196,0.07182477414608002,-0.014020419679582119
;23.711162567138672;-3.782878533198845e-20,0.003205689135938883,-1.4175162315368652,0.23603671789169312;0.7164358496665955,0.3884287178516388,0.15335577726364136,-0.030668381601572037;0.0027157217264175415,-0.048989810049533844,0.07179809361696243,-0.014023957774043083
;23.6989803314209;-3.808577677737675e-20,0.0032103522680699825,-1.4175020456314087,0.2369503229856491;0.7155500650405884,0.3884238600730896,0.15344363451004028,-0.030570685863494873;0.0027187340892851353,-0.04900401458144188,0.07177138328552246,-0.014027505181729794
;23.68675994873047;-3.834533700630794e-20,0.003215035190805793,-1.4174872636795044,0.23786506056785583;0.7146621346473694,0.38841894268989563,0.15353144705295563,-0.030473239719867706;0.002721758559346199,-0.049018241465091705,0.0717446580529213,-0.0140310637652874
;23.674501419067383;-3.860744016938788e-20,0.00321973767131567,-1.4174699783325195,0.2387814074754715;0.7137717008590698,0.38841405510902405,0.153619185090065,-0.030375899747014046;0.0027247986290603876,-0.04903249815106392,0.07171789556741714,-0.014034634456038475
;23.662206649780273;-3.8872157352450455e-20,0.0032244601752609015,-1.4174513816833496,0.23969799280166626;0.7128788828849792,0.3884091377258301,0.153706893324852,-0.03027881495654583;0.0027278491761535406,-0.04904678836464882,0.0716911107301712,-0.014038215391337872
;23.64987564086914;-3.9139465937275794e-20,0.0032292017713189125,-1.4174307584762573,0.24061529338359833;0.7119839787483215,0.38840416073799133,0.1537945419549942,-0.030181854963302612;0.0027309127617627382,-0.04906110465526581,0.07166428864002228,-0.014041805639863014
;23.63750648498535;-3.9409443472046324e-20,0.0032339636236429214,-1.4174087047576904,0.2415340542793274;0.7110865712165833,0.3883991837501526,0.15388216078281403,-0.030085133388638496;0.0027339865919202566,-0.049075447022914886,0.07163745164871216,-0.014045407995581627
;23.625099182128906;-3.9682015639753886e-20,0.003238745266571641,-1.4173851013183594,0.2424544095993042;0.710186779499054,0.38839423656463623,0.15396974980831146,-0.029989756643772125;0.002737075090408325,-0.04908977448940277,0.07161074876785278,-0.014049019664525986
;23.612655639648438;-3.995733753676333e-20,0.0032435457687824965,-1.4173599481582642,0.24337522685527802;0.7092846632003784,0.3883892297744751,0.15405724942684174,-0.029893390834331512;0.0027401770930737257,-0.049104176461696625,0.07158385217189789,-0.01405264437198639
;23.600175857543945;-4.0235438243643075e-20,0.0032483667600899935,-1.4173328876495361,0.24429719150066376;0.708380401134491,0.38838425278663635,0.154144749045372,-0.0297995675355196;0.0027432909701019526,-0.0491185188293457,0.07155726104974747,-0.014056278392672539
;23.587657928466797;-4.0516385615052736e-20,0.0032532073091715574,-1.4173039197921753,0.24522031843662262;0.7074738144874573,0.3883792757987976,0.1542322188615799,-0.029705964028835297;0.0027464181184768677,-0.04913289099931717,0.07153063267469406,-0.014059923589229584
;23.575103759765625;-4.0800031016976e-20,0.0032580674160271883,-1.4172738790512085,0.24614457786083221;0.7065648436546326,0.3883742392063141,0.1543196141719818,-0.029612518846988678;0.0027495587710291147,-0.049147289246320724,0.07150398939847946,-0.01406357903033495
;23.56251335144043;-4.1086468153466626e-20,0.0032629480119794607,-1.4172415733337402,0.2470700740814209;0.7056537866592407,0.3883691728115082,0.15440700948238373,-0.029519256204366684;0.002752709900960326,-0.04916171357035637,0.07147730886936188,-0.01406724564731121
;23.549884796142578;-4.137581011562399e-20,0.003267847467213869,-1.4172080755233765,0.2479962557554245;0.7047402858734131,0.38836413621902466,0.15449436008930206,-0.029426168650388718;0.002755875699222088,-0.0491761676967144,0.0714506059885025,-0.014070922508835793
;23.53721809387207;-4.166812798928199e-20,0.0032727669458836317,-1.4171730279922485,0.24892358481884003;0.7038244009017944,0.38835909962654114,0.1545816957950592,-0.02933330088853836;0.0027590536046773195,-0.04919064790010452,0.07142387330532074,-0.014074611477553844
;23.524517059326172;-4.196328929629564e-20,0.0032777064479887486,-1.4171366691589355,0.24985246360301971;0.7029063701629639,0.38835400342941284,0.15466901659965515,-0.029240578413009644;0.0027622447814792395,-0.04920516163110733,0.07139711081981659,-0.014078310690820217
;23.511777877807617;-4.226134573545322e-20,0.0032826655078679323,-1.417098045349121,0.25078150629997253;0.7019860744476318,0.38834887742996216,0.15475627779960632,-0.029148023575544357;0.0027654501609504223,-0.04921969771385193,0.07137031853199005,-0.014082018285989761
;23.499000549316406;-4.2562484714862273e-20,0.0032876445911824703,-1.4170583486557007,0.2517111003398895;0.7010635137557983,0.38834378123283386,0.1548435539007187,-0.02905689924955368;0.0027686653193086386,-0.04923421889543533,0.07134367525577545,-0.014085739850997925
;23.486188888549805;-4.286660929929476e-20,0.0032926436979323626,-1.4170163869857788,0.25264227390289307;0.7001387476921082,0.38833874464035034,0.15493081510066986,-0.02896588295698166;0.002771896542981267,-0.049248773604631424,0.07131699472665787,-0.014089468866586685
;23.473339080810547;-4.3173806730455906e-20,0.0032976623624563217,-1.4169732332229614,0.25357457995414734;0.6992117166519165,0.3883335590362549,0.15501803159713745,-0.028876258060336113;0.0027751391753554344,-0.04926331341266632,0.07129045575857162,-0.01409321278333664
;23.460451126098633;-4.348405762130011e-20,0.0033027019817382097,-1.4169288873672485,0.2545076608657837;0.6982824206352234,0.3883284032344818,0.15510526299476624,-0.02878683991730213;0.002778394380584359,-0.04927786812186241,0.07126390188932419,-0.014096963219344616
;23.447528839111328;-4.37975299928893e-20,0.0033077604603022337,-1.4168823957443237,0.255441814661026;0.6973508596420288,0.38832324743270874,0.15519247949123383,-0.028697624802589417;0.0027816647198051214,-0.04929246008396149,0.07123731076717377,-0.014100726693868637
;23.434568405151367;-4.4114126909995435e-20,0.0033128398936241865,-1.4168343544006348,0.25637662410736084;0.6964172720909119,0.3883180320262909,0.15527969598770142,-0.028608551248908043;0.0027849460020661354,-0.04930708184838295,0.07121068984270096,-0.014104500412940979
;23.421571731567383;-4.4433942076672285e-20,0.00331793911755085,-1.4167852401733398,0.2573130130767822;0.6954813003540039,0.38831284642219543,0.15536688268184662,-0.02851966954767704;0.002788242418318987,-0.0493217296898365,0.07118405401706696,-0.014108284376561642
;23.408538818359375;-4.4756952874699974e-20,0.0033230583649128675,-1.4167344570159912,0.2582504153251648;0.6945433020591736,0.38830769062042236,0.15545408427715302,-0.028430940583348274;0.002791551873087883,-0.04933640733361244,0.07115738093852997,-0.014112078584730625
;23.39546775817871;-4.5083217465215324e-20,0.003328197868540883,-1.4166817665100098,0.25918763875961304;0.693602979183197,0.38830241560935974,0.1555412858724594,-0.028342442587018013;0.002794872270897031,-0.049351103603839874,0.0711306780576706,-0.014115884900093079
;23.382362365722656;-4.541279400935515e-20,0.003333357162773609,-1.4166280031204224,0.26012617349624634;0.6926605105400085,0.3882972002029419,0.1556284874677658,-0.028254063799977303;0.00279820803552866,-0.04936583712697029,0.07110395282506943,-0.014119699597358704
;23.369218826293945;-4.574567281359666e-20,0.003338536014780402,-1.4165719747543335,0.261066198348999;0.6917158365249634,0.38829198479652405,0.1557157039642334,-0.02816588059067726;0.0028015575371682644,-0.0493805930018425,0.07107720524072647,-0.014123526401817799
;23.356037139892578;-4.6081996049607623e-20,0.003343735821545124,-1.4165151119232178,0.26200684905052185;0.690768837928772,0.3882867097854614,0.1558028906583786,-0.028079085052013397;0.0028049189131706953,-0.04939534142613411,0.07105058431625366,-0.014127364382147789
;23.34282112121582;-4.642179926030499e-20,0.0033489556517452,-1.4164559841156006,0.2629483640193939;0.689819872379303,0.3882814943790436,0.155890092253685,-0.02799362502992153;0.002808294491842389,-0.04941007122397423,0.07102411985397339,-0.0141312126070261
;23.329566955566406;-4.676494350519525e-20,0.003354195272549987,-1.4163960218429565,0.2638908326625824;0.6888686418533325,0.3882761597633362,0.1559773087501526,-0.02790837362408638;0.002811682876199484,-0.049424827098846436,0.07099761813879013,-0.014135072007775307
;23.3162784576416;-4.711157741829472e-20,0.0033594551496207714,-1.4163347482681274,0.26483437418937683;0.6879153251647949,0.38827088475227356,0.15606452524662018,-0.027823252603411674;0.0028150840662419796,-0.049439605325460434,0.07097109407186508,-0.01413893885910511
;23.30295181274414;-4.7461804397179965e-20,0.003364735748618841,-1.4162713289260864,0.2657793462276459;0.686959981918335,0.3882655203342438,0.15615178644657135,-0.02773832529783249;0.002818498993292451,-0.04945441335439682,0.07094454765319824,-0.014142820611596107
;23.289588928222656;-4.7815627673025255e-20,0.003370035905390978,-1.4162064790725708,0.2667243778705597;0.6860023140907288,0.38826027512550354,0.15623900294303894,-0.027653610333800316;0.0028219299856573343,-0.049469251185655594,0.07091796398162842,-0.014146709814667702
;23.27618980407715;-4.8172921230034146e-20,0.003375356551259756,-1.4161401987075806,0.26767072081565857;0.6850426197052002,0.38825488090515137,0.1563262939453125,-0.0275702103972435;0.0028253705240786076,-0.04948407784104347,0.07089152932167053,-0.01415061205625534
;23.262752532958984;-4.853391771275392e-20,0.003380697453394532,-1.4160726070404053,0.26861849427223206;0.6840807199478149,0.38824954628944397,0.15641357004642487,-0.027485834434628487;0.002828826429322362,-0.049498964101076126,0.07086489349603653,-0.014154521748423576
;23.24928092956543;-4.889869790054127e-20,0.003386058611795306,-1.4160034656524658,0.2695663869380951;0.6831167340278625,0.38824424147605896,0.15650086104869843,-0.02740163914859295;0.0028322977013885975,-0.049513887614011765,0.07083823531866074,-0.014158444479107857
;23.23577117919922;-4.9267203632259375e-20,0.0033914402592927217,-1.4159324169158936,0.27051469683647156;0.682150661945343,0.3882388472557068,0.15658819675445557,-0.027318792417645454;0.002835781080648303,-0.04952879622578621,0.07081171870231628,-0.014162377454340458
;23.222227096557617;-4.963950599374213e-20,0.003396842163056135,-1.4158602952957153,0.2714644968509674;0.6811824440956116,0.3882334530353546,0.1566755473613739,-0.027234883978962898;0.0028392772655934095,-0.04954376816749573,0.07078501582145691,-0.014166319742798805
;23.20864486694336;-5.001557267324685e-20,0.003402264090254903,-1.4157863855361938,0.27241531014442444;0.6802121996879578,0.38822805881500244,0.15676292777061462,-0.02715357579290867;0.00284278835169971,-0.04955868422985077,0.07075861096382141,-0.014170275069773197
;23.19502830505371;-5.039551676187292e-20,0.0034077069722115993,-1.415710687637329,0.27336689829826355;0.6792398691177368,0.3882226347923279,0.15685033798217773,-0.027072418481111526;0.0028463120106607676,-0.0495736300945282,0.07073218375444412,-0.01417423877865076
;23.181373596191406;-5.0779338259620326e-20,0.0034131701104342937,-1.4156341552734375,0.2743194103240967;0.6782655119895935,0.38821718096733093,0.15693777799606323,-0.026991454884409904;0.0028498482424765825,-0.04958860203623772,0.07070572674274445,-0.01417821366339922
;23.167682647705078;-5.116713733289138e-20,0.0034186539705842733,-1.4155560731887817,0.2752729058265686;0.6772888898849487,0.388211727142334,0.15702523291110992,-0.02691066265106201;0.00285340310074389,-0.049603600054979324,0.07067924737930298,-0.014182199724018574
;23.153955459594727;-5.155896568047436e-20,0.0034241576213389635,-1.415476679801941,0.2762274742126465;0.6763104200363159,0.38820624351501465,0.157112717628479,-0.026830025017261505;0.0028569672722369432,-0.04961862415075302,0.07065274566411972,-0.014186195097863674
;23.14019203186035;-5.195486530763475e-20,0.0034296822268515825,-1.4153956174850464,0.2771827280521393;0.6753298044204712,0.3882008194923401,0.15720026195049286,-0.026749607175588608;0.0028605463448911905,-0.049633678048849106,0.07062621414661407,-0.014190200716257095
;23.126392364501953;-5.235478451558426e-20,0.003435227321460843,-1.4153132438659668,0.27813857793807983;0.6743471622467041,0.38819533586502075,0.1572878062725067,-0.026669282466173172;0.002864140085875988,-0.04964875802397728,0.07059965282678604,-0.014194217510521412
;23.11255645751953;-5.275898826061286e-20,0.0034407926723361015,-1.415229082107544,0.27909573912620544;0.6733623743057251,0.3881898522377014,0.15737541019916534,-0.02658916637301445;0.0028677487280219793,-0.04966386780142784,0.07057306915521622,-0.014198245480656624
;23.098684310913086;-5.3167263285218867e-20,0.0034463792107999325,-1.4151432514190674,0.280053973197937;0.6723757982254028,0.3881843388080597,0.15746307373046875,-0.026509234681725502;0.002871368546038866,-0.049678999930620193,0.0705464631319046,-0.014202283695340157
;23.084775924682617;-5.3579754992244333e-20,0.0034519857726991177,-1.415056586265564,0.28101256489753723;0.6713869571685791,0.3881787955760956,0.15755075216293335,-0.026431851089000702;0.002875005127862096,-0.04969407245516777,0.07052016258239746,-0.01420633215457201
;23.070831298828125;-5.3996586166311436e-20,0.0034576132893562317,-1.4149678945541382,0.2819715738296509;0.6703962683677673,0.38817328214645386,0.15763850510120392,-0.026354609057307243;0.0028786533512175083,-0.04970917850732803,0.07049383968114853,-0.014210391789674759
;23.05685043334961;-5.441773742037457e-20,0.0034632612951099873,-1.414878487586975,0.2829315960407257;0.6694033741950989,0.38816770911216736,0.15772627294063568,-0.026277584955096245;0.0028823178727179766,-0.04972430691123009,0.07046748697757721,-0.014214461669325829
;23.04283332824707;-5.484324429735067e-20,0.003468929324299097,-1.4147865772247314,0.2838926315307617;0.6684086918830872,0.38816210627555847,0.15781410038471222,-0.026200708001852036;0.002885994501411915,-0.04973946139216423,0.0704411119222641,-0.014218540862202644
;23.02878189086914;-5.527327481830168e-20,0.003474618773907423,-1.4146944284439087,0.2848547399044037;0.6674119830131531,0.388156533241272,0.15790197253227234,-0.02612396888434887;0.002889687428250909,-0.04975464940071106,0.0704147145152092,-0.01422263216227293
;23.014692306518555;-5.570771912330248e-20,0.003480328479781747,-1.4146004915237427,0.28581729531288147;0.6664133667945862,0.3881509602069855,0.15798990428447723,-0.026047425344586372;0.0028933922294527292,-0.04976985603570938,0.07038828730583191,-0.014226732775568962
;23.000568389892578;-5.614668060992964e-20,0.003486059606075287,-1.4145047664642334,0.2867808938026428;0.6654126644134521,0.388145387172699,0.1580778807401657,-0.025971021503210068;0.002897112164646387,-0.04978509619832039,0.07036183774471283,-0.014230843633413315
;22.986406326293945;-5.659028206280535e-20,0.0034918105229735374,-1.4144078493118286,0.2877453565597534;0.6644099354743958,0.3881397247314453,0.15816588699817657,-0.025894809514284134;0.002900847466662526,-0.049800362437963486,0.07033535093069077,-0.014234965667128563
;22.972209930419922;-5.703860103011202e-20,0.0034975826274603605,-1.4143096208572388,0.28871026635169983;0.6634053587913513,0.3881341516971588,0.1582539826631546,-0.02581876888871193;0.002904594177380204,-0.04981565475463867,0.07030884921550751,-0.014239098876714706
;22.957975387573242;-5.749146302843919e-20,0.0035033749882131815,-1.4142099618911743,0.2896755635738373;0.6623987555503845,0.3881284296512604,0.1583421230316162,-0.02574407123029232;0.0029083583503961563,-0.04983093589544296,0.07028248906135559,-0.014243239536881447
;22.943706512451172;-5.794922348695633e-20,0.0035091883037239313,-1.414109230041504,0.2906421720981598;0.6613901853561401,0.3881227970123291,0.1584303230047226,-0.025669541209936142;0.002912135561928153,-0.04984623193740845,0.07025609910488129,-0.014247393235564232
;22.929401397705078;-5.841176608338979e-20,0.0035150228068232536,-1.4140065908432007,0.29160940647125244;0.6603797674179077,0.38811713457107544,0.15851859748363495,-0.025596370920538902;0.0029159274417907,-0.049861516803503036,0.07022986561059952,-0.014251558110117912
;22.91506004333496;-5.887909081773957e-20,0.003520878031849861,-1.413902759552002,0.29257720708847046;0.6593673825263977,0.388111412525177,0.1586069017648697,-0.025523407384753227;0.0029197349213063717,-0.04987683147192001,0.07020360231399536,-0.014255731366574764
;22.900684356689453;-5.935132693697639e-20,0.003526754677295685,-1.4137976169586182,0.29354625940322876;0.6583531498908997,0.38810572028160095,0.1586952805519104,-0.025450577959418297;0.002923555439338088,-0.04989217221736908,0.07017730921506882,-0.014259916730225086
;22.88627052307129;-5.982872001034459e-20,0.0035326513461768627,-1.4136906862258911,0.2945158779621124;0.6573370695114136,0.3880999684333801,0.15878374874591827,-0.025377921760082245;0.002927387598901987,-0.04990754276514053,0.07015099376440048,-0.014264111407101154
;22.871822357177734;-6.031096630746301e-20,0.0035385694354772568,-1.4135825634002686,0.29548683762550354;0.6563189625740051,0.3880942165851593,0.15887224674224854,-0.025305427610874176;0.0029312390834093094,-0.04992293566465378,0.07012465596199036,-0.014268316328525543
;22.857337951660156;-6.079836309636427e-20,0.003544508246704936,-1.4134730100631714,0.29645803570747375;0.6552990078926086,0.38808849453926086,0.15896083414554596,-0.02523307502269745;0.002935102442279458,-0.04993835836648941,0.07009828835725784,-0.014272532425820827
;22.842817306518555;-6.129099438757935e-20,0.0035504682455211878,-1.4133623838424683,0.2974300682544708;0.6542771458625793,0.38808274269104004,0.15904946625232697,-0.025160910561680794;0.002938981633633375,-0.049953803420066833,0.07007189095020294,-0.014276758767664433
;22.82826042175293;-6.178878909527435e-20,0.003556448733434081,-1.4132505655288696,0.2984033226966858;0.653253436088562,0.3880769908428192,0.15913817286491394,-0.025088878348469734;0.0029428761918097734,-0.04996928200125694,0.07004547119140625,-0.014280995354056358
;22.81366729736328;-6.229180538058608e-20,0.003562450874596834,-1.4131367206573486,0.2993772029876709;0.6522278785705566,0.388071209192276,0.15922696888446808,-0.025017024949193;0.0029467851854860783,-0.04998478293418884,0.07001902163028717,-0.014285242184996605
;22.799039840698242;-6.280029527510745e-20,0.003568473504856229,-1.4130220413208008,0.30035099387168884;0.6512004733085632,0.388065367937088,0.15931583940982819,-0.024945298209786415;0.0029507079161703587,-0.05000031739473343,0.0699925497174263,-0.014289500191807747
;22.784374237060547;-6.331415538126188e-20,0.0035745170898735523,-1.4129055738449097,0.30132582783699036;0.6501711010932922,0.3880596458911896,0.15940476953983307,-0.024873817339539528;0.002954646246507764,-0.05001587048172951,0.06996604800224304,-0.01429376844316721
;22.76967430114746;-6.383334046260961e-20,0.003580582095310092,-1.4127883911132812,0.30230164527893066;0.649139940738678,0.3880537748336792,0.15949377417564392,-0.024803634732961655;0.00295859738253057,-0.05003140866756439,0.06993970274925232,-0.014298046007752419
;22.75493812561035;-6.435823179771426e-20,0.003586668288335204,-1.4126695394515991,0.30327796936035156;0.6481068730354309,0.3880479335784912,0.15958286821842194,-0.024734852835536003;0.0029625659808516502,-0.05004693195223808,0.06991349905729294,-0.014302333816885948
;22.74016571044922;-6.488875830074192e-20,0.003592775436118245,-1.4125494956970215,0.3042551279067993;0.6470720767974854,0.38804206252098083,0.15967202186584473,-0.024666214361786842;0.0029665487818419933,-0.050062477588653564,0.06988728046417236,-0.014306632801890373
;22.725358963012695;-6.542486827290432e-20,0.003598903538659215,-1.4124277830123901,0.30523282289505005;0.6460354924201965,0.38803622126579285,0.15976126492023468,-0.02459772303700447;0.0029705476481467485,-0.05007805675268173,0.0698610246181488,-0.014310942962765694
;22.71051597595215;-6.596676204700605e-20,0.0036050528287887573,-1.4123048782348633,0.30621179938316345;0.6449970006942749,0.38803035020828247,0.159850612282753,-0.024529429152607918;0.00297455838881433,-0.05009365826845169,0.06983474642038345,-0.01431526243686676
;22.695636749267578;-6.651438792425883e-20,0.003611223306506872,-1.4121804237365723,0.3071909248828888;0.6439567804336548,0.38802438974380493,0.15994000434875488,-0.024461252614855766;0.002978587755933404,-0.05010928586125374,0.06980844587087631,-0.014319593086838722
;22.680723190307617;-6.70679333127702e-20,0.003617415204644203,-1.4120551347732544,0.30817049741744995;0.6429148316383362,0.38801857829093933,0.16002950072288513,-0.024393204599618912;0.0029826301615685225,-0.050124943256378174,0.06978211551904678,-0.01432393305003643
;22.665771484375;-6.762742406193428e-20,0.0036236282903701067,-1.4119279384613037,0.3091508448123932;0.6418710350990295,0.3880125880241394,0.16011910140514374,-0.024325357750058174;0.002986685838550329,-0.050140630453825,0.06975576281547546,-0.01432828325778246
;22.650785446166992;-6.819291187053938e-20,0.0036298620980232954,-1.411800503730774,0.31013214588165283;0.6408254504203796,0.38800671696662903,0.16020876169204712,-0.024258919060230255;0.002990760374814272,-0.05015628784894943,0.06972955912351608,-0.014332645572721958
;22.63576316833496;-6.876443551267671e-20,0.003636117558926344,-1.4116710424423218,0.3111138939857483;0.6397780179977417,0.3880007266998291,0.16029852628707886,-0.02419259212911129;0.002994848880916834,-0.05017198249697685,0.06970333307981491,-0.014337017200887203
;22.62070655822754;-6.934223409524207e-20,0.0036423944402486086,-1.4115400314331055,0.3120964765548706;0.6387290358543396,0.3879947364330292,0.16038836538791656,-0.024127645418047905;0.0029989525210112333,-0.05018765851855278,0.06967724859714508,-0.014341398142278194
;22.605613708496094;-6.992625591944718e-20,0.003648692276328802,-1.4114080667495728,0.3130798935890198;0.6376782655715942,0.38798877596855164,0.16047829389572144,-0.024061599746346474;0.003003070130944252,-0.05020340159535408,0.06965097039937973,-0.014345791190862656
;22.590484619140625;-7.051661084521716e-20,0.0036550110671669245,-1.411274790763855,0.3140642046928406;0.6366256475448608,0.38798272609710693,0.16056832671165466,-0.023997003212571144;0.003007206367328763,-0.050219133496284485,0.06962484121322632,-0.014350193552672863
;22.575319290161133;-7.111321486202103e-20,0.003661351976916194,-1.4111400842666626,0.3150489926338196;0.6355713605880737,0.3879767954349518,0.16065843403339386,-0.023932471871376038;0.003011355409398675,-0.05023488402366638,0.06959868967533112,-0.014354607090353966
;22.56011962890625;-7.171634585084583e-20,0.0036677143070846796,-1.4110043048858643,0.31603410840034485;0.6345152854919434,0.3879707455635071,0.1607486605644226,-0.023868152871727943;0.0030155207496136427,-0.050250668078660965,0.06957250833511353,-0.01435902900993824
;22.544885635375977;-7.232601027404008e-20,0.0036740973591804504,-1.4108667373657227,0.31702056527137756;0.6334574818611145,0.38796472549438477,0.16083897650241852,-0.02380395494401455;0.0030197007581591606,-0.05026647448539734,0.06954630464315414,-0.014363463036715984
;22.529613494873047;-7.294234384092305e-20,0.0036805025301873684,-1.4107285737991333,0.31800776720046997;0.6323981285095215,0.38795867562294006,0.1609293818473816,-0.023739950731396675;0.0030238956678658724,-0.0502823106944561,0.06952007859945297,-0.014367906376719475
;22.514307022094727;-7.35652690033123e-20,0.0036869284231215715,-1.4105885028839111,0.318994402885437;0.6313369870185852,0.38795262575149536,0.16101989150047302,-0.02367609366774559;0.003028108272701502,-0.05029817298054695,0.06949382275342941,-0.014372359961271286
;22.498964309692383;-7.419521873855972e-20,0.0036933759693056345,-1.410447597503662,0.3199820816516876;0.6302741765975952,0.3879465162754059,0.161110520362854,-0.023612383753061295;0.0030323362443596125,-0.05031405761837959,0.06946753710508347,-0.014376825653016567
;22.483585357666016;-7.483186346688998e-20,0.0036998456344008446,-1.4103049039840698,0.3209705352783203;0.6292096972465515,0.38794049620628357,0.16120120882987976,-0.023550016805529594;0.003036578418686986,-0.05032992362976074,0.06944140791893005,-0.01438129972666502
;22.468172073364258;-7.547557154216963e-20,0.003706335788592696,-1.4101611375808716,0.32195958495140076;0.6281434297561646,0.3879343271255493,0.16129203140735626,-0.023486636579036713;0.0030408366583287716,-0.05034586787223816,0.06941508501768112,-0.014385785907506943
;22.452722549438477;-7.61262977279589e-20,0.0037128478288650513,-1.4100165367126465,0.32294923067092896;0.6270755529403687,0.38792821764945984,0.16138294339179993,-0.02342461422085762;0.0030451121274381876,-0.050361793488264084,0.06938890367746353,-0.014390281401574612
;22.437238693237305;-7.678407433600049e-20,0.00371938175521791,-1.4098706245422363,0.3239397406578064;0.626006007194519,0.387922078371048,0.16147397458553314,-0.02336391806602478;0.003049402730539441,-0.05037769675254822,0.06936287134885788,-0.014394788071513176
;22.42171859741211;-7.744900476387094e-20,0.003725936636328697,-1.4097226858139038,0.3249310553073883;0.6249350309371948,0.38791602849960327,0.16156509518623352,-0.023303424939513206;0.003053708467632532,-0.05039362609386444,0.06933682411909103,-0.014399302192032337
;22.406164169311523;-7.812122472088953e-20,0.0037325138691812754,-1.4095746278762817,0.3259228467941284;0.6238624453544617,0.38790979981422424,0.16165633499622345,-0.02324303425848484;0.003058029105886817,-0.05040958523750305,0.0693107470870018,-0.014403828419744968
;22.390573501586914;-7.880079236819305e-20,0.0037391113582998514,-1.4094245433807373,0.3269149959087372;0.6227880120277405,0.38790363073349,0.16174769401550293,-0.023182835429906845;0.0030623653437942266,-0.050425563007593155,0.06928464770317078,-0.01440836489200592
;22.37494659423828;-7.948800497381416e-20,0.0037457311991602182,-1.409273386001587,0.3279082477092743;0.6217120289802551,0.3878974914550781,0.16183912754058838,-0.023122770711779594;0.003066720673814416,-0.05044158175587654,0.06925852596759796,-0.014412911608815193
;22.359285354614258;-8.01827268284336e-20,0.0037523729261010885,-1.4091211557388306,0.32890233397483826;0.6206344962120056,0.3878912329673767,0.16193068027496338,-0.023064076900482178;0.003071090904995799,-0.05045757070183754,0.06923255324363708,-0.014417469501495361
;22.34358787536621;-8.088513887781036e-20,0.003759036073461175,-1.4089677333831787,0.3298957049846649;0.6195552945137024,0.3878850042819977,0.16202233731746674,-0.023004306480288506;0.0030754765029996634,-0.05047363415360451,0.0692063719034195,-0.014422036707401276
;22.32785415649414;-8.159517003611057e-20,0.003765720408409834,-1.4088129997253418,0.33089011907577515;0.618474543094635,0.38787880539894104,0.16211411356925964,-0.02294469065964222;0.0030798781663179398,-0.05048972740769386,0.06918017566204071,-0.014426615089178085
;22.31208610534668;-8.231317573250367e-20,0.0037724270951002836,-1.4086568355560303,0.33188530802726746;0.6173922419548035,0.3878725469112396,0.1622060090303421,-0.02288524992763996;0.0030842949636280537,-0.05050584301352501,0.06915394961833954,-0.014431202784180641
;22.296281814575195;-8.303915596698966e-20,0.003779155667871237,-1.408499836921692,0.33288127183914185;0.6163081526756287,0.3878663182258606,0.1622980386018753,-0.022828400135040283;0.0030887292232364416,-0.05052189528942108,0.06912805140018463,-0.014435801655054092
;22.280441284179688;-8.37731753630539e-20,0.0037859054282307625,-1.4083415269851685,0.3338776230812073;0.6152227520942688,0.3878600299358368,0.16239017248153687,-0.022770440205931664;0.0030931809451431036,-0.05053802207112312,0.06910195201635361,-0.01444040983915329
;22.26456642150879;-8.451530500653029e-20,0.0037926766090095043,-1.4081822633743286,0.33487462997436523;0.6141355633735657,0.387853741645813,0.16248242557048798,-0.022713901475071907;0.0030976501293480396,-0.05055413022637367,0.06907602399587631,-0.014445029199123383
;22.2486572265625;-8.526572584317781e-20,0.0037994703743606806,-1.4080214500427246,0.33587247133255005;0.6130471229553223,0.3878474235534668,0.16257479786872864,-0.022657474502921104;0.003102133283391595,-0.050570257008075714,0.06905005127191544,-0.014449657872319221
;22.232711791992188;-8.602445079769354e-20,0.0038062860257923603,-1.4078598022460938,0.33687084913253784;0.6119570136070251,0.3878411054611206,0.16266727447509766,-0.022601230069994926;0.0031066301744431257,-0.05058641731739044,0.06902406364679337,-0.014454297721385956
;22.21673011779785;-8.679151864416869e-20,0.0038131228648126125,-1.4076964855194092,0.3378688395023346;0.6108653545379639,0.3878348469734192,0.16275987029075623,-0.022545089945197105;0.00311114895157516,-0.05060259997844696,0.06899804621934891,-0.014458947815001011
;22.200714111328125;-8.756729773646979e-20,0.0038199815899133682,-1.407531976699829,0.3388676643371582;0.609772264957428,0.3878284990787506,0.16285258531570435,-0.02248913235962391;0.0031156812328845263,-0.050618816167116165,0.06897201389074326,-0.014463607221841812
;22.184661865234375;-8.835162651588345e-20,0.0038268626667559147,-1.4073665142059326,0.33986762166023254;0.6086775660514832,0.38782212138175964,0.1629454493522644,-0.022433333098888397;0.0031202295795083046,-0.05063505843281746,0.06894594430923462,-0.014468278735876083
;22.168575286865234;-8.91448022504423e-20,0.0038337651640176773,-1.4071999788284302,0.3408675491809845;0.6075814366340637,0.38781580328941345,0.16303840279579163,-0.022377673536539078;0.003124797251075506,-0.050651319324970245,0.06891985982656479,-0.014472958631813526
;22.15245246887207;-8.994676677900953e-20,0.0038406902458518744,-1.4070320129394531,0.34186816215515137;0.6064838767051697,0.3878093361854553,0.1631315052509308,-0.02232210524380207;0.003129377728328109,-0.05066761001944542,0.06889373809099197,-0.014477649703621864
;22.136295318603516;-9.075780444492071e-20,0.0038476362824440002,-1.4068628549575806,0.3428698480129242;0.6053848266601562,0.38780295848846436,0.1632247269153595,-0.022266749292612076;0.003133979858830571,-0.05068392679095268,0.06886760890483856,-0.014482349157333374
;22.120101928710938;-9.157797987166118e-20,0.003854604670777917,-1.4066929817199707,0.34387192130088806;0.6042841672897339,0.387796550989151,0.16331808269023895,-0.022212758660316467;0.00313859386369586,-0.05070023238658905,0.06884162127971649,-0.014487060718238354
;22.103872299194336;-9.240728013453387e-20,0.003861594945192337,-1.4065213203430176,0.3448743224143982;0.6031821370124817,0.38779011368751526,0.16341155767440796,-0.022160138934850693;0.0031432281248271465,-0.05071650445461273,0.06881579756736755,-0.014491782523691654
;22.087608337402344;-9.324589264164632e-20,0.003868607571348548,-1.4063491821289062,0.34587734937667847;0.6020787358283997,0.3877837359905243,0.1635051667690277,-0.02210766077041626;0.003147876588627696,-0.0507328100502491,0.06878995150327682,-0.01449651550501585
;22.071308135986328;-9.409417282216799e-20,0.0038756418507546186,-1.4061753749847412,0.34688103199005127;0.6009737253189087,0.3877772390842438,0.163598895072937,-0.022055303677916527;0.0031525450758635998,-0.050749145448207855,0.06876407563686371,-0.014501257799565792
;22.054973602294922;-9.495217883723569e-20,0.003882698016241193,-1.4060003757476807,0.34788551926612854;0.5998673439025879,0.3877708315849304,0.16369280219078064,-0.022003132849931717;0.00315722799859941,-0.0507655031979084,0.0687381774187088,-0.014506010338664055
;22.038602828979492;-9.581946478480047e-20,0.0038897760678082705,-1.4058243036270142,0.34888914227485657;0.5987595319747925,0.3877643346786499,0.16378681361675262,-0.021951084956526756;0.0031619295477867126,-0.05078188702464104,0.0687122642993927,-0.014510772190988064
;22.022197723388672;-9.669656057744224e-20,0.003896876936778426,-1.4056473970413208,0.3498936891555786;0.597650408744812,0.3877577483654022,0.16388094425201416,-0.02189919911324978;0.0031666471622884274,-0.05079829320311546,0.06868631392717361,-0.014515545219182968
;22.005756378173828;-9.758379579493632e-20,0.003903999226167798,-1.4054690599441528,0.35089901089668274;0.5965397357940674,0.38775134086608887,0.16397522389888763,-0.021847477182745934;0.0031713820062577724,-0.050814732909202576,0.06866034120321274,-0.014520328491926193
;21.98927879333496;-9.848115105023711e-20,0.003911143634468317,-1.405289888381958,0.35190457105636597;0.5954277515411377,0.3877447545528412,0.16406963765621185,-0.02179587632417679;0.003176135942339897,-0.05083119869232178,0.06863434612751007,-0.014525121077895164
;21.972766876220703;-9.938854879516218e-20,0.003918310161679983,-1.4051092863082886,0.3529107868671417;0.5943143367767334,0.3877381980419159,0.16416418552398682,-0.021744415163993835;0.003180905943736434,-0.05084769055247307,0.06860832870006561,-0.014529925771057606
;21.956220626831055;-1.0030623459895587e-19,0.00392549904063344,-1.4049276113510132,0.3539176881313324;0.5931996703147888,0.3877316415309906,0.16425886750221252,-0.02169189229607582;0.0031856917776167393,-0.05086425691843033,0.06858209520578384,-0.014534738846123219
;21.939638137817383;-1.0123440233207426e-19,0.003932709340006113,-1.4047447443008423,0.3549252152442932;0.5920834541320801,0.3877250850200653,0.16435368359088898,-0.021641960367560387;0.003190496703609824,-0.05088075250387192,0.06855621188879013,-0.014539563097059727
;21.923019409179688;-1.0217334926254998e-19,0.003939942456781864,-1.4045606851577759,0.35593321919441223;0.5909661054611206,0.3877184987068176,0.16444866359233856,-0.02159092016518116;0.003195317927747965,-0.050897322595119476,0.0685301125049591,-0.014544397592544556
;21.9063663482666;-1.0312286859522989e-19,0.003947197459638119,-1.4043757915496826,0.35694074630737305;0.5898471474647522,0.38771191239356995,0.1645437777042389,-0.021540090441703796;0.003200157545506954,-0.05091392248868942,0.06850400567054749,-0.01454924326390028
;21.88967514038086;-1.0408337392042028e-19,0.003954475279897451,-1.4041897058486938,0.35794904828071594;0.5887268781661987,0.38770535588264465,0.16463899612426758,-0.02148810401558876;0.0032050148583948612,-0.05093059316277504,0.06847766786813736,-0.01455409824848175
;21.872949600219727;-1.0505469075471067e-19,0.003961774054914713,-1.4040025472640991,0.35895836353302;0.5876052975654602,0.3876986801624298,0.16473440825939178,-0.021437564864754677;0.003209890564903617,-0.05094724893569946,0.06845150887966156,-0.014558963477611542
;21.85618782043457;-1.0603735547302952e-19,0.00396909611299634,-1.4038139581680298,0.3599671423435211;0.5864823460578918,0.38769206404685974,0.16482993960380554,-0.021388350054621696;0.0032147837337106466,-0.0509638749063015,0.0684254989027977,-0.014563839882612228
;21.83938980102539;-1.0703118066726931e-19,0.003976439591497183,-1.4036250114440918,0.3609769642353058;0.5853580832481384,0.3876854479312897,0.16492560505867004,-0.021338075399398804;0.0032196936663240194,-0.0509805865585804,0.06839928776025772,-0.014568726532161236
;21.82255744934082;-1.0803659285243337e-19,0.003983805887401104,-1.4034342765808105,0.3619873523712158;0.5842324495315552,0.38767877221107483,0.16502143442630768,-0.021289203315973282;0.003224622691050172,-0.05099727213382721,0.06837322562932968,-0.014573623426258564
;21.805688858032227;-1.0905366957670414e-19,0.0039911940693855286,-1.4032429456710815,0.362998366355896;0.5831055045127869,0.3876720368862152,0.16511739790439606,-0.021240415051579475;0.0032295684795826674,-0.05101398378610611,0.06834714859724045,-0.014578531496226788
;21.78878402709961;-1.1008234621659625e-19,0.003998605068773031,-1.403050422668457,0.3640097379684448;0.581977367401123,0.387665331363678,0.16521351039409637,-0.021191783249378204;0.0032345340587198734,-0.0510307252407074,0.06832103431224823,-0.014583448879420757
;21.7718448638916;-1.1112277140612604e-19,0.004006038419902325,-1.4028562307357788,0.36502164602279663;0.5808478593826294,0.3876586854457855,0.16530977189540863,-0.02114459127187729;0.0032395164016634226,-0.051047440618276596,0.06829509139060974,-0.014588375575840473
;21.75486946105957;-1.1217544920847926e-19,0.004013493657112122,-1.4026614427566528,0.3660341203212738;0.5797170400619507,0.3876519203186035,0.16540619730949402,-0.021097498014569283;0.0032445162069052458,-0.05106418952345848,0.06826911866664886,-0.014593313448131084
;21.73785972595215;-1.1324037962365593e-19,0.004020971711724997,-1.4024657011032104,0.36704662442207336;0.578585147857666,0.3876451849937439,0.16550277173519135,-0.0210530124604702;0.0032495353370904922,-0.0510808601975441,0.06824349611997604,-0.014598262496292591
;21.720813751220703;-1.1431749802817069e-19,0.004028472118079662,-1.4022685289382935,0.3680590093135834;0.5774520039558411,0.3876384198665619,0.16559948027133942,-0.021007409319281578;0.0032545721624046564,-0.05109760910272598,0.0682176724076271,-0.01460321992635727
;21.703733444213867;-1.154072180123298e-19,0.004035995341837406,-1.40207040309906,0.3690721094608307;0.576317548751831,0.3876316249370575,0.16569635272026062,-0.020963208749890327;0.003259624121710658,-0.05111433565616608,0.0681919977068901,-0.014608188532292843
;21.686616897583008;-1.1650955250083035e-19,0.004043539520353079,-1.4018714427947998,0.37008577585220337;0.5751818418502808,0.3876248300075531,0.16579337418079376,-0.020919132977724075;0.0032646977342665195,-0.05113109201192856,0.06816630810499191,-0.014613168314099312
;21.669466018676758;-1.1762468243943133e-19,0.004051107447594404,-1.4016711711883545,0.37109968066215515;0.5740450024604797,0.3876180946826935,0.16589057445526123,-0.020876461640000343;0.0032697890419512987,-0.05114782601594925,0.06814076751470566,-0.014618157409131527
;21.652278900146484;-1.1875281462328588e-19,0.004058697260916233,-1.4014695882797241,0.3721141219139099;0.5729069709777832,0.3876112699508667,0.16598790884017944,-0.020832672715187073;0.0032748980447649956,-0.05116463452577591,0.06811503320932388,-0.014623156748712063
;21.63505744934082;-1.198940395252735e-19,0.004066310357302427,-1.4012672901153564,0.37312912940979004;0.5717677474021912,0.3876044750213623,0.1660853922367096,-0.020789073780179024;0.003280024975538254,-0.05118146538734436,0.06808926910161972,-0.014628165401518345
;21.617799758911133;-1.210485251664561e-19,0.004073944874107838,-1.4010635614395142,0.37414467334747314;0.5706272125244141,0.38759762048721313,0.16618303954601288,-0.02074555493891239;0.003285173326730728,-0.0511983260512352,0.06806348264217377,-0.014633186161518097
;21.600505828857422;-1.2221664636304875e-19,0.004081602208316326,-1.4008592367172241,0.3751598000526428;0.5694856643676758,0.3875907063484192,0.1662808358669281,-0.020702211186289787;0.003290338208898902,-0.051215216517448425,0.06803767383098602,-0.014638216234743595
;21.58317756652832;-1.233986099102046e-19,0.004089281894266605,-1.40065336227417,0.37617531418800354;0.5683428049087524,0.3875838816165924,0.16637878119945526,-0.020659003406763077;0.003295521717518568,-0.05123212933540344,0.0680118277668953,-0.014643257483839989
;21.565813064575195;-1.2459428656095293e-19,0.00409698486328125,-1.4004474878311157,0.37719133496284485;0.5671988725662231,0.38757696747779846,0.16647690534591675,-0.020617200061678886;0.003300724783912301,-0.05124902352690697,0.06798616051673889,-0.014648308977484703
;21.548412322998047;-1.258041416043883e-19,0.004104709718376398,-1.4002394676208496,0.37820833921432495;0.5660538077354431,0.3875700831413269,0.16657519340515137,-0.0205742958933115;0.0033059443812817335,-0.051265984773635864,0.06796027719974518,-0.014653368853032589
;21.530977249145508;-1.2702811041702536e-19,0.004112456925213337,-1.4000308513641357,0.3792247772216797;0.5649074912071228,0.38756316900253296,0.16667364537715912,-0.020531510934233665;0.003311185399070382,-0.051282983273267746,0.06793437153100967,-0.01465843990445137
;21.513505935668945;-1.2826665828795867e-19,0.004120227415114641,-1.399821162223816,0.38024207949638367;0.5637600421905518,0.387556254863739,0.1667722463607788,-0.020490137860178947;0.003316445741802454,-0.05129995569586754,0.0679086223244667,-0.014663522131741047
;21.49599838256836;-1.2951966889491458e-19,0.0041280207224190235,-1.3996098041534424,0.3812599182128906;0.5626116394996643,0.38754940032958984,0.16687102615833282,-0.020447606220841408;0.003321722848340869,-0.0513170026242733,0.06788266450166702,-0.01466861367225647
;21.478456497192383;-1.307875429035023e-19,0.004135835915803909,-1.3993982076644897,0.3822779953479767;0.5614620447158813,0.3875423073768616,0.16696998476982117,-0.02040773257613182;0.003327019512653351,-0.05133397877216339,0.06785706430673599,-0.014673717319965363
;21.460878372192383;-1.3207042248538962e-19,0.0041436743922531605,-1.3991855382919312,0.38329651951789856;0.5603111982345581,0.38753536343574524,0.16706907749176025,-0.020365562289953232;0.003332336898893118,-0.05135108530521393,0.06783105432987213,-0.014678830280900002
;21.44326400756836;-1.3336866953209453e-19,0.004151535220444202,-1.3989717960357666,0.38431516289711;0.5591593980789185,0.3875283896923065,0.16716834902763367,-0.020323462784290314;0.003337673144415021,-0.05136821046471596,0.06780502945184708,-0.014683953486382961
;21.425613403320312;-1.3468198677558438e-19,0.004159417934715748,-1.3987573385238647,0.3853347897529602;0.5580063462257385,0.3875214159488678,0.16726776957511902,-0.020281553268432617;0.0033430298790335655,-0.051385365426540375,0.06777897477149963,-0.014689087867736816
;21.407926559448242;-1.360109041284391e-19,0.004167324397712946,-1.3985414505004883,0.3863537609577179;0.556852400302887,0.3875143229961395,0.16736739873886108,-0.02024228498339653;0.003348402213305235,-0.05140244588255882,0.06775327771902084,-0.014694231562316418
;21.39020538330078;-1.3735589980445033e-19,0.004175253212451935,-1.398324728012085,0.38737308979034424;0.5556972622871399,0.38750728964805603,0.1674671620130539,-0.020203107967972755;0.003353798296302557,-0.05141955986618996,0.06772755831480026,-0.01469938550144434
;21.372447967529297;-1.387170384271034e-19,0.004183205775916576,-1.3981068134307861,0.38839292526245117;0.5545411109924316,0.3875003457069397,0.16756710410118103,-0.020164115354418755;0.003359210677444935,-0.05143669992685318,0.0677018091082573,-0.014704550616443157
;21.35465431213379;-1.4009435877048956e-19,0.004191179759800434,-1.397888422012329,0.38941341638565063;0.5533838868141174,0.38749322295188904,0.1676672399044037,-0.020125238224864006;0.003364643780514598,-0.051453858613967896,0.06767603754997253,-0.014709725975990295
;21.336824417114258;-1.414882485755209e-19,0.00419917656108737,-1.3976686000823975,0.39043354988098145;0.5522255301475525,0.3874861001968384,0.1677675098180771,-0.02008650079369545;0.0033700973726809025,-0.051471054553985596,0.06765025109052658,-0.014714912511408329
;21.318958282470703;-1.428987336915916e-19,0.004207196645438671,-1.397447943687439,0.39145442843437195;0.5510662198066711,0.3874790370464325,0.1678679883480072,-0.02004789374768734;0.0033755700569599867,-0.051488276571035385,0.06762443482875824,-0.014720107428729534
;21.301057815551758;-1.4432602091385478e-19,0.004215239081531763,-1.3972258567810059,0.39247551560401917;0.5499058961868286,0.3874719440937042,0.16796861588954926,-0.020009486004710197;0.003381061367690563,-0.051505520939826965,0.06759858876466751,-0.01472531445324421
;21.283119201660156;-1.4577065307958743e-19,0.004223305266350508,-1.397003173828125,0.3934975564479828;0.5487444996833801,0.38746482133865356,0.16806942224502563,-0.01997116394340992;0.003386574098840356,-0.051522791385650635,0.06757272034883499,-0.014730531722307205
;21.265146255493164;-1.4723235877015105e-19,0.004231393802911043,-1.3967790603637695,0.3945196866989136;0.5475821495056152,0.3874576687812805,0.16817040741443634,-0.01993553526699543;0.003392105922102928,-0.05153999105095863,0.06754722446203232,-0.014735758304595947
;21.24713706970215;-1.4871195224146114e-19,0.004239504691213369,-1.3965545892715454,0.395541787147522;0.5464187264442444,0.38745051622390747,0.16827157139778137,-0.01989750750362873;0.0033976593986153603,-0.05155731737613678,0.06752130389213562,-0.01474099699407816
;21.22909164428711;-1.5020927839715283e-19,0.004247638396918774,-1.3963292837142944,0.3965648412704468;0.5452544689178467,0.38744333386421204,0.16837289929389954,-0.019862119108438492;0.0034032310359179974,-0.05157456919550896,0.06749575585126877,-0.014746244996786118
;21.211009979248047;-1.5172468620404705e-19,0.004255795385688543,-1.3961023092269897,0.3975871801376343;0.5440890192985535,0.3874361515045166,0.16847442090511322,-0.01982688717544079;0.0034088243264704943,-0.05159185454249382,0.06747017800807953,-0.014751504175364971
;21.19289207458496;-1.5325862802654128e-19,0.004263974726200104,-1.3958747386932373,0.398609459400177;0.5429226756095886,0.38742902874946594,0.16857613623142242,-0.019789282232522964;0.0034144374076277018,-0.05160926282405853,0.06744419783353806,-0.014756773598492146
;21.174739837646484;-1.548109875423619e-19,0.00427217734977603,-1.3956459760665894,0.3996325731277466;0.5417554974555969,0.38742175698280334,0.16867800056934357,-0.019756846129894257;0.003420068882405758,-0.05162649601697922,0.06741895526647568,-0.01476205326616764
;21.156551361083984;-1.5638215249242101e-19,0.004280403256416321,-1.3954161405563354,0.40065571665763855;0.540587306022644,0.3874145448207855,0.16878005862236023,-0.01972450688481331;0.0034257229417562485,-0.05164375901222229,0.06739369034767151,-0.014767342247068882
;21.13832664489746;-1.57972368445963e-19,0.004288651514798403,-1.3951857089996338,0.40167951583862305;0.5394182801246643,0.3874073326587677,0.16888229548931122,-0.019692329689860344;0.003431396558880806,-0.05166104808449745,0.06736840307712555,-0.014772643335163593
;21.120067596435547;-1.5958184219814098e-19,0.004296923987567425,-1.3949542045593262,0.4027031660079956;0.5382483005523682,0.3874000906944275,0.16898469626903534,-0.01966026797890663;0.003437091363593936,-0.051678366959095,0.0673430934548378,-0.014777952805161476
;21.10177230834961;-1.612110907368378e-19,0.0043052188120782375,-1.394721269607544,0.40372732281684875;0.5370774269104004,0.3873927891254425,0.16908730566501617,-0.019628377631306648;0.0034428059589117765,-0.05169570818543434,0.06731776148080826,-0.014783276244997978
;21.08344078063965;-1.6285990726690034e-19,0.004313535988330841,-1.394487977027893,0.40475231409072876;0.5359057188034058,0.38738545775413513,0.16919009387493134,-0.019596608355641365;0.003448539413511753,-0.05171307921409607,0.06729239970445633,-0.014788607135415077
;21.065074920654297;-1.6452904142075871e-19,0.00432187644764781,-1.3942536115646362,0.4057762026786804;0.5347331166267395,0.38737818598747253,0.1692930907011032,-0.019564984366297722;0.003454296151176095,-0.05173046886920929,0.0672670230269432,-0.014793947339057922
;21.04667091369629;-1.6621850612310999e-19,0.004330240190029144,-1.3940180540084839,0.4068003296852112;0.5335596799850464,0.3873708248138428,0.16939622163772583,-0.019531017169356346;0.0034600726794451475,-0.051747988909482956,0.06724124401807785,-0.014799298718571663
;21.028230667114258;-1.6792893468411065e-19,0.004338627215474844,-1.3937817811965942,0.407824844121933;0.5323852300643921,0.3873635232448578,0.16949956119060516,-0.01949717476963997;0.0034658729564398527,-0.05176553875207901,0.0672154352068901,-0.014804662205278873
;21.009754180908203;-1.6966005568512222e-19,0.0043470365926623344,-1.3935447931289673,0.408849835395813;0.5312099456787109,0.3873561918735504,0.16960309445858002,-0.019465990364551544;0.003471688600257039,-0.051783014088869095,0.06718998402357101,-0.01481003500521183
;20.991243362426758;-1.7141255413508944e-19,0.004355468787252903,-1.3933066129684448,0.40987494587898254;0.5300338864326477,0.38734880089759827,0.1697068214416504,-0.01943494752049446;0.00347752938978374,-0.051800522953271866,0.06716451793909073,-0.014815418049693108
;20.972694396972656;-1.7318664975386255e-19,0.004363924730569124,-1.3930673599243164,0.41090038418769836;0.5288569331169128,0.3873414099216461,0.16981074213981628,-0.019399035722017288;0.003483391832560301,-0.05181824788451195,0.06713825464248657,-0.01482081227004528
;20.95410919189453;-1.7498220036977375e-19,0.004372404422610998,-1.3928276300430298,0.41192618012428284;0.5276790857315063,0.38733407855033875,0.1699148416519165,-0.019365770742297173;0.0034892726689577103,-0.051835909485816956,0.06711234897375107,-0.014826218597590923
;20.935487747192383;-1.7680044675374187e-19,0.004380905535072088,-1.3925861120224,0.41295212507247925;0.5265004634857178,0.3873266279697418,0.17001911997795105,-0.019335107877850533;0.003495177486911416,-0.051853492856025696,0.06708680838346481,-0.014831634238362312
;20.916828155517578;-1.7864075559561044e-19,0.004389430396258831,-1.3923441171646118,0.41397786140441895;0.5253210067749023,0.3873191773891449,0.1701236069202423,-0.01930462196469307;0.0035011006984859705,-0.051871102303266525,0.06706124544143677,-0.014837060123682022
;20.898134231567383;-1.8050405747356856e-19,0.0043979790061712265,-1.3921012878417969,0.4150044620037079;0.5241407155990601,0.38731175661087036,0.1702282577753067,-0.019274301826953888;0.0035070497542619705,-0.05188874155282974,0.06703566014766693,-0.014842496253550053
;20.87940216064453;-1.8239071427913423e-19,0.004406550899147987,-1.391857624053955,0.41603103280067444;0.5229595899581909,0.38730430603027344,0.170333132147789,-0.01924411579966545;0.00351301790215075,-0.05190641060471535,0.06701004505157471,-0.014847943559288979
;20.86063575744629;-1.8430027364790997e-19,0.004415146075189114,-1.3916130065917969,0.4170578420162201;0.5217776894569397,0.38729679584503174,0.17043818533420563,-0.019214043393731117;0.0035190077032893896,-0.05192410200834274,0.06698442250490189,-0.0148534020408988
;20.84183120727539;-1.8623364030869074e-19,0.004423764068633318,-1.3913673162460327,0.4180842339992523;0.5205950736999512,0.38728928565979004,0.17054346203804016,-0.019184157252311707;0.0035250175278633833,-0.05194181576371193,0.06695876270532608,-0.014858867973089218
;20.82299041748047;-1.8819149927042133e-19,0.0044324048794806,-1.3911211490631104,0.41911062598228455;0.5194115042686462,0.3872818350791931,0.17064890265464783,-0.019154367968440056;0.0035310545936226845,-0.0519595630466938,0.06693308800458908,-0.014864346943795681
;20.804113388061523;-1.901735532650691e-19,0.004441068973392248,-1.390873670578003,0.42013782262802124;0.5182274580001831,0.3872743248939514,0.1707545518875122,-0.019124731421470642;0.0035371058620512486,-0.051977336406707764,0.0669073835015297,-0.014869836159050465
;20.785198211669922;-1.9218019003354618e-19,0.004449755884706974,-1.3906253576278687,0.4211646616458893;0.5170425176620483,0.3872668147087097,0.1708604097366333,-0.01909524016082287;0.00354318437166512,-0.05199514329433441,0.06688166409730911,-0.014875336550176144
;20.766246795654297;-1.942121592082827e-19,0.004458466544747353,-1.3903762102127075,0.42219170928001404;0.5158566832542419,0.38725921511650085,0.17096644639968872,-0.019065912812948227;0.003549286862835288,-0.05201297253370285,0.06685591489076614,-0.014880849048495293
;20.74725914001465;-1.9626946078927864e-19,0.0044672004878520966,-1.3901259899139404,0.4232192039489746;0.5146703124046326,0.3872515857219696,0.17107269167900085,-0.019036700949072838;0.0035554077476263046,-0.05203082412481308,0.06683013588190079,-0.014886370860040188
;20.728233337402344;-1.9835271516199344e-19,0.004475956782698631,-1.3898749351501465,0.42424705624580383;0.5134831070899963,0.3872440755367279,0.1711791455745697,-0.019007645547389984;0.0035615521483123302,-0.052048709243535995,0.06680434197187424,-0.014891902916133404
;20.709171295166016;-2.0046240054021872e-19,0.004484736360609531,-1.3896231651306152,0.4252740740776062;0.5122950673103333,0.38723644614219666,0.17128579318523407,-0.018981270492076874;0.003567721461877227,-0.05206652358174324,0.06677892059087753,-0.01489744707942009
;20.690073013305664;-2.0259809040895114e-19,0.0044935401529073715,-1.3893709182739258,0.4263016879558563;0.511106550693512,0.3872288763523102,0.17139264941215515,-0.018957531079649925;0.003573908004909754,-0.05208425596356392,0.06675386428833008,-0.014902999624609947
;20.67093849182129;-2.0476093506623003e-19,0.004502367228269577,-1.3891175985336304,0.4273292124271393;0.5099172592163086,0.38722124695777893,0.17149969935417175,-0.018933922052383423;0.0035801222547888756,-0.052102021872997284,0.06672877818346024,-0.014908564276993275
;20.65176773071289;-2.0695086988857003e-19,0.004511217586696148,-1.3888628482818604,0.4283575117588043;0.5087273716926575,0.38721349835395813,0.17160697281360626,-0.018907975405454636;0.0035863553639501333,-0.052119914442300797,0.06670328229665756,-0.014914139173924923
;20.632558822631836;-2.0916855403552176e-19,0.00452009029686451,-1.3886078596115112,0.4293849468231201;0.507536768913269,0.38720589876174927,0.17171445488929749,-0.01888466440141201;0.0035926157142966986,-0.05213773250579834,0.06667815893888474,-0.014919724315404892
;20.61331558227539;-2.1141431062451202e-19,0.004528986755758524,-1.3883514404296875,0.43041303753852844;0.5063455700874329,0.38719823956489563,0.17182210087776184,-0.018858958035707474;0.003598894225433469,-0.05215568095445633,0.06665262579917908,-0.014925319701433182
;20.59403419494629;-2.1368842399887636e-19,0.004537907429039478,-1.3880939483642578,0.4314414858818054;0.5051537156105042,0.3871905207633972,0.1719299852848053,-0.018833378329873085;0.00360519508831203,-0.05217364802956581,0.06662706285715103,-0.014930925332009792
;20.57471466064453;-2.159915145440742e-19,0.004546850919723511,-1.387836217880249,0.43247026205062866;0.5039612054824829,0.3871828615665436,0.17203804850578308,-0.01881052553653717;0.003611521562561393,-0.05219154804944992,0.06660186499357224,-0.014936543069779873
;20.555360794067383;-2.183237244317733e-19,0.004555817227810621,-1.3875771760940552,0.43349897861480713;0.5027680397033691,0.3871751129627228,0.17214635014533997,-0.018785249441862106;0.0036178722511976957,-0.052209578454494476,0.0665762647986412,-0.014942171983420849
;20.535968780517578;-2.206858162191009e-19,0.004564807750284672,-1.3873172998428345,0.43452754616737366;0.5015743970870972,0.3871673345565796,0.17225484549999237,-0.01876012608408928;0.0036242417991161346,-0.05222763121128082,0.06655063480138779,-0.014947810210287571
;20.516538619995117;-2.230776606590863e-19,0.004573821555823088,-1.3870567083358765,0.4355568289756775;0.5003800392150879,0.3871595859527588,0.17236357927322388,-0.01873769424855709;0.003630635794252157,-0.0522456094622612,0.06652536988258362,-0.014953459613025188
;20.4970703125;-2.2550008493234196e-19,0.004582858178764582,-1.3867954015731812,0.43658527731895447;0.49918511509895325,0.3871518075466156,0.1724725067615509,-0.0187153909355402;0.003637055167928338,-0.052263617515563965,0.06650009006261826,-0.014959121122956276
;20.477567672729492;-2.2795399376766295e-19,0.004591918550431728,-1.3865331411361694,0.4376137852668762;0.4979895353317261,0.38714399933815,0.17258162796497345,-0.018693236634135246;0.0036434985231608152,-0.05228165537118912,0.0664747878909111,-0.014964791014790535
;20.458026885986328;-2.3043866338201325e-19,0.00460100220516324,-1.3862695693969727,0.43864259123802185;0.4967934489250183,0.38713622093200684,0.1726909875869751,-0.018671216443181038;0.0036499660927802324,-0.05229971557855606,0.06644946336746216,-0.014970473013818264
;20.438447952270508;-2.3295554134146483e-19,0.004610108677297831,-1.3860058784484863,0.43967121839523315;0.495596706867218,0.38712841272354126,0.17280052602291107,-0.01864933781325817;0.003656455548480153,-0.05231780931353569,0.06642410904169083,-0.014976166188716888
;20.41883087158203;-2.355048861399591e-19,0.004619239363819361,-1.385740876197815,0.44070032238960266;0.49439939856529236,0.3871205747127533,0.17291028797626495,-0.018627597019076347;0.003662970382720232,-0.05233592540025711,0.0663987398147583,-0.014981869608163834
;20.399179458618164;-2.3808654268113126e-19,0.004628393333405256,-1.3854752779006958,0.4417295753955841;0.49320167303085327,0.38711270689964294,0.17302030324935913,-0.018606025725603104;0.003669506637379527,-0.05235407128930092,0.06637335568666458,-0.014987585134804249
;20.37948989868164;-2.407012605974114e-19,0.0046375710517168045,-1.3852084875106812,0.4427586495876312;0.49200335144996643,0.3871048390865326,0.17313051223754883,-0.018584582954645157;0.0036760661751031876,-0.052372243255376816,0.06634793430566788,-0.01499330997467041
;20.35976219177246;-2.43350409906689e-19,0.004646772053092718,-1.3849414587020874,0.4437880218029022;0.490804523229599,0.38709694147109985,0.17324094474315643,-0.018563272431492805;0.003682653186842799,-0.0523904450237751,0.06632249802350998,-0.014999045990407467
;20.339996337890625;-2.460333443741106e-19,0.004655996337532997,-1.38467276096344,0.4448169469833374;0.4896051287651062,0.3870890438556671,0.17335158586502075,-0.018542077392339706;0.0036892618518322706,-0.052408672869205475,0.0662970319390297,-0.015004793182015419
;20.320192337036133;-2.487509170296829e-19,0.004665244370698929,-1.3844034671783447,0.44584542512893677;0.4884052574634552,0.3870810866355896,0.17346243560314178,-0.018521111458539963;0.0036958965938538313,-0.05242692306637764,0.06627155095338821,-0.015010549686849117
;20.300350189208984;-2.515044720419012e-19,0.004674515686929226,-1.3841336965560913,0.4468746781349182;0.48720481991767883,0.38707321882247925,0.1735735386610031,-0.018500249832868576;0.003702555550262332,-0.05244520679116249,0.06624605506658554,-0.015016320161521435
;20.28046989440918;-2.542934148747003e-19,0.004683811217546463,-1.383862853050232,0.44790369272232056;0.4860037565231323,0.38706523180007935,0.17368483543395996,-0.01848210021853447;0.003709241049364209,-0.05246341601014137,0.06622091680765152,-0.015022099018096924
;20.26055145263672;-2.571185468592986e-19,0.004693129099905491,-1.3835915327072144,0.44893312454223633;0.4848023056983948,0.38705724477767944,0.1737963706254959,-0.01846151612699032;0.0037159479688853025,-0.0524817556142807,0.06619536876678467,-0.015027891844511032
;20.240598678588867;-2.599806176281262e-19,0.004702471196651459,-1.3833191394805908,0.44996219873428345;0.4836004078388214,0.38704928755760193,0.17390809953212738,-0.018443642184138298;0.003722681198269129,-0.05250002443790436,0.06617019325494766,-0.015033692121505737
;20.22060775756836;-2.628796530305773e-19,0.004711836110800505,-1.3830455541610718,0.45099157094955444;0.4823981523513794,0.38704121112823486,0.17402006685733795,-0.018428433686494827;0.003729437245056033,-0.05251821503043175,0.0661453977227211,-0.015039503574371338
;20.200578689575195;-2.658166611930234e-19,0.004721225704997778,-1.3827718496322632,0.45202112197875977;0.48119544982910156,0.38703322410583496,0.17413225769996643,-0.01841340959072113;0.0037362193688750267,-0.05253642424941063,0.06612057983875275,-0.015045327134430408
;20.180511474609375;-2.687918747600118e-19,0.004730639047920704,-1.38249671459198,0.4530506134033203;0.4799923002719879,0.3870251476764679,0.174244686961174,-0.018395962193608284;0.0037430268712341785,-0.05255477502942085,0.06609534472227097,-0.015051161870360374
;20.1604061126709;-2.7180625015912573e-19,0.004740075673907995,-1.3822211027145386,0.45408016443252563;0.47878867387771606,0.3870171010494232,0.1743573248386383,-0.018381189554929733;0.0037498599849641323,-0.05257304012775421,0.06607048213481903,-0.015057006850838661
;20.140262603759766;-2.748601492818832e-19,0.004749536048620939,-1.3819442987442017,0.45510953664779663;0.4775846302509308,0.38700899481773376,0.1744702011346817,-0.018366632983088493;0.003756716614589095,-0.052591342478990555,0.0660456046462059,-0.015062863938510418
;20.120080947875977;-2.779542183631378e-19,0.004759019240736961,-1.381667137145996,0.45613956451416016;0.47638025879859924,0.3870009183883667,0.1745833158493042,-0.018349628895521164;0.0037635997869074345,-0.052609771490097046,0.06602029502391815,-0.015068731270730495
;20.09986114501953;-2.810886124992544e-19,0.004768526181578636,-1.3813889026641846,0.45716866850852966;0.4751753807067871,0.38699284195899963,0.1746966540813446,-0.01833018660545349;0.0037705088034272194,-0.05262833833694458,0.06599456816911697,-0.015074609778821468
;20.07960319519043;-2.8426475340691073e-19,0.004778056871145964,-1.3811099529266357,0.4581972360610962;0.47397011518478394,0.38698476552963257,0.17481021583080292,-0.0183109138160944;0.003777442965656519,-0.05264692381024361,0.065968818962574,-0.015080498531460762
;20.059307098388672;-2.8748246014034786e-19,0.004787611309438944,-1.3808300495147705,0.4592265486717224;0.4727644920349121,0.38697656989097595,0.17492400109767914,-0.01829179935157299;0.0037844020407646894,-0.05266554281115532,0.06594304740428925,-0.0150864003226161
;20.038972854614258;-2.907427149765432e-19,0.004797189962118864,-1.3805491924285889,0.46025559306144714;0.471558541059494,0.3869684338569641,0.17503802478313446,-0.018272822722792625;0.003791387425735593,-0.05268418416380882,0.0659172385931015,-0.015092311426997185
;20.018596649169922;-2.9404652604186827e-19,0.004806791432201862,-1.3802680969238281,0.46128490567207336;0.47035208344459534,0.3869602382183075,0.17515228688716888,-0.018254006281495094;0.003798398654907942,-0.05270286276936531,0.06589142233133316,-0.015098236501216888
;19.99818229675293;-2.973944361736001e-19,0.004816416185349226,-1.37998628616333,0.46231383085250854;0.46914517879486084,0.3869520425796509,0.17526674270629883,-0.018235327675938606;0.003805439220741391,-0.05272156372666359,0.06586558371782303,-0.015104170888662338
;19.97772979736328;-3.007869106608332e-19,0.00482606515288353,-1.3797035217285156,0.46334293484687805;0.4679379463195801,0.38694384694099426,0.17538148164749146,-0.018219346180558205;0.0038125040009617805,-0.052740197628736496,0.06584011763334274,-0.015110116451978683
;19.957239151000977;-3.0422428554569143e-19,0.004835737403482199,-1.3794196844100952,0.46437227725982666;0.4667305052280426,0.38693565130233765,0.175496444106102,-0.01820611022412777;0.003819595091044903,-0.052758749574422836,0.0658150315284729,-0.015116074122488499
;19.936710357666016;-3.0770774990030537e-19,0.004845434334129095,-1.3791353702545166,0.46540144085884094;0.4655226469039917,0.38692739605903625,0.17561163008213043,-0.018190432339906693;0.0038267101626843214,-0.05277743190526962,0.06578952819108963,-0.015122042037546635
;19.916141510009766;-3.1123763976679885e-19,0.0048551540821790695,-1.3788496255874634,0.4664306640625;0.4643145501613617,0.38691914081573486,0.17572703957557678,-0.018177455291152;0.003833855502307415,-0.05279603973031044,0.0657644048333168,-0.015128021128475666
;19.895532608032227;-3.1481480817517856e-19,0.004864898510277271,-1.3785642385482788,0.4674595892429352;0.4631060063838959,0.38691088557243347,0.17584273219108582,-0.01816472038626671;0.0038410257548093796,-0.05281467363238335,0.06573925912380219,-0.015134013257920742
;19.87488555908203;-3.1843910002907965e-19,0.004874665755778551,-1.378277063369751,0.4684891700744629;0.4618971645832062,0.3869025409221649,0.17595863342285156,-0.018152019008994102;0.00384822441264987,-0.05283334106206894,0.06571408361196518,-0.015140015631914139
;19.85420036315918;-3.221125057318511e-19,0.004884456750005484,-1.377989649772644,0.46951767802238464;0.4606880843639374,0.38689425587654114,0.1760747730731964,-0.018139515072107315;0.003855451475828886,-0.05285203456878662,0.06568890064954758,-0.015146029181778431
;19.833477020263672;-3.2583538717501083e-19,0.004894271958619356,-1.3777008056640625,0.4705456495285034;0.4594787657260895,0.38688597083091736,0.17619115114212036,-0.01812715455889702;0.003862702986225486,-0.05287076160311699,0.06566369533538818,-0.015152052976191044
;19.812713623046875;-3.296079770031062e-19,0.004904110915958881,-1.3774116039276123,0.47157424688339233;0.45826929807662964,0.38687756657600403,0.1763077974319458,-0.018114948645234108;0.0038699794095009565,-0.05288951098918915,0.0656384602189064,-0.015158089809119701
;19.79191017150879;-3.3343216222190955e-19,0.004913973622024059,-1.3771212100982666,0.4726025462150574;0.4570593237876892,0.3868691921234131,0.17642466723918915,-0.01810290478169918;0.003877287730574608,-0.052908290177583694,0.06561319530010223,-0.01516413688659668
;19.771068572998047;-3.373075809399029e-19,0.00492386007681489,-1.376831293106079,0.4736311137676239;0.4558492600917816,0.38686075806617737,0.1765417903661728,-0.018091028556227684;0.003884621663019061,-0.05292709171772003,0.06558792293071747,-0.015170197002589703
;19.750186920166016;-3.4123518958466954e-19,0.004933769814670086,-1.3765394687652588,0.47465911507606506;0.4546389877796173,0.3868524134159088,0.17665915191173553,-0.018079252913594246;0.0038919805083423853,-0.052945930510759354,0.06556262075901031,-0.015176266431808472
;19.729265213012695;-3.4521669421622283e-19,0.004943703301250935,-1.3762476444244385,0.4756873846054077;0.4534282684326172,0.3868440091609955,0.17677675187587738,-0.018067635595798492;0.0038993721827864647,-0.05296479910612106,0.06553731113672256,-0.01518234796822071
;19.70830535888672;-3.492521723827452e-19,0.004953661467880011,-1.3759552240371704,0.4767152667045593;0.4522174298763275,0.386835515499115,0.17689459025859833,-0.018056225031614304;0.00390678970143199,-0.052983690053224564,0.06551195681095123,-0.01518844161182642
;19.687305450439453;-3.5334149483726595e-19,0.004963643383234739,-1.375661015510559,0.477742999792099;0.45100656151771545,0.3868270516395569,0.17701271176338196,-0.018044903874397278;0.003914232365787029,-0.05300261080265045,0.0654865950345993,-0.01519454549998045
;19.6662654876709;-3.574872982179876e-19,0.004973647650331259,-1.375366449356079,0.4787701666355133;0.4497952461242676,0.38681867718696594,0.1771310269832611,-0.018038934096693993;0.003921708092093468,-0.05302135646343231,0.06546203047037125,-0.015200662426650524
;19.645187377929688;-3.616891689346038e-19,0.004983677063137293,-1.375071406364441,0.47979748249053955;0.4485838711261749,0.3868101239204407,0.17724964022636414,-0.018030526116490364;0.003929207567125559,-0.05304022878408432,0.06543702632188797,-0.01520678959786892
;19.62407112121582;-3.659485287037925e-19,0.00499373022466898,-1.3747756481170654,0.48082488775253296;0.4473724365234375,0.3868016302585602,0.17736852169036865,-0.018024872988462448;0.003936735913157463,-0.05305902659893036,0.06541241705417633,-0.01521292794495821
;19.60291290283203;-3.702661530073779e-19,0.005003807600587606,-1.374479055404663,0.4818515479564667;0.4461607336997986,0.3867931067943573,0.17748761177062988,-0.01801936887204647;0.003944293595850468,-0.053077857941389084,0.0653877854347229,-0.01521907839924097
;19.581716537475586;-3.7464258468263696e-19,0.005013907793909311,-1.3741812705993652,0.4828782081604004;0.4449489712715149,0.38678455352783203,0.1776069849729538,-0.018008798360824585;0.003951878286898136,-0.053096920251846313,0.06536231189966202,-0.015225240029394627
;19.56047821044922;-3.790785475126057e-19,0.005024032201617956,-1.3738832473754883,0.48390546441078186;0.4437369704246521,0.38677600026130676,0.17772658169269562,-0.018000977113842964;0.003959493711590767,-0.053115908056497574,0.06533722579479218,-0.015231413766741753
;19.539201736450195;-3.8357644549093936e-19,0.005034180358052254,-1.3735840320587158,0.4849323034286499;0.44252490997314453,0.3867674171924591,0.17784644663333893,-0.017993364483118057;0.003967140801250935,-0.05313492566347122,0.06531212478876114,-0.015237598679959774
;19.51788330078125;-3.881355806839961e-19,0.005044353194534779,-1.3732842206954956,0.4859597384929657;0.44131267070770264,0.38675880432128906,0.17796656489372253,-0.017985863611102104;0.003974811173975468,-0.05315396934747696,0.06528699398040771,-0.01524379476904869
;19.49652671813965;-3.9275802104330726e-19,0.005054548382759094,-1.3729844093322754,0.486985981464386;0.4401002824306488,0.3867502212524414,0.17808696627616882,-0.01797853596508503;0.003982513677328825,-0.05317305028438568,0.0652618482708931,-0.015250003896653652
;19.475128173828125;-3.974434822255373e-19,0.005064768251031637,-1.372683048248291,0.4880125820636749;0.4388878643512726,0.386741578578949,0.1782076060771942,-0.01797136478126049;0.003990244586020708,-0.053192153573036194,0.06523667275905609,-0.015256223268806934
;19.453689575195312;-4.021946784170712e-19,0.005075011868029833,-1.3723807334899902,0.48903876543045044;0.4376753568649292,0.38673290610313416,0.1783284842967987,-0.017964322119951248;0.003998005297034979,-0.053211286664009094,0.06521148979663849,-0.015262454748153687
;19.43221092224121;-4.070114286721499e-19,0.0050852796994149685,-1.3720786571502686,0.4900655746459961;0.4364626705646515,0.38672423362731934,0.17844966053962708,-0.01795748807489872;0.004005794879049063,-0.05323044955730438,0.0651862695813179,-0.015268698334693909
;19.410690307617188;-4.1189466356896256e-19,0.0050955708138644695,-1.3717753887176514,0.49109071493148804;0.4352498948574066,0.3867155909538269,0.17857106029987335,-0.017950762063264847;0.0040136175230145454,-0.05324964597821236,0.06516103446483612,-0.015274953097105026
;19.389131546020508;-4.1684627011328155e-19,0.005105887074023485,-1.3714714050292969,0.4921156167984009;0.43403711915016174,0.3867068886756897,0.1786927729845047,-0.017946826294064522;0.004021465312689543,-0.05326876416802406,0.06513619422912598,-0.015281219966709614
;19.367530822753906;-4.2186684284117215e-19,0.005116226617246866,-1.3711661100387573,0.49314114451408386;0.43282434344291687,0.3866981565952301,0.17881469428539276,-0.017943039536476135;0.004029346629977226,-0.05328790470957756,0.06511132419109344,-0.015287498943507671
;19.345890045166016;-4.269562266562695e-19,0.0051265899091959,-1.3708605766296387,0.49416622519493103;0.43161147832870483,0.38668936491012573,0.1789369136095047,-0.017939399927854538;0.004037255421280861,-0.053307078778743744,0.06508644670248032,-0.015293789096176624
;19.324209213256836;-4.3211791122678283e-19,0.005136976949870586,-1.3705543279647827,0.4951910078525543;0.4303985834121704,0.38668060302734375,0.17905935645103455,-0.01793595217168331;0.004045197740197182,-0.05332627892494202,0.0650615394115448,-0.015300091356039047
;19.302486419677734;-4.373511210708878e-19,0.005147388204932213,-1.3702473640441895,0.4962156414985657;0.4291856586933136,0.38667184114456177,0.17918208241462708,-0.017932619899511337;0.004053165670484304,-0.053345516324043274,0.0650366023182869,-0.015306404791772366
;19.280723571777344;-4.426576914955687e-19,0.005157822743058205,-1.3699395656585693,0.4972403645515442;0.42797285318374634,0.386663019657135,0.1793050915002823,-0.01792941801249981;0.004061166197061539,-0.05336477607488632,0.0650116577744484,-0.015312731266021729
;19.258920669555664;-4.480386047778027e-19,0.0051682814955711365,-1.369631290435791,0.4982645809650421;0.4267599284648895,0.38665419816970825,0.1794283539056778,-0.017926443368196487;0.004069197457283735,-0.053384069353342056,0.0649866908788681,-0.015319068916141987
;19.237075805664062;-4.534952050860853e-19,0.005178763996809721,-1.369321584701538,0.49928897619247437;0.4255470633506775,0.3866453468799591,0.179551899433136,-0.017923591658473015;0.004077260848134756,-0.05340338870882988,0.06496170163154602,-0.015325418673455715
;19.21518898010254;-4.590284229986056e-19,0.005189271178096533,-1.3690121173858643,0.500312864780426;0.4243341386318207,0.38663655519485474,0.17967569828033447,-0.017920926213264465;0.0040853554382920265,-0.05342273414134979,0.06493668258190155,-0.015331778675317764
;19.193262100219727;-4.646398094790122e-19,0.00519980164244771,-1.3687012195587158,0.5013366937637329;0.4231213331222534,0.3866276144981384,0.17979976534843445,-0.017918376252055168;0.004093479365110397,-0.05344211682677269,0.06491164863109589,-0.015338151715695858
;19.171293258666992;-4.703302434067059e-19,0.0052103567868471146,-1.3683898448944092,0.502360999584198;0.42190855741500854,0.3866187632083893,0.1799241006374359,-0.01791599951684475;0.004101635422557592,-0.053461525589227676,0.06488659977912903,-0.015344536863267422
;19.149282455444336;-4.761014825404884e-19,0.0052209352143108845,-1.368077278137207,0.5033848285675049;0.4206957519054413,0.38660985231399536,0.18004873394966125,-0.017916448414325714;0.004109824076294899,-0.053480856120586395,0.06486193835735321,-0.015350934118032455
;19.127229690551758;-4.819545091573371e-19,0.005231537856161594,-1.3677647113800049,0.5044074654579163;0.4194830656051636,0.38660094141960144,0.1801736056804657,-0.01791440322995186;0.004118043929338455,-0.053500331938266754,0.06483683735132217,-0.015357346273958683
;19.105134963989258;-4.878903572330176e-19,0.005242164246737957,-1.3674508333206177,0.5054298639297485;0.4182703495025635,0.38659194111824036,0.18029877543449402,-0.017912544310092926;0.004126294050365686,-0.053519826382398605,0.06481172144412994,-0.015363765880465508
;19.082998275756836;-4.939105777311785e-19,0.005252813920378685,-1.3671369552612305,0.5064522624015808;0.41705769300460815,0.38658297061920166,0.18042421340942383,-0.017910830676555634;0.004134578164666891,-0.05353935807943344,0.06478659063577652,-0.015370200388133526
;19.060819625854492;-5.000165148203153e-19,0.00526348827406764,-1.3668220043182373,0.5074746608734131;0.41584518551826477,0.3865739703178406,0.18054993450641632,-0.017909254878759384;0.0041428920812904835,-0.053558915853500366,0.06476142257452011,-0.01537664607167244
;19.038599014282227;-5.062101847531709e-19,0.005274186376482248,-1.366506814956665,0.508496105670929;0.4146327078342438,0.3865649998188019,0.1806759387254715,-0.01790788024663925;0.0041512418538331985,-0.05357850342988968,0.06473623961210251,-0.015383104793727398
;19.01633644104004;-5.124921562164166e-19,0.005284908693283796,-1.3661905527114868,0.5095179677009583;0.4134203791618347,0.386555939912796,0.18080222606658936,-0.01790666952729225;0.004159620031714439,-0.05359812453389168,0.06471103429794312,-0.015389574691653252
;18.99403190612793;-5.188642903664306e-19,0.00529565429314971,-1.3658735752105713,0.5105392336845398;0.41220811009407043,0.3865468502044678,0.1809287667274475,-0.01790560595691204;0.004168035928159952,-0.053617775440216064,0.06468579918146133,-0.01539605762809515
;18.971683502197266;-5.253269490947308e-19,0.00530642457306385,-1.365555763244629,0.5115605592727661;0.4109959900379181,0.3865378201007843,0.18105559051036835,-0.0179047342389822;0.004176480229943991,-0.05363745614886284,0.06466055661439896,-0.015402553603053093
;18.94929313659668;-5.318838030152855e-19,0.0053172181360423565,-1.3652375936508179,0.5125810503959656;0.4097839593887329,0.38652873039245605,0.18118272721767426,-0.017904013395309448;0.004184959921985865,-0.053657166659832,0.06463529169559479,-0.015409060753881931
;18.92685890197754;-5.385348004293064e-19,0.005328035913407803,-1.3649189472198486,0.513600766658783;0.40857207775115967,0.3865196406841278,0.18131011724472046,-0.017903434112668037;0.004193473607301712,-0.05367690697312355,0.06460999697446823,-0.015415580943226814
;18.904382705688477;-5.452812338065006e-19,0.005338877905160189,-1.3645989894866943,0.5146203637123108;0.407360315322876,0.38651043176651,0.18143780529499054,-0.017903076484799385;0.004202017094939947,-0.053696680814027786,0.06458468735218048,-0.015422113239765167
;18.881864547729492;-5.521255329899175e-19,0.0053497436456382275,-1.364278793334961,0.5156400203704834;0.406148761510849,0.3865013122558594,0.1815657913684845,-0.017902828752994537;0.0042105973698198795,-0.05371648818254471,0.06455935537815094,-0.015428658574819565
;18.859302520751953;-5.590678530759219e-19,0.0053606340661644936,-1.3639578819274902,0.5166595578193665;0.4049372971057892,0.38649216294288635,0.18169403076171875,-0.017905404791235924;0.004219208378344774,-0.05373620614409447,0.06453442573547363,-0.015435216017067432
;18.836698532104492;-5.661117612809055e-19,0.005371547769755125,-1.3636363744735718,0.5176782011985779;0.40372610092163086,0.38648292422294617,0.18182258307933807,-0.017908161506056786;0.004227857105433941,-0.05375596135854721,0.06450946629047394,-0.01544178370386362
;18.814050674438477;-5.7325803308669255e-19,0.005382485222071409,-1.3633140325546265,0.5186965465545654;0.4025150239467621,0.38647371530532837,0.1819514036178589,-0.017911050468683243;0.004236537963151932,-0.05377575010061264,0.06448449194431305,-0.015448365360498428
;18.79136085510254;-5.805072888787424e-19,0.005393446888774633,-1.3629908561706543,0.5197149515151978;0.4013042151927948,0.38646453619003296,0.18208055198192596,-0.017916779965162277;0.0042452518828213215,-0.053795453161001205,0.0644599199295044,-0.01545496005564928
;18.768627166748047;-5.878631475722351e-19,0.00540443230420351,-1.362667202949524,0.5207337737083435;0.40009355545043945,0.3864552974700928,0.18220996856689453,-0.01792266219854355;0.004254002124071121,-0.053815197199583054,0.06443532556295395,-0.015461567789316177
;18.745851516723633;-5.953251955768642e-19,0.005415441934019327,-1.3623425960540771,0.5217516422271729;0.39888325333595276,0.3864459991455078,0.18233969807624817,-0.01792873814702034;0.004262781701982021,-0.05383496731519699,0.06441070884466171,-0.015468185767531395
;18.723031997680664;-6.028958627356792e-19,0.005426475778222084,-1.3620173931121826,0.5227692127227783;0.39767318964004517,0.38643670082092285,0.18246972560882568,-0.017934950068593025;0.004271600861102343,-0.05385476350784302,0.06438607722520828,-0.015474817715585232
;18.700170516967773;-6.105781992771889e-19,0.005437533371150494,-1.3616917133331299,0.5237862467765808;0.3964633643627167,0.3864274322986603,0.1826000213623047,-0.017941346392035484;0.004280455410480499,-0.05387459322810173,0.06436143070459366,-0.015481462702155113
;18.677263259887695;-6.183729289844292e-19,0.005448615178465843,-1.3613656759262085,0.5248036980628967;0.3952537775039673,0.38641810417175293,0.18273061513900757,-0.017947925254702568;0.0042893425561487675,-0.05389445275068283,0.06433675438165665,-0.015488119795918465
;18.654314041137695;-6.262820681101433e-19,0.0054597207345068455,-1.361038088798523,0.5258205533027649;0.3940444588661194,0.3864087164402008,0.18286152184009552,-0.01795463263988495;0.004298264626413584,-0.053914349526166916,0.06431205570697784,-0.01549478992819786
;18.63132095336914;-6.343073744131328e-19,0.005470850504934788,-1.3607100248336792,0.5268359780311584;0.3928353786468506,0.38639935851097107,0.18299272656440735,-0.01796155981719494;0.004307222086936235,-0.05393427237868309,0.06428734213113785,-0.015501471236348152
;18.60828399658203;-6.424509675437173e-19,0.00548200448974967,-1.3603813648223877,0.5278517007827759;0.3916267454624176,0.38638997077941895,0.18312424421310425,-0.01796862855553627;0.004316214472055435,-0.05395422875881195,0.06426260620355606,-0.015508166514337063
;18.585203170776367;-6.507143984655455e-19,0.00549318129196763,-1.3600527048110962,0.528866708278656;0.39041826128959656,0.38638055324554443,0.18325601518154144,-0.017975887283682823;0.0043252455070614815,-0.0539742112159729,0.06423784792423248,-0.015514873899519444
;18.56207847595215;-6.591004072143964e-19,0.005504383705556393,-1.3597224950790405,0.5298815369606018;0.38921019434928894,0.38637110590934753,0.1833880990743637,-0.017983347177505493;0.0043343110010027885,-0.053994230926036835,0.06421307474374771,-0.015521594323217869
;18.538908004760742;-6.6760971757330595e-19,0.00551560940220952,-1.3593922853469849,0.5308963060379028;0.3880023658275604,0.38636165857315063,0.18352049589157104,-0.017990972846746445;0.0043434142135083675,-0.05401426926255226,0.06418827176094055,-0.01552832592278719
;18.515695571899414;-6.762462069513955e-19,0.005526858847588301,-1.3590608835220337,0.5319105982780457;0.38679492473602295,0.38635218143463135,0.18365322053432465,-0.017998741939663887;0.004352550022304058,-0.05403435230255127,0.0641634538769722,-0.01553507149219513
;18.4924373626709;-6.850100821438183e-19,0.005538132507354021,-1.3587288856506348,0.5329241156578064;0.38558781147003174,0.3863426744937897,0.18378625810146332,-0.01800672337412834;0.0043617249466478825,-0.054054465144872665,0.06413861364126205,-0.015541830100119114
;18.469133377075195;-6.939062545354613e-19,0.0055494303815066814,-1.358396291732788,0.533937931060791;0.3843809962272644,0.3863331377506256,0.18391956388950348,-0.018014833331108093;0.0043709357269108295,-0.05407460406422615,0.06411375850439072,-0.015548603609204292
;18.445785522460938;-7.029336901505587e-19,0.0055607520043849945,-1.3580632209777832,0.5349510908126831;0.38317450881004333,0.38632357120513916,0.1840531975030899,-0.018023181706666946;0.004380186088383198,-0.05409478023648262,0.06408887356519699,-0.015555388294160366
;18.422393798828125;-7.120954909164078e-19,0.00557209737598896,-1.3577286005020142,0.5359634757041931;0.38196849822998047,0.3863140344619751,0.1841871440410614,-0.01803167164325714;0.0043894704431295395,-0.05411497876048088,0.06406397372484207,-0.01556218508630991
;18.398956298828125;-7.213952240494e-19,0.005583466496318579,-1.3573940992355347,0.5369748473167419;0.38076281547546387,0.38630449771881104,0.18432137370109558,-0.01804034784436226;0.00439879298210144,-0.054135214537382126,0.06403905153274536,-0.015568996779620647
;18.375473022460938;-7.308340269228778e-19,0.00559485936537385,-1.3570590019226074,0.5379860997200012;0.3795574903488159,0.3862948417663574,0.1844559609889984,-0.01804918795824051;0.004408152308315039,-0.054155487567186356,0.06401411443948746,-0.01557581964880228
;18.351943969726562;-7.404154150544444e-19,0.005606276914477348,-1.3567235469818115,0.5389970541000366;0.3783525228500366,0.3862852156162262,0.18459083139896393,-0.018058227375149727;0.004417550750076771,-0.054175782948732376,0.06398914754390717,-0.015582657419145107
;18.328369140625;-7.501404741186537e-19,0.0056177182123064995,-1.3563873767852783,0.5400078892707825;0.377147912979126,0.38627561926841736,0.18472601473331451,-0.018067488446831703;0.004426987376064062,-0.05419611930847168,0.06396415829658508,-0.015589507296681404
;18.30474853515625;-7.600125645367444e-19,0.005629183258861303,-1.356049656867981,0.5410182476043701;0.37594377994537354,0.38626593351364136,0.18486151099205017,-0.018076878041028976;0.004436463117599487,-0.05421648174524307,0.0639391615986824,-0.015596372075378895
;18.281082153320312;-7.700342195493423e-19,0.00564067205414176,-1.3557127714157104,0.5420276522636414;0.37474000453948975,0.38625621795654297,0.1849973350763321,-0.018086470663547516;0.004445973783731461,-0.05423688143491745,0.06391413509845734,-0.015603248961269855
;18.257369995117188;-7.802059561443304e-19,0.005652185995131731,-1.355373740196228,0.5430370569229126;0.37353670597076416,0.3862464725971222,0.18513347208499908,-0.018098914995789528;0.004455526825040579,-0.05425719916820526,0.0638895183801651,-0.015610137023031712
;18.233612060546875;-7.905339264775143e-19,0.005663723219186068,-1.3550347089767456,0.5440461039543152;0.3723337948322296,0.38623684644699097,0.18526992201805115,-0.018108846619725227;0.004465118516236544,-0.05427766591310501,0.06386444717645645,-0.015617042779922485
;18.209808349609375;-8.010186475367771e-19,0.005675284191966057,-1.354695200920105,0.5450550317764282;0.37113139033317566,0.386227011680603,0.18540669977664948,-0.018124328926205635;0.0044747465290129185,-0.05429793521761894,0.06384022533893585,-0.01562395878136158
;18.185958862304688;-8.116609982015195e-19,0.0056868684478104115,-1.3543553352355957,0.5460634231567383;0.36992940306663513,0.38621726632118225,0.18554379045963287,-0.018137309700250626;0.00448441319167614,-0.054318349808454514,0.06381554901599884,-0.01563088968396187
;18.162063598632812;-8.224662000493583e-19,0.005698477383702993,-1.354013442993164,0.5470709204673767;0.36872798204421997,0.3862074017524719,0.18568122386932373,-0.018153157085180283;0.004494123160839081,-0.05433868616819382,0.06379128992557526,-0.015637831762433052
;18.13812255859375;-8.334362176342482e-19,0.005710110068321228,-1.353671908378601,0.5480781197547913;0.3675270080566406,0.38619759678840637,0.18581897020339966,-0.018163830041885376;0.004503869451582432,-0.054359279572963715,0.06376613676548004,-0.01564478874206543
;18.1141357421875;-8.445747215701576e-19,0.005721766967326403,-1.3533298969268799,0.5490851998329163;0.36632660031318665,0.3861877918243408,0.18595705926418304,-0.018177388235926628;0.0045136562548577785,-0.054379791021347046,0.06374140083789825,-0.015651758760213852
;18.090103149414062;-8.558822288449692e-19,0.00573344761505723,-1.3529869318008423,0.5500920414924622;0.3651267886161804,0.38617798686027527,0.1860954612493515,-0.01819380186498165;0.004523482173681259,-0.05440022423863411,0.0637170821428299,-0.01565874181687832
;18.066024780273438;-8.673633923496287e-19,0.00574515201151371,-1.3526437282562256,0.5510974526405334;0.3639274537563324,0.3861680328845978,0.18623420596122742,-0.01821036823093891;0.0045333486050367355,-0.05442069098353386,0.06369273364543915,-0.01566573977470398
;18.04189682006836;-8.790204351320322e-19,0.005756881088018417,-1.3522989749908447,0.5521017909049988;0.36272868514060974,0.3861581087112427,0.1863732635974884,-0.01822713389992714;0.004543254617601633,-0.0544411838054657,0.0636683776974678,-0.015672748908400536
;18.017723083496094;-8.908584236734317e-19,0.00576863344758749,-1.3519541025161743,0.5531058311462402;0.3615303337574005,0.38614821434020996,0.18651266396045685,-0.018244119361042976;0.004553208127617836,-0.05446171760559082,0.06364399194717407,-0.015679772943258286
;17.99350357055664;-9.028784953471695e-19,0.00578041048720479,-1.3516085147857666,0.5541096925735474;0.3603326082229614,0.3861382007598877,0.18665239214897156,-0.018261339515447617;0.0045631928369402885,-0.05448228120803833,0.06361959129571915,-0.01568681187927723
;17.96923828125;-9.150841656708488e-19,0.0057922108098864555,-1.3512623310089111,0.5551138520240784;0.3591355085372925,0.3861282169818878,0.18679244816303253,-0.018278656527400017;0.004573223181068897,-0.054502878338098526,0.06359516829252243,-0.01569386199116707
;17.944923400878906;-9.274778127887308e-19,0.005804035346955061,-1.3509148359298706,0.5561168193817139;0.3579389750957489,0.38611823320388794,0.18693286180496216,-0.018296221271157265;0.004583295434713364,-0.05452350527048111,0.06357073038816452,-0.015700925141572952
;17.920562744140625;-9.40063159013572e-19,0.005815884098410606,-1.3505680561065674,0.5571193099021912;0.3567430377006531,0.3861082196235657,0.18707360327243805,-0.018313949927687645;0.0045934091322124004,-0.05454416573047638,0.06354627013206482,-0.01570800505578518
;17.89615249633789;-9.52845064031471e-19,0.005827756132930517,-1.3502190113067627,0.5581211447715759;0.35554763674736023,0.386098176240921,0.1872146725654602,-0.018331868574023247;0.004603564273566008,-0.054564863443374634,0.06352178007364273,-0.01571509800851345
;17.87169647216797;-9.65824768613347e-19,0.005839652847498655,-1.3498696088790894,0.5591232180595398;0.3543528914451599,0.3860880434513092,0.18735608458518982,-0.018350007012486458;0.004613757133483887,-0.054585590958595276,0.06349728256464005,-0.015722202137112617
;17.847190856933594;-9.790070290477217e-19,0.0058515723794698715,-1.3495205640792847,0.5601243376731873;0.35315871238708496,0.38607797026634216,0.1874978244304657,-0.018368329852819443;0.004623997490853071,-0.0546063557267189,0.06347276270389557,-0.015729321166872978
;17.82263946533203;-9.92395050659469e-19,0.005863516125828028,-1.3491697311401367,0.561124861240387;0.35196518898010254,0.3860678970813751,0.18763990700244904,-0.018386846408247948;0.004634277895092964,-0.05462714657187462,0.0634482279419899,-0.015736455097794533
;17.798038482666016;-1.005993382941958e-18,0.0058754850178956985,-1.348819375038147,0.562123715877533;0.35077232122421265,0.38605770468711853,0.18778233230113983,-0.018405545502901077;0.004644601605832577,-0.05464797094464302,0.06342366337776184,-0.01574360392987728
;17.77338981628418;-1.019804300641873e-18,0.005887475796043873,-1.3484677076339722,0.563122570514679;0.34958013892173767,0.3860475420951843,0.18792513012886047,-0.018424471840262413;0.004654971417039633,-0.054668836295604706,0.06339907646179199,-0.015750765800476074
;17.748693466186523;-1.0338320430598535e-18,0.005899491254240274,-1.3481158018112183,0.5641207098960876;0.34838852286338806,0.3860374093055725,0.18806825578212738,-0.01844359003007412;0.004665379878133535,-0.05468972772359848,0.06337448209524155,-0.015757940709590912
;17.723947525024414;-1.048078884942584e-18,0.005911529995501041,-1.3477630615234375,0.5651183128356934;0.34719762206077576,0.38602718710899353,0.18821172416210175,-0.01846287027001381;0.004675834905356169,-0.05471066012978554,0.06334985792636871,-0.015765130519866943
;17.69915199279785;-1.0625526845058837e-18,0.005923592951148748,-1.3474093675613403,0.5661157369613647;0.346007376909256,0.38601696491241455,0.18835553526878357,-0.018482405692338943;0.00468633184209466,-0.054731618613004684,0.06332521885633469,-0.01577233336865902
;17.67430877685547;-1.0772549927134013e-18,0.005935679655522108,-1.3470547199249268,0.5671124458312988;0.34481775760650635,0.3860067129135132,0.18849970400333405,-0.018502095714211464;0.004696874413639307,-0.054752614349126816,0.06330055743455887,-0.01577955111861229
;17.649415969848633;-1.0921900488657759e-18,0.005947791505604982,-1.3467000722885132,0.5681087374687195;0.3436289429664612,0.38599643111228943,0.18864426016807556,-0.018522009253501892;0.004707457963377237,-0.05477364733815193,0.06327588111162186,-0.015786783769726753
;17.624473571777344;-1.1073600243121156e-18,0.0059599257074296474,-1.346345067024231,0.5691040754318237;0.342440664768219,0.3859861195087433,0.18878914415836334,-0.01854212023317814;0.004718087147921324,-0.054794713854789734,0.06325116753578186,-0.01579402945935726
;17.5994815826416;-1.1227720534852036e-18,0.0059720841236412525,-1.3459892272949219,0.5700991749763489;0.3412531912326813,0.38597580790519714,0.1889343410730362,-0.018562449142336845;0.004728765692561865,-0.054815810173749924,0.06322645395994186,-0.015801291912794113
;17.574440002441406;-1.1384287213244541e-18,0.005984267219901085,-1.3456326723098755,0.5710945129394531;0.34006640315055847,0.3859654366970062,0.18907995522022247,-0.018582923337817192;0.004739488009363413,-0.0548369474709034,0.06320171058177948,-0.01580856554210186
;17.549348831176758;-1.1543355079014254e-18,0.005996472667902708,-1.345274806022644,0.5720888376235962;0.33888036012649536,0.3859550654888153,0.18922589719295502,-0.018603654578328133;0.004750250838696957,-0.05485811084508896,0.0631769523024559,-0.01581585593521595
;17.524208068847656;-1.1704962389264505e-18,0.0060087027959525585,-1.3449177742004395,0.5730820298194885;0.33769506216049194,0.3859446942806244,0.1893722116947174,-0.01862461492419243;0.004761060234159231,-0.0548793189227581,0.06315216422080994,-0.015823159366846085
;17.49901580810547;-1.1869151537001687e-18,0.006020956207066774,-1.344558596611023,0.5740747451782227;0.33651039004325867,0.3859342634677887,0.18951886892318726,-0.018645718693733215;0.004771921318024397,-0.05490056052803993,0.06312736123800278,-0.015830479562282562
;17.473773956298828;-1.2035972153062553e-18,0.006033233366906643,-1.344199776649475,0.5750669240951538;0.33532655239105225,0.3859238028526306,0.18966589868068695,-0.01866706646978855;0.004782821983098984,-0.05492182821035385,0.06310253590345383,-0.015837812796235085
;17.4484806060791;-1.2205482140089982e-18,0.006045533809810877,-1.3438389301300049,0.5760589241981506;0.3341435194015503,0.38591328263282776,0.1898132860660553,-0.0186912901699543;0.004793774336576462,-0.0549430213868618,0.0630781427025795,-0.01584515906870365
;17.423137664794922;-1.237773319687226e-18,0.006057858467102051,-1.343479037284851,0.5770500302314758;0.33296117186546326,0.3859028220176697,0.1899610310792923,-0.01871580071747303;0.004804774187505245,-0.05496424809098244,0.06305371969938278,-0.01585252210497856
;17.397743225097656;-1.255275013882776e-18,0.00607020640745759,-1.3431178331375122,0.578040599822998;0.3317796289920807,0.3858923017978668,0.19010916352272034,-0.018740495666861534;0.004815816413611174,-0.05498551204800606,0.06302928179502487,-0.015859900042414665
;17.372299194335938;-1.2730583630769004e-18,0.006082578562200069,-1.342756986618042,0.5790296196937561;0.3305988907814026,0.3858816623687744,0.19025763869285583,-0.01876537688076496;0.004826909862458706,-0.05500681325793266,0.06300482898950577,-0.015867292881011963
;17.346803665161133;-1.2911299847144995e-18,0.0060949744656682014,-1.3423935174942017,0.5800180435180664;0.32941901683807373,0.38587114214897156,0.19040653109550476,-0.018793193623423576;0.004838045220822096,-0.0550280325114727,0.06298079341650009,-0.015874698758125305
;17.321258544921875;-1.3094954622647081e-18,0.006107393652200699,-1.3420312404632568,0.5810065269470215;0.3282400071620941,0.3858605921268463,0.19055575132369995,-0.018821237608790398;0.004849232267588377,-0.05504928529262543,0.06295674294233322,-0.01588211953639984
;17.29566192626953;-1.3281586214378593e-18,0.006119836587458849,-1.3416668176651,0.5819939970970154;0.3270617425441742,0.3858499228954315,0.19070537388324738,-0.018849503248929977;0.0048604691401124,-0.055070579051971436,0.06293267756700516,-0.01588955521583557
;17.2700138092041;-1.347124942305511e-18,0.006132304202765226,-1.3413028717041016,0.5829806327819824;0.32588446140289307,0.38583922386169434,0.19085535407066345,-0.018877990543842316;0.0048717474564909935,-0.05509189888834953,0.0629085823893547,-0.015897005796432495
;17.24431610107422;-1.36639814718042e-18,0.006144795101135969,-1.3409377336502075,0.5839673280715942;0.3247079849243164,0.38582858443260193,0.19100572168827057,-0.018906662240624428;0.004883078392595053,-0.055113259702920914,0.06288447231054306,-0.015904473140835762
;17.218564987182617;-1.3859875418444774e-18,0.006157309748232365,-1.340572476387024,0.5849523544311523;0.32353246212005615,0.3858179450035095,0.19115646183490753,-0.018935557454824448;0.004894459154456854,-0.05513465404510498,0.06286034733057022,-0.015911953523755074
;17.192764282226562;-1.4058957112370974e-18,0.006169848144054413,-1.3402063846588135,0.5859372019767761;0.322357714176178,0.3858071565628052,0.19130760431289673,-0.018964672461152077;0.004905886482447386,-0.05515608564019203,0.06283619999885559,-0.01591944880783558
;17.16691017150879;-1.426132478128054e-18,0.006182410288602114,-1.3398380279541016,0.5869210362434387;0.3211839497089386,0.38579636812210083,0.19145910441875458,-0.018994031473994255;0.00491736363619566,-0.05517754703760147,0.06281203031539917,-0.01592695713043213
;17.141002655029297;-1.4467002206616085e-18,0.00619499571621418,-1.339471459388733,0.5879046320915222;0.3200109601020813,0.38578566908836365,0.19161096215248108,-0.01902085915207863;0.004928894340991974,-0.055199164897203445,0.06278739869594574,-0.01593448407948017
;17.11504364013672;-1.4676054528850846e-18,0.006207604426890612,-1.3391033411026,0.5888876914978027;0.318838894367218,0.3857748210430145,0.191763237118721,-0.01905066706240177;0.004940471611917019,-0.05522070452570915,0.06276319175958633,-0.015942024067044258
;17.089033126831055;-1.4888584111585627e-18,0.006220236886292696,-1.338734745979309,0.589870274066925;0.3176678419113159,0.3857639729976654,0.1919158697128296,-0.019080620259046555;0.004952100571244955,-0.055242277681827545,0.06273896992206573,-0.015949580818414688
;17.062969207763672;-1.5104591988796194e-18,0.00623289356008172,-1.338364601135254,0.5908520817756653;0.31649768352508545,0.38575315475463867,0.192068949341774,-0.019110864028334618;0.004963775631040335,-0.055263884365558624,0.06271471828222275,-0.015957152470946312
;17.03685188293457;-1.532417535420452e-18,0.00624557351693511,-1.3379942178726196,0.5918333530426025;0.3153283894062042,0.38574227690696716,0.19222237169742584,-0.0191413015127182;0.004975506104528904,-0.05528552830219269,0.06269045919179916,-0.01596473902463913
;17.01068115234375;-1.5547421061774926e-18,0.0062582772225141525,-1.3376234769821167,0.5928134322166443;0.3141601085662842,0.38573136925697327,0.19237618148326874,-0.01917196251451969;0.0049872868694365025,-0.055307209491729736,0.06266617774963379,-0.01597234047949314
;16.98445701599121;-1.577436736861074e-18,0.00627100421115756,-1.3372523784637451,0.5937932729721069;0.3129926919937134,0.38572046160697937,0.19253039360046387,-0.01920286938548088;0.004999122582376003,-0.05532892793416977,0.06264188140630722,-0.015979958698153496
;16.958179473876953;-1.6005096992773219e-18,0.0062837558798491955,-1.3368803262710571,0.594772458076477;0.31182625889778137,0.3857094943523407,0.19268499314785004,-0.019234001636505127;0.005011003464460373,-0.05535068362951279,0.06261755526065826,-0.015987591817975044
;16.931848526000977;-1.6239686448469023e-18,0.006296529900282621,-1.3365070819854736,0.5957507491111755;0.31066086888313293,0.38569846749305725,0.19283999502658844,-0.01926535926759243;0.005022939294576645,-0.05537247657775879,0.06259321421384811,-0.015995239838957787
;16.90546417236328;-1.647817502677725e-18,0.006309326738119125,-1.3361337184906006,0.596729040145874;0.30949637293815613,0.3856874406337738,0.19299538433551788,-0.019296929240226746;0.005034931469708681,-0.05539430305361748,0.06256885826587677,-0.016002904623746872
;16.879026412963867;-1.6720661989371404e-18,0.006322149187326431,-1.3357592821121216,0.597705602645874;0.30833300948143005,0.38567638397216797,0.19315119087696075,-0.019328758120536804;0.005046974401921034,-0.05541616678237915,0.06254448741674423,-0.01601058430969715
;16.85253143310547;-1.6967200069015536e-18,0.006334993522614241,-1.3353838920593262,0.598680853843689;0.3071705400943756,0.38566532731056213,0.19330739974975586,-0.019360775128006935;0.005059067625552416,-0.05543806776404381,0.06252007931470871,-0.016018280759453773
;16.82598304748535;-1.7217893697261982e-18,0.006347861140966415,-1.3350094556808472,0.5996550917625427;0.3060090243816376,0.3856542408466339,0.1934640258550644,-0.01939304731786251;0.005071217659860849,-0.05546001344919205,0.06249566003680229,-0.01602599211037159
;16.799381256103516;-1.7472809048559746e-18,0.006360753905028105,-1.334633708000183,0.6006292104721069;0.3048485517501831,0.3856431543827057,0.19362100958824158,-0.01942555606365204;0.005083419382572174,-0.055481985211372375,0.06247123330831528,-0.01603372022509575
;16.772722244262695;-1.7732051588436928e-18,0.006373669486492872,-1.3342573642730713,0.6016024351119995;0.3036891520023346,0.3856319785118103,0.19377842545509338,-0.019458306953310966;0.005095677450299263,-0.05550399795174599,0.062446773052215576,-0.016041461378335953
;16.746009826660156;-1.799566164194839e-18,0.006386608816683292,-1.3338803052902222,0.6025750041007996;0.30253076553344727,0.38562077283859253,0.1939362734556198,-0.019491272047162056;0.00510798767209053,-0.05552604794502258,0.062422290444374084,-0.01604922115802765
;16.719240188598633;-1.826371158739773e-18,0.006399570498615503,-1.333501935005188,0.603547215461731;0.3013733923435211,0.38560959696769714,0.1940944939851761,-0.019524483010172844;0.005120355635881424,-0.05554813891649246,0.062397800385951996,-0.01605699583888054
;16.69241714477539;-1.85363565211498e-18,0.00641255546361208,-1.3331235647201538,0.6045182943344116;0.3002171218395233,0.38559839129447937,0.19425314664840698,-0.019557930529117584;0.005132779013365507,-0.055570267140865326,0.06237328052520752,-0.016064787283539772
;16.665536880493164;-1.881365020994442e-18,0.006425565108656883,-1.3327438831329346,0.6054883599281311;0.2990618944168091,0.38558709621429443,0.1944122314453125,-0.019591622054576874;0.005145256873220205,-0.055592428892850876,0.06234874203801155,-0.016072595492005348
;16.638601303100586;-1.9095642284618343e-18,0.006438598036766052,-1.3323646783828735,0.6064577102661133;0.2979077696800232,0.3855758309364319,0.19457171857357025,-0.01962829940021038;0.0051577892154455185,-0.05561451613903046,0.0623246505856514,-0.016080418601632118
;16.611610412597656;-1.938244441455426e-18,0.006451653782278299,-1.3319835662841797,0.6074267029762268;0.2967546880245209,0.38556450605392456,0.19473162293434143,-0.019662441685795784;0.005170379299670458,-0.055636756122112274,0.06230007857084274,-0.01608825847506523
;16.584562301635742;-1.9674191016601713e-18,0.006464732810854912,-1.3316024541854858,0.6083943843841553;0.2956026792526245,0.38555315136909485,0.19489192962646484,-0.01969682052731514;0.005183027125895023,-0.05565904080867767,0.062275480479002,-0.016096115112304688
;16.557456970214844;-1.9970902770276015e-18,0.006477836053818464,-1.3312205076217651,0.6093611717224121;0.29445186257362366,0.38554176688194275,0.19505266845226288,-0.019734302535653114;0.005195731297135353,-0.05568123608827591,0.06225132197141647,-0.016103986650705338
;16.530296325683594;-2.027270375266905e-18,0.0064909616485238075,-1.3308380842208862,0.6103277802467346;0.29330214858055115,0.38553035259246826,0.19521383941173553,-0.01977192796766758;0.005208493210375309,-0.05570347607135773,0.062227144837379456,-0.01611187495291233
;16.50307846069336;-2.057972010882423e-18,0.006504111457616091,-1.3304542303085327,0.6112934947013855;0.29215356707572937,0.38551896810531616,0.19537542760372162,-0.019807031378149986;0.005221311468631029,-0.05572587251663208,0.06220249831676483,-0.016119781881570816
;16.47580337524414;-2.0892034556802816e-18,0.006517284084111452,-1.330070972442627,0.612257719039917;0.29100608825683594,0.3855074942111969,0.19553744792938232,-0.01984238810837269;0.0052341860719025135,-0.05574830248951912,0.06217782571911812,-0.016127703711390495
;16.448471069335938;-2.120977944550281e-18,0.006530480924993753,-1.3296869993209839,0.6132205128669739;0.28985974192619324,0.3854960501194,0.19569990038871765,-0.019878000020980835;0.00524712260812521,-0.05577077716588974,0.06215313822031021,-0.016135642305016518
;16.42108154296875;-2.1532971318536466e-18,0.0065437001176178455,-1.329302430152893,0.614182710647583;0.28871461749076843,0.3854844570159912,0.1958627849817276,-0.01991388015449047;0.00526011735200882,-0.055793289095163345,0.062128424644470215,-0.016143595799803734
;16.393632888793945;-2.1861808699250797e-18,0.006556943524628878,-1.3289155960083008,0.6151437163352966;0.2875705659389496,0.3854729235172272,0.19602608680725098,-0.01994997262954712;0.00527317076921463,-0.05581583455204964,0.062103692442178726,-0.01615156978368759
;16.366127014160156;-2.2196372237755526e-18,0.006570210214704275,-1.328529953956604,0.616104245185852;0.28642773628234863,0.38546136021614075,0.19618983566761017,-0.0199919231235981;0.005286282394081354,-0.055838193744421005,0.06207985803484917,-0.016159556806087494
;16.338563919067383;-2.2536713632838938e-18,0.006583499722182751,-1.3281415700912476,0.6170640587806702;0.2852860689163208,0.38544970750808716,0.19635403156280518,-0.020031308755278587;0.005299456883221865,-0.05586070567369461,0.062055546790361404,-0.016167564317584038
;16.310941696166992;-2.288301072833273e-18,0.006596812512725592,-1.327754259109497,0.6180228590965271;0.28414565324783325,0.38543808460235596,0.1965186595916748,-0.020068123936653137;0.005312689580023289,-0.05588337033987045,0.06203076243400574,-0.016175584867596626
;16.283262252807617;-2.3235397941086447e-18,0.006610149051994085,-1.3273673057556152,0.618980884552002;0.2830064594745636,0.38542646169662476,0.19668373465538025,-0.020110847428441048;0.005325983744114637,-0.055905845016241074,0.062006875872612,-0.016183624044060707
;16.255523681640625;-2.3593953853258276e-18,0.006623508874326944,-1.3269771337509155,0.6199383735656738;0.28186845779418945,0.3854147493839264,0.19684924185276031,-0.02015100233256817;0.005339339375495911,-0.05592847615480423,0.06198250502347946,-0.01619167998433113
;16.227725982666016;-2.3958806677843166e-18,0.006636891979724169,-1.3265867233276367,0.6208947896957397;0.280731737613678,0.385403037071228,0.1970152109861374,-0.020191391929984093;0.005352756939828396,-0.05595114454627037,0.06195811554789543,-0.016199752688407898
;16.19986915588379;-2.4330092899642186e-18,0.006650298833847046,-1.3261971473693848,0.6218499541282654;0.27959614992141724,0.3853912353515625,0.1971816122531891,-0.020234862342476845;0.005366233177483082,-0.05597373843193054,0.06193416938185692,-0.016207844018936157
;16.171953201293945;-2.47079221200865e-18,0.0066637275740504265,-1.3258044719696045,0.6228044033050537;0.27846190333366394,0.38537952303886414,0.1973484754562378,-0.020278559997677803;0.00537977134808898,-0.0559963695704937,0.06191020831465721,-0.01621595025062561
;16.143978118896484;-2.509242462012259e-18,0.006677180994302034,-1.3254131078720093,0.6237582564353943;0.2773289084434509,0.385367751121521,0.1975158005952835,-0.020322540774941444;0.00539337657392025,-0.05601903796195984,0.06188621744513512,-0.016224076971411705
;16.115943908691406;-2.5483705865278547e-18,0.006690655834972858,-1.3250211477279663,0.6247113347053528;0.276197224855423,0.3853558599948883,0.19768355786800385,-0.02036677487194538;0.005407043732702732,-0.05604174733161926,0.061862215399742126,-0.016232218593358994
;16.087848663330078;-2.5881900272403917e-18,0.00670415535569191,-1.3246272802352905,0.6256632804870605;0.2750668227672577,0.3853439688682556,0.1978517770767212,-0.020411286503076553;0.00542077049612999,-0.05606449767947197,0.061838194727897644,-0.016240376979112625
;16.059694290161133;-2.6287251859779403e-18,0.006717677228152752,-1.3242342472076416,0.6266146898269653;0.2739376127719879,0.38533201813697815,0.19802044332027435,-0.020456016063690186;0.005434565246105194,-0.05608728528022766,0.06181415542960167,-0.01624855399131775
;16.03148078918457;-2.669978751077491e-18,0.0067312223836779594,-1.3238372802734375,0.6275646686553955;0.27280983328819275,0.38532015681266785,0.19818957149982452,-0.020501060411334038;0.005448424722999334,-0.056110117584466934,0.0617900975048542,-0.016256747767329216
;16.003206253051758;-2.711966438970683e-18,0.006744791753590107,-1.3234437704086304,0.6285147666931152;0.2716834247112274,0.3853081464767456,0.1983591616153717,-0.02054634876549244;0.005462347064167261,-0.05613299086689949,0.06176602467894554,-0.016264960169792175
;15.974870681762695;-2.7547047932697664e-18,0.006758383475244045,-1.3230479955673218,0.6294634342193604;0.27055826783180237,0.38529616594314575,0.1985292285680771,-0.02059188112616539;0.005476330406963825,-0.05615590512752533,0.06174192577600479,-0.01627318747341633
;15.946474075317383;-2.7982124255385243e-18,0.006771998945623636,-1.3226524591445923,0.6304110884666443;0.2694344222545624,0.3852841556072235,0.19869975745677948,-0.020637696608901024;0.005490386858582497,-0.05617885664105415,0.061717815697193146,-0.016281433403491974
;15.91801643371582;-2.8425023638716042e-18,0.00678563816472888,-1.3222529888153076,0.6313572525978088;0.2683119773864746,0.3852720856666565,0.19887076318264008,-0.02068380080163479;0.0055045029148459435,-0.05620184913277626,0.06169368699193001,-0.01628969796001911
;15.889496803283691;-2.8875859820024287e-18,0.00679929880425334,-1.3218541145324707,0.6323022246360779;0.2671908438205719,0.3852599561214447,0.1990422159433365,-0.02073017880320549;0.005518690217286348,-0.05622489005327225,0.06166953220963478,-0.016297979280352592
;15.860915184020996;-2.9334806507238615e-18,0.00681298365816474,-1.3214563131332397,0.6332466006278992;0.26607102155685425,0.3852478563785553,0.1992141604423523,-0.020776815712451935;0.005532937124371529,-0.05624796450138092,0.06164535880088806,-0.016306281089782715
;15.83227252960205;-2.9802084971172883e-18,0.0068266913294792175,-1.321057915687561,0.6341901421546936;0.2649526298046112,0.3852357268333435,0.1993865817785263,-0.020823735743761063;0.005547258071601391,-0.05627107992768288,0.06162116676568985,-0.01631459780037403
;15.803566932678223;-3.0277775861936816e-18,0.006840422283858061,-1.3206554651260376,0.6351323127746582;0.263835608959198,0.38522350788116455,0.19955945014953613,-0.02087370865046978;0.005561646074056625,-0.05629412457346916,0.06159742921590805,-0.01632293313741684
;15.774799346923828;-3.0762135605520304e-18,0.006854176055639982,-1.3202539682388306,0.6360739469528198;0.2627200484275818,0.3852112591266632,0.19973284006118774,-0.02092120051383972;0.005576101131737232,-0.05631732568144798,0.06157320365309715,-0.01633128710091114
;15.74596881866455;-3.1255311026482076e-18,0.006867954041808844,-1.3198554515838623,0.6370146870613098;0.26160579919815063,0.38519906997680664,0.19990666210651398,-0.020968928933143616;0.0055906218476593494,-0.05634056776762009,0.06154896318912506,-0.016339659690856934
;15.71707534790039;-3.175743654167167e-18,0.006881753448396921,-1.319449543952942,0.6379547119140625;0.2604929506778717,0.38518670201301575,0.2000809907913208,-0.021016951650381088;0.005605218932032585,-0.056363850831985474,0.06152469664812088,-0.01634805090725422
;15.688117980957031;-3.2268791324545828e-18,0.006895576603710651,-1.3190487623214722,0.6388936042785645;0.25938156247138977,0.3851744532585144,0.20025579631328583,-0.021065255627036095;0.0056198774836957455,-0.05638717859983444,0.061500415205955505,-0.016356458887457848
;15.659096717834473;-3.2789484976535707e-18,0.006909423042088747,-1.3186442852020264,0.63983154296875;0.25827160477638245,0.3851621448993683,0.20043110847473145,-0.021113833412528038;0.005634613335132599,-0.05641055479645729,0.06147610768675804,-0.016364887356758118
;15.630012512207031;-3.3319734632552106e-18,0.006923293229192495,-1.3182405233383179,0.6407681703567505;0.25716304779052734,0.38514965772628784,0.20060689747333527,-0.021162690594792366;0.005649416707456112,-0.056433968245983124,0.06145178899168968,-0.01637333258986473
;15.600863456726074;-3.385972640823285e-18,0.006937186233699322,-1.3178346157073975,0.6417033672332764;0.25605595111846924,0.38513725996017456,0.20078319311141968,-0.021211843937635422;0.005664288066327572,-0.05645742267370224,0.06142744794487953,-0.016381796449422836
;15.571650505065918;-3.4409702253907105e-18,0.006951101124286652,-1.3174290657043457,0.6426374316215515;0.25495028495788574,0.3851248621940613,0.2009599655866623,-0.02126130647957325;0.0056792376562952995,-0.05648091807961464,0.06140308827161789,-0.016390280798077583
;15.542373657226562;-3.496981726593973e-18,0.006965039763599634,-1.3170206546783447,0.6435701251029968;0.25384610891342163,0.38511237502098083,0.2011372447013855,-0.021310973912477493;0.005694254767149687,-0.05650446191430092,0.061378709971904755,-0.016398781910538673
;15.513031959533691;-3.554026996767774e-18,0.006978999823331833,-1.3166139125823975,0.6445013880729675;0.2527434527873993,0.385099858045578,0.2013150155544281,-0.021361002698540688;0.005709346383810043,-0.05652804300189018,0.06135430932044983,-0.016407299786806107
;15.483625411987305;-3.612128576583805e-18,0.006992983631789684,-1.3162052631378174,0.6454324722290039;0.25164222717285156,0.3850872218608856,0.20149332284927368,-0.021414123475551605;0.005724506918340921,-0.056551553308963776,0.061330366879701614,-0.01641584001481533
;15.454154014587402;-3.671307559147686e-18,0.007006990723311901,-1.3158001899719238,0.6463623046875;0.250542551279068,0.38507476449012756,0.20167209208011627,-0.021464698016643524;0.00573974521830678,-0.056575220078229904,0.061305928975343704,-0.016424397006630898
;15.424615859985352;-3.731592482190551e-18,0.007021021097898483,-1.3153877258300781,0.6472906470298767;0.2494444102048874,0.3850621283054352,0.20185136795043945,-0.02151842974126339;0.005755054764449596,-0.05659881979227066,0.061281945556402206,-0.016432974487543106
;15.395012855529785;-3.793000716505262e-18,0.0070350742898881435,-1.3149775266647339,0.6482186913490295;0.2483476847410202,0.385049432516098,0.2020311802625656,-0.021572478115558624;0.005770442076027393,-0.0566224530339241,0.061257943511009216,-0.016441568732261658
;15.365344047546387;-3.8555554231489725e-18,0.007049149833619595,-1.314563512802124,0.6491456031799316;0.24725261330604553,0.38503676652908325,0.20221148431301117,-0.021629629656672478;0.005785901565104723,-0.05664601922035217,0.06123439595103264,-0.01645018346607685
;15.335609436035156;-3.919280176769139e-18,0.007063249126076698,-1.314151406288147,0.6500709056854248;0.24615895748138428,0.3850240707397461,0.2023923099040985,-0.02168421447277069;0.0058014364913105965,-0.05666974186897278,0.061210356652736664,-0.016458818688988686
;15.305809020996094;-3.9842047558678135e-18,0.007077371701598167,-1.3137437105178833,0.6509953737258911;0.24506697058677673,0.38501131534576416,0.20257367193698883,-0.02173912525177002;0.005817045923322439,-0.056693509221076965,0.061186302453279495,-0.016467472538352013
;15.275940895080566;-4.050351080731229e-18,0.007091516628861427,-1.313323974609375,0.6519190073013306;0.24397651851177216,0.38499847054481506,0.20275554060935974,-0.02179718017578125;0.005832734052091837,-0.05671720579266548,0.06116269528865814,-0.016476143151521683
;15.246007919311523;-4.11774189882623e-18,0.007105684373527765,-1.3129147291183472,0.6528413891792297;0.24288764595985413,0.38498565554618835,0.20293796062469482,-0.021855553612113;0.005848496686667204,-0.05674094334244728,0.061139076948165894,-0.016484836116433144
;15.216008186340332;-4.1863991304390505e-18,0.007119873538613319,-1.3125044107437134,0.6537627577781677;0.24180038273334503,0.38497284054756165,0.2031208574771881,-0.021914200857281685;0.005864341277629137,-0.056764718145132065,0.061115436255931854,-0.016493545845150948
;15.185940742492676;-4.256362893829398e-18,0.007134087849408388,-1.312078595161438,0.6546832323074341;0.24071472883224487,0.3849599063396454,0.20330429077148438,-0.021973198279738426;0.005880263168364763,-0.056788548827171326,0.06109178438782692,-0.016502276062965393
;15.155806541442871;-4.327648905428912e-18,0.007148323580622673,-1.3116719722747803,0.6556023955345154;0.23963069915771484,0.3849470317363739,0.2034882754087448,-0.022032475098967552;0.005896258633583784,-0.05681241303682327,0.061068106442689896,-0.01651102676987648
;15.125603675842285;-4.4002906660524e-18,0.007162583060562611,-1.3112363815307617,0.656520664691925;0.23854835331439972,0.3849339783191681,0.20367276668548584,-0.022092049941420555;0.005912332329899073,-0.0568363294005394,0.061044417321681976,-0.01651979610323906
;15.095331192016602;-4.47432622600804e-18,0.007176864426583052,-1.3108197450637817,0.6574375629425049;0.2374674528837204,0.38492101430892944,0.20385780930519104,-0.022151963785290718;0.005928491707891226,-0.056860290467739105,0.06102070212364197,-0.01652858406305313
;15.064990997314453;-4.5497704745468575e-18,0.007191169541329145,-1.3104023933410645,0.6583533883094788;0.23638823628425598,0.38490793108940125,0.20404337346553802,-0.022212190553545952;0.005944729782640934,-0.056884296238422394,0.060996975749731064,-0.016537394374608994
;15.034582138061523;-4.626657326073968e-18,0.007205497473478317,-1.309992790222168,0.659267783164978;0.2353106141090393,0.38489487767219543,0.20422948896884918,-0.02227271907031536;0.005961044691503048,-0.056908346712589264,0.06097323074936867,-0.0165462214499712
;15.004108428955078;-4.705021108584791e-18,0.0072198472917079926,-1.3096108436584473,0.6601819396018982;0.2342347353696823,0.38488179445266724,0.20441612601280212,-0.022333569824695587;0.005977449007332325,-0.056932441890239716,0.06094946712255478,-0.016555070877075195
;14.973551750183105;-4.784896977255362e-18,0.0072342208586633205,-1.3091727495193481,0.6610944271087646;0.23316021263599396,0.38486865162849426,0.20460329949855804,-0.02239478938281536;0.005993932019919157,-0.05695658549666405,0.0609256848692894,-0.016563942655920982
;14.9429349899292;-4.866298994156093e-18,0.007248617243021727,-1.3087061643600464,0.6620055437088013;0.23208783566951752,0.3848555088043213,0.20479103922843933,-0.022456234320998192;0.006010493263602257,-0.05698077008128166,0.060901883989572525,-0.016572831198573112
;14.912246704101562;-4.949279685255881e-18,0.0072630359791219234,-1.3082886934280396,0.6629154086112976;0.2310168296098709,0.3848422169685364,0.2049793303012848,-0.02251805178821087;0.006027144845575094,-0.05700500309467316,0.06087806820869446,-0.016581740230321884
;14.881490707397461;-5.0338622116118784e-18,0.007277478463947773,-1.3078722953796387,0.6638246774673462;0.22994765639305115,0.38482901453971863,0.20516818761825562,-0.022580157965421677;0.006043869536370039,-0.05702928453683853,0.0608542300760746,-0.016590669751167297
;14.850664138793945;-5.120087932254712e-18,0.007291942369192839,-1.3074474334716797,0.6647323966026306;0.22888019680976868,0.38481569290161133,0.20535756647586823,-0.022642651572823524;0.006060683634132147,-0.05705360323190689,0.06083037331700325,-0.016599619761109352
;14.819766998291016;-5.207988693637966e-18,0.00730642955750227,-1.307031273841858,0.6656392812728882;0.22781437635421753,0.3848024010658264,0.20554755628108978,-0.022705405950546265;0.006077584344893694,-0.05707797780632973,0.060806501656770706,-0.01660859026014805
;14.788799285888672;-5.2976029596601234e-18,0.007320939563214779,-1.306604266166687,0.6665448546409607;0.22675034403800964,0.38478899002075195,0.20573806762695312,-0.022768519818782806;0.006094570271670818,-0.05710239335894585,0.06078260764479637,-0.016617583110928535
;14.757759094238281;-5.388955545739561e-18,0.007335472386330366,-1.3061704635620117,0.6674486398696899;0.22568801045417786,0.38477563858032227,0.20592916011810303,-0.022831911221146584;0.006111643277108669,-0.05712685361504555,0.06075869873166084,-0.016626594588160515
;14.72664737701416;-5.482106422470689e-18,0.007350028492510319,-1.3057465553283691,0.668350875377655;0.22462742030620575,0.384762167930603,0.2061207890510559,-0.02289564535021782;0.006128797307610512,-0.05715136602520943,0.06073477119207382,-0.016635626554489136
;14.695465087890625;-5.577073787826983e-18,0.0073646074160933495,-1.3053202629089355,0.6692520976066589;0.2235686331987381,0.3847486972808838,0.20631301403045654,-0.022959763184189796;0.006146043073385954,-0.057175926864147186,0.06071082875132561,-0.016644679009914398
;14.664210319519043;-5.673918853173773e-18,0.007379208225756884,-1.304890513420105,0.6701518893241882;0.22251155972480774,0.3847351372241974,0.20650580525398254,-0.0230241846293211;0.006163372192531824,-0.057200536131858826,0.0606868676841259,-0.01665375381708145
;14.632883071899414;-5.772665606748822e-18,0.007393831852823496,-1.304457664489746,0.671051025390625;0.22145627439022064,0.384721577167511,0.2066991776227951,-0.02308889850974083;0.006180794443935156,-0.05722518637776375,0.0606628879904747,-0.016662847250699997
;14.601481437683105;-5.873357475534289e-18,0.0074084787629544735,-1.30402672290802,0.6719487905502319;0.2204027622938156,0.3847079873085022,0.20689310133457184,-0.02315402217209339;0.006198301445692778,-0.05724988877773285,0.06063888967037201,-0.016671964898705482
;14.57000732421875;-5.9760411952347845e-18,0.007423147093504667,-1.3035935163497925,0.6728454828262329;0.21935094892978668,0.3846943974494934,0.20708760619163513,-0.023219438269734383;0.006215906236320734,-0.05727463960647583,0.06061486527323723,-0.01668110117316246
;14.538459777832031;-6.080758124880935e-18,0.007437839638441801,-1.3031619787216187,0.6737411618232727;0.21830101311206818,0.3846806585788727,0.20728269219398499,-0.023285213857889175;0.006233592983335257,-0.05729943886399269,0.06059082970023155,-0.01669025979936123
;14.506836891174316;-6.187570303018682e-18,0.007452553603798151,-1.302727222442627,0.6746353507041931;0.21725283563137054,0.38466694951057434,0.2074783742427826,-0.023351319134235382;0.006251378916203976,-0.05732428655028343,0.060566775500774384,-0.01669943891465664
;14.475140571594238;-6.296505026608241e-18,0.007467290852218866,-1.3022923469543457,0.6755278706550598;0.21620647609233856,0.384653240442276,0.20767463743686676,-0.023417755961418152;0.006269251462072134,-0.057349175214767456,0.06054270640015602,-0.01670864224433899
;14.44336986541748;-6.407609858534832e-18,0.007482051383703947,-1.3018560409545898,0.6764193177223206;0.21516191959381104,0.38463935256004333,0.20787151157855988,-0.02348456345498562;0.006287215743213892,-0.05737411975860596,0.06051861494779587,-0.01671786420047283
;14.411524772644043;-6.52094435580256e-18,0.007496833335608244,-1.301418662071228,0.6773098111152649;0.21411922574043274,0.38462552428245544,0.20806896686553955,-0.023551667109131813;0.00630527688190341,-0.05739911273121834,0.06049450486898422,-0.016727108508348465
;14.37960433959961;-6.636553599754809e-18,0.0075116390362381935,-1.3009823560714722,0.678198516368866;0.2130783051252365,0.38461169600486755,0.20826703310012817,-0.02362211048603058;0.00632342929020524,-0.05742403492331505,0.060470856726169586,-0.01673637516796589
;14.34760856628418;-6.754471091206387e-18,0.0075264680199325085,-1.300543189048767,0.6790857911109924;0.2120393067598343,0.3845977783203125,0.20846568048000336,-0.023695768788456917;0.0063416799530386925,-0.05744887515902519,0.060447677969932556,-0.016745664179325104
;14.315536499023438;-6.874782856941e-18,0.00754131842404604,-1.3001021146774292,0.6799718737602234;0.2110021412372589,0.38458383083343506,0.2086649388074875,-0.023763960227370262;0.006360023748129606,-0.05747402086853981,0.06042351573705673,-0.01675497367978096
;14.283390045166016;-6.997524465724987e-18,0.007556192576885223,-1.2996619939804077,0.6808569431304932;0.20996686816215515,0.38456985354423523,0.20886482298374176,-0.023838333785533905;0.006378460675477982,-0.05749896168708801,0.060400307178497314,-0.016764305531978607
;14.251167297363281;-7.122743894033877e-18,0.007571088615804911,-1.2992216348648071,0.681740403175354;0.208933487534523,0.38455578684806824,0.2090652883052826,-0.023910172283649445;0.006396997254341841,-0.05752407759428024,0.060376591980457306,-0.016773659735918045
;14.218868255615234;-7.250498630920242e-18,0.007586007472127676,-1.2987794876098633,0.6826220750808716;0.2079019844532013,0.384541779756546,0.20926640927791595,-0.023985257372260094;0.006415628828108311,-0.057549115270376205,0.06035333871841431,-0.016783036291599274
;14.186492919921875;-7.380845751846348e-18,0.0076009477488696575,-1.2983372211456299,0.683502733707428;0.2068723887205124,0.38452762365341187,0.20946811139583588,-0.02406073734164238;0.006434363313019276,-0.05757421255111694,0.06033007428050041,-0.016792433336377144
;14.154041290283203;-7.5138580487061e-18,0.007615912705659866,-1.2978920936584473,0.6843823790550232;0.20584477484226227,0.3845134675502777,0.20967046916484833,-0.024136539548635483;0.0064531899988651276,-0.057599350810050964,0.06030678749084473,-0.016801854595541954
;14.121511459350586;-7.649572744627063e-18,0.007630899548530579,-1.297446370124817,0.6852602362632751;0.20481905341148376,0.3844992220401764,0.20987340807914734,-0.02420981042087078;0.006472119130194187,-0.05762466788291931,0.060283005237579346,-0.016811298206448555
;14.088903427124023;-7.788068421767429e-18,0.007645909208804369,-1.2970014810562134,0.6861363649368286;0.20379523932933807,0.38448500633239746,0.21007701754570007,-0.024280503392219543;0.006491147913038731,-0.05765015259385109,0.06025872007012367,-0.016820762306451797
;14.056217193603516;-7.929408773034364e-18,0.007660941686481237,-1.2965538501739502,0.6870120763778687;0.20277336239814758,0.38447076082229614,0.21028120815753937,-0.02435452677309513;0.006510279141366482,-0.057675573974847794,0.06023489311337471,-0.01683025062084198
;14.023451805114746;-8.073662454418712e-18,0.007675997447222471,-1.2961064577102661,0.6878859400749207;0.20175348222255707,0.3844563663005829,0.21048606932163239,-0.02442888915538788;0.006529507227241993,-0.057701047509908676,0.06021105498075485,-0.016839761286973953
;13.990608215332031;-8.220875788034774e-18,0.007691074162721634,-1.2956575155258179,0.688758134841919;0.20073547959327698,0.3844420313835144,0.21069152653217316,-0.024506554007530212;0.0065488433465361595,-0.05772643908858299,0.0601876825094223,-0.016849296167492867
;13.957686424255371;-8.371134800666257e-18,0.007706174626946449,-1.2952075004577637,0.6896291971206665;0.19971950352191925,0.38442760705947876,0.21089762449264526,-0.024584591388702393;0.006568278186023235,-0.057751886546611786,0.060164302587509155,-0.01685885153710842
;13.924684524536133;-8.524514765748902e-18,0.00772129837423563,-1.2947553396224976,0.6904985904693604;0.1987055242061615,0.3844131529331207,0.2111043781042099,-0.024663040414452553;0.0065878210589289665,-0.05777737870812416,0.06014089286327362,-0.016868431121110916
;13.89160442352295;-8.681066968480688e-18,0.007736445404589176,-1.2943042516708374,0.6913661360740662;0.19769349694252014,0.3843986392021179,0.21131178736686707,-0.02474183961749077;0.006607465445995331,-0.05780292674899101,0.06011747568845749,-0.0168780330568552
;13.858444213867188;-8.840871645381033e-18,0.007751613389700651,-1.2938506603240967,0.6922332644462585;0.19668354094028473,0.38438406586647034,0.21151983737945557,-0.02482103370130062;0.006627214141190052,-0.05782853066921234,0.06009403616189957,-0.016887657344341278
;13.825202941894531;-9.004009032969353e-18,0.007766805589199066,-1.29339599609375,0.6930996775627136;0.1956755518913269,0.38436952233314514,0.2117285281419754,-0.024900587275624275;0.006647073198109865,-0.05785418301820755,0.06007057800889015,-0.016897305846214294
;13.79188060760498;-9.170556059042617e-18,0.007782019674777985,-1.2929421663284302,0.6939647793769836;0.19466955959796906,0.3843548595905304,0.21193785965442657,-0.02498055249452591;0.006667034234851599,-0.057879891246557236,0.060047101229429245,-0.01690697856247425
;13.758477210998535;-9.34059544166208e-18,0.0077972570434212685,-1.2924869060516357,0.6948282718658447;0.19366563856601715,0.38434016704559326,0.21214787662029266,-0.025060903280973434;0.006687110289931297,-0.0579056441783905,0.060023609548807144,-0.016916675493121147
;13.724991798400879;-9.514199145541035e-18,0.007812516763806343,-1.2920290231704712,0.6956902146339417;0.19266371428966522,0.38432544469833374,0.21235854923725128,-0.025141604244709015;0.006707289721816778,-0.057931456714868546,0.06000009924173355,-0.016926392912864685
;13.691424369812012;-9.691462296449923e-18,0.007827799767255783,-1.2915716171264648,0.6965500712394714;0.19166384637355804,0.3843107521533966,0.212569922208786,-0.025222763419151306;0.006727580446749926,-0.05795731768012047,0.05997657775878906,-0.01693613827228546
;13.657774925231934;-9.87246678526939e-18,0.007843105122447014,-1.291111707687378,0.6974086761474609;0.19066600501537323,0.38429591059684753,0.2127819061279297,-0.02530428022146225;0.006747981533408165,-0.05798323452472687,0.059953030198812485,-0.01694590412080288
;13.624042510986328;-1.0057293675699463e-17,0.00785843376070261,-1.290650725364685,0.6982660889625549;0.18967020511627197,0.3842810392379761,0.2129945605993271,-0.025386201217770576;0.0067684948444366455,-0.05800921097397804,0.05992947891354561,-0.016955694183707237
;13.590227127075195;-1.0246027340162625e-17,0.007873783819377422,-1.2901906967163086,0.6991216540336609;0.18867649137973785,0.38426610827445984,0.2132079154253006,-0.025468502193689346;0.006789118517190218,-0.0580352284014225,0.059905897825956345,-0.016965510323643684
;13.556327819824219;-1.0438785238305857e-17,0.0078891571611166,-1.2897273302078247,0.6999753713607788;0.18768486380577087,0.3842512369155884,0.21342192590236664,-0.0255512073636055;0.0068098572082817554,-0.05806130915880203,0.05988229811191559,-0.016975348815321922
;13.522344589233398;-1.0635657532815928e-17,0.007904554717242718,-1.2892640829086304,0.7008281350135803;0.18669527769088745,0.384236216545105,0.21363665163516998,-0.025634368881583214;0.006830709986388683,-0.058087438344955444,0.05985868722200394,-0.0169852115213871
;13.488277435302734;-1.0836706262238779e-17,0.007919973693788052,-1.2888000011444092,0.7016793489456177;0.18570782244205475,0.3842211961746216,0.21385206282138824,-0.025717895478010178;0.006851671729236841,-0.05811362341046333,0.05983506143093109,-0.016995098441839218
;13.454126358032227;-1.1042078664723444e-17,0.00793541595339775,-1.288334608078003,0.70252925157547;0.18472249805927277,0.3842061161994934,0.21406814455986023,-0.025801794603466988;0.006872758734971285,-0.058139871805906296,0.05981140956282616,-0.017005011439323425
;13.419889450073242;-1.125184753216383e-17,0.007950880564749241,-1.2878681421279907,0.7033771872520447;0.18373923003673553,0.38419100642204285,0.21428492665290833,-0.025886133313179016;0.006893952842801809,-0.05816616490483284,0.05978774651885033,-0.017014946788549423
;13.385567665100098;-1.146611874367834e-17,0.007966369390487671,-1.2873996496200562,0.7042239904403687;0.18275810778141022,0.3841758072376251,0.21450239419937134,-0.025970865041017532;0.006915271747857332,-0.05819251015782356,0.0597640685737133,-0.01702491007745266
;13.351160049438477;-1.1685041191777237e-17,0.007981880567967892,-1.286930799484253,0.7050689458847046;0.18177911639213562,0.3841605484485626,0.21472056210041046,-0.02605603262782097;0.006936704274266958,-0.05821891501545906,0.05974036455154419,-0.017034895718097687
;13.316665649414062;-1.1908675260645236e-17,0.007997414097189903,-1.2864614725112915,0.7059125304222107;0.18080225586891174,0.3841452896595001,0.21493946015834808,-0.026141609996557236;0.006958263460546732,-0.05824538320302963,0.05971664935350418,-0.017044907435774803
;13.282084465026855;-1.2137152471999733e-17,0.00801297090947628,-1.285989761352539,0.7067540287971497;0.17982754111289978,0.38412997126579285,0.21515905857086182,-0.02622760273516178;0.006979933474212885,-0.058271899819374084,0.05969291180372238,-0.01705494336783886
;13.247417449951172;-1.2370592767029548e-17,0.008028551936149597,-1.285517930984497,0.7075942754745483;0.17885495722293854,0.384114533662796,0.21537937223911285,-0.02631399780511856;0.007001730613410473,-0.05829847231507301,0.05966916307806969,-0.017065005376935005
;13.212662696838379;-1.2609106160756151e-17,0.00804415438324213,-1.2850444316864014,0.7084331512451172;0.17788459360599518,0.3840991258621216,0.2156003713607788,-0.026400813832879066;0.007023649290204048,-0.05832510069012642,0.0596453882753849,-0.01707509160041809
;13.177820205688477;-1.2852835755425513e-17,0.008059781976044178,-1.2845700979232788,0.7092708349227905;0.17691636085510254,0.38408365845680237,0.21582211554050446,-0.026488080620765686;0.0070456936955451965,-0.0583517886698246,0.05962160602211952,-0.017085202038288116
;13.142888069152832;-1.3101899010684617e-17,0.008075431920588017,-1.2840934991836548,0.7101060152053833;0.1759503036737442,0.3840681314468384,0.2160445749759674,-0.026575744152069092;0.0070678554475307465,-0.05837853252887726,0.05959779769182205,-0.01709534041583538
;13.107868194580078;-1.3356405941554933e-17,0.008091104216873646,-1.2836172580718994,0.7109398245811462;0.17498642206192017,0.3840526044368744,0.21626777946949005,-0.026663880795240402;0.007090146187692881,-0.05840533226728439,0.05957397446036339,-0.017105504870414734
;13.072758674621582;-1.361652198415897e-17,0.008106798864901066,-1.2831391096115112,0.711772084236145;0.17402474582195282,0.3840368986129761,0.2164916694164276,-0.026752417907118797;0.007112564984709024,-0.058432187885046005,0.05955013260245323,-0.017115693539381027
;13.03756046295166;-1.3882370388408e-17,0.008122516795992851,-1.2826594114303589,0.7126027345657349;0.17306527495384216,0.3840213418006897,0.21671631932258606,-0.026841366663575172;0.007135110441595316,-0.05845910683274269,0.05952627956867218,-0.01712590828537941
;13.002272605895996;-1.415407936729697e-17,0.008138258010149002,-1.2821792364120483,0.713433027267456;0.1721080243587494,0.384005606174469,0.2169417291879654,-0.02693076618015766;0.007157779764384031,-0.058486081659793854,0.05950240045785904,-0.01713614910840988
;12.966893196105957;-1.4431803603600423e-17,0.008154022507369518,-1.2816976308822632,0.7142611742019653;0.1711530238389969,0.3839898705482483,0.21716788411140442,-0.027020618319511414;0.007180580869317055,-0.058513108640909195,0.059478502720594406,-0.017146416008472443
;12.931424140930176;-1.4715695298551072e-17,0.0081698102876544,-1.281214714050293,0.7150874137878418;0.1702001988887787,0.38397398591041565,0.21739476919174194,-0.027110889554023743;0.007203513756394386,-0.05854019895195961,0.05945458635687828,-0.017156710848212242
;12.89586353302002;-1.5005909962104077e-17,0.008185619488358498,-1.280731201171875,0.7159122824668884;0.16924962401390076,0.3839581608772278,0.21762241423130035,-0.027201611548662186;0.00722657423466444,-0.0585673451423645,0.05943065881729126,-0.017167028039693832
;12.860211372375488;-1.5302613030381947e-17,0.008201454766094685,-1.2802460193634033,0.7167350053787231;0.1683013141155243,0.38394224643707275,0.21785081923007965,-0.0272957906126976;0.00724977208301425,-0.05859442427754402,0.05940721929073334,-0.01717737503349781
;12.824467658996582;-1.5605941815366368e-17,0.008217312395572662,-1.2797592878341675,0.7175567150115967;0.1673552542924881,0.3839263319969177,0.21807995438575745,-0.027390431612730026;0.007273100316524506,-0.05862156301736832,0.05938374623656273,-0.017187748104333878
;12.7886323928833;-1.5916051827012498e-17,0.008233193308115005,-1.2792712450027466,0.718376100063324;0.16641147434711456,0.3839101791381836,0.21830987930297852,-0.027485530823469162;0.007296563126146793,-0.05864876136183739,0.05936026945710182,-0.017198147252202034
;12.752703666687012;-1.6233164749724502e-17,0.008249097503721714,-1.278782606124878,0.7191940546035767;0.1654699444770813,0.3838942348957062,0.21854056417942047,-0.027578014880418777;0.0073201609775424,-0.05867614597082138,0.05933626741170883,-0.01720857433974743
;12.716681480407715;-1.655742285856774e-17,0.008265024982392788,-1.2782918214797974,0.7200097441673279;0.16453073918819427,0.38387805223464966,0.2187720388174057,-0.027674023061990738;0.007343899458646774,-0.058703456073999405,0.05931274592876434,-0.017219027504324913
;12.680566787719727;-1.6888961811162668e-17,0.008280977606773376,-1.2777999639511108,0.7208237051963806;0.1635938137769699,0.38386186957359314,0.21900427341461182,-0.027767466381192207;0.007367772050201893,-0.05873096361756325,0.05928871035575867,-0.017229506745934486
;12.64435863494873;-1.7228046305305305e-17,0.008296952582895756,-1.2773075103759766,0.7216371297836304;0.16265921294689178,0.38384562730789185,0.2192373126745224,-0.02786734327673912;0.007391785737127066,-0.058758269995450974,0.05926566198468208,-0.017240013927221298
;12.60805606842041;-1.7574820270422236e-17,0.008312951773405075,-1.2768125534057617,0.7224491834640503;0.1617269068956375,0.38382935523986816,0.21947111189365387,-0.0279677864164114;0.007415934465825558,-0.058785635977983475,0.059242598712444305,-0.01725054904818535
;12.571659088134766;-1.792946237752577e-17,0.008328973315656185,-1.2763172388076782,0.7232589721679688;0.16079695522785187,0.3838130533695221,0.2197057157754898,-0.028068669140338898;0.007440231740474701,-0.05881306529045105,0.05921950563788414,-0.017261110246181488
;12.53516674041748;-1.829221912643845e-17,0.00834502000361681,-1.2758207321166992,0.7240675091743469;0.15986931324005127,0.38379669189453125,0.2199411243200302,-0.028170032426714897;0.007464660797268152,-0.0588405542075634,0.05919641628861427,-0.017271701246500015
;12.498579025268555;-1.8663236100948085e-17,0.008361089043319225,-1.2753225564956665,0.7248740792274475;0.1589439958333969,0.3837801516056061,0.2201773077249527,-0.028271814808249474;0.007489238865673542,-0.05886809900403023,0.05917329713702202,-0.01728231832385063
;12.461895942687988;-1.904277799885069e-17,0.008377183228731155,-1.2748225927352905,0.7256788015365601;0.15802106261253357,0.38376373052597046,0.22041429579257965,-0.02837410196661949;0.007513965480029583,-0.05889571085572243,0.05915015935897827,-0.017292961478233337
;12.425117492675781;-1.9431031762964706e-17,0.0083933025598526,-1.2743217945098877,0.7264820337295532;0.15710051357746124,0.3837471306324005,0.22065211832523346,-0.02847687341272831;0.007538830395787954,-0.0589233823120594,0.05912701040506363,-0.01730363443493843
;12.3882417678833;-1.9828220732055518e-17,0.008409444242715836,-1.2738186120986938,0.7272830605506897;0.15618233382701874,0.38373053073883057,0.22089071571826935,-0.028580136597156525;0.007563843857496977,-0.05895111709833145,0.05910384654998779,-0.017314333468675613
;12.351268768310547;-2.023458478850077e-17,0.008425610139966011,-1.2733149528503418,0.7280824184417725;0.15526650846004486,0.38371387124061584,0.2211301177740097,-0.028683887794613838;0.007589006796479225,-0.058978911489248276,0.059080660343170166,-0.017325064167380333
;12.31419849395752;-2.0650350579788297e-17,0.008441800251603127,-1.2728095054626465,0.7288799285888672;0.154353067278862,0.38369712233543396,0.2213703840970993,-0.02878810651600361;0.0076143150217831135,-0.059006765484809875,0.059057459235191345,-0.017335819080471992
;12.277029991149902;-2.1075777840630445e-17,0.008458014577627182,-1.2723033428192139,0.7296755909919739;0.15344202518463135,0.38368040323257446,0.22161144018173218,-0.028892796486616135;0.007639779709279537,-0.05903468653559685,0.05903424695134163,-0.01734660379588604
;12.239763259887695;-2.1511119688294653e-17,0.008474252186715603,-1.271795392036438,0.73046875;0.1525333970785141,0.3836635649204254,0.2218533307313919,-0.028998013585805893;0.007665392942726612,-0.059062667191028595,0.05901101604104042,-0.017357418313622475
;12.202398300170898;-2.1956568028683034e-17,0.008490515872836113,-1.2712857723236084,0.7312608957290649;0.15162721276283264,0.383646696805954,0.22209608554840088,-0.029103731736540794;0.007691158447414637,-0.05909070372581482,0.05898776650428772,-0.017368260771036148
;12.164933204650879;-2.2412442153512034e-17,0.008506802842020988,-1.2707746028900146,0.7320512533187866;0.1507234126329422,0.383629709482193,0.2223396748304367,-0.029209891334176064;0.007717077154666185,-0.059118811041116714,0.05896449834108353,-0.01737913303077221
;12.127367973327637;-2.2879015032383794e-17,0.008523114025592804,-1.2702622413635254,0.7328401803970337;0.14982202649116516,0.3836127519607544,0.2225840836763382,-0.029316585510969162;0.007743151392787695,-0.05914698541164398,0.05894121527671814,-0.01739002950489521
;12.089702606201172;-2.3356548054371882e-17,0.008539450354874134,-1.2697488069534302,0.733627200126648;0.1489230841398239,0.38359567523002625,0.22282937169075012,-0.02942376211285591;0.0077693830244243145,-0.059175219386816025,0.05891791731119156,-0.017400959506630898
;12.051936149597168;-2.3845345621941717e-17,0.00855580996721983,-1.269232988357544,0.7344121932983398;0.14802660048007965,0.38357850909233093,0.2230754941701889,-0.029531460255384445;0.00779577624052763,-0.05920352041721344,0.05889459699392319,-0.017411917448043823
;12.014068603515625;-2.4345707174475044e-17,0.00857219472527504,-1.2687164545059204,0.7351948022842407;0.14713254570960999,0.3835613429546356,0.22332246601581573,-0.029639672487974167;0.007822327315807343,-0.05923188105225563,0.05887126177549362,-0.017422905191779137
;11.97609806060791;-2.4857905681574004e-17,0.00858860369771719,-1.2681976556777954,0.735975980758667;0.1462409496307373,0.3835441768169403,0.2235703021287918,-0.029748400673270226;0.00784903671592474,-0.05926030874252319,0.05884791165590286,-0.017433922737836838
;11.938026428222656;-2.538227532420607e-17,0.008605037815868855,-1.267677903175354,0.7367558479309082;0.14535179734230042,0.38352686166763306,0.22381901741027832,-0.029857613146305084;0.007875910960137844,-0.05928880348801613,0.05882454663515091,-0.017444968223571777
;11.89985179901123;-2.591913043100401e-17,0.008621498011052608,-1.2671568393707275,0.7375335097312927;0.1444651484489441,0.38350948691368103,0.2240685671567917,-0.029967349022626877;0.007902947254478931,-0.05931736156344414,0.05880116671323776,-0.017456045374274254
;11.861573219299316;-2.646882503527e-17,0.008637982420623302,-1.2666337490081787,0.7383089065551758;0.14358098804950714,0.3834920823574066,0.22431905567646027,-0.030077623203396797;0.007930143736302853,-0.05934598296880722,0.058777760714292526,-0.01746715046465397
;11.823190689086914;-2.703163872405108e-17,0.008654491044580936,-1.2661092281341553,0.7390834093093872;0.14269928634166718,0.3834746778011322,0.2245703637599945,-0.030188433825969696;0.007957519963383675,-0.059374671429395676,0.05875434726476669,-0.01747828722000122
;11.784703254699707;-2.7607968544041276e-17,0.00867102574557066,-1.2655832767486572,0.7398555874824524;0.14182007312774658,0.38345709443092346,0.22482258081436157,-0.030299698933959007;0.007985049858689308,-0.0594034306704998,0.05873091518878937,-0.01748945377767086
;11.746110916137695;-2.8198166874181536e-17,0.008687584660947323,-1.2650552988052368,0.7406258583068848;0.14094330370426178,0.38343948125839233,0.22507569193840027,-0.03041154332458973;0.008012759499251842,-0.0594322569668293,0.05870746821165085,-0.017500650137662888
;11.707412719726562;-2.8802630761165887e-17,0.00870417058467865,-1.2645258903503418,0.7413942217826843;0.1400691270828247,0.3834218680858612,0.2253296971321106,-0.030523907393217087;0.008040633983910084,-0.059461142867803574,0.05868399143218994,-0.017511876299977303
;11.668609619140625;-2.942165633565362e-17,0.008720779791474342,-1.2639955282211304,0.7421605587005615;0.139197438955307,0.3834041357040405,0.22558459639549255,-0.03063681162893772;0.008068682625889778,-0.05949009954929352,0.05866050720214844,-0.017523135989904404
;11.62969970703125;-3.005570681878777e-17,0.008737415075302124,-1.2634632587432861,0.7429243922233582;0.13832825422286987,0.3833863437175751,0.22584041953086853,-0.030756421387195587;0.008096905425190926,-0.059518855065107346,0.05863802880048752,-0.017534423619508743
;11.590682983398438;-3.0705222270654205e-17,0.00875407550483942,-1.26292884349823,0.7436873316764832;0.13746164739131927,0.38336852192878723,0.22609715163707733,-0.030873507261276245;0.008125300519168377,-0.059547822922468185,0.05861502140760422,-0.01754574477672577
;11.551559448242188;-3.1370526946053055e-17,0.008770762011408806,-1.2623928785324097,0.7444477081298828;0.13659755885601044,0.383350670337677,0.22635477781295776,-0.030994290485978127;0.008153878152370453,-0.059576719999313354,0.05859250947833061,-0.017557093873620033
;11.5123291015625;-3.205211715335185e-17,0.00878747459501028,-1.2618557214736938,0.7452067732810974;0.13573601841926575,0.38333266973495483,0.2266133427619934,-0.031115567311644554;0.008182625286281109,-0.059605684131383896,0.05856998264789581,-0.017568476498126984
;11.472991943359375;-3.2750426335191566e-17,0.008804213255643845,-1.2613165378570557,0.7459636330604553;0.13487708568572998,0.3833146393299103,0.22687284648418427,-0.031237373128533363;0.008211557753384113,-0.05963471531867981,0.05854744464159012,-0.01757988892495632
;11.43354606628418;-3.346583168593153e-17,0.008820977061986923,-1.2607756853103638,0.7467180490493774;0.13402076065540314,0.38329651951789856,0.22713328897953033,-0.03135975822806358;0.00824066810309887,-0.059663817286491394,0.05852488428354263,-0.017591333016753197
;11.393991470336914;-3.419886260116377e-17,0.00883776880800724,-1.2602324485778809,0.7474710941314697;0.13316696882247925,0.38327836990356445,0.22739462554454803,-0.031482722610235214;0.008269961923360825,-0.059692978858947754,0.058502305299043655,-0.01760280877351761
;11.354327201843262;-3.494998891947622e-17,0.008854585699737072,-1.2596886157989502,0.7482219338417053;0.13231579959392548,0.38326019048690796,0.22765696048736572,-0.03160623088479042;0.00829943548887968,-0.05972222238779068,0.05847971886396408,-0.017614316195249557
;11.314553260803223;-3.5719680479456815e-17,0.008871429599821568,-1.2591423988342285,0.7489710450172424;0.13146720826625824,0.3832418918609619,0.22792020440101624,-0.03173031285405159;0.008329099975526333,-0.05975152552127838,0.05845711752772331,-0.017625855281949043
;11.274669647216797;-3.6508559320926187e-17,0.008888298645615578,-1.2585947513580322,0.7497182488441467;0.13062122464179993,0.3832235336303711,0.22818443179130554,-0.03185495361685753;0.008358953520655632,-0.059780899435281754,0.05843449383974075,-0.017637426033616066
;11.234673500061035;-3.731697285974161e-17,0.008905195631086826,-1.258044958114624,0.7504628896713257;0.12977786362171173,0.3832051455974579,0.22844959795475006,-0.031980179250240326;0.008388991467654705,-0.059810344129800797,0.0584118627011776,-0.017649028450250626
;11.19456672668457;-3.8145642397397235e-17,0.008922118693590164,-1.2574937343597412,0.7512061595916748;0.12893711030483246,0.3831866979598999,0.22871573269367218,-0.032105959951877594;0.008419215679168701,-0.05983986333012581,0.05838921293616295,-0.01766066439449787
;11.154346466064453;-3.8995034463758536e-17,0.008939067833125591,-1.2569400072097778,0.7519466280937195;0.1280989646911621,0.38316816091537476,0.2289828509092331,-0.03222918137907982;0.008449645712971687,-0.05986958369612694,0.05836602672934532,-0.017672332003712654
;11.114013671875;-3.986569168930735e-17,0.008956045843660831,-1.2563852071762085,0.7526859045028687;0.12726345658302307,0.38314950466156006,0.2292509377002716,-0.03235302120447159;0.008480254560709,-0.05989937111735344,0.0583428256213665,-0.017684033140540123
;11.073566436767578;-4.0758193100472466e-17,0.008973048999905586,-1.2558284997940063,0.7534230351448059;0.12643054127693176,0.38313084840774536,0.2295200079679489,-0.032474275678396225;0.008511065505445004,-0.059929367154836655,0.0583190955221653,-0.01769576594233513
;11.033004760742188;-4.167333609936438e-17,0.00899008009582758,-1.255270004272461,0.7541580200195312;0.12560027837753296,0.3831121325492859,0.22979006171226501,-0.032596129924058914;0.008542080409824848,-0.05995943397283554,0.05829533934593201,-0.01770753227174282
;10.992328643798828;-4.261160045073838e-17,0.009007139131426811,-1.254709005355835,0.7548907995223999;0.12477267533540726,0.38309329748153687,0.23006108403205872,-0.03272486478090286;0.008573290891945362,-0.05998930707573891,0.05827261134982109,-0.0177193321287632
;10.951536178588867;-4.3573644590362055e-17,0.009024225175380707,-1.2541471719741821,0.7556212544441223;0.12394767999649048,0.38307440280914307,0.2303331196308136,-0.03285101801156998;0.008604700677096844,-0.06001938506960869,0.058249346911907196,-0.017731165513396263
;10.910628318786621;-4.4560107101668294e-17,0.009041338227689266,-1.2535828351974487,0.756349503993988;0.12312538176774979,0.3830554783344269,0.23060618340969086,-0.032977811992168427;0.008636311627924442,-0.06004953756928444,0.05822606384754181,-0.017743032425642014
;10.869604110717773;-4.55718184739921e-17,0.00905847828835249,-1.2530165910720825,0.7570759654045105;0.12230569869279861,0.38303643465042114,0.23088021576404572,-0.03310830146074295;0.008668133057653904,-0.060079630464315414,0.058203283697366714,-0.01775493286550045
;10.828462600708008;-4.660940736459902e-17,0.009075647220015526,-1.252448558807373,0.7578003406524658;0.12148871272802353,0.3830174207687378,0.23115529119968414,-0.033239446580410004;0.008700158447027206,-0.06010980159044266,0.058180488646030426,-0.017766866832971573
;10.787203788757324;-4.767360830987299e-17,0.009092845022678375,-1.2518787384033203,0.7585229873657227;0.12067439407110214,0.38299819827079773,0.23143139481544495,-0.03336796537041664;0.008732389658689499,-0.06014017015695572,0.05815714970231056,-0.01777883619070053
;10.745826721191406;-4.876510952408366e-17,0.009110068902373314,-1.2513070106506348,0.759243369102478;0.11986278742551804,0.3829789459705353,0.23170851171016693,-0.033497169613838196;0.008764829486608505,-0.06017061695456505,0.0581338070333004,-0.017790839076042175
;10.704330444335938;-4.988474149656604e-17,0.009127323515713215,-1.2507328987121582,0.7599613070487976;0.11905385553836823,0.3829596936702728,0.2319866567850113,-0.033630117774009705;0.008797485381364822,-0.0602010041475296,0.05811096727848053,-0.017802875488996506
;10.662714958190918;-5.103337111260207e-17,0.00914460513740778,-1.250157117843628,0.7606776356697083;0.1182476058602333,0.38294023275375366,0.23226584494113922,-0.033763714134693146;0.0088303592056036,-0.060231469571590424,0.05808810144662857,-0.01781494729220867
;10.620979309082031;-5.221182886152677e-17,0.009161914698779583,-1.2495793104171753,0.7613916397094727;0.11744403839111328,0.3829208314418793,0.23254609107971191,-0.033897917717695236;0.008863448165357113,-0.060262005776166916,0.058065228164196014,-0.017827052623033524
;10.579123497009277;-5.3420862514613876e-17,0.009179255925118923,-1.2489994764328003,0.7621033191680908;0.11664322763681412,0.3829013407230377,0.23282741010189056,-0.034032754600048065;0.008896755054593086,-0.060292623937129974,0.058042336255311966,-0.01783919520676136
;10.53714656829834;-5.4661454762431106e-17,0.009196624159812927,-1.248417615890503,0.762812614440918;0.11584513634443283,0.382881760597229,0.2331097573041916,-0.03416820615530014;0.008930281735956669,-0.060323312878608704,0.05801942199468613,-0.017851371318101883
;10.495047569274902;-5.593445594664816e-17,0.009214021265506744,-1.2478336095809937,0.7635195851325989;0.11504972726106644,0.3828620910644531,0.23339319229125977,-0.03430432081222534;0.008964027278125286,-0.0603540800511837,0.05799650400876999,-0.017863580957055092
;10.452826499938965;-5.724083883166541e-17,0.00923144817352295,-1.2472476959228516,0.7642250657081604;0.11425706744194031,0.38284239172935486,0.2336777001619339,-0.03444105386734009;0.00899800006300211,-0.06038491427898407,0.05797355994582176,-0.017875829711556435
;10.410483360290527;-5.858153978593626e-17,0.009248904883861542,-1.2466593980789185,0.7649283409118652;0.11346715688705444,0.38282257318496704,0.2339632511138916,-0.03457842022180557;0.009032194502651691,-0.0604158416390419,0.05795061215758324,-0.017888111993670464
;10.368016242980957;-5.995752495641617e-17,0.009266392327845097,-1.246069073677063,0.7656288743019104;0.11267997324466705,0.38280266523361206,0.23424990475177765,-0.034716442227363586;0.009066620841622353,-0.060446832329034805,0.057927634567022324,-0.017900429666042328
;10.325425148010254;-6.136994577851781e-17,0.009283906780183315,-1.2454769611358643,0.7663271427154541;0.11189556121826172,0.3827826976776123,0.23453766107559204,-0.034855108708143234;0.009101279079914093,-0.06047791242599487,0.057904645800590515,-0.017912782728672028
;10.282709121704102;-6.281980148642116e-17,0.00930145476013422,-1.244882583618164,0.7670230865478516;0.11111389845609665,0.3827626705169678,0.23482653498649597,-0.03499440848827362;0.00913616456091404,-0.06050906330347061,0.05788164213299751,-0.017925173044204712
;10.239867210388184;-6.430816410620007e-17,0.009319032542407513,-1.2442858219146729,0.7677181363105774;0.11033499985933304,0.38274258375167847,0.23511649668216705,-0.035134393721818924;0.00917128473520279,-0.060540296137332916,0.05785861611366272,-0.01793760061264038
;10.1968994140625;-6.583625124771623e-17,0.009336640127003193,-1.2436870336532593,0.7684099674224854;0.10955885052680969,0.3827223777770996,0.23540756106376648,-0.03527503460645676;0.009206647984683514,-0.06057160347700119,0.05783558636903763,-0.017950061708688736
;10.15380573272705;-6.740515478937821e-17,0.00935427751392126,-1.2430862188339233,0.769099235534668;0.1087854728102684,0.382702112197876,0.23569974303245544,-0.03541633114218712;0.009242248721420765,-0.06060298904776573,0.057812534272670746,-0.017962560057640076
;10.110584259033203;-6.901606587126808e-17,0.009371946565806866,-1.2424830198287964,0.7697866559028625;0.10801491141319275,0.3826817572116852,0.23599305748939514,-0.035558272153139114;0.009278090670704842,-0.06063446030020714,0.05778946354985237,-0.01797509752213955
;10.067234992980957;-7.067030798236593e-17,0.009389648213982582,-1.2418776750564575,0.7704721689224243;0.10724710673093796,0.3826613426208496,0.23628754913806915,-0.035700906068086624;0.009314166381955147,-0.06066600978374481,0.0577663779258728,-0.017987670376896858
;10.023756980895996;-7.236920461165184e-17,0.00940738059580326,-1.2412701845169067,0.7711545825004578;0.10648208111524582,0.38264092803001404,0.23658311367034912,-0.035844236612319946;0.009350505657494068,-0.06069764494895935,0.05774327367544174,-0.018000280484557152
;9.980149269104004;-7.411393366431809e-17,0.009425143711268902,-1.2406604290008545,0.7718349099159241;0.10571987181901932,0.38262030482292175,0.23687982559204102,-0.0359882116317749;0.009387083351612091,-0.06072935089468956,0.05772015452384949,-0.01801292784512043
;9.93641185760498;-7.590594436079787e-17,0.009442939423024654,-1.2400484085083008,0.7725127935409546;0.10496044158935547,0.3825996220111847,0.23717769980430603,-0.03613286837935448;0.009423905983567238,-0.060761142522096634,0.05769702419638634,-0.018025614321231842
;9.892544746398926;-7.774670577385907e-17,0.009460767731070518,-1.2394343614578247,0.7731889486312866;0.10420383512973785,0.38257887959480286,0.23747675120830536,-0.03627823293209076;0.009460985660552979,-0.060793012380599976,0.057673875242471695,-0.01803833805024624
;9.848546028137207;-7.963764065415529e-17,0.00947862770408392,-1.238817572593689,0.7738624215126038;0.10345003008842468,0.38255810737609863,0.23777692019939423,-0.03642426058650017;0.00949832797050476,-0.06082496792078018,0.05765071138739586,-0.01805109903216362
;9.804415702819824;-8.158025116167893e-17,0.009496521204710007,-1.2381986379623413,0.7745338082313538;0.10269906371831894,0.3825371563434601,0.23807832598686218,-0.03657098114490509;0.009535914286971092,-0.06085700914263725,0.05762752518057823,-0.018063897266983986
;9.760152816772461;-8.357611224831627e-17,0.009514445438981056,-1.2375773191452026,0.7752023935317993;0.10195092111825943,0.3825162649154663,0.23838087916374207,-0.036718305200338364;0.009573766961693764,-0.06088912487030029,0.05760433152318001,-0.018076732754707336
;9.7157564163208;-8.562693783229655e-17,0.009532404132187366,-1.2369539737701416,0.7758694291114807;0.10120559483766556,0.382495254278183,0.23868462443351746,-0.03686634451150894;0.009611888788640499,-0.060921330004930496,0.057581111788749695,-0.01808960735797882
;9.671226501464844;-8.773413081193863e-17,0.009550396353006363,-1.2363280057907104,0.7765337824821472;0.10046311467885971,0.3824741840362549,0.23898959159851074,-0.037015099078416824;0.009650263004004955,-0.06095361337065697,0.057557884603738785,-0.01810252107679844
;9.626561164855957;-8.989981538705556e-17,0.00956842303276062,-1.2356996536254883,0.7771955132484436;0.0997234582901001,0.38245299458503723,0.23929575085639954,-0.037164539098739624;0.009688911959528923,-0.0609859861433506,0.057534635066986084,-0.018115472048521042
;9.58176040649414;-9.212534151640704e-17,0.009586481377482414,-1.2350687980651855,0.7778549790382385;0.09898664802312851,0.3824318051338196,0.23960307240486145,-0.03731472045183182;0.009727830067276955,-0.0610184408724308,0.05751137062907219,-0.018128463998436928
;9.536823272705078;-9.441292604403468e-17,0.009604575112462044,-1.234435796737671,0.7785122990608215;0.09825269132852554,0.38241046667099,0.23991167545318604,-0.03746560215950012;0.009767023846507072,-0.061050981283187866,0.0574880950152874,-0.018141495063900948
;9.491750717163086;-9.676436229750653e-17,0.009622703306376934,-1.233799695968628,0.7791667580604553;0.09752157330513,0.3823890686035156,0.24022145569324493,-0.037617217749357224;0.009806489571928978,-0.061083607375621796,0.05746479704976082,-0.0181545652449131
;9.446540832519531;-9.918143036950078e-17,0.009640865959227085,-1.2331618070602417,0.779819130897522;0.09679333865642548,0.3823675811290741,0.24053248763084412,-0.03777279332280159;0.009846232831478119,-0.06111617386341095,0.05744200944900513,-0.01816767454147339
;9.401193618774414;-1.0166633386916928e-16,0.009659064002335072,-1.2325212955474854,0.7804691195487976;0.09606796503067017,0.382345974445343,0.24084478616714478,-0.03792910650372505;0.009886260144412518,-0.06114884093403816,0.05741921439766884,-0.01818082481622696
;9.355707168579102;-1.0422113082187605e-16,0.009677297435700893,-1.2318780422210693,0.7811163067817688;0.09534547477960587,0.38232433795928955,0.24115832149982452,-0.03808288276195526;0.009926562197506428,-0.061181724071502686,0.057395871728658676,-0.018194014206528664
;9.310080528259277;-1.0684805792399746e-16,0.00969556625932455,-1.2312325239181519,0.7817621231079102;0.09462586790323257,0.38230258226394653,0.24147309362888336,-0.03823745995759964;0.009967160411179066,-0.061214692890644073,0.057372502982616425,-0.01820724457502365
;9.264314651489258;-1.0954925261023632e-16,0.009713870473206043,-1.2305845022201538,0.782404363155365;0.0939091145992279,0.3822806477546692,0.24178916215896606,-0.0383959524333477;0.010008042678236961,-0.06124760955572128,0.057349663227796555,-0.01822051592171192
;9.218408584594727;-1.123270640735323e-16,0.00973221193999052,-1.2299339771270752,0.7830443382263184;0.09319525957107544,0.38225871324539185,0.24210645258426666,-0.038558583706617355;0.010049216449260712,-0.06128048524260521,0.057327330112457275,-0.018233826383948326
;9.172362327575684;-1.1518398709061285e-16,0.009750591591000557,-1.2292810678482056,0.783682107925415;0.09248431771993637,0.3822367787361145,0.24242505431175232,-0.038721878081560135;0.010090682655572891,-0.0613134428858757,0.0573049820959568,-0.018247177824378014
;9.126173973083496;-1.1812242379397682e-16,0.009769006632268429,-1.2286248207092285,0.7843174934387207;0.0917762890458107,0.38221463561058044,0.24274492263793945,-0.038885973393917084;0.010132449679076672,-0.06134648621082306,0.05728262662887573,-0.018260570243000984
;9.079842567443848;-1.2114483587312717e-16,0.009787458926439285,-1.2279661893844604,0.784949779510498;0.09107115119695663,0.3821924328804016,0.24306613206863403,-0.03904757276177406;0.010174504481256008,-0.06137975677847862,0.05725971609354019,-0.018274007365107536
;9.033368110656738;-1.242541482387099e-16,0.009805948473513126,-1.2273056507110596,0.7855801582336426;0.09036893397569656,0.3821701407432556,0.24338862299919128,-0.039209894835948944;0.010216874070465565,-0.06141312047839165,0.057236794382333755,-0.018287481740117073
;8.986750602722168;-1.2745286228489736e-16,0.00982447899878025,-1.22664213180542,0.7862075567245483;0.0896696224808693,0.38214772939682007,0.2437124401330948,-0.039376311004161835;0.010259542614221573,-0.061446428298950195,0.05721438676118851,-0.018300998955965042
;8.939988136291504;-1.3074406174101315e-16,0.00984304491430521,-1.2259753942489624,0.7868325710296631;0.08897322416305542,0.38212528824806213,0.24403756856918335,-0.03954349830746651;0.01030252780765295,-0.0614798329770565,0.057191964238882065,-0.018314557150006294
;8.893080711364746;-1.3413047299435624e-16,0.009861649014055729,-1.2253059148788452,0.7874547243118286;0.08827979117631912,0.38210272789001465,0.24436397850513458,-0.039708174765110016;0.010345818474888802,-0.06151346117258072,0.05716899409890175,-0.01832815818488598
;8.846026420593262;-1.3761524594869924e-16,0.009880295023322105,-1.2246346473693848,0.7880746126174927;0.08758927136659622,0.3820800483226776,0.24469175934791565,-0.03987693041563034;0.010389418341219425,-0.06154704466462135,0.05714654549956322,-0.018341802060604095
;8.798826217651367;-1.4120130551468813e-16,0.009898977354168892,-1.2239599227905273,0.7886918187141418;0.08690167963504791,0.3820573389530182,0.24502089619636536,-0.04004650563001633;0.010433340445160866,-0.06158071383833885,0.05712408199906349,-0.018355486914515495
;8.751479148864746;-1.4489211923345073e-16,0.009917701594531536,-1.223283052444458,0.7893068790435791;0.08621702343225479,0.38203442096710205,0.24535134434700012,-0.040216848254203796;0.010477593168616295,-0.06161448359489441,0.05710160359740257,-0.018369216471910477
;8.703983306884766;-1.4869111494144547e-16,0.009936465881764889,-1.2226027250289917,0.7899194955825806;0.08553533256053925,0.3820114731788635,0.2456831932067871,-0.040387995541095734;0.010522156953811646,-0.06164833530783653,0.05707910284399986,-0.018382985144853592
;8.656338691711426;-1.5260181311935937e-16,0.00995527021586895,-1.2219197750091553,0.790529191493988;0.08485657721757889,0.381988525390625,0.24601639807224274,-0.0405566468834877;0.01056704856455326,-0.06168242171406746,0.05705605447292328,-0.018396800383925438
;8.608543395996094;-1.5662756219431205e-16,0.009974115528166294,-1.2212343215942383,0.7911368012428284;0.08418077230453491,0.3819653391838074,0.24635100364685059,-0.04072943702340126;0.010612274520099163,-0.061716459691524506,0.05703352764248848,-0.018410658463835716
;8.560598373413086;-1.6077245174725196e-16,0.009993001818656921,-1.2205458879470825,0.7917408347129822;0.08350793272256851,0.38194218277931213,0.24668696522712708,-0.04090302437543869;0.010657844133675098,-0.06175059452652931,0.05701098218560219,-0.018424559384584427
;8.51250171661377;-1.6504024048688256e-16,0.010011929087340832,-1.2198548316955566,0.7923425436019897;0.0828380212187767,0.3819187879562378,0.24702434241771698,-0.041077423840761185;0.01070373598486185,-0.06178482621908188,0.0569884218275547,-0.01843850500881672
;8.464253425598145;-1.6943483270569508e-16,0.010030899196863174,-1.2191604375839233,0.7929419279098511;0.08217109739780426,0.38189536333084106,0.2473631054162979,-0.041252683848142624;0.010749969631433487,-0.06181914359331131,0.05696585401892662,-0.018452493473887444
;8.415852546691895;-1.739602650450788e-16,0.010049913078546524,-1.2184635400772095,0.7935384511947632;0.0815071314573288,0.3818718194961548,0.24770328402519226,-0.04142871871590614;0.010796555317938328,-0.0618535615503788,0.05694326013326645,-0.01846652664244175
;8.367297172546387;-1.7862105060245577e-16,0.010068969801068306,-1.2177633047103882,0.7941324710845947;0.0808461382985115,0.3818482756614685,0.24804486334323883,-0.0416056364774704;0.01084347628057003,-0.06188807263970375,0.05692065879702568,-0.018480602651834488
;8.318588256835938;-1.8342187452881554e-16,0.010088070295751095,-1.217060923576355,0.7947231531143188;0.08018813282251358,0.3818245232105255,0.2483879029750824,-0.041783370077610016;0.010890756733715534,-0.06192267686128616,0.05689803510904312,-0.018494725227355957
;8.269723892211914;-1.8836694551911475e-16,0.01010721456259489,-1.2163550853729248,0.7953118681907654;0.07953307032585144,0.3818007707595825,0.24873234331607819,-0.041961994022130966;0.010938388295471668,-0.061957381665706635,0.056875403970479965,-0.018508892506361008
;8.220704078674316;-1.9346141194548594e-16,0.010126402601599693,-1.2156461477279663,0.7958977818489075;0.07888103276491165,0.38177675008773804,0.24907827377319336,-0.042141418904066086;0.010986379347741604,-0.06199217960238457,0.05685275420546532,-0.01852310448884964
;8.171527862548828;-1.987098530798002e-16,0.010145637206733227,-1.2149347066879272,0.7964809536933899;0.07823196798563004,0.38175278902053833,0.24942564964294434,-0.04232172667980194;0.011034727096557617,-0.06202707812190056,0.056830089539289474,-0.018537361174821854
;8.122193336486816;-2.0411766875709627e-16,0.010164915584027767,-1.2142196893692017,0.7970612049102783;0.07758589088916779,0.3817286491394043,0.2497744858264923,-0.04250285401940346;0.01108345203101635,-0.06206207349896431,0.05680740252137184,-0.018551664426922798
;8.072700500488281;-2.096900602890659e-16,0.010184241458773613,-1.2135024070739746,0.7976391315460205;0.07694275677204132,0.3817044794559479,0.2501247823238373,-0.042684879153966904;0.011132538318634033,-0.06209716200828552,0.05678470805287361,-0.018566014245152473
;8.023048400878906;-2.1543274514810304e-16,0.010203612968325615,-1.2127817869186401,0.798214316368103;0.076302669942379,0.38168013095855713,0.250476598739624,-0.04286777600646019;0.011181995272636414,-0.062132347375154495,0.05676199868321419,-0.01858040876686573
;7.973237037658691;-2.2135134816237307e-16,0.010223028250038624,-1.2120579481124878,0.7987855672836304;0.07566556334495544,0.3816556930541992,0.25082990527153015,-0.04305155947804451;0.011231835000216961,-0.062167637050151825,0.05673927068710327,-0.018594849854707718
;7.923264503479004;-2.2745163974382913e-16,0.010242493823170662,-1.2113312482833862,0.7993546724319458;0.07503145188093185,0.38163113594055176,0.25118473172187805,-0.043236203491687775;0.01128204632550478,-0.062203023582696915,0.05671652778983116,-0.018609337508678436
;7.8731303215026855;-2.3374009175358387e-16,0.010262004099786282,-1.210601568222046,0.7999207377433777;0.07440033555030823,0.3816065490245819,0.25154098868370056,-0.043421730399131775;0.011332647874951363,-0.06223851442337036,0.056693773716688156,-0.018623871728777885
;7.822834014892578;-2.4022296429451306e-16,0.010281563736498356,-1.2098686695098877,0.8004850149154663;0.07377223670482635,0.38158175349235535,0.2518988251686096,-0.043608155101537704;0.01138363964855671,-0.06227410212159157,0.05667100101709366,-0.018638450652360916
;7.772374629974365;-2.4690682187195794e-16,0.010301172733306885,-1.2091326713562012,0.8010458946228027;0.07314714044332504,0.3815569579601288,0.25225818157196045,-0.04379546269774437;0.01143501978367567,-0.062309782952070236,0.05664821341633797,-0.018653079867362976
;7.721751689910889;-2.537980437028025e-16,0.010320832021534443,-1.2083935737609863,0.8016033172607422;0.07252506166696548,0.3815319538116455,0.25261908769607544,-0.043983668088912964;0.011486789211630821,-0.06234557181596756,0.05662541091442108,-0.018667755648493767
;7.670963287353516;-2.609045177813681e-16,0.01034054160118103,-1.2076512575149536,0.8021588325500488;0.07190599292516708,0.38150686025619507,0.2529815137386322,-0.04417277127504349;0.01153896190226078,-0.06238146498799324,0.05660258233547211,-0.01868247799575329
;7.620009422302246;-2.682335762366043e-16,0.010360299609601498,-1.206905722618103,0.8027114272117615;0.07128996402025223,0.38148167729377747,0.2533455491065979,-0.04436282441020012;0.01159154437482357,-0.06241745874285698,0.05657975375652313,-0.01869725063443184
;7.568889141082764;-2.757922864996649e-16,0.01038010697811842,-1.2061572074890137,0.8032604455947876;0.07067691534757614,0.3814563751220703,0.25371113419532776,-0.04455375298857689;0.011644534766674042,-0.06245354935526848,0.05655690282583237,-0.01871207170188427
;7.517601490020752;-2.835889600813447e-16,0.010399969294667244,-1.205405354499817,0.8038073778152466;0.070066899061203,0.381430983543396,0.2540782690048218,-0.04474561661481857;0.011697937734425068,-0.06248975545167923,0.05653403699398041,-0.01872693933546543
;7.466145992279053;-2.916316173248631e-16,0.010419881902635098,-1.2046505212783813,0.8043512105941772;0.06945989280939102,0.38140544295310974,0.2544470429420471,-0.044938407838344574;0.011751755140721798,-0.06252605468034744,0.056511152535676956,-0.018741855397820473
;7.414521217346191;-2.9992946971352144e-16,0.010439845733344555,-1.2038923501968384,0.8048917055130005;0.06885594874620438,0.3813798129558563,0.254817396402359,-0.045132115483284;0.011805996298789978,-0.06256245821714401,0.05648825317621231,-0.018756821751594543
;7.36272668838501;-3.0849080228833507e-16,0.01045986544340849,-1.2031307220458984,0.8054291605949402;0.0682549998164177,0.3813541531562805,0.2551893889904022,-0.045326750725507736;0.011860658414661884,-0.06259897351264954,0.05646534264087677,-0.018771836534142494
;7.310761451721191;-3.173248265326054e-16,0.010479936376214027,-1.2023658752441406,0.8059642314910889;0.06765709817409515,0.3813282549381256,0.255562961101532,-0.045522384345531464;0.011915753595530987,-0.06263558566570282,0.056442417204380035,-0.018786897882819176
;7.258625030517578;-3.264412568554462e-16,0.010500063188374043,-1.2015976905822754,0.8064956068992615;0.06706222146749496,0.38130226731300354,0.25593817234039307,-0.04571888595819473;0.011971291154623032,-0.06267230957746506,0.05641947314143181,-0.018802013248205185
;7.206315994262695;-3.3584996648464897e-16,0.01052024494856596,-1.2008265256881714,0.8070252537727356;0.06647039949893951,0.3812762200832367,0.25631508231163025,-0.04591640457510948;0.012027261778712273,-0.06270913779735565,0.05639651045203209,-0.018817177042365074
;7.153833866119385;-3.455606433595479e-16,0.010540483519434929,-1.2000519037246704,0.8075510263442993;0.06588158011436462,0.3812499940395355,0.25669360160827637,-0.04611484333872795;0.012083674781024456,-0.0627460703253746,0.056373536586761475,-0.018832391127943993
;7.101177215576172;-3.5558543710898015e-16,0.010560776107013226,-1.1992743015289307,0.808074414730072;0.06529580801725388,0.3812237083911896,0.2570737898349762,-0.04631424322724342;0.012140542268753052,-0.06278311461210251,0.05635054036974907,-0.01884765364229679
;7.048345565795898;-3.6593382391404315e-16,0.010581126436591148,-1.1984930038452148,0.8085941672325134;0.06471306830644608,0.3811972439289093,0.2574556767940521,-0.046514641493558884;0.012197858653962612,-0.06282026320695877,0.056327540427446365,-0.018862970173358917
;6.995338439941406;-3.766184033898273e-16,0.010601533576846123,-1.1977086067199707,0.8091108798980713;0.06413338333368301,0.38117069005966187,0.25783923268318176,-0.04671597480773926;0.01225563045591116,-0.06285752356052399,0.05630451813340187,-0.018878333270549774
;6.942154407501221;-3.8765108693715336e-16,0.010622000321745872,-1.196920394897461,0.809624433517456;0.06355675309896469,0.38114404678344727,0.2582244873046875,-0.04691827669739723;0.012313873507082462,-0.06289488822221756,0.056281477212905884,-0.01889375038444996
;6.888792991638184;-3.990438388964013e-16,0.010642524808645248,-1.1961290836334229,0.8101356625556946;0.06298314779996872,0.3811172544956207,0.25861144065856934,-0.04712158814072609;0.012372571043670177,-0.06293236464262009,0.056258425116539,-0.018909217789769173
;6.8352532386779785;-4.10809761808474e-16,0.010663109831511974,-1.1953344345092773,0.8106436133384705;0.06241259351372719,0.38109034299850464,0.25900012254714966,-0.047325894236564636;0.012431751005351543,-0.06296994537115097,0.056235358119010925,-0.018924739211797714
;6.781534194946289;-4.2296222291207024e-16,0.01068375539034605,-1.1945364475250244,0.8111485838890076;0.0618450753390789,0.3810633420944214,0.25939053297042847,-0.04753116890788078;0.012491410598158836,-0.0630076453089714,0.05621226876974106,-0.018940309062600136
;6.727635383605957;-4.35515515888175e-16,0.010704461485147476,-1.193734884262085,0.8116505742073059;0.06128062680363655,0.3810361623764038,0.25978267192840576,-0.04774091765284538;0.012551548890769482,-0.06304530799388885,0.05618972331285477,-0.018955932930111885
;6.673556327819824;-4.484832991430627e-16,0.010725229978561401,-1.1929301023483276,0.8121494054794312;0.06071923300623894,0.3810088336467743,0.2601766288280487,-0.04795167222619057;0.012612172402441502,-0.06308308988809586,0.056167151778936386,-0.018971608951687813
;6.619296073913574;-4.618817721818496e-16,0.010746059007942677,-1.1921218633651733,0.8126455545425415;0.060160886496305466,0.3809814751148224,0.26057228446006775,-0.04816345497965813;0.012673300690948963,-0.06312097609043121,0.05614456906914711,-0.01898733526468277
;6.564853668212891;-4.757258374904515e-16,0.0107669522985816,-1.1913100481033325,0.8131378293037415;0.059605590999126434,0.38095396757125854,0.26096972823143005,-0.04837970435619354;0.012734917923808098,-0.06315883249044418,0.05612252652645111,-0.019003115594387054
;6.510228633880615;-4.900314298761886e-16,0.010787909850478172,-1.1904946565628052,0.813627302646637;0.05905338004231453,0.38092631101608276,0.261368989944458,-0.04859702289104462;0.012797031551599503,-0.06319680064916611,0.05610046908259392,-0.019018949940800667
;6.455420017242432;-5.0481522530020995e-16,0.010808931663632393,-1.1896755695343018,0.8141141533851624;0.05850420892238617,0.38089844584465027,0.2617700397968292,-0.048815369606018066;0.012859655544161797,-0.06323488801717758,0.05607839673757553,-0.019034838303923607
;6.400426864624023;-5.200956467291183e-16,0.010830019600689411,-1.1888532638549805,0.8145970702171326;0.05795811489224434,0.3808705806732178,0.2621728777885437,-0.049031250178813934;0.01292280200868845,-0.06327322125434875,0.05605575442314148,-0.019050776958465576
;6.345248222351074;-5.358906406734837e-16,0.010851174592971802,-1.1880273818969727,0.8150771260261536;0.05741508677601814,0.38084253668785095,0.2625775635242462,-0.049251701682806015;0.012986460700631142,-0.06331152468919754,0.056033652275800705,-0.019066769629716873
;6.289883613586426;-5.522196359515337e-16,0.010872394777834415,-1.1871981620788574,0.8155544400215149;0.05687512084841728,0.3808143734931946,0.262984037399292,-0.04947316646575928;0.013050641864538193,-0.06334995478391647,0.05601153150200844,-0.019082820042967796
;6.2343316078186035;-5.691010025903119e-16,0.010893682949244976,-1.1863654851913452,0.8160285949707031;0.05633821710944176,0.38078609108924866,0.2633924186229706,-0.049695707857608795;0.013115362264215946,-0.06338848918676376,0.055989403277635574,-0.01909892074763775
;6.178591728210449;-5.865569222651245e-16,0.010915039107203484,-1.1855288743972778,0.8164993524551392;0.05580439046025276,0.3807576596736908,0.26380258798599243,-0.04991928115487099;0.01318061351776123,-0.0634271427989006,0.05596725642681122,-0.01911507546901703
;6.122662544250488;-6.046074061293505e-16,0.010936465114355087,-1.1846890449523926,0.816966712474823;0.055273596197366714,0.3807291090488434,0.2642146944999695,-0.05014396831393242;0.013246412388980389,-0.0634659081697464,0.05594509840011597,-0.019131286069750786
;6.0665435791015625;-6.232748476165328e-16,0.010957962833344936,-1.1838454008102417,0.8174307942390442;0.05474589020013809,0.3807004392147064,0.2646286189556122,-0.050369713455438614;0.013312752358615398,-0.06350479274988174,0.05592292174696922,-0.01914755254983902
;6.0102338790893555;-6.42582804830517e-16,0.010979530401527882,-1.1829982995986938,0.8178915977478027;0.054221246391534805,0.38067159056663513,0.2650444805622101,-0.05059656873345375;0.013379639014601707,-0.06354379653930664,0.055900733917951584,-0.01916387304663658
;5.953732967376709;-6.625546770564709e-16,0.011001170612871647,-1.1821476221084595,0.8183494210243225;0.053699664771556854,0.3806426227092743,0.2654622495174408,-0.05082448944449425;0.013447095640003681,-0.06358291208744049,0.05587853118777275,-0.01918024942278862
;5.897039413452148;-6.832168811344371e-16,0.011022881604731083,-1.181293249130249,0.8188042044639587;0.05318114906549454,0.3806135356426239,0.2658819258213043,-0.05105350539088249;0.013515126891434193,-0.06362215429544449,0.05585630610585213,-0.019196681678295135
;5.840152263641357;-7.045937692616491e-16,0.011044667102396488,-1.1804356575012207,0.8192559480667114;0.052665699273347855,0.3805842399597168,0.26630353927612305,-0.051283638924360275;0.013583709485828876,-0.06366150826215744,0.055834073573350906,-0.019213169813156128
;5.783071041107178;-7.267131347066887e-16,0.011066528037190437,-1.1795740127563477,0.8197035789489746;0.05215330421924591,0.3805548846721649,0.2667270302772522,-0.0515148863196373;0.013652876019477844,-0.06370098143815994,0.05581182986497879,-0.019229713827371597
;5.725794315338135;-7.496031942546113e-16,0.011088465340435505,-1.178708791732788,0.8201484084129333;0.05164399370551109,0.3805254101753235,0.2671525180339813,-0.05174723267555237;0.013722643256187439,-0.063740573823452,0.05578956380486488,-0.019246315583586693
;5.668320655822754;-7.7329364699813e-16,0.011110477149486542,-1.177839994430542,0.8205896615982056;0.05113773047924042,0.38049572706222534,0.26757997274398804,-0.051977138966321945;0.013792986050248146,-0.06378042697906494,0.05576673150062561,-0.019262973219156265
;5.610650062561035;-7.978147743651091e-16,0.011132567189633846,-1.1769675016403198,0.8210279941558838;0.05063452944159508,0.38046595454216003,0.2680094242095947,-0.05220817029476166;0.013863925822079182,-0.06382040679454803,0.05574388429522514,-0.019279686734080315
;5.552781105041504;-8.231979165745972e-16,0.01115473359823227,-1.1760916709899902,0.8214625120162964;0.05013437196612358,0.3804360330104828,0.2684408128261566,-0.052443891763687134;0.013935482129454613,-0.06386036425828934,0.055721577256917953,-0.01929645799100399
;5.4947123527526855;-8.494776960983131e-16,0.011176981031894684,-1.1752119064331055,0.821894109249115;0.04963727667927742,0.3804059624671936,0.26887422800064087,-0.05267717316746712;0.01400764100253582,-0.06390058994293213,0.0556986965239048,-0.01931328885257244
;5.436444282531738;-8.766866178256077e-16,0.01119930762797594,-1.1743288040161133,0.8223219513893127;0.049143243581056595,0.3803757429122925,0.2693096399307251,-0.052915140986442566;0.014080412685871124,-0.06394078582525253,0.05567635968327522,-0.01933017559349537
;5.3779754638671875;-9.048623217830748e-16,0.01122171338647604,-1.173441767692566,0.8227462768554688;0.04865225777029991,0.38034534454345703,0.2697471082210541,-0.05315427854657173;0.014153826050460339,-0.06398110836744308,0.05565401166677475,-0.01934712380170822
;5.319304943084717;-9.340416539039198e-16,0.01124420203268528,-1.172551155090332,0.8231672048568726;0.04816434532403946,0.3803148865699768,0.27018654346466064,-0.05339454486966133;0.014227855019271374,-0.06402155756950378,0.055631645023822784,-0.0193641260266304
;5.260431289672852;-9.642619895169403e-16,0.011266774497926235,-1.1716567277908325,0.8235854506492615;0.04767949506640434,0.38028424978256226,0.2706281244754791,-0.053632430732250214;0.014302527531981468,-0.06406226754188538,0.055608708411455154,-0.019381189718842506
;5.201353549957275;-9.955668449398015e-16,0.011289428919553757,-1.1707584857940674,0.8240001201629639;0.04719766601920128,0.380253404378891,0.2710717022418976,-0.05387503281235695;0.014377839863300323,-0.06410296261310577,0.0555863119661808,-0.019398311153054237
;5.142071723937988;-1.0279963483583797e-15,0.011312169022858143,-1.1698572635650635,0.8244109749794006;0.04671889916062355,0.38022252917289734,0.27151739597320557,-0.054118841886520386;0.01445381436496973,-0.06414378434419632,0.05556389316916466,-0.019415492191910744
;5.082584381103516;-1.0615969807056553e-15,0.011334993876516819,-1.1689516305923462,0.8248180150985718;0.04624319449067116,0.3801914155483246,0.2719651460647583,-0.054363787174224854;0.014530446380376816,-0.06418472528457642,0.055541474372148514,-0.019432732835412025
;5.022891044616699;-1.0964127876948856e-15,0.011357909999787807,-1.168042778968811,0.8252228498458862;0.045770518481731415,0.3801601231098175,0.27241507172584534,-0.054609935730695724;0.014607737772166729,-0.06422580033540726,0.05551903322339058,-0.019450031220912933
;4.9629902839660645;-1.132492261962301e-15,0.011380909942090511,-1.1671301126480103,0.8256234526634216;0.04530090093612671,0.3801287114620209,0.2728670835494995,-0.0548572912812233;0.01468571089208126,-0.06426699459552765,0.05549658089876175,-0.019467392936348915
;4.902881622314453;-1.1698843196606052e-15,0.011403998360037804,-1.166214108467102,0.8260199427604675;0.04483434557914734,0.3800972104072571,0.2733213007450104,-0.05510581284761429;0.01476436760276556,-0.06430832296609879,0.05547410622239113,-0.019484812393784523
;4.842564582824707;-1.2086430650193043e-15,0.011427178978919983,-1.1652940511703491,0.8264135122299194;0.04437081143260002,0.3800655007362366,0.273777574300766,-0.055355556309223175;0.014843703247606754,-0.06434977054595947,0.05545162782073021,-0.019502293318510056
;4.782037734985352;-1.24882154347672e-15,0.011450449004769325,-1.1643705368041992,0.8268028497695923;0.04391034319996834,0.3800337016582489,0.2742360234260559,-0.05560646578669548;0.01492374762892723,-0.0643913596868515,0.0554291233420372,-0.019519835710525513
;4.721299648284912;-1.2904759768447263e-15,0.01147381216287613,-1.1634433269500732,0.8271897435188293;0.04345289617776871,0.3800017237663269,0.2746966779232025,-0.05585860833525658;0.01500448863953352,-0.06443306803703308,0.055406611412763596,-0.019537437707185745
;4.6603498458862305;-1.3336677750119992e-15,0.011497268453240395,-1.1625125408172607,0.8275724053382874;0.042998481541872025,0.3799695074558258,0.27515947818756104,-0.05611199140548706;0.015085950493812561,-0.06447490304708481,0.055384084582328796,-0.019555101171135902
;4.599187850952148;-1.3784548538563072e-15,0.01152081973850727,-1.1615777015686035,0.8279515504837036;0.042547110468149185,0.37993717193603516,0.27562451362609863,-0.05636660009622574;0.015168117359280586,-0.06451687216758728,0.0553615428507328,-0.019572824239730835
;4.537812232971191;-1.4249039172222464e-15,0.011544464156031609,-1.1606391668319702,0.8283271193504333;0.04209877923130989,0.37990468740463257,0.2760917544364929,-0.05662238597869873;0.01525102648884058,-0.0645589753985405,0.05533898249268532,-0.01959061063826084
;4.476222038269043;-1.4730839982950183e-15,0.011568206362426281,-1.159697413444519,0.8286993503570557;0.041653458029031754,0.37987208366394043,0.27656126022338867,-0.05687946081161499;0.015334680676460266,-0.06460120528936386,0.05531641095876694,-0.01960846036672592
;4.414416790008545;-1.5230616950401006e-15,0.011592046357691288,-1.1587517261505127,0.829067587852478;0.041211169213056564,0.3798392117023468,0.2770329415798187,-0.05713779851794243;0.0154190668836236,-0.06464356184005737,0.05529382452368736,-0.019626371562480927
;4.352395057678223;-1.5749110169612597e-15,0.011615985073149204,-1.1578022241592407,0.8294323682785034;0.040771905332803726,0.3798062801361084,0.27750691771507263,-0.057397328317165375;0.015504210256040096,-0.06468605995178223,0.055271219462156296,-0.019644346088171005
;4.290156364440918;-1.6287084087819852e-15,0.011640024371445179,-1.1568492650985718,0.8297936320304871;0.04033567011356354,0.3797731399536133,0.2779831886291504,-0.0576581247150898;0.015590106137096882,-0.06472869217395782,0.05524859577417374,-0.01966238208115101
;4.2276997566223145;-1.6845327504454903e-15,0.011664163321256638,-1.155892252922058,0.8301509022712708;0.03990243747830391,0.3797398507595062,0.2784617245197296,-0.05792021378874779;0.01567678153514862,-0.06477145105600357,0.05522597208619118,-0.019680481404066086
;4.1650238037109375;-1.7424682158509084e-15,0.011688404716551304,-1.1549320220947266,0.8305045962333679;0.03947222977876663,0.3797064423561096,0.2789425849914551,-0.058183565735816956;0.01576424017548561,-0.06481433659791946,0.05520332232117653,-0.019698644056916237
;4.102128028869629;-1.8026015199962145e-15,0.011712750419974327,-1.1539679765701294,0.8308551907539368;0.039045047014951706,0.3796727955341339,0.279425710439682,-0.058448150753974915;0.015852482989430428,-0.0648573637008667,0.05518065765500069,-0.01971687190234661
;4.039011478424072;-1.8650223424946993e-15,0.011737201362848282,-1.1530003547668457,0.8312017917633057;0.03862084075808525,0.37963899970054626,0.27991119027137756,-0.058714039623737335;0.01594153419137001,-0.06490053236484528,0.05515798181295395,-0.01973516307771206
;3.975672960281372;-1.9298271392232313e-15,0.011761758476495743,-1.152029037475586,0.8315449357032776;0.03819964453577995,0.3796050548553467,0.28039902448654175,-0.05898122861981392;0.016031384468078613,-0.064943827688694,0.05513529106974602,-0.01975351758301258
;3.91211199760437;-1.9971114131466135e-15,0.01178642176091671,-1.1510539054870605,0.8318842649459839;0.037781454622745514,0.3795709013938904,0.28088924288749695,-0.05924970284104347;0.01612204685807228,-0.06498726457357407,0.055112581700086594,-0.019771937280893326
;3.84832763671875;-2.0669801963503053e-15,0.011811193078756332,-1.1500753164291382,0.8322190046310425;0.03736625239253044,0.37953659892082214,0.2813817858695984,-0.05951947718858719;0.01621353253722191,-0.06503082811832428,0.055089861154556274,-0.019790420308709145
;3.784318685531616;-2.1395431796009763e-15,0.011836073361337185,-1.1490929126739502,0.8325507044792175;0.03695405274629593,0.37950214743614197,0.28187674283981323,-0.05979057028889656;0.01630585640668869,-0.06507454067468643,0.05506712198257446,-0.019808970391750336
;3.7200844287872314;-2.214910900698243e-15,0.011861064471304417,-1.1481066942214966,0.8328784108161926;0.036544833332300186,0.37946751713752747,0.2823741137981415,-0.06006292626261711;0.01639903336763382,-0.06511838734149933,0.05504436790943146,-0.0198275838047266
;3.6556239128112793;-2.293197709089985e-15,0.011886168271303177,-1.1471171379089355,0.8332021832466125;0.03613859787583351,0.3794327676296234,0.28287386894226074,-0.060336582362651825;0.0164930522441864,-0.06516236811876297,0.05502160266041756,-0.01984626241028309
;3.5909361839294434;-2.3745323537841846e-15,0.01191138569265604,-1.1461236476898193,0.8335222005844116;0.035735342651605606,0.37939780950546265,0.2833760976791382,-0.060611557215452194;0.016587942838668823,-0.06520648300647736,0.05499882251024246,-0.0198650062084198
;3.5260202884674072;-2.459040830931746e-15,0.01193671952933073,-1.1451267004013062,0.8338388800621033;0.03533506020903587,0.37936270236968994,0.2838807702064514,-0.060887791216373444;0.01668369397521019,-0.06525075435638428,0.054976023733615875,-0.019883815199136734
;3.4608755111694336;-2.5468550659142044e-15,0.01196216605603695,-1.1441258192062378,0.8341514468193054;0.034937743097543716,0.3793274760246277,0.2843879163265228,-0.06116541102528572;0.016780341044068336,-0.06529515236616135,0.054953206330537796,-0.01990268938243389
;3.395500659942627;-2.638118842574356e-15,0.011987730860710144,-1.143121600151062,0.8344601988792419;0.03454340249300003,0.37929201126098633,0.2848975360393524,-0.06144431233406067;0.016877885907888412,-0.06533969193696976,0.05493038147687912,-0.01992163434624672
;3.32989501953125;-2.732977850579128e-15,0.01201341487467289,-1.1421133279800415,0.8347649574279785;0.03415200114250183,0.37925633788108826,0.2854096293449402,-0.06172460690140724;0.01697632297873497,-0.06538437306880951,0.05490753427147865,-0.01994064450263977
;3.2640576362609863;-2.8315837088260798e-15,0.01203921902924776,-1.1411018371582031,0.8350663781166077;0.03376356139779091,0.37922054529190063,0.2859242260456085,-0.062006305903196335;0.01707567647099495,-0.0654291957616806,0.05488467589020729,-0.019959719851613045
;3.1979875564575195;-2.9341024357728727e-15,0.012065141461789608,-1.1400866508483887,0.8353636264801025;0.033378083258867264,0.3791845440864563,0.2864414155483246,-0.062289267778396606;0.017175966873764992,-0.06547416001558304,0.054861802607774734,-0.01997886598110199
;3.131683826446533;-3.040693061855354e-15,0.012091188691556454,-1.1390676498413086,0.8356569409370422;0.03299553692340851,0.37914836406707764,0.2869611382484436,-0.06257365643978119;0.017277177423238754,-0.06551926583051682,0.054838910698890686,-0.01999807357788086
;3.06514573097229;-3.151539816739551e-15,0.012117357924580574,-1.1380451917648315,0.8359466195106506;0.03261592984199524,0.3791119456291199,0.2874833345413208,-0.06285939365625381;0.017379341647028923,-0.06556452065706253,0.05481601133942604,-0.02001735381782055
;2.9983720779418945;-3.2668174009708355e-15,0.01214365754276514,-1.1370187997817993,0.8362325429916382;0.03223925083875656,0.37907543778419495,0.2880081832408905,-0.06314651668071747;0.01748245395720005,-0.06560990959405899,0.0547930933535099,-0.02003670297563076
;2.931363344192505;-3.3867257143247592e-15,0.012170078232884407,-1.1359889507293701,0.8365134596824646;0.03186550736427307,0.3790386915206909,0.28853562474250793,-0.06344255805015564;0.017586542293429375,-0.06565514951944351,0.0547713041305542,-0.020056117326021194
;2.8641178607940674;-3.5114608449286116e-15,0.012196630239486694,-1.1349552869796753,0.8367911577224731;0.03149469196796417,0.37900176644325256,0.2890656590461731,-0.06373624503612518;0.017691612243652344,-0.06570068746805191,0.054748933762311935,-0.02007560059428215
;2.7966349124908447;-3.6412362450851006e-15,0.012223307974636555,-1.133918046951294,0.8370642066001892;0.031126782298088074,0.3789646327495575,0.289598286151886,-0.06402754038572311;0.017797674983739853,-0.06574650853872299,0.05472596734762192,-0.020095154643058777
;2.728912830352783;-3.77626896698696e-15,0.012250117026269436,-1.1328771114349365,0.8373336791992188;0.03076178766787052,0.3789273500442505,0.2901335656642914,-0.06432024389505386;0.01790473982691765,-0.06579247862100601,0.054702986031770706,-0.020114775747060776
;2.660951614379883;-3.9167896153540806e-15,0.012277057394385338,-1.1318327188491821,0.8375990390777588;0.03039969876408577,0.3788898289203644,0.29067152738571167,-0.06461815536022186;0.018012816086411476,-0.06583844870328903,0.05468056723475456,-0.020134467631578445
;2.5927493572235107;-4.063044253257639e-15,0.012304133735597134,-1.130784511566162,0.837860643863678;0.03004050999879837,0.37885209918022156,0.29121217131614685,-0.06491368263959885;0.018121905624866486,-0.06588471680879593,0.05465755984187126,-0.020154230296611786
;2.524306058883667;-4.215276402669971e-15,0.012331340461969376,-1.129732370376587,0.8381181955337524;0.029684199020266533,0.3788142502307892,0.29175543785095215,-0.06521445512771606;0.018232058733701706,-0.06593097746372223,0.05463510751724243,-0.02017405815422535
;2.455620765686035;-4.373756690617724e-15,0.012358687818050385,-1.1286765336990356,0.8383711576461792;0.0293307825922966,0.3787761628627777,0.2923014760017395,-0.0655166283249855;0.018343238160014153,-0.06597738713026047,0.054612647742033005,-0.020193960517644882
;2.386693000793457;-4.5387565911604935e-15,0.012386170215904713,-1.1276168823242188,0.8386201858520508;0.02898024395108223,0.37873783707618713,0.29285016655921936,-0.06582409143447876;0.018455490469932556,-0.06602378934621811,0.05459074303507805,-0.020213929936289787
;2.3175220489501953;-4.710569601214503e-15,0.012413793243467808,-1.1265536546707153,0.8388654589653015;0.028632579371333122,0.378699392080307,0.2934015989303589,-0.06613299995660782;0.01856883242726326,-0.06607034802436829,0.054568830877542496,-0.02023397386074066
;2.2481069564819336;-4.8894989585748696e-15,0.01244155503809452,-1.1254868507385254,0.8391069173812866;0.028287772089242935,0.3786607086658478,0.29395586252212524,-0.06644335389137268;0.018683241680264473,-0.0661170482635498,0.05454690009355545,-0.020254084840416908
;2.1784465312957764;-5.0758576419156036e-15,0.01246945932507515,-1.1244161128997803,0.8393440842628479;0.02794584445655346,0.37862181663513184,0.2945128381252289,-0.06675136834383011;0.018798746168613434,-0.0661640539765358,0.05452437698841095,-0.020274268463253975
;2.108538866043091;-5.269985734965028e-15,0.012497508898377419,-1.123341679573059,0.8395775556564331;0.027606748044490814,0.37858274579048157,0.29507261514663696,-0.0670570433139801;0.01891537569463253,-0.06621135771274567,0.05450126528739929,-0.020294522866606712
;2.0383827686309814;-5.4722288271656216e-15,0.012525700032711029,-1.1222634315490723,0.8398063778877258;0.0272704865783453,0.3785434663295746,0.2956351339817047,-0.06736410409212112;0.019033130258321762,-0.06625881046056747,0.05447813868522644,-0.02031484805047512
;1.96797776222229;-5.68295410730002e-15,0.012554037384688854,-1.121181607246399,0.840031087398529;0.02693706750869751,0.3785039186477661,0.29620054364204407,-0.06767268478870392;0.019152026623487473,-0.06630641222000122,0.0544549934566021,-0.020335247740149498
;1.8973225355148315;-5.902549939974539e-15,0.012582522816956043,-1.1200957298278809,0.8402512073516846;0.026606455445289612,0.3784642517566681,0.2967686951160431,-0.06798278540372849;0.019272081553936005,-0.0663541704416275,0.05443182960152626,-0.020355720072984695
;1.8264164924621582;-6.1314110425425995e-15,0.012611158192157745,-1.1190059185028076,0.840467631816864;0.026278667151927948,0.3784243166446686,0.2973397672176361,-0.06829433143138885;0.01939329318702221,-0.06640208512544632,0.05440865829586983,-0.020376263186335564
;1.7552587985992432;-6.369960931477828e-15,0.012639942578971386,-1.1179126501083374,0.8406796455383301;0.025953682139515877,0.37838420271873474,0.29791370034217834,-0.06861123442649841;0.019515687599778175,-0.06644999235868454,0.05438604578375816,-0.020396878942847252
;1.6838486194610596;-6.618646840176375e-15,0.012668878771364689,-1.1168150901794434,0.8408870100975037;0.025631491094827652,0.3783439099788666,0.2984905540943146,-0.06892578303813934;0.01963929459452629,-0.06649821251630783,0.054362837225198746,-0.02041756920516491
;1.612184762954712;-6.877925319396811e-15,0.012697967700660229,-1.1157139539718628,0.8410905003547668;0.025312090292572975,0.3783033788204193,0.29907023906707764,-0.06924184411764145;0.01976410485804081,-0.06654658168554306,0.054339613765478134,-0.020438332110643387
;1.5402671098709106;-7.148292306929753e-15,0.012727209366858006,-1.114608645439148,0.8412893414497375;0.024995476007461548,0.37826260924339294,0.29965290427207947,-0.06956718862056732;0.01989014632999897,-0.06659480929374695,0.054317545145750046,-0.020459169521927834
;1.4680942296981812;-7.430243317049345e-15,0.012756609357893467,-1.1134992837905884,0.8414838910102844;0.024681640788912773,0.3782216012477875,0.3002384901046753,-0.06988628208637238;0.020017411559820175,-0.06664349138736725,0.054294291883707047,-0.0204800795763731
;1.3956650495529175;-7.724314521611198e-15,0.012786166742444038,-1.1123861074447632,0.8416743278503418;0.024370556697249413,0.3781804144382477,0.3008270263671875,-0.0702107772231102;0.020145932212471962,-0.06669218093156815,0.05427160486578941,-0.020501062273979187
;1.3229790925979614;-8.031078514887657e-15,0.01281588152050972,-1.1112685203552246,0.8418605923652649;0.024062233045697212,0.3781389892101288,0.3014185428619385,-0.07053685933351517;0.020275738090276718,-0.06674101948738098,0.05424890294671059,-0.020522121340036392
;1.2500355243682861;-8.351121443678222e-15,0.012845758348703384,-1.1101469993591309,0.842042088508606;0.02375665120780468,0.3780973553657532,0.3020130395889282,-0.07086841017007828;0.020406831055879593,-0.06678987294435501,0.054226770997047424,-0.020543254911899567
;1.1768333911895752;-8.68505486577081e-15,0.012875796295702457,-1.1090213060379028,0.8422194123268127;0.02345382235944271,0.3780555725097656,0.3026105761528015,-0.07119753956794739;0.02053919993340969,-0.06683902442455292,0.05420404672622681,-0.02056446485221386
;1.103371024131775;-9.033530996534807e-15,0.012905994430184364,-1.107891321182251,0.842391848564148;0.02315371111035347,0.3780134320259094,0.30321112275123596,-0.07152829319238663;0.020672904327511787,-0.06688833981752396,0.0541813038289547,-0.020585747435688972
;1.0296475887298584;-9.397234238591595e-15,0.012936359271407127,-1.1067571640014648,0.842560350894928;0.022856315597891808,0.37797117233276367,0.30381470918655396,-0.07186062633991241;0.020807940512895584,-0.06693781912326813,0.054158542305231094,-0.020607106387615204
;0.9556627869606018;-9.776871864452131e-15,0.012966889888048172,-1.1056185960769653,0.8427249193191528;0.022561628371477127,0.37792861461639404,0.30442139506340027,-0.07219843566417694;0.020944319665431976,-0.0669872984290123,0.05413634702563286,-0.020628541707992554
;0.8814157247543335;-1.0173204509703049e-14,0.012997586280107498,-1.1044758558273315,0.8428842425346375;0.022269634529948235,0.3778858780860901,0.3050311207771301,-0.0725378692150116;0.02108207903802395,-0.067036934196949,0.054114144295454025,-0.020650051534175873
;0.8069052696228027;-1.0587019067952348e-14,0.013028450310230255,-1.1033284664154053,0.8430390357971191;0.021980339661240578,0.3778429329395294,0.3056440055370331,-0.0728788673877716;0.02122119441628456,-0.06708674132823944,0.054091926664114,-0.02067163959145546
;0.7321303486824036;-1.1019118526434026e-14,0.013059483841061592,-1.102176547050476,0.8431895971298218;0.021693721413612366,0.37779971957206726,0.30625998973846436,-0.07322153449058533;0.021361729130148888,-0.06713669747114182,0.054069697856903076,-0.020693304017186165
;0.6570900082588196;-1.1470414292599328e-14,0.013090688735246658,-1.101020097732544,0.8433351516723633;0.021409766748547554,0.377756267786026,0.30687907338142395,-0.0735657811164856;0.021503672003746033,-0.06718681752681732,0.05404744669795036,-0.02071504294872284
;0.5817831158638;-1.1941785586647505e-14,0.013122065924108028,-1.0998589992523193,0.8434762358665466;0.021128475666046143,0.37771257758140564,0.3075013756752014,-0.07391166687011719;0.021647049114108086,-0.06723710149526596,0.05402518808841705,-0.02073686197400093
;0.506208598613739;-1.2434208190533792e-14,0.013153619132936,-1.0986932516098022,0.8436130285263062;0.020849820226430893,0.3776686489582062,0.3081268072128296,-0.0742592066526413;0.02179187722504139,-0.06728754937648773,0.05400291085243225,-0.02075875550508499
;0.43036526441574097;-1.2948674826872373e-14,0.013185345567762852,-1.097522497177124,0.8437452912330627;0.020573807880282402,0.37762451171875,0.30875545740127563,-0.07460834830999374;0.021938178688287735,-0.06733815371990204,0.05398062616586685,-0.02078073099255562
;0.35425201058387756;-1.3486271391901627e-14,0.013217249885201454,-1.0963469743728638,0.8438726663589478;0.02030041627585888,0.3775801360607147,0.30938729643821716,-0.0749591812491417;0.022085964679718018,-0.06738892942667007,0.05395831540226936,-0.020802780985832214
;0.27786770462989807;-1.4048107498782457e-14,0.013249330222606659,-1.0951664447784424,0.8439955115318298;0.020029636099934578,0.37753552198410034,0.31002235412597656,-0.07531163841485977;0.022235263139009476,-0.06743986159563065,0.05393600091338158,-0.020824909210205078
;0.20121128857135773;-1.4635348664850285e-14,0.01328158937394619,-1.0939806699752808,0.8441134691238403;0.01976146176457405,0.3774906098842621,0.3106606602668762,-0.07566580176353455;0.0223860926926136,-0.06749096512794495,0.053913675248622894,-0.02084711752831936
;0.12428151071071625;-1.5249225628977472e-14,0.01331403013318777,-1.092789649963379,0.8442268967628479;0.019495872780680656,0.3774455487728119,0.3113022744655609,-0.07602161914110184;0.022538455203175545,-0.06754223257303238,0.05389132350683212,-0.020869405940175056
;0.04707653820514679;-1.589102757530974e-14,0.013346652500331402,-1.091593861579895,0.8443356156349182;0.01923285983502865,0.37740013003349304,0.31194716691970825,-0.0763750970363617;0.02269238419830799,-0.06759382039308548,0.0538683757185936,-0.020891772583127022
;-0.03040425106883049;-1.6562163966671317e-14,0.013379457406699657,-1.0903924703598022,0.8444401621818542;0.018972408026456833,0.37735456228256226,0.31259533762931824,-0.0767342746257782;0.022847915068268776,-0.06764542311429977,0.05384599417448044,-0.020914219319820404
;-0.10816273838281631;-1.7264008690502652e-14,0.013412443920969963,-1.089185357093811,0.8445395827293396;0.01871451549232006,0.3773086667060852,0.31324684619903564,-0.07709117233753204;0.023005042225122452,-0.06769734621047974,0.053823016583919525,-0.020936744287610054
;-0.1861998736858368;-1.799813045182206e-14,0.013445617631077766,-1.0879727602005005,0.8446343541145325;0.018459156155586243,0.37726256251335144,0.3139016926288605,-0.0774497389793396;0.023163793608546257,-0.06774944067001343,0.05380002409219742,-0.02095935493707657
;-0.264517217874527;-1.876608101498891e-14,0.013478979468345642,-1.086754322052002,0.8447239398956299;0.01820632442831993,0.3772162199020386,0.3145599365234375,-0.07781000435352325;0.023324208334088326,-0.06780169159173965,0.053777020424604416,-0.0209820419549942
;-0.34311673045158386;-1.9569540893370554e-14,0.013512526638805866,-1.0855302810668945,0.8448091745376587;0.01795600727200508,0.37716957926750183,0.31522154808044434,-0.07816799730062485;0.023486267775297165,-0.06785428524017334,0.05375340208411217,-0.02100481279194355
;-0.42199915647506714;-2.0410270221431388e-14,0.013546262867748737,-1.084299921989441,0.8448894619941711;0.01770818792283535,0.377122700214386,0.31588658690452576,-0.07853172719478607;0.023650046437978745,-0.06790689378976822,0.05373036116361618,-0.021027663722634315
;-0.501166045665741;-2.129015110638021e-14,0.013580188155174255,-1.0830633640289307,0.8449639081954956;0.01746285893023014,0.37707558274269104,0.31655505299568176,-0.07889723032712936;0.02381553128361702,-0.06795966625213623,0.053707305341959,-0.021050598472356796
;-0.5806185007095337;-2.2211135112127495e-14,0.013614307157695293,-1.0818204879760742,0.8450343608856201;0.017220009118318558,0.3770281672477722,0.31722694635391235,-0.07926443219184875;0.023982740938663483,-0.06801261752843857,0.053684234619140625,-0.021073615178465843
;-0.6603573560714722;-2.317524325928539e-14,0.013648616150021553,-1.0805712938308716,0.8450997471809387;0.01697961986064911,0.3769805431365967,0.3179023265838623,-0.0796375498175621;0.024151718243956566,-0.0680655911564827,0.05366174131631851,-0.021096715703606606
;-0.7403839826583862;-2.4184665975055496e-14,0.013683120720088482,-1.079315423965454,0.8451598286628723;0.016741683706641197,0.3769325613975525,0.3185811936855316,-0.08001238107681274;0.024322474375367165,-0.06811873614788055,0.053639236837625504,-0.021119900047779083
;-0.8206998705863953;-2.524168686026361e-14,0.013717816211283207,-1.0780526399612427,0.8452150821685791;0.01650618575513363,0.3768843710422516,0.31926360726356506,-0.08038906753063202;0.024495044723153114,-0.06817205250263214,0.0536167174577713,-0.021143166348338127
;-0.9013063907623291;-2.6348723346941196e-14,0.013752706348896027,-1.0767829418182373,0.8452649116516113;0.016273116692900658,0.3768359124660492,0.3199494779109955,-0.08076748996973038;0.024669453501701355,-0.06822554767131805,0.05359417572617531,-0.021166516467928886
;-0.9822052121162415;-2.750828773480981e-14,0.013787792064249516,-1.075506329536438,0.8453097343444824;0.01604246348142624,0.3767871558666229,0.3206390142440796,-0.08114778250455856;0.024845710024237633,-0.0682792216539383,0.05357163026928902,-0.02118995226919651
;-1.063397765159607;-2.872304648358741e-14,0.013823076151311398,-1.074222207069397,0.8453494310379028;0.015814201906323433,0.37673819065093994,0.32133209705352783,-0.08152992278337479;0.02502383664250374,-0.06833306699991226,0.053549058735370636,-0.02121347188949585
;-1.144885778427124;-2.9995852400240344e-14,0.013858558610081673,-1.0729305744171143,0.8453843593597412;0.015588326379656792,0.3766888976097107,0.32202884554862976,-0.08191389590501785;0.025203878059983253,-0.06838709861040115,0.05352647975087166,-0.021237079054117203
;-1.2266708612442017;-3.132960741964591e-14,0.013894238509237766,-1.0716314315795898,0.845413863658905;0.01536482758820057,0.3766392469406128,0.3227291405200958,-0.08229967951774597;0.02538583241403103,-0.06844130903482437,0.053503889590501785,-0.02126077003777027
;-1.308754563331604;-3.2727526878871885e-14,0.013930119574069977,-1.070324182510376,0.8454378247261047;0.01514368411153555,0.37658944725990295,0.3234331011772156,-0.08268731087446213;0.02556977979838848,-0.06849569827318192,0.05348127707839012,-0.021284546703100204
;-1.3911389112472534;-3.4192893877621824e-14,0.013966202735900879,-1.069008708000183,0.8454568386077881;0.014924881048500538,0.37653928995132446,0.324140727519989,-0.0830768570303917;0.02575567178428173,-0.06855027377605438,0.05345865339040756,-0.0213084127753973
;-1.473825454711914;-3.572916092218874e-14,0.014002486132085323,-1.0676851272583008,0.8454703688621521;0.014708412811160088,0.37648889422416687,0.3248520791530609,-0.08346830308437347;0.02594360150396824,-0.06860502064228058,0.05343601480126381,-0.02133236639201641
;-1.55681574344635;-3.7340051569408755e-14,0.014038973487913609,-1.0663529634475708,0.8454784750938416;0.014494254253804684,0.3764381408691406,0.32556718587875366,-0.08386163413524628;0.026133567094802856,-0.0686599612236023,0.05341336131095886,-0.021356407552957535
;-1.6401119232177734;-3.902944184204851e-14,0.01407566200941801,-1.065011739730835,0.8454810380935669;0.014282405376434326,0.37638720870018005,0.3262859582901001,-0.08425679802894592;0.026325605809688568,-0.06871508806943893,0.05339069664478302,-0.021380532532930374
;-1.723715901374817;-4.080145509649524e-14,0.014112553559243679,-1.0636616945266724,0.8454782962799072;0.014072832651436329,0.3763359785079956,0.32700854539871216,-0.08465391397476196;0.026519734412431717,-0.0687703937292099,0.05336800962686539,-0.021404750645160675
;-1.8076293468475342;-4.2660333273748796e-14,0.014149651862680912,-1.0623024702072144,0.8454702496528625;0.01386553980410099,0.3762844204902649,0.32773491740226746,-0.08505299687385559;0.026715978980064392,-0.06882588565349579,0.05334531515836716,-0.02142905443906784
;-1.8918544054031372;-4.461069778556939e-14,0.014186953194439411,-1.0609337091445923,0.8454567193984985;0.013660506345331669,0.3762325942516327,0.32846516370773315,-0.08545399457216263;0.02691439539194107,-0.0688815712928772,0.05332260578870773,-0.021453451365232468
;-1.9763931035995483;-4.6657393660415325e-14,0.0142244603484869,-1.059555172920227,0.8454374670982361;0.013457716442644596,0.3761804699897766,0.3291992247104645,-0.08585695922374725;0.027114994823932648,-0.06893745064735413,0.05329987406730652,-0.02147793583571911
;-2.0612475872039795;-4.880555052981517e-14,0.014262169599533081,-1.058166265487671,0.8454124331474304;0.01325715146958828,0.37612807750701904,0.3299371302127838,-0.08626195788383484;0.027317823842167854,-0.06899351626634598,0.053277138620615005,-0.02150251530110836
;-2.146418809890747;-5.1060487760677675e-14,0.0143000902608037,-1.0567677021026611,0.8453819751739502;0.013058803044259548,0.3760753273963928,0.3306789696216583,-0.08667316287755966;0.027522889897227287,-0.06904961168766022,0.053254980593919754,-0.021527186036109924
;-2.231910228729248;-5.34279279075945e-14,0.014338213950395584,-1.0553579330444336,0.8453457951545715;0.012862653471529484,0.37602221965789795,0.3314247131347656,-0.087082140147686;0.027730250731110573,-0.06910606473684311,0.053232211619615555,-0.02155194617807865
;-2.3177237510681152;-5.5913915397677247e-14,0.014376547187566757,-1.0539376735687256,0.8453038930892944;0.01266869343817234,0.375968873500824,0.3321744501590729,-0.08749321848154068;0.027939919382333755,-0.06916270405054092,0.05320942774415016,-0.02157680131494999
;-2.4038617610931396;-5.852477248484422e-14,0.014415085315704346,-1.0525057315826416,0.8452559113502502;0.012476900592446327,0.37591513991355896,0.3329281508922577,-0.08790630102157593;0.028151942417025566,-0.06921954452991486,0.053186625242233276,-0.02160174958407879
;-2.490326166152954;-6.126722799882842e-14,0.014453832060098648,-1.0510629415512085,0.8452019095420837;0.012287263758480549,0.37586119771003723,0.33368581533432007,-0.08832144737243652;0.02836635895073414,-0.06927657872438431,0.053163815289735794,-0.0216267928481102
;-2.577119827270508;-6.414847494341791e-14,0.014492787420749664,-1.0496081113815308,0.8451423645019531;0.012099763378500938,0.37580686807632446,0.3344475328922272,-0.08873876929283142;0.028583191335201263,-0.06933382153511047,0.05314098671078682,-0.02165192924439907
;-2.6642448902130127;-6.717596043228496e-14,0.014531949535012245,-1.0481412410736084,0.8450767993927002;0.011914392001926899,0.37575218081474304,0.335213303565979,-0.08915810286998749;0.028802480548620224,-0.06939125061035156,0.05311814323067665,-0.021677166223526
;-2.751703977584839;-7.035767368018808e-14,0.01457132026553154,-1.0466620922088623,0.8450049757957458;0.011731128208339214,0.37569716572761536,0.33598315715789795,-0.08957957476377487;0.029024261981248856,-0.06944888830184937,0.05309528112411499,-0.021702494472265244
;-2.8394997119903564;-7.370207824033623e-14,0.0146108977496624,-1.0451701879501343,0.8449276685714722;0.011549962684512138,0.3756418526172638,0.33675721287727356,-0.09000322222709656;0.029248597100377083,-0.06950672715902328,0.05307241156697273,-0.021727921441197395
;-2.9276347160339355;-7.721807134680736e-14,0.014650685712695122,-1.0436649322509766,0.8448442220687866;0.011370874010026455,0.37558624148368835,0.33753541111946106,-0.09042902290821075;0.029475456103682518,-0.06956477463245392,0.05304952338337898,-0.021753448992967606
;-3.016111373901367;-8.091511266355642e-14,0.01469067856669426,-1.0421466827392578,0.8447548747062683;0.011193850077688694,0.37553027272224426,0.33831778168678284,-0.09085699915885925;0.02970496378839016,-0.06962302327156067,0.05302662402391434,-0.021779069676995277
;-3.1049327850341797;-8.480319040309742e-14,0.01473088189959526,-1.0406144857406616,0.8446587920188904;0.011018876917660236,0.37547388672828674,0.3391043543815613,-0.09128721058368683;0.029937095940113068,-0.06968148052692413,0.0530037060379982,-0.021804794669151306
;-3.1941018104553223;-8.889297040430219e-14,0.014771291054785252,-1.0390679836273193,0.844556450843811;0.010845938697457314,0.37541717290878296,0.3398951590061188,-0.0917195975780487;0.03017195127904415,-0.06974015384912491,0.05298076942563057,-0.021830620244145393
;-3.283621072769165;-9.319554541064798e-14,0.014811907894909382,-1.0375069379806519,0.8444478511810303;0.010675013065338135,0.3753601908683777,0.3406902551651001,-0.09215427935123444;0.03040950372815132,-0.0697990283370018,0.052957821637392044,-0.02185654453933239
;-3.3734934329986572;-9.772293651372221e-14,0.014852728694677353,-1.03593111038208,0.8443326354026794;0.010506099089980125,0.37530282139778137,0.34148964285850525,-0.09259122610092163;0.030649853870272636,-0.069858118891716,0.05293486639857292,-0.021882571280002594
;-3.4637222290039062;-1.0248786276026087e-13,0.014893756248056889,-1.0343406200408936,0.8442111611366272;0.0103391632437706,0.375245064496994,0.3422934412956238,-0.0930304229259491;0.030893024057149887,-0.06991742551326752,0.05291188508272171,-0.021908704191446304
;-3.5543100833892822;-1.0750339556270597e-13,0.014934989623725414,-1.032733678817749,0.8440829515457153;0.010174212045967579,0.375186949968338,0.3431015908718109,-0.09347191452980042;0.031139057129621506,-0.06997694820165634,0.0528888925909996,-0.021934935823082924
;-3.6452605724334717;-1.1278392770489726e-13,0.01497642882168293,-1.0311107635498047,0.8439483046531677;0.010011214762926102,0.37512850761413574,0.3439141809940338,-0.09391580522060394;0.03138798102736473,-0.07003668695688248,0.0528658889234066,-0.0219612754881382
;-3.736577033996582;-1.1834444828186935e-13,0.015018071047961712,-1.029471516609192,0.8438069224357605;0.0098501555621624,0.37506964802742004,0.3447311222553253,-0.09436202794313431;0.03163987025618553,-0.07009664922952652,0.052842870354652405,-0.02198771946132183
;-3.8282625675201416;-1.242007663165498e-13,0.01505991443991661,-1.0278154611587524,0.8436587452888489;0.0096910260617733,0.3750104010105133,0.3455526828765869,-0.09481062740087509;0.03189476206898689,-0.07015683501958847,0.05281982943415642,-0.02201426960527897
;-3.9203202724456787;-1.3037007996589967e-13,0.015101957134902477,-1.0261420011520386,0.8435038924217224;0.009533808566629887,0.3749508559703827,0.34637871384620667,-0.09526162594556808;0.0321526974439621,-0.07021724432706833,0.052796781063079834,-0.02204092964529991
;-4.012753963470459;-1.3687014304049339e-13,0.015144203789532185,-1.0244508981704712,0.8433417081832886;0.009378488175570965,0.37489083409309387,0.34720927476882935,-0.09571511298418045;0.03241375461220741,-0.0702778697013855,0.05277371406555176,-0.02206769585609436
;-4.105567455291748;-1.4372014591878396e-13,0.01518664788454771,-1.022741675376892,0.8431727886199951;0.009225047193467617,0.3748304843902588,0.3480444550514221,-0.09617101401090622;0.03267793357372284,-0.07033872604370117,0.05275062844157219,-0.022094571962952614
;-4.198763370513916;-1.5094017344601668e-13,0.015229292213916779,-1.021013617515564,0.8429968953132629;0.009073474444448948,0.37476974725723267,0.348884254693985,-0.09662939608097076;0.03294534981250763,-0.07039982080459595,0.052727535367012024,-0.02212155982851982
;-4.292346477508545;-1.5855182835047832e-13,0.015272132121026516,-1.0192666053771973,0.8428138494491577;0.00892375037074089,0.3747085928916931,0.3497287333011627,-0.09709032624959946;0.03321601822972298,-0.07046115398406982,0.052704423666000366,-0.022148657590150833
;-4.386320114135742;-1.6657812282327988e-13,0.015315166674554348,-1.0175001621246338,0.8426236510276794;0.008775861002504826,0.3746470808982849,0.3505779504776001,-0.09755376726388931;0.033489976078271866,-0.07052271068096161,0.052681293338537216,-0.022175868973135948
;-4.480688095092773;-1.7504330233550358e-13,0.015358394011855125,-1.0157134532928467,0.8424261212348938;0.008629797026515007,0.3745850920677185,0.3514319658279419,-0.09801977127790451;0.033767323940992355,-0.0705844983458519,0.05265815556049347,-0.022203195840120316
;-4.5754547119140625;-1.83973035373583e-13,0.015401811338961124,-1.0139062404632568,0.8422215580940247;0.00848553329706192,0.37452274560928345,0.3522907495498657,-0.09848842024803162;0.03404809534549713,-0.07064653187990189,0.05263499543070793,-0.022230634465813637
;-4.670623779296875;-1.9339460317468332e-13,0.01544541958719492,-1.0120781660079956,0.8420094847679138;0.00834305863827467,0.37445998191833496,0.35315436124801636,-0.09895968437194824;0.034332334995269775,-0.07070881128311157,0.0526118278503418,-0.02225819043815136
;-4.766199588775635;-2.0333752314295045e-13,0.015489209443330765,-1.0102283954620361,0.8417895436286926;0.008202362805604935,0.37439674139022827,0.3540228605270386,-0.09943360835313797;0.03462013602256775,-0.07077133655548096,0.05258864164352417,-0.022285863757133484
;-4.862186431884766;-2.138326137251373e-13,0.015533188357949257,-1.0083566904067993,0.8415619134902954;0.008063427172601223,0.37433314323425293,0.35489630699157715,-0.0999101847410202;0.03491152077913284,-0.07083409279584885,0.05256543681025505,-0.02231365628540516
;-4.958588123321533;-2.2491309216530336e-13,0.015577347949147224,-1.0064623355865479,0.8413261771202087;0.007926230318844318,0.3742690980434418,0.3557747006416321,-0.10038954019546509;0.035206593573093414,-0.07089711725711823,0.052542224526405334,-0.022341569885611534
;-5.0554094314575195;-2.366141137188915e-13,0.015621686354279518,-1.004544973373413,0.8410826921463013;0.007790766190737486,0.3742046058177948,0.35665810108184814,-0.10087161511182785;0.03550538420677185,-0.0709603875875473,0.05251898616552353,-0.02236959896981716
;-5.152655601501465;-2.4897306980832534e-13,0.01566619984805584,-1.0026037693023682,0.8408316373825073;0.007657017093151808,0.3741396963596344,0.3575465679168701,-0.10135651379823685;0.035808004438877106,-0.07102390378713608,0.052495744079351425,-0.022397756576538086
;-5.250329971313477;-2.6202965578564497e-13,0.01571088656783104,-1.0006386041641235,0.8405721783638;0.00752496812492609,0.3740743100643158,0.3584401309490204,-0.10184422135353088;0.036114443093538284,-0.07108768820762634,0.05247247964143753,-0.02242603525519371
;-5.348438262939453;-2.7582639948106613e-13,0.01575574465095997,-0.9986485838890076,0.8403046727180481;0.007394600659608841,0.37400850653648376,0.3593389093875885,-0.10233478993177414;0.036424845457077026,-0.0711517259478569,0.05244920030236244,-0.022454438731074333
;-5.446984767913818;-2.9040862054539873e-13,0.01580076850950718,-0.9966332912445068,0.8400291204452515;0.007265908643603325,0.37394216656684875,0.3602428734302521,-0.10282827913761139;0.03673921898007393,-0.07121602445840836,0.05242590978741646,-0.022482970729470253
;-5.545975208282471;-3.0582432202982957e-13,0.015845954418182373,-0.9945916533470154,0.8397454619407654;0.007138868793845177,0.3738754689693451,0.36115214228630066,-0.10332466661930084;0.037057679146528244,-0.0712805986404419,0.052402596920728683,-0.02251162752509117
;-5.645414352416992;-3.221253016931491e-13,0.015891296789050102,-0.992523729801178,0.8394533395767212;0.007013469468802214,0.3738081753253937,0.36206668615341187,-0.10382407903671265;0.03738030791282654,-0.07134543359279633,0.05237927660346031,-0.022540414705872536
;-5.745307445526123;-3.3936633885012224e-13,0.01593679189682007,-0.9904286861419678,0.8391525745391846;0.006889692973345518,0.3737404942512512,0.36298656463623047,-0.10432647168636322;0.03770717233419418,-0.07141054421663284,0.052355941385030746,-0.022569335997104645
;-5.845659255981445;-3.5760511305632514e-13,0.01598244160413742,-0.9883056282997131,0.8388428092002869;0.006767529994249344,0.37367233633995056,0.363911896944046,-0.10483185201883316;0.03803832083940506,-0.07147592306137085,0.05233258008956909,-0.02259838581085205
;-5.946475505828857;-3.769049959287396e-13,0.016028232872486115,-0.9861542582511902,0.8385242223739624;0.006646962836384773,0.3736036419868469,0.36484265327453613,-0.1053403839468956;0.03837384656071663,-0.07154159247875214,0.05230921506881714,-0.02262757159769535
;-6.0477614402771;-3.9733209669483294e-13,0.016074163839221,-0.9839736223220825,0.8381966948509216;0.0065279798582196236,0.3735344409942627,0.36577895283699036,-0.10585207492113113;0.03871385008096695,-0.07160753011703491,0.05228583142161369,-0.022656891494989395
;-6.1495232582092285;-4.189570782311969e-13,0.01612023077905178,-0.9817629456520081,0.8378602266311646;0.006410561967641115,0.37346476316452026,0.36672088503837585,-0.10636696219444275;0.0390583761036396,-0.07167375832796097,0.052262432873249054,-0.022686349228024483
;-6.251766681671143;-4.4185686468196927e-13,0.01616642437875271,-0.979522168636322,0.8375145196914673;0.00629469845443964,0.37339457869529724,0.36766842007637024,-0.10688498616218567;0.03940756618976593,-0.0717402771115303,0.05223901569843292,-0.022715946659445763
;-6.354496955871582;-4.661119038483486e-13,0.016212739050388336,-0.9772500395774841,0.8371595144271851;0.006180374417454004,0.37332388758659363,0.36862167716026306,-0.10740628838539124;0.03976147621870041,-0.07180708646774292,0.0522155836224556,-0.022745681926608086
;-6.457720756530762;-4.918087421687534e-13,0.016259174793958664,-0.9749462008476257,0.8367952108383179;0.0060675740242004395,0.3732527196407318,0.3695807158946991,-0.10793086886405945;0.040120165795087814,-0.07187418639659882,0.052192140370607376,-0.02277555875480175
;-6.561444282531738;-5.190404312946373e-13,0.016305718570947647,-0.972609281539917,0.8364212512969971;0.005956285633146763,0.373181015253067,0.37054547667503357,-0.10845876485109329;0.04048382118344307,-0.07194158434867859,0.05216867849230766,-0.022805579006671906
;-6.665673732757568;-5.479055794135879e-13,0.016352366656064987,-0.9702394008636475,0.836037814617157;0.005846492946147919,0.37310874462127686,0.3715161383152008,-0.10899004340171814;0.04085244610905647,-0.07200929522514343,0.052145201712846756,-0.022835748270154
;-6.770415306091309;-5.785103299182914e-13,0.016399113461375237,-0.9678348898887634,0.8356442451477051;0.00573818339034915,0.3730359673500061,0.3724927604198456,-0.10952948778867722;0.04122617840766907,-0.07207714021205902,0.0521223284304142,-0.022866060957312584
;-6.875675201416016;-6.1096809035599e-13,0.01644594594836235,-0.9653957486152649,0.8352405428886414;0.005631342064589262,0.3729626536369324,0.3734753727912903,-0.11006774008274078;0.04160512983798981,-0.07214546203613281,0.052098825573921204,-0.022896524518728256
;-6.981461048126221;-6.454007792609795e-13,0.01649285852909088,-0.9629209041595459,0.8348267078399658;0.005525954067707062,0.3728887140750885,0.37446409463882446,-0.11060953140258789;0.041989363729953766,-0.07221408933401108,0.05207530036568642,-0.022927140817046165
;-7.087779998779297;-6.819369830109168e-13,0.01653984747827053,-0.96040940284729,0.8344025015830994;0.005422008689492941,0.37281420826911926,0.3754589557647705,-0.1111549660563469;0.04237900674343109,-0.07228304445743561,0.052051760256290436,-0.02295790985226631
;-7.194638252258301;-7.207176478882249e-13,0.016586897894740105,-0.9578607082366943,0.8339678049087524;0.005319489631801844,0.37273913621902466,0.3764599859714508,-0.111704021692276;0.04277418926358223,-0.0723523199558258,0.05202820897102356,-0.022988833487033844
;-7.302043437957764;-7.618900085479274e-13,0.016634004190564156,-0.9552735686302185,0.8335229158401489;0.005218382924795151,0.3726634979248047,0.3774673640727997,-0.11225681006908417;0.04317494481801987,-0.07242191582918167,0.05200463905930519,-0.02301991544663906
;-7.4100022315979;-8.056150690126385e-13,0.01668115332722664,-0.95264732837677,0.8330671191215515;0.005118677392601967,0.3725871741771698,0.37848109006881714,-0.11281807720661163;0.043581489473581314,-0.07249169051647186,0.05198167636990547,-0.02305115945637226
;-7.5185227394104;-8.520635911245245e-13,0.016728335991501808,-0.9499812126159668,0.8326005339622498;0.00502035953104496,0.37251031398773193,0.37950119376182556,-0.11337848007678986;0.04399392008781433,-0.07256195694208145,0.051958076655864716,-0.023082561790943146
;-7.627612590789795;-9.014198350427993e-13,0.016775544732809067,-0.9472742676734924,0.8321225047111511;0.004923412576317787,0.3724328875541687,0.3805278539657593,-0.1139426976442337;0.04441229626536369,-0.0726325586438179,0.051934465765953064,-0.023114129900932312
;-7.737279891967773;-9.53880312411226e-13,0.01682276464998722,-0.9445255994796753,0.8316332697868347;0.004827828612178564,0.37235474586486816,0.3815611004829407,-0.1145109087228775;0.04483678191900253,-0.07270351052284241,0.05191083252429962,-0.02314586192369461
;-7.847531795501709;-1.0096569847545256e-12,0.016869984567165375,-0.941734790802002,0.8311330080032349;0.004733589012175798,0.3722759783267975,0.38260093331336975,-0.11508305370807648;0.04526752978563309,-0.07277480512857437,0.051887188106775284,-0.02317776344716549
;-7.958377361297607;-1.068977371898594e-12,0.016917197033762932,-0.9389000535011292,0.8306209444999695;0.004640686325728893,0.37219661474227905,0.3836475610733032,-0.11565933376550674;0.04570462182164192,-0.07284645736217499,0.05186352878808975,-0.023209838196635246
;-8.069825172424316;-1.1320857445928922e-12,0.01696438156068325,-0.9360211491584778,0.830097496509552;0.004549097269773483,0.3721165060997009,0.3847009837627411,-0.11623968929052353;0.046148236840963364,-0.07291847467422485,0.05183985084295273,-0.023242084309458733
;-8.181882858276367;-1.1992431787205549e-12,0.017011526972055435,-0.9330968260765076,0.8295620679855347;0.004458819516003132,0.37203577160835266,0.3857612609863281,-0.11682424694299698;0.04659849777817726,-0.07299084216356277,0.05181616172194481,-0.023274507373571396
;-8.294559478759766;-1.2707330847294696e-12,0.01705862395465374,-0.9301266074180603,0.8290141224861145;0.0043698386289179325,0.3719543218612671,0.38682857155799866,-0.11741305887699127;0.04705551639199257,-0.07306358963251114,0.0517924465239048,-0.023307107388973236
;-8.40786361694336;-1.346857196084239e-12,0.017105653882026672,-0.9271090030670166,0.828454315662384;0.004282138776034117,0.37187233567237854,0.3879028856754303,-0.11800619214773178;0.047519490122795105,-0.07313670217990875,0.05176872760057449,-0.02333988808095455
;-8.521804809570312;-1.4279423997398677e-12,0.01715260185301304,-0.9240431785583496,0.8278815746307373;0.004195707850158215,0.37178945541381836,0.3889843225479126,-0.11860369145870209;0.04799053817987442,-0.0732102021574974,0.051744990050792694,-0.02337285317480564
;-8.636392593383789;-1.5143391098385028e-12,0.017199451103806496,-0.9209285378456116,0.8272957801818848;0.004110531881451607,0.37170594930648804,0.39007309079170227,-0.11920572817325592;0.048468850553035736,-0.0732840821146965,0.051721226423978806,-0.023406002670526505
;-8.751635551452637;-1.6064260381989937e-12,0.01724618673324585,-0.9177643656730652,0.8266973495483398;0.004026602488011122,0.3716217279434204,0.39116913080215454,-0.11981223523616791;0.04895450919866562,-0.07335834950208664,0.05169745907187462,-0.02343934215605259
;-8.86754322052002;-1.704609218534936e-12,0.017292791977524757,-0.9145488739013672,0.8260857462882996;0.003943906165659428,0.3715367615222931,0.3922726511955261,-0.12042336165904999;0.04944777116179466,-0.07343301922082901,0.05167367309331894,-0.023472871631383896
;-8.984126091003418;-1.809327102204883e-12,0.01733924262225628,-0.9112820029258728,0.8254608511924744;0.0038624266162514687,0.3714509606361389,0.3933836817741394,-0.12103919684886932;0.049948740750551224,-0.07350808382034302,0.051649872213602066,-0.02350659854710102
;-9.10139274597168;-1.921052292935821e-12,0.01738552562892437,-0.9079623818397522,0.8248223066329956;0.003782158950343728,0.3713645040988922,0.39450231194496155,-0.12165970355272293;0.05045764520764351,-0.07358355820178986,0.0516260527074337,-0.023540521040558815
;-9.219353675842285;-2.0402932815466457e-12,0.01743162050843239,-0.9045894742012024,0.8241699934005737;0.0037030852399766445,0.3712772727012634,0.3956286907196045,-0.1222851350903511;0.05097461864352226,-0.07365944981575012,0.05160221830010414,-0.023574642837047577
;-9.338019371032715;-2.1675998669590246e-12,0.017477506771683693,-0.9011622071266174,0.8235037326812744;0.003625196637585759,0.371189147233963,0.3967628479003906,-0.12291548401117325;0.0514998622238636,-0.07373575121164322,0.051578372716903687,-0.023608965799212456
;-9.457399368286133;-2.303564890920873e-12,0.017523158341646194,-0.8976796865463257,0.8228229284286499;0.0035484815016388893,0.3711003065109253,0.3979049623012543,-0.12355075776576996;0.05203358456492424,-0.07381248474121094,0.05155450478196144,-0.0236434955149889
;-9.577505111694336;-2.448827382192653e-12,0.01756855845451355,-0.8941416144371033,0.8221278190612793;0.003472928423434496,0.3710106313228607,0.3990551829338074,-0.12419115006923676;0.052575889974832535,-0.07388965040445328,0.0515306256711483,-0.023678233847022057
;-9.698347091674805;-2.6040799291221495e-12,0.017613675445318222,-0.8905466794967651,0.8214179873466492;0.003398523898795247,0.3709200918674469,0.4002133905887604,-0.12483668327331543;0.05312711000442505,-0.07396725565195084,0.05150672793388367,-0.023713186383247375
;-9.81993579864502;-2.7700699806870732e-12,0.017658494412899017,-0.8868942856788635,0.8206930756568909;0.0033252567518502474,0.370828777551651,0.40137994289398193,-0.12548749148845673;0.053687404841184616,-0.07404530793428421,0.05148281902074814,-0.023748351261019707
;-9.942280769348145;-2.947599629654629e-12,0.0177029836922884,-0.8831837177276611,0.8199530243873596;0.0032531183678656816,0.3707365393638611,0.40255486965179443,-0.12614357471466064;0.05425690487027168,-0.0741237923502922,0.05145888775587082,-0.023783735930919647
;-10.06539535522461;-3.1375453450610546e-12,0.017747117206454277,-0.8794142603874207,0.8191977739334106;0.0031820961739867926,0.3706434369087219,0.40373820066452026,-0.1268051415681839;0.054835908114910126,-0.07420274615287781,0.051434945315122604,-0.023819342255592346
;-10.189289093017578;-3.340849949115543e-12,0.017790868878364563,-0.8755850195884705,0.8184264302253723;0.0031121803913265467,0.3705494999885559,0.4049301743507385,-0.1274721324443817;0.05542461574077606,-0.07428216189146042,0.051410987973213196,-0.023855172097682953
;-10.313973426818848;-3.5585360613071826e-12,0.01783420890569687,-0.8716955184936523,0.817639172077179;0.0030433563515543938,0.3704546093940735,0.40613076090812683,-0.1281447559595108;0.05602330341935158,-0.07436204701662064,0.051387008279561996,-0.023891229182481766
;-10.439459800720215;-3.791705664724088e-12,0.017877111211419106,-0.8677449822425842,0.8168358206748962;0.0029756175354123116,0.37035882472991943,0.40734025835990906,-0.12882302701473236;0.056632112711668015,-0.07444240897893906,0.0513630136847496,-0.023927517235279083
;-10.565760612487793;-4.041560055373372e-12,0.017919540405273438,-0.8637328743934631,0.816015899181366;0.002908950438722968,0.370262086391449,0.40855872631073,-0.12950710952281952;0.05725135654211044,-0.07452325522899628,0.051339007914066315,-0.023964039981365204
;-10.692887306213379;-4.309393987489418e-12,0.017961466684937477,-0.8596587777137756,0.815179169178009;0.002843349240720272,0.3701644241809845,0.40978631377220154,-0.13019701838493347;0.05788124352693558,-0.0746045932173729,0.05131498724222183,-0.024000801146030426
;-10.820850372314453;-4.596614321811243e-12,0.01800285279750824,-0.8555218577384949,0.8143253922462463;0.0027787992730736732,0.37006574869155884,0.4110230803489685,-0.13089291751384735;0.05852203443646431,-0.07468642294406891,0.05129094421863556,-0.0240378025919199
;-10.949663162231445;-4.9047432781890166e-12,0.01804366521537304,-0.8513219952583313,0.8134543895721436;0.0027152912225574255,0.36996617913246155,0.41226914525032043,-0.13159479200839996;0.05917404592037201,-0.07476875931024551,0.05126689001917839,-0.02407504804432392
;-11.07933521270752;-5.235442288031855e-12,0.01808386854827404,-0.8470585942268372,0.8125656843185425;0.00265281624160707,0.3698655962944031,0.4135247468948364,-0.13230282068252563;0.05983752757310867,-0.07485160231590271,0.05124281719326973,-0.024112539365887642
;-11.209880828857422;-5.590497682839146e-12,0.01812342368066311,-0.8427309393882751,0.8116593956947327;0.0025913622230291367,0.36976397037506104,0.4147898852825165,-0.13301709294319153;0.06051274389028549,-0.07493497431278229,0.05121873319149017,-0.024150284007191658
;-11.34131145477295;-5.971865797010922e-12,0.01816229708492756,-0.8383390307426453,0.8107346296310425;0.0025309212505817413,0.3696613609790802,0.4160648584365845,-0.1337377279996872;0.061199892312288284,-0.07501886039972305,0.051194630563259125,-0.02418828383088112
;-11.473638534545898;-6.381667763677434e-12,0.01820044219493866,-0.8338821530342102,0.8097913861274719;0.0024714814499020576,0.369557648897171,0.4173496663570404,-0.13446477055549622;0.061899445950984955,-0.0751032903790474,0.051170509308576584,-0.024226540699601173
;-11.606874465942383;-6.822193417826972e-12,0.018237821757793427,-0.8293602466583252,0.808829665184021;0.002413037233054638,0.3694528639316559,0.418644517660141,-0.13519839942455292;0.06261157244443893,-0.07518825680017471,0.05114637687802315,-0.02426505833864212
;-11.741031646728516;-7.295954639052749e-12,0.01827438734471798,-0.8247729539871216,0.8078486323356628;0.002355575794354081,0.36934706568717957,0.4199495017528534,-0.1359386295080185;0.06333662569522858,-0.07527375966310501,0.05112222209572792,-0.024303840473294258
;-11.87612247467041;-7.8056658359138e-12,0.018310097977519035,-0.8201200366020203,0.8068485856056213;0.002299087354913354,0.36924007534980774,0.4212648272514343,-0.13668560981750488;0.06407491862773895,-0.07535982877016068,0.0510980598628521,-0.024342894554138184
;-12.01215934753418;-8.354294686596653e-12,0.018344907090067863,-0.8154011368751526,0.8058286309242249;0.0022435630671679974,0.3691319227218628,0.42259058356285095,-0.1374342292547226;0.06482679396867752,-0.07544662058353424,0.051073238253593445,-0.024382222443819046
;-12.149155616760254;-8.94505650106403e-12,0.018378764390945435,-0.8106161952018738,0.8047887682914734;0.002188995713368058,0.3690227270126343,0.42392703890800476,-0.13818982243537903;0.06559260934591293,-0.07553397864103317,0.0510484017431736,-0.024421824142336845
;-12.287121772766113;-9.58147103324869e-12,0.018411623314023018,-0.8057650327682495,0.8037288784980774;0.0021353724878281355,0.36891230940818787,0.42527419328689575,-0.13895763456821442;0.06637268513441086,-0.07562175393104553,0.0510241873562336,-0.02446170523762703
;-12.426071166992188;-1.0267359878968207e-11,0.018443427979946136,-0.800847589969635,0.8026483058929443;0.0020826878026127815,0.36880069971084595,0.4266323149204254,-0.13973259925842285;0.06716732680797577,-0.07571010291576385,0.0509999543428421,-0.024501869454979897
;-12.56601619720459;-1.1006895915544046e-11,0.018474137410521507,-0.7958638668060303,0.8015468716621399;0.0020309309475123882,0.36868786811828613,0.4280015230178833,-0.14050959050655365;0.06797698885202408,-0.07579921931028366,0.05097506195306778,-0.024542320519685745
;-12.706971168518066;-1.1804626720568479e-11,0.018503686413168907,-0.7908135652542114,0.8004240989685059;0.001980091677978635,0.36857378482818604,0.4293820261955261,-0.1412886083126068;0.06880200654268265,-0.07588911056518555,0.050949517637491226,-0.024583064019680023
;-12.848945617675781;-1.266550839901237e-11,0.018532022833824158,-0.7856970429420471,0.7992798089981079;0.0019301630090922117,0.36845844984054565,0.43077385425567627,-0.14208568632602692;0.06964275985956192,-0.07597924768924713,0.05092523992061615,-0.02462410181760788
;-12.991952896118164;-1.3594950686035556e-11,0.01855909451842308,-0.7805141806602478,0.7981137633323669;0.0018811358604580164,0.36834195256233215,0.43217727541923523,-0.1428903490304947;0.07049963623285294,-0.07607001811265945,0.05090093985199928,-0.024665435776114464
;-13.136004447937012;-1.4598882866478924e-11,0.018584834411740303,-0.7752650380134583,0.79692542552948;0.001833002083003521,0.3682240843772888,0.43359243869781494,-0.1437026858329773;0.0713730901479721,-0.07616139948368073,0.05087662488222122,-0.024707071483135223
;-13.28111457824707;-1.5683751172779203e-11,0.018609190359711647,-0.7699499130249023,0.7957149147987366;0.0017857507336884737,0.3681049048900604,0.43501949310302734,-0.1445174515247345;0.07226347923278809,-0.07625357806682587,0.050851646810770035,-0.024749012663960457
;-13.42729377746582;-1.6856606388504503e-11,0.01863209158182144,-0.7645687460899353,0.7944812774658203;0.0017393758753314614,0.3679843544960022,0.43645861744880676,-0.145345538854599;0.07317130267620087,-0.07634623348712921,0.050827305763959885,-0.024791261181235313
;-13.574555397033691;-1.8125181910910726e-11,0.01865348592400551,-0.759121835231781,0.7932246327400208;0.0016938656335696578,0.3678624629974365,0.4379099905490875,-0.1461816132068634;0.0740969330072403,-0.0764395222067833,0.050802938640117645,-0.02483382262289524
;-13.72291088104248;-1.949791370026155e-11,0.018673304468393326,-0.7536095380783081,0.7919445037841797;0.001649214536882937,0.3677392303943634,0.43937376141548157,-0.14702579379081726;0.07504089176654816,-0.07653345912694931,0.05077856034040451,-0.024876698851585388
;-13.872374534606934;-2.0984032220172644e-11,0.01869148202240467,-0.74803227186203,0.7906404137611389;0.0016054136212915182,0.3676145076751709,0.440850168466568,-0.14787279069423676;0.07600357383489609,-0.07662821561098099,0.05075351893901825,-0.024919893592596054
;-14.022956848144531;-2.2593671725190667e-11,0.018707947805523872,-0.7423902750015259,0.7893122434616089;0.0015624517109245062,0.36748838424682617,0.44233933091163635,-0.1487281322479248;0.07698556035757065,-0.07672365009784698,0.050728462636470795,-0.024963414296507835
;-14.174671173095703;-2.433787893441064e-11,0.018722640350461006,-0.73668372631073,0.7879595756530762;0.0015203236835077405,0.3673608899116516,0.44384142756462097,-0.14959736168384552;0.07798723876476288,-0.07681957632303238,0.05070403218269348,-0.025007259100675583
;-14.32752799987793;-2.6228821198293062e-11,0.018735483288764954,-0.7309134602546692,0.7865820527076721;0.001479018246755004,0.3672318160533905,0.44535666704177856,-0.15046969056129456;0.07900919020175934,-0.07691635191440582,0.05067894235253334,-0.025051433593034744
;-14.481541633605957;-2.827981945840996e-11,0.018746405839920044,-0.7250799536705017,0.7851794362068176;0.0014385288814082742,0.3671012818813324,0.4468851089477539,-0.1513451188802719;0.08005190640687943,-0.07701398432254791,0.05065319687128067,-0.025095943361520767
;-14.636723518371582;-3.050543151417173e-11,0.018755344673991203,-0.7191834449768066,0.7837510704994202;0.0013988439459353685,0.36696919798851013,0.44842714071273804,-0.15222933888435364;0.08111594617366791,-0.07711232453584671,0.05062742158770561,-0.025140786543488503
;-14.793087005615234;-3.292171049662507e-11,0.018762221559882164,-0.7132248878479004,0.782296895980835;0.0013599590165540576,0.3668356239795685,0.44998276233673096,-0.15312238037586212;0.08220192044973373,-0.07721135020256042,0.05060163512825966,-0.025185972452163696
;-14.950641632080078;-3.554624997126332e-11,0.018766965717077255,-0.7072048187255859,0.7808163166046143;0.001321862917393446,0.36670035123825073,0.45155227184295654,-0.1540243774652481;0.08331020921468735,-0.07731109112501144,0.05057583376765251,-0.025231504812836647
;-15.109400749206543;-3.839828802143508e-11,0.01876949705183506,-0.7011237740516663,0.7793092131614685;0.001284548081457615,0.36656367778778076,0.45313575863838196,-0.15493535995483398;0.08444160223007202,-0.07741154730319977,0.050550010055303574,-0.025277381762862206
;-15.269375801086426;-4.1499130520872285e-11,0.018769750371575356,-0.6949827075004578,0.777775228023529;0.001248006010428071,0.3664252758026123,0.4547334909439087,-0.15585552155971527;0.08559652417898178,-0.0775127187371254,0.050524163991212845,-0.02532360702753067
;-15.43057632446289;-4.4872033172493886e-11,0.018767647445201874,-0.688782274723053,0.7762138843536377;0.0012122278567403555,0.3662852346897125,0.4563456177711487,-0.15678495168685913;0.08677572011947632,-0.07761462032794952,0.05049830302596092,-0.025370188057422638
;-15.593015670776367;-4.854265947540348e-11,0.018763111904263496,-0.6825234889984131,0.7746250033378601;0.0011772052384912968,0.3661435842514038,0.45797234773635864,-0.15772376954555511;0.08797978609800339,-0.07771726697683334,0.050472427159547806,-0.025417126715183258
;-15.756705284118652;-5.2539195216638745e-11,0.018756071105599403,-0.6762071847915649,0.7730081677436829;0.0011429297737777233,0.3660001754760742,0.4596138000488281,-0.15867209434509277;0.08920935541391373,-0.07782065123319626,0.0504465289413929,-0.025464428588747978
;-15.92165470123291;-5.689267806863185e-11,0.018746448680758476,-0.6698344349861145,0.7713630199432373;0.0011093940120190382,0.36585500836372375,0.4612703025341034,-0.15963008999824524;0.09046506136655807,-0.07792478799819946,0.0504206120967865,-0.0255120899528265
;-16.087875366210938;-6.163730636998821e-11,0.018734164535999298,-0.6634060144424438,0.7696890234947205;0.0010765871265903115,0.3657081127166748,0.4629419147968292,-0.1605977565050125;0.0917477011680603,-0.07802966982126236,0.050394680351018906,-0.02556012012064457
;-16.2553768157959;-6.681065423119747e-11,0.018719157204031944,-0.6569230556488037,0.7679859399795532;0.001044503296725452,0.3655593991279602,0.4646289646625519,-0.16157525777816772;0.09305775165557861,-0.07813531905412674,0.05036872625350952,-0.025608520954847336
;-16.42417335510254;-7.245430644342576e-11,0.01870134472846985,-0.6503872871398926,0.7662533521652222;0.0010131315793842077,0.3654089570045471,0.46633148193359375,-0.16256272792816162;0.09439624845981598,-0.0782417431473732,0.05034276098012924,-0.02565729431807995
;-16.59427261352539;-7.861389317298517e-11,0.01868066005408764,-0.6437991857528687,0.764491081237793;0.0009824644075706601,0.36525654792785645,0.4680497944355011,-0.1635601967573166;0.09576360136270523,-0.07834892719984055,0.05031677335500717,-0.025706443935632706
;-16.765684127807617;-8.533981854519368e-11,0.018657024949789047,-0.6371604800224304,0.7626989483833313;0.000952493108343333,0.3651023209095001,0.4697839617729187,-0.16456790268421173;0.09716081619262695,-0.07845690101385117,0.05029076337814331,-0.025755973532795906
;-16.938417434692383;-9.268778800031185e-11,0.01863037794828415,-0.6304724216461182,0.7608762979507446;0.0009232090669684112,0.36494624614715576,0.47153422236442566,-0.16558578610420227;0.09858862310647964,-0.07856565713882446,0.05026473477482796,-0.025805886834859848
;-17.112485885620117;-1.0071905809372339e-10,0.018600648269057274,-0.6237363219261169,0.7590227127075195;0.0008946029702201486,0.36478814482688904,0.4733008146286011,-0.1666082739830017;0.10004782676696777,-0.07867538183927536,0.05023804306983948,-0.02585618384182453
;-17.28789710998535;-1.0950151202449021e-10,0.018567774444818497,-0.6169536709785461,0.7571380734443665;0.0008666666690260172,0.3646281361579895,0.4750838875770569,-0.16764703392982483;0.10153917223215103,-0.0787857323884964,0.05021197721362114,-0.025906868278980255
;-17.464662551879883;-1.1911004127451719e-10,0.018531683832406998,-0.6101260185241699,0.7552220225334167;0.0008393913158215582,0.3644661009311676,0.4768837094306946,-0.1686905473470688;0.10306359827518463,-0.07889705896377563,0.05018524453043938,-0.025957943871617317
;-17.642789840698242;-1.2962733664245718e-10,0.01849231868982315,-0.6032549142837524,0.7532740831375122;0.0008127676555886865,0.3643020689487457,0.47870033979415894,-0.16974467039108276;0.10462189465761185,-0.07900919765233994,0.05015849694609642,-0.026009414345026016
;-17.822288513183594;-1.4114480417770636e-10,0.01844961754977703,-0.5963420867919922,0.7512938380241394;0.0007867869571782649,0.3641360402107239,0.4805339574813843,-0.17080362141132355;0.10621508210897446,-0.07912231981754303,0.050131071358919144,-0.026061279699206352
;-18.003170013427734;-1.5376376560904959e-10,0.01840353012084961,-0.5893892049789429,0.7492811679840088;0.0007614413043484092,0.36396780610084534,0.48238489031791687,-0.17187340557575226;0.10784395039081573,-0.07923626899719238,0.050103623420000076,-0.026113547384738922
;-18.185440063476562;-1.6759595100612756e-10,0.018354004248976707,-0.5823978781700134,0.7472355961799622;0.0007367199868895113,0.36379754543304443,0.4842531383037567,-0.1729600876569748;0.10950959473848343,-0.07935086637735367,0.05007680878043175,-0.026166213676333427
;-18.36910629272461;-1.8276510860282258e-10,0.01830098405480385,-0.5753700137138367,0.7451568841934204;0.0007126154960133135,0.363625168800354,0.48613905906677246,-0.17405784130096436;0.111212819814682,-0.07946629822254181,0.050049979239702225,-0.026219286024570465
;-18.55417823791504;-1.994082954315246e-10,0.018244436010718346,-0.5683075189590454,0.7430446147918701;0.0006891191587783396,0.3634505867958069,0.48804280161857605,-0.17516671121120453;0.11295462399721146,-0.0795825645327568,0.05002312734723091,-0.026272764429450035
;-18.740663528442383;-2.1767739000200237e-10,0.01818430796265602,-0.5612123608589172,0.7408984899520874;0.0006662208470515907,0.3632737696170807,0.4899645745754242,-0.1762808859348297;0.11473608762025833,-0.07969985157251358,0.049995604902505875,-0.026326650753617287
;-18.928569793701172;-2.3774052171354754e-10,0.018120568245649338,-0.554086446762085,0.7387181520462036;0.0006439120625145733,0.3630947172641754,0.4919043779373169,-0.17740631103515625;0.11655837297439575,-0.07981798052787781,0.04996805265545845,-0.02638094685971737
;-19.117904663085938;-2.5978386108960194e-10,0.018053187057375908,-0.5469318628311157,0.736503541469574;0.0006221839576028287,0.36291342973709106,0.4938625991344452,-0.1785430908203125;0.11842239648103714,-0.07993695139884949,0.049940481781959534,-0.02643565647304058
;-19.30867576599121;-2.8401422880186544e-10,0.017982130870223045,-0.5397509932518005,0.7342540621757507;0.0006010264623910189,0.36272984743118286,0.49583926796913147,-0.17969143390655518;0.12032932043075562,-0.08005678653717041,0.04991289600729942,-0.02649078145623207
;-19.500890731811523;-3.1066041406013767e-10,0.01790737919509411,-0.5325455069541931,0.7319694757461548;0.0005804318352602422,0.3625439703464508,0.4978346526622772,-0.18085132539272308;0.12228024005889893,-0.08017747849225998,0.04988528788089752,-0.02654632367193699
;-19.694555282592773;-3.3997679671493586e-10,0.017828915268182755,-0.5253180265426636,0.7296494245529175;0.0005603900644928217,0.3623557388782501,0.49984878301620483,-0.18202292919158936;0.12427645921707153,-0.08029903471469879,0.04985766112804413,-0.026602284982800484
;-19.88967514038086;-3.7224512361433426e-10,0.017746731638908386,-0.5180703997612,0.7272937297821045;0.0005408924771472812,0.36216509342193604,0.5018820762634277,-0.18320630490779877;0.12631897628307343,-0.08042146265506744,0.049830008298158646,-0.026658669114112854
;-20.08625602722168;-4.0777847765127717e-10,0.017660822719335556,-0.5108054876327515,0.7249019742012024;0.0005219290615059435,0.36197200417518616,0.503934383392334,-0.18440163135528564;0.12840911746025085,-0.08054475486278534,0.04980233684182167,-0.0267154760658741
;-20.284305572509766;-4.469240810767161e-10,0.017571182921528816,-0.5035249590873718,0.7224740982055664;0.0005034921923652291,0.3617764115333557,0.506006121635437,-0.18560883402824402;0.1305481344461441,-0.08066891878843307,0.049774643033742905,-0.02677270583808422
;-20.483827590942383;-4.900677641472839e-10,0.017477817833423615,-0.49623164534568787,0.7200093865394592;0.00048557136324234307,0.3615783751010895,0.5080972909927368,-0.1868281364440918;0.13273732364177704,-0.08079396933317184,0.04974693804979324,-0.026830362156033516
;-20.68482780456543;-5.376379341726079e-10,0.017380742356181145,-0.48892802000045776,0.7175078392028809;0.0004681573191192001,0.3613777458667755,0.5102081298828125,-0.18805953860282898;0.13497808575630188,-0.08091989159584045,0.049719203263521194,-0.026888446882367134
;-20.887310028076172;-5.901119592977011e-10,0.01727997325360775,-0.48161640763282776,0.7149692177772522;0.0004512424929998815,0.361174613237381,0.5123387575149536,-0.1893032342195511;0.1372717320919037,-0.0810466855764389,0.049691446125507355,-0.026946963742375374
;-21.091279983520508;-6.480181946599828e-10,0.01717553660273552,-0.4742993414402008,0.7123934030532837;0.0004348158836364746,0.36096882820129395,0.5144892930984497,-0.19055917859077454;0.13961952924728394,-0.08117438852787018,0.04966367408633232,-0.027005907148122787
;-21.29673957824707;-7.119453915294116e-10,0.017067469656467438,-0.4669795036315918,0.7097800970077515;0.00041886913822963834,0.3607604503631592,0.5166600942611694,-0.19182756543159485;0.14202286303043365,-0.08130297064781189,0.0496358796954155,-0.027065282687544823
;-21.50369644165039;-7.825479153567017e-10,0.016955794766545296,-0.45965948700904846,0.7071288228034973;0.0004033930890727788,0.36054933071136475,0.5188510417938232,-0.19310836493968964;0.14448349177837372,-0.08143243938684464,0.04960805922746658,-0.027125094085931778
;-21.7121524810791;-8.605540169348558e-10,0.01684056781232357,-0.4523414373397827,0.704439640045166;0.0003883786266669631,0.3603355586528778,0.5210623145103455,-0.19440175592899323;0.14700278639793396,-0.08156280964612961,0.049580227583646774,-0.027185335755348206
;-21.92211151123047;-9.46773104359977e-10,0.01672183722257614,-0.445028692483902,0.7017120122909546;0.0003738162631634623,0.36011895537376404,0.5232941508293152,-0.19570772349834442;0.14958207309246063,-0.08169407397508621,0.04955236241221428,-0.02724601700901985
;-22.133577346801758;-1.0421070673061195e-9,0.01659965142607689,-0.43772321939468384,0.6989459991455078;0.0003596970345824957,0.359899640083313,0.5255464911460876,-0.19702646136283875;0.15222331881523132,-0.08182622492313385,0.04952448606491089,-0.02730713225901127
;-22.3465518951416;-1.1475578265418562e-9,0.016474079340696335,-0.43042829632759094,0.696141242980957;0.00034601171500980854,0.3596774935722351,0.5278195142745972,-0.1983579695224762;0.15492787957191467,-0.08195929229259491,0.04949658736586571,-0.027368685230612755
;-22.5610408782959;-1.2642418223407503e-9,0.016345186159014702,-0.42314618825912476,0.6932976841926575;0.0003327513695694506,0.3594524562358856,0.5301135182380676,-0.19970235228538513;0.1576974242925644,-0.082093246281147,0.049468666315078735,-0.02743067778646946
;-22.77704429626465;-1.3934021714234746e-9,0.016213050112128258,-0.4158796966075897,0.6904149055480957;0.0003199066559318453,0.3592246174812317,0.5324283242225647,-0.20105965435504913;0.16053378582000732,-0.08222811669111252,0.04944072291254997,-0.027493106201291084
;-22.994565963745117;-1.5364226557679217e-9,0.01607774943113327,-0.4086315929889679,0.687492847442627;0.00030746907577849925,0.358993798494339,0.5347641706466675,-0.20242995023727417;0.16343863308429718,-0.08236388117074966,0.04941276088356972,-0.027555976063013077
;-23.213607788085938;-1.6948454861775986e-9,0.015939367935061455,-0.40140438079833984,0.6845314502716064;0.0002954289666377008,0.3587600588798523,0.5371211171150208,-0.2038133293390274;0.16641393303871155,-0.08250055462121964,0.04938477650284767,-0.027619285508990288
;-23.434171676635742;-1.8703854021140387e-9,0.015797996893525124,-0.39420098066329956,0.6815302968025208;0.0002837779466062784,0.35852327942848206,0.5394994020462036,-0.20520980656147003;0.16946116089820862,-0.08263815194368362,0.049356769770383835,-0.027683036401867867
;-23.656259536743164;-2.064956206027091e-9,0.015653731301426888,-0.38702407479286194,0.6784895658493042;0.00027250699349679053,0.35828351974487305,0.5418987274169922,-0.2066062092781067;0.17258261144161224,-0.0827769860625267,0.049327410757541656,-0.027747228741645813
;-23.8798770904541;-2.2806863064772642e-9,0.015506674535572529,-0.37987613677978516,0.6754088997840881;0.00026160714332945645,0.35804063081741333,0.5443195700645447,-0.2080157995223999;0.17577986419200897,-0.0829167515039444,0.04929802566766739,-0.027811864390969276
;-24.105022430419922;-2.519952246871071e-9,0.01535692997276783,-0.37275999784469604,0.672288179397583;0.00025106960674747825,0.35779455304145813,0.5467617511749268,-0.20943871140480042;0.17905527353286743,-0.08305742591619492,0.04926861822605133,-0.027876941487193108
;-24.33169937133789;-2.785398356408564e-9,0.015204607509076595,-0.36567845940589905,0.6691272854804993;0.00024088552163448185,0.357545405626297,0.5492253303527832,-0.21087491512298584;0.18241079151630402,-0.08319900929927826,0.04923918843269348,-0.027942463755607605
;-24.559907913208008;-3.079972055175517e-9,0.015049819834530354,-0.35863372683525085,0.6659260988235474;0.00023104669526219368,0.3572930097579956,0.5517103672027588,-0.21232447028160095;0.1858484148979187,-0.08334150910377502,0.04920973256230354,-0.02800843119621277
;-24.789649963378906;-3.4069576049233774e-9,0.014892684295773506,-0.35162875056266785,0.6626845002174377;0.00022154419275466353,0.35703733563423157,0.5542170405387878,-0.21378755569458008;0.1893700659275055,-0.08348491787910461,0.04918025806546211,-0.02807484194636345
;-25.020925521850586;-3.770014078696704e-9,0.01473331730812788,-0.3446660339832306,0.6594024896621704;0.00021236964676063508,0.35677841305732727,0.556745171546936,-0.21526411175727844;0.1929784119129181,-0.08362925052642822,0.04915076121687889,-0.028141697868704796
;-25.253738403320312;-4.173222656334019e-9,0.014571846462786198,-0.3377479314804077,0.6560800671577454;0.0002035149809671566,0.35651612281799316,0.5592949390411377,-0.21675430238246918;0.19667530059814453,-0.08377449959516525,0.04912123456597328,-0.02820899523794651
;-25.488086700439453;-4.6211243720506445e-9,0.014408391900360584,-0.3308771848678589,0.6527170538902283;0.00019497150788083673,0.356250524520874,0.5618662238121033,-0.21825817227363586;0.2004634290933609,-0.0839206650853157,0.04909168556332588,-0.02827674336731434
;-25.72397232055664;-5.1187889482662285e-9,0.014243083074688911,-0.3240561783313751,0.6493133306503296;0.00018673110753297806,0.3559814393520355,0.5644590258598328,-0.2197757363319397;0.2043449431657791,-0.08406775444746017,0.04906211793422699,-0.028344934806227684
;-25.961395263671875;-5.6718638674624344e-9,0.014076044782996178,-0.31728726625442505,0.6458690762519836;0.0001787855726433918,0.35570892691612244,0.5670733451843262,-0.2213071584701538;0.20832222700119019,-0.08421575278043747,0.04903252050280571,-0.028413571417331696
;-26.20035743713379;-6.286629883334172e-9,0.013907413929700851,-0.31057289242744446,0.6423841118812561;0.0001711272052489221,0.3554328680038452,0.5697092413902283,-0.222852423787117;0.21239782869815826,-0.08436467498540878,0.04900290444493294,-0.028482656925916672
;-26.440858840942383;-6.9700964999697135e-9,0.013737319968640804,-0.3039153218269348,0.6388584971427917;0.00016374792903661728,0.35515332221984863,0.5723667740821838,-0.22441154718399048;0.21657420694828033,-0.08451450616121292,0.04897325858473778,-0.028552187606692314
;-26.68290138244629;-7.730069029321385e-9,0.013565885834395885,-0.29731684923171997,0.6352922320365906;0.00015663988597225398,0.3548702597618103,0.5750455260276794,-0.22598469257354736;0.2208542376756668,-0.08466526120901108,0.048943597823381424,-0.028622159734368324
;-26.926485061645508;-8.575253396259086e-9,0.013393251225352287,-0.29078003764152527,0.6316853165626526;0.0001497953780926764,0.3545834720134735,0.5777458548545837,-0.22757190465927124;0.22524024546146393,-0.08481694012880325,0.04891390725970268,-0.02869258262217045
;-27.171613693237305;-9.515313870167574e-9,0.013219539076089859,-0.28430670499801636,0.6280378699302673;0.00014320675109047443,0.3542930483818054,0.5804674625396729,-0.22917325794696808;0.22973531484603882,-0.08496954292058945,0.04888419434428215,-0.028763452544808388
;-27.418285369873047;-1.0561056917879341e-8,0.013044880703091621,-0.277898907661438,0.6243496537208557;0.00013686675811186433,0.3539988398551941,0.5832101702690125,-0.23078887164592743;0.23434211313724518,-0.08512306213378906,0.048854462802410126,-0.028834767639636993
;-27.666501998901367;-1.1724477388952437e-8,0.012869413942098618,-0.271558940410614,0.6206210255622864;0.0001307678030570969,0.3537008464336395,0.5859740376472473,-0.23241868615150452;0.23906344175338745,-0.0852775052189827,0.048824701458215714,-0.028906533494591713
;-27.91626739501953;-1.3018943256781768e-8,0.012693256139755249,-0.26528868079185486,0.6168519258499146;0.00012490277003962547,0.35339900851249695,0.5887589454650879,-0.23406293988227844;0.2439025193452835,-0.08543287962675095,0.04879491776227951,-0.028978748247027397
;-28.16758155822754;-1.4459328845362052e-8,0.012516539543867111,-0.2590900957584381,0.6130424737930298;0.00011926449951715767,0.35309332609176636,0.5915647149085999,-0.2357216626405716;0.24886229634284973,-0.08558917045593262,0.04876511171460152,-0.029051411896944046
;-28.420448303222656;-1.606218447136598e-8,0.012339385226368904,-0.25296494364738464,0.6091925501823425;0.00011384606477804482,0.3527836501598358,0.5943912267684937,-0.23739486932754517;0.25394555926322937,-0.0857463851571083,0.04873528704047203,-0.02912452258169651
;-28.674869537353516;-1.78459202970771e-8,0.012161916121840477,-0.2469150424003601,0.6053025126457214;0.00010864062642212957,0.3524700403213501,0.597238302230835,-0.23908273875713348;0.2591560184955597,-0.08590453863143921,0.04870543256402016,-0.029198087751865387
;-28.93084716796875;-1.9830991959679523e-8,0.01198425330221653,-0.24094216525554657,0.601372480392456;0.00010364128684159368,0.35215234756469727,0.6001057624816895,-0.24078530073165894;0.264496773481369,-0.08606360852718353,0.04867555573582649,-0.02927209995687008
;-29.188383102416992;-2.2040159919356483e-8,0.01180651318281889,-0.2350480556488037,0.5974024534225464;0.00009884172322927043,0.3518306016921997,0.6029934883117676,-0.2425026148557663;0.2699708044528961,-0.08622361719608307,0.04864565283060074,-0.029346566647291183
;-29.447479248046875;-2.4498710615716845e-8,0.01162880752235651,-0.2292342633008957,0.5933926105499268;0.00009423522715223953,0.3515046536922455,0.6059012413024902,-0.2442348748445511;0.2755820155143738,-0.08638454973697662,0.048615727573633194,-0.02942148596048355
;-29.70814323425293;-2.7234726474034687e-8,0.011451248079538345,-0.22350215911865234,0.5893431901931763;0.00008981556311482564,0.3511745035648346,0.6088287830352783,-0.24598200619220734;0.2813337445259094,-0.08654642105102539,0.04858577996492386,-0.029496856033802032
;-29.97037696838379;-3.0279377227770965e-8,0.01127394288778305,-0.21785329282283783,0.5852542519569397;0.00008557652472518384,0.3508400619029999,0.6117759346961975,-0.24773664772510529;0.2872294783592224,-0.0867094099521637,0.048555128276348114,-0.029572680592536926
;-30.234188079833984;-3.3667269860870874e-8,0.011096997186541557,-0.21228910982608795,0.5811259150505066;0.000081512080214452,0.3505013883113861,0.6147423386573792,-0.24951399862766266;0.2932732403278351,-0.08687315881252289,0.0485251285135746,-0.02964896149933338
;-30.49957847595215;-3.743677012835178e-8,0.0109205087646842,-0.20681099593639374,0.576958417892456;0.00007761628512525931,0.35015830397605896,0.6177276372909546,-0.2513066530227661;0.2994687259197235,-0.0870378389954567,0.048495110124349594,-0.029725700616836548
;-30.76655387878418;-4.163043598737204e-8,0.010744577273726463,-0.20142018795013428,0.5727519989013672;0.00007388338417513296,0.34981071949005127,0.6207318902015686,-0.2531146705150604;0.30581972002983093,-0.08720347285270691,0.0484650619328022,-0.029802897945046425
;-31.035118103027344;-4.6295390632167255e-8,0.010569301433861256,-0.19611798226833344,0.5685068368911743;0.00007030763663351536,0.3494586646556854,0.623754620552063,-0.2549382448196411;0.31233006715774536,-0.08737006783485413,0.048434991389513016,-0.029880555346608162
;-31.305282592773438;-5.1483869611956834e-8,0.010394757613539696,-0.19090552628040314,0.5642231702804565;0.00006688363646389917,0.3491019308567047,0.6267952919006348,-0.256769597530365;0.31900423765182495,-0.08753777295351028,0.04840422049164772,-0.029958674684166908
;-31.577051162719727;-5.725364715658543e-8,0.010221040807664394,-0.18578386306762695,0.5599012970924377;0.00006360591942211613,0.3487406373023987,0.6298536658287048,-0.2586245536804199;0.32584628462791443,-0.08770627528429031,0.04837409779429436,-0.030037259683012962
;-31.850431442260742;-6.366862237427995e-8,0.010048233903944492,-0.1807541847229004,0.5555412769317627;0.000060469290474429727,0.3483745753765106,0.6329296827316284,-0.26048752665519714;0.3328600227832794,-0.08787591010332108,0.04834327474236488,-0.030116310343146324
;-32.125431060791016;-7.079935215870137e-8,0.009876412339508533,-0.17581762373447418,0.5511434674263;0.000057468656450510025,0.34800371527671814,0.6360225677490234,-0.26237425208091736;0.340050607919693,-0.08804631978273392,0.04831310361623764,-0.03019583225250244
;-32.402061462402344;-7.872390739294133e-8,0.009705649688839912,-0.17097517848014832,0.5467081665992737;0.00005459901149151847,0.3476279675960541,0.639132022857666,-0.26427724957466125;0.3474220037460327,-0.08821770548820496,0.048282917588949203,-0.030275821685791016
;-32.680328369140625;-8.752813585033437e-8,0.009536020457744598,-0.16622784733772278,0.5422354936599731;0.00005185559348319657,0.34724727272987366,0.642257809638977,-0.2661885619163513;0.35497868061065674,-0.08839024603366852,0.04825201258063316,-0.030356286093592644
;-32.96024703979492;-9.730705841093368e-8,0.009367583319544792,-0.1615767478942871,0.5377260446548462;0.000049233625759370625,0.3468615710735321,0.6453991532325745,-0.2681162357330322;0.36272597312927246,-0.08856377750635147,0.04822108522057533,-0.030437227338552475
;-33.2418212890625;-1.0816495432663942e-7,0.009200401604175568,-0.15702298283576965,0.5331797003746033;0.000046728546294616535,0.34647077322006226,0.6485555768013,-0.270068496465683;0.3706681728363037,-0.08873812109231949,0.04819081723690033,-0.03051864728331566
;-33.52507019042969;-1.202167680958155e-7,0.009034540504217148,-0.1525675505399704,0.5285971164703369;0.00004433595677255653,0.34607478976249695,0.6517269015312195,-0.2720212936401367;0.3788102865219116,-0.08891380578279495,0.0481591559946537,-0.030600551515817642
;-33.810001373291016;-1.3358885553316213e-7,0.008870049379765987,-0.1482115536928177,0.5239782333374023;0.000042051491618622094,0.3456735610961914,0.6549122929573059,-0.27400732040405273;0.38715752959251404,-0.08909013122320175,0.04812883958220482,-0.030682938173413277
;-34.09663009643555;-1.4841974405044311e-7,0.008706980384886265,-0.14395619928836823,0.5193236470222473;0.000039871021726867184,0.3452669680118561,0.6581113934516907,-0.2760022282600403;0.3957148492336273,-0.08926765620708466,0.04809781536459923,-0.03076581470668316
;-34.384971618652344;-1.648615750582394e-7,0.008545386604964733,-0.13980267941951752,0.5146335363388062;0.000037790472561027855,0.3448549211025238,0.6613234877586365,-0.2780061364173889;0.40448758006095886,-0.08944638073444366,0.048066068440675735,-0.030849190428853035
;-34.6750373840332;-1.8308070082184713e-7,0.008385304361581802,-0.13575230538845062,0.5099083185195923;0.00003580587144824676,0.3444373309612274,0.664547860622406,-0.28002747893333435;0.413481205701828,-0.08962612599134445,0.04803430289030075,-0.030933061614632607
;-34.96684265136719;-2.0325931870956992e-7,0.008226778358221054,-0.1318063884973526,0.5051482915878296;0.00003391350037418306,0.34401410818099976,0.6677840352058411,-0.28206631541252136;0.42270126938819885,-0.08980691432952881,0.04800250381231308,-0.03101743757724762
;-35.260406494140625;-2.255964659525489e-7,0.008069844916462898,-0.12796640396118164,0.5003536939620972;0.000032109594030771405,0.3435851037502289,0.6710313558578491,-0.2841230034828186;0.4321526288986206,-0.08998874574899673,0.04797068238258362,-0.031102318316698074
;-35.55574035644531;-2.5030837491613056e-7,0.007914535701274872,-0.1242339164018631,0.49552494287490845;0.000030390610845643096,0.3431502878665924,0.6742889285087585,-0.2861976623535156;0.44184204936027527,-0.09017163515090942,0.04793883115053177,-0.031187711283564568
;-35.852867126464844;-2.77631357903374e-7,0.007760887034237385,-0.12061046063899994,0.4906626343727112;0.000028753098376910202,0.3427095413208008,0.6775561571121216,-0.28829050064086914;0.4517744481563568,-0.09035558253526688,0.04790695011615753,-0.03127361834049225
;-36.151798248291016;-3.078218071550509e-7,0.007608924992382526,-0.11709761619567871,0.48576685786247253;0.000027193738787900656,0.34226271510124207,0.6808323264122009,-0.290401816368103;0.461955726146698,-0.09054060280323029,0.0478750504553318,-0.03136005252599716
;-36.45255661010742;-3.411578575196472e-7,0.007458672858774662,-0.11369708180427551,0.48083797097206116;0.000025709283363539726,0.34180983901023865,0.6841163039207458,-0.2925317883491516;0.47239264845848083,-0.09072671085596085,0.04784311354160309,-0.03144700825214386
;-36.755157470703125;-3.779401254178083e-7,0.007310153916478157,-0.11041035503149033,0.4758766293525696;0.000024296625269926153,0.34135064482688904,0.6874074935913086,-0.2946806848049164;0.4830904006958008,-0.09091392159461975,0.04781116172671318,-0.03153449669480324
;-37.059627532958984;-4.184938688922557e-7,0.007163388654589653,-0.10723879933357239,0.4708831012248993;0.00002295274316566065,0.3408850431442261,0.6907051205635071,-0.29684877395629883;0.4940551221370697,-0.0911022275686264,0.04777917638421059,-0.031622521579265594
;-37.3659782409668;-4.631687033906928e-7,0.007018393836915493,-0.10418356209993362,0.4658578336238861;0.000021674743038602173,0.34041309356689453,0.6940080523490906,-0.2990362346172333;0.5052936673164368,-0.09129165858030319,0.0477471649646759,-0.031711090356111526
;-37.67423629760742;-5.123416713104234e-7,0.006875183433294296,-0.10124512761831284,0.4608011841773987;0.000020459840015973896,0.339934378862381,0.6973153948783875,-0.301243394613266;0.5168120861053467,-0.09148221462965012,0.04771512746810913,-0.03180021047592163
;-37.98442840576172;-5.664148261530499e-7,0.00673377001658082,-0.0984235405921936,0.4557134509086609;0.00001930528014781885,0.3394489884376526,0.7006260752677917,-0.303470641374588;0.5286161303520203,-0.09167392551898956,0.04768306389451027,-0.031889885663986206
;-38.296573638916016;-6.258193252506317e-7,0.00659416476264596,-0.09571793675422668,0.4505951404571533;0.000018208478650194593,0.33895671367645264,0.703938901424408,-0.30571815371513367;0.5407130718231201,-0.09186678379774094,0.04765097051858902,-0.03198012709617615
;-38.61069869995117;-6.910142928973073e-7,0.006456373725086451,-0.09312643110752106,0.44544684886932373;0.000017166905308840796,0.3384574353694916,0.7072530388832092,-0.30798617005348206;0.553109347820282,-0.09206082671880722,0.04761885106563568,-0.032070934772491455
;-38.92683029174805;-7.624842623954464e-7,0.006320403888821602,-0.09064586460590363,0.44026869535446167;0.000016178146324818954,0.33795106410980225,0.7105669975280762,-0.310275137424469;0.5658110976219177,-0.09225606173276901,0.047586701810359955,-0.03216232359409332
;-39.244998931884766;-8.407459972659126e-7,0.006186258979141712,-0.08827182650566101,0.4350612461566925;0.000015239850654324982,0.33743733167648315,0.7138798832893372,-0.31258535385131836;0.5788246989250183,-0.09245248883962631,0.04755453020334244,-0.03225429728627205
;-39.56523132324219;-9.263394531444646e-7,0.006053940858691931,-0.08599849045276642,0.4298248887062073;0.000014349782759381924,0.3369162380695343,0.7171899080276489,-0.31491708755493164;0.5921573638916016,-0.0926501527428627,0.04752232879400253,-0.03234686329960823
;-39.8875617980957;-0.00000101983209788159,0.005923448596149683,-0.08381881564855576,0.4245600700378418;0.000013505750757758506,0.336387574672699,0.7204961180686951,-0.3172706961631775;0.6058152914047241,-0.09284904599189758,0.04749010130763054,-0.03244003653526306
;-40.21202850341797;-0.0000011205494274690864,0.0057947817258536816,-0.08172468096017838,0.41926687955856323;0.000012705675544566475,0.33585116267204285,0.7237966060638428,-0.3196467459201813;0.619806170463562,-0.09304921329021454,0.047457847744226456,-0.03253382071852684
;-40.53866958618164;-0.0000012263732287465245,0.0056679341942071915,-0.07970716059207916,0.41394591331481934;0.000011947547136514913,0.33530688285827637,0.7270898818969727,-0.32204559445381165;0.6341366767883301,-0.09325066208839417,0.047425560653209686,-0.03262822702527046
;-40.86752700805664;-0.0000013382143606577301,0.0055429027415812016,-0.07775692641735077,0.40859726071357727;0.000011229409210500307,0.33475443720817566,0.7303745150566101,-0.32446762919425964;0.6488128304481506,-0.09345342218875885,0.047393251210451126,-0.03272327408194542
;-41.19864273071289;-0.000001456571112612437,0.005419681314378977,-0.0758647695183754,0.4032214879989624;0.00001054943186318269,0.33419376611709595,0.7336487174034119,-0.32691338658332825;0.663841962814331,-0.09365750849246979,0.04736091569066048,-0.03281896561384201
;-41.532066345214844;-0.000001581897663527343,0.005298259202390909,-0.07402177155017853,0.3978187143802643;0.00000990580338111613,0.33362457156181335,0.7369105815887451,-0.3293834626674652;0.6792314052581787,-0.09386295825242996,0.04732855036854744,-0.032915323972702026
;-41.86784744262695;-0.0000017146078334917547,0.005178629886358976,-0.07221987098455429,0.3923890292644501;0.000009296813914261293,0.3330467641353607,0.7401580214500427,-0.3318781554698944;0.6949877738952637,-0.09406980127096176,0.04729615896940231,-0.033012356609106064
;-42.20603561401367;-0.0000018550783806858817,0.005060781259089708,-0.07045197486877441,0.3869328498840332;0.000008720830010133795,0.3324599862098694,0.7433893084526062,-0.3343982398509979;0.7111178040504456,-0.09427807480096817,0.0472637377679348,-0.03311007842421532
;-42.546688079833984;-0.0000020036500245623756,0.004944701679050922,-0.06871210783720016,0.3814503848552704;0.00000817626732896315,0.33186423778533936,0.7466019988059998,-0.3369442820549011;0.7276284694671631,-0.09448778629302979,0.0472312867641449,-0.03320850804448128
;-42.889862060546875;-0.0000021606131213047775,0.004830378107726574,-0.06699541956186295,0.3759417235851288;0.000007661617019039113,0.3312590420246124,0.7497940063476562,-0.3395167589187622;0.7445265650749207,-0.09469898045063019,0.047198813408613205,-0.03330766037106514
;-43.2356071472168;-0.0000023262218746822327,0.004717799369245768,-0.06529825180768967,0.3704071640968323;0.000007175427526817657,0.3306443691253662,0.7529630064964294,-0.34211644530296326;0.7618181109428406,-0.09491169452667236,0.047166310250759125,-0.0334075503051281
;-43.583988189697266;-0.0000025006800115079386,0.004606952425092459,-0.06361793726682663,0.3648469150066376;0.000006716331427014666,0.3300198018550873,0.756106972694397,-0.3447438180446625;0.7795085906982422,-0.0951259657740593,0.04713378846645355,-0.03350819647312164
;-43.935062408447266;-0.000002684124410734512,0.004497819114476442,-0.061952732503414154,0.3592609167098999;0.000006283006314333761,0.3293852210044861,0.759222686290741,-0.34739965200424194;0.7976049780845642,-0.09534182399511337,0.047101229429244995,-0.03360961377620697
;-44.28889083862305;-0.000002876649205063586,0.004390387795865536,-0.06030162796378136,0.3536496162414551;0.000005874171620234847,0.32874032855033875,0.7623081803321838,-0.3500846326351166;0.8161109685897827,-0.09555929899215698,0.04706864431500435,-0.03371182084083557
;-44.645530700683594;-0.0000030782539397478104,0.004284640774130821,-0.0586642362177372,0.34801316261291504;0.000005488639544637408,0.3280848562717438,0.7653602361679077,-0.35279935598373413;0.8350330591201782,-0.0957784354686737,0.04703603312373161,-0.03381483256816864
;-45.005043029785156;-0.0000032888904115679907,0.004180562682449818,-0.05704066902399063,0.3423518240451813;0.000005125251846038736,0.3274185359477997,0.7683761715888977,-0.35554447770118713;0.8543745279312134,-0.09599925577640533,0.04700339213013649,-0.033918675035238266
;-45.36749267578125;-0.000003508380586936255,0.0040781390853226185,-0.05543135479092598,0.3366657495498657;0.000004782891664945055,0.326741099357605,0.7713531255722046,-0.35832083225250244;0.8741384148597717,-0.09622181951999664,0.04697072133421898,-0.03402335196733475
;-45.73293685913086;-0.000003736477538041072,0.003977352753281593,-0.053836993873119354,0.33095502853393555;0.00000446052126790164,0.3260522484779358,0.7742875814437866,-0.36112895607948303;0.8943289518356323,-0.09644614160060883,0.04693802446126938,-0.03412889316678047
;-46.101436614990234;-0.00000397282155972789,0.003878186922520399,-0.052258457988500595,0.32522010803222656;0.000004157127023063367,0.3253517746925354,0.777176558971405,-0.36396968364715576;0.9149466753005981,-0.09667225927114487,0.04690530151128769,-0.034235309809446335
;-46.47304916381836;-0.0000042169172047579195,0.0037806262262165546,-0.05069674551486969,0.3194611072540283;0.000003871750323014567,0.32463929057121277,0.7800169587135315,-0.36684349179267883;0.9359922409057617,-0.09690022468566895,0.04687254875898361,-0.03434262052178383
;-46.84782791137695;-0.000004468148290470708,0.0036846534349024296,-0.04915289953351021,0.313678503036499;0.000003603475533964229,0.32391446828842163,0.7828047871589661,-0.36975130438804626;0.9574655890464783,-0.09713005274534225,0.04683976620435715,-0.03445084020495415
;-47.22583770751953;-0.000004725754934042925,0.003590252483263612,-0.047627970576286316,0.307872474193573;0.0000033514202186779585,0.32317718863487244,0.7855362892150879,-0.37269365787506104;0.9793657064437866,-0.09736178070306778,0.04680696129798889,-0.03455999121069908
;-47.60712814331055;-0.00000498881354360492,0.003497406840324402,-0.04612300917506218,0.3020435571670532;0.000003114748324151151,0.32242700457572937,0.7882076501846313,-0.37567126750946045;1.0016878843307495,-0.0975954532623291,0.04677412658929825,-0.03467008098959923
;-47.99174880981445;-0.000005256235908746021,0.003406101604923606,-0.044639088213443756,0.296191930770874;0.00000289266426989343,0.32166364789009094,0.7908151745796204,-0.3786848187446594;1.0244274139404297,-0.09783109277486801,0.04674126207828522,-0.034781135618686676
;-48.37975311279297;-0.000005526770564756589,0.00331631931476295,-0.04317711666226387,0.29031822085380554;0.0000026844038529816316,0.32088685035705566,0.7933540344238281,-0.38173484802246094;1.0475788116455078,-0.0980687215924263,0.0467083714902401,-0.034893158823251724
;-48.77118682861328;-0.0000057990059758594725,0.0032280448358505964,-0.04173802584409714,0.28442269563674927;0.0000024892326564440737,0.32009628415107727,0.795819878578186,-0.3848221004009247;1.071131706237793,-0.09830838441848755,0.04667544737458229,-0.03500617295503616
;-49.16609573364258;-0.000006071348252589814,0.0031412614043802023,-0.04032269865274429,0.2785061001777649;0.0000023064615106704878,0.3192916810512543,0.7982078790664673,-0.3879470229148865;1.0950767993927002,-0.09855010360479355,0.046642500907182693,-0.03512018546462059
;-49.56452178955078;-0.0000063419547586818226,0.003055954584851861,-0.03893196955323219,0.27256879210472107;0.0000021354146610974567,0.3184727430343628,0.8005130290985107,-0.39111027121543884;1.1193997859954834,-0.0987938866019249,0.04660952463746071,-0.0352352112531662
;-49.96649932861328;-0.000006608871444768738,0.0029721097089350224,-0.03756650909781456,0.2666114568710327;0.0000019754656932491343,0.317639023065567,0.8027305603027344,-0.3943125307559967;1.1440848112106323,-0.09903979301452637,0.046576522290706635,-0.03535126522183418
;-50.37205505371094;-0.000006869933713460341,0.0028897130396217108,-0.0362270325422287,0.26063475012779236;0.0000018260070646647364,0.316790372133255,0.8048549890518188,-0.3975539207458496;1.1691128015518188,-0.09928781539201736,0.04654349014163017,-0.03546835109591484
;-50.78122329711914;-0.000007122879651433323,0.0028087494429200888,-0.034914154559373856,0.2546394467353821;0.0000016864554481799132,0.31592652201652527,0.8068801760673523,-0.40083521604537964;1.194462776184082,-0.09953796863555908,0.04651042819023132,-0.03558648005127907
;-51.19401550292969;-0.000007365266810666071,0.002729205647483468,-0.03362838551402092,0.24862630665302277;0.0000015562621911158203,0.31504714488983154,0.8088005185127258,-0.4041566252708435;1.2201082706451416,-0.09979027509689331,0.046477336436510086,-0.03570565953850746
;-51.61044692993164;-0.0000075945104072161485,0.0026510697789490223,-0.03237023204565048,0.2425963282585144;0.0000014349047887662891,0.31415194272994995,0.8106101155281067,-0.407518595457077;1.246019959449768,-0.10004474967718124,0.04644422605633736,-0.03582588955760002
;-52.030521392822266;-0.000007808060217939783,0.0025743276346474886,-0.031140156090259552,0.2365504652261734;0.0000013218764252087567,0.31324079632759094,0.8123019933700562,-0.41092121601104736;1.2721666097640991,-0.10030138492584229,0.046411074697971344,-0.035947177559137344
;-52.4542350769043;-0.000008003173206816427,0.0024989682715386152,-0.02993852272629738,0.2304898500442505;0.0000012166963188064983,0.3123133182525635,0.8138699531555176,-0.41436487436294556;1.2985104322433472,-0.10056019574403763,0.04637790471315384,-0.03606952354311943
;-52.88157653808594;-0.000008177249583241064,0.002424979815259576,-0.02876565232872963,0.224415585398674;0.0000011189146107426495,0.31136927008628845,0.815306544303894,-0.41784942150115967;1.3250107765197754,-0.10082115978002548,0.04634470120072365,-0.03619292005896568
;-53.312522888183594;-0.00000832769183034543,0.0023523536510765553,-0.027621865272521973,0.2183290272951126;0.0000010280872402290697,0.31040865182876587,0.816605269908905,-0.4213750958442688;1.3516217470169067,-0.10108427703380585,0.04631147161126137,-0.0363173633813858
;-53.747039794921875;-0.00000845207159727579,0.0022810769733041525,-0.02650737203657627,0.21223151683807373;9.438030019737198e-7,0.30943113565444946,0.8177579045295715,-0.42494145035743713;1.3782932758331299,-0.10134953260421753,0.0462782122194767,-0.03644284978508949
;-54.185081481933594;-0.000008548089681426063,0.002211142098531127,-0.025422411039471626,0.20612458884716034;8.656689942654339e-7,0.30843663215637207,0.8187570571899414,-0.4285486042499542;1.404970407485962,-0.10161688923835754,0.046244919300079346,-0.03656936436891556
;-54.626590728759766;-0.00000861380704009207,0.0021425397135317326,-0.024367112666368484,0.20000994205474854;7.933044230412634e-7,0.307424932718277,0.8195948600769043,-0.43219608068466187;1.4315935373306274,-0.1018863394856453,0.0462116040289402,-0.036696892231702805
;-55.07149124145508;-0.000008647496542835142,0.0020752616692334414,-0.023341620340943336,0.19388948380947113;7.26354130620166e-7,0.3063960373401642,0.8202627897262573,-0.43588337302207947;1.4580978155136108,-0.102157823741436,0.04617825523018837,-0.03682541847229004
;-55.51969528198242;-0.000008647934009786695,0.0020093005150556564,-0.022346002981066704,0.18776506185531616;6.644759764640185e-7,0.3053499758243561,0.8207530379295349,-0.4396097660064697;1.4844133853912354,-0.10243131220340729,0.04614488407969475,-0.036954913288354874
;-55.97109603881836;-0.000008614292710262816,0.0019446510123088956,-0.021380314603447914,0.18163879215717316;6.073463509892463e-7,0.3042865991592407,0.821056604385376,-0.4433745741844177;1.5104646682739258,-0.10270673036575317,0.04611148312687874,-0.03708535432815552
;-56.42557907104492;-0.000008546278877474833,0.0018813053611665964,-0.020444566383957863,0.17551304399967194;5.546575607695559e-7,0.30320608615875244,0.8211646676063538,-0.44717663526535034;1.5361741781234741,-0.10298401117324829,0.04607804864645004,-0.03721670061349869
;-56.88300704956055;-0.00000844418173073791,0.0018192589050158858,-0.019538717344403267,0.16939015686511993;5.061173737885838e-7,0.3021085262298584,0.821068525314331,-0.45101502537727356;1.5614562034606934,-0.10326310247182846,0.04604458808898926,-0.037348926067352295
;-57.34321594238281;-0.000008308695214509498,0.0017585055902600288,-0.018662698566913605,0.16327278316020966;4.614468878116895e-7,0.300993949174881,0.8207586407661438,-0.45488813519477844;1.5862246751785278,-0.10354389995336533,0.046011097729206085,-0.03748197853565216
;-57.80603790283203;-0.000008141320904542226,0.0016990427393466234,-0.01781640574336052,0.15716378390789032;4.2038556102852453e-7,0.29986274242401123,0.8202266097068787,-0.4587944746017456;1.6103864908218384,-0.10382629185914993,0.045977577567100525,-0.037615817040205
;-58.27127456665039;-0.000007943855962366797,0.001640866044908762,-0.01699969545006752,0.15106607973575592;3.8268251500994666e-7,0.2987150251865387,0.8194631934165955,-0.46273237466812134;1.6338467597961426,-0.10411018878221512,0.045944031327962875,-0.03775038197636604
;-58.73871612548828;-0.000007718832421232946,0.001583971083164215,-0.016212377697229385,0.14498290419578552;3.481029580143513e-7,0.29755136370658875,0.8184587955474854,-0.46668675541877747;1.6565086841583252,-0.10439566522836685,0.04590972885489464,-0.03788561746478081
;-59.20812225341797;-0.000007469100182788679,0.0015283562242984772,-0.01545422151684761,0.1389174461364746;3.164225006457855e-7,0.29637202620506287,0.817205011844635,-0.4706681966781616;1.6782722473144531,-0.10468240082263947,0.045875389128923416,-0.03802146017551422
;-59.67924118041992;-0.00000719797480996931,0.0014740178594365716,-0.014724946580827236,0.13287334144115448;2.8743224333993567e-7,0.29517754912376404,0.8156929612159729,-0.4746743142604828;1.6990368366241455,-0.10497022420167923,0.045841023325920105,-0.038157831877470016
;-60.15179443359375;-0.000006908985142217716,0.0014209533110260963,-0.014024253934621811,0.12685425579547882;2.609320688407024e-7,0.2939685583114624,0.8139135837554932,-0.4787156581878662;1.7187036275863647,-0.10525880008935928,0.0458073616027832,-0.03829466551542282
;-60.62548065185547;-0.000006605915586987976,0.0013691597850993276,-0.013351778499782085,0.12086408585309982;2.367361275901203e-7,0.29274556040763855,0.8118588328361511,-0.4827762544155121;1.73717200756073,-0.10554813593626022,0.045773666352033615,-0.03843187168240547
;-61.09999084472656;-0.00000629273699814803,0.0013186355354264379,-0.012707130052149296,0.11490677297115326;2.1466796340519068e-7,0.29150956869125366,0.809520959854126,-0.4868391454219818;1.754345417022705,-0.10583827644586563,0.04573920741677284,-0.03856935724616051
;-61.574989318847656;-0.0000059731546571129,0.0012693755561485887,-0.012089855968952179,0.10898648202419281;1.9456193456335313e-7,0.2902611792087555,0.8068915605545044,-0.49092838168144226;1.7701303958892822,-0.10612860321998596,0.04570545628666878,-0.03870704025030136
;-62.05012130737305;-0.000005650880666507874,0.0012213786831125617,-0.011499481275677681,0.10310745984315872;1.7626310011564783e-7,0.28900137543678284,0.8039646744728088,-0.49502667784690857;1.7844375371932983,-0.106419138610363,0.04567167907953262,-0.03884480893611908
;-62.5250244140625;-0.000005329387477104319,0.0011746399104595184,-0.01093547884374857,0.09727412462234497;1.5962606880748353e-7,0.2877310812473297,0.8007330894470215,-0.4991163909435272;1.7971841096878052,-0.10670985281467438,0.04563712701201439,-0.038982562720775604
;-62.99930953979492;-0.000005011941993871005,0.0011291549308225513,-0.0103972889482975,0.09149079024791718;1.4451481433752633e-7,0.28645142912864685,0.7971909046173096,-0.5032212138175964;1.8082937002182007,-0.10700013488531113,0.04560329020023346,-0.03912019729614258
;-63.47258758544922;-0.000004701324087363901,0.0010849189711734653,-0.009884312748908997,0.08576203882694244;1.308027464119732e-7,0.2851635217666626,0.7933337092399597,-0.5072950720787048;1.8176976442337036,-0.1072903499007225,0.04556794464588165,-0.03925759345293045
;-63.94445037841797;-0.000004399999852466863,0.0010419257450848818,-0.009395924396812916,0.08009237796068192;1.1837126834279843e-7,0.2838686406612396,0.7891566157341003,-0.5113754868507385;1.82533860206604,-0.10757964849472046,0.045533306896686554,-0.039394643157720566
;-64.41447448730469;-0.000004110016561753582,0.0010001685004681349,-0.008931444026529789,0.07448646426200867;1.071110844463874e-7,0.28256797790527344,0.7846571803092957,-0.5154584050178528;1.8311666250228882,-0.10786780714988708,0.04549937695264816,-0.03953121602535248
;-64.88224792480469;-0.000003833044502243865,0.0009596393210813403,-0.008490183390676975,0.06894876807928085;9.691997604477365e-8,0.2812628149986267,0.7798330187797546,-0.519510805606842;1.8351452350616455,-0.10815495252609253,0.04546467587351799,-0.039667196571826935
;-65.34734344482422;-0.0000035701577871805057,0.0009203276713378727,-0.008071423508226871,0.06348372250795364;8.770296489046814e-8,0.2799546420574188,0.7746824622154236,-0.5235422253608704;1.8372479677200317,-0.10844067484140396,0.04542994499206543,-0.039802465587854385
;-65.80933380126953;-0.0000033222002002730733,0.0008822245872579515,-0.007674423046410084,0.05809580907225609;7.937320845030627e-8,0.2786448299884796,0.7692065834999084,-0.527533233165741;1.8374615907669067,-0.10872487723827362,0.04539444297552109,-0.039936892688274384
;-66.2677993774414;-0.0000030897156193532282,0.0008453172049485147,-0.007298420649021864,0.05278924107551575;7.184974037954817e-8,0.27733489871025085,0.763405978679657,-0.5314937233924866;1.835784912109375,-0.10900713503360748,0.045358914881944656,-0.04007035493850708
;-66.7223129272461;-0.000002872799768738332,0.0008095921948552132,-0.006942648906260729,0.04756828770041466;6.50582947514522e-8,0.27602627873420715,0.7572831511497498,-0.5354338884353638;1.8322292566299438,-0.10928699374198914,0.04532408341765404,-0.04020274057984352
;-67.1724624633789;-0.0000026713389615906635,0.0007750355871394277,-0.006606318522244692,0.042436882853507996;5.893087617891979e-8,0.2747204601764679,0.7508426308631897,-0.539334237575531;1.8268187046051025,-0.1095643937587738,0.045289233326911926,-0.04033391550183296
;-67.61784362792969;-0.0000024850378395058215,0.0007416314911097288,-0.006288646254688501,0.03739893063902855;5.340468334225079e-8,0.27341902256011963,0.7440897822380066,-0.5431751012802124;1.8195892572402954,-0.1098393127322197,0.045253604650497437,-0.04046376422047615
;-68.05807495117188;-0.000002313352524652146,0.0007093617459759116,-0.0059888409450650215,0.032457999885082245;4.8422403864378794e-8,0.27212342619895935,0.7370306253433228,-0.5469821691513062;1.8105876445770264,-0.11011110246181488,0.04521868750452995,-0.04059217497706413
;-68.49276733398438;-0.0000021557207219302654,0.0006782086566090584,-0.005706111900508404,0.027617407962679863;4.393174535266553e-8,0.27083519101142883,0.7296738624572754,-0.5507360696792603;1.7998733520507812,-0.11037973314523697,0.04518374055624008,-0.040719036012887955
;-68.92156219482422;-0.0000020113536720600678,0.0006481527234427631,-0.005439684260636568,0.022880425676703453;3.9884863411998595e-8,0.2695557773113251,0.7220288515090942,-0.5544478297233582;1.7875142097473145,-0.11064479500055313,0.04514950513839722,-0.04084423929452896
;-69.34412384033203;-0.0000018795211644828669,0.0006191721186041832,-0.005188783630728722,0.01824966073036194;3.6238233747099e-8,0.2682866156101227,0.7141055464744568,-0.5580830574035645;1.7735875844955444,-0.11090646684169769,0.04511449113488197,-0.040967680513858795
;-69.7601318359375;-0.0000017593711163499393,0.0005912461201660335,-0.004952643532305956,0.013727962039411068;3.295238926170896e-8,0.2670291066169739,0.7059171795845032,-0.5616527795791626;1.758178949356079,-0.11116436123847961,0.04507945105433464,-0.0410892628133297
;-70.1692886352539;-0.0000016500875972269569,0.0005643513286486268,-0.004730526357889175,0.009317259304225445;2.999134807168957e-8,0.2657845616340637,0.6974758505821228,-0.565153956413269;1.741380214691162,-0.11141831427812576,0.04504437744617462,-0.0412089079618454
;-70.57132720947266;-0.0000015508628621319076,0.0005384648684412241,-0.004521697759628296,0.0050196293741464615;2.7322670348439715e-8,0.26455435156822205,0.6887965798377991,-0.568567156791687;1.7232894897460938,-0.11166834086179733,0.045008525252342224,-0.04132652282714844
;-70.96599578857422;-0.000001460890189264319,0.0005135621759109199,-0.004325452260673046,0.0008366191759705544;2.4916930740914722e-8,0.2633396089076996,0.6798937916755676,-0.5719208121299744;1.704007863998413,-0.11191389709711075,0.04497339203953743,-0.041442032903432846
;-71.35306549072266;-0.0000013794467577099567,0.0004896196769550443,-0.004141103941947222,-0.0032304353080689907;2.2747615346929706e-8,0.26214146614074707,0.6707848310470581,-0.5751803517341614;1.6836419105529785,-0.11215521395206451,0.04493747651576996,-0.04155537486076355
;-71.73234558105469;-0.0000013058177046332275,0.00046661176020279527,-0.0039679910987615585,-0.007180585525929928;2.0790734467368566e-8,0.26096105575561523,0.6614855527877808,-0.5783753395080566;1.6622960567474365,-0.11239179223775864,0.04490227624773979,-0.041666485369205475
;-72.1036605834961;-0.000001239315906786942,0.00044451418216340244,-0.0038054720498621464,-0.011013107374310493;1.9024723130200982e-8,0.25979936122894287,0.6520146131515503,-0.5814712643623352;1.640080213546753,-0.1126239225268364,0.04486629366874695,-0.041775304824113846
;-72.46686553955078;-0.0000011792951681854902,0.00042330138967372477,-0.003652938874438405,-0.014727684669196606;1.743010713539661e-8,0.2586572468280792,0.6423896551132202,-0.5844823718070984;1.6171010732650757,-0.11285131424665451,0.044830285012722015,-0.04188179969787598
;-72.82183837890625;-0.0000011252083140789182,0.00040294925565831363,-0.0035098036751151085,-0.018324168398976326;1.5989497725854562e-8,0.25753551721572876,0.6326304078102112,-0.5874068140983582;1.5934666395187378,-0.11307386308908463,0.0447942353785038,-0.04198591411113739
;-73.16848754882812;-0.0000010765232900666888,0.0003834320814348757,-0.0033755048643797636,-0.02180289663374424;1.4687134175517258e-8,0.25643497705459595,0.6227547526359558,-0.5902431607246399;1.5692788362503052,-0.11329153925180435,0.044758155941963196,-0.04208763316273689
;-73.50674438476562;-0.0000010327266863896511,0.0003647253615781665,-0.0032495104242116213,-0.025164255872368813;1.3508933527361933e-8,0.2553562521934509,0.6127821207046509,-0.5929906368255615;1.544640064239502,-0.11350426077842712,0.044722046703100204,-0.0421869270503521
;-73.8365707397461;-9.93387743619678e-7,0.00034680470707826316,-0.0031313153449445963,-0.028409074991941452;1.2442272101509388e-8,0.2542998492717743,0.6027320623397827,-0.5956481099128723;1.5196481943130493,-0.11371202766895294,0.04468590021133423,-0.042283784598112106
;-74.15792846679688;-9.581194717611652e-7,0.0003296455251984298,-0.003020435804501176,-0.031538307666778564;1.1475799865934277e-8,0.25326624512672424,0.5926226377487183,-0.5982154011726379;1.4943957328796387,-0.11391479521989822,0.044649723917245865,-0.04237818345427513
;-74.47081756591797;-9.265320386475651e-7,0.0003132241836283356,-0.0029164194129407406,-0.03455318138003349;1.0599381816689402e-8,0.2522558867931366,0.5824733376502991,-0.6006919145584106;1.4689732789993286,-0.11411256343126297,0.04461351037025452,-0.04247012734413147
;-74.77526092529297;-8.982895565168292e-7,0.0002975173119921237,-0.0028188370633870363,-0.03745507076382637;9.803939882147006e-9,0.2512689530849457,0.572303056716919,-0.6030775904655457;1.443464994430542,-0.11430533230304718,0.04457726329565048,-0.04255961999297142
;-75.07129669189453;-8.731007596907148e-7,0.0002825011615641415,-0.002727283164858818,-0.04024551063776016;9.081289498169554e-9,0.2503058910369873,0.5621286034584045,-0.605389416217804;1.4179482460021973,-0.11449291557073593,0.04454173892736435,-0.04264666512608528
;-75.3589859008789;-8.506762583238014e-7,0.0002681529731489718,-0.0026413765735924244,-0.04292653128504753;8.42412806179027e-9,0.24936670064926147,0.551967442035675,-0.6075944304466248;1.3924957513809204,-0.11467576771974564,0.04450543224811554,-0.042731285095214844
;-75.63838958740234;-8.307869734380802e-7,0.00025445042410865426,-0.002560758264735341,-0.045499902218580246;7.825942560657495e-9,0.24845150113105774,0.5418368577957153,-0.6097097396850586;1.3671764135360718,-0.11485370248556137,0.044469092041254044,-0.042813483625650406
;-75.90960693359375;-8.131920026244188e-7,0.00024137103173416108,-0.0024850917980074883,-0.04796771705150604;7.280888780769601e-9,0.2475602626800537,0.5317520499229431,-0.6117361783981323;1.3420515060424805,-0.11502677947282791,0.04443271458148956,-0.04289329797029495
;-76.17273712158203;-7.97700408838864e-7,0.00022889308456797153,-0.0024140626192092896,-0.0503322035074234;6.783710038149593e-9,0.2466929703950882,0.5217282176017761,-0.6136919856071472;1.3171766996383667,-0.11519483476877213,0.04439706355333328,-0.04297075420618057
;-76.42789459228516;-7.841334763725172e-7,0.00021699514763895422,-0.002347372006624937,-0.05259578302502632;6.329709645314097e-9,0.24584951996803284,0.5117793083190918,-0.6155785918235779;1.2926020622253418,-0.11535795032978058,0.0443621389567852,-0.043045882135629654
;-76.67520141601562;-7.723270414317085e-7,0.0002056565717794001,-0.0022847442887723446,-0.05476061999797821;5.914719825028669e-9,0.2450297325849533,0.501919686794281,-0.6173797249794006;1.2683755159378052,-0.11551637202501297,0.044327184557914734,-0.043118711560964584
;-76.914794921875;-7.621430881954439e-7,0.0001948562276083976,-0.0022259193938225508,-0.05682927742600441;5.534943170459883e-9,0.24423344433307648,0.4921606183052063,-0.6190969347953796;1.2445342540740967,-0.11567020416259766,0.04429220035672188,-0.043189287185668945
;-77.14682006835938;-7.534425776611897e-7,0.00018457385885994881,-0.002170656807720661,-0.05880439281463623;5.187013041307864e-9,0.2434602975845337,0.48251354694366455,-0.6207316517829895;1.221112608909607,-0.1158195286989212,0.044257182627916336,-0.04325764253735542
;-77.37142944335938;-7.461105155925907e-7,0.00017478996596764773,-0.0021187271922826767,-0.060688316822052;4.867910963213262e-9,0.24271012842655182,0.47298985719680786,-0.6222854256629944;1.198142647743225,-0.11596442759037018,0.044222135096788406,-0.0433238260447979
;-77.58878326416016;-7.400453796435613e-7,0.00016548443818464875,-0.0020699200686067343,-0.06248386576771736;4.574892464859204e-9,0.24198253452777863,0.4635975658893585,-0.6237247586250305;1.175646424293518,-0.11610542982816696,0.04418553411960602,-0.04338788241147995
;-77.7990493774414;-7.351537760769133e-7,0.00015663837257307023,-0.0020240372978150845,-0.06419356912374496;4.3055292664462286e-9,0.24127712845802307,0.4543457329273224,-0.6250864267349243;1.1536463499069214,-0.1162421777844429,0.044148895889520645,-0.04344986006617546
;-78.00240325927734;-7.313466880987107e-7,0.00014823318633716553,-0.001980894012376666,-0.0658201202750206;4.057638669507924e-9,0.2405935674905777,0.4452422261238098,-0.6263719797134399;1.1321591138839722,-0.11637481302022934,0.044112224131822586,-0.04350979998707771
;-78.19900512695312;-7.285477749974234e-7,0.00014025019481778145,-0.0019403172191232443,-0.06736622750759125;3.829222272599964e-9,0.23993133008480072,0.4362923800945282,-0.6275835633277893;1.1111955642700195,-0.11650341004133224,0.04407551884651184,-0.04356776922941208
;-78.38903045654297;-7.26698772268719e-7,0.00013267196482047439,-0.001902146846987307,-0.06883428990840912;3.618543242822625e-9,0.23929011821746826,0.42750319838523865,-0.6287229061126709;1.0907670259475708,-0.11662807315587997,0.04403878003358841,-0.043623797595500946
;-78.57264709472656;-7.257376068992016e-7,0.0001254811795661226,-0.0018662329530343413,-0.07022705674171448;3.4239966417715095e-9,0.23866939544677734,0.41888007521629333,-0.6298274993896484;1.0708811283111572,-0.11674848198890686,0.04400354251265526,-0.04367794468998909
;-78.75003814697266;-7.256053891069314e-7,0.00011866064596688375,-0.001832436304539442,-0.07154692709445953;3.2441489494772213e-9,0.23806869983673096,0.4104260802268982,-0.6308279037475586;1.0515390634536743,-0.11686559021472931,0.043966732919216156,-0.04373026266694069
;-78.92137908935547;-7.262510735017713e-7,0.00011219409498153254,-0.001800626632757485,-0.07279665768146515;3.0777023152239735e-9,0.2374875843524933,0.40214526653289795,-0.631797730922699;1.032743215560913,-0.11697864532470703,0.04393143206834793,-0.04378079995512962
;-79.08684539794922;-7.276382802956505e-7,0.0001060653303284198,-0.0017706822836771607,-0.07397861033678055;2.923484787586972e-9,0.23692552745342255,0.3940396010875702,-0.6327030062675476;1.0144907236099243,-0.117088183760643,0.04389609768986702,-0.04382960498332977
;-79.2466049194336;-7.297234674297215e-7,0.0001002589997369796,-0.0017424896359443665,-0.07509514689445496;2.7804476498971553e-9,0.23638208210468292,0.38611167669296265,-0.6335455775260925;0.996779203414917,-0.11719431728124619,0.04386072978377342,-0.043876733630895615
;-79.40083312988281;-7.324722446355736e-7,0.00009476001287112013,-0.0017159432172775269,-0.07614880800247192;2.6476394410224202e-9,0.23585669696331024,0.3783627152442932,-0.6343275308609009;0.9796029329299927,-0.11729713529348373,0.04382533207535744,-0.04392223432660103
;-79.5497055053711;-7.358577818195045e-7,0.00008955400699051097,-0.0016909451223909855,-0.07714192569255829;2.524202624698546e-9,0.2353489249944687,0.3707941174507141,-0.6350506544113159;0.9629570245742798,-0.11739671975374222,0.043789904564619064,-0.043966151773929596
;-79.69337463378906;-7.398481329801143e-7,0.00008462675759801641,-0.0016674029175192118,-0.07807666808366776;2.409351607113308e-9,0.23485833406448364,0.36340534687042236,-0.6357165575027466;0.9468310475349426,-0.11749321967363358,0.043754443526268005,-0.044008538126945496
;-79.83201599121094;-7.444185143867799e-7,0.00007996478234417737,-0.0016452311538159847,-0.07895533740520477;2.302379398244625e-9,0.23438428342342377,0.35619649291038513,-0.6363272666931152;0.9312165975570679,-0.11758669465780258,0.04371895268559456,-0.044049445539712906
;-79.9657974243164;-7.495457907680247e-7,0.00007555511547252536,-0.0016243502032011747,-0.07978018373250961;2.202648952120967e-9,0.23392638564109802,0.34916725754737854,-0.6368846297264099;0.9161044955253601,-0.1176772490143776,0.043683428317308426,-0.04408891499042511
;-80.0948715209961;-7.55204212055105e-7,0.0000713849876774475,-0.0016046842793002725,-0.08055323362350464;2.109567409647184e-9,0.23348410427570343,0.3423154950141907,-0.6373904347419739;0.9014816284179688,-0.11776498705148697,0.043647874146699905,-0.044127002358436584
;-80.21939086914062;-7.613822390339919e-7,0.00006744248094037175,-0.001586163300089538,-0.0812765583395958;2.0226187391614303e-9,0.23305702209472656,0.3356405794620514,-0.6378461122512817;0.8873377442359924,-0.11784999817609787,0.043612290173769,-0.044163744896650314
;-80.33950805664062;-7.6806168181065e-7,0.0000637160410406068,-0.001568723120726645,-0.08195208758115768;1.9413159968451055e-9,0.23264463245868683,0.3291408121585846,-0.6382534503936768;0.8736611008644104,-0.11793237179517746,0.0435766726732254,-0.04419918730854988
;-80.45537567138672;-7.752237252134364e-7,0.000060194644902367145,-0.0015523014590144157,-0.0825817734003067;1.86522819412005e-9,0.23224645853042603,0.3228144943714142,-0.6386141777038574;0.8604397773742676,-0.1180121973156929,0.043541017919778824,-0.044233374297618866
;-80.56713104248047;-7.828584784874693e-7,0.00005686754593625665,-0.001536842784844339,-0.08316744863986969;1.7939527641175346e-9,0.2318621575832367,0.3166589140892029,-0.6389298439025879;0.8476606011390686,-0.11808956414461136,0.043505337089300156,-0.04426635429263115
;-80.6749267578125;-7.909486612334149e-7,0.00005372455780161545,-0.0015222927322611213,-0.08371098339557648;1.7271246655070627e-9,0.23149116337299347,0.3106713593006134,-0.6392019987106323;0.8353105187416077,-0.1181645467877388,0.0434696264564991,-0.04429815709590912
;-80.77889251708984;-7.994837574187841e-7,0.00005075589069747366,-0.0015086008934304118,-0.08421414345502853;1.6644046141323088e-9,0.23113307356834412,0.3048487603664398,-0.6394322514533997;0.8233758211135864,-0.11823723465204239,0.04343387857079506,-0.04432883486151695
;-80.87916564941406;-8.084527394203178e-7,0.00004795234417542815,-0.0014957203529775143,-0.08467855304479599;1.6054955143118832e-9,0.230787456035614,0.2991885244846344,-0.639621913433075;0.8118442296981812,-0.11830772459506989,0.04339810833334923,-0.04435841739177704
;-80.97586822509766;-8.178463417607418e-7,0.00004530505611910485,-0.0014836076879873872,-0.08510583639144897;1.5501208094903518e-9,0.2304539680480957,0.2936875820159912,-0.6397725939750671;0.8007033467292786,-0.11837606877088547,0.04336230084300041,-0.04438695311546326
;-81.06912231445312;-8.276571179521852e-7,0.0000428056409873534,-0.0014722221530973911,-0.08549755811691284;1.4980258145058656e-9,0.2301320880651474,0.28834307193756104,-0.6398854851722717;0.7899410128593445,-0.1184423416852951,0.04332645982503891,-0.0444144606590271
;-81.15906524658203;-8.378750635529286e-7,0.00004044601519126445,-0.0014615243999287486,-0.08585521578788757;1.4489764943448336e-9,0.22982148826122284,0.28315144777297974,-0.6399620771408081;0.779543936252594,-0.11850663274526596,0.04329058900475502,-0.04444099962711334
;-81.24580383300781;-8.484904583383468e-7,0.00003821852078544907,-0.001451478572562337,-0.08618026226758957;1.4027565775620587e-9,0.2295217514038086,0.278109073638916,-0.6400037407875061;0.7694999575614929,-0.11856900900602341,0.043254684656858444,-0.04446658864617348
;-81.32945251464844;-8.594976748099725e-7,0.00003611589636420831,-0.0014420505613088608,-0.08647415041923523;1.3591715530836268e-9,0.2292325496673584,0.273212730884552,-0.6400116086006165;0.7597969770431519,-0.11862953752279282,0.04321874678134918,-0.04449126869440079
;-81.41011047363281;-8.708932455192553e-7,0.000034131349821109325,-0.0014332090504467487,-0.08673809468746185;1.3180458946493445e-9,0.2289535254240036,0.2684595584869385,-0.6400240063667297;0.7504251599311829,-0.11868783831596375,0.043184343725442886,-0.044515062123537064
;-81.4878921508789;-8.826731914268748e-7,0.00003225828186259605,-0.0014249247033149004,-0.08697342127561569;1.2792095160918393e-9,0.22868435084819794,0.2638457119464874,-0.6400051712989807;0.7413721680641174,-0.11874440312385559,0.043149907141923904,-0.04453800618648529
;-81.56290435791016;-8.9482409748598e-7,0.000030490464268950745,-0.0014171687653288245,-0.08718138933181763;1.2425093176560154e-9,0.22842462360858917,0.2593676745891571,-0.6399561166763306;0.732626736164093,-0.11879932880401611,0.04311544448137283,-0.044560134410858154
;-81.63524627685547;-9.073452247321256e-7,0.000028822023523389362,-0.001409914460964501,-0.08736319094896317;1.2078057443076773e-9,0.22817406058311462,0.25502192974090576,-0.6398780345916748;0.7241783142089844,-0.1188526377081871,0.04308095574378967,-0.044581469148397446
;-81.70500183105469;-9.202296382682107e-7,0.0000272473680524854,-0.0014031368773430586,-0.08751993626356125;1.174967234618407e-9,0.22793230414390564,0.25080493092536926,-0.6397718787193298;0.7160166501998901,-0.11890441179275513,0.04304642975330353,-0.04460204392671585
;-81.77227783203125;-9.334737001154281e-7,0.000025761228243936785,-0.0013968134298920631,-0.08765273541212082;1.1438743285907549e-9,0.22769911587238312,0.24671335518360138,-0.6396387219429016;0.7081314921379089,-0.11895469576120377,0.04301188513636589,-0.04462188482284546
;-81.83715057373047;-9.470730333305255e-7,0.00002435861279082019,-0.0013909215340390801,-0.08776266127824783;1.1144163369891658e-9,0.2274741530418396,0.24274367094039917,-0.6394795179367065;0.7005136013031006,-0.1190035492181778,0.04297730699181557,-0.04464102163910866
;-81.89972686767578;-9.610192819309304e-7,0.000023034768673824146,-0.0013854402350261807,-0.08785071969032288;1.0864883437378126e-9,0.22725707292556763,0.2388923168182373,-0.6392953395843506;0.693152666091919,-0.11905103176832199,0.04294269159436226,-0.04465946927666664
;-81.96007537841797;-9.753068752615945e-7,0.000021785190256196074,-0.0013803484616801143,-0.08791796863079071;1.0599929822774357e-9,0.2270476520061493,0.23515550792217255,-0.6390871405601501;0.6860393285751343,-0.11909717321395874,0.04290805011987686,-0.044677264988422394
;-82.01828002929688;-9.899366659738007e-7,0.000020605728423106484,-0.0013756282860413194,-0.0879652127623558;1.034847652015003e-9,0.2268456220626831,0.2315305918455124,-0.6388556957244873;0.6791661381721497,-0.11914204061031342,0.042873382568359375,-0.044694431126117706
;-82.07442474365234;-0.0000010048954663943732,0.000019492321371217258,-0.001371262245811522,-0.08799348026514053;1.0109640902200567e-9,0.2266506850719452,0.22801358997821808,-0.6386018991470337;0.6725232005119324,-0.1191856786608696,0.0428386814892292,-0.04471098631620407
;-82.12857818603516;-0.0000010201864597547683,0.000018441240172251128,-0.001367233577184379,-0.08800356090068817;9.882706875075087e-10,0.22646263241767883,0.22460176050662994,-0.6383265852928162;0.6661033630371094,-0.11922811716794968,0.04280395433306694,-0.04472694545984268
;-82.18081665039062;-0.0000010358060080761788,0.00001744891778798774,-0.0013635267969220877,-0.08799625188112259;9.666938360908262e-10,0.22628119587898254,0.22129163146018982,-0.638030469417572;0.6598981618881226,-0.11926941573619843,0.04276919364929199,-0.04474234580993652
;-82.23120880126953;-0.0000010517411510591046,0.000016511970898136497,-0.0013601267710328102,-0.08797243982553482;9.461691430345809e-10,0.22610610723495483,0.21807987987995148,-0.6377145648002625;0.6538999080657959,-0.11930961906909943,0.042734406888484955,-0.04475719854235649
;-82.27983093261719;-0.0000010679910928956815,0.00001562723446113523,-0.001357018481940031,-0.08793287724256516;9.26632548470252e-10,0.22593717277050018,0.21496331691741943,-0.63737952709198;0.648100733757019,-0.11934876441955566,0.04269959032535553,-0.044771529734134674
;-82.32674407958984;-0.0000010845463975783787,0.000014791715329920407,-0.0013541890075430274,-0.08787824958562851;9.080267648897689e-10,0.22577416896820068,0.21193894743919373,-0.6370260119438171;0.6424937844276428,-0.11938688904047012,0.04266474023461342,-0.04478535056114197
;-82.37200927734375;-0.0000011014059282388189,0.000014002607713337056,-0.0013516251929104328,-0.08780930936336517;8.902995562998228e-10,0.22561684250831604,0.20900386571884155,-0.636654794216156;0.6370724439620972,-0.11942403763532639,0.04262986034154892,-0.04479869455099106
;-82.41568756103516;-0.0000011185687753823004,0.000013257256796350703,-0.0013493148144334555,-0.08772671222686768;8.73402461465389e-10,0.22546498477458954,0.20615530014038086,-0.6362663507461548;0.6318301558494568,-0.11946023255586624,0.04259495064616203,-0.044811561703681946
;-82.45783996582031;-0.0000011360259577486431,0.000012553159649542067,-0.0013472468126565218,-0.08763108402490616;8.572877963075598e-10,0.22531843185424805,0.20339027047157288,-0.6358614563941956;0.6267606616020203,-0.11949553340673447,0.04256001114845276,-0.04482398182153702
;-82.49851989746094;-0.0000011537736099853646,0.000011887944310728926,-0.0013454095460474491,-0.08752307295799255;8.419109298607452e-10,0.22517701983451843,0.20070584118366241,-0.63544100522995;0.6218570470809937,-0.11952994763851166,0.0425250418484211,-0.04483596608042717
;-82.53778839111328;-0.0000011718090036083595,0.000011259421626164112,-0.0013437935849651694,-0.08740321546792984;8.272344476090154e-10,0.2250404953956604,0.19809986650943756,-0.6350050568580627;0.6171150803565979,-0.1195635199546814,0.042490046471357346,-0.044847529381513596
;-82.57569122314453;-0.0000011901192920049652,0.00001066544427885674,-0.0013423881027847528,-0.08727218210697174;8.132155504547711e-10,0.22490869462490082,0.19556894898414612,-0.6345735192298889;0.6125268340110779,-0.11959606409072876,0.04245581477880478,-0.044858694076538086
;-82.6122817993164;-0.0000012087069762856117,0.000010104087778017856,-0.0013411837862804532,-0.08713044226169586;7.998232631756252e-10,0.22478148341178894,0.19311119616031647,-0.6341089606285095;0.6080887913703918,-0.11962804198265076,0.042420752346515656,-0.04486946761608124
;-82.6476058959961;-0.000001227563870997983,0.000009573481293045916,-0.0013401721371337771,-0.0869785025715828;7.8702161454558e-10,0.22465863823890686,0.1907239705324173,-0.6336498260498047;0.603795051574707,-0.11965905129909515,0.04238646477460861,-0.04487986862659454
;-82.68171691894531;-0.0000012466858834159211,0.000009071860404219478,-0.0013393446570262313,-0.08681691437959671;7.747801289426093e-10,0.22453999519348145,0.18840454518795013,-0.6331775784492493;0.5996399521827698,-0.11968933790922165,0.04235214740037918,-0.0448899120092392
;-82.71464538574219;-0.000001266073013539426,0.000008597599844506476,-0.001338692381978035,-0.08664610981941223;7.63068996878502e-10,0.22442549467086792,0.18615102767944336,-0.6327118277549744;0.5956196188926697,-0.11971870809793472,0.04231859743595123,-0.044899601489305496
;-82.74644470214844;-0.000001285723101318581,0.00000814916165836621,-0.0013382092583924532,-0.08646651357412338;7.518655698035559e-10,0.22431491315364838,0.18396145105361938,-0.6322339773178101;0.5917298793792725,-0.11974740028381348,0.0422850176692009,-0.04490896314382553
;-82.77715301513672;-0.0000013056215948381578,0.000007725059731455985,-0.0013378873700276017,-0.08627860993146896;7.411379288058129e-10,0.22420813143253326,0.18183308839797974,-0.6317445039749146;0.587965190410614,-0.1197754368185997,0.042251408100128174,-0.0449179969727993
;-82.80681610107422;-0.0000013257682667244808,0.000007323925728996983,-0.0013377198483794928,-0.0860828161239624;7.30863758402478e-10,0.22410500049591064,0.17976391315460205,-0.6312248110771179;0.5843214392662048,-0.11980308592319489,0.04221697524189949,-0.044926729053258896
;-82.8354721069336;-0.0000013461547041515587,0.000006944464075786527,-0.0013376995921134949,-0.08587948232889175;7.210212982222686e-10,0.22400537133216858,0.17775197327136993,-0.6307134628295898;0.5807945132255554,-0.11982991546392441,0.04218331351876259,-0.044935159385204315
;-82.8631591796875;-0.0000013667739722222905,0.000006585441042261664,-0.0013378200819715858,-0.08566910773515701;7.115851241579207e-10,0.22390908002853394,0.17579489946365356,-0.6301918625831604;0.577379584312439,-0.11985617876052856,0.042149633169174194,-0.044943299144506454
;-82.88990783691406;-0.0000013876259572498384,0.000006245721124287229,-0.0013380751479417086,-0.08545199781656265;7.025378612190991e-10,0.22381608188152313,0.17389103770256042,-0.6296602487564087;0.5740733742713928,-0.11988187581300735,0.042115915566682816,-0.044951166957616806
;-82.91576385498047;-0.0000014087023600950488,0.000005924217475694604,-0.001338459551334381,-0.08522853255271912;6.938593033467555e-10,0.22372616827487946,0.17203839123249054,-0.6291190981864929;0.5708718299865723,-0.11990705132484436,0.04208216816186905,-0.04495877027511597
;-82.94075775146484;-0.0000014299906752057723,0.000005619902822218137,-0.0013389666564762592,-0.08499908447265625;6.855289669260856e-10,0.22363929450511932,0.17023496329784393,-0.6285688281059265;0.5677708387374878,-0.11993171274662018,0.04204839468002319,-0.04496612027287483
;-82.96492004394531;-0.0000014514906752083334,0.000005331824922905071,-0.0013395905261859298,-0.08476395905017853;6.775322525243155e-10,0.2235552817583084,0.16847912967205048,-0.6280096769332886;0.564767062664032,-0.1199558898806572,0.04201459512114525,-0.0449732206761837
;-82.98828125;-0.0000014731990631844383,0.000005059082013758598,-0.001340327551588416,-0.08452341705560684;6.69852284751471e-10,0.22347411513328552,0.16676923632621765,-0.6274420022964478;0.5618573427200317,-0.11997959762811661,0.041980769485235214,-0.044980090111494064
;-83.01087188720703;-0.0000014951093589843367,0.000004800821898243157,-0.0013411713298410177,-0.08427780866622925;6.624738535521146e-10,0.22339560091495514,0.16510362923145294,-0.626866340637207;0.5590381622314453,-0.12000283598899841,0.041946910321712494,-0.04498672857880592
;-83.03272247314453;-0.0000015172131497820374,0.000004556241037789732,-0.0013421186013147235,-0.08402737975120544;6.553828590938338e-10,0.2233196645975113,0.1634807586669922,-0.6262826919555664;0.5563065409660339,-0.12002565711736679,0.04191302880644798,-0.04499314725399017
;-83.05386352539062;-0.0000015395041828014655,0.000004324581823311746,-0.0013431641273200512,-0.08377242833375931;6.48564812966157e-10,0.2232462763786316,0.1618989109992981,-0.6256916522979736;0.5536588430404663,-0.12004806101322174,0.041879113763570786,-0.04499935731291771
;-83.07432556152344;-0.0000015619719988535508,0.000004105127572984202,-0.0013443038333207369,-0.08351325243711472;6.42005004714008e-10,0.22317524254322052,0.16035643219947815,-0.6250932216644287;0.5510919094085693,-0.12007005512714386,0.0418451689183712,-0.04500536620616913
;-83.09412384033203;-0.0000015846135283936746,0.000003897213900927454,-0.001345532713457942,-0.08325009047985077;6.356928317075017e-10,0.2231064885854721,0.15885210037231445,-0.6244878768920898;0.5486031770706177,-0.12009166181087494,0.04181120917201042,-0.04501117393374443
;-83.11328887939453;-0.0000016074282029876485,0.0000037002102999394992,-0.0013468476245179772,-0.08298312872648239;6.296183574505676e-10,0.22303993999958038,0.15738466382026672,-0.6238759160041809;0.5461902022361755,-0.12011291086673737,0.04177720844745636,-0.04501679912209511
;-83.13184356689453;-0.0000016304015844070818,0.0000035135137750330614,-0.0013482441427186131,-0.08271266520023346;6.237668159769783e-10,0.22297556698322296,0.15595248341560364,-0.6232574582099915;0.5438495874404907,-0.12013379484415054,0.04174318164587021,-0.04502224549651146
;-83.14981842041016;-0.000001653537538004457,0.0000033365722629241645,-0.001349719357676804,-0.0824388787150383;6.181321565712494e-10,0.2229132503271103,0.15455473959445953,-0.6226328015327454;0.5415796637535095,-0.12015433609485626,0.04170912504196167,-0.04502751678228378
;-83.16722869873047;-0.000001676813667472743,0.000003168839157297043,-0.0013512689620256424,-0.0821620300412178;6.126986140664314e-10,0.22285281121730804,0.15318936109542847,-0.622002363204956;0.5393761396408081,-0.12017455697059631,0.04167504981160164,-0.04503262788057327
;-83.18409729003906;-0.000001700237589830067,0.000003009830606970354,-0.0013528900453820825,-0.08188224583864212;6.074621361484844e-10,0.22279435396194458,0.15185585618019104,-0.6213850975036621;0.5372382998466492,-0.12019422650337219,0.04164174944162369,-0.04503757134079933
;-83.20044708251953;-0.0000017237939573533367,0.0000028590654892468592,-0.0013545792317017913,-0.08159980177879333;6.024097332080203e-10,0.22273769974708557,0.1505526453256607,-0.6207625269889832;0.5351625680923462,-0.1202135905623436,0.041608426719903946,-0.045042362064123154
;-83.2162857055664;-0.0000017474908418080304,0.0000027161115667695412,-0.001356333028525114,-0.08131477981805801;5.975369643529405e-10,0.22268281877040863,0.14927926659584045,-0.6201536059379578;0.533148467540741,-0.12023243308067322,0.04157588630914688,-0.045047011226415634
;-83.23164367675781;-0.0000017713138049657573,0.0000025805459245020756,-0.001358149922452867,-0.08102735877037048;5.928363355778288e-10,0.222629576921463,0.14803442358970642,-0.6195206046104431;0.5311932563781738,-0.12025122344493866,0.04154250770807266,-0.04505150392651558
;-83.24654388427734;-0.0000017952498865270172,0.0000024519622456864454,-0.0013600261881947517,-0.08073777705430984;5.882946352286922e-10,0.2225780189037323,0.14681655168533325,-0.6188827157020569;0.5292932987213135,-0.12026975303888321,0.04150910675525665,-0.04505586996674538
;-83.26099395751953;-0.0000018193054529547226,0.000002329995595573564,-0.0013619587989524007,-0.08044614642858505;5.839095873483302e-10,0.22252798080444336,0.14562514424324036,-0.6182210445404053;0.5274478793144226,-0.12028825283050537,0.041474856436252594,-0.04506010189652443
;-83.27501678466797;-0.0000018434591311233817,0.000002214289679614012,-0.0013639453100040555,-0.08015269786119461;5.796709778849163e-10,0.22247949242591858,0.14445902407169342,-0.6175930500030518;0.5256543159484863,-0.12030604481697083,0.04144221544265747,-0.045064207166433334
;-83.28861999511719;-0.0000018677241087061702,0.000002104517989209853,-0.0013659842079505324,-0.0798574760556221;5.755756427028302e-10,0.22243240475654602,0.14331766963005066,-0.6169607639312744;0.5239120721817017,-0.12032359093427658,0.04140954464673996,-0.04506818950176239
;-83.30182647705078;-0.0000018920799220722984,0.000002000360836973414,-0.0013680720003321767,-0.07956068962812424;5.716159212632022e-10,0.22238676249980927,0.14219987392425537,-0.6163241863250732;0.5222181677818298,-0.12034090608358383,0.04137684777379036,-0.045072052627801895
;-83.31464385986328;-0.00000191653884940024,0.0000019015268435396138,-0.0013702065916731954,-0.079262375831604;5.677868175624212e-10,0.22234244644641876,0.14110521972179413,-0.6156837344169617;0.5205721259117126,-0.12035799771547318,0.04134412854909897,-0.04507580026984215
;-83.32709503173828;-0.000001941077243827749,0.0000018077295180773945,-0.0013723865849897265,-0.07896274328231812;5.64081503728886e-10,0.22229944169521332,0.14003245532512665,-0.6150392889976501;0.5189709663391113,-0.1203748881816864,0.04131138697266579,-0.045079439878463745
;-83.33918762207031;-0.0000019656995391414966,0.000001718707835607347,-0.0013746096519753337,-0.07866186648607254;5.604967046046738e-10,0.22225765883922577,0.13898110389709473,-0.6143910884857178;0.5174139738082886,-0.12039156258106232,0.04127860814332962,-0.045082975178956985
;-83.35094451904297;-0.0000019903957308997633,0.000001634206000744598,-0.001376872998662293,-0.0783599466085434;5.570229832940754e-10,0.22221709787845612,0.13794998824596405,-0.6137394905090332;0.5158986449241638,-0.12040805071592331,0.04124581068754196,-0.04508640989661217
;-83.36236572265625;-0.0000020151587705186103,0.0000015539901596639538,-0.0013791753444820642,-0.07805702090263367;5.536585634402513e-10,0.22217769920825958,0.13693861663341522,-0.6130843758583069;0.5144238471984863,-0.12042435258626938,0.041212987154722214,-0.04508974775671959
;-83.37347412109375;-0.000002039990476987441,0.0000014778395325265592,-0.0013815147103741765,-0.07775317877531052;5.504002253964302e-10,0.22213944792747498,0.1359466016292572,-0.6124258637428284;0.5129889249801636,-0.12044046819210052,0.04118013381958008,-0.04509298875927925
;-83.38427734375;-0.0000020648733425332466,0.0000014055359542908263,-0.0013838892336934805,-0.07744856923818588;5.472396424899273e-10,0.22210215032100677,0.13497275114059448,-0.6117643117904663;0.5115910172462463,-0.12045641243457794,0.04114725440740585,-0.04509614035487175
;-83.3947982788086;-0.0000020898080492770532,0.0000013368825193538214,-0.0013862976338714361,-0.07714327424764633;5.441744832523909e-10,0.22206595540046692,0.13401657342910767,-0.6110996603965759;0.5102292895317078,-0.12047219276428223,0.04111434891819954,-0.045099206268787384
;-83.405029296875;-0.0000021147789084352553,0.0000012716872106466326,-0.0013887370005249977,-0.07683741301298141;5.411995851467566e-10,0.22203071415424347,0.13307730853557587,-0.6104320883750916;0.5089020729064941,-0.12048783153295517,0.041081421077251434,-0.04510219395160675
;-83.41500091552734;-0.000002139793650712818,0.0000012097732451366028,-0.0013912066351622343,-0.0765310600399971;5.383112289258918e-10,0.22199639678001404,0.13215447962284088,-0.609761655330658;0.5076082348823547,-0.12050329893827438,0.04104846343398094,-0.04510510340332985
;-83.42471313476562;-0.000002164830220863223,0.0000011509686146382592,-0.0013937039766460657,-0.07622431963682175;5.355050292088492e-10,0.22196300327777863,0.13124731183052063,-0.609088659286499;0.5063461661338806,-0.12051863223314285,0.04101547971367836,-0.04510793462395668
;-83.43417358398438;-0.0000021899095372646116,0.0000010951174544970854,-0.0013962280936539173,-0.07591722160577774;5.327804308841166e-10,0.22193048894405365,0.13035573065280914,-0.6084321141242981;0.5051158666610718,-0.12053358554840088,0.04098329693078995,-0.045110687613487244
;-83.44339752197266;-0.0000022150095446704654,0.000001042066060108482,-0.0013987775892019272,-0.07560987770557404;5.301324379480832e-10,0.22189880907535553,0.12947893142700195,-0.6077540516853333;0.5039156675338745,-0.12054864317178726,0.040950268507003784,-0.045113373547792435
;-83.452392578125;-0.0000022401188743970124,9.916680028254632e-7,-0.0014013511827215552,-0.075302354991436;5.275559988859868e-10,0.22186791896820068,0.12861613929271698,-0.6070734262466431;0.5027433037757874,-0.1205635741353035,0.040917202830314636,-0.04511599242687225
;-83.46116638183594;-0.0000022652334337180946,9.437884500584914e-7,-0.0014039474772289395,-0.07499474287033081;5.250485601848709e-10,0.22183777391910553,0.1277669072151184,-0.6063907146453857;0.5015982389450073,-0.12057838588953018,0.0408841148018837,-0.0451185442507267
;-83.46973419189453;-0.0000022903598164703,8.983013799479522e-7,-0.0014065647264942527,-0.07468707859516144;5.226090116217108e-10,0.22180843353271484,0.12693119049072266,-0.6057056784629822;0.5004804134368896,-0.12059308588504791,0.04085100442171097,-0.04512103274464607
;-83.47808837890625;-0.000002315485062354128,8.550825327802158e-7,-0.0014092022320255637,-0.07437943667173386;5.202337449716765e-10,0.2217797487974167,0.12610822916030884,-0.6050376296043396;0.4993879795074463,-0.12060742825269699,0.04081869497895241,-0.04512346535921097
;-83.48625183105469;-0.0000023406162199535174,8.140190743688436e-7,-0.001411859062500298,-0.07407184690237045;5.179217610340459e-10,0.22175180912017822,0.12529794871807098,-0.6043674945831299;0.49832090735435486,-0.12062166631221771,0.04078635200858116,-0.04512583464384079
;-83.49421691894531;-0.000002365735099374433,7.749987958050042e-7,-0.00141453358810395,-0.07376439869403839;5.156682303386617e-10,0.22172453999519348,0.12449958175420761,-0.6036953926086426;0.49727746844291687,-0.12063579261302948,0.04075399413704872,-0.04512815177440643
;-83.50199890136719;-0.0000023908496586955152,7.379201747426123e-7,-0.0014172253431752324,-0.07345711439847946;5.134729863520704e-10,0.22169792652130127,0.12371306121349335,-0.6030405163764954;0.4962577223777771,-0.12064959108829498,0.04072243720293045,-0.0451304093003273
;-83.50960540771484;-0.0000024159544409485534,7.026848152236198e-7,-0.0014199335128068924,-0.07315003871917725;5.11333420050164e-10,0.2216719090938568,0.12293796986341476,-0.6023839116096497;0.4952605068683624,-0.12066327780485153,0.04069085791707039,-0.04513261839747429
;-83.51703643798828;-0.0000024410367132077226,6.69197049774084e-7,-0.0014226571656763554,-0.0728432759642601;5.092454791189027e-10,0.2216465175151825,0.12217356264591217,-0.6017253994941711;0.49428415298461914,-0.12067689001560211,0.04065924882888794,-0.0451347753405571
;-83.52430725097656;-0.000002466105797793716,6.373723522301589e-7,-0.0014253953704610467,-0.07253678888082504;5.0720977418095e-10,0.22162167727947235,0.12142013013362885,-0.6010650992393494;0.49332964420318604,-0.12069039046764374,0.040627624839544296,-0.04513688385486603
;-83.53141784667969;-0.0000024911373657232616,6.071225584491913e-7,-0.0014281464973464608,-0.07223070412874222;5.052209206546365e-10,0.22159738838672638,0.12067656219005585,-0.6004034280776978;0.49239403009414673,-0.12070382386445999,0.040595971047878265,-0.04513894394040108
;-83.53837585449219;-0.0000025161600660794647,5.783733172393113e-7,-0.0014309105463325977,-0.07192495465278625;5.032828598316996e-10,0.221573606133461,0.1199435442686081,-0.5997399687767029;0.4914793372154236,-0.12071716785430908,0.040564294904470444,-0.045140963047742844
;-83.5451889038086;-0.000002541130925237667,5.510436835720611e-7,-0.0014336865860968828,-0.07161972671747208;5.013854886826152e-10,0.2215503454208374,0.1192195788025856,-0.5990749597549438;0.490581750869751,-0.1207304373383522,0.04053259268403053,-0.04514293745160103
;-83.5518569946289;-0.0000025660790470283246,5.250668664302793e-7,-0.0014364732196554542,-0.07131493836641312;4.99534247300204e-10,0.2215275913476944,0.11850536614656448,-0.598408579826355;0.4897031784057617,-0.12074362486600876,0.04050086811184883,-0.04514487087726593
;-83.55839538574219;-0.000002590969643279095,5.003714704798767e-7,-0.0014392704470083117,-0.07101072371006012;4.977217527013522e-10,0.2215052992105484,0.117799773812294,-0.5977407097816467;0.4888407289981842,-0.12075675278902054,0.04046912118792534,-0.04514676332473755
;-83.56480407714844;-0.0000026158224954997422,4.768956500811328e-7,-0.0014420768711715937,-0.0707070380449295;4.959507249324702e-10,0.22148346900939941,0.11710313707590103,-0.5970715880393982;0.4879954755306244,-0.12076980620622635,0.04043734818696976,-0.04514861851930618
;-83.57109069824219;-0.000002640615775817423,4.545766216779157e-7,-0.001444891793653369,-0.07040398567914963;4.942158349230397e-10,0.22146204113960266,0.11641473323106766,-0.596401035785675;0.4871654808521271,-0.12078280001878738,0.040405552834272385,-0.04515043646097183
;-83.57725524902344;-0.000002665356305442401,4.333573997428175e-7,-0.0014477145159617066,-0.0701015442609787;4.92517859829178e-10,0.22144104540348053,0.11573450267314911,-0.595729410648346;0.4863506555557251,-0.12079572677612305,0.040373727679252625,-0.045152220875024796
;-83.58330535888672;-0.0000026900465854851063,4.131838977627922e-7,-0.0014505443396046758,-0.06979972869157791;4.908556894278604e-10,0.2214205116033554,0.1150624006986618,-0.5950564742088318;0.48555105924606323,-0.12080860137939453,0.04034188389778137,-0.045153968036174774
;-83.58924102783203;-0.000002714666834435775,3.9400222817675967e-7,-0.0014533810317516327,-0.06949864327907562;4.892251048715934e-10,0.22140029072761536,0.11439768970012665,-0.5943822860717773;0.4847649335861206,-0.12082141637802124,0.04031001403927803,-0.045155685395002365
;-83.59507751464844;-0.0000027392302399675827,3.757648414648429e-7,-0.0014562238939106464,-0.06919825077056885;4.876287151844849e-10,0.22138047218322754,0.1137407124042511,-0.5937071442604065;0.4839930832386017,-0.12083417922258377,0.0402781181037426,-0.04515736550092697
;-83.6008071899414;-0.0000027637213406705996,3.584231365039159e-7,-0.001459071529097855,-0.06889861077070236;4.860620794744364e-10,0.22136102616786957,0.11309075355529785,-0.5930307507514954;0.48323363065719604,-0.12084688991308212,0.04024619609117508,-0.045159026980400085
;-83.6064453125;-0.0000027881330879608868,3.4193311648778035e-7,-0.001461923704482615,-0.06859972327947617;4.84524531607633e-10,0.22134192287921906,0.11244776844978333,-0.5923535823822021;0.48248669505119324,-0.1208595559000969,0.04021425172686577,-0.045160651206970215
;-83.61199188232422;-0.0000028124604796175845,3.262520635871624e-7,-0.0014647799544036388,-0.06830164790153503;4.830137956268743e-10,0.22132308781147003,0.11181138455867767,-0.591675341129303;0.48175111413002014,-0.12087218463420868,0.040182288736104965,-0.04516224563121796
;-83.61744689941406;-0.0000028367110189719824,3.1134024425227835e-7,-0.0014676395803689957,-0.06800439953804016;4.815309817551849e-10,0.22130461037158966,0.1111815795302391,-0.5909961462020874;0.4810269773006439,-0.12088476121425629,0.040150295943021774,-0.045163821429014206
;-83.62281036376953;-0.000002860887434508186,2.971601134049706e-7,-0.0014705020003020763,-0.06770795583724976;4.800748132360866e-10,0.22128643095493317,0.11055830121040344,-0.5903159976005554;0.48031431436538696,-0.12089730054140091,0.040118277072906494,-0.045165371149778366
;-83.62808990478516;-0.000002884987225115765,2.836756607393909e-7,-0.0014733674470335245,-0.06741233170032501;4.786450125138231e-10,0.22126859426498413,0.1099415272474289,-0.5896348357200623;0.4796132743358612,-0.12090978771448135,0.040086232125759125,-0.04516688734292984
;-83.63329315185547;-0.000002908990609284956,2.7085118858849455e-7,-0.0014762352220714092,-0.0671176090836525;4.772381378970181e-10,0.2212509661912918,0.10933057218790054,-0.5889529585838318;0.47892171144485474,-0.12092224508523941,0.04005416855216026,-0.04516838490962982
;-83.63842010498047;-0.000002932897587015759,2.586544098903687e-7,-0.0014791040448471904,-0.06682378798723221;4.758540228522179e-10,0.22123363614082336,0.10872537642717361,-0.5882894396781921;0.47823962569236755,-0.12093443423509598,0.04002292454242706,-0.04516986384987831
;-83.64347076416016;-0.000002956716116386815,2.470546291988285e-7,-0.0014819740317761898,-0.06653086096048355;4.744918347121541e-10,0.2212165743112564,0.1081259474158287,-0.587605893611908;0.477567195892334,-0.12094681710004807,0.03999080881476402,-0.04517131671309471
;-83.64844512939453;-0.0000029804477890138514,2.3602265741828887e-7,-0.001484844833612442,-0.06623883545398712;4.731522951217926e-10,0.22119976580142975,0.10753224790096283,-0.5869215130805969;0.47690436244010925,-0.12095917761325836,0.03995867446064949,-0.04517274722456932
;-83.65335845947266;-0.000003004072823387105,2.255300017850459e-7,-0.0014877162175253034,-0.0659477487206459;4.71833128123933e-10,0.221183180809021,0.10694389790296555,-0.5862557888031006;0.4762501120567322,-0.12097125500440598,0.03992735221982002,-0.04517415910959244
;-83.658203125;-0.000003027590310011874,2.1554964746428595e-7,-0.0014905879506841302,-0.06565764546394348;4.705317246944674e-10,0.22116683423519135,0.10636059194803238,-0.5855700969696045;0.47560349106788635,-0.1209835559129715,0.03989516571164131,-0.04517555236816406
;-83.66297912597656;-0.0000030510307169606676,2.0605784811777994e-7,-0.001493459683842957,-0.06536844372749329;4.692525812366455e-10,0.221150740981102,0.10578292608261108,-0.5849220752716064;0.4749664068222046,-0.12099532783031464,0.03986465185880661,-0.045176923274993896
;-83.66769409179688;-0.0000030743608476768713,1.970294931652461e-7,-0.0014963310677558184,-0.06508021056652069;4.679915899252762e-10,0.22113485634326935,0.10521021485328674,-0.5842733383178711;0.474337100982666,-0.12100706994533539,0.03983411192893982,-0.04517827928066254
;-83.67234802246094;-0.000003097584340139292,1.8844197313683253e-7,-0.0014992014039307833,-0.0647929385304451;4.667480291153936e-10,0.22111918032169342,0.10464244335889816,-0.5836240649223328;0.4737153649330139,-0.12101878225803375,0.03980354964733124,-0.045179616659879684
;-83.67694091796875;-0.000003120711426163325,1.8027371595508157e-7,-0.0015020709251984954,-0.0645066425204277;4.655224539185099e-10,0.2211037129163742,0.10407961159944534,-0.5829740762710571;0.47310131788253784,-0.12103047966957092,0.039772965013980865,-0.04518093541264534
;-83.68147277832031;-0.00000314374210574897,1.7250427220005804e-7,-0.0015049396315589547,-0.06422131508588791;4.643148365790495e-10,0.2210884392261505,0.10352165251970291,-0.5823233723640442;0.4724949598312378,-0.1210421472787857,0.039742361754179,-0.0451822355389595
;-83.68594360351562;-0.000003166676833643578,1.6511411615738325e-7,-0.0015078068245202303,-0.06393695622682571;4.631250383191343e-10,0.22107338905334473,0.10296853631734848,-0.5816721320152283;0.47189635038375854,-0.1210537850856781,0.039711736142635345,-0.04518352076411247
;-83.69036102294922;-0.0000031895140182314208,1.5808477371592744e-7,-0.001510673202574253,-0.06365357339382172;4.619525040272521e-10,0.22105856239795685,0.10242027044296265,-0.5810202956199646;0.4713054299354553,-0.1210654079914093,0.0396810844540596,-0.04518478736281395
;-83.6947250366211;-0.000003212225692550419,1.5139757181259483e-7,-0.001513538765721023,-0.06337122619152069;4.6079423610123627e-10,0.22104386985301971,0.10187617689371109,-0.5803678035736084;0.4707201421260834,-0.12107700109481812,0.039650410413742065,-0.045186035335063934
;-83.69904327392578;-0.0000032348395961889764,1.450364095489931e-7,-0.0015164018841460347,-0.06308988481760025;4.5965037331896497e-10,0.2210294008255005,0.10133654624223709,-0.5797148942947388;0.4701416492462158,-0.12108858674764633,0.03961971774697304,-0.04518727585673332
;-83.70331573486328;-0.0000032573368571320316,1.3898484496621677e-7,-0.0015192624414339662,-0.06280958652496338;4.5852069363583325e-10,0.221015065908432,0.10080105811357498,-0.5790614485740662;0.4695688486099243,-0.12110015004873276,0.03958900272846222,-0.045188501477241516
;-83.7075424194336;-0.0000032797140647744527,1.332278145582677e-7,-0.0015221209032461047,-0.06253032386302948;4.574045864291776e-10,0.22100089490413666,0.10026968270540237,-0.5784074664115906;0.46900177001953125,-0.1211116835474968,0.03955826163291931,-0.04518970847129822
;-83.71172332763672;-0.000003301976903458126,1.2775095115102886e-7,-0.0015249764546751976,-0.062252093106508255;4.5630133005403195e-10,0.22098687291145325,0.09974239766597748,-0.5777530670166016;0.46844053268432617,-0.12112320959568024,0.03952749818563461,-0.04519090801477432
;-83.71586608886719;-0.0000033241353776247706,1.2254061232397362e-7,-0.0015278287464752793,-0.061974894255399704;4.5521147962190867e-10,0.2209729701280594,0.0992191955447197,-0.5770981311798096;0.46788495779037476,-0.12113472074270248,0.039496712386608124,-0.045192088931798935
;-83.71996307373047;-0.0000033461692510172725,1.1758340434653292e-7,-0.001530677080154419,-0.061698757112026215;4.5413309224251464e-10,0.22095926105976105,0.09869973361492157,-0.5764427781105042;0.46733418107032776,-0.12114621698856354,0.039465904235839844,-0.04519326239824295
;-83.7240219116211;-0.0000033680753404041752,1.1286700640766867e-7,-0.0015335221542045474,-0.061423685401678085;4.5306600138239617e-10,0.22094564139842987,0.0981839969754219,-0.5757869482040405;0.466788113117218,-0.121157705783844,0.03943507373332977,-0.04519442468881607
;-83.72804260253906;-0.0000033898811580002075,1.0838002140189928e-7,-0.0015363638522103429,-0.06114963814616203;4.5201162257590966e-10,0.2209322154521942,0.09767227619886398,-0.5751307606697083;0.4662477374076843,-0.12116917967796326,0.03940422087907791,-0.045195572078228
;-83.7320327758789;-0.0000034115498692699475,1.0411059747639229e-7,-0.0015392015920951962,-0.06087668612599373;4.5096648637610315e-10,0.22091886401176453,0.09716395288705826,-0.5744933485984802;0.4657112658023834,-0.12118037790060043,0.039374206215143204,-0.045196712017059326
;-83.73597717285156;-0.0000034331046663282905,1.0004846728861594e-7,-0.0015420353738591075,-0.06060479208827019;4.4993322956266013e-10,0.22090567648410797,0.09665930271148682,-0.5738363265991211;0.4651794731616974,-0.12119182199239731,0.03934331238269806,-0.04519784078001976
;-83.7398910522461;-0.000003454539182712324,9.618351271001302e-8,-0.0015448653139173985,-0.06033394858241081;4.4891054762352667e-10,0.22089260816574097,0.09615829586982727,-0.5732174515724182;0.46465247869491577,-0.12120276689529419,0.039314109832048416,-0.0451989583671093
;-83.74376678466797;-0.0000034758481888275128,9.250584298570175e-8,-0.0015476910630241036,-0.06006418168544769;4.478970805354976e-10,0.22087962925434113,0.09566061943769455,-0.5725980997085571;0.4641292691230774,-0.12121367454528809,0.03928489238023758,-0.04520006850361824
;-83.74760437011719;-0.000003497060333756963,8.900688897028886e-8,-0.0015505129704251885,-0.05979542434215546;4.4689607570091994e-10,0.22086675465106964,0.09516685456037521,-0.5719783306121826;0.4636119306087494,-0.12122458964586258,0.03925565257668495,-0.04520116373896599
;-83.75141143798828;-0.0000035181492421543226,8.567738518650003e-8,-0.0015533308032900095,-0.05952771380543709;4.4590478531780775e-10,0.2208540290594101,0.09467639774084091,-0.5713582038879395;0.46309834718704224,-0.12123548239469528,0.039226386696100235,-0.04520225524902344
;-83.75518798828125;-0.0000035391146866459167,8.250906802231839e-8,-0.0015561445616185665,-0.059261079877614975;4.449220436519852e-10,0.2208414226770401,0.09418920427560806,-0.5707377195358276;0.46258851885795593,-0.12124636769294739,0.039197105914354324,-0.04520333185791969
;-83.75891876220703;-0.000003559969854904921,7.949433467047129e-8,-0.0015589544782415032,-0.058995481580495834;4.4395023768295516e-10,0.2208288609981537,0.09370557218790054,-0.5701169371604919;0.4620835781097412,-0.1212572455406189,0.03916780278086662,-0.04520440101623535
;-83.76261901855469;-0.000003580724069252028,7.662569601052382e-8,-0.001561760320328176,-0.05873089283704758;4.429895339441714e-10,0.220816507935524,0.09322548657655716,-0.5694956183433533;0.4615834057331085,-0.12126810103654861,0.03913848102092743,-0.045205458998680115
;-83.76630401611328;-0.0000036013448152516503,7.389554923520336e-8,-0.0015645624371245503,-0.058467425405979156;4.4203574134371593e-10,0.22080422937870026,0.09274830669164658,-0.5688740015029907;0.4610860347747803,-0.12127895653247833,0.039109136909246445,-0.04520650580525398
;-83.76995849609375;-0.000003621827318056603,7.129717261022961e-8,-0.0015673597808927298,-0.05820504203438759;4.410889709038912e-10,0.2207920253276825,0.09227403998374939,-0.5682522654533386;0.4605914354324341,-0.12128980457782745,0.03907977417111397,-0.04520754888653755
;-83.7735824584961;-0.000003642199772002641,6.882432757038259e-8,-0.0015701520023867488,-0.05794372409582138;4.401511100038391e-10,0.2207799106836319,0.09180298447608948,-0.5676301121711731;0.46010076999664307,-0.12130066007375717,0.0390503890812397,-0.045208584517240524
;-83.77717590332031;-0.0000036624585391109576,6.647092476441685e-8,-0.0015729395672678947,-0.057683467864990234;4.3922163128762293e-10,0.22076788544654846,0.09133510291576385,-0.5670076012611389;0.4596138298511505,-0.1213114857673645,0.03902098909020424,-0.0452096126973629
;-83.78074645996094;-0.000003682601800392149,6.42311448473265e-8,-0.0015757227083668113,-0.05742424726486206;4.3830158946711606e-10,0.22075596451759338,0.09087038785219193,-0.5663847923278809;0.45913079380989075,-0.12132231891155243,0.03899156302213669,-0.04521062970161438
;-83.78429412841797;-0.0000037026015888841357,6.209903347098589e-8,-0.0015785004943609238,-0.05716613680124283;4.37385822005254e-10,0.22074413299560547,0.09040822833776474,-0.5657617449760437;0.4586494565010071,-0.12133315205574036,0.038962118327617645,-0.04521164298057556
;-83.7878189086914;-0.0000037224967854854185,6.006974473393711e-8,-0.0015812733909115195,-0.05690907686948776;4.3647899183874017e-10,0.22073239088058472,0.08994919806718826,-0.5651383996009827;0.4581720530986786,-0.12134396284818649,0.03893265500664711,-0.045212648808956146
;-83.79132080078125;-0.0000037422437344503123,5.813789982767048e-8,-0.0015840408159419894,-0.056653134524822235;4.3557699114238346e-10,0.22072072327136993,0.08949272334575653,-0.5645148158073425;0.4576963484287262,-0.12135478109121323,0.038903169333934784,-0.045213647186756134
;-83.79480743408203;-0.0000037618754049617564,5.6298919304254014e-8,-0.0015868028858676553,-0.05639824643731117;4.346823456735649e-10,0.22070911526679993,0.08903906494379044,-0.5638911128044128;0.45722347497940063,-0.12136559933423996,0.03887366130948067,-0.045214638113975525
;-83.79827117919922;-0.000003781374516620417,5.454828411188828e-8,-0.0015895592514425516,-0.05614442005753517;4.3379341785332315e-10,0.2206975817680359,0.08858821541070938,-0.5632669925689697;0.4567534923553467,-0.1213764101266861,0.03884413465857506,-0.04521562531590462
;-83.80171203613281;-0.00000380073879568954,5.2881524936765345e-8,-0.0015923097962513566,-0.05589168891310692;4.3290990237032645e-10,0.22068610787391663,0.0881398618221283,-0.5626428127288818;0.4562852382659912,-0.12138722091913223,0.03881458565592766,-0.04521660879254341
;-83.80513763427734;-0.0000038199905247893184,5.129471603027014e-8,-0.0015950548695400357,-0.05564001947641373;4.3203313149220435e-10,0.22067472338676453,0.08769429475069046,-0.5620182156562805;0.45581987500190735,-0.12139802426099777,0.038785018026828766,-0.04521758109331131
;-83.80854797363281;-0.000003839104465441778,4.97838108515225e-8,-0.0015977942384779453,-0.055389419198036194;4.3116119008423937e-10,0.22066330909729004,0.0872512012720108,-0.5613934993743896;0.45535629987716675,-0.1214088425040245,0.03875543177127838,-0.04521855711936951
;-83.81193542480469;-0.000003858099262288306,4.834525668684364e-8,-0.0016005272045731544,-0.05513986945152283;4.3029538265848544e-10,0.22065208852291107,0.08681086450815201,-0.5607685446739197;0.4548955261707306,-0.12141964584589005,0.038725823163986206,-0.04521951451897621
;-83.8153076171875;-0.000003876968548865989,4.697538358300335e-8,-0.0016032549319788814,-0.054891396313905716;4.294349043032497e-10,0.2206408530473709,0.0863729938864708,-0.5601432919502258;0.45443660020828247,-0.12143044918775558,0.03869619220495224,-0.045220475643873215
;-83.81866455078125;-0.000003895704594469862,4.567084133100252e-8,-0.0016059762565419078,-0.05464400723576546;4.2857864479550756e-10,0.2206297069787979,0.08593758195638657,-0.5595179796218872;0.4539794921875,-0.12144125998020172,0.03866654261946678,-0.04522143304347992
;-83.82200622558594;-0.000003914302851626417,4.442844669938495e-8,-0.0016086915275081992,-0.05439767241477966;4.27727686602708e-10,0.22061856091022491,0.08550461381673813,-0.5588924288749695;0.45352423191070557,-0.12145206332206726,0.03863687068223953,-0.04522238299250603
;-83.8253402709961;-0.0000039327642298303545,4.324504132569018e-8,-0.0016114007448777556,-0.05415242910385132;4.2687894885595767e-10,0.22060748934745789,0.08507378399372101,-0.5582667589187622;0.4530697464942932,-0.121462881565094,0.03860718011856079,-0.04522332921624184
;-83.82865905761719;-0.000003951089183829026,4.211788251495818e-8,-0.001614103210158646,-0.05390823632478714;4.2603495731263763e-10,0.22059646248817444,0.08464536815881729,-0.5576408505439758;0.4526170492172241,-0.12147369980812073,0.03857746720314026,-0.045224275439977646
;-83.83196258544922;-0.000003969298177253222,4.104422757222892e-8,-0.0016167996218428016,-0.05366509035229683;4.251956009504454e-10,0.22058546543121338,0.08421935141086578,-0.5570340156555176;0.4521661102771759,-0.12148424983024597,0.03854861110448837,-0.04522521421313286
;-83.83525085449219;-0.0000039873725654615555,4.002146880566215e-8,-0.0016194895142689347,-0.053423020988702774;4.2436099079168343e-10,0.2205745279788971,0.08379574120044708,-0.5564077496528625;0.4517171382904053,-0.12149506062269211,0.038518860936164856,-0.04522615298628807
;-83.8385238647461;-0.000004005330083600711,3.9047133526537436e-8,-0.0016221733530983329,-0.05318198353052139;4.2353112683635175e-10,0.22056366503238678,0.0833745002746582,-0.5558005571365356;0.4512699246406555,-0.12150561809539795,0.03848996013402939,-0.045227084308862686
;-83.84178161621094;-0.000004023164819955127,3.811885207483101e-8,-0.0016248512547463179,-0.05294199660420418;4.2270587030657225e-10,0.22055284678936005,0.08295563608407974,-0.5551931858062744;0.450824499130249,-0.1215161681175232,0.03846104070544243,-0.045228008180856705
;-83.84502410888672;-0.000004040876319777453,3.723439334635259e-8,-0.0016275231027975678,-0.052703045308589935;4.2188524895792057e-10,0.2205420732498169,0.0825391337275505,-0.5546048879623413;0.45038095116615295,-0.12152647227048874,0.03843298181891441,-0.04522893205285072
;-83.84825134277344;-0.000004058470494783251,3.639161150204018e-8,-0.0016301888972520828,-0.05246511101722717;4.2106937381269915e-10,0.22053134441375732,0.0821249857544899,-0.5540163516998291;0.4499392509460449,-0.12153676897287369,0.038404908031225204,-0.045229848474264145
;-83.8514633178711;-0.000004075953711435432,3.55884743896695e-8,-0.0016328491037711501,-0.05222821608185768;4.202580505818787e-10,0.22052070498466492,0.08171315491199493,-0.5534276366233826;0.44949936866760254,-0.12154705822467804,0.038376808166503906,-0.04523076117038727
;-83.85466003417969;-0.000004093314146302873,3.482304933299929e-8,-0.0016355036059394479,-0.05199234560132027;4.194514180433373e-10,0.2205100655555725,0.0813036635518074,-0.5528387427330017;0.4490613341331482,-0.12155734747648239,0.038348689675331116,-0.04523167014122009
;-83.85784149169922;-0.000004110555437364383,3.4093503131771286e-8,-0.001638151821680367,-0.05175749585032463;4.1864881006326016e-10,0.22049950063228607,0.08089646697044373,-0.5522496700286865;0.4486250877380371,-0.12156764417886734,0.03832055628299713,-0.04523257538676262
;-83.86100769042969;-0.0000041276907722931355,3.339808429814184e-8,-0.001640794682316482,-0.051523659378290176;4.1785139237582314e-10,0.2204890102148056,0.0804915800690651,-0.551660418510437;0.448190838098526,-0.12157793343067169,0.038292404264211655,-0.04523347690701485
;-83.86416625976562;-0.000004144712420384167,3.273513726753663e-8,-0.0016434326535090804,-0.0512908436357975;4.170579992468504e-10,0.22047853469848633,0.08008898049592972,-0.551071047782898;0.44775834679603577,-0.12158823013305664,0.038264233618974686,-0.04523437097668648
;-83.8673095703125;-0.000004161597189522581,3.210296739553087e-8,-0.001646063756197691,-0.0510590597987175;4.1626785352022466e-10,0.22046810388565063,0.07968838512897491,-0.5504814386367798;0.44732666015625,-0.12159852683544159,0.038236040621995926,-0.04523526504635811
;-83.87043762207031;-0.000004178372819296783,3.150017136022143e-8,-0.0016486892709508538,-0.05082828179001808;4.1548164908533636e-10,0.2204577773809433,0.07929006218910217,-0.5498916506767273;0.44689691066741943,-0.12160883098840714,0.03820783644914627,-0.04523615539073944
;-83.8735580444336;-0.000004195022484054789,3.092522860015379e-8,-0.0016513088485226035,-0.050598543137311935;4.1469813694128277e-10,0.22044740617275238,0.07889372110366821,-0.5493018627166748;0.44646790623664856,-0.12161913514137268,0.038179609924554825,-0.045237038284540176
;-83.87666320800781;-0.000004211563464195933,3.037687079654461e-8,-0.0016539222560822964,-0.05036979168653488;4.1391975957871807e-10,0.22043710947036743,0.07849964499473572,-0.5487118363380432;0.4460408091545105,-0.12162943184375763,0.03815136104822159,-0.04523792490363121
;-83.8797607421875;-0.000004228007128403988,2.985381541975585e-8,-0.0016565301921218634,-0.05014202743768692;4.131453512634664e-10,0.22042684257030487,0.0781077966094017,-0.5481216311454773;0.4456154704093933,-0.12163973599672318,0.03812309727072716,-0.04523880034685135
;-83.88284301757812;-0.000004244312549417373,2.9354724873087434e-8,-0.0016591325402259827,-0.04991528391838074;4.1237360748347385e-10,0.22041663527488708,0.07771793007850647,-0.5475313067436218;0.44519099593162537,-0.12165004014968872,0.03809481859207153,-0.04523967579007149
;-83.88591766357422;-0.000004260506557329791,2.8878430313739045e-8,-0.0016617284854874015,-0.04968954622745514;4.116043894608623e-10,0.2204064279794693,0.07733000069856644,-0.5469407439231873;0.44476741552352905,-0.12166035920381546,0.03806651383638382,-0.04524054750800133
;-83.88898468017578;-0.000004276586423657136,2.8423917441955382e-8,-0.0016643188428133726,-0.049464792013168335;4.1083975110822735e-10,0.2203962802886963,0.0769442692399025,-0.5463501811027527;0.4443456530570984,-0.121670663356781,0.03803819417953491,-0.04524141922593117
;-83.89204406738281;-0.000004292526227800408,2.7989937478878346e-8,-0.0016669019823893905,-0.0492410771548748;4.1007577888940716e-10,0.22038614749908447,0.07656023651361465,-0.5457594990730286;0.44392356276512146,-0.12168098986148834,0.03800985962152481,-0.04524228721857071
;-83.89509582519531;-0.000004308371899242047,2.7575671524004974e-8,-0.0016694794176146388,-0.04901833459734917;4.093162753182611e-10,0.22037607431411743,0.07617837935686111,-0.5451685786247253;0.4435034692287445,-0.12169130891561508,0.03798149898648262,-0.04524315148591995
;-83.89813995361328;-0.000004324070232541999,2.717997915624437e-8,-0.001672050915658474,-0.04879661276936531;4.0855749339208103e-10,0.22036594152450562,0.07579820603132248,-0.5445776581764221;0.44308310747146606,-0.12170163542032242,0.037953123450279236,-0.045244015753269196
;-83.90117645263672;-0.0000043396762521297205,2.6802132069292384e-8,-0.0016746155451983213,-0.04857584461569786;4.078031801135751e-10,0.22035588324069977,0.07542018592357635,-0.5439865589141846;0.44266456365585327,-0.12171196937561035,0.03792472556233406,-0.04524488002061844
;-83.9041976928711;-0.00000435516312791151,2.6441174583169413e-8,-0.0016771741211414337,-0.0483560636639595;4.070514481036014e-10,0.22034582495689392,0.07504408061504364,-0.5434146523475647;0.4422469735145569,-0.1217220351099968,0.037897199392318726,-0.04524574056267738
;-83.90721130371094;-0.000004370534043118823,2.6096287797372497e-8,-0.0016797264106571674,-0.048137255012989044;4.063022418510087e-10,0.22033581137657166,0.07466987520456314,-0.542861819267273;0.44183018803596497,-0.12173184007406235,0.03787054494023323,-0.04524659737944603
;-83.91021728515625;-0.000004385809916129801,2.5766768274593232e-8,-0.0016822729958221316,-0.04791940003633499;4.05557587512817e-10,0.22032588720321655,0.07429781556129456,-0.5422895550727844;0.4414152204990387,-0.12174191325902939,0.03784298524260521,-0.04524745047092438
;-83.9132080078125;-0.000004400963916850742,2.5451791785258138e-8,-0.0016848138766363263,-0.04770253226161003;4.048154034208551e-10,0.22031591832637787,0.07392760366201401,-0.5417172908782959;0.44100114703178406,-0.12175199389457703,0.037815406918525696,-0.04524829983711243
;-83.91619110107422;-0.000004416011961438926,2.5150642457560934e-8,-0.0016873492859303951,-0.04748661443591118;4.0407530099706435e-10,0.22030599415302277,0.07355929166078568,-0.5411641597747803;0.4405878484249115,-0.12176179885864258,0.03778870031237602,-0.045249149203300476
;-83.91915893554688;-0.000004430969056556933,2.48627376464583e-8,-0.0016898782923817635,-0.047271646559238434;4.033401390657332e-10,0.22029611468315125,0.07319305092096329,-0.5406107902526855;0.44017642736434937,-0.12177161127328873,0.037761982530355453,-0.04524999484419823
;-83.922119140625;-0.000004445832928468008,2.458743075806069e-8,-0.0016924028750509024,-0.047057610005140305;4.026094180265005e-10,0.2202863246202469,0.07282892614603043,-0.5400572419166565;0.43976694345474243,-0.12178142368793488,0.037735242396593094,-0.04525083303451538
;-83.92506408691406;-0.000004460590389498975,2.4324030789557582e-8,-0.00169492163695395,-0.04684453457593918;4.018806953887122e-10,0.22027656435966492,0.072466641664505,-0.5395036339759827;0.4393582344055176,-0.12179122865200043,0.03770848736166954,-0.045251667499542236
;-83.9280014038086;-0.00000447523370894487,2.407195509590565e-8,-0.0016974351601675153,-0.04663240537047386;4.0115502586424157e-10,0.22026678919792175,0.07210617512464523,-0.5389498472213745;0.43895044922828674,-0.12180104851722717,0.03768171742558479,-0.04525250568985939
;-83.9309310913086;-0.000004489801995077869,2.383074360068349e-8,-0.001699942979030311,-0.04642120748758316;4.0043324212035714e-10,0.22025707364082336,0.07174777239561081,-0.538395881652832;0.43854448199272156,-0.12181086838245392,0.03765492886304855,-0.04525333642959595
;-83.93384552001953;-0.000004504247499426128,2.3599776355354152e-8,-0.0017024463741108775,-0.04621095955371857;3.997139008671269e-10,0.22024740278720856,0.07139117270708084,-0.5378226041793823;0.4381394386291504,-0.12182096391916275,0.03762722760438919,-0.045254163444042206
;-83.93675994873047;-0.000004518599325820105,2.3378568414500478e-8,-0.0017049438320100307,-0.04600164294242859;3.989976682383656e-10,0.22023776173591614,0.07103639096021652,-0.5372491478919983;0.4377351701259613,-0.12183105945587158,0.03759951516985893,-0.045254990458488464
;-83.9396743774414;-0.000004532819275482325,2.316655489664754e-8,-0.0017074354691430926,-0.04579329118132591;3.982814633651799e-10,0.22022810578346252,0.07068316638469696,-0.5366756319999695;0.4373307228088379,-0.12184116244316101,0.037571780383586884,-0.04525581747293472
;-83.94257354736328;-0.000004546945547190262,2.296336987228642e-8,-0.0017099208198487759,-0.04558587819337845;3.975677842493752e-10,0.2202184498310089,0.07033172994852066,-0.5361213684082031;0.43692708015441895,-0.12185099720954895,0.03754492104053497,-0.04525664076209068
;-83.94546508789062;-0.000004560956313071074,2.2768581686705147e-8,-0.0017124004662036896,-0.0453793928027153;3.9685713049131266e-10,0.22020883858203888,0.06998207420110703,-0.5355669856071472;0.43652433156967163,-0.12186083942651749,0.03751805052161217,-0.04525746405124664
;-83.94834899902344;-0.000004574891136144288,2.2581867042958947e-8,-0.001714874291792512,-0.04517380893230438;3.9615027924710944e-10,0.22019930183887482,0.06963443011045456,-0.5350123643875122;0.43612346053123474,-0.12187068164348602,0.03749115392565727,-0.045258279889822006
;-83.95122528076172;-0.000004588706360664219,2.2402677046784447e-8,-0.0017173427622765303,-0.044969163835048676;3.954440663811454e-10,0.22018976509571075,0.06928830593824387,-0.5344576835632324;0.43572235107421875,-0.12188052386045456,0.03746424987912178,-0.04525909945368767
;-83.95409393310547;-0.000004602435183187481,2.2230800311717758e-8,-0.0017198058776557446,-0.0447654128074646;3.9474215562940174e-10,0.22018027305603027,0.06894417852163315,-0.5339029431343079;0.43532323837280273,-0.12189038097858429,0.037437327206134796,-0.04525991156697273
;-83.95696258544922;-0.000004616049864125671,2.206573057605965e-8,-0.0017222625901922584,-0.04456259310245514;3.9404138285625834e-10,0.2201707512140274,0.0686015710234642,-0.5333479642868042;0.43492385745048523,-0.12190023064613342,0.03741038590669632,-0.045260727405548096
;-83.9598159790039;-0.0000046295690481201746,2.190721204442525e-8,-0.0017247137147933245,-0.0443606972694397;3.9334255297340803e-10,0.2201613038778305,0.06826069205999374,-0.5327931046485901;0.43452534079551697,-0.12191008776426315,0.03738342970609665,-0.04526153579354286
;-83.9626693725586;-0.000004642988642444834,2.1754924972583467e-8,-0.0017271599499508739,-0.04415968060493469;3.926461655812119e-10,0.2201518565416336,0.06792155653238297,-0.5322380661964417;0.4341276288032532,-0.12191995233297348,0.037356454879045486,-0.04526234418153763
;-83.96551513671875;-0.000004656289547710912,2.1608494549241186e-8,-0.00172959896735847,-0.043959617614746094;3.919503888116793e-10,0.2201424390077591,0.06758391112089157,-0.5316828489303589;0.43372970819473267,-0.121929831802845,0.03732946142554283,-0.045263152569532394
;-83.96835327148438;-0.0000046695186028955504,2.1467780442208095e-8,-0.001732033328153193,-0.04376041516661644;3.912588586452159e-10,0.22013308107852936,0.06724821031093597,-0.5311276316642761;0.43333372473716736,-0.12193970382213593,0.03730245307087898,-0.04526395723223686
;-83.97119140625;-0.000004682626240537502,2.1332372313054293e-8,-0.0017344619845971465,-0.0435621440410614;3.9056793910141607e-10,0.22012364864349365,0.06691399216651917,-0.530572235584259;0.4329375922679901,-0.12194958329200745,0.03727542981505394,-0.04526476189494133
;-83.97401428222656;-0.000004695637471741065,2.1202072986170606e-8,-0.001736884587444365,-0.0433647558093071;3.89879489803846e-10,0.22011424601078033,0.06658148020505905,-0.5300168395042419;0.4325422942638397,-0.12195947021245956,0.037248387932777405,-0.0452655628323555
;-83.97683715820312;-0.00000470856730316882,2.1076640877026875e-8,-0.0017393018351867795,-0.04316824674606323;3.891934552413545e-10,0.22010496258735657,0.06625066697597504,-0.5294612050056458;0.4321478009223938,-0.12196935713291168,0.037221331149339676,-0.04526636376976967
;-83.97966003417969;-0.000004721377536043292,2.0955766899533046e-8,-0.0017417134949937463,-0.0429726280272007;3.8850797579037533e-10,0.22009560465812683,0.06592129915952682,-0.5289056897163391;0.4317530691623688,-0.121979258954525,0.037194252014160156,-0.04526716470718384
;-83.98247528076172;-0.000004734074082080042,2.0839227232727353e-8,-0.0017441186355426908,-0.04277792200446129;3.8782305145090845e-10,0.22008629143238068,0.06559338420629501,-0.5283500552177429;0.4313581883907318,-0.1219891607761383,0.03716716170310974,-0.04526796191930771
;-83.98528289794922;-0.00000474669786854065,2.072695259869306e-8,-0.0017465181881561875,-0.042584050446748734;3.871424569812376e-10,0.22007697820663452,0.06526738405227661,-0.5277942419052124;0.43096527457237244,-0.12199906259775162,0.037140052765607834,-0.04526875913143158
;-83.98809051513672;-0.000004759213879879098,2.0618603713273842e-8,-0.001748911920003593,-0.04239107668399811;3.8646183475599116e-10,0.22006769478321075,0.06494282186031342,-0.5272383689880371;0.4305720627307892,-0.12200897932052612,0.037112925201654434,-0.04526955261826515
;-83.99089813232422;-0.000004771628027810948,2.0513983400860525e-8,-0.0017512997146695852,-0.04219899699091911;3.8578235050934495e-10,0.2200583964586258,0.06461969017982483,-0.5266824960708618;0.4301787316799164,-0.12201889604330063,0.03708578273653984,-0.04527034983038902
;-83.99369812011719;-0.0000047839221224421635,2.041290869669865e-8,-0.0017536812229081988,-0.042007800191640854;3.8510339361863544e-10,0.22004909813404083,0.06429798156023026,-0.5261264443397522;0.4297851324081421,-0.12202883511781693,0.037058621644973755,-0.045271143317222595
;-83.99649047851562;-0.0000047961502787075005,2.0315356508149307e-8,-0.0017560572596266866,-0.04181744158267975;3.844286833309951e-10,0.22003988921642303,0.0639781579375267,-0.5255704522132874;0.429393470287323,-0.12203875929117203,0.037031445652246475,-0.04527193680405617
;-83.99928283691406;-0.00000480828202853445,2.022100886733824e-8,-0.0017584275919944048,-0.041627950966358185;3.837545559104427e-10,0.22003066539764404,0.06365973502397537,-0.5250142812728882;0.4290015697479248,-0.12204869836568832,0.037004247307777405,-0.04527272656559944
;-84.0020751953125;-0.000004820292815566063,2.0129720113004623e-8,-0.0017607919871807098,-0.04143933579325676;3.83080955845827e-10,0.22002147138118744,0.06334272772073746,-0.5244580507278442;0.42860954999923706,-0.12205865234136581,0.03697703778743744,-0.045273520052433014
;-84.00486755371094;-0.000004832207196159288,2.0041330373032906e-8,-0.0017631505616009235,-0.041251588612794876;3.8240741129236255e-10,0.22001218795776367,0.06302713602781296,-0.5239017605781555;0.42821723222732544,-0.1220686063170433,0.03694980964064598,-0.04527430608868599
;-84.00765228271484;-0.000004844007889914792,1.9955701091589617e-8,-0.0017655023839324713,-0.04106472060084343;3.8173489369519586e-10,0.22000296413898468,0.06271293014287949,-0.523364782333374;0.42782479524612427,-0.1220782995223999,0.036923471838235855,-0.04527509957551956
;-84.01042938232422;-0.000004855754923482891,1.9872844703172632e-8,-0.0017678487347438931,-0.04087866097688675;3.81066650456674e-10,0.21999378502368927,0.062400560826063156,-0.522808313369751;0.4274342358112335,-0.12208826094865799,0.03689620643854141,-0.04527588188648224
;-84.0132064819336;-0.00000486738872496062,1.9792484096115004e-8,-0.0017701900796964765,-0.040693461894989014;3.803989345740888e-10,0.21998460590839386,0.062089577317237854,-0.5222711563110352;0.42704346776008606,-0.12209795415401459,0.0368698388338089,-0.04527667164802551
;-84.01597595214844;-0.000004878927484242013,1.9714500254508494e-8,-0.0017725246725603938,-0.040509119629859924;3.7973124644707923e-10,0.21997541189193726,0.061779968440532684,-0.5217531323432922;0.4266524910926819,-0.12210738658905029,0.036844365298748016,-0.04527745768427849
;-84.01873779296875;-0.00000489039666717872,1.9638919823705692e-8,-0.0017748548416420817,-0.0403255820274353;3.790682490123487e-10,0.21996630728244781,0.061472173780202866,-0.5211964845657349;0.4262634217739105,-0.12211737036705017,0.036817051470279694,-0.045278239995241165
;-84.02149963378906;-0.000004901773991150549,1.9565494113749082e-8,-0.0017771795392036438,-0.040142882615327835;3.7840588995585733e-10,0.219957172870636,0.06116574630141258,-0.5206397175788879;0.4258742034435272,-0.12212734669446945,0.03678972274065018,-0.045279018580913544
;-84.02426147460938;-0.0000049130499064631294,1.9494111214157783e-8,-0.0017794986488297582,-0.03996102139353752;3.7774350314379035e-10,0.21994800865650177,0.060860682278871536,-0.5201022028923035;0.4254847466945648,-0.12213707715272903,0.03676329180598259,-0.04527980089187622
;-84.02701568603516;-0.0000049242125896853395,1.9424678754376146e-8,-0.0017818119376897812,-0.03978000953793526;3.7708211553244553e-10,0.21993891894817352,0.060556959360837936,-0.5195838809013367;0.4250950813293457,-0.12214652448892593,0.036737751215696335,-0.045280586928129196
;-84.0297622680664;-0.000004935334800393321,1.9357237590611476e-8,-0.0017841197550296783,-0.039599787443876266;3.764249745241699e-10,0.2199297994375229,0.0602550208568573,-0.5190655589103699;0.42470741271972656,-0.12215597182512283,0.036712195724248886,-0.045281365513801575
;-84.0324935913086;-0.000004946373337588739,1.9291627850748228e-8,-0.0017864229157567024,-0.03942037373781204;3.757696931394605e-10,0.21992076933383942,0.05995463952422142,-0.5185471177101135;0.4243205487728119,-0.12216542661190033,0.03668662905693054,-0.045282140374183655
;-84.03522491455078;-0.000004957339115208015,1.922776604601495e-8,-0.001788721769116819,-0.03924177214503288;3.7511732609019077e-10,0.21991172432899475,0.059655800461769104,-0.5180284380912781;0.42393454909324646,-0.12217487394809723,0.036661047488451004,-0.045282915234565735
;-84.03794860839844;-0.000004968209395883605,1.916550118608029e-8,-0.0017910151509568095,-0.039063990116119385;3.744649312853454e-10,0.21990270912647247,0.05935828387737274,-0.5175098180770874;0.4235483407974243,-0.12218433618545532,0.036635447293519974,-0.04528368264436722
;-84.04066467285156;-0.000004979024197382387,1.9104891890719955e-8,-0.0017933042254298925,-0.03888698294758797;3.738172271727791e-10,0.219893679022789,0.059062518179416656,-0.5169910192489624;0.42316412925720215,-0.12219380587339401,0.03660983592271805,-0.0452844575047493
;-84.04338073730469;-0.0000049897435019374825,1.904573032618373e-8,-0.0017955885268747807,-0.03871079906821251;3.731695230602128e-10,0.2198847234249115,0.05876805633306503,-0.5164721608161926;0.42277970910072327,-0.1222032755613327,0.03658420592546463,-0.04528522863984108
;-84.04608154296875;-0.000005000386408937629,1.8988014716114776e-8,-0.0017978675896301866,-0.03853539749979973;3.7252465001635926e-10,0.21987572312355042,0.05847511813044548,-0.5159533023834229;0.42239615321159363,-0.1222127377986908,0.03655856102705002,-0.045285992324352264
;-84.04878234863281;-0.000005010961103835143,1.8931679335310037e-8,-0.0018001428106799722,-0.03836078569293022;3.71881636596072e-10,0.21986675262451172,0.058183684945106506,-0.515434205532074;0.422013521194458,-0.12222221493721008,0.03653290495276451,-0.04528675973415375
;-84.05147552490234;-0.0000050214534894621465,1.8876592733363395e-8,-0.001802412560209632,-0.03818698227405548;3.712391505317214e-10,0.2198578119277954,0.057893551886081696,-0.5149151086807251;0.4216306507587433,-0.12223169952630997,0.03650723025202751,-0.04528752714395523
;-84.05416107177734;-0.000005031886757933535,1.8822829517262107e-8,-0.0018046777695417404,-0.03801393136382103;3.7060132740407425e-10,0.21984891593456268,0.057605113834142685,-0.5143958330154419;0.4212496876716614,-0.12224118411540985,0.03648154065012932,-0.045288290828466415
;-84.05684661865234;-0.000005042223165219184,1.8770197840467517e-8,-0.001806938205845654,-0.037841666489839554;3.6996344876527587e-10,0.21984003484249115,0.057317957282066345,-0.5138765573501587;0.4208686053752899,-0.12225066870450974,0.03645583614706993,-0.0452890507876873
;-84.05952453613281;-0.000005052468623034656,1.8718640859560765e-8,-0.001809193636290729,-0.037670210003852844;3.693261252379898e-10,0.21983110904693604,0.057032082229852676,-0.5133573412895203;0.42048731446266174,-0.12226017564535141,0.03643012046813965,-0.04528981074690819
;-84.06219482421875;-0.00000506266906086239,1.866824383967014e-8,-0.0018114449921995401,-0.03749949857592583;3.6869343689183154e-10,0.21982219815254211,0.056747883558273315,-0.512837827205658;0.4201079308986664,-0.12226966768503189,0.036404386162757874,-0.045290570706129074
;-84.06486511230469;-0.000005072785370430211,1.8618822039684346e-8,-0.0018136912258341908,-0.037329576909542084;3.6806072079009766e-10,0.21981339156627655,0.05646495148539543,-0.5123183131217957;0.4197283983230591,-0.12227918207645416,0.036378633230924606,-0.04529132694005966
;-84.06753540039062;-0.000005082802090328187,1.857032927432556e-8,-0.0018159325700253248,-0.037160445004701614;3.674285875554517e-10,0.2198045253753662,0.05618327111005783,-0.5117987394332886;0.41934865713119507,-0.12228868156671524,0.03635287284851074,-0.04529208317399025
;-84.07019805908203;-0.000005092728770250687,1.852272468738647e-8,-0.0018181682098656893,-0.03699208050966263;3.667968428988644e-10,0.21979571878910065,0.05590285733342171,-0.5112791061401367;0.4189686179161072,-0.12229820340871811,0.036327093839645386,-0.04529283940792084
;-84.0728530883789;-0.000005102622708363924,1.8476091767638536e-8,-0.0018203993095085025,-0.03682446479797363;3.661692338230438e-10,0.2197868824005127,0.055624086409807205,-0.5107593536376953;0.4185906648635864,-0.12230772525072098,0.036301299929618835,-0.04529359191656113
;-84.07550811767578;-0.000005112417511554668,1.843026353753885e-8,-0.0018226259853690863,-0.03665761649608612;3.6554265170352096e-10,0.2197781205177307,0.05534655973315239,-0.5102395415306091;0.4182124137878418,-0.12231725454330444,0.03627548739314079,-0.045294344425201416
;-84.07816314697266;-0.000005122132279211655,1.8385200917236943e-8,-0.001824846607632935,-0.03649153560400009;3.649160140728469e-10,0.21976929903030396,0.05507026985287666,-0.5097196698188782;0.41783401370048523,-0.1223267912864685,0.036249659955501556,-0.045295100659132004
;-84.08081817626953;-0.000005131749276188202,1.8340861274168674e-8,-0.0018270628061145544,-0.036326225847005844;3.6428990379810955e-10,0.2197604477405548,0.05479521304368973,-0.509199857711792;0.4174554646015167,-0.12233633548021317,0.036223821341991425,-0.04529585316777229
;-84.08345794677734;-0.00000514131033924059,1.8297280135470828e-8,-0.001829273533076048,-0.03616166114807129;3.6366604172499706e-10,0.21975170075893402,0.054521579295396805,-0.5086798667907715;0.4170777201652527,-0.12234587967395782,0.0361979678273201,-0.045296601951122284
;-84.08609771728516;-0.000005150808192411205,1.8254425526720297e-8,-0.0018314800690859556,-0.03599783778190613;3.630445388758119e-10,0.21974295377731323,0.05424938350915909,-0.5081597566604614;0.41670089960098267,-0.12235543131828308,0.03617209568619728,-0.045297347009181976
;-84.08873748779297;-0.000005160212822374888,1.8212203301004593e-8,-0.0018336813664063811,-0.035834766924381256;3.6242345236026097e-10,0.21973417699337006,0.05397839471697807,-0.5076396465301514;0.41632387042045593,-0.12236499786376953,0.03614620864391327,-0.04529809579253197
;-84.09137725830078;-0.000005169542873773025,1.8170577931186926e-8,-0.00183587777428329,-0.035672444850206375;3.618028654450711e-10,0.21972547471523285,0.05370860919356346,-0.5071195363998413;0.4159466326236725,-0.12237455695867538,0.03612031042575836,-0.045298848301172256
;-84.0940170288086;-0.000005178775609238073,1.8129522771914708e-8,-0.0018380683613941073,-0.03551087528467178;3.611832222194522e-10,0.21971671283245087,0.05344004929065704,-0.5066186189651489;0.41556915640830994,-0.12238384783267975,0.03609531745314598,-0.04529959708452225
;-84.09664154052734;-0.000005187949682294857,1.8089075126681564e-8,-0.0018402542918920517,-0.03535003587603569;3.605654108618239e-10,0.21970799565315247,0.05317287519574165,-0.5060982704162598;0.41519269347190857,-0.12239342927932739,0.03606938570737839,-0.04530033841729164
;-84.0992660522461;-0.0000051970746426377445,1.8049213679205423e-8,-0.001842436264269054,-0.0351899191737175;3.599498754613961e-10,0.21969930827617645,0.05290708690881729,-0.5055779218673706;0.4148169755935669,-0.12240300327539444,0.0360434353351593,-0.045301083475351334
;-84.10189056396484;-0.000005206102287047543,1.8009849611644313e-8,-0.0018446128815412521,-0.035030532628297806;3.593348119057538e-10,0.21969062089920044,0.05264248698949814,-0.5050961375236511;0.41444116830825806,-0.12241201847791672,0.036019328981637955,-0.04530182480812073
;-84.10449981689453;-0.0000052150867304590065,1.7971018451135023e-8,-0.001846784958615899,-0.03487187251448631;3.587219965517363e-10,0.21968193352222443,0.05237926170229912,-0.5045948624610901;0.4140661656856537,-0.12242132425308228,0.0359942801296711,-0.04530256986618042
;-84.10710906982422;-0.000005223997050052276,1.7932704210466e-8,-0.0018489524954929948,-0.03471393138170242;3.581114293993437e-10,0.219673290848732,0.05211741104722023,-0.5041128993034363;0.4136921167373657,-0.12243034690618515,0.03597014769911766,-0.045303307473659515
;-84.1097183227539;-0.000005232839157542912,1.789481984815211e-8,-0.0018511164234951138,-0.03455671668052673;3.575013896028878e-10,0.21966464817523956,0.051856741309165955,-0.5036115646362305;0.41331785917282104,-0.1224396750330925,0.03594507277011871,-0.04530404880642891
;-84.11231231689453;-0.000005241615781415021,1.785740977311434e-8,-0.0018532749963924289,-0.034400202333927155;3.5689357025248114e-10,0.2196560651063919,0.051597416400909424,-0.5031294226646423;0.4129444658756256,-0.12244869768619537,0.03592090681195259,-0.045304786413908005
;-84.11490631103516;-0.0000052503414735838305,1.7820459774497976e-8,-0.0018554305424913764,-0.034244392067193985;3.562875550144895e-10,0.21964745223522186,0.05133944749832153,-0.5026472806930542;0.4125719666481018,-0.12245772778987885,0.03589673340320587,-0.0453055202960968
;-84.11748504638672;-0.00000525901577930199,1.7783943206950426e-8,-0.0018575807334855199,-0.03408929705619812;3.556842598229082e-10,0.2196389138698578,0.05108281597495079,-0.5021649599075317;0.4122004210948944,-0.12246676534414291,0.03587254509329796,-0.0453062541782856
;-84.12006378173828;-0.000005267633696348639,1.774785651775801e-8,-0.0018597278976812959,-0.03393488749861717;3.5508321283295174e-10,0.21963036060333252,0.050827521830797195,-0.5016825795173645;0.41182973980903625,-0.12247580289840698,0.03584834560751915,-0.0453069843351841
;-84.12262725830078;-0.0000052761879487661645,1.7712173061568137e-8,-0.0018618712201714516,-0.033781178295612335;3.5448441404462017e-10,0.21962186694145203,0.05057356879115105,-0.5012001395225525;0.41145986318588257,-0.12248484790325165,0.03582412749528885,-0.0453077107667923
;-84.12519073486328;-0.0000052846912694803905,1.7676882180239772e-8,-0.0018640108173713088,-0.033628154546022415;3.5388786345791345e-10,0.21961337327957153,0.05032092705368996,-0.5007174611091614;0.41109102964401245,-0.12249388545751572,0.03579990193247795,-0.0453084371984005
;-84.12774658203125;-0.000005293121375871124,1.7641903937715142e-8,-0.0018661462236195803,-0.0334758497774601;3.532912573600555e-10,0.21960489451885223,0.0500694140791893,-0.5002349019050598;0.41072195768356323,-0.12250295281410217,0.03577565774321556,-0.0453091636300087
;-84.13029479980469;-0.000005301530563883716,1.7607355573545647e-8,-0.0018682772060856223,-0.03332420065999031;3.526991754210229e-10,0.21959641575813293,0.04981940612196922,-0.4997520446777344;0.4103549122810364,-0.12251199036836624,0.035751406103372574,-0.0453098826110363
;-84.13284301757812;-0.000005309851076162886,1.7573091426470455e-8,-0.0018704053945839405,-0.03317323699593544;3.5210753757120017e-10,0.2195879966020584,0.049570515751838684,-0.4992692470550537;0.4099876284599304,-0.1225210502743721,0.03572713956236839,-0.0453106090426445
;-84.13538360595703;-0.000005318096555129159,1.7539099061991692e-8,-0.0018725290428847075,-0.033022962510585785;3.515158719658018e-10,0.2195795774459839,0.04932273179292679,-0.49878638982772827;0.40962010622024536,-0.12253011018037796,0.03570285439491272,-0.0453113317489624
;-84.1379165649414;-0.00000532631520400173,1.7505495719660757e-8,-0.001874648849479854,-0.03287336230278015;3.5092864725250195e-10,0.21957120299339294,0.049076423048973083,-0.4983033537864685;0.40925464034080505,-0.12253917008638382,0.03567855805158615,-0.04531204700469971
;-84.14044952392578;-0.00000533446655026637,1.747214284364418e-8,-0.0018767645815387368,-0.03272445127367973;3.5034189438398755e-10,0.21956278383731842,0.04883121699094772,-0.4978204071521759;0.4088890552520752,-0.12254824489355087,0.03565425053238869,-0.04531276598572731
;-84.14297485351562;-0.000005342532404029043,1.7439029775800918e-8,-0.0018788761226460338,-0.03257622569799423;3.4975511375989754e-10,0.21955443918704987,0.04858711361885071,-0.4973372519016266;0.40852320194244385,-0.12255731970071793,0.03562992811203003,-0.045313481241464615
;-84.14549255371094;-0.000005350576884666225,1.7406273755682378e-8,-0.0018809838220477104,-0.03242865204811096;3.4917280178348165e-10,0.2195460945367813,0.04834446683526039,-0.4968540668487549;0.4081592559814453,-0.12256640195846558,0.035605594515800476,-0.04531419277191162
;-84.14801025390625;-0.000005358554062695475,1.7373738003811923e-8,-0.001883087563328445,-0.03228176012635231;3.485903787847633e-10,0.21953777968883514,0.048102907836437225,-0.496370792388916;0.40779533982276917,-0.12257547676563263,0.03558124601840973,-0.045314908027648926
;-84.15052795410156;-0.000005366450750443619,1.7341408309334838e-8,-0.0018851866479963064,-0.03213553503155708;3.480089272311915e-10,0.21952947974205017,0.04786243289709091,-0.49588742852211;0.40743106603622437,-0.12258456647396088,0.03555688261985779,-0.04531561955809593
;-84.15303802490234;-0.000005374281499825884,1.7309279343180606e-8,-0.0018872811924666166,-0.03199000284075737;3.474278642556783e-10,0.21952112019062042,0.047623030841350555,-0.4954041540622711;0.4070666432380676,-0.12259366363286972,0.03553250804543495,-0.04531633108854294
;-84.1555404663086;-0.000005382078143156832,1.7277470121257466e-8,-0.0018893727101385593,-0.0318450964987278;3.468503262382683e-10,0.21951283514499664,0.047385066747665405,-0.4949205815792084;0.40670427680015564,-0.12260276079177856,0.03550811856985092,-0.045317038893699646
;-84.15804290771484;-0.000005389812486100709,1.7245845640445623e-8,-0.0018914593383669853,-0.03170086815953255;3.462732323100681e-10,0.21950455009937286,0.04714817553758621,-0.4944371283054352;0.40634170174598694,-0.122611865401268,0.035483717918395996,-0.04531775042414665
;-84.1605453491211;-0.000005397466338763479,1.721439701896088e-8,-0.0018935424741357565,-0.03155730292201042;3.4569699880471205e-10,0.21949627995491028,0.04691234976053238,-0.49395355582237244;0.40597888827323914,-0.12262097001075745,0.03545929864048958,-0.04531845822930336
;-84.16304779052734;-0.000005405056981544476,1.7183113598662203e-8,-0.001895620720461011,-0.03141440823674202;3.4512070978820475e-10,0.2194880098104477,0.04667757824063301,-0.4934699833393097;0.4056158661842346,-0.12263008952140808,0.035434868186712265,-0.045319169759750366
;-84.16553497314453;-0.0000054125971473695245,1.715205755203897e-8,-0.0018976941937580705,-0.03127215802669525;3.4454711306253216e-10,0.2194797545671463,0.046444039791822433,-0.4929863512516022;0.4052538573741913,-0.12263921648263931,0.035410426557064056,-0.04531987011432648
;-84.16802215576172;-0.000005420098204922397,1.712122355002066e-8,-0.0018997644074261189,-0.031130541115999222;3.4397523718254774e-10,0.21947157382965088,0.04621172696352005,-0.49250248074531555;0.4048926532268524,-0.12264832854270935,0.035385970026254654,-0.045320574194192886
;-84.1705093383789;-0.0000054275169532047585,1.709053698562002e-8,-0.0019018299644812942,-0.03098957985639572;3.434041939698318e-10,0.2194633036851883,0.04598045349121094,-0.4920186996459961;0.4045312702655792,-0.12265746295452118,0.035361502319574356,-0.045321278274059296
;-84.1729965209961;-0.000005434877039078856,1.7059988977052853e-8,-0.0019038914470002055,-0.03084927797317505;3.4283312300154023e-10,0.2194550633430481,0.045750223100185394,-0.4915348291397095;0.40416979789733887,-0.1226666048169136,0.035337015986442566,-0.045321986079216
;-84.17548370361328;-0.0000054421643653768115,1.7029575971605482e-8,-0.0019059482729062438,-0.03070962056517601;3.422624961224585e-10,0.21944686770439148,0.04552103951573372,-0.4910510182380676;0.40380802750587463,-0.12267574667930603,0.03531252220273018,-0.04532269015908241
;-84.17797088623047;-0.000005449373475130415,1.6999296192921065e-8,-0.0019080003257840872,-0.030570615082979202;3.416927296662209e-10,0.21943867206573486,0.04529288411140442,-0.49056702852249146;0.40344610810279846,-0.12268489599227905,0.0352880097925663,-0.04532339423894882
;-84.18045043945312;-0.000005456525286717806,1.6969138982858567e-8,-0.0019100478384643793,-0.03043224662542343;3.41122907698832e-10,0.21943041682243347,0.045065756887197495,-0.49008312821388245;0.40308400988578796,-0.12269405275583267,0.035263486206531525,-0.04532409831881523
;-84.18292236328125;-0.000005463661182147916,1.6939234015467264e-8,-0.0019120910437777638,-0.030294479802250862;3.4055749886796605e-10,0.21942222118377686,0.044840000569820404,-0.48961836099624634;0.40272393822669983,-0.12270292639732361,0.03523989021778107,-0.045324794948101044
;-84.18539428710938;-0.000005470728410728043,1.6909442734913682e-8,-0.0019141306402161717,-0.030157363042235374;3.3999203452594884e-10,0.21941402554512024,0.044615257531404495,-0.4891342520713806;0.402363657951355,-0.12271208316087723,0.0352153405547142,-0.04532549902796745
;-84.1878662109375;-0.0000054777156037744135,1.6879761588484143e-8,-0.0019161661621183157,-0.03002087213099003;3.3942698651756587e-10,0.21940581500530243,0.044391531497240067,-0.48866942524909973;0.4020031988620758,-0.12272095680236816,0.035191718488931656,-0.045326199382543564
;-84.19033813476562;-0.000005484647317643976,1.6850190576178647e-8,-0.0019181972602382302,-0.02988501265645027;3.38862798932027e-10,0.21939760446548462,0.04416881874203682,-0.48818522691726685;0.40164250135421753,-0.12273014336824417,0.0351671427488327,-0.04532690346240997
;-84.19279479980469;-0.000005491534466273151,1.6820782988702376e-8,-0.0019202235853299499,-0.029749762266874313;3.3830033219217626e-10,0.2193894386291504,0.043947283178567886,-0.4877396523952484;0.4012828469276428,-0.12273873388767242,0.035144440829753876,-0.04532759636640549
;-84.19525146484375;-0.000005498383416124852,1.679154060241217e-8,-0.0019222472328692675,-0.0296151302754879;3.3774003038722356e-10,0.21938128769397736,0.04372691735625267,-0.4872746467590332;0.4009239673614502,-0.12274761497974396,0.03512078523635864,-0.0453282967209816
;-84.19770050048828;-0.00000550516915609478,1.676239591574813e-8,-0.0019242668058723211,-0.02948111668229103;3.3718008940475386e-10,0.21937313675880432,0.04350753873586655,-0.4868096709251404;0.400564968585968,-0.12275651097297668,0.035097118467092514,-0.04532899335026741
;-84.20014190673828;-0.00000551194034414948,1.6733473273689015e-8,-0.0019262826535850763,-0.029347684234380722;3.3662456155880705e-10,0.21936501562595367,0.043289486318826675,-0.4863637387752533;0.4002079367637634,-0.12276510894298553,0.035074383020401,-0.045329686254262924
;-84.20257568359375;-0.0000055186419558594935,1.670463944947187e-8,-0.0019282957073301077,-0.02921486645936966;3.3606892269055777e-10,0.2193569391965866,0.0430724211037159,-0.485917866230011;0.39985084533691406,-0.12277371436357498,0.03505163639783859,-0.04533037543296814
;-84.20500183105469;-0.000005525337201106595,1.6676022340789132e-8,-0.0019303056178614497,-0.029082641005516052;3.355172251140459e-10,0.21934889256954193,0.04285665601491928,-0.4854719340801239;0.3994956910610199,-0.12278231233358383,0.03502887859940529,-0.045331068336963654
;-84.2074203491211;-0.000005531965143745765,1.6647492273591524e-8,-0.0019323121523484588,-0.028951020911335945;3.349659161155927e-10,0.21934083104133606,0.04264187067747116,-0.4850258231163025;0.3991403579711914,-0.12279091775417328,0.03500610589981079,-0.04533175379037857
;-84.20983123779297;-0.00000553859035790083,1.6619170040144127e-8,-0.0019343161256983876,-0.02881997637450695;3.3441846514215e-10,0.21933284401893616,0.042428385466337204,-0.48457953333854675;0.39878714084625244,-0.12279951572418213,0.0349833220243454,-0.04533243924379349
;-84.21224212646484;-0.000005545140538742999,1.659093484818186e-8,-0.0019363169558346272,-0.028689533472061157;3.338714305023416e-10,0.21932485699653625,0.042215850204229355,-0.48413336277008057;0.398433655500412,-0.12280812859535217,0.03496053069829941,-0.045333120971918106
;-84.21463775634766;-0.000005551659342017956,1.6562839988409905e-8,-0.0019383147591724992,-0.028559677302837372;3.3332650528627994e-10,0.21931684017181396,0.04200444370508194,-0.48368707299232483;0.3980811834335327,-0.12281674146652222,0.034937724471092224,-0.045333802700042725
;-84.21703338623047;-0.000005558135853789281,1.6534885460828264e-8,-0.0019403095357120037,-0.028430407866835594;3.327837450051163e-10,0.21930888295173645,0.041794151067733765,-0.48324060440063477;0.3977296054363251,-0.12282535433769226,0.03491491079330444,-0.04533448442816734
;-84.21942901611328;-0.000005564550065173535,1.6507003763877037e-8,-0.0019423005869612098,-0.02830173633992672;3.322413177908601e-10,0.21930095553398132,0.041584812104701996,-0.4827941656112671;0.3973778188228607,-0.1228339746594429,0.03489208221435547,-0.045335158705711365
;-84.22180938720703;-0.000005570933353737928,1.6479257070045605e-8,-0.001944288844242692,-0.028173649683594704;3.317010832670775e-10,0.21929307281970978,0.04137657210230827,-0.48234763741493225;0.3970269560813904,-0.12284259498119354,0.0348692424595356,-0.045335836708545685
;-84.22418975830078;-0.000005577288447966566,1.645164182662029e-8,-0.0019462733762338758,-0.0280461385846138;3.311628471447392e-10,0.21928519010543823,0.041169434785842896,-0.48190099000930786;0.3966771066188812,-0.12285122275352478,0.034846387803554535,-0.045336510986089706
;-84.22657012939453;-0.000005583570782619063,1.642409763746855e-8,-0.0019482546485960484,-0.027919210493564606;3.30625110622762e-10,0.2192772626876831,0.04096323251724243,-0.48145434260368347;0.39632704854011536,-0.12285985052585602,0.034823521971702576,-0.04533718526363373
;-84.22893524169922;-0.00000558982264919905,1.6396677793295567e-8,-0.0019502320792526007,-0.02779286354780197;3.3008940025780475e-10,0.21926939487457275,0.040758125483989716,-0.4810076057910919;0.3959778845310211,-0.12286848574876785,0.03480064496397972,-0.04533785954117775
;-84.2313003540039;-0.0000055960404097277205,1.636939117588554e-8,-0.0019522070651873946,-0.02766708843410015;3.295558270721699e-10,0.2192615568637848,0.04055409878492355,-0.4805607795715332;0.3956296145915985,-0.12287712097167969,0.03477776050567627,-0.045338526368141174
;-84.2336654663086;-0.000005602194505627267,1.634216495460805e-8,-0.00195417832583189,-0.02754189446568489;3.2902264246459367e-10,0.21925373375415802,0.04035099595785141,-0.4801138937473297;0.3952813148498535,-0.12288575619459152,0.034754861146211624,-0.045339200645685196
;-84.23602294921875;-0.000005608296305581462,1.6314999129463104e-8,-0.0019561455119401217,-0.02741728164255619;3.284893745902906e-10,0.21924589574337006,0.04014880582690239,-0.47966697812080383;0.39493274688720703,-0.12289441376924515,0.03473195061087608,-0.04533986747264862
;-84.23837280273438;-0.00000561437946089427,1.6288018045429453e-8,-0.0019581106025725603,-0.027293214574456215;3.279603810746323e-10,0.21923813223838806,0.03994785249233246,-0.4792200028896332;0.3945861756801605,-0.12290305644273758,0.03470902517437935,-0.045340538024902344
;-84.24072265625;-0.000005620413958240533,1.6261095581171503e-8,-0.001960072200745344,-0.027169721201062202;3.2743177613703267e-10,0.21923032402992249,0.039747804403305054,-0.47877299785614014;0.394239604473114,-0.1229117140173912,0.03468609228730202,-0.04534120112657547
;-84.24307250976562;-0.000005626390702673234,1.6234226407618735e-8,-0.001962029840797186,-0.027046801522374153;3.269034765107648e-10,0.2192225307226181,0.03954865783452988,-0.47832581400871277;0.39389267563819885,-0.12292037159204483,0.03466314449906349,-0.045341867953538895
;-84.24541473388672;-0.0000056322969612665474,1.6207414077484827e-8,-0.001963983755558729,-0.02692445181310177;3.2637559321813114e-10,0.21921473741531372,0.039350420236587524,-0.47787871956825256;0.39354562759399414,-0.12292903661727905,0.03464018926024437,-0.04534253105521202
;-84.24774932861328;-0.000005638206403091317,1.618077938303486e-8,-0.0019659341778606176,-0.026802631095051765;3.2585104059457137e-10,0.2192070186138153,0.039153385907411575,-0.47743144631385803;0.3932006359100342,-0.12293770164251328,0.03461721912026405,-0.04534319415688515
;-84.25008392333984;-0.000005644059456244577,1.6154197979290075e-8,-0.001967881340533495,-0.02668137662112713;3.253273761494313e-10,0.2191992849111557,0.03895724564790726,-0.4769841134548187;0.3928554654121399,-0.1229463741183281,0.03459423780441284,-0.045343853533267975
;-84.2524185180664;-0.000005649855665978976,1.6127666313536793e-8,-0.0019698250107467175,-0.02656068280339241;3.24804017015623e-10,0.2191915363073349,0.038761988282203674,-0.4765368402004242;0.39251017570495605,-0.12295505404472351,0.034571241587400436,-0.0453445129096508
;-84.25475311279297;-0.00000565558275411604,1.6101182609418174e-8,-0.0019717649556696415,-0.02644054964184761;3.2428057461508786e-10,0.2191838026046753,0.038567617535591125,-0.4760894477367401;0.3921646475791931,-0.12296373397111893,0.034548237919807434,-0.04534517973661423
;-84.257080078125;-0.000005661260274791857,1.607474509057738e-8,-0.0019737007096409798,-0.02632097154855728;3.237579648818212e-10,0.2191760390996933,0.03837413340806961,-0.4756420850753784;0.3918188810348511,-0.12297242134809494,0.03452521935105324,-0.045345839112997055
;-84.2593994140625;-0.000005666936885972973,1.6048483431063687e-8,-0.001975632505491376,-0.026201916858553886;3.23239074395687e-10,0.21916840970516205,0.03818182274699211,-0.4751945436000824;0.39147526025772095,-0.12298111617565155,0.034502193331718445,-0.04534649848937988
;-84.26171875;-0.000005672557108482579,1.602226618047098e-8,-0.0019775619730353355,-0.026083409786224365;3.227201839095528e-10,0.21916072070598602,0.03799039497971535,-0.4747470021247864;0.3911314308643341,-0.12298981100320816,0.03447914868593216,-0.045347150415182114
;-84.2640380859375;-0.000005678120942320675,1.5996093338799255e-8,-0.0019794884137809277,-0.025965457782149315;3.2220204282396026e-10,0.2191530168056488,0.037799835205078125,-0.4742993712425232;0.3907874822616577,-0.12299851328134537,0.03445609658956528,-0.04534780979156494
;-84.266357421875;-0.000005683628387487261,1.5969963129691678e-8,-0.001981410663574934,-0.02584804780781269;3.216842625608507e-10,0.21914534270763397,0.037610139697790146,-0.4738517701625824;0.3904433250427246,-0.12300721555948257,0.0344330333173275,-0.04534846544265747
;-84.2686767578125;-0.000005689081717719091,1.5943872000434567e-8,-0.0019833275582641363,-0.025731181725859642;3.211663990310143e-10,0.21913766860961914,0.037421297281980515,-0.4734041392803192;0.39009901881217957,-0.12301593273878098,0.03440995514392853,-0.04534912109375
;-84.27099609375;-0.000005694478659279412,1.5917821727384762e-8,-0.001985241426154971,-0.025614863261580467;3.2064934041287074e-10,0.21912997961044312,0.03723332658410072,-0.47295641899108887;0.38975444436073303,-0.12302464991807938,0.03438686579465866,-0.04534978047013283
;-84.27330017089844;-0.000005699843313777819,1.5891876259388482e-8,-0.00198715110309422,-0.025499066337943077;3.201339193736885e-10,0.21912230551242828,0.03704634681344032,-0.4725280702114105;0.3894108831882477,-0.1230330690741539,0.0343647301197052,-0.04535043612122536
;-84.27560424804688;-0.000005705182502424577,1.5866032043732048e-8,-0.001989058218896389,-0.02538379095494747;3.1962091306958484e-10,0.21911466121673584,0.03686037287116051,-0.47211891412734985;0.3890683352947235,-0.12304118275642395,0.03434354439377785,-0.04535108432173729
;-84.27789306640625;-0.000005710499863198493,1.5840294409485978e-8,-0.0019909623079001904,-0.0252690389752388;3.191100717003792e-10,0.21910707652568817,0.03667538985610008,-0.4716903567314148;0.3887265622615814,-0.12304960191249847,0.034321386367082596,-0.04535173624753952
;-84.28018188476562;-0.000005715786755899899,1.5814656251222914e-8,-0.001992864068597555,-0.025154804810881615;3.18600784643408e-10,0.2190994918346405,0.03649139404296875,-0.4712422490119934;0.3883858621120453,-0.12305834144353867,0.03429824858903885,-0.04535238817334175
;-84.282470703125;-0.000005721016350435093,1.5789058949167156e-8,-0.0019947628024965525,-0.025041095912456512;3.180923302537053e-10,0.21909195184707642,0.03630823269486427,-0.47079429030418396;0.38804498314857483,-0.12306707352399826,0.034275103360414505,-0.045353032648563385
;-84.28475952148438;-0.000005726194558519637,1.5763495397891347e-8,-0.0019966578111052513,-0.02492791973054409;3.1758373708612453e-10,0.21908438205718994,0.03612590581178665,-0.47036558389663696;0.38770386576652527,-0.12307550758123398,0.03425291180610657,-0.045353684574365616
;-84.28704071044922;-0.000005731319106416777,1.5737970926466005e-8,-0.001998548861593008,-0.024815259501338005;3.170759765858122e-10,0.2190767526626587,0.03594440594315529,-0.4699562191963196;0.38736259937286377,-0.12308365106582642,0.03423167020082474,-0.04535432904958725
;-84.28931427001953;-0.000005736444563808618,1.5712609879869888e-8,-0.0020004368852823973,-0.024703089147806168;3.1657149124342254e-10,0.219069242477417,0.03576401621103287,-0.46952733397483826;0.38702353835105896,-0.12309208512306213,0.03420945256948471,-0.04535497725009918
;-84.29158782958984;-0.000005741522272728616,1.568728258405372e-8,-0.0020023221150040627,-0.024591440334916115;3.1606733896794026e-10,0.2190617024898529,0.035584457218647,-0.46911782026290894;0.3866841197013855,-0.12310022115707397,0.03418819606304169,-0.04535561800003052
;-84.2938461303711;-0.000005746565420849947,1.5662056540577396e-8,-0.0020042043179273605,-0.024480294436216354;3.155656846942634e-10,0.2190542221069336,0.035405855625867844,-0.46868881583213806;0.386345773935318,-0.12310867011547089,0.03416595980525017,-0.04535625874996185
;-84.29610443115234;-0.00000575159947402426,1.563692997308408e-8,-0.002006084891036153,-0.024369653314352036;3.150656124883966e-10,0.21904675662517548,0.03522820398211479,-0.468279093503952;0.3860083222389221,-0.12311680614948273,0.03414468094706535,-0.04535689577460289
;-84.2983627319336;-0.000005756567134085344,1.561183715637071e-8,-0.0020079610403627157,-0.024259522557258606;3.1456592886058843e-10,0.21903927624225616,0.035051360726356506,-0.46786946058273315;0.3856707811355591,-0.12312495708465576,0.034123390913009644,-0.045357536524534225
;-84.30060577392578;-0.0000057615166042523924,1.558684381564035e-8,-0.0020098350942134857,-0.02414988912642002;3.140686599678588e-10,0.21903182566165924,0.03487546741962433,-0.4674595892429352;0.38533416390419006,-0.1231331080198288,0.03410208970308304,-0.04535817354917526
;-84.30284881591797;-0.000005766437425336335,1.5561944621822477e-8,-0.002011706819757819,-0.024040747433900833;3.135730008985149e-10,0.2190244346857071,0.034700509160757065,-0.4670497179031372;0.38499853014945984,-0.12314125150442123,0.034080781042575836,-0.0453588105738163
;-84.30508422851562;-0.000005771316864411347,1.553708095514139e-8,-0.002013575052842498,-0.023932110518217087;3.13077702651654e-10,0.21901699900627136,0.03452634811401367,-0.46663984656333923;0.3846626579761505,-0.12314940989017487,0.03405945748090744,-0.04535944387316704
;-84.30731201171875;-0.000005776188118034042,1.551238248964637e-8,-0.0020154414232820272,-0.023823954164981842;3.1258651222998424e-10,0.2190096378326416,0.034353263676166534,-0.46622976660728455;0.3843289613723755,-0.1231575608253479,0.03403812646865845,-0.04536007344722748
;-84.30953979492188;-0.000005781019808637211,1.548771244586078e-8,-0.002017304766923189,-0.02371629700064659;3.12095210786012e-10,0.21900226175785065,0.034180957823991776,-0.46581971645355225;0.38399502635002136,-0.12316571921110153,0.03401678428053856,-0.04536070674657822
;-84.31175231933594;-0.000005785822850157274,1.5463141878058195e-8,-0.0020191653165966272,-0.02360912412405014;3.116059632546353e-10,0.21899493038654327,0.034009575843811035,-0.4654095470905304;0.3836621046066284,-0.12317387014627457,0.033995434641838074,-0.04536133259534836
;-84.31396484375;-0.000005790609975520056,1.543866723352494e-8,-0.002021024702116847,-0.02350243553519249;3.111186586135517e-10,0.2189875841140747,0.03383911773562431,-0.46499931812286377;0.38333019614219666,-0.1231820359826088,0.03397407755255699,-0.0453619584441185
;-84.31617736816406;-0.000005795336164737819,1.541422456341479e-8,-0.0020228803623467684,-0.023396242409944534;3.1063177030610234e-10,0.2189803123474121,0.03366943076252937,-0.46458902955055237;0.3829980492591858,-0.12319020181894302,0.033952705562114716,-0.04536258801817894
;-84.31837463378906;-0.000005800054623250617,1.538988136928765e-8,-0.0020247329957783222,-0.02329052798449993;3.101468526445217e-10,0.21897299587726593,0.03350065276026726,-0.4641786813735962;0.3826669156551361,-0.12319836765527725,0.033931322395801544,-0.04536321014165878
;-84.32057189941406;-0.000005804743068438256,1.5365630545716158e-8,-0.0020265833009034395,-0.02318529225885868;3.0966393338438536e-10,0.21896576881408691,0.03333278000354767,-0.46376824378967285;0.3823367655277252,-0.12320654839277267,0.033909931778907776,-0.04536382853984833
;-84.32276916503906;-0.000005809374215459684,1.5341413472924614e-8,-0.002028430812060833,-0.02308053709566593;3.0918173576921504e-10,0.21895846724510193,0.033165670931339264,-0.4633578062057495;0.38200637698173523,-0.1232147142291069,0.033888526260852814,-0.04536445066332817
;-84.32495880126953;-0.000005813969437440392,1.531722837455618e-8,-0.00203027599491179,-0.02297627367079258;3.0869942713174225e-10,0.21895119547843933,0.032999325543642044,-0.4629473090171814;0.3816758692264557,-0.12322289496660233,0.03386711701750755,-0.045365072786808014
;-84.32714080810547;-0.0000058185682973999064,1.5293197819232773e-8,-0.0020321181509643793,-0.02287246473133564;3.082208654969776e-10,0.21894396841526031,0.0328340008854866,-0.4625367522239685;0.3813474774360657,-0.12323108315467834,0.0338456928730011,-0.04536568745970726
;-84.3293228149414;-0.000005823117135150824,1.5269199238332476e-8,-0.002033957513049245,-0.0227691438049078;3.0774258141796906e-10,0.21893681585788727,0.03266943246126175,-0.46212610602378845;0.3810189366340637,-0.12323925644159317,0.03382426127791405,-0.0453663095831871
;-84.33150482177734;-0.000005827622771903407,1.5245232631855288e-8,-0.0020357940811663866,-0.02266629785299301;3.072645748947167e-10,0.21892952919006348,0.032505616545677185,-0.46171537041664124;0.38069015741348267,-0.12324744462966919,0.0338028222322464,-0.04536692798137665
;-84.33368682861328;-0.000005832076567457989,1.522129444708753e-8,-0.00203762692399323,-0.022563928738236427;3.067868736827961e-10,0.21892227232456207,0.03234254941344261,-0.4613046944141388;0.38036131858825684,-0.1232556402683258,0.03378136828541756,-0.045367542654275894
;-84.33585357666016;-0.00000583650444241357,1.51974521855891e-8,-0.0020394567400217056,-0.022462015971541405;3.0631119862789546e-10,0.21891508996486664,0.03218035772442818,-0.4608939588069916;0.38003334403038025,-0.12326384335756302,0.03375990688800812,-0.04536816105246544
;-84.33802032470703;-0.000005840919584443327,1.517370051828948e-8,-0.002041284227743745,-0.02236056700348854;3.0583749421886353e-10,0.21890786290168762,0.032019034028053284,-0.4604831635951996;0.379706472158432,-0.12327203899621964,0.033738430589437485,-0.04536877200007439
;-84.3401870727539;-0.000005845285159011837,1.514997727269929e-8,-0.002043108455836773,-0.02225959114730358;3.0536409512116336e-10,0.21890069544315338,0.031858451664447784,-0.46007227897644043;0.3793793320655823,-0.12328024953603745,0.033716946840286255,-0.04536938667297363
;-84.34235382080078;-0.000005849607532582013,1.512628244881853e-8,-0.0020449296571314335,-0.02215908281505108;3.0489058500116073e-10,0.21889348328113556,0.031698599457740784,-0.4596613645553589;0.3790521025657654,-0.12328846007585526,0.03369545191526413,-0.04537000134587288
;-84.34451293945312;-0.000005853881702932995,1.51026160466472e-8,-0.002046746900305152,-0.022059038281440735;3.044177687705485e-10,0.21888628602027893,0.03153947368264198,-0.45925047993659973;0.3787246346473694,-0.12329667061567307,0.03367394953966141,-0.045370619744062424
;-84.34666442871094;-0.000005858162239746889,1.5079104187520898e-8,-0.002048561815172434,-0.02195943519473076;3.0394867178706875e-10,0.21887917816638947,0.03138133883476257,-0.45883938670158386;0.3783993422985077,-0.12330488860607147,0.03365243971347809,-0.04537122696638107
;-84.34881591796875;-0.000005862410944246221,1.5055622526460866e-8,-0.0020503744017332792,-0.021860292181372643;3.0347979684819393e-10,0.21887202560901642,0.031223926693201065,-0.4584283232688904;0.37807387113571167,-0.12331311404705048,0.03363091126084328,-0.04537183791399002
;-84.35096740722656;-0.000005866599167347886,1.5032163958039746e-8,-0.002052183961495757,-0.021761611104011536;3.030112827318021e-10,0.21886485815048218,0.03106723167002201,-0.4580172300338745;0.3777482211589813,-0.12332133203744888,0.03360937535762787,-0.04537244513630867
;-84.35311889648438;-0.000005870742370461812,1.5008735587684896e-8,-0.002053990261629224,-0.02166339010000229;3.0254301841559084e-10,0.21885772049427032,0.03091125562787056,-0.4576060175895691;0.3774224519729614,-0.12332957237958908,0.033587828278541565,-0.04537305608391762
;-84.35527038574219;-0.000005874840553588001,1.4985330309968958e-8,-0.002055792137980461,-0.021565616130828857;3.0207511492186256e-10,0.21885058283805847,0.030755991116166115,-0.457194983959198;0.3770964443683624,-0.12333780527114868,0.033566273748874664,-0.045373667031526566
;-84.357421875;-0.000005878894626221154,1.496195345396245e-8,-0.0020575907547026873,-0.021468302235007286;3.016074334727392e-10,0.218843474984169,0.030601438134908676,-0.4567837715148926;0.3767703175544739,-0.12334605306386948,0.03354470804333687,-0.04537427797913551
;-84.35955810546875;-0.000005882932327949675,1.4938663639441074e-8,-0.002059386344626546,-0.021371424198150635;3.011413618470016e-10,0.21883635222911835,0.03044772334396839,-0.4563724398612976;0.3764451742172241,-0.12335430085659027,0.03352313116192818,-0.04537488520145416
;-84.3616943359375;-0.000005886952749278862,1.4915464419118507e-8,-0.0020611798390746117,-0.02127498760819435;3.0067764944519126e-10,0.2188292294740677,0.030294837430119514,-0.4559611976146698;0.3761209547519684,-0.12336254864931107,0.03350154682993889,-0.04537548869848251
;-84.36383056640625;-0.0000058909240578941535,1.4892288291434852e-8,-0.00206297030672431,-0.021178992465138435;3.002142423547127e-10,0.2188221514225006,0.0301426500082016,-0.45556914806365967;0.3757966160774231,-0.12337048351764679,0.0334809310734272,-0.04537609592080116
;-84.365966796875;-0.0000058948535297531635,1.4869140585460627e-8,-0.0020647570490837097,-0.021083444356918335;2.997510850644147e-10,0.21881511807441711,0.029991161078214645,-0.4551578164100647;0.37547215819358826,-0.12337874621152878,0.03345932811498642,-0.04537670314311981
;-84.36810302734375;-0.000005898748440813506,1.4846013307590056e-8,-0.0020665409974753857,-0.020988330245018005;2.992882608410241e-10,0.21880799531936646,0.029840363189578056,-0.4547657370567322;0.3751474916934967,-0.1233866959810257,0.03343869373202324,-0.045377302914857864
;-84.37022399902344;-0.000005902622433495708,1.4822976623918294e-8,-0.002068321453407407,-0.02089363895356655;2.988270186854436e-10,0.21880091726779938,0.029690386727452278,-0.45437371730804443;0.37482380867004395,-0.12339463829994202,0.03341804817318916,-0.045377910137176514
;-84.37234497070312;-0.000005906473234063014,1.4800025205374823e-8,-0.0020700993482023478,-0.020799381658434868;2.9836808024263917e-10,0.21879388391971588,0.029541218653321266,-0.45398157835006714;0.37450110912323,-0.12340259552001953,0.03339739516377449,-0.04537850618362427
;-84.37446594238281;-0.00000591028265262139,1.4777100432183943e-8,-0.0020718746818602085,-0.020705560222268105;2.979094471111665e-10,0.21878686547279358,0.029392734169960022,-0.4535893201828003;0.37417829036712646,-0.12341054528951645,0.03337673470377922,-0.04537910968065262
;-84.37657928466797;-0.000005914058419875801,1.4754198751631975e-8,-0.0020736472215503454,-0.02061217650771141;2.9745109153545e-10,0.21877986192703247,0.029244931414723396,-0.4531971216201782;0.3738552927970886,-0.12341850996017456,0.03335605934262276,-0.04537971317768097
;-84.3786849975586;-0.0000059178360061196145,1.4731447173232937e-8,-0.0020754176657646894,-0.02051919884979725;2.9699595560650494e-10,0.21877285838127136,0.029098056256771088,-0.4528047442436218;0.3735344409942627,-0.12342646718025208,0.033335380256175995,-0.04538030922412872
;-84.38079071044922;-0.0000059215808505541645,1.470872135200807e-8,-0.0020771853160113096,-0.02042665332555771;2.9654148581137463e-10,0.21876586973667145,0.028951846063137054,-0.45241233706474304;0.37321338057518005,-0.12343442440032959,0.03331468999385834,-0.04538090527057648
;-84.38288879394531;-0.000005925272489548661,1.4686020399778954e-8,-0.002078950172290206,-0.02033453807234764;2.9608693274951747e-10,0.21875889599323273,0.028806308284401894,-0.45201998949050903;0.37289223074913025,-0.1234424039721489,0.033293988555669785,-0.04538150504231453
;-84.38497924804688;-0.000005928985501668649,1.4663469549702768e-8,-0.002080712467432022,-0.020242827013134956;2.9563637649054897e-10,0.2187519371509552,0.028661681339144707,-0.4516468048095703;0.37257319688796997,-0.12345004826784134,0.03327426686882973,-0.045382093638181686
;-84.38706970214844;-0.000005932648036832688,1.4640942680443914e-8,-0.0020824724342674017,-0.020151540637016296;2.95186070031761e-10,0.21874502301216125,0.028517715632915497,-0.451273649930954;0.37225398421287537,-0.12345769256353378,0.033254534006118774,-0.04538268595933914
;-84.38914489746094;-0.00000593630147704971,1.461850374084861e-8,-0.002084230538457632,-0.020060665905475616;2.947373178852075e-10,0.2187381088733673,0.028374534100294113,-0.45090043544769287;0.37193581461906433,-0.12346534430980682,0.033234793692827225,-0.0453832782804966
;-84.39122009277344;-0.000005939944458077662,1.4596152730916856e-8,-0.002085987012833357,-0.019970200955867767;2.9429089720700574e-10,0.21873123943805695,0.02823212556540966,-0.4505271315574646;0.3716186285018921,-0.12347300350666046,0.03321504592895508,-0.045383863151073456
;-84.39328002929688;-0.000005943569249211578,1.4573892315183912e-8,-0.0020877416245639324,-0.0198801439255476;2.938460030854628e-10,0.21872437000274658,0.02809048816561699,-0.45015376806259155;0.37130242586135864,-0.1234806552529335,0.033195286989212036,-0.045384448021650314
;-84.39533996582031;-0.000005947183581156423,1.4551718052757678e-8,-0.0020894946064800024,-0.019790492951869965;2.934034404322716e-10,0.2187175303697586,0.0279496181756258,-0.44978025555610657;0.37098729610443115,-0.12348830699920654,0.0331755205988884,-0.04538503661751747
;-84.39739227294922;-0.000005950758350081742,1.4529568659327197e-8,-0.002091245260089636,-0.019701257348060608;2.9296071124562673e-10,0.2187107354402542,0.027809390798211098,-0.44940683245658875;0.37067192792892456,-0.12349596619606018,0.03315574675798416,-0.04538561403751373
;-84.3994369506836;-0.000005954349035164341,1.4507570256228064e-8,-0.0020929938182234764,-0.01961241289973259;2.9252159028381186e-10,0.2187039703130722,0.02767004631459713,-0.4490332007408142;0.3703588545322418,-0.12350361794233322,0.03313596174120903,-0.04538619518280029
;-84.40148162841797;-0.000005957897428743308,1.4485598498481522e-8,-0.0020947405137121677,-0.01952398382127285;2.9208310770023616e-10,0.2186971753835678,0.027531344443559647,-0.4486595690250397;0.37004554271698,-0.12351127713918686,0.0331161692738533,-0.045386772602796555
;-84.40351867675781;-0.000005961403530818643,1.4463653386087572e-8,-0.002096484648063779,-0.01943596452474594;2.916445418499336e-10,0.21869038045406342,0.027393266558647156,-0.44828590750694275;0.3697320222854614,-0.12351895123720169,0.03309636935591698,-0.045387353748083115
;-84.40554809570312;-0.00000596492600379861,1.4441853934954452e-8,-0.0020982271526008844,-0.019348332658410072;2.9120988953579285e-10,0.21868370473384857,0.027256060391664505,-0.4479120969772339;0.36942076683044434,-0.12352661043405533,0.033076558262109756,-0.04538792371749878
;-84.40757751464844;-0.000005968407549516996,1.4420083793709182e-8,-0.0020999673288315535,-0.019261104986071587;2.9077515395492526e-10,0.21867696940898895,0.027119478210806847,-0.4475383162498474;0.36910927295684814,-0.12353427708148956,0.03305673971772194,-0.04538850113749504
;-84.40960693359375;-0.000005971849077468505,1.4398339409638083e-8,-0.0021017054095864296,-0.019174281507730484;2.903406404186626e-10,0.21867021918296814,0.02698352187871933,-0.4471644461154938;0.3687976896762848,-0.12354195863008499,0.03303691744804382,-0.045389074832201004
;-84.41162109375;-0.000005975271506031277,1.4376681178873696e-8,-0.002103439997881651,-0.01908785291016102;2.899080420171174e-10,0.2186635434627533,0.026848308742046356,-0.44679057598114014;0.36848708987236023,-0.12354962527751923,0.033017080277204514,-0.04538964480161667
;-84.41363525390625;-0.000005978692115604645,1.4355112654129698e-8,-0.0021051731891930103,-0.019001813605427742;2.894777195727727e-10,0.21865686774253845,0.02671382762491703,-0.4464165270328522;0.36817753314971924,-0.12355730682611465,0.03299723193049431,-0.04539021477103233
;-84.4156494140625;-0.000005982079073874047,1.4333565445667773e-8,-0.002106904285028577,-0.0189161729067564;2.8904731386170113e-10,0.218650221824646,0.0265799630433321,-0.44604262709617615;0.3678678870201111,-0.12356498092412949,0.0329773835837841,-0.045390788465738297
;-84.41765594482422;-0.000005985415555187501,1.431204221802318e-8,-0.0021086325868964195,-0.018830930814146996;2.8861707468408326e-10,0.21864357590675354,0.026446711272001266,-0.44566863775253296;0.36755797266960144,-0.12357266247272491,0.032957520335912704,-0.04539135843515396
;-84.4196548461914;-0.000005988770681142341,1.4290671757066775e-8,-0.0021103585604578257,-0.018746061250567436;2.8819044373129543e-10,0.21863695979118347,0.026314299553632736,-0.4452943503856659;0.36725032329559326,-0.12358035147190094,0.03293764963746071,-0.04539192467927933
;-84.4216537475586;-0.000005992085789330304,1.4269325276927702e-8,-0.002112082438543439,-0.018661588430404663;2.8776406257868814e-10,0.2186303287744522,0.026182495057582855,-0.444920152425766;0.36694249510765076,-0.12358802556991577,0.032917771488428116,-0.045392487198114395
;-84.42365264892578;-0.000005995373612677213,1.4248000113070702e-8,-0.002113803755491972,-0.01857750490307808;2.8733831980432e-10,0.21862372756004333,0.026051292195916176,-0.44454601407051086;0.3666344881057739,-0.1235957220196724,0.032897885888814926,-0.04539305344223976
;-84.42565155029297;-0.00000599860914007877,1.4226700706387874e-8,-0.002115521812811494,-0.018493808805942535;2.869124382520738e-10,0.21861708164215088,0.025920694693922997,-0.4441717863082886;0.36632633209228516,-0.12360341846942902,0.03287798911333084,-0.04539361968636513
;-84.4276351928711;-0.00000600184102950152,1.4205487453011756e-8,-0.0021172375418245792,-0.018410498276352882;2.8648844407896945e-10,0.2186104953289032,0.025790808722376823,-0.4437974989414215;0.36601918935775757,-0.12361111491918564,0.03285808116197586,-0.045394182205200195
;-84.42961883544922;-0.000006005057002766989,1.418435857658551e-8,-0.0021189514081925154,-0.018327558413147926;2.8606633728500697e-10,0.2186039388179779,0.025661630555987358,-0.4434230923652649;0.3657131493091583,-0.12361881881952286,0.03283817321062088,-0.04539474472403526
;-84.43160247802734;-0.000006008235232002335,1.4163251904619756e-8,-0.0021206631790846586,-0.01824500411748886;2.856444525356494e-10,0.218597412109375,0.0255330428481102,-0.4430486857891083;0.36540687084198,-0.12362652271986008,0.03281824663281441,-0.04539530351758003
;-84.43358612060547;-0.000006011383447912522,1.4142170989828173e-8,-0.002122371457517147,-0.018162833526730537;2.852228730976236e-10,0.21859082579612732,0.025405047461390495,-0.44267430901527405;0.3651004731655121,-0.1236342340707779,0.032798316329717636,-0.0453958660364151
;-84.4355697631836;-0.0000060144880080770236,1.4121111391318664e-8,-0.0021240764763206244,-0.018081042915582657;2.8480154345977837e-10,0.21858425438404083,0.02527764067053795,-0.44229990243911743;0.36479389667510986,-0.1236419528722763,0.03277837857604027,-0.04539642855525017
;-84.43753814697266;-0.0000060175802900630515,1.4100135281580606e-8,-0.002125778701156378,-0.017999622970819473;2.8438204568992376e-10,0.21857771277427673,0.025150932371616364,-0.4419253468513489;0.3644883632659912,-0.12364965677261353,0.032758425921201706,-0.04539698734879494
;-84.43950653076172;-0.000006020666660333518,1.4079247101506098e-8,-0.0021274799946695566,-0.017918571829795837;2.83964435299211e-10,0.21857120096683502,0.025024915114045143,-0.44155073165893555;0.3641839027404785,-0.12365738302469254,0.032738469541072845,-0.045397546142339706
;-84.44147491455078;-0.0000060237207435420714,1.4058380237713664e-8,-0.0021291780285537243,-0.017837893217802048;2.835470747086788e-10,0.2185647189617157,0.024899473413825035,-0.4411761462688446;0.3638792335987091,-0.12366510927677155,0.03271850198507309,-0.04539810121059418
;-84.44344329833984;-0.000006026725714036729,1.4037532913846462e-8,-0.0021308737341314554,-0.017757590860128403;2.831299639183271e-10,0.218558207154274,0.02477460913360119,-0.44080159068107605;0.36357438564300537,-0.12367282807826996,0.032698530703783035,-0.04539865627884865
;-84.4454116821289;-0.000006029708856658544,1.4016706018082914e-8,-0.00213256711140275,-0.017677661031484604;2.82713102928156e-10,0.21855169534683228,0.024650324136018753,-0.44042694568634033;0.36326947808265686,-0.12368056178092957,0.03267854452133179,-0.04539921134710312
;-84.44738006591797;-0.0000060326406128297094,1.3995903103136698e-8,-0.002134256064891815,-0.017598100006580353;2.82296880316224e-10,0.21854518353939056,0.024526607245206833,-0.44005218148231506;0.36296436190605164,-0.12368830293416977,0.03265855088829994,-0.04539977014064789
;-84.44934844970703;-0.00000603554963163333,1.3975117951758875e-8,-0.002135941758751869,-0.0175189096480608;2.818804356596871e-10,0.21853865683078766,0.024403462186455727,-0.43967753648757935;0.36265915632247925,-0.12369605153799057,0.0326385498046875,-0.04540032893419266
;-84.45130157470703;-0.000006038442279532319,1.3954418065509344e-8,-0.0021376246586441994,-0.0174400731921196;2.8146596164901894e-10,0.21853220462799072,0.024280991405248642,-0.43930283188819885;0.3623548448085785,-0.12370379269123077,0.03261853754520416,-0.04540088027715683
;-84.45325469970703;-0.000006041334927431308,1.3933799891674425e-8,-0.0021393063943833113,-0.017361590638756752;2.8105293092828276e-10,0.218525692820549,0.02415919303894043,-0.4389279782772064;0.36205166578292847,-0.12371154129505157,0.03259852156043053,-0.0454014353454113
;-84.45520782470703;-0.0000060441757341322955,1.39132039223e-8,-0.0021409853361546993,-0.017283471301198006;2.8064051083021013e-10,0.21851928532123566,0.024037957191467285,-0.4385530650615692;0.36174827814102173,-0.12371928989887238,0.032578494399785995,-0.04540198668837547
;-84.45716094970703;-0.000006046993348718388,1.3892628381029226e-8,-0.002142661716789007,-0.01720571704208851;2.8022836828789366e-10,0.21851280331611633,0.023917274549603462,-0.43817827105522156;0.3614448308944702,-0.12372704595327377,0.03255845978856087,-0.04540253430604935
;-84.45911407470703;-0.000006049766398064094,1.3872068826970008e-8,-0.002144334837794304,-0.017128318548202515;2.798164200346065e-10,0.21850638091564178,0.023797154426574707,-0.4378034174442291;0.3611412048339844,-0.12373481690883636,0.032538414001464844,-0.04540308937430382
;-84.46106719970703;-0.0000060525107983266935,1.3851530589192862e-8,-0.0021460051648318768,-0.01705128699541092;2.794047493370755e-10,0.21849991381168365,0.023677581921219826,-0.43744784593582153;0.36083731055259705,-0.1237422525882721,0.03251936286687851,-0.04540364071726799
;-84.46300506591797;-0.0000060552465583896264,1.3831074952008748e-8,-0.0021476726979017258,-0.01697460003197193;2.789949105075351e-10,0.21849344670772552,0.02355867065489292,-0.43709224462509155;0.3605346381664276,-0.12374969571828842,0.03250030428171158,-0.04540419206023216
;-84.4649429321289;-0.0000060579773162317,1.3810700139060827e-8,-0.002149338135495782,-0.01689825765788555;2.78586931301561e-10,0.21848706901073456,0.023440413177013397,-0.43675607442855835;0.3602328896522522,-0.12375679612159729,0.03248223662376404,-0.045404739677906036
;-84.46686553955078;-0.000006060698979126755,1.3790407926705939e-8,-0.002151001710444689,-0.01682226173579693;2.781808117191531e-10,0.2184806913137436,0.023322798311710358,-0.4364003539085388;0.3599322438240051,-0.12376423180103302,0.03246316313743591,-0.04540528357028961
;-84.46878814697266;-0.0000060634133660641965,1.3770197426765662e-8,-0.00215266365557909,-0.016746606677770615;2.7777655176031146e-10,0.21847432851791382,0.02320583537220955,-0.4360639452934265;0.35963261127471924,-0.12377133965492249,0.032445088028907776,-0.04540582746267319
;-84.470703125;-0.000006066097739676479,1.3750010019464298e-8,-0.0021543235052376986,-0.016671305522322655;2.7737248609049914e-10,0.21846801042556763,0.02308940514922142,-0.4357275366783142;0.35933274030685425,-0.12377845495939255,0.03242700174450874,-0.04540637135505676
;-84.47261047363281;-0.000006068803031666903,1.3729967385245345e-8,-0.002155982656404376,-0.01659633032977581;2.7697152904515576e-10,0.21846172213554382,0.022973721846938133,-0.4353910982608795;0.3590351939201355,-0.12378556281328201,0.032408908009529114,-0.04540691152215004
;-84.47451782226562;-0.0000060714755818480626,1.3709946067308465e-8,-0.0021576399449259043,-0.01652170903980732;2.7657118262247593e-10,0.21845537424087524,0.022858569398522377,-0.43505457043647766;0.3587374687194824,-0.12379267066717148,0.032390810549259186,-0.04540745168924332
;-84.47640991210938;-0.000006074133580113994,1.3690007349964617e-8,-0.0021592951379716396,-0.016447419300675392;2.7617266806778673e-10,0.21844908595085144,0.02274404652416706,-0.4347180128097534;0.3584408462047577,-0.12379978597164154,0.03237270191311836,-0.045407988131046295
;-84.47830200195312;-0.000006076790214137873,1.367015300957064e-8,-0.0021609493996948004,-0.016373466700315475;2.757756523141808e-10,0.2184428870677948,0.022630151361227036,-0.43438127636909485;0.35814517736434937,-0.1238069012761116,0.03235459327697754,-0.045408524572849274
;-84.48017883300781;-0.000006079446848161751,1.3650382157948115e-8,-0.0021626020316034555,-0.01629985310137272;2.753807737398972e-10,0.21843662858009338,0.022516882047057152,-0.43404456973075867;0.35785067081451416,-0.12381400913000107,0.03233646973967552,-0.045409053564071655
;-84.4820556640625;-0.000006082092113501858,1.3630692130561783e-8,-0.0021642534993588924,-0.016226567327976227;2.749877547891799e-10,0.21843039989471436,0.022404232993721962,-0.4337078332901001;0.357557088136673,-0.12382111698389053,0.032318342477083206,-0.045409590005874634
;-84.48392486572266;-0.0000060847055465274025,1.3611026083992783e-8,-0.00216590310446918,-0.016153622418642044;2.7459462481616015e-10,0.21842418611049652,0.022292105481028557,-0.4333709478378296;0.3572634756565094,-0.12382823973894119,0.032300204038619995,-0.045410118997097015
;-84.48580169677734;-0.000006087320343795,1.3591445302552074e-8,-0.002167551079764962,-0.016081007197499275;2.742036320224628e-10,0.2184179574251175,0.02218059077858925,-0.4329952597618103;0.3569708466529846,-0.12383602559566498,0.03228004649281502,-0.045410651713609695
;-84.48766326904297;-0.000006089884664106648,1.357188228467976e-8,-0.0021691969595849514,-0.01600872352719307;2.7381255596203857e-10,0.21841175854206085,0.02206958457827568,-0.4326584041118622;0.3566780686378479,-0.12384314835071564,0.03226189687848091,-0.04541117697954178
;-84.4895248413086;-0.000006092462172091473,1.3552403643757316e-8,-0.0021708409767597914,-0.015936771407723427;2.734236448365124e-10,0.21840554475784302,0.021959194913506508,-0.4323214292526245;0.35638636350631714,-0.1238502711057663,0.03224373608827591,-0.04541170597076416
;-84.49138641357422;-0.000006094998298067367,1.3532948095473785e-8,-0.002172482665628195,-0.015865150839090347;2.730349280000155e-10,0.21839937567710876,0.021849311888217926,-0.4319843649864197;0.35609450936317444,-0.12385739386081696,0.03222557529807091,-0.04541223123669624
;-84.49323272705078;-0.000006097534878790611,1.3513572483248026e-8,-0.0021741227246820927,-0.015793856233358383;2.7264768220902624e-10,0.21839328110218048,0.021740032359957695,-0.43164733052253723;0.3558037579059601,-0.12386451661586761,0.03220739960670471,-0.045412756502628326
;-84.49507904052734;-0.000006100057362345979,1.349428213615056e-8,-0.0021757599897682667,-0.015722885727882385;2.72262601352935e-10,0.21838714182376862,0.021631356328725815,-0.4313102662563324;0.3555139899253845,-0.12387165427207947,0.032189223915338516,-0.04541328176856041
;-84.4969253540039;-0.000006102559837017907,1.3475013105335165e-8,-0.0021773958578705788,-0.015652239322662354;2.718773817189657e-10,0.21838100254535675,0.02152317762374878,-0.43097302317619324;0.3552241623401642,-0.12387877702713013,0.032171037048101425,-0.045413803309202194
;-84.4987564086914;-0.000006105040029069642,1.3455828451469642e-8,-0.0021790293976664543,-0.015581915155053139;2.71493993952987e-10,0.21837490797042847,0.02141559310257435,-0.43063583970069885;0.35493534803390503,-0.12388590723276138,0.03215283900499344,-0.04541432484984398
;-84.5005874633789;-0.000006107534773036605,1.3436724621840312e-8,-0.0021806617733091116,-0.015511908568441868;2.7111277112190635e-10,0.21836884319782257,0.02130860649049282,-0.4302985370159149;0.35464760661125183,-0.12389304488897324,0.032134637236595154,-0.045414842665195465
;-84.5024185180664;-0.000006109985406510532,1.3417642996671475e-8,-0.002182292053475976,-0.015442227944731712;2.707313540017964e-10,0.2183627486228943,0.02120211161673069,-0.42996126413345337;0.3543596863746643,-0.12390017509460449,0.03211643174290657,-0.04541536420583725
;-84.50424194335938;-0.000006112415121606318,1.3398580911427871e-8,-0.002183920005336404,-0.015372871421277523;2.7035057525992556e-10,0.21835671365261078,0.02109610289335251,-0.42962393164634705;0.354071706533432,-0.12390731275081635,0.03209821507334709,-0.045415882021188736
;-84.50605773925781;-0.000006114866209827596,1.3379661822909839e-8,-0.002185546327382326,-0.015303818508982658;2.6997279412022124e-10,0.21835069358348846,0.020990775898098946,-0.4292864203453064;0.3537859320640564,-0.1239144504070282,0.032079994678497314,-0.045416396111249924
;-84.50787353515625;-0.000006117276370787295,1.3360764938852299e-8,-0.00218717148527503,-0.015235086902976036;2.6959523502512184e-10,0.21834462881088257,0.020885935053229332,-0.4289490282535553;0.35350000858306885,-0.12392159551382065,0.03206176310777664,-0.04541691020131111
;-84.50968933105469;-0.000006119666522863554,1.3341888482898412e-8,-0.0021887936163693666,-0.015166671946644783;2.6921823104153475e-10,0.21833865344524384,0.02078157477080822,-0.42861154675483704;0.35321399569511414,-0.1239287406206131,0.03204352781176567,-0.045417420566082
;-84.5114974975586;-0.0000061220112002047244,1.3323031566869759e-8,-0.002190413884818554,-0.015098572708666325;2.688410882800696e-10,0.21833261847496033,0.02067769505083561,-0.4282740354537964;0.3529278039932251,-0.12393589317798615,0.032025281339883804,-0.04541793465614319
;-84.51329803466797;-0.000006124395440565422,1.3304317647566677e-8,-0.002192032290622592,-0.01503077708184719;2.684673316988295e-10,0.2183266580104828,0.020574484020471573,-0.4279364049434662;0.3526439070701599,-0.1239430382847786,0.03200703114271164,-0.04541844502091408
;-84.51509857177734;-0.000006126746029622154,1.3285624156367248e-8,-0.002193648833781481,-0.014963289722800255;2.680937694066188e-10,0.21832068264484406,0.02047175168991089,-0.4275988042354584;0.3523598909378052,-0.12395018339157104,0.03198876976966858,-0.04541895538568497
;-84.51689910888672;-0.000006129061148385517,1.3266953757806732e-8,-0.002195263747125864,-0.014896120876073837;2.6772076222592034e-10,0.21831472218036652,0.02036949060857296,-0.42726120352745056;0.3520756959915161,-0.12395734339952469,0.03197050467133522,-0.045419465750455856
;-84.5186996459961;-0.000006131338523118757,1.324830023463619e-8,-0.002196875400841236,-0.014829253777861595;2.673476162673438e-10,0.2183087319135666,0.020267697051167488,-0.4269234538078308;0.3517913818359375,-0.12396450340747833,0.031952232122421265,-0.045419976115226746
;-84.52050018310547;-0.000006133595434221206,1.3229665363212462e-8,-0.002198484493419528,-0.014762702398002148;2.66974636842221e-10,0.21830278635025024,0.02016637660562992,-0.4265857934951782;0.35150691866874695,-0.12397166341543198,0.031933948397636414,-0.045420482754707336
;-84.52228546142578;-0.000006135840067145182,1.3211110427846506e-8,-0.0022000919561833143,-0.01469645369797945;2.666034892850888e-10,0.2182968556880951,0.020065614953637123,-0.42624804377555847;0.35122355818748474,-0.12397883087396622,0.031915660947561264,-0.045420993119478226
;-84.5240707397461;-0.000006138093795016175,1.3192637204895163e-8,-0.0022016975563019514,-0.014630505815148354;2.662344511517034e-10,0.21829093992710114,0.019965412095189095,-0.42591023445129395;0.3509413003921509,-0.12398599088191986,0.03189736604690552,-0.04542149603366852
;-84.5258560180664;-0.000006140312052593799,1.3174184410047474e-8,-0.0022033005952835083,-0.014564859680831432;2.658652464848643e-10,0.21828502416610718,0.019865674898028374,-0.42557239532470703;0.3506588339805603,-0.1239931657910347,0.031879063695669174,-0.04542200267314911
;-84.52764129638672;-0.000006142499842098914,1.3155749378768178e-8,-0.0022049015387892723,-0.01449951808899641;2.654963193737814e-10,0.21827910840511322,0.019766392186284065,-0.42523452639579773;0.35037627816200256,-0.12400034070014954,0.031860753893852234,-0.0454225055873394
;-84.52942657470703;-0.000006144663984741783,1.3137332111057276e-8,-0.0022065001539885998,-0.014434478245675564;2.651275032850009e-10,0.21827319264411926,0.019667569547891617,-0.42489659786224365;0.3500936031341553,-0.12400752305984497,0.0318424366414547,-0.04542301222681999
;-84.53121185302734;-0.000006146779014670756,1.3118933495093188e-8,-0.002208095509558916,-0.014369740150868893;2.6475893699640096e-10,0.2182672619819641,0.01956920325756073,-0.42455872893333435;0.34981071949005127,-0.124014712870121,0.03182411193847656,-0.045423515141010284
;-84.5329818725586;-0.00000614890996075701,1.3100614815186873e-8,-0.002209688303992152,-0.014305295422673225;2.643924523759722e-10,0.21826140582561493,0.019471386447548866,-0.4242207705974579;0.3495289981365204,-0.12402189522981644,0.03180578351020813,-0.04542401805520058
;-84.53475189208984;-0.000006151034085633,1.3082375183159911e-8,-0.00221127993427217,-0.014241142198443413;2.6402741104547545e-10,0.21825554966926575,0.01937410794198513,-0.42388272285461426;0.3492482900619507,-0.12402907013893127,0.0317874439060688,-0.04542452096939087
;-84.5365219116211;-0.000006153127287689131,1.3064153314701343e-8,-0.002212869469076395,-0.014177283272147179;2.636625917595836e-10,0.21824966371059418,0.019277280196547508,-0.423544704914093;0.3489674925804138,-0.1240362599492073,0.03176909685134888,-0.04542502015829086
;-84.53829193115234;-0.0000061551950238936115,1.304594920981117e-8,-0.0022144571412354708,-0.014113722369074821;2.632979667627211e-10,0.2182438224554062,0.0191808994859457,-0.4232066571712494;0.348686546087265,-0.12404345721006393,0.031750742346048355,-0.045425523072481155
;-84.5400619506836;-0.00000615723092778353,1.302776198031097e-8,-0.0022160408552736044,-0.014050456695258617;2.629335082993123e-10,0.218237966299057,0.01908496394753456,-0.422868549823761;0.3484054207801819,-0.12405065447092056,0.031732384115457535,-0.04542602226138115
;-84.54183197021484;-0.000006159233635116834,1.3009590738022325e-8,-0.002217621775344014,-0.013987481594085693;2.6256924412493277e-10,0.21823209524154663,0.018989471718668938,-0.4225304424762726;0.348124235868454,-0.12405785173177719,0.03171401470899582,-0.04542652517557144
;-84.5436019897461;-0.000006161196779430611,1.2991436371123655e-8,-0.0022192008327692747,-0.013924802653491497;2.622052019951582e-10,0.21822620928287506,0.01889442279934883,-0.42219236493110657;0.34784287214279175,-0.12406507134437561,0.031695637851953506,-0.045427024364471436
;-84.54537200927734;-0.000006163144007587107,1.2973298879614958e-8,-0.0022207763977348804,-0.013862411491572857;2.618413263988373e-10,0.21822039783000946,0.018799815326929092,-0.4218541979789734;0.34756141901016235,-0.12407227605581284,0.0316772535443306,-0.04542752355337143
;-84.54712677001953;-0.000006165093509480357,1.2955235995093517e-8,-0.002222349401563406,-0.01380030158907175;2.614792271593558e-10,0.21821452677249908,0.018705736845731735,-0.4215160608291626;0.34728100895881653,-0.12407949566841125,0.03165886551141739,-0.04542802274227142
;-84.54888153076172;-0.000006167038463900099,1.2937251270273009e-8,-0.0022239212412387133,-0.01373846922069788;2.611189042767137e-10,0.21820873022079468,0.018612179905176163,-0.4211777448654175;0.34700167179107666,-0.12408670783042908,0.031640466302633286,-0.04542851820588112
;-84.5506362915039;-0.000006168954314489383,1.2919284309020895e-8,-0.002225491451099515,-0.013676930218935013;2.607591087500083e-10,0.21820293366909027,0.01851905882358551,-0.4208589792251587;0.34672221541404724,-0.12409357726573944,0.03162308409810066,-0.045429013669490814
;-84.5523910522461;-0.000006170838787511457,1.2901333334980336e-8,-0.002227058866992593,-0.013615675270557404;2.603991466898492e-10,0.21819710731506348,0.01842636428773403,-0.4205206036567688;0.34644263982772827,-0.12410080432891846,0.031604669988155365,-0.04542950913310051
;-84.55414581298828;-0.000006172697794681881,1.2883398348151331e-8,-0.0022286241874098778,-0.013554703444242477;2.600393511631438e-10,0.21819131076335907,0.018334100022912025,-0.4201822876930237;0.34616294503211975,-0.12410803139209747,0.03158625215291977,-0.0454300120472908
;-84.55590057373047;-0.000006174527243274497,1.2865478460355462e-8,-0.0022301857825368643,-0.013494011014699936;2.5967983319219456e-10,0.21818548440933228,0.01824226602911949,-0.41984403133392334;0.3458831012248993,-0.12411526590585709,0.03156782314181328,-0.0454305075109005
;-84.55765533447266;-0.0000061763271332893055,1.2847573671592727e-8,-0.0022317448165267706,-0.013433602638542652;2.5932039848797217e-10,0.21817970275878906,0.018150851130485535,-0.41950565576553345;0.3456031382083893,-0.1241225004196167,0.03154939040541649,-0.04543100297451019
;-84.55941009521484;-0.000006178097009978956,1.2829684870041547e-8,-0.0022333012893795967,-0.013373474590480328;2.589612135839303e-10,0.21817386150360107,0.0180598646402359,-0.41916730999946594;0.34532299637794495,-0.1241297498345375,0.0315309502184391,-0.04543149843811989
;-84.5611572265625;-0.000006179839147080202,1.2811808502988242e-8,-0.002234854269772768,-0.013313626870512962;2.5860219521334216e-10,0.21816806495189667,0.017969299107789993,-0.41884833574295044;0.34504270553588867,-0.12413664907217026,0.0315135233104229,-0.045431993901729584
;-84.56289672851562;-0.0000061816258494218346,1.279407246812525e-8,-0.002236406784504652,-0.013254041783511639;2.582465352674035e-10,0.21816232800483704,0.017879324033856392,-0.4185098707675934;0.3447647988796234,-0.12414389103651047,0.03149506822228432,-0.04543248564004898
;-84.56463623046875;-0.000006183369805512484,1.2776352420473813e-8,-0.0022379562724381685,-0.013194731436669827;2.578910418549185e-10,0.21815656125545502,0.017789766192436218,-0.41819071769714355;0.3444867432117462,-0.12415079772472382,0.03147763013839722,-0.045432981103658676
;-84.56637573242188;-0.0000061850864767620806,1.2758645695498672e-8,-0.0022395041305571795,-0.0131356967613101;2.5753571497588723e-10,0.218150794506073,0.017700625583529472,-0.4178716540336609;0.3442085385322571,-0.12415770441293716,0.03146018832921982,-0.04543347284197807
;-84.56809997558594;-0.000006186812242958695,1.2741015353867624e-8,-0.0022410498932003975,-0.01307692565023899;2.5718216445369535e-10,0.21814508736133575,0.01761198230087757,-0.41757193207740784;0.3439314067363739,-0.12416426092386246,0.0314437635242939,-0.04543396085500717
;-84.56982421875;-0.000006188530733197695,1.272346406011593e-8,-0.0022425937931984663,-0.01301842276006937;2.5683036253276725e-10,0.2181393951177597,0.017523836344480515,-0.41727215051651;0.34365540742874146,-0.12417082488536835,0.031427331268787384,-0.04543444886803627
;-84.57154846191406;-0.000006190220119606238,1.2705925200862112e-8,-0.002244136994704604,-0.012960190884768963;2.564784218339611e-10,0.21813364326953888,0.017436090856790543,-0.41693347692489624;0.3433792293071747,-0.12417807430028915,0.03140884265303612,-0.04543493688106537
;-84.5732650756836;-0.000006191920419951202,1.2688465389487646e-8,-0.002245678100734949,-0.012902219779789448;2.5612853504775046e-10,0.2181280106306076,0.017348837107419968,-0.41661420464515686;0.34310415387153625,-0.1241849884390831,0.03139137104153633,-0.04543541744351387
;-84.5749740600586;-0.000006193587978486903,1.2671020677146316e-8,-0.002247217344120145,-0.012844516895711422;2.5577884255056915e-10,0.21812234818935394,0.017261985689401627,-0.41631436347961426;0.34282898902893066,-0.12419155240058899,0.03137492388486862,-0.04543590545654297
;-84.5766830444336;-0.000006195255082275253,1.265365145997066e-8,-0.0022487554233521223,-0.012787074781954288;2.5543089865465163e-10,0.2181166559457779,0.017175616696476936,-0.4160144329071045;0.34255486726760864,-0.12419812381267548,0.031358473002910614,-0.04543638601899147
;-84.57837677001953;-0.00000619693128101062,1.2636361290674358e-8,-0.002250291407108307,-0.012729892507195473;2.550847033599979e-10,0.21811102330684662,0.017089733853936195,-0.4157143831253052;0.34228187799453735,-0.12420468777418137,0.03134201094508171,-0.04543687030673027
;-84.58007049560547;-0.000006198611572472146,1.261914839290057e-8,-0.002251826459541917,-0.0126729691401124;2.547402289110323e-10,0.21810542047023773,0.017004329711198807,-0.41541430354118347;0.3420099914073944,-0.12421125173568726,0.03132554516196251,-0.045437347143888474
;-84.58175659179688;-0.000006200252300914144,1.2601952370516756e-8,-0.002253360580652952,-0.012616308405995369;2.5439558792861305e-10,0.21809986233711243,0.016919316723942757,-0.41511422395706177;0.34173792600631714,-0.12421782314777374,0.03130907565355301,-0.04543782398104668
;-84.58343505859375;-0.000006201937594596529,1.2584894903966415e-8,-0.0022548935376107693,-0.012559895403683186;2.5405461068217505e-10,0.21809427440166473,0.016834862530231476,-0.4148140847682953;0.3414682447910309,-0.12422438710927963,0.031292594969272614,-0.04543830081820488
;-84.58511352539062;-0.000006203585598996142,1.2567854312806048e-8,-0.0022564250975847244,-0.012503745034337044;2.5371377221361513e-10,0.21808870136737823,0.016750797629356384,-0.41451385617256165;0.3411984443664551,-0.12423095852136612,0.03127611055970192,-0.045438773930072784
;-84.58677673339844;-0.000006205253157531843,1.2550891881346615e-8,-0.0022579552605748177,-0.012447850778698921;2.533743492794116e-10,0.2180832326412201,0.016667207702994347,-0.41421353816986084;0.34092971682548523,-0.12423752248287201,0.03125962242484093,-0.04543924704194069
;-84.58843994140625;-0.0000062069038904155605,1.2534007609588116e-8,-0.00225948472507298,-0.012392206117510796;2.5303700801337925e-10,0.21807776391506195,0.016584079712629318,-0.4139132797718048;0.34066203236579895,-0.1242440938949585,0.031243126839399338,-0.045439716428518295
;-84.59010314941406;-0.000006208539161889348,1.251714198957643e-8,-0.0022610132582485676,-0.012336822226643562;2.52699805525225e-10,0.21807223558425903,0.01650133542716503,-0.41361287236213684;0.34039437770843506,-0.12425066530704498,0.0312266256660223,-0.0454401895403862
;-84.59175109863281;-0.000006210169431142276,1.2500351864730419e-8,-0.0022625396959483624,-0.012281685136258602;2.523639908158515e-10,0.21806681156158447,0.016419051215052605,-0.41331252455711365;0.34012776613235474,-0.12425723671913147,0.031210118904709816,-0.04544065147638321
;-84.59339904785156;-0.000006211815161805134,1.2483641675942181e-8,-0.0022640659008175135,-0.012226798571646214;2.5203023001907354e-10,0.21806135773658752,0.016337227076292038,-0.41301196813583374;0.3398621678352356,-0.12426380813121796,0.031193606555461884,-0.045441120862960815
;-84.59504699707031;-0.000006213430879142834,1.2466948362543917e-8,-0.0022655900102108717,-0.012172164395451546;2.5169633044441753e-10,0.21805591881275177,0.016255779191851616,-0.412711501121521;0.3395964801311493,-0.12427037954330444,0.031177088618278503,-0.04544158652424812
;-84.59668731689453;-0.0000062150184021447785,1.2450272812714047e-8,-0.002267112024128437,-0.012117784470319748;2.513629304701226e-10,0.21805047988891602,0.016174713149666786,-0.41241100430488586;0.3393307328224182,-0.12427696585655212,0.031160561367869377,-0.04544205218553543
;-84.59832000732422;-0.000006216639121703338,1.243373759507449e-8,-0.002268632873892784,-0.012063643895089626;2.510324448312673e-10,0.21804510056972504,0.01609417237341404,-0.4121103286743164;0.33906733989715576,-0.12428352981805801,0.0311440322548151,-0.04544251039624214
;-84.5999526977539;-0.000006218233920662897,1.2417220141003327e-8,-0.002270152559503913,-0.012009754776954651;2.507024865483487e-10,0.21803970634937286,0.016014009714126587,-0.4118097126483917;0.338803768157959,-0.1242901086807251,0.03112749569118023,-0.04544297233223915
;-84.6015853881836;-0.000006219797796802595,1.2400717785965298e-8,-0.00227167084813118,-0.011956113390624523;2.503723339764008e-10,0.2180343121290207,0.015934215858578682,-0.4115090072154999;0.33854010701179504,-0.12429668754339218,0.03111095353960991,-0.04544343054294586
;-84.60321044921875;-0.000006221343483048258,1.2384231418138825e-8,-0.002273186342790723,-0.011902724392712116;2.5004265324923836e-10,0.2180289477109909,0.015854792669415474,-0.4112084209918976;0.33827632665634155,-0.12430327385663986,0.03109440580010414,-0.04544389247894287
;-84.60482788085938;-0.000006222917363629676,1.2367883606145824e-8,-0.0022747006732970476,-0.011849568225443363;2.497159423686668e-10,0.2180236130952835,0.01577589102089405,-0.4109075665473938;0.3380149304866791,-0.12430985271930695,0.031077850610017776,-0.04544435441493988
;-84.6064453125;-0.000006224469871085603,1.2351551781364378e-8,-0.002276213839650154,-0.011796655133366585;2.493897033328807e-10,0.21801826357841492,0.015697350725531578,-0.41060683131217957;0.3377533257007599,-0.12431643903255463,0.031061289831995964,-0.04544480890035629
;-84.60806274414062;-0.00000622599191046902,1.2335239496508166e-8,-0.0022777251433581114,-0.011743984185159206;2.4906327000806527e-10,0.21801292896270752,0.015619175508618355,-0.4103059768676758;0.3374916613101959,-0.12432302534580231,0.031044723466038704,-0.045445263385772705
;-84.60968017578125;-0.000006227490302990191,1.2318942310685088e-8,-0.0022792343515902758,-0.011691558174788952;2.4873736403918656e-10,0.21800757944583893,0.015541359782218933,-0.4100051522254944;0.3372299075126648,-0.12432961910963058,0.031028155237436295,-0.045445721596479416
;-84.61128234863281;-0.000006229000064195134,1.2302720620027685e-8,-0.0022807414643466473,-0.011639369651675224;2.48412818093513e-10,0.2180022895336151,0.01546398364007473,-0.40972378849983215;0.3369692265987396,-0.12433585524559021,0.031012609601020813,-0.04544617608189583
;-84.61287689208984;-0.000006230505732673919,1.2286577977249635e-8,-0.002282246947288513,-0.011587414890527725;2.48089965237952e-10,0.2179969996213913,0.015387041494250298,-0.40946173667907715;0.3367096781730652,-0.12434174120426178,0.030998101457953453,-0.04544662684202194
;-84.61446380615234;-0.000006232044142961968,1.227057211394822e-8,-0.00228375312872231,-0.011535688303411007;2.4777072060722105e-10,0.21799178421497345,0.015310605056583881,-0.409199595451355;0.336452454328537,-0.12434761971235275,0.030983587726950645,-0.04544707387685776
;-84.61603546142578;-0.000006233593012439087,1.2254647074882996e-8,-0.0022852576803416014,-0.011484196409583092;2.4745283599969525e-10,0.217986598610878,0.015234595164656639,-0.4089374244213104;0.3361964225769043,-0.12435349822044373,0.03096906654536724,-0.04544752091169357
;-84.61760711669922;-0.000006235142336663557,1.2238797530983447e-8,-0.0022867624647915363,-0.011432936415076256;2.47136644482282e-10,0.21798141300678253,0.015159010887145996,-0.4086362421512604;0.3359414339065552,-0.1243600845336914,0.030952466651797295,-0.04544796422123909
;-84.61917877197266;-0.000006236674380488694,1.2222966638830712e-8,-0.002288266085088253,-0.011381914839148521;2.4682061949832246e-10,0.21797622740268707,0.015083772130310535,-0.40833503007888794;0.33568641543388367,-0.12436667084693909,0.0309358611702919,-0.04544840753078461
;-84.6207504272461;-0.000006238171408767812,1.2207151733889532e-8,-0.002289768774062395,-0.01133112981915474;2.4650470553666537e-10,0.2179710417985916,0.015008884482085705,-0.4080337882041931;0.3354312479496002,-0.12437326461076736,0.030919253826141357,-0.045448847115039825
;-84.62232208251953;-0.000006239654339879053,1.2191352816159906e-8,-0.0022912684362381697,-0.011280576698482037;2.4618929117536936e-10,0.21796587109565735,0.014934344217181206,-0.4077325463294983;0.335176020860672,-0.12437985837459564,0.03090263530611992,-0.04544929042458534
;-84.62389373779297;-0.00000624110452918103,1.2175571661998674e-8,-0.0022927660029381514,-0.01123026106506586;2.4587368252504405e-10,0.21796070039272308,0.01486014761030674,-0.40743136405944824;0.33492058515548706,-0.12438645213842392,0.030886013060808182,-0.04544973373413086
;-84.6254653930664;-0.000006242527433641953,1.2159805606870577e-8,-0.00229426147416234,-0.01118017639964819;2.455582404081724e-10,0.2179555594921112,0.014786296524107456,-0.40713003277778625;0.33466506004333496,-0.12439306825399399,0.030869385227560997,-0.045450180768966675
;-84.62702178955078;-0.000006243960342544597,1.2144115935086575e-8,-0.0022957550827413797,-0.011130318976938725;2.4524449138141335e-10,0.21795040369033813,0.014712860807776451,-0.40682873129844666;0.334410697221756,-0.12439966201782227,0.030852748081088066,-0.045450616627931595
;-84.62857818603516;-0.000006245407803362468,1.2128502646646666e-8,-0.0022972472943365574,-0.011080685071647167;2.449324076891912e-10,0.21794524788856506,0.014639833010733128,-0.4065273404121399;0.33415746688842773,-0.12440626323223114,0.030836107209324837,-0.04545105993747711
;-84.63013458251953;-0.00000624681433691876,1.2112905345418312e-8,-0.0022987371776252985,-0.011031276546418667;2.4462082359733017e-10,0.2179400622844696,0.014567147009074688,-0.4062259793281555;0.33390408754348755,-0.12441287934780121,0.03081946261227131,-0.04545149952173233
;-84.6316909790039;-0.000006248214049264789,1.2097323143223093e-8,-0.0023002256639301777,-0.010982103645801544;2.443090452164398e-10,0.21793492138385773,0.01449479442089796,-0.4059246778488159;0.3336506187915802,-0.12441948056221008,0.030802808701992035,-0.04545194283127785
;-84.63324737548828;-0.0000062495842030330095,1.2081756928239429e-8,-0.0023017118219286203,-0.010933157056570053;2.4399740561342753e-10,0.21792978048324585,0.014422778971493244,-0.4056232273578644;0.3333970010280609,-0.12442609667778015,0.030786151066422462,-0.04545237869024277
;-84.63480377197266;-0.000006250922979234019,1.206620492411048e-8,-0.002303195185959339,-0.010884436778724194;2.4368590478829333e-10,0.2179245799779892,0.01435109693557024,-0.40532177686691284;0.3331433832645416,-0.12443272024393082,0.030769484117627144,-0.045452821999788284
;-84.63636016845703;-0.000006252245839277748,1.2050667130836246e-8,-0.0023046762216836214,-0.010835942812263966;2.433745704966128e-10,0.21791940927505493,0.014279749244451523,-0.4050203561782837;0.332889586687088,-0.12443934381008148,0.030752817168831825,-0.0454532615840435
;-84.6379165649414;-0.000006253535048017511,1.2035142660238307e-8,-0.002306154230609536,-0.010787677951157093;2.4306334722723477e-10,0.21791431307792664,0.01420873124152422,-0.4047384262084961;0.33263567090034485,-0.1244456097483635,0.03073718398809433,-0.04545370116829872
;-84.63947296142578;-0.0000062548115238314494,1.2019631512316664e-8,-0.002307630842551589,-0.01073963288217783;2.4275231824688603e-10,0.21790911257266998,0.014138041995465755,-0.40443700551986694;0.33238163590431213,-0.12445224076509476,0.03072049841284752,-0.04545414075255394
;-84.6410140991211;-0.000006256092547118897,1.2004196747739115e-8,-0.0023091041948646307,-0.010691805742681026;2.4244295460107423e-10,0.2179039865732193,0.014067755080759525,-0.4041549265384674;0.33212873339653015,-0.12445852160453796,0.030704854056239128,-0.04545458033680916
;-84.6425552368164;-0.000006257367203943431,1.1988833037435143e-8,-0.0023105773143470287,-0.010644192807376385;2.4213556160113114e-10,0.2178989052772522,0.013997861184179783,-0.4038727879524231;0.3318770229816437,-0.12446478754281998,0.03068920597434044,-0.04545501619577408
;-84.64409637451172;-0.0000062586323110735975,1.1973485314342724e-8,-0.0023120481055229902,-0.010596802458167076;2.4182802982331e-10,0.21789376437664032,0.013928292319178581,-0.40357115864753723;0.3316251039505005,-0.12447141855955124,0.030672507360577583,-0.045455452054739
;-84.64563751220703;-0.00000625987513558357,1.1958150025748182e-8,-0.002313517266884446,-0.010549631901085377;2.415206368233669e-10,0.21788865327835083,0.013859045691788197,-0.40326952934265137;0.3313731253147125,-0.1244780570268631,0.03065579943358898,-0.04545588791370392
;-84.64717864990234;-0.000006261082035052823,1.1942829836186775e-8,-0.002314984332770109,-0.010502677410840988;2.4121335484572626e-10,0.21788358688354492,0.013790122233331203,-0.4029679298400879;0.331121027469635,-0.12448471039533615,0.03063909150660038,-0.04545632749795914
;-84.64871978759766;-0.000006262278475333005,1.1927521192944823e-8,-0.0023164483718574047,-0.010455941781401634;2.4090626715711494e-10,0.21787844598293304,0.013721520081162453,-0.4026857912540436;0.33086881041526794,-0.12449099123477936,0.03062341921031475,-0.04545675963163376
;-84.65025329589844;-0.000006263437626330415,1.1912226760557587e-8,-0.0023179100826382637,-0.010409423150122166;2.405992904908061e-10,0.21787336468696594,0.01365323644131422,-0.4024036228656769;0.3306165337562561,-0.12449727952480316,0.030607737600803375,-0.04545719549059868
;-84.65177917480469;-0.000006264646799536422,1.1897064666754886e-8,-0.0023193706292659044,-0.010363105684518814;2.40295505715693e-10,0.21786828339099884,0.013585406355559826,-0.40212133526802063;0.3303665816783905,-0.12450356781482697,0.030592055991292,-0.0454576276242733
;-84.65330505371094;-0.00000626583096163813,1.18819167838069e-8,-0.0023208295460790396,-0.010317005217075348;2.3999185971845804e-10,0.2178632616996765,0.013517890125513077,-0.401839017868042;0.3301165699958801,-0.12450985610485077,0.030576368793845177,-0.04545805603265762
;-84.65483093261719;-0.000006266994205361698,1.1866779558999951e-8,-0.002322286833077669,-0.01027111615985632;2.3968835249910114e-10,0.217858225107193,0.013450686819851398,-0.40155670046806335;0.3298664093017578,-0.12451615184545517,0.030560674145817757,-0.04545849189162254
;-84.65634155273438;-0.0000062681569943379145,1.1851717829358677e-8,-0.002323742723092437,-0.010225437581539154;2.393865106142812e-10,0.21785317361354828,0.013383861631155014,-0.4012938439846039;0.3296174705028534,-0.12452208995819092,0.030546022579073906,-0.045458920300006866
;-84.65785217285156;-0.000006269332970987307,1.1836729818526237e-8,-0.0023251979146152735,-0.01017996296286583;2.3908636181957377e-10,0.21784818172454834,0.013317416422069073,-0.4010113477706909;0.3293696343898773,-0.12452837079763412,0.03053031861782074,-0.04545934498310089
;-84.65936279296875;-0.000006270486665016506,1.1821756018548513e-8,-0.002326651243492961,-0.010134698823094368;2.387863240471688e-10,0.2178431898355484,0.01325127761811018,-0.4007484018802643;0.3291216492652893,-0.12453431636095047,0.030515659600496292,-0.045459773391485214
;-84.66085815429688;-0.000006271644906519214,1.1806853272844364e-8,-0.0023281031753867865,-0.010089639574289322;2.384879793648764e-10,0.21783819794654846,0.013185514137148857,-0.4004853367805481;0.3288748562335968,-0.12454025447368622,0.0305009912699461,-0.04546019807457924
;-84.662353515625;-0.000006272812242968939,1.179202691048431e-8,-0.002329554408788681,-0.010044784285128117;2.3819091143906235e-10,0.2178332805633545,0.013120118528604507,-0.4002223312854767;0.3286292254924774,-0.12454617768526077,0.030486319214105606,-0.045460622757673264
;-84.6638412475586;-0.000006273958661040524,1.1777213870800551e-8,-0.0023310049436986446,-0.010000134818255901;2.3789434311360935e-10,0.21782828867435455,0.013055028393864632,-0.39995917677879333;0.3283834159374237,-0.12455211579799652,0.030471645295619965,-0.04546104371547699
;-84.66532135009766;-0.000006275141913647531,1.1762534946058167e-8,-0.0023324538487941027,-0.00995568186044693;2.3760096667935215e-10,0.21782343089580536,0.012990371324121952,-0.3996959626674652;0.3281400799751282,-0.12455804646015167,0.030456965789198875,-0.045461464673280716
;-84.66680145263672;-0.0000062763001551502384,1.1747870232170499e-8,-0.002333902521058917,-0.009911434724926949;2.373077012673974e-10,0.21781852841377258,0.012926013208925724,-0.3994327485561371;0.3278965950012207,-0.12456397712230682,0.03044228069484234,-0.045461881905794144
;-84.66826629638672;-0.000006277472039073473,1.1733281901626924e-8,-0.0023353497963398695,-0.00986738596111536;2.37016073434404e-10,0.2178136557340622,0.012862018309533596,-0.3991694450378418;0.32765424251556396,-0.12456990778446198,0.030427591875195503,-0.04546229541301727
;-84.66973114013672;-0.000006278648925217567,1.1718767289892185e-8,-0.0023367973044514656,-0.009823537431657314;2.3672577786904014e-10,0.2178088128566742,0.012798384763300419,-0.3989061117172241;0.3274131119251251,-0.12457584589719772,0.03041289746761322,-0.0454627126455307
;-84.67119598388672;-0.000006279798526520608,1.170426688901216e-8,-0.0023382434155792,-0.009779892861843109;2.3643595414846175e-10,0.2178039848804474,0.012735043652355671,-0.3986426889896393;0.32717180252075195,-0.12458176910877228,0.03039819933474064,-0.04546312242746353
;-84.67264556884766;-0.0000062809663177176844,1.168984198329781e-8,-0.002339688129723072,-0.009736443869769573;2.3614776800684467e-10,0.2177991420030594,0.01267206110060215,-0.3983793258666992;0.3269316852092743,-0.12458770722150803,0.03038349747657776,-0.04546353593468666
;-84.6740951538086;-0.000006282134563662112,1.1675490796392296e-8,-0.0023411319125443697,-0.009693190455436707;2.3586091413285715e-10,0.21779437363147736,0.012609435245394707,-0.3981158435344696;0.32669273018836975,-0.12459363788366318,0.030368788167834282,-0.04546394571661949
;-84.67554473876953;-0.000006283294169406872,1.1661155596698336e-8,-0.0023425747640430927,-0.009650135412812233;2.3557450434807947e-10,0.21778957545757294,0.012547099031507969,-0.39785236120224;0.3264537453651428,-0.12459957599639893,0.030354076996445656,-0.04546435549855232
;-84.67698669433594;-0.000006284419669100316,1.1646834607859091e-8,-0.002344016218557954,-0.009607280604541302;2.3528820558560426e-10,0.2177848070859909,0.012485047802329063,-0.397588849067688;0.3262145519256592,-0.12460550665855408,0.030339360237121582,-0.04546476528048515
;-84.67842102050781;-0.000006285579274845077,1.1632646845782801e-8,-0.0023454565089195967,-0.009564613923430443;2.3500476564741746e-10,0.21778005361557007,0.01242341473698616,-0.3973252475261688;0.32597780227661133,-0.12461144477128983,0.03032463602721691,-0.04546516761183739
;-84.67985534667969;-0.000006286730695137521,1.1618475959096486e-8,-0.002346895867958665,-0.009522143751382828;2.347217420428649e-10,0.21777532994747162,0.012362065725028515,-0.39706167578697205;0.3257409930229187,-0.12461737543344498,0.03030991181731224,-0.04546557366847992
;-84.68128967285156;-0.000006287848918873351,1.1604318395086466e-8,-0.0023483335971832275,-0.00947987288236618;2.3443855190485863e-10,0.21777057647705078,0.012300998903810978,-0.39679810404777527;0.3255041241645813,-0.12462331354618073,0.030295182019472122,-0.04546597599983215
;-84.6827163696289;-0.000006288962595135672,1.1590174153752741e-8,-0.0023497692309319973,-0.009437796659767628;2.341557781004866e-10,0.21776583790779114,0.012240216135978699,-0.39653435349464417;0.32526707649230957,-0.12462925910949707,0.030280446633696556,-0.045466385781764984
;-84.68413543701172;-0.000006290095825534081,1.1576165803717231e-8,-0.0023512043990194798,-0.009395904839038849;2.33875863120403e-10,0.21776117384433746,0.012179840356111526,-0.39627066254615784;0.32503247261047363,-0.12463520467281342,0.03026570752263069,-0.04546678438782692
;-84.68555450439453;-0.000006291221325227525,1.1562169888179596e-8,-0.0023526381701231003,-0.00935420487076044;2.335963644739536e-10,0.2177564650774002,0.012119743041694164,-0.39600688219070435;0.3247978091239929,-0.12464113533496857,0.03025095909833908,-0.04546718671917915
;-84.68697357177734;-0.000006292314537859056,1.1548189959853516e-8,-0.0023540707770735025,-0.009312701411545277;2.333166715384749e-10,0.21775180101394653,0.012059924192726612,-0.39574313163757324;0.3245629370212555,-0.12464708089828491,0.03023621067404747,-0.04546758532524109
;-84.68839263916016;-0.000006293400019785622,1.1534222466025312e-8,-0.0023555010557174683,-0.009271387942135334;2.3303742269220606e-10,0.21774712204933167,0.012000382877886295,-0.39547935128211975;0.32432806491851807,-0.12465302646160126,0.03022145852446556,-0.04546798765659332
;-84.6897964477539;-0.000006294487320701592,1.1520328691005943e-8,-0.002356929937377572,-0.009230258874595165;2.3275947835799116e-10,0.217742457985878,0.011941180564463139,-0.3952155113220215;0.32409438490867615,-0.124658964574337,0.030206700786948204,-0.04546838626265526
;-84.69120025634766;-0.000006295586445048684,1.150650863479541e-8,-0.0023583576548844576,-0.009189315140247345;2.3248347691406934e-10,0.2177378535270691,0.011882312595844269,-0.39495161175727844;0.3238618075847626,-0.12466491013765335,0.0301919374614954,-0.045468784868717194
;-84.6926040649414;-0.000006296652372839162,1.149270367761801e-8,-0.0023597837425768375,-0.00914856418967247;2.3220728118111822e-10,0.2177332043647766,0.011823716573417187,-0.3946877121925354;0.32362914085388184,-0.12467086315155029,0.030177166685461998,-0.04546917602419853
;-84.69400787353516;-0.000006297713753156131,1.1478912043116907e-8,-0.002361208898946643,-0.009107997640967369;2.3193151565958914e-10,0.21772857010364532,0.011765392497181892,-0.39442378282546997;0.32339638471603394,-0.12467680871486664,0.030162394046783447,-0.04546957090497017
;-84.6954116821289;-0.000006298741027421784,1.146513195493526e-8,-0.0023626324255019426,-0.00906762108206749;2.3165556972681856e-10,0.21772395074367523,0.011707336641848087,-0.39415988326072693;0.32316356897354126,-0.12468276172876358,0.030147617682814598,-0.045469969511032104
;-84.69680786132812;-0.0000062997628447192255,1.1451365189429907e-8,-0.002364052925258875,-0.009027430787682533;2.313800401276822e-10,0.21771933138370514,0.011649549938738346,-0.3938958942890167;0.32293063402175903,-0.12468872219324112,0.0301328357309103,-0.04547036811709404
;-84.69819641113281;-0.000006300818768067984,1.143773165068751e-8,-0.0023654724936932325,-0.008987415581941605;2.3110734159725865e-10,0.21771474182605743,0.011592154391109943,-0.39363187551498413;0.322700172662735,-0.12469466775655746,0.030118050053715706,-0.04547075554728508
;-84.6995849609375;-0.000006301851954049198,1.142411054644299e-8,-0.0023668906651437283,-0.008947587572038174;2.3083474021134975e-10,0.2177101969718933,0.011535024270415306,-0.39336782693862915;0.322469562292099,-0.124700628221035,0.030103260651230812,-0.04547115042805672
;-84.70097351074219;-0.000006302856036199955,1.1410501876696344e-8,-0.0023683079052716494,-0.008907943032681942;2.305625967924385e-10,0.21770557761192322,0.011478155851364136,-0.3931037187576294;0.32223883271217346,-0.12470658123493195,0.030088461935520172,-0.045471541583538055
;-84.70236206054688;-0.000006303852842393098,1.1396906529625994e-8,-0.002369722817093134,-0.00886848010122776;2.3029018969555892e-10,0.2177010178565979,0.01142155285924673,-0.3928396701812744;0.32200807332992554,-0.12471254169940948,0.030073659494519234,-0.045471929013729095
;-84.70375061035156;-0.000006304828730208101,1.138332450523194e-8,-0.0023711356334388256,-0.008829201571643353;2.300182683212526e-10,0.21769645810127258,0.011365213431417942,-0.39257562160491943;0.32177719473838806,-0.12471851706504822,0.030058855190873146,-0.04547232389450073
;-84.70513916015625;-0.000006305785063887015,1.1369752250800502e-8,-0.002372545190155506,-0.00879010558128357;2.2974615265791698e-10,0.21769186854362488,0.011309132911264896,-0.3923114836215973;0.3215462565422058,-0.12472447752952576,0.03004404716193676,-0.04547271877527237
;-84.7065200805664;-0.0000063067082010093145,1.135619243086694e-8,-0.0023739535827189684,-0.008751188404858112;2.294741063835204e-10,0.21768729388713837,0.011253313161432743,-0.39204737544059753;0.3213151693344116,-0.12473044544458389,0.030029229819774628,-0.04547310620546341
;-84.70789337158203;-0.0000063076813603402115,1.1342764061339494e-8,-0.0023753605782985687,-0.008712442591786385;2.2920551567828795e-10,0.21768276393413544,0.011197872459888458,-0.3917831778526306;0.321086585521698,-0.12473642081022263,0.030014410614967346,-0.04547349736094475
;-84.70926666259766;-0.0000063086386035138275,1.1329348126309924e-8,-0.0023767673410475254,-0.008673877455294132;2.2893675843960182e-10,0.2176782339811325,0.011142685078084469,-0.3915190100669861;0.3208578824996948,-0.12474238127470016,0.029999585822224617,-0.04547388106584549
;-84.71063995361328;-0.000006309574473561952,1.131594462577823e-8,-0.0023781713098287582,-0.008635490201413631;2.2866807058985472e-10,0.21767371892929077,0.011087753809988499,-0.3912547528743744;0.3206290900707245,-0.1247483566403389,0.02998475916683674,-0.04547426849603653
;-84.7120132446289;-0.0000063104894252319355,1.1302550895209151e-8,-0.002379573881626129,-0.008597278967499733;2.283995076401979e-10,0.21766918897628784,0.011033078655600548,-0.3909904956817627;0.320400208234787,-0.12475433200597763,0.029969925060868263,-0.04547465592622757
;-84.71338653564453;-0.000006311385277513182,1.1289170487316369e-8,-0.0023809741251170635,-0.008559244684875011;2.281313471463875e-10,0.2176646888256073,0.010978656820952892,-0.3907261788845062;0.3201712369918823,-0.12476030737161636,0.02995508536696434,-0.04547504335641861
;-84.71475982666016;-0.000006312258392426884,1.1275799849386203e-8,-0.002382372971624136,-0.008521384559571743;2.278630339969112e-10,0.21766014397144318,0.010924489237368107,-0.3904619812965393;0.31994208693504333,-0.1247662901878357,0.02994024194777012,-0.04547543078660965
;-84.71613311767578;-0.0000063131169554253574,1.1262439869597074e-8,-0.002383768791332841,-0.008483702316880226;2.2759479023637397e-10,0.21765559911727905,0.010870572179555893,-0.39019763469696045;0.31971296668052673,-0.12477228045463562,0.0299253948032856,-0.04547581821680069
;-84.7175064086914;-0.0000063139418671198655,1.1249090547948981e-8,-0.002385162515565753,-0.008446192368865013;2.2732696280947096e-10,0.21765108406543732,0.010816906578838825,-0.38993337750434875;0.3194836974143982,-0.12477827072143555,0.02991054207086563,-0.04547620564699173
;-84.71887969970703;-0.000006314762231340865,1.1235751884441925e-8,-0.002386553678661585,-0.008408856578171253;2.2705895497132644e-10,0.21764656901359558,0.01076348964124918,-0.38966912031173706;0.3192543089389801,-0.12478426098823547,0.029895687475800514,-0.04547659307718277
;-84.7202377319336;-0.000006315595328487689,1.1222483387030024e-8,-0.0023879429791122675,-0.008371689356863499;2.2679258471214325e-10,0.21764206886291504,0.010710378177464008,-0.3894047439098358;0.3190262019634247,-0.124790258705616,0.02988082356750965,-0.04547697678208351
;-84.72159576416016;-0.000006316434792097425,1.120928505571328e-8,-0.002389331581071019,-0.008334689773619175;2.2652778264298234e-10,0.21763762831687927,0.010657569393515587,-0.3891403377056122;0.31879922747612,-0.12479624152183533,0.029865959659218788,-0.04547736048698425
;-84.72295379638672;-0.000006317256975307828,1.1196096494359153e-8,-0.0023907190188765526,-0.008297859691083431;2.2626341078524348e-10,0.21763314306735992,0.01060500554740429,-0.38887593150138855;0.31857216358184814,-0.12480223178863525,0.02985108643770218,-0.045477744191884995
;-84.72431182861328;-0.0000063180555116559844,1.1182918591146063e-8,-0.0023921041283756495,-0.008261200971901417;2.259988307606875e-10,0.21762865781784058,0.010552684776484966,-0.38861146569252014;0.31834495067596436,-0.12480822950601578,0.02983621135354042,-0.04547812417149544
;-84.72566986083984;-0.000006318836767604807,1.1169751346074008e-8,-0.0023934876080602407,-0.008224712684750557;2.2573434788064617e-10,0.21762417256832123,0.010500609874725342,-0.3883470594882965;0.3181176781654358,-0.1248142421245575,0.029821330681443214,-0.04547850787639618
;-84.7270278930664;-0.000006319603016891051,1.115659387096457e-8,-0.002394868526607752,-0.008188392966985703;2.2547000377848292e-10,0.21761974692344666,0.010448776185512543,-0.3880825936794281;0.31789031624794006,-0.12482023984193802,0.02980644628405571,-0.04547889158129692
;-84.72838592529297;-0.0000063203460740623996,1.114344527763933e-8,-0.002396248048171401,-0.008152239955961704;2.2520603437659048e-10,0.2176152467727661,0.010397182777523994,-0.38783758878707886;0.31766289472579956,-0.1248258724808693,0.029792621731758118,-0.04547927528619766
;-84.72974395751953;-0.000006321073669823818,1.1130309118811965e-8,-0.002397624310106039,-0.008116254583001137;2.2494191231903216e-10,0.21761076152324677,0.010345829650759697,-0.38757312297821045;0.3174353837966919,-0.12483187764883041,0.029777726158499718,-0.045479655265808105
;-84.73109436035156;-0.0000063217839851859026,1.1117180065411958e-8,-0.002398999175056815,-0.008080437779426575;2.246779012837763e-10,0.2176062911748886,0.010294715873897076,-0.3873281478881836;0.3172077238559723,-0.12483752518892288,0.02976389043033123,-0.04548003897070885
;-84.73243713378906;-0.000006322530225588707,1.1104179797882807e-8,-0.0024003724101930857,-0.008044775575399399;2.2441695723962596e-10,0.21760191023349762,0.010243948549032211,-0.3870830237865448;0.31698259711265564,-0.12484316527843475,0.029750050976872444,-0.04548042267560959
;-84.73377990722656;-0.000006323259185592178,1.1091190188494693e-8,-0.0024017454124987125,-0.008009280078113079;2.2415611033999028e-10,0.21759743988513947,0.01019341591745615,-0.38685745000839233;0.31675735116004944,-0.12484843283891678,0.02973727509379387,-0.04548079892992973
;-84.735107421875;-0.000006323994057311211,1.1078269857023315e-8,-0.00240311655215919,-0.007973943836987019;2.238968732637403e-10,0.21759308874607086,0.010143173858523369,-0.38661229610443115;0.31653326749801636,-0.12485406547784805,0.029723428189754486,-0.04548117518424988
;-84.73643493652344;-0.000006324758942355402,1.1065419691647094e-8,-0.0024044879246503115,-0.007938764058053493;2.236395513222078e-10,0.21758869290351868,0.010093217715620995,-0.3863671123981476;0.3163103759288788,-0.12485969066619873,0.029709577560424805,-0.045481543987989426
;-84.73776245117188;-0.0000063254933593270835,1.105257840805507e-8,-0.0024058574344962835,-0.0079037481918931;2.2338199345828258e-10,0.21758435666561127,0.01004349160939455,-0.3861413598060608;0.31608742475509644,-0.12486495822668076,0.029696788638830185,-0.04548192024230957
;-84.73907470703125;-0.000006326243237708695,1.1039808178736621e-8,-0.002407226013019681,-0.007868889719247818;2.2312604541774306e-10,0.21757999062538147,0.009994050487875938,-0.3859155476093292;0.31586572527885437,-0.12487022578716278,0.029683997854590416,-0.045482292771339417
;-84.74038696289062;-0.000006326999482553219,1.1027109003691749e-8,-0.002408594125881791,-0.00783418957144022;2.2287170720058924e-10,0.21757568418979645,0.009944891557097435,-0.38568970561027527;0.31564515829086304,-0.1248754933476448,0.0296712014824152,-0.045482661575078964
;-84.74169158935547;-0.000006327740720735164,1.1014421374966332e-8,-0.002409961773082614,-0.007799647282809019;2.2261745225016227e-10,0.2175714075565338,0.009895960800349712,-0.38546380400657654;0.31542447209358215,-0.12488075345754623,0.029658401384949684,-0.04548303037881851
;-84.74298858642578;-0.000006328534709609812,1.1001863420290192e-8,-0.002411328721791506,-0.007765256799757481;2.2236626429084083e-10,0.2175671011209488,0.009847362525761127,-0.38521841168403625;0.3152063488960266,-0.12488637864589691,0.02964453026652336,-0.04548339918255806
;-84.7442855834961;-0.000006329295956675196,1.0989317011933508e-8,-0.0024126956705003977,-0.007731024641543627;2.2211518735382185e-10,0.21756286919116974,0.00979898776859045,-0.38499242067337036;0.31498804688453674,-0.12489164620637894,0.0296317245811224,-0.04548376053571701
;-84.74557495117188;-0.000006330049018288264,1.097678392625312e-8,-0.0024140612222254276,-0.007696949876844883;2.2186420756131753e-10,0.2175585925579071,0.00975083839148283,-0.38476648926734924;0.3147696852684021,-0.12489691376686096,0.029618917033076286,-0.04548412933945656
;-84.74685668945312;-0.000006330833912215894,1.0964378738265168e-8,-0.002415425842627883,-0.007663026452064514;2.2161601720416257e-10,0.21755437552928925,0.0097030159085989,-0.38452088832855225;0.3145538866519928,-0.12490253895521164,0.029605034738779068,-0.04548448696732521
;-84.74813842773438;-0.000006331612439680612,1.0951986872953512e-8,-0.0024167902301996946,-0.0076292590238153934;2.2136820154727843e-10,0.21755017340183258,0.009655415080487728,-0.3842557966709137;0.31433790922164917,-0.12490854412317276,0.029590081423521042,-0.04548485204577446
;-84.74942016601562;-0.000006332361863314873,1.0939606553961312e-8,-0.002418153453618288,-0.007595644798129797;2.2112048303490894e-10,0.21754594147205353,0.009608032181859016,-0.38399073481559753;0.31412193179130554,-0.12491454929113388,0.02957511879503727,-0.04548520967364311
;-84.75070190429688;-0.0000063331031014968175,1.0927237781288568e-8,-0.002419514814391732,-0.007562190294265747;2.2087287554484192e-10,0.21754173934459686,0.009560870006680489,-0.3837646543979645;0.31390580534935,-0.1249198168516159,0.029562296345829964,-0.04548557102680206
;-84.75198364257812;-0.000006333816600090358,1.091487877857844e-8,-0.0024208747781813145,-0.007528886664658785;2.2062535132150174e-10,0.21753756701946259,0.009513926692306995,-0.3834995627403259;0.31368955969810486,-0.12492584437131882,0.029547329992055893,-0.045485928654670715
;-84.75326538085938;-0.0000063345250964630395,1.090253221036619e-8,-0.002422232646495104,-0.007495739031583071;2.203778964871006e-10,0.21753336489200592,0.009467200376093388,-0.38325390219688416;0.31347334384918213,-0.12493149191141129,0.029533427208662033,-0.045486293733119965
;-84.75454711914062;-0.0000063352022152685095,1.0890194523938135e-8,-0.0024235881865024567,-0.00746274134144187;2.2013056655278973e-10,0.21752913296222687,0.009420693852007389,-0.38300827145576477;0.3132569491863251,-0.12493713945150375,0.029519518837332726,-0.04548665136098862
;-84.75582885742188;-0.000006335877969831927,1.0877867495651117e-8,-0.002424941398203373,-0.0074298991821706295;2.1988336151856913e-10,0.2175249308347702,0.009374400600790977,-0.3827626705169678;0.31304052472114563,-0.12494278699159622,0.02950560860335827,-0.04548701271414757
;-84.75711059570312;-0.0000063365200730913784,1.0865551125505135e-8,-0.0024262922815978527,-0.007397208828479052;2.19635906684168e-10,0.21752071380615234,0.009328323416411877,-0.3825169503688812;0.3128240406513214,-0.12494844198226929,0.029491692781448364,-0.04548737406730652
;-84.75839233398438;-0.000006337158083624672,1.085324363714335e-8,-0.0024276413023471832,-0.0073646679520606995;2.1938886818340109e-10,0.21751652657985687,0.009282460436224937,-0.3822518587112427;0.31260743737220764,-0.1249544769525528,0.029476704075932503,-0.04548773542046547
;-84.7596664428711;-0.000006337779723253334,1.0840945918744183e-8,-0.002428987994790077,-0.007332277949899435;2.1914192682714884e-10,0.2175123244524002,0.00923680979758501,-0.38202565908432007;0.3123908042907715,-0.12495976686477661,0.02946385368704796,-0.04548809304833412
;-84.76093292236328;-0.000006338431376207154,1.0828776098037451e-8,-0.0024303337559103966,-0.0073000299744307995;2.188980247064265e-10,0.21750816702842712,0.009191472083330154,-0.3817994296550751;0.31217655539512634,-0.12496504187583923,0.029450995847582817,-0.04548845440149307
;-84.76219940185547;-0.000006339074843708659,1.0816617823650176e-8,-0.002431678120046854,-0.007267928682267666;2.186542197302188e-10,0.21750400960445404,0.009146344847977161,-0.38155362010002136;0.3119622766971588,-0.1249706968665123,0.02943706326186657,-0.045488812029361725
;-84.76346588134766;-0.0000063397042140422855,1.0804466654690259e-8,-0.002433021320030093,-0.00723597826436162;2.184105257763136e-10,0.21749983727931976,0.009101427160203457,-0.38132739067077637;0.3117479383945465,-0.12497598677873611,0.02942419983446598,-0.04548916593194008
;-84.76471710205078;-0.000006340339496091474,1.0792385651825498e-8,-0.002434363355860114,-0.007204169407486916;2.1816809470109888e-10,0.21749573945999146,0.009056766517460346,-0.38110098242759705;0.3115347921848297,-0.12498126178979874,0.029411334544420242,-0.04548951983451843
;-84.7659683227539;-0.000006340991149045294,1.0780375703234313e-8,-0.0024357049260288477,-0.007172504439949989;2.1792752324945042e-10,0.21749161183834076,0.00901236291974783,-0.3808745741844177;0.3113228380680084,-0.12498654425144196,0.029398463666439056,-0.04548987001180649
;-84.76721954345703;-0.0000063416187003895175,1.0768373748248905e-8,-0.002437045332044363,-0.007140983361750841;2.176870350645288e-10,0.21748752892017365,0.008968165144324303,-0.38064825534820557;0.31111088395118713,-0.12499183416366577,0.02938559092581272,-0.04549022391438484
;-84.76846313476562;-0.00000634224079476553,1.0756381563226114e-8,-0.0024383843410760164,-0.007109608966857195;2.1744665790190965e-10,0.21748343110084534,0.008924171328544617,-0.38042181730270386;0.3108987510204315,-0.1249971091747284,0.02937271259725094,-0.045490577816963196
;-84.76969909667969;-0.000006342900633171666,1.0744519052252599e-8,-0.002439722418785095,-0.007078372873365879;2.1720904241906425e-10,0.21747936308383942,0.008880478329956532,-0.38017579913139343;0.31068918108940125,-0.12500277161598206,0.02935875952243805,-0.045490920543670654
;-84.77093505859375;-0.000006343546374409925,1.0732666311241701e-8,-0.0024410602636635303,-0.007047275546938181;2.1697177388091404e-10,0.21747533977031708,0.008836987428367138,-0.3799492418766022;0.3104795217514038,-0.12500804662704468,0.02934587560594082,-0.04549127072095871
;-84.77217102050781;-0.000006344176654238254,1.0720824228371839e-8,-0.002442396944388747,-0.00701632397249341;2.167346024872785e-10,0.21747128665447235,0.008793698623776436,-0.3797227442264557;0.310269832611084,-0.1250133365392685,0.02933298796415329,-0.04549161717295647
;-84.77340698242188;-0.000006344791472656652,1.0708991915464594e-8,-0.002443731529638171,-0.006985515356063843;2.1649722292682583e-10,0.21746726334095,0.008750609122216702,-0.3794962167739868;0.31005996465682983,-0.12501861155033112,0.029320096597075462,-0.045491959899663925
;-84.7746353149414;-0.00000634537491350784,1.0697170260698385e-8,-0.002445064950734377,-0.006954849231988192;2.162602735777952e-10,0.2174631953239441,0.008707720786333084,-0.37926971912384033;0.3098500669002533,-0.12502390146255493,0.029307201504707336,-0.04549231007695198
;-84.7758560180664;-0.000006346013833535835,1.0685477391803033e-8,-0.002446397440508008,-0.0069243162870407104;2.1602630795314326e-10,0.21745921671390533,0.008665126748383045,-0.37904298305511475;0.3096426725387573,-0.12502919137477875,0.029294302687048912,-0.04549265652894974
;-84.7770767211914;-0.000006346635927911848,1.0673793404691878e-8,-0.002447728766128421,-0.006893924903124571;2.15792148039462e-10,0.21745513379573822,0.008622728288173676,-0.3788163959980011;0.3094352185726166,-0.12503448128700256,0.02928140200674534,-0.045493002980947495
;-84.7782974243164;-0.0000063472421061305795,1.066212007572176e-8,-0.0024490589275956154,-0.006863673683255911;2.1555836282605156e-10,0.21745114028453827,0.008580527268350124,-0.37858980894088745;0.30922770500183105,-0.12503975629806519,0.029268495738506317,-0.045493341982364655
;-84.7795181274414;-0.00000634783236819203,1.0650457404892677e-8,-0.0024503874592483044,-0.006833563093096018;2.1532439720139962e-10,0.21744710206985474,0.008538521826267242,-0.37836310267448425;0.3090200424194336,-0.1250450611114502,0.029255585744976997,-0.04549368843436241
;-84.78072357177734;-0.000006348439001158113,1.0638861347445072e-8,-0.0024517143610864878,-0.006803586147725582;2.150922356891627e-10,0.2174430936574936,0.008496757596731186,-0.37813636660575867;0.3088137209415436,-0.12505033612251282,0.02924267388880253,-0.04549403116106987
;-84.78192901611328;-0.000006349057912302669,1.0627335456092624e-8,-0.0024530410300940275,-0.006773743778467178;2.148613786889797e-10,0.21743911504745483,0.008455232717096806,-0.3779096007347107;0.3086085319519043,-0.12505562603473663,0.02922975644469261,-0.04549437016248703
;-84.78313446044922;-0.00000634965863355319,1.0615821111059631e-8,-0.0024543670006096363,-0.006744038313627243;2.146308686334919e-10,0.21743515133857727,0.00841390062123537,-0.3776828646659851;0.30840325355529785,-0.12506091594696045,0.029216839000582695,-0.04549470916390419
;-84.78433990478516;-0.00000635024343864643,1.0604316535989255e-8,-0.002455690875649452,-0.0067144702188670635;2.144001781667626e-10,0.2174312025308609,0.008372760377824306,-0.3774561285972595;0.30819788575172424,-0.12506620585918427,0.02920391596853733,-0.04549505189061165
;-84.7855453491211;-0.000006350814146571793,1.0592820842703077e-8,-0.0024570131208747625,-0.006685038562864065;2.141698346447285e-10,0.21742719411849976,0.008331811986863613,-0.37722933292388916;0.307992547750473,-0.12507151067256927,0.029190989211201668,-0.04549539089202881
;-84.7867431640625;-0.000006351376669044839,1.0581334919379515e-8,-0.0024583337362855673,-0.006655741948634386;2.1393958826720905e-10,0.217423215508461,0.008291052654385567,-0.3770025074481964;0.30778709053993225,-0.1250768005847931,0.029178060591220856,-0.04549573361873627
;-84.78793334960938;-0.000006351971478579799,1.056997511739155e-8,-0.0024596538860350847,-0.006626573856920004;2.1371208969167554e-10,0.21741928160190582,0.008250572718679905,-0.3767756223678589;0.30758413672447205,-0.1250821053981781,0.029165124520659447,-0.04549606889486313
;-84.78912353515625;-0.000006352553555188933,1.0558626861723042e-8,-0.0024609724059700966,-0.00659753754734993;2.1348464662729327e-10,0.21741534769535065,0.008210279978811741,-0.376548707485199;0.3073810935020447,-0.12508739531040192,0.02915218658745289,-0.04549640417098999
;-84.79031372070312;-0.000006353116532409331,1.054728837601715e-8,-0.0024622895289212465,-0.006568637676537037;2.1325759214096962e-10,0.21741141378879547,0.008170176297426224,-0.37632179260253906;0.3071780502796173,-0.12509268522262573,0.02913924679160118,-0.04549673944711685
;-84.79150390625;-0.000006353662229230395,1.0535959660273875e-8,-0.002463606186211109,-0.006539870984852314;2.1303032948782885e-10,0.2174074798822403,0.008130255155265331,-0.3760949373245239;0.3069748878479004,-0.12509797513484955,0.029126303270459175,-0.04549707844853401
;-84.79269409179688;-0.000006354207926051458,1.0524638049957957e-8,-0.0024649202823638916,-0.0065112365409731865;2.1280341377938328e-10,0.2174035757780075,0.008090520277619362,-0.37586796283721924;0.3067716658115387,-0.12510329484939575,0.02911335602402687,-0.045497409999370575
;-84.79388427734375;-0.000006354723609547364,1.0513326209604656e-8,-0.0024662327487021685,-0.006482735276222229;2.125763176596962e-10,0.21739967167377472,0.008050970733165741,-0.3756410479545593;0.30656829476356506,-0.12510859966278076,0.029100405052304268,-0.045497745275497437
;-84.79505920410156;-0.0000063552606661687605,1.0502083647168092e-8,-0.0024675438180565834,-0.006454361602663994;2.1235105340799976e-10,0.21739575266838074,0.0080116493627429,-0.37541404366493225;0.3063662350177765,-0.12511388957500458,0.029087448492646217,-0.0454980805516243
;-84.79623413085938;-0.0000063558054534951225,1.0490908586291425e-8,-0.0024688532575964928,-0.006426115985959768;2.121270242794182e-10,0.21739187836647034,0.007972554303705692,-0.3751870095729828;0.3061653673648834,-0.1251191943883896,0.029074490070343018,-0.04549840837717056
;-84.79740905761719;-0.000006356336598400958,1.0479742407198955e-8,-0.0024701624643057585,-0.00639799889177084;2.1190310617313912e-10,0.21738798916339874,0.00793363992124796,-0.37495991587638855;0.3059644401073456,-0.1251244992017746,0.02906152978539467,-0.045498739928007126
;-84.798583984375;-0.0000063568627410859335,1.0468585998069102e-8,-0.0024714700412005186,-0.0063700126484036446;2.1167950725597962e-10,0.21738417446613312,0.007894906215369701,-0.3747329115867615;0.30576345324516296,-0.1251298040151596,0.029048563912510872,-0.04549907147884369
;-84.79975891113281;-0.000006357361144182505,1.0457438470723446e-8,-0.002472775988280773,-0.006342153996229172;2.1145578343872984e-10,0.21738025546073914,0.007856353186070919,-0.374505877494812;0.30556240677833557,-0.1251351237297058,0.029035594314336777,-0.04549940302968025
;-84.80093383789062;-0.000006357841812132392,1.0446300713340406e-8,-0.002474080305546522,-0.006314424332231283;2.1123233717723622e-10,0.21737641096115112,0.007817978039383888,-0.3742787539958954;0.30536121129989624,-0.12514042854309082,0.029022620990872383,-0.045499738305807114
;-84.80210876464844;-0.00000635832293482963,1.0435168285027885e-8,-0.0024753822945058346,-0.0062868231907486916;2.110087243822889e-10,0.21737250685691833,0.007779779843986034,-0.3740517199039459;0.3051600158214569,-0.12514573335647583,0.02900964580476284,-0.04550006985664368
;-84.80328369140625;-0.0000063587735894543584,1.04240465148564e-8,-0.002476682420819998,-0.00625934824347496;2.1078519485406844e-10,0.21736863255500793,0.007741759996861219,-0.3738245666027069;0.30495867133140564,-0.12515105307102203,0.02899666503071785,-0.04550040140748024
;-84.80445861816406;-0.000006359212875395315,1.0412932738290692e-8,-0.0024779802188277245,-0.006232000421732664;2.1056202614833097e-10,0.21736474335193634,0.007703917101025581,-0.37359747290611267;0.30475735664367676,-0.12515637278556824,0.02898368239402771,-0.0455007329583168
;-84.80561828613281;-0.000006359669896482956,1.0401884686928042e-8,-0.002479276154190302,-0.00620477506890893;2.103400925657084e-10,0.2173609435558319,0.007666292134672403,-0.3733704090118408;0.304557204246521,-0.12516169250011444,0.02897069603204727,-0.04550106078386307
;-84.80677795410156;-0.000006360149654938141,1.039090324894687e-8,-0.0024805720895528793,-0.006177670322358608;2.1011974105089593e-10,0.2173570990562439,0.007628885097801685,-0.37314319610595703;0.3043583035469055,-0.12516699731349945,0.028957704082131386,-0.04550138860940933
;-84.80793762207031;-0.000006360603038046975,1.0379931580928314e-8,-0.0024818668607622385,-0.0061506908386945724;2.0989972260299083e-10,0.21735329926013947,0.0075916508212685585,-0.37291598320007324;0.30415934324264526,-0.12517231702804565,0.0289447121322155,-0.045501708984375
;-84.80909729003906;-0.000006361053237924352,1.0368967018337116e-8,-0.0024831602349877357,-0.00612383708357811;2.0967949598826863e-10,0.21734945476055145,0.0075545902363955975,-0.3726887106895447;0.3039603531360626,-0.12517765164375305,0.028931712731719017,-0.04550204053521156
;-84.81025695800781;-0.00000636147251498187,1.0358011337530115e-8,-0.0024844517465680838,-0.006097106728702784;2.0945935264027327e-10,0.2173456847667694,0.007517701014876366,-0.3724615275859833;0.30376124382019043,-0.12518297135829926,0.028918711468577385,-0.04550236463546753
;-84.81141662597656;-0.00000636187814961886,1.0347063650328892e-8,-0.0024857413955032825,-0.006070498377084732;2.092395562369731e-10,0.21734179556369781,0.00748098362237215,-0.3722343444824219;0.3035620450973511,-0.12518829107284546,0.028905706480145454,-0.045502692461013794
;-84.81257629394531;-0.000006362283784255851,1.0336123956733445e-8,-0.002487029181793332,-0.0060440124943852425;2.0901957942243143e-10,0.21733802556991577,0.0074444361962378025,-0.3720070719718933;0.30336278676986694,-0.12519362568855286,0.028892699629068375,-0.04550302028656006
;-84.81373596191406;-0.000006362658950820332,1.0325190480386937e-8,-0.002488314174115658,-0.00601764814928174;2.0879968587461661e-10,0.21733418107032776,0.0074080596677958965,-0.3717798590660095;0.3031634986400604,-0.12519896030426025,0.028879687190055847,-0.04550334811210632
;-84.81489562988281;-0.0000063630350268795155,1.0314265885824625e-8,-0.002489598235115409,-0.0059914072044193745;2.0858011151592137e-10,0.21733035147190094,0.007371851243078709,-0.37155255675315857;0.30296412110328674,-0.12520429491996765,0.02886667102575302,-0.04550367593765259
;-84.81605529785156;-0.000006363382908602944,1.0303347508511251e-8,-0.0024908792693167925,-0.005965285934507847;2.0836034286819682e-10,0.21732653677463531,0.007335812319070101,-0.3713253438472748;0.3027646541595459,-0.12520962953567505,0.028853651136159897,-0.04550400376319885
;-84.81721496582031;-0.000006363729426084319,1.0292435348446816e-8,-0.0024921586737036705,-0.005939286667853594;2.0814068524277474e-10,0.21732273697853088,0.007299941498786211,-0.3710980713367462;0.3025650978088379,-0.12521497905254364,0.028840631246566772,-0.04550432786345482
;-84.81837463378906;-0.000006364046384987887,1.0281531181988157e-8,-0.002493435749784112,-0.005913406144827604;2.0792136068426004e-10,0.21731890738010406,0.00726423691958189,-0.37087076902389526;0.3023655116558075,-0.12522031366825104,0.02882760390639305,-0.045504651963710785
;-84.81953430175781;-0.000006364361979649402,1.0270633232778437e-8,-0.0024947107303887606,-0.005887644365429878;2.0770184183671603e-10,0.21731509268283844,0.007228698581457138,-0.3706434965133667;0.30216580629348755,-0.12522566318511963,0.02881457470357418,-0.04550497978925705
;-84.8206787109375;-0.000006364688488247339,1.0259801008771774e-8,-0.002495985012501478,-0.005861997604370117;2.0748383566804307e-10,0.217311292886734,0.007193366996943951,-0.37041619420051575;0.3019673824310303,-0.12523099780082703,0.02880154177546501,-0.045505307614803314
;-84.82182312011719;-0.0000063650259107816964,1.024903362178975e-8,-0.002497258596122265,-0.0058364649303257465;2.0726764748957294e-10,0.21730752289295197,0.007158239837735891,-0.37018877267837524;0.3017702102661133,-0.12523634731769562,0.028788501396775246,-0.04550563171505928
;-84.82296752929688;-0.000006365357421600493,1.0238273340235082e-8,-0.002498530549928546,-0.0058110496029257774;2.070512650220735e-10,0.21730373799800873,0.007123276591300964,-0.3699614405632019;0.3015729784965515,-0.1252416968345642,0.02877546101808548,-0.04550594836473465
;-84.82411193847656;-0.0000063656666497990955,1.0227521940464612e-8,-0.0024998015724122524,-0.00578575162217021;2.0683493806572528e-10,0.21730001270771027,0.007088474463671446,-0.369733989238739;0.3013755977153778,-0.1252470314502716,0.028762416914105415,-0.045506272464990616
;-84.82525634765625;-0.000006365967237798031,1.021677586976466e-8,-0.0025010707322508097,-0.005760570522397757;2.0661869437610392e-10,0.21729624271392822,0.0070538329891860485,-0.3695065975189209;0.3011781871318817,-0.1252523958683014,0.028749369084835052,-0.04550659656524658
;-84.82640075683594;-0.000006366248271660879,1.0206039569027325e-8,-0.0025023380294442177,-0.005735505372285843;2.0640282538675336e-10,0.2172924429178238,0.007019354961812496,-0.369279146194458;0.30098068714141846,-0.12525774538516998,0.02873631753027439,-0.04550691694021225
;-84.82754516601562;-0.000006366527031786973,1.0195306821003669e-8,-0.0025036027655005455,-0.00571055430918932;2.0618672047501008e-10,0.21728868782520294,0.006985036190599203,-0.3690517842769623;0.3007832169532776,-0.12526309490203857,0.02872326411306858,-0.045507241040468216
;-84.82868957519531;-0.000006366787602019031,1.018458117840737e-8,-0.002504866337403655,-0.005685717333108187;2.0597069882999364e-10,0.2172849178314209,0.006950876675546169,-0.368824303150177;0.3005855977535248,-0.12526845932006836,0.028710205107927322,-0.04550756514072418
;-84.829833984375;-0.000006367026344378246,1.017386175306001e-8,-0.0025061271153390408,-0.0056609963066875935;2.0575478820727966e-10,0.21728116273880005,0.006916876882314682,-0.3685969114303589;0.3003878593444824,-0.12527382373809814,0.028697144240140915,-0.04550788924098015
;-84.83097839355469;-0.0000063672591750219,1.0163149433140006e-8,-0.002507386961951852,-0.005636388901621103;2.0553916901810965e-10,0.21727736294269562,0.006883034482598305,-0.3683694303035736;0.30019012093544006,-0.12527918815612793,0.02868407778441906,-0.045508209615945816
;-84.83212280273438;-0.0000063674688135506585,1.0152441554112102e-8,-0.0025086442474275827,-0.005611893255263567;2.0532339717327375e-10,0.21727362275123596,0.006849350873380899,-0.3681419789791107;0.29999232292175293,-0.12528455257415771,0.028671009466052055,-0.045508529990911484
;-84.83326721191406;-0.000006367676633090014,1.0141740780511554e-8,-0.002509899204596877,-0.005587512161582708;2.0510768083958908e-10,0.2172698825597763,0.006815824192017317,-0.36791449785232544;0.29979440569877625,-0.1252899318933487,0.028657937422394753,-0.04550885036587715
;-84.83441162109375;-0.000006367858077283017,1.0131047112338365e-8,-0.0025111522991210222,-0.005563241429626942;2.0489203389484345e-10,0.21726608276367188,0.00678245397284627,-0.36768707633018494;0.2995964586734772,-0.12529529631137848,0.028644859790802002,-0.04550917446613312
;-84.83555603027344;-0.000006368038611981319,1.0120357885057274e-8,-0.0025124032981693745,-0.005539082456380129;2.0467648409461248e-10,0.21726229786872864,0.006749238818883896,-0.3674595355987549;0.29939842224121094,-0.12530067563056946,0.028631780296564102,-0.045509498566389084
;-84.83670043945312;-0.000006368195499817375,1.010967576320354e-8,-0.0025136524345725775,-0.0055150361731648445;2.0446125348350108e-10,0.2172585427761078,0.006716177333146334,-0.3672321140766144;0.29920029640197754,-0.12530605494976044,0.028618697077035904,-0.04550982266664505
;-84.83784484863281;-0.00000636834693068522,1.0098998082241906e-8,-0.0025148997083306313,-0.0054910979233682156;2.0424584246114819e-10,0.21725477278232574,0.006683270912617445,-0.3670046329498291;0.29900217056274414,-0.12531143426895142,0.028605610132217407,-0.04551014304161072
;-84.8389892578125;-0.000006368487447616644,1.008832484217237e-8,-0.0025161446537822485,-0.0054672714322805405;2.0403051470552214e-10,0.2172510176897049,0.006650518625974655,-0.36679667234420776;0.2988038659095764,-0.12531642615795135,0.028593609109520912,-0.045510467141866684
;-84.84011840820312;-0.000006368635240505682,1.007771732730589e-8,-0.002517388202250004,-0.005443550646305084;2.0381669962876714e-10,0.21724727749824524,0.006617957726120949,-0.3665885925292969;0.29860690236091614,-0.1253214031457901,0.028581606224179268,-0.04551078751683235
;-84.84124755859375;-0.000006368797130562598,1.006717376128563e-8,-0.002518631750717759,-0.0054199350997805595;2.0360464703106373e-10,0.21724356710910797,0.006585587281733751,-0.36636099219322205;0.29841116070747375,-0.12532679736614227,0.028568509966135025,-0.04551110416650772
;-84.84237670898438;-0.000006368956292135408,1.0056636412514308e-8,-0.0025198734365403652,-0.005396430380642414;2.0339242789990664e-10,0.2172398418188095,0.006553365848958492,-0.3661530017852783;0.2982152998447418,-0.12533177435398102,0.028556499630212784,-0.04551142454147339
;-84.843505859375;-0.000006369104085024446,1.0046105280991924e-8,-0.0025211141910403967,-0.0053730313666164875;2.0318029203547638e-10,0.21723614633083344,0.006521295290440321,-0.36594486236572266;0.2980194687843323,-0.12533678114414215,0.028544489294290543,-0.04551174119114876
;-84.84463500976562;-0.000006369222774083028,1.0035580366718477e-8,-0.0025223533157259226,-0.005349740851670504;2.0296821168219736e-10,0.21723239123821259,0.006489373743534088,-0.365736722946167;0.2978235185146332,-0.1253417730331421,0.028532475233078003,-0.045512061566114426
;-84.84576416015625;-0.000006369342372636311,1.0025062557872388e-8,-0.00252359127625823,-0.005326556041836739;2.0275618684006957e-10,0.21722868084907532,0.0064576007425785065,-0.36550912261009216;0.2976274788379669,-0.12534716725349426,0.028519365936517715,-0.045512374490499496
;-84.84687805175781;-0.000006369473794620717,1.0014607809694098e-8,-0.002524826442822814,-0.0053034755401313305;2.0254568855460064e-10,0.21722500026226044,0.006426013540476561,-0.36532050371170044;0.29743272066116333,-0.12535175681114197,0.028508435934782028,-0.045512694865465164
;-84.84799194335938;-0.000006369624770741211,1.0004217010362026e-8,-0.0025260618422180414,-0.005280498880892992;2.0233698050375892e-10,0.21722136437892914,0.006394609808921814,-0.36509278416633606;0.29723918437957764,-0.12535715103149414,0.028495317324995995,-0.045513007789850235
;-84.84910583496094;-0.0000063697639234305825,9.993833316457312e-9,-0.0025272960774600506,-0.005257626995444298;2.021280920416757e-10,0.21721768379211426,0.006363353226333857,-0.36488455533981323;0.29704561829566956,-0.12536214292049408,0.02848329022526741,-0.045513320714235306
;-84.85021209716797;-0.000006369891707436182,9.983455839801536e-9,-0.0025285291485488415,-0.0052348594181239605;2.019192313351681e-10,0.21721403300762177,0.006332241930067539,-0.36469581723213196;0.2968519628047943,-0.12536674737930298,0.028472354635596275,-0.045513637363910675
;-84.85131072998047;-0.000006370064966176869,9.973202708124518e-9,-0.002529762452468276,-0.00521219102665782;2.0171331271967574e-10,0.21721039712429047,0.00630134716629982,-0.36448749899864197;0.2966609299182892,-0.12537173926830292,0.028460320085287094,-0.04551393911242485
;-84.85240936279297;-0.000006370213213813258,9.962956681874857e-9,-0.0025309945922344923,-0.005189626011997461;2.0150750512648585e-10,0.21720682084560394,0.0062705958262085915,-0.364279180765152;0.2964697778224945,-0.12537673115730286,0.028448283672332764,-0.04551425203680992
;-84.85350799560547;-0.00000637035782347084,9.952718649230974e-9,-0.0025322260335087776,-0.005167164374142885;2.013017530444472e-10,0.21720321476459503,0.0062399874441325665,-0.3640903830528259;0.29627862572669983,-0.12538133561611176,0.028437338769435883,-0.045514561235904694
;-84.8545913696289;-0.000006370528353727423,9.942545453611729e-9,-0.0025334570091217756,-0.005144802387803793;2.0109749976349178e-10,0.2171996533870697,0.006209556944668293,-0.3639015257358551;0.29608863592147827,-0.12538592517375946,0.028426390141248703,-0.045514870434999466
;-84.85567474365234;-0.000006370708433678374,9.932437983195541e-9,-0.002534687053412199,-0.005122539587318897;2.0089474528361961e-10,0.2171960473060608,0.006179304327815771,-0.3636930584907532;0.29589998722076416,-0.1253909170627594,0.028414346277713776,-0.04551517218351364
;-84.85675811767578;-0.000006370878054440254,9.922337618206711e-9,-0.002535917330533266,-0.005100380163639784;2.0069206019268648e-10,0.21719253063201904,0.0061491928063333035,-0.3635041415691376;0.2957112789154053,-0.1253955215215683,0.028403395786881447,-0.045515477657318115
;-84.85783386230469;-0.000006371031304297503,9.912247023180498e-9,-0.0025371455121785402,-0.0050783222541213036;2.00489472246268e-10,0.2171889841556549,0.006119220517575741,-0.36331525444984436;0.29552245140075684,-0.125400111079216,0.02839244157075882,-0.04551578313112259
;-84.85890197753906;-0.0000063712350311107,9.902278108597784e-9,-0.0025383741594851017,-0.005056360270828009;2.0028978475750137e-10,0.21718548238277435,0.006089457776397467,-0.3631261885166168;0.29533618688583374,-0.1254047155380249,0.028381483629345894,-0.045516081154346466
;-84.85997009277344;-0.000006371421477524564,9.892318963977687e-9,-0.0025396025739610195,-0.005034498870372772;2.0009018053546157e-10,0.2171819657087326,0.006059831939637661,-0.36293718218803406;0.2951499819755554,-0.1254093050956726,0.02837052196264267,-0.04551638290286064
;-84.86103057861328;-0.000006371600193233462,9.882368701141786e-9,-0.002540829125791788,-0.005012737587094307;1.9989064570236081e-10,0.21717844903469086,0.006030343938618898,-0.3627481460571289;0.29496362805366516,-0.1254139095544815,0.028359558433294296,-0.04551668465137482
;-84.8620834350586;-0.000006371823019435396,9.872542783284644e-9,-0.0025420563761144876,-0.0049910712987184525;1.9969376152673135e-10,0.21717502176761627,0.006001063622534275,-0.362559050321579;0.2947799265384674,-0.12541848421096802,0.028348593041300774,-0.045516982674598694
;-84.8631362915039;-0.000006372043571900576,9.862723970854859e-9,-0.0025432831607759,-0.004969502799212933;1.9949721041800927e-10,0.2171715348958969,0.005971917416900396,-0.36236992478370667;0.2945961356163025,-0.12542308866977692,0.028337623924016953,-0.04551727697253227
;-84.86418151855469;-0.000006372240022756159,9.852913152030851e-9,-0.0025445097126066685,-0.004948033951222897;1.9930074257601404e-10,0.21716806292533875,0.005942907650023699,-0.36218076944351196;0.2944123148918152,-0.12542767822742462,0.02832665666937828,-0.04551757127046585
;-84.86521911621094;-0.0000063724874053150415,9.843227566364021e-9,-0.002545735100284219,-0.004926658701151609;1.9910716131388284e-10,0.21716472506523132,0.0059141009114682674,-0.3619915544986725;0.2942310869693756,-0.12543226778507233,0.028315681964159012,-0.04551786184310913
;-84.86625671386719;-0.000006372729330905713,9.833551750659808e-9,-0.0025469609536230564,-0.004905381239950657;1.9891366331847848e-10,0.21716129779815674,0.005885427352041006,-0.3618023097515106;0.29404976963996887,-0.12543685734272003,0.028304709121584892,-0.04551815241575241
;-84.86729431152344;-0.000006372951247612946,9.823883040382952e-9,-0.0025481858756393194,-0.004884201567620039;1.9871997103404482e-10,0.21715791523456573,0.0058568865060806274,-0.36161306500434875;0.29386839270591736,-0.12544144690036774,0.028293730691075325,-0.04551844671368599
;-84.86832427978516;-0.000006373156793415546,9.814224988247133e-9,-0.002549409633502364,-0.004863119218498468;1.9852659793873073e-10,0.21715451776981354,0.005828477907925844,-0.3614237904548645;0.29368698596954346,-0.12544603645801544,0.02828275039792061,-0.04551873728632927
;-84.86934661865234;-0.000006373421911121113,9.804690392911652e-9,-0.0025506329257041216,-0.00484212813898921;1.983361530566441e-10,0.21715116500854492,0.005800268147140741,-0.36123448610305786;0.2935081422328949,-0.12545062601566315,0.028271764516830444,-0.04551902413368225
;-84.87036895751953;-0.000006373660198732978,9.795165567538788e-9,-0.002551856217905879,-0.0048212334513664246;1.9814550000774034e-10,0.2171478569507599,0.005772189702838659,-0.36104509234428406;0.29332926869392395,-0.12545520067214966,0.02826078236103058,-0.04551931470632553
;-84.87139129638672;-0.000006373903488565702,9.785649623950121e-9,-0.002553078578785062,-0.004800434224307537;1.9795516614795616e-10,0.21714447438716888,0.005744241178035736,-0.36085572838783264;0.2931503653526306,-0.12545979022979736,0.028249794617295265,-0.04551960155367851
;-84.8724136352539;-0.000006374119948304724,9.776141673967231e-9,-0.0025542988441884518,-0.004779729526489973;1.9776488779932322e-10,0.21714115142822266,0.005716421641409397,-0.3606663644313812;0.2929713726043701,-0.12546439468860626,0.028238805010914803,-0.045519884675741196
;-84.87342071533203;-0.000006374360054905992,9.766700337365819e-9,-0.0025555186439305544,-0.004759117960929871;1.9757584457380517e-10,0.21713781356811523,0.005688765086233616,-0.3604769706726074;0.2927936315536499,-0.12546898424625397,0.02822781167924404,-0.04552017152309418
;-84.87442779541016;-0.000006374621534632752,9.757325614145884e-9,-0.002556737745180726,-0.004738598130643368;1.973885360717631e-10,0.2171345055103302,0.005661269184201956,-0.36028751730918884;0.29261720180511475,-0.12547355890274048,0.028216814622282982,-0.04552045464515686
;-84.87543487548828;-0.0000063748625507287215,9.747958884531727e-9,-0.002557956613600254,-0.004718172363936901;1.9720128308087226e-10,0.21713122725486755,0.005633900873363018,-0.36009806394577026;0.2924407422542572,-0.12547814846038818,0.028205815702676773,-0.045520734041929245
;-84.8764419555664;-0.000006375101747835288,9.738601036701766e-9,-0.0025591745506972075,-0.004697841126471758;1.970138358009521e-10,0.2171279937028885,0.005606658756732941,-0.3599086403846741;0.2922642230987549,-0.1254827380180359,0.028194814920425415,-0.04552101716399193
;-84.87744903564453;-0.000006375315933837555,9.729252070656003e-9,-0.0025603901594877243,-0.004677602555602789;1.9682673546572715e-10,0.21712467074394226,0.005579543299973011,-0.35971906781196594;0.292087584733963,-0.1254873424768448,0.028183814138174057,-0.04552130028605461
;-84.8784408569336;-0.000006375565135385841,9.719967941634877e-9,-0.00256160506978631,-0.004657453391700983;1.9664109229822202e-10,0.217121422290802,0.005552585236728191,-0.3595295250415802;0.2919122874736786,-0.1254919320344925,0.0281728096306324,-0.045521579682826996
;-84.87943267822266;-0.0000063758120631973725,9.710751314173649e-9,-0.002562819980084896,-0.004637394566088915;1.9645667037604397e-10,0.21711814403533936,0.005525785963982344,-0.35933998227119446;0.29173827171325684,-0.1254965215921402,0.028161801397800446,-0.04552185907959938
;-84.88042449951172;-0.000006376063083735062,9.701543568496618e-9,-0.0025640339590609074,-0.004617427475750446;1.962725676429855e-10,0.21711494028568268,0.005499108694493771,-0.35915037989616394;0.29156413674354553,-0.1255011111497879,0.028150789439678192,-0.04552213475108147
;-84.88141632080078;-0.000006376299097610172,9.692342040068525e-9,-0.0025652474723756313,-0.004597552120685577;1.9608827062089773e-10,0.21711169183254242,0.005472555756568909,-0.35896074771881104;0.29138997197151184,-0.1255057007074356,0.02813977561891079,-0.04552241414785385
;-84.88240814208984;-0.000006376515557349194,9.683151169781468e-9,-0.0025664595887064934,-0.0045777675695717335;1.9590427891014173e-10,0.21710845828056335,0.005446125287562609,-0.3587712049484253;0.29121580719947815,-0.1255102902650833,0.028128759935498238,-0.045522693544626236
;-84.8833999633789;-0.0000063767251958779525,9.673965628564929e-9,-0.0025676689110696316,-0.004558074753731489;1.957200790325686e-10,0.2171052247285843,0.005419817753136158,-0.35858163237571716;0.2910414934158325,-0.12551487982273102,0.028117742389440536,-0.04552297294139862
;-84.88439178466797;-0.000006376927558449097,9.664789857311007e-9,-0.002568877534940839,-0.004538470879197121;1.9553618446632726e-10,0.21710199117660522,0.005393631290644407,-0.35839203000068665;0.2908672094345093,-0.12551948428153992,0.028106722980737686,-0.045523252338171005
;-84.88536834716797;-0.000006377139925461961,9.655677146724884e-9,-0.002570083597674966,-0.004518954548984766;1.953535389009886e-10,0.21709874272346497,0.005367598962038755,-0.35820236802101135;0.2906941771507263,-0.12552407383918762,0.028095699846744537,-0.04552352428436279
;-84.88634490966797;-0.0000063773782130738255,9.646631937698658e-9,-0.0025712898932397366,-0.004499525763094425;1.9517260030355033e-10,0.21709556877613068,0.005341718904674053,-0.3580126464366913;0.2905224859714508,-0.12552866339683533,0.02808467298746109,-0.04552379995584488
;-84.88732147216797;-0.000006377588306349935,9.637593834099789e-9,-0.0025724954903125763,-0.004480184055864811;1.9499148129487054e-10,0.21709240972995758,0.005315958056598902,-0.3578229546546936;0.29035064578056335,-0.12553326785564423,0.028073644265532494,-0.045524075627326965
;-84.88829803466797;-0.000006377804311341606,9.628561947749859e-9,-0.002573700388893485,-0.004460932221263647;1.9481068147531033e-10,0.2170892208814621,0.005290315952152014,-0.35763317346572876;0.2901788055896759,-0.12553785741329193,0.0280626118183136,-0.04552434757351875
;-84.88927459716797;-0.000006378004854923347,9.619538943184125e-9,-0.002574903191998601,-0.004441768396645784;1.946296457333574e-10,0.2170860469341278,0.005264793522655964,-0.35744351148605347;0.2900069057941437,-0.12554246187210083,0.028051579371094704,-0.04552462324500084
;-84.89025115966797;-0.0000063781949393160176,9.610523044045749e-9,-0.0025761048309504986,-0.0044226921163499355;1.9444894305831184e-10,0.21708285808563232,0.005239388905465603,-0.3572537899017334;0.2898349463939667,-0.12554705142974854,0.02804054506123066,-0.045524898916482925
;-84.89122772216797;-0.000006378370926540811,9.60151425033473e-9,-0.0025773043744266033,-0.004403702914714813;1.9426801833866136e-10,0.21707965433597565,0.005214100703597069,-0.35706403851509094;0.2896629273891449,-0.12555167078971863,0.028029505163431168,-0.045525167137384415
;-84.89220428466797;-0.000006378525995387463,9.59251256205107e-9,-0.0025785022880882025,-0.004384801257401705;1.9408744056370608e-10,0.21707648038864136,0.0051889303140342236,-0.3568743169307709;0.2894909083843231,-0.12555627524852753,0.028018463402986526,-0.0455254428088665
;-84.8931655883789;-0.000006378715170285432,9.583573046256788e-9,-0.0025796995032578707,-0.004365984350442886;1.9390805627850227e-10,0.21707327663898468,0.005163908936083317,-0.35668450593948364;0.28932011127471924,-0.12556086480617523,0.028007419779896736,-0.04552571475505829
;-84.89412689208984;-0.000006378919806593331,9.574700143843984e-9,-0.0025808957871049643,-0.004347250796854496;1.9373039283898663e-10,0.21707017719745636,0.005139032378792763,-0.356494665145874;0.2891506254673004,-0.12556546926498413,0.027996374294161797,-0.045525986701250076
;-84.89508819580078;-0.000006379109890986001,9.565833458680117e-9,-0.002582091838121414,-0.004328601993620396;1.9355252123265387e-10,0.21706701815128326,0.005114271771162748,-0.3563048243522644;0.2889810800552368,-0.12557007372379303,0.02798532508313656,-0.04552625119686127
;-84.89604949951172;-0.000006379288151947549,9.556974767122028e-9,-0.0025832862593233585,-0.004310038406401873;1.9337473289304796e-10,0.21706390380859375,0.005089626181870699,-0.3561150133609772;0.28881150484085083,-0.12557467818260193,0.027974272146821022,-0.045526523143053055
;-84.89701080322266;-0.000006379444130288903,9.548122292812877e-9,-0.0025844790507107973,-0.004291560035198927;1.931972221091982e-10,0.21706078946590424,0.005065093282610178,-0.35592514276504517;0.2886418402194977,-0.12557928264141083,0.027963221073150635,-0.045526791363954544
;-84.8979721069336;-0.00000637960192761966,9.539275147574244e-9,-0.002585670445114374,-0.004273166414350271;1.9301951703631914e-10,0.21705767512321472,0.0050406744703650475,-0.35573524236679077;0.28847211599349976,-0.12558388710021973,0.0279521644115448,-0.04552705958485603
;-84.89893341064453;-0.000006379746992024593,9.530435995941389e-9,-0.0025868602097034454,-0.004254857078194618;1.9284213115255966e-10,0.21705453097820282,0.005016369745135307,-0.3555454611778259;0.2883024513721466,-0.12558850646018982,0.027941104024648666,-0.04552733153104782
;-84.89989471435547;-0.0000063798815972404554,9.521603061557471e-9,-0.002588047878816724,-0.004236631095409393;1.9266453710198306e-10,0.21705137193202972,0.004992176312953234,-0.35535556077957153;0.28813260793685913,-0.12559311091899872,0.027930043637752533,-0.04552759975194931
;-84.9008560180664;-0.000006380004379025195,9.512775456244071e-9,-0.002589235082268715,-0.004218488931655884;1.9248698468476988e-10,0.2170482724905014,0.004968095570802689,-0.3551657199859619;0.28796276450157166,-0.1255977302789688,0.027918977662920952,-0.0455278716981411
;-84.90181732177734;-0.000006380115337378811,9.50395318000119e-9,-0.002590419724583626,-0.004200429655611515;1.9230975145667628e-10,0.2170451134443283,0.004944125656038523,-0.3549758195877075;0.2877928912639618,-0.1256023347377777,0.02790791168808937,-0.04552813991904259
;-84.90277862548828;-0.000006380215381796006,9.495136232828827e-9,-0.0025916018057614565,-0.004182453267276287;1.9213231006176557e-10,0.2170419991016388,0.004920267965644598,-0.3547859489917755;0.2876228988170624,-0.125606968998909,0.02789684571325779,-0.045528411865234375
;-84.90373992919922;-0.000006380306786013534,9.486326391083821e-9,-0.0025927824899554253,-0.004164559300988913;1.9195520173376224e-10,0.2170388400554657,0.004896520636975765,-0.35459601879119873;0.28745293617248535,-0.1256115883588791,0.02788577228784561,-0.045528676360845566
;-84.90469360351562;-0.0000063803818193264306,9.477520102052495e-9,-0.002593961777165532,-0.004146745894104242;1.9177784360557837e-10,0.21703574061393738,0.004872884135693312,-0.3544061779975891;0.28728288412094116,-0.12561620771884918,0.027874698862433434,-0.045528944581747055
;-84.9056396484375;-0.0000063805100580793805,9.468836381643086e-9,-0.0025951394345611334,-0.004129009321331978;1.9160338593504633e-10,0.21703262627124786,0.004849414806813002,-0.3542161285877228;0.2871154546737671,-0.12562082707881927,0.027863621711730957,-0.045529212802648544
;-84.90658569335938;-0.000006380625563906506,9.460158878482616e-9,-0.0025963170919567347,-0.0041113547049462795;1.9142923357584607e-10,0.21702957153320312,0.004826054442673922,-0.3540261685848236;0.286948025226593,-0.12562543153762817,0.027852540835738182,-0.045529477298259735
;-84.90753173828125;-0.000006380729701049859,9.451486704392664e-9,-0.0025974942836910486,-0.004093780182301998;1.912548730498287e-10,0.2170264571905136,0.004802802577614784,-0.35383620858192444;0.2867805063724518,-0.12563006579875946,0.027841459959745407,-0.045529741793870926
;-84.90847778320312;-0.000006380824743246194,9.44282074755165e-9,-0.002598669845610857,-0.004076286219060421;1.9108056803496254e-10,0.21702341735363007,0.004779658280313015,-0.3536461889743805;0.2866128981113434,-0.12563468515872955,0.027830371633172035,-0.045530010014772415
;-84.909423828125;-0.0000063809065977693535,9.434158343424315e-9,-0.0025998440105468035,-0.0040588718838989735;1.9090656833142816e-10,0.21702034771442413,0.004756620619446039,-0.35345619916915894;0.2864452600479126,-0.12563930451869965,0.02781928889453411,-0.04553027078509331
;-84.91036987304688;-0.0000063809789025981445,9.425503932902757e-9,-0.0026010170113295317,-0.0040415371768176556;1.9073237433886447e-10,0.2170172780752182,0.00473368912935257,-0.353266179561615;0.2862776517868042,-0.12564393877983093,0.02780819870531559,-0.0455305352807045
;-84.91131591796875;-0.0000063810389292484615,9.416853075094878e-9,-0.0026021874509751797,-0.00402428163215518;1.9055823585745202e-10,0.2170141488313675,0.004710864741355181,-0.35307613015174866;0.28610992431640625,-0.12564855813980103,0.02779710479080677,-0.04553079977631569
;-84.91226196289062;-0.000006381088951457059,9.408208434535936e-9,-0.002603356260806322,-0.004007103852927685;1.9038437493179572e-10,0.21701109409332275,0.004688146058470011,-0.3528861403465271;0.2859421670436859,-0.1256531924009323,0.02778601087629795,-0.04553106427192688
;-84.9132080078125;-0.000006381128059729235,9.399568234869093e-9,-0.0026045239064842463,-0.003990005701780319;1.902103197171101e-10,0.21700802445411682,0.00466553308069706,-0.35269609093666077;0.2857743203639984,-0.1256578266620636,0.027774913236498833,-0.04553133249282837
;-84.91415405273438;-0.000006381159437296446,9.390933364272769e-9,-0.0026056894566863775,-0.003972985316067934;1.9003632001357573e-10,0.2170049548149109,0.004643024876713753,-0.3525060713291168;0.2856064438819885,-0.12566246092319489,0.027763811871409416,-0.04553159698843956
;-84.91510009765625;-0.000006381177172443131,9.382302934568543e-9,-0.002606852911412716,-0.003956042230129242;1.8986261174358532e-10,0.21700185537338257,0.004620620980858803,-0.3523160219192505;0.28543850779533386,-0.12566709518432617,0.02775271050632,-0.04553186148405075
;-84.91604614257812;-0.0000063811830841586925,9.373677833934835e-9,-0.0026080147363245487,-0.00393917690962553;1.896887230623534e-10,0.21699880063533783,0.0045983209274709225,-0.35212594270706177;0.2852705419063568,-0.12567172944545746,0.027741607278585434,-0.04553212225437164
;-84.9169921875;-0.000006381180355674587,9.365057174193225e-9,-0.0026091744657605886,-0.003922388423234224;1.895148760144849e-10,0.21699568629264832,0.004576125182211399,-0.3519359529018402;0.285102516412735,-0.12567636370658875,0.02773049846291542,-0.04553239047527313
;-84.91793823242188;-0.0000063811671680014115,9.356440067165295e-9,-0.0026103330310434103,-0.003905676305294037;1.8934132040016038e-10,0.21699263155460358,0.004554031882435083,-0.3517458736896515;0.2849344313144684,-0.12568101286888123,0.027719387784600258,-0.04553265497088432
;-84.91888427734375;-0.000006381143975886516,9.347827401029463e-9,-0.0026114897336810827,-0.003889041021466255;1.8916757049680655e-10,0.21698951721191406,0.004532041028141975,-0.35155582427978516;0.284766286611557,-0.1256856620311737,0.027708275243639946,-0.045532919466495514
;-84.91983032226562;-0.0000063811098698352,9.339220063964149e-9,-0.0026126441080123186,-0.003872481407597661;1.8899387610460394e-10,0.21698646247386932,0.004510152619332075,-0.3513658046722412;0.28459814190864563,-0.1256903111934662,0.027697158977389336,-0.045533183962106705
;-84.9207763671875;-0.000006381065304594813,9.330616279612514e-9,-0.0026137970853596926,-0.0038559958338737488;1.888204731459453e-10,0.21698333323001862,0.0044883666560053825,-0.3511757254600525;0.2844298779964447,-0.12569496035575867,0.027686038985848427,-0.045533452183008194
;-84.92172241210938;-0.000006381012099154759,9.322016047974557e-9,-0.0026149479672312737,-0.0038395868614315987;1.8864687589825735e-10,0.2169802337884903,0.004466680809855461,-0.35098567605018616;0.2842615842819214,-0.12569960951805115,0.027674922719597816,-0.04553372040390968
;-84.92266845703125;-0.00000638094570604153,9.3134202572287e-9,-0.002616096753627062,-0.003823252161964774;1.8847332028393282e-10,0.21697711944580078,0.004445096477866173,-0.35079556703567505;0.2840932309627533,-0.12570425868034363,0.02766379900276661,-0.045533984899520874
;-84.92361450195312;-0.000006380868398991879,9.30482890737494e-9,-0.0026172446087002754,-0.003806992433965206;1.8830006998094007e-10,0.21697403490543365,0.004423611797392368,-0.3506055474281311;0.2839248478412628,-0.1257089227437973,0.027652673423290253,-0.04553425312042236
;-84.92455291748047;-0.000006380783815984614,9.29624022205644e-9,-0.002618390368297696,-0.003790805581957102;1.881266392667058e-10,0.21697087585926056,0.004402227699756622,-0.3504154682159424;0.28375643491744995,-0.12571357190608978,0.027641544118523598,-0.045534517616033554
;-84.92548370361328;-0.0000063807465267018415,9.2877714408246e-9,-0.0026195356622338295,-0.0037746892776340246;1.8795605349897215e-10,0.21696783602237701,0.004380995873361826,-0.3502252995967865;0.2835906147956848,-0.12571822106838226,0.027630412951111794,-0.045534782111644745
;-84.9264144897461;-0.000006380703780450858,9.279307988663277e-9,-0.0026206807233393192,-0.0037586463149636984;1.8778575916478246e-10,0.21696479618549347,0.004359863698482513,-0.3500351309776306;0.2834247648715973,-0.12572288513183594,0.02761927992105484,-0.04553504288196564
;-84.9273452758789;-0.000006380660124705173,9.270848977394053e-9,-0.002621824387460947,-0.003742676693946123;1.8761525666377565e-10,0.21696172654628754,0.004338828846812248,-0.34984496235847473;0.28325891494750977,-0.12572753429412842,0.027608145028352737,-0.04553530365228653
;-84.92827606201172;-0.0000063805941863392945,9.262393518838508e-9,-0.0026229668874293566,-0.0037267799489200115;1.874448374294957e-10,0.2169586569070816,0.004317892249673605,-0.34965476393699646;0.28309300541877747,-0.1257321983575821,0.027597008273005486,-0.04553556442260742
;-84.92920684814453;-0.000006380515515047591,9.253942501175061e-9,-0.002624108223244548,-0.0037109553813934326;1.8727441819521573e-10,0.21695560216903687,0.004297052975744009,-0.34946462512016296;0.282927006483078,-0.12573684751987457,0.027585865929722786,-0.04553582891821861
;-84.93013763427734;-0.000006380429567798274,9.245496812582132e-9,-0.002625248162075877,-0.0036952027585357428;1.8710433202784316e-10,0.21695250272750854,0.004276310093700886,-0.34929394721984863;0.2827610373497009,-0.125741109251976,0.027575837448239326,-0.0455360934138298
;-84.93106842041016;-0.000006380331342370482,9.237054676702883e-9,-0.00262638577260077,-0.0036795216146856546;1.8693403769365347e-10,0.2169494330883026,0.0042556640692055225,-0.34910377860069275;0.2825949490070343,-0.1257457584142685,0.02756469137966633,-0.045536354184150696
;-84.93199920654297;-0.000006380225386237726,9.228616981715732e-9,-0.002627522451803088,-0.003663912182673812;1.86763798870615e-10,0.21694637835025787,0.004235112573951483,-0.3489331007003784;0.2824288308620453,-0.12575002014636993,0.027554653584957123,-0.04553661495447159
;-84.93292999267578;-0.000006380108061421197,9.220182839442259e-9,-0.002628657268360257,-0.0036483737640082836;1.865938514811205e-10,0.21694333851337433,0.004214657004922628,-0.34874290227890015;0.2822626233100891,-0.1257546842098236,0.027543505653738976,-0.04553687572479248
;-84.9338607788086;-0.000006379997103067581,9.211754026239305e-9,-0.0026297897566109896,-0.0036329070571810007;1.864237098025967e-10,0.2169402539730072,0.004194296430796385,-0.34855276346206665;0.28209641575813293,-0.12575936317443848,0.02753235213458538,-0.04553714022040367
;-84.9347915649414;-0.0000063798611336096656,9.20332787757161e-9,-0.00263092084787786,-0.003617509501054883;1.8625359587964851e-10,0.21693721413612366,0.004174030851572752,-0.348362535238266;0.281930148601532,-0.12576402723789215,0.027521196752786636,-0.045537400990724564
;-84.93572235107422;-0.000006379714250215329,9.194905281617594e-9,-0.0026320505421608686,-0.003602180629968643;1.8608356522342717e-10,0.21693415939807892,0.004153859801590443,-0.3481723368167877;0.28176382184028625,-0.12576870620250702,0.027510039508342743,-0.045537661761045456
;-84.93665313720703;-0.000006379557362379273,9.186488902912515e-9,-0.0026331781409680843,-0.0035869234707206488;1.8591379824517418e-10,0.21693110466003418,0.0041337828151881695,-0.3479820489883423;0.28159740567207336,-0.1257733851671219,0.027498876675963402,-0.04553792625665665
;-84.93758392333984;-0.0000063793927438382525,9.178073412385856e-9,-0.0026343041099607944,-0.0035717340651899576;1.8574385085567968e-10,0.21692802011966705,0.004113799426704645,-0.3477918207645416;0.2814309895038605,-0.12577804923057556,0.02748771198093891,-0.04553818702697754
;-84.93851470947266;-0.000006379217666108161,9.169662362751296e-9,-0.0026354282163083553,-0.0035566145088523626;1.855739312217608e-10,0.2169249802827835,0.004093908239156008,-0.34760162234306335;0.2812644839286804,-0.12578274309635162,0.027476545423269272,-0.04553845152258873
;-84.93944549560547;-0.0000063790321291889995,9.161254865830415e-9,-0.0026365509256720543,-0.003541563870385289;1.8540409485456877e-10,0.21692192554473877,0.004074109718203545,-0.34743091464042664;0.2810979187488556,-0.12578700482845306,0.02746649459004402,-0.04553871229290962
;-84.94036102294922;-0.0000063788761508476455,9.152907765042073e-9,-0.0026376720052212477,-0.003526578424498439;1.8523590994412586e-10,0.21691887080669403,0.00405442900955677,-0.34727978706359863;0.2809327244758606,-0.12579086422920227,0.02745755761861801,-0.045538973063230515
;-84.94127655029297;-0.000006378728357958607,9.14462372492153e-9,-0.0026387928519397974,-0.0035116607323288918;1.8506896015679786e-10,0.21691584587097168,0.00403486518189311,-0.3471285104751587;0.28076881170272827,-0.12579470872879028,0.027448618784546852,-0.04553923010826111
;-84.94217681884766;-0.000006378611033142079,9.136399192755107e-9,-0.002639913698658347,-0.0034968082327395678;1.8490343978161405e-10,0.2169128954410553,0.00401541730388999,-0.346977174282074;0.2806062400341034,-0.1257985532283783,0.027439679950475693,-0.0455394871532917
;-84.94307708740234;-0.000006378508714988129,9.128240385791742e-9,-0.002641035011038184,-0.003482022089883685;1.8473936269636226e-10,0.21690993010997772,0.00399608351290226,-0.3467867970466614;0.2804449796676636,-0.12580323219299316,0.02742850035429001,-0.045539740473032
;-84.94397735595703;-0.000006378409580065636,9.120083355185216e-9,-0.002642156323418021,-0.003467302769422531;1.845753411222617e-10,0.21690696477890015,0.003976839128881693,-0.3466354310512543;0.2802836298942566,-0.12580707669258118,0.02741955779492855,-0.045539990067481995
;-84.94487762451172;-0.000006378285888786195,9.111935206362887e-9,-0.0026432767044752836,-0.0034526498056948185;1.8441134730373676e-10,0.21690401434898376,0.003957684617489576,-0.34646451473236084;0.2801222503185272,-0.12581133842468262,0.027409492060542107,-0.04554024338722229
;-84.94576263427734;-0.000006378189482347807,9.103846565494678e-9,-0.0026443966198712587,-0.003438062034547329;1.8424881065293164e-10,0.21690110862255096,0.003938642796128988,-0.3462935984134674;0.2799621820449829,-0.12581560015678406,0.027399428188800812,-0.045540496706962585
;-84.94664764404297;-0.000006378120815497823,9.095820985294267e-9,-0.002645517000928521,-0.003423538291826844;1.8408798097002688e-10,0.2168981432914734,0.003919714130461216,-0.3461422324180603;0.27980348467826843,-0.12581942975521088,0.027390478178858757,-0.045540742576122284
;-84.9475326538086;-0.000006378029411280295,9.087802510521215e-9,-0.0026466366834938526,-0.0034090811386704445;1.8392691536472938e-10,0.21689526736736298,0.003900872776284814,-0.345951646566391;0.2796447277069092,-0.12582410871982574,0.027379289269447327,-0.04554099217057228
;-84.94841766357422;-0.000006377941645041574,9.07978758846184e-9,-0.0026477554347366095,-0.003394689876586199;1.8376590527058312e-10,0.21689236164093018,0.0038821185007691383,-0.3457806706428528;0.27948588132858276,-0.12582837045192719,0.027369216084480286,-0.04554124176502228
;-84.94930267333984;-0.000006377833869919414,9.071779771829824e-9,-0.0026488727889955044,-0.0033803642727434635;1.8360492293201247e-10,0.21688950061798096,0.0038634506054222584,-0.3456292450428009;0.27932700514793396,-0.1258322149515152,0.027360262349247932,-0.045541491359472275
;-84.95018005371094;-0.000006377712452376727,9.063775507911487e-9,-0.0026499887462705374,-0.0033661031629890203;1.8344400998238086e-10,0.21688653528690338,0.0038448700215667486,-0.34547775983810425;0.27916812896728516,-0.1258360594511032,0.02735130675137043,-0.04554173722863197
;-84.9510498046875;-0.000006377653335221112,9.055892924436648e-9,-0.0026511047035455704,-0.003351902589201927;1.8328592810146205e-10,0.21688368916511536,0.003826423082500696,-0.3453262150287628;0.27901187539100647,-0.12583988904953003,0.02734234556555748,-0.04554198309779167
;-84.95191955566406;-0.000006377586942107882,9.048014781853908e-9,-0.0026522204279899597,-0.00333776674233377;1.8312787397611885e-10,0.21688085794448853,0.0038080615922808647,-0.3451746702194214;0.2788556218147278,-0.12584374845027924,0.027333388105034828,-0.04554222524166107
;-84.95278930664062;-0.000006377496902132407,9.040142856520106e-9,-0.0026533352211117744,-0.003323695855215192;1.8296986148413907e-10,0.2168780416250229,0.0037897848524153233,-0.34500357508659363;0.2786993086338043,-0.12584799528121948,0.02732330560684204,-0.04554247483611107
;-84.95364379882812;-0.000006377435965987388,9.032334880032522e-9,-0.0026544490829110146,-0.0033096864353865385;1.8281330615987912e-10,0.21687516570091248,0.003771616378799081,-0.3448520004749298;0.2785443365573883,-0.1258518397808075,0.02731434255838394,-0.04554271325469017
;-84.95449829101562;-0.000006377405043167528,9.024589076034317e-9,-0.0026555638760328293,-0.0032957387156784534;1.8265816636997556e-10,0.21687237918376923,0.003753555240109563,-0.3446808159351349;0.27839070558547974,-0.12585608661174774,0.027304254472255707,-0.04554295539855957
;-84.95535278320312;-0.000006377359113685088,9.01684948928505e-9,-0.0026566782034933567,-0.0032818543259054422;1.8250308209122323e-10,0.21686959266662598,0.0037355772219598293,-0.3445291519165039;0.2782370448112488,-0.12585993111133575,0.027295289561152458,-0.04554319381713867
;-84.95620727539062;-0.000006377290446835104,9.009117007963141e-9,-0.002657791366800666,-0.003268033266067505;1.8234777576786598e-10,0.21686682105064392,0.003717682557180524,-0.34437745809555054;0.27808326482772827,-0.12586377561092377,0.02728632092475891,-0.04554343223571777
;-84.95704650878906;-0.000006377265435730806,9.00144669913061e-9,-0.002658903831616044,-0.003254273207858205;1.8219414865683348e-10,0.21686401963233948,0.0036998940631747246,-0.34422579407691956;0.2779308557510376,-0.12586760520935059,0.027277348563075066,-0.04554367437958717
;-84.9578857421875;-0.00000637725224805763,8.993840339144299e-9,-0.002660016529262066,-0.0032405739184468985;1.8204196483573298e-10,0.21686126291751862,0.003682210575789213,-0.3440740406513214;0.277779757976532,-0.1258714348077774,0.02726837992668152,-0.04554390907287598
;-84.95872497558594;-0.000006377219960995717,8.986240196406925e-9,-0.0026611292269080877,-0.0032269363291561604;1.8188982264799591e-10,0.21685855090618134,0.0036646085791289806,-0.34392228722572327;0.277628630399704,-0.12587526440620422,0.027259403839707375,-0.04554414004087448
;-84.95955657958984;-0.000006377188583428506,8.978646270918489e-9,-0.0026622405275702477,-0.003213360672816634;1.8173770821583446e-10,0.21685579419136047,0.0036470876075327396,-0.3437705636024475;0.277477502822876,-0.12587909400463104,0.02725042961537838,-0.045544374734163284
;-84.96038055419922;-0.000006377209047059296,8.971174025873552e-9,-0.0026633518282324076,-0.0031998439226299524;1.815884248523858e-10,0.21685311198234558,0.00362969352863729,-0.3436187207698822;0.2773290276527405,-0.12588292360305786,0.027241453528404236,-0.04554460942745209
;-84.9612045288086;-0.000006377217232511612,8.963707998077552e-9,-0.002664463361725211,-0.0031863879412412643;1.8143893332212002e-10,0.2168503999710083,0.0036123795434832573,-0.3434668779373169;0.2771805226802826,-0.12588675320148468,0.027232473716139793,-0.04554484039545059
;-84.96202850341797;-0.000006377218596753664,8.95624907570891e-9,-0.00266557396389544,-0.003172993427142501;1.812897193476104e-10,0.2168477177619934,0.003595145419239998,-0.3433150351047516;0.2770319879055023,-0.1258905977010727,0.02722349390387535,-0.0455450713634491
;-84.96285247802734;-0.000006377210866048699,8.948796370589207e-9,-0.002666684566065669,-0.0031596589833498;1.811405470064642e-10,0.21684500575065613,0.003577990923076868,-0.3431631326675415;0.27688342332839966,-0.1258944272994995,0.02721451222896576,-0.0455453060567379
;-84.96366119384766;-0.00000637721632301691,8.941406726137302e-9,-0.002667793305590749,-0.003146383911371231;1.809927901996744e-10,0.21684235334396362,0.0035609379410743713,-0.3430112600326538;0.27673617005348206,-0.12589825689792633,0.02720552682876587,-0.04554552957415581
;-84.96446990966797;-0.000006377249519573525,8.934081030531615e-9,-0.002668903209269047,-0.003133166814222932;1.8084624076042388e-10,0.2168397158384323,0.0035439864732325077,-0.34285929799079895;0.2765902280807495,-0.12590208649635315,0.02719654142856598,-0.04554576054215431
;-84.96527862548828;-0.000006377274530677823,8.926761552174867e-9,-0.002670011715963483,-0.0031200102530419827;1.806999549991417e-10,0.2168370932340622,0.0035271120723336935,-0.34270739555358887;0.27644434571266174,-0.12590591609477997,0.027187557891011238,-0.04554598778486252
;-84.9660873413086;-0.000006377287718350999,8.919449179245476e-9,-0.0026711199898272753,-0.003106913296505809;1.8055369699343515e-10,0.2168344408273697,0.0035103154368698597,-0.342555433511734;0.2762983441352844,-0.1259097456932068,0.0271785669028759,-0.045546211302280426
;-84.9668960571289;-0.000006377295903803315,8.912143023565022e-9,-0.0026722270995378494,-0.003093875013291836;1.8040748062109202e-10,0.21683181822299957,0.0034935965668410063,-0.34240347146987915;0.2761523723602295,-0.1259135752916336,0.027169575914740562,-0.04554643854498863
;-84.96768951416016;-0.000006377328645612579,8.904899928552368e-9,-0.0026733323466032743,-0.003080894937738776;1.8026245773850036e-10,0.21682921051979065,0.0034769761841744184,-0.3422515094280243;0.27600762248039246,-0.12591738998889923,0.027160584926605225,-0.04554666578769684
;-84.9684829711914;-0.000006377374575095018,8.897719894207512e-9,-0.002674438524991274,-0.003067971672862768;1.8011910019044564e-10,0.21682660281658173,0.003460454987362027,-0.3420993983745575;0.27586430311203003,-0.12592121958732605,0.02715159021317959,-0.04554688557982445
;-84.96927642822266;-0.000006377413683367195,8.890546965290014e-9,-0.002675544237717986,-0.003055107081308961;1.7997575652017872e-10,0.2168240249156952,0.0034440094605088234,-0.3419473469257355;0.27572089433670044,-0.12592504918575287,0.027142595499753952,-0.04554710537195206
;-84.9700698852539;-0.000006377444151439704,8.883381141799873e-9,-0.0026766497176140547,-0.0030423011630773544;1.798322185608825e-10,0.21682143211364746,0.0034276400692760944,-0.34179532527923584;0.27557751536369324,-0.1259288787841797,0.027133598923683167,-0.04554733261466026
;-84.97086334228516;-0.000006377475983754266,8.87622064738025e-9,-0.0026777531020343304,-0.003029552986845374;1.7968897203513023e-10,0.21681885421276093,0.0034113451838493347,-0.3416432738304138;0.27543404698371887,-0.1259327083826065,0.027124598622322083,-0.04554755240678787
;-84.9716567993164;-0.00000637748826193274,8.869066370209566e-9,-0.0026788560207933187,-0.0030168627854436636;1.7954550346477305e-10,0.21681629121303558,0.003395125735551119,-0.3414911925792694;0.27529051899909973,-0.12593653798103333,0.027115600183606148,-0.04554777592420578
;-84.97244262695312;-0.000006377487807185389,8.86191831028782e-9,-0.0026799568440765142,-0.003004229860380292;1.794022985723842e-10,0.21681371331214905,0.0033789807930588722,-0.3413391411304474;0.2751469910144806,-0.12594036757946014,0.027106596156954765,-0.04554799571633339
;-84.97322082519531;-0.000006377543286362197,8.854889266274313e-9,-0.0026810569688677788,-0.0029916511848568916;1.7926189699313255e-10,0.2168111354112625,0.003362953430041671,-0.3411869704723358;0.27500617504119873,-0.12594419717788696,0.027097592130303383,-0.0455482117831707
;-84.9739990234375;-0.000006377588306349935,8.847867327688164e-9,-0.0026821575593203306,-0.0029791288543492556;1.791213288804272e-10,0.21680864691734314,0.0033469998743385077,-0.34103482961654663;0.2748653292655945,-0.1259480118751526,0.02708858624100685,-0.04554843530058861
;-84.97477722167969;-0.000006377635145327076,8.840851606350952e-9,-0.002683257684111595,-0.002966664033010602;1.789810105679024e-10,0.2168060839176178,0.003331119893118739,-0.34088265895843506;0.27472445368766785,-0.1259518414735794,0.02707957848906517,-0.04554865136742592
;-84.97555541992188;-0.000006377661975420779,8.83384121408426e-9,-0.002684356179088354,-0.0029542555566877127;1.7884048408856046e-10,0.21680356562137604,0.0033153125550597906,-0.3407305181026459;0.2745835483074188,-0.12595567107200623,0.02707057259976864,-0.04554886743426323
;-84.97633361816406;-0.000006377681074809516,8.826837039066504e-9,-0.002685453509911895,-0.0029419036582112312;1.7870023516497469e-10,0.21680103242397308,0.0032995783258229494,-0.3405783176422119;0.27444255352020264,-0.12595950067043304,0.02706156112253666,-0.04554908350110054
;-84.97711181640625;-0.000006377691988745937,8.819839081297687e-9,-0.0026865501422435045,-0.002929605543613434;1.78559764196784e-10,0.21679852902889252,0.00328391557559371,-0.34042614698410034;0.27430158853530884,-0.12596333026885986,0.02705254964530468,-0.04554930701851845
;-84.97789001464844;-0.000006377704266924411,8.812846452599388e-9,-0.0026876451447606087,-0.002917364938184619;1.7841958466213725e-10,0.21679599583148956,0.003268325701355934,-0.34027397632598877;0.27416056394577026,-0.12596715986728668,0.02704353630542755,-0.04554952308535576
;-84.97866821289062;-0.000006377697445714148,8.805856488436348e-9,-0.0026887382846325636,-0.002905178815126419;1.7827944676085394e-10,0.21679343283176422,0.0032528075389564037,-0.3401218056678772;0.2740194797515869,-0.1259709894657135,0.027034521102905273,-0.04554973915219307
;-84.97943878173828;-0.000006377679710567463,8.798873629700665e-9,-0.0026898295618593693,-0.0028930488042533398;1.781390729371779e-10,0.21679091453552246,0.003237360855564475,-0.339969664812088;0.2738783657550812,-0.1259748339653015,0.027025502175092697,-0.04554995521903038
;-84.9802017211914;-0.000006377725640049903,8.792008010516383e-9,-0.002690920140594244,-0.0028809707146137953;1.7800175222681958e-10,0.2167884260416031,0.0032220263965427876,-0.3398173451423645;0.2737399935722351,-0.12597864866256714,0.02701648510992527,-0.04555017501115799
;-84.98096466064453;-0.0000063777542891330086,8.785149496759459e-9,-0.002692011184990406,-0.002868946408852935;1.7786422334964413e-10,0.2167859524488449,0.0032067636493593454,-0.3396650552749634;0.27360162138938904,-0.12598247826099396,0.027007464319467545,-0.045550387352705
;-84.98172760009766;-0.000006377772479027044,8.778296312073053e-9,-0.002693100832402706,-0.002856977516785264;1.7772699978380047e-10,0.21678346395492554,0.003191570285707712,-0.33951279520988464;0.2734631299972534,-0.12598630785942078,0.02699844166636467,-0.045550599694252014
;-84.98249053955078;-0.000006377791578415781,8.771448456457165e-9,-0.00269419071264565,-0.0028450617101043463;1.7758951253998845e-10,0.21678099036216736,0.0031764470040798187,-0.3393605053424835;0.2733246684074402,-0.1259901523590088,0.026989419013261795,-0.045550812035799026
;-84.9832534790039;-0.000006377792033163132,8.764605041733375e-9,-0.0026952791959047318,-0.0028332001529634;1.774523306075082e-10,0.21677850186824799,0.0031613928731530905,-0.3392082452774048;0.2731861472129822,-0.1259939819574356,0.026980390772223473,-0.04555102437734604
;-84.98401641845703;-0.000006377795671141939,8.757766956080104e-9,-0.002696366049349308,-0.0028213916812092066;1.7731492663042303e-10,0.2167760282754898,0.003146408125758171,-0.33905598521232605;0.27304762601852417,-0.12599781155586243,0.0269713643938303,-0.04555123671889305
;-84.98477935791016;-0.0000063777824834687635,8.750933311318931e-9,-0.002697451040148735,-0.0028096367605030537;1.7717780020909402e-10,0.21677356958389282,0.0031314922962337732,-0.3389036953449249;0.272909015417099,-0.12600165605545044,0.026962336152791977,-0.04555145278573036
;-84.98554229736328;-0.000006377752015396254,8.744104107449857e-9,-0.002698534866794944,-0.0027979351580142975;1.770404794987357e-10,0.21677109599113464,0.0031166449189186096,-0.3387514054775238;0.27277040481567383,-0.12600548565387726,0.026953304186463356,-0.045551665127277374
;-84.9863052368164;-0.000006377732461260166,8.737280232651301e-9,-0.0026996168307960033,-0.0027862866409122944;1.769034085885579e-10,0.21676862239837646,0.003101866226643324,-0.3385991156101227;0.27263176441192627,-0.12600933015346527,0.026944270357489586,-0.04555187746882439
;-84.98706817626953;-0.000006377693807735341,8.730459910566424e-9,-0.0027006976306438446,-0.0027746902778744698;1.7676614338935082e-10,0.2167661190032959,0.003087156219407916,-0.3384467661380768;0.27249306440353394,-0.12601317465305328,0.026935240253806114,-0.0455520935356617
;-84.98783111572266;-0.000006377643330779392,8.723644029373645e-9,-0.0027017758693546057,-0.002763147000223398;1.7662912799032426e-10,0.2167636603116989,0.003072513500228524,-0.33829450607299805;0.2723543047904968,-0.1260170042514801,0.026926202699542046,-0.04555230587720871
;-84.98858642578125;-0.000006377597401296953,8.716832589072965e-9,-0.0027028529439121485,-0.002751655410975218;1.764919321800562e-10,0.21676112711429596,0.0030579387675970793,-0.3381422460079193;0.2722155451774597,-0.1260208636522293,0.026917165145277977,-0.04555251821875572
;-84.98933410644531;-0.000006377588306349935,8.710138388323685e-9,-0.0027039304841309786,-0.002740213181823492;1.7635776172753026e-10,0.21675874292850494,0.003043469740077853,-0.33798980712890625;0.2720795273780823,-0.12602469325065613,0.02690812759101391,-0.045552726835012436
;-84.99008178710938;-0.000006377588761097286,8.703448628466504e-9,-0.0027050080243498087,-0.00272882217541337;1.7622335535261158e-10,0.21675629913806915,0.003029067302122712,-0.33783742785453796;0.27194347977638245,-0.12602852284908295,0.02689908631145954,-0.04555293917655945
;-84.99082946777344;-0.00000637756511423504,8.69676330950142e-9,-0.0027060837019234896,-0.0027174828574061394;1.7608903224441974e-10,0.21675387024879456,0.0030147312209010124,-0.3376849889755249;0.27180740237236023,-0.12603236734867096,0.026890041306614876,-0.04555314779281616
;-84.9915771484375;-0.000006377545560098952,8.690083319606856e-9,-0.002707158913835883,-0.002706194529309869;1.7595493118083283e-10,0.21675147116184235,0.003000461496412754,-0.3375326097011566;0.27167126536369324,-0.12603621184825897,0.02688100002706051,-0.045553356409072876
;-84.99232482910156;-0.000006377507361321477,8.68340688242597e-9,-0.002708233194425702,-0.0026949576567858458;1.7582064970600442e-10,0.21674902737140656,0.0029862571973353624,-0.33738017082214355;0.27153512835502625,-0.12604005634784698,0.026871955022215843,-0.04555356130003929
;-84.99307250976562;-0.0000063774700720387045,8.676735774315603e-9,-0.002709306078031659,-0.0026837713085114956;1.7568660415356874e-10,0.21674659848213196,0.002972118090838194,-0.3372277617454529;0.2713989317417145,-0.1260438859462738,0.02686290629208088,-0.045553769916296005
;-84.99382019042969;-0.000006377416866598651,8.670068218918914e-9,-0.0027103768661618233,-0.0026726352516561747;1.7555239206767936e-10,0.21674419939517975,0.002958044409751892,-0.3370753824710846;0.2712627053260803,-0.126047745347023,0.026853857561945915,-0.04555398225784302
;-84.99456787109375;-0.000006377365480148001,8.663404216235904e-9,-0.002711446722969413,-0.002661550184711814;1.7541842978197053e-10,0.21674175560474396,0.0029440349899232388,-0.3369230031967163;0.2711264491081238,-0.12605158984661102,0.026844806969165802,-0.04555419087409973
;-84.99531555175781;-0.000006377292265824508,8.656743766266572e-9,-0.002712515415623784,-0.002650514245033264;1.7528425932944458e-10,0.21673932671546936,0.002930089831352234,-0.33677056431770325;0.2709901034832001,-0.12605543434619904,0.02683575265109539,-0.045554399490356445
;-84.99606323242188;-0.000006377224963216577,8.65008775718934e-9,-0.002713581779971719,-0.0026395281311124563;1.7515013051028205e-10,0.21673691272735596,0.002916209865361452,-0.3366180956363678;0.27085378766059875,-0.12605927884578705,0.02682669833302498,-0.04555460810661316
;-84.99681091308594;-0.000006377137196977856,8.643434412647366e-9,-0.0027146474458277225,-0.002628592075780034;1.7501623761351226e-10,0.21673449873924255,0.002902393927797675,-0.3364657461643219;0.27071744203567505,-0.12606313824653625,0.026817644014954567,-0.04555481672286987
;-84.99755859375;-0.000006377054432959994,8.636785508997491e-9,-0.002715711249038577,-0.002617704914882779;1.7488219206107658e-10,0.21673204004764557,0.002888641320168972,-0.33631324768066406;0.27058103680610657,-0.12606698274612427,0.026808585971593857,-0.045555029064416885
;-84.99830627441406;-0.000006376952114806045,8.630139269882875e-9,-0.0027167729567736387,-0.0026068666484206915;1.7474836855324583e-10,0.21672968566417694,0.0028749520424753428,-0.336160808801651;0.2704445719718933,-0.12607084214687347,0.026799526065587997,-0.0455552339553833
;-84.99905395507812;-0.0000063768534346309025,8.623496583481938e-9,-0.0027178332675248384,-0.0025960777420550585;1.7461435075638576e-10,0.21672721207141876,0.0028613256290555,-0.3360084295272827;0.27030813694000244,-0.1260746866464615,0.026790466159582138,-0.045555442571640015
;-84.99980163574219;-0.0000063767370193090755,8.61685656161626e-9,-0.0027188921812921762,-0.002585337031632662;1.7448058275970624e-10,0.21672476828098297,0.0028477623127400875,-0.3358559310436249;0.2701716423034668,-0.1260785460472107,0.02678140252828598,-0.04555565118789673
;-85.00054931640625;-0.000006376620603987249,8.61022009246426e-9,-0.0027199494652450085,-0.0025746452156454325;1.7434666210736083e-10,0.21672236919403076,0.002834261627867818,-0.3357035219669342;0.270035058259964,-0.1260824054479599,0.026772337034344673,-0.04555586352944374
;-85.00129699707031;-0.0000063764887272554915,8.60358628784752e-9,-0.002721005119383335,-0.002564001362770796;1.7421274145501542e-10,0.21671994030475616,0.002820823108777404,-0.33555108308792114;0.26989850401878357,-0.1260862648487091,0.026763273403048515,-0.045556072145700455
;-85.00204467773438;-0.000006376343208103208,8.596956924122878e-9,-0.0027220582123845816,-0.0025534050073474646;1.7407907060285055e-10,0.21671751141548157,0.002807446988299489,-0.3353986144065857;0.26976191997528076,-0.1260901391506195,0.02675420418381691,-0.04555628076195717
;-85.00279235839844;-0.000006376207693392644,8.590328448576656e-9,-0.0027231108397245407,-0.0025428568478673697;1.7394521933944418e-10,0.21671506762504578,0.002794132102280855,-0.335246205329895;0.2696252763271332,-0.12609398365020752,0.026745133101940155,-0.04555648937821388
;-85.0035400390625;-0.00000637605171505129,8.583703525744113e-9,-0.0027241616044193506,-0.00253235618583858;1.7381161787621835e-10,0.21671265363693237,0.0027808789163827896,-0.3350937068462372;0.2694885730743408,-0.12609785795211792,0.0267360657453537,-0.0455566942691803
;-85.00428771972656;-0.000006375897555699339,8.577081267446829e-9,-0.002725210739299655,-0.002521903021261096;1.736778082461754e-10,0.21671023964881897,0.0027676867321133614,-0.3349412977695465;0.26935186982154846,-0.12610171735286713,0.026726990938186646,-0.04555690661072731
;-85.0050277709961;-0.00000637572884443216,8.570461673684804e-9,-0.00272625801153481,-0.0025114966556429863;1.7354430392746423e-10,0.21670778095722198,0.0027545560151338577,-0.33478882908821106;0.2692151367664337,-0.12610559165477753,0.026717914268374443,-0.045557115226984024
;-85.0057601928711;-0.0000063756197050679475,8.56395931947418e-9,-0.0027273057494312525,-0.002501134295016527;1.7341331148834627e-10,0.21670544147491455,0.002741521690040827,-0.33463627099990845;0.26908114552497864,-0.12610945105552673,0.02670884132385254,-0.04555732011795044
;-85.0064926147461;-0.000006375504653988173,8.557459629798814e-9,-0.0027283532544970512,-0.002490818966180086;1.7328233292701611e-10,0.21670302748680115,0.002728547202423215,-0.33448371291160583;0.26894715428352356,-0.12611331045627594,0.026699762791395187,-0.04555752873420715
;-85.0072250366211;-0.000006375368684530258,8.550962604658707e-9,-0.002729399362578988,-0.002480549970641732;1.7315163192144212e-10,0.2167006880044937,0.0027156323194503784,-0.3343311548233032;0.26881301403045654,-0.12611716985702515,0.026690682396292686,-0.04555772989988327
;-85.0079574584961;-0.000006375239991029957,8.5444700204107e-9,-0.0027304457034915686,-0.002470326842740178;1.730207366268388e-10,0.21669833362102509,0.0027027763426303864,-0.3341785967350006;0.2686789929866791,-0.12612102925777435,0.026681602001190186,-0.045557934790849686
;-85.0086898803711;-0.000006375088105414761,8.53798010069795e-9,-0.0027314904145896435,-0.0024601502809673548;1.7288985521002331e-10,0.21669594943523407,0.0026899799704551697,-0.334026038646698;0.26854485273361206,-0.12612490355968475,0.026672517880797386,-0.0455581396818161
;-85.0094223022461;-0.000006374941222020425,8.53149373369888e-9,-0.0027325337287038565,-0.002450019121170044;1.7275925134896397e-10,0.21669359505176544,0.002677242737263441,-0.3338735103607178;0.26841068267822266,-0.12612876296043396,0.026663433760404587,-0.04555834084749222
;-85.0101547241211;-0.000006374787972163176,8.52501003123507e-9,-0.0027335751801729202,-0.0024399333633482456;1.726284254432997e-10,0.21669119596481323,0.002664564410224557,-0.3337208926677704;0.2682764530181885,-0.12613263726234436,0.026654347777366638,-0.04555854946374893
;-85.0108871459961;-0.000006374615168169839,8.518529881484938e-9,-0.002734615933150053,-0.002429892774671316;1.7249762729321105e-10,0.21668881177902222,0.0026519440580159426,-0.33356836438179016;0.2681422531604767,-0.12613649666309357,0.02664525806903839,-0.04555875435471535
;-85.0116195678711;-0.000006374448275892064,8.512052396270064e-9,-0.0027356548234820366,-0.002419897820800543;1.7236710669887856e-10,0.2166864573955536,0.0026393821462988853,-0.33341577649116516;0.2680079936981201,-0.12614037096500397,0.026636168360710144,-0.045558955520391464
;-85.0123519897461;-0.000006374260010488797,8.50557757559045e-9,-0.0027366916183382273,-0.002409947570413351;1.7223639181551675e-10,0.21668405830860138,0.0026268779765814543,-0.33326321840286255;0.26787373423576355,-0.12614424526691437,0.026627078652381897,-0.04555916041135788
;-85.0130844116211;-0.000006374078566295793,8.499105419446096e-9,-0.0027377272490411997,-0.002400042023509741;1.721059267323355e-10,0.21668168902397156,0.0026144320145249367,-0.33311063051223755;0.2677393853664398,-0.12614811956882477,0.026617983356118202,-0.045559369027614594
;-85.0138168334961;-0.000006373890755639877,8.49263681601542e-9,-0.002738761715590954,-0.002390181180089712;1.719752534823371e-10,0.21667930483818054,0.0026020428631454706,-0.33295807242393494;0.2676050662994385,-0.12615199387073517,0.026608888059854507,-0.04555957019329071
;-85.0145492553711;-0.000006373680207616417,8.486169988941583e-9,-0.0027397943194955587,-0.002380364341661334;1.7184462186570215e-10,0.2166769653558731,0.0025897109881043434,-0.33280545473098755;0.26747065782546997,-0.12615588307380676,0.026599792763590813,-0.045559775084257126
;-85.0152816772461;-0.000006373474207066465,8.479705826403006e-9,-0.002740825992077589,-0.002370591973885894;1.7171422617145993e-10,0.2166745662689209,0.002577436389401555,-0.3326529264450073;0.2673362195491791,-0.12615975737571716,0.02659069374203682,-0.04555997997522354
;-85.0160140991211;-0.000006373253199853934,8.473245216578107e-9,-0.0027418560348451138,-0.002360863611102104;1.71583663943764e-10,0.21667221188545227,0.002565218135714531,-0.33250027894973755;0.2672017514705658,-0.12616363167762756,0.026581590995192528,-0.04556018114089966
;-85.0167465209961;-0.000006373033102136105,8.466786383110048e-9,-0.0027428842149674892,-0.002351177390664816;1.714531017160681e-10,0.21666982769966125,0.002553056925535202,-0.33234766125679016;0.2670672535896301,-0.12616750597953796,0.026572490110993385,-0.04556038975715637
;-85.0174789428711;-0.000006372807547450066,8.460329325998828e-9,-0.002743910998106003,-0.002341535873711109;1.7132281704412833e-10,0.21666744351387024,0.0025409511290490627,-0.3321950435638428;0.26693275570869446,-0.12617139518260956,0.026563389226794243,-0.04556059464812279
;-85.0182113647461;-0.000006372564257617341,8.453875821601287e-9,-0.002744936151430011,-0.002331937663257122;1.7119232420537145e-10,0.2166650891304016,0.0025289016775786877,-0.3320424556732178;0.266798198223114,-0.12617528438568115,0.026554282754659653,-0.0455607995390892
;-85.0189437866211;-0.000006372322786774021,8.447423205382165e-9,-0.002745959674939513,-0.0023223815951496363;1.7106185912219019e-10,0.2166626900434494,0.002516907872632146,-0.33188989758491516;0.2666636109352112,-0.12617915868759155,0.026545174419879913,-0.04556100070476532
;-85.0196762084961;-0.000006372064035531366,8.440974141876723e-9,-0.0027469818014651537,-0.002312868135049939;1.7093165771697727e-10,0.21666032075881958,0.0025049694813787937,-0.3317372798919678;0.26652899384498596,-0.12618306279182434,0.026536066085100174,-0.045561209321022034
;-85.0204086303711;-0.000006371809831762221,8.43452685472812e-9,-0.0027480022981762886,-0.0023033975157886744;1.7080126202273505e-10,0.21665798127651215,0.002493086038157344,-0.3315846920013428;0.26639431715011597,-0.12618693709373474,0.026526955887675285,-0.04556141421198845
;-85.0211410522461;-0.000006371548806782812,8.428081343936356e-9,-0.0027490213979035616,-0.002293969504535198;1.7067089408406844e-10,0.21665558218955994,0.0024812580086290836,-0.3314320147037506;0.2662596106529236,-0.12619084119796753,0.026517843827605247,-0.045561615377664566
;-85.0218734741211;-0.000006371269591909368,8.42163938585827e-9,-0.0027500393334776163,-0.0022845836356282234;1.7054078982337018e-10,0.21665321290493011,0.0024694837629795074,-0.331279456615448;0.2661249041557312,-0.12619473040103912,0.02650873176753521,-0.04556182026863098
;-85.0226058959961;-0.000006370994924509432,8.415198315958605e-9,-0.0027510556392371655,-0.002275240607559681;1.70410463518067e-10,0.2166508436203003,0.00245776423253119,-0.3311268091201782;0.26599016785621643,-0.12619861960411072,0.026499614119529724,-0.0455620251595974
;-85.0233383178711;-0.0000063707011577207595,8.408759910594199e-9,-0.0027520700823515654,-0.002265938790515065;1.7028040089073215e-10,0.21664845943450928,0.002446099417284131,-0.3309742212295532;0.2658553719520569,-0.1262025088071823,0.02649049647152424,-0.04556223005056381
;-85.0240707397461;-0.000006370414666889701,8.402323281586632e-9,-0.0027530838269740343,-0.002256678184494376;1.701501300965802e-10,0.21664610505104065,0.0024344883859157562,-0.33082157373428345;0.26572054624557495,-0.1262064129114151,0.026481380686163902,-0.04556243494153023
;-85.0248031616211;-0.000006370115897880169,8.395889317114325e-9,-0.002754095010459423,-0.002247459487989545;1.7001991481357948e-10,0.21664373576641083,0.002422930905595422,-0.33066895604133606;0.26558569073677063,-0.1262103170156479,0.02647225931286812,-0.04556263983249664
;-85.0255355834961;-0.000006369804850692162,8.389455352642017e-9,-0.0027551050297915936,-0.002238282235339284;1.698899632085471e-10,0.2166413515806198,0.002411426743492484,-0.3305162787437439;0.26545077562332153,-0.12621422111988068,0.026463136076927185,-0.04556284472346306
;-85.0262680053711;-0.000006369494258251507,8.383024940883388e-9,-0.002756112953647971,-0.002229145960882306;1.697597895589098e-10,0.21663901209831238,0.002399976132437587,-0.3303636610507965;0.2653158903121948,-0.12621811032295227,0.0264540147036314,-0.045563049614429474
;-85.0270004272461;-0.000006369166840158869,8.376597193660018e-9,-0.0027571211103349924,-0.0022200511302798986;1.696296297870603e-10,0.21663659811019897,0.002388578373938799,-0.3302110731601715;0.26518088579177856,-0.12622201442718506,0.02644488587975502,-0.04556325450539589
;-85.0277328491211;-0.000006368845788529143,8.370170334615068e-9,-0.002758126240223646,-0.002210996812209487;1.6949976144875478e-10,0.21663425862789154,0.0023772334679961205,-0.33005842566490173;0.2650459408760071,-0.12622591853141785,0.02643575705587864,-0.045563455671072006
;-85.0284652709961;-0.000006368515187205048,8.363745251926957e-9,-0.002759130671620369,-0.002201983006671071;1.6936967106584433e-10,0.21663188934326172,0.002365940948948264,-0.32990577816963196;0.26491084694862366,-0.12622983753681183,0.026426630094647408,-0.04556366056203842
;-85.0291976928711;-0.000006368166395986918,8.357322833774106e-9,-0.002760133473202586,-0.0021930092480033636;1.6923965007187292e-10,0.2166295200586319,0.0023547003511339426,-0.3297531306743622;0.264775812625885,-0.12623374164104462,0.026417499408125877,-0.045563869178295135
;-85.0299301147461;-0.000006367824880726403,8.350901303799674e-9,-0.002761134644970298,-0.002184076001867652;1.6910985112250643e-10,0.2166271209716797,0.002343512373045087,-0.32960042357444763;0.2646407186985016,-0.1262376457452774,0.02640836499631405,-0.04556407406926155
;-85.0306625366211;-0.000006367463356582448,8.344481550182081e-9,-0.002762134652584791,-0.0021751821041107178;1.6897984400632282e-10,0.21662475168704987,0.0023323758505284786,-0.32944777607917786;0.26450562477111816,-0.1262415647506714,0.02639923244714737,-0.04556427523493767
;-85.0313949584961;-0.000006367107744154055,8.338064461099748e-9,-0.0027631325647234917,-0.002166328253224492;1.6885010056810756e-10,0.21662236750125885,0.0023212910164147615,-0.32929515838623047;0.2643704414367676,-0.12624546885490417,0.02639009617269039,-0.04556448012590408
;-85.0321273803711;-0.000006366745765262749,8.331649148374254e-9,-0.002764129312708974,-0.002157514216378331;1.687201767186508e-10,0.21662001311779022,0.0023102574050426483,-0.3291424810886383;0.2642352283000946,-0.12624937295913696,0.026380958035588264,-0.0455646887421608
;-85.0328598022461;-0.0000063663633227406535,8.32523472382718e-9,-0.0027651244308799505,-0.0021487397607415915;1.6859026674698185e-10,0.2166176289319992,0.0022992745507508516,-0.3289898633956909;0.26409995555877686,-0.12625329196453094,0.026371819898486137,-0.045564889907836914
;-85.0335922241211;-0.000006365989520418225,8.318822963815364e-9,-0.0027661181520670652,-0.0021400039549916983;1.6846062045328125e-10,0.21661527454853058,0.0022883431520313025,-0.32883715629577637;0.2639647126197815,-0.12625721096992493,0.026362678036093712,-0.04556509479880333
;-85.0343246459961;-0.000006365597528201761,8.312412980160389e-9,-0.0027671107091009617,-0.0021313070319592953;1.6833077987055134e-10,0.21661286056041718,0.00227746251039207,-0.3286845088005066;0.26382943987846375,-0.1262611299753189,0.026353534311056137,-0.045565299689769745
;-85.0350570678711;-0.0000063652073549747,8.306002996505413e-9,-0.00276810210198164,-0.0021226496901363134;1.6820096704339704e-10,0.21661049127578735,0.0022666321601718664,-0.32853180170059204;0.26369404792785645,-0.1262650489807129,0.02634439244866371,-0.04556550085544586
;-85.0357894897461;-0.0000063648130890214816,8.299596565564116e-9,-0.0027690911665558815,-0.002114030998200178;1.6807139013863548e-10,0.21660810708999634,0.0022558514028787613,-0.32837915420532227;0.2635587453842163,-0.12626896798610687,0.026335246860980988,-0.045565709471702576
;-85.0365219116211;-0.000006364398814184824,8.293191910979658e-9,-0.002770078368484974,-0.0021054507233202457;1.6794164670042022e-10,0.2166057527065277,0.0022451209370046854,-0.3282460570335388;0.26342329382896423,-0.12627245485782623,0.026327239349484444,-0.04556591436266899
;-85.0372543334961;-0.000006363989086821675,8.2867872563952e-9,-0.0027710648719221354,-0.0020969086326658726;1.6781191713999277e-10,0.2166033834218979,0.0022344402968883514,-0.32809337973594666;0.26328787207603455,-0.12627637386322021,0.02631809189915657,-0.04556611552834511
;-85.0379867553711;-0.0000063635638980485965,8.280386154524422e-9,-0.002772049978375435,-0.0020884047262370586;1.6768245125753367e-10,0.21660098433494568,0.0022238092496991158,-0.3279406726360321;0.2631523907184601,-0.1262803077697754,0.0263089407235384,-0.04556632041931152
;-85.0387191772461;-0.000006363142802001676,8.273985940832063e-9,-0.002773033455014229,-0.002079939004033804;1.6755277720825745e-10,0.21659862995147705,0.0022132275626063347,-0.32778802514076233;0.2630169093608856,-0.12628424167633057,0.02629978582262993,-0.04556652531027794
;-85.0394515991211;-0.000006362716703733895,8.267587503496543e-9,-0.002774015301838517,-0.002071511000394821;1.6742314479234466e-10,0.21659623086452484,0.0022026945371180773,-0.3276352882385254;0.262881338596344,-0.12628817558288574,0.026290634647011757,-0.045566730201244354
;-85.0401840209961;-0.0000063622737798141316,8.261189954339443e-9,-0.0027749957516789436,-0.0020631204824894667;1.672937482988246e-10,0.216593936085701,0.0021922108717262745,-0.3274826109409332;0.26274579763412476,-0.12629209458827972,0.026281477883458138,-0.04556693509221077
;-85.0409164428711;-0.000006361834039125824,8.254794181539182e-9,-0.0027759752701967955,-0.0020547674503177404;1.6716417139406303e-10,0.21659155189990997,0.0021817751694470644,-0.3273298740386963;0.26261019706726074,-0.1262960284948349,0.02627231739461422,-0.045567139983177185
;-85.04163360595703;-0.000006361413852573605,8.248457028514622e-9,-0.002776952926069498,-0.0020464505068957806;1.6703598226808225e-10,0.21658916771411896,0.002171403029933572,-0.32719674706459045;0.26247596740722656,-0.12629953026771545,0.026264304295182228,-0.0455673411488533
;-85.04235076904297;-0.0000063610200413677376,8.242177607087342e-9,-0.0027779315132647753,-0.0020381701178848743;1.6690938908769937e-10,0.2165868580341339,0.002161093521863222,-0.32706350088119507;0.26234307885169983,-0.12630301713943481,0.026256287470459938,-0.04556754231452942
;-85.0430679321289;-0.000006360614406730747,8.235900850195321e-9,-0.002778909634798765,-0.002029926050454378;1.6678260161828717e-10,0.21658451855182648,0.002150831511244178,-0.32691073417663574;0.2622102200984955,-0.1263069361448288,0.026247123256325722,-0.045567743480205536
;-85.04378509521484;-0.000006360206043609651,8.22962764601698e-9,-0.0027798872906714678,-0.00202171946875751;1.666558557822384e-10,0.21658222377300262,0.0021406167652457952,-0.32679712772369385;0.26207730174064636,-0.12630999088287354,0.02624025195837021,-0.04556794464588165
;-85.04450225830078;-0.0000063597954067518,8.223355330017057e-9,-0.0027808635495603085,-0.0020135489758104086;1.6652933199079456e-10,0.21657989919185638,0.0021304497495293617,-0.32664430141448975;0.26194441318511963,-0.12631390988826752,0.026231085881590843,-0.04556814208626747
;-85.04520416259766;-0.000006359402505040634,8.217142521971255e-9,-0.002781839109957218,-0.0020054136402904987;1.6640398781131438e-10,0.21657760441303253,0.0021203437354415655,-0.32653066515922546;0.2618127763271332,-0.12631696462631226,0.02622421272099018,-0.04556834325194359
;-85.04590606689453;-0.000006359038252412574,8.210990110057992e-9,-0.002782815136015415,-0.0019973136950284243;1.6628003141061498e-10,0.21657533943653107,0.0021102987229824066,-0.3263973295688629;0.2616826295852661,-0.12632045149803162,0.026216186583042145,-0.04556853696703911
;-85.0466079711914;-0.000006358670361805707,8.204839474501568e-9,-0.0027837916277348995,-0.001989249838516116;1.661561027654912e-10,0.21657304465770721,0.002100300043821335,-0.32628363370895386;0.2615523934364319,-0.12632349133491516,0.026209309697151184,-0.04556873068213463
;-85.04730224609375;-0.000006358278369589243,8.198692391658824e-9,-0.002784766722470522,-0.0019812218379229307;1.6603241004276015e-10,0.21657077968120575,0.002090347930788994,-0.3261502981185913;0.26142212748527527,-0.12632697820663452,0.026201285421848297,-0.04556892812252045
;-85.04798889160156;-0.000006357955953717465,8.19266077201064e-9,-0.002785742748528719,-0.001973227597773075;1.6591124307741012e-10,0.21656858921051025,0.002080469625070691,-0.32601693272590637;0.2612946927547455,-0.12633046507835388,0.02619325742125511,-0.04556912183761597
;-85.04867553710938;-0.000006357625807140721,8.186633593254555e-9,-0.0027867183089256287,-0.001965268747881055;1.657900761120601e-10,0.21656638383865356,0.0020706369541585445,-0.3259030878543854;0.2611672282218933,-0.12633350491523743,0.026186376810073853,-0.04556931182742119
;-85.04936218261719;-0.0000063572911130904686,8.180609967212149e-9,-0.002787694102153182,-0.001957345986738801;1.656689646578613e-10,0.2165641486644745,0.002060849219560623,-0.3257892429828644;0.26103970408439636,-0.12633654475212097,0.026179494336247444,-0.04556950181722641
;-85.05003356933594;-0.000006356987796607427,8.174646737302282e-9,-0.0027886696625500917,-0.0019494568696245551;1.6554922710465547e-10,0.2165619283914566,0.0020511208567768335,-0.32565581798553467;0.260913610458374,-0.12634003162384033,0.02617146633565426,-0.04556969180703163
;-85.05070495605469;-0.000006356696303555509,8.168743903524955e-9,-0.002789645455777645,-0.0019416019786149263;1.6543087733023043e-10,0.21655979752540588,0.0020414511673152447,-0.3255418837070465;0.26078885793685913,-0.12634305655956268,0.0261645819991827,-0.045569878071546555
;-85.05137634277344;-0.000006356405265250942,8.162845510639727e-9,-0.002790622180327773,-0.001933782477863133;1.6531249980022977e-10,0.21655762195587158,0.0020318259485065937,-0.3253888189792633;0.2606641352176666,-0.12634697556495667,0.02615540288388729,-0.04557006433606148
;-85.05204772949219;-0.000006356102858262602,8.156950670468177e-9,-0.002791596809402108,-0.0019259975524619222;1.6519420553695596e-10,0.21655547618865967,0.0020222445018589497,-0.32525530457496643;0.26053935289382935,-0.12635044753551483,0.02614736743271351,-0.0455702506005764
;-85.05271911621094;-0.000006355795449053403,8.151060271188726e-9,-0.0027925719041377306,-0.0019182474352419376;1.6507589739589434e-10,0.21655330061912537,0.0020127075258642435,-0.32512181997299194;0.2604145407676697,-0.1263539344072342,0.026139330118894577,-0.04557044059038162
;-85.05339050292969;-0.000006355480309139239,8.145173424622953e-9,-0.002793545601889491,-0.0019105317769572139;1.6495786681058888e-10,0.21655113995075226,0.002003214554861188,-0.32498833537101746;0.2602896988391876,-0.12635740637779236,0.026131296530365944,-0.045570626854896545
;-85.05406188964844;-0.000006355160167004215,8.1392919071277e-9,-0.0027945181354880333,-0.0019028506940230727;1.648396141806785e-10,0.21654897928237915,0.0019937651231884956,-0.3248744010925293;0.2601647973060608,-0.1263604462146759,0.02612440660595894,-0.04557081311941147
;-85.05471801757812;-0.000006354870038194349,8.133469009408145e-9,-0.0027954892721027136,-0.0018952025566250086;1.647227493295489e-10,0.21654686331748962,0.0019843727350234985,-0.32474085688591003;0.2600412964820862,-0.12636393308639526,0.026116369292140007,-0.04557099565863609
;-85.05538940429688;-0.00000635456262898515,8.12765144075911e-9,-0.002796460874378681,-0.0018875879468396306;1.646058983562071e-10,0.2165447622537613,0.0019750238861888647,-0.32458776235580444;0.25991782546043396,-0.12636785209178925,0.0261071790009737,-0.04557117819786072
;-85.0560531616211;-0.0000063542634052282665,8.121836536645333e-9,-0.002797431079670787,-0.001880008028820157;1.644890751384409e-10,0.21654260158538818,0.001965718111023307,-0.324454128742218;0.2597942650318146,-0.1263713240623474,0.026099134236574173,-0.04557136446237564
;-85.05670928955078;-0.000006353940079861786,8.116025185245235e-9,-0.002798400353640318,-0.0018724615219980478;1.6437227967625034e-10,0.21654048562049866,0.0019564549438655376,-0.32432064414024353;0.2596707046031952,-0.12637481093406677,0.026091095060110092,-0.045571550726890564
;-85.05736541748047;-0.000006353661774483044,8.110274229977676e-9,-0.002799368929117918,-0.0018649473786354065;1.6425684423726494e-10,0.21653832495212555,0.0019472477724775672,-0.3241870403289795;0.259548544883728,-0.12637829780578613,0.026083046570420265,-0.04557173326611519
;-85.05802154541016;-0.000006353364369715564,8.104526827423797e-9,-0.002800337038934231,-0.0018574671121314168;1.6414146430943077e-10,0.21653622388839722,0.0019380829762667418,-0.32405343651771545;0.2594262957572937,-0.1263817548751831,0.026075003668665886,-0.045571912080049515
;-85.05867767333984;-0.000006353061053232523,8.098782977583596e-9,-0.002801304217427969,-0.0018500200239941478;1.640260705038088e-10,0.21653413772583008,0.0019289604388177395,-0.32393938302993774;0.25930410623550415,-0.12638480961322784,0.026068104431033134,-0.04557209834456444
;-85.05933380126953;-0.000006352754098770674,8.093043568635494e-9,-0.0028022704645991325,-0.0018426055321469903;1.6391070445376243e-10,0.21653200685977936,0.0019198795780539513,-0.3238253891468048;0.25918182730674744,-0.1263878345489502,0.02606120891869068,-0.04557228088378906
;-85.05998992919922;-0.000006352439868351212,8.08730860057949e-9,-0.002803235547617078,-0.001835224567912519;1.637953939148673e-10,0.21652992069721222,0.0019108407432213426,-0.32369178533554077;0.2590595781803131,-0.12639132142066956,0.026053156703710556,-0.04557246342301369
;-85.06063079833984;-0.000006352153832267504,8.081631364120767e-9,-0.002804199932143092,-0.001827874919399619;1.6368142952138953e-10,0.2165278047323227,0.0019018568564206362,-0.32357773184776306;0.25893864035606384,-0.1263943612575531,0.026046253740787506,-0.04557264223694801
;-85.06127166748047;-0.000006351886440825183,8.076015411973003e-9,-0.002805164083838463,-0.0018205569358542562;1.6356882515111693e-10,0.21652571856975555,0.0018929269863292575,-0.3234636187553406;0.2588191330432892,-0.12639740109443665,0.026039352640509605,-0.04557282477617264
;-85.0619125366211;-0.000006351621323119616,8.070403012538918e-9,-0.0028061289340257645,-0.0018132718978449702;1.6345629016978336e-10,0.21652361750602722,0.0018840384436771274,-0.3233495056629181;0.2586996257305145,-0.126400426030159,0.026032449677586555,-0.045573003590106964
;-85.06255340576172;-0.0000063513434724882245,8.064795053996932e-9,-0.002807092387229204,-0.0018060189904645085;1.6334372743287418e-10,0.2165215164422989,0.0018751902971416712,-0.3232354521751404;0.2585800588130951,-0.12640346586704254,0.026025548577308655,-0.04557318240404129
;-85.06317901611328;-0.000006351093361445237,8.059246603409065e-9,-0.002808056306093931,-0.0017987972823902965;1.6323253859695797e-10,0.21651947498321533,0.0018663960509002209,-0.3231212794780731;0.2584618628025055,-0.1264064908027649,0.026018641889095306,-0.045573361217975616
;-85.06380462646484;-0.00000635085916655953,8.053759437132157e-9,-0.0028090202249586582,-0.0017916066572070122;1.6312255712858104e-10,0.2165174037218094,0.0018576547736302018,-0.32298752665519714;0.2583451271057129,-0.12640996277332306,0.026010587811470032,-0.045573536306619644
;-85.0644302368164;-0.000006350620424200315,8.048276711747349e-9,-0.002809983678162098,-0.0017844480462372303;1.630127560714456e-10,0.2165154069662094,0.0018489535432308912,-0.3228733241558075;0.2582283616065979,-0.1264130026102066,0.026003681123256683,-0.04557371139526367
;-85.06505584716797;-0.000006350389412546065,8.042797539076219e-9,-0.0028109471313655376,-0.0017773211002349854;1.629029827698858e-10,0.21651333570480347,0.0018402922432869673,-0.32275915145874023;0.25811153650283813,-0.12641602754592896,0.025996774435043335,-0.0455738864839077
;-85.06568145751953;-0.000006350141120492481,8.037323695475607e-9,-0.0028119096532464027,-0.0017702258192002773;1.627932511016894e-10,0.2165113091468811,0.0018316704081371427,-0.3226449191570282;0.25799474120140076,-0.1264190673828125,0.025989864021539688,-0.045574065297842026
;-85.0663070678711;-0.000006349895102175651,8.031852516410254e-9,-0.002812871476635337,-0.0017631622031331062;1.6268351943349302e-10,0.21650929749011993,0.0018230885034427047,-0.3225111663341522;0.2578778862953186,-0.12642252445220947,0.025981804355978966,-0.045574236661195755
;-85.06693267822266;-0.000006349634531943593,8.026385778237e-9,-0.0028138314373791218,-0.0017561301356181502;1.6257382939866005e-10,0.21650725603103638,0.0018145457142964005,-0.32237741351127625;0.2577609717845917,-0.12642601132392883,0.025973740965127945,-0.04557441547513008
;-85.06755065917969;-0.000006349366685753921,8.020922592777424e-9,-0.002814789768308401,-0.0017491288017481565;1.624641671194027e-10,0.21650521457195282,0.001806042157113552,-0.322263240814209;0.25764405727386475,-0.12642903625965118,0.025966830551624298,-0.04557458683848381
;-85.06816101074219;-0.000006349163413688075,8.01557575869083e-9,-0.0028157492633908987,-0.0017421566881239414;1.6235697508637514e-10,0.21650323271751404,0.001797602861188352,-0.3221489489078522;0.25752997398376465,-0.12643206119537354,0.025959914550185204,-0.04557475820183754
;-85.06877136230469;-0.000006348943770717597,8.010233365496333e-9,-0.0028167085256427526,-0.001735215773805976;1.6225001897574032e-10,0.21650123596191406,0.0017892020987346768,-0.322034627199173;0.25741589069366455,-0.12643510103225708,0.025953002274036407,-0.04557492583990097
;-85.06938171386719;-0.0000063487277657259256,8.004894525015516e-9,-0.0028176670894026756,-0.0017283052438870072;1.6214310449846892e-10,0.21649926900863647,0.0017808397533372045,-0.32192033529281616;0.2573017477989197,-0.12643812596797943,0.025946088135242462,-0.045575100928545
;-85.06999206542969;-0.000006348494480334921,7.999560125426797e-9,-0.002818624721840024,-0.0017214257968589664;1.620361900211975e-10,0.2164972573518753,0.0017725157085806131,-0.32180607318878174;0.2571876049041748,-0.12644115090370178,0.025939173996448517,-0.04557526856660843
;-85.07059478759766;-0.0000063482711993856356,7.994230166730176e-9,-0.0028195814229547977,-0.001714576967060566;1.6192930329950173e-10,0.2164953052997589,0.0017642294988036156,-0.3216917812824249;0.25707340240478516,-0.12644417583942413,0.025932254269719124,-0.04557543992996216
