voltage;INa,Ito,ICaL,IKs;IpK, INaK, IKr, INaCa;IK1, IbCa, IpCa, IbNa
undefined;-84.27777099609375;-0.0000062569301917392295,1.5397620956036917e-8,-0.002232711296528578,-0.01370395440608263;3.106098711569416e-10,0.22031643986701965,0.02858707495033741,-0.4709406793117523;0.38120490312576294,-0.12305270880460739,0.034311745315790176,-0.04529903456568718
;-84.27972412109375;-0.0000062613080444862135,1.5376089734786547e-8,-0.0022343548480421305,-0.013642869889736176;3.1017824420054296e-10,0.22030998766422272,0.028447723016142845,-0.4705289304256439;0.3809107542037964,-0.12306062132120132,0.034290533512830734,-0.04529958590865135
;-84.28167724609375;-0.000006265627689572284,1.535457982981825e-8,-0.0022359956055879593,-0.013582064770162106;3.0974689479990047e-10,0.2203035205602646,0.028308993205428123,-0.47013646364212036;0.3806164860725403,-0.12306825071573257,0.034270279109478,-0.045300137251615524
;-84.28361511230469;-0.000006269952336879214,1.5333149860907724e-8,-0.002237633801996708,-0.013521534390747547;3.093174882895511e-10,0.22029714286327362,0.028171002864837646,-0.4697633683681488;0.38032323122024536,-0.12307555228471756,0.034250978380441666,-0.0453006848692894
;-84.28555297851562;-0.000006274242878134828,1.531180693348233e-8,-0.0022392708342522383,-0.013461277820169926;3.0888960833586054e-10,0.22029073536396027,0.028033750131726265,-0.46939024329185486;0.3800309896469116,-0.12308286130428314,0.03423167020082474,-0.045301228761672974
;-84.28749084472656;-0.000006278505679802038,1.529048532233901e-8,-0.002240905072540045,-0.01340129692107439;3.084623945159848e-10,0.22028431296348572,0.027897115796804428,-0.4689781665802002;0.37973856925964355,-0.12309079617261887,0.03421042114496231,-0.04530177637934685
;-84.2894287109375;-0.000006282723006734159,1.526918502747776e-8,-0.0022425372153520584,-0.013341587036848068;3.0803543049628956e-10,0.22027795016765594,0.02776109054684639,-0.46856623888015747;0.37944602966308594,-0.12309873104095459,0.03418916091322899,-0.04530232027173042
;-84.29136657714844;-0.0000062868857639841735,1.5247900719828067e-8,-0.002244166564196348,-0.01328215654939413;3.0760868852119927e-10,0.220271497964859,0.0276256762444973,-0.4681735336780548;0.37915340065956116,-0.12310636788606644,0.03416886180639267,-0.045302871614694595
;-84.29329681396484;-0.000006291018053161679,1.5226637728460446e-8,-0.0022457928862422705,-0.013222998939454556;3.071821963462895e-10,0.22026515007019043,0.027490874752402306,-0.4677809476852417;0.37886062264442444,-0.12311401218175888,0.034148551523685455,-0.04530341550707817
;-84.29521942138672;-0.000006295166713243816,1.5205523951067335e-8,-0.002247416879981756,-0.013164103031158447;3.067593401517854e-10,0.22025878727436066,0.02735690027475357,-0.46740758419036865;0.37856993079185486,-0.12312133610248566,0.034129198640584946,-0.045303959399461746
;-84.2971420288086;-0.000006299274900811724,1.5184427937242617e-8,-0.0022490397095680237,-0.013105476275086403;3.0633670600188623e-10,0.2202524095773697,0.027223527431488037,-0.46703413128852844;0.37827926874160767,-0.12312866747379303,0.03410983458161354,-0.04530449956655502
;-84.2990493774414;-0.000006303363079496194,1.516341541218935e-8,-0.0022506602108478546,-0.013047109358012676;3.059155984086459e-10,0.2202461063861847,0.02709086984395981,-0.46666058897972107;0.3779895007610321,-0.123136006295681,0.03409046679735184,-0.0453050397336483
;-84.30095672607422;-0.0000063074453464651015,1.5142491704978056e-8,-0.0022522793151438236,-0.012989007867872715;3.054968222837573e-10,0.2202398031949997,0.026958921924233437,-0.46628695726394653;0.3777008056640625,-0.12314333021640778,0.03407108783721924,-0.04530557990074158
;-84.30286407470703;-0.000006311485321930377,1.5121585761335155e-8,-0.0022538970224559307,-0.012931173667311668;3.0507832371462484e-10,0.22023352980613708,0.026827560737729073,-0.46591344475746155;0.37741199135780334,-0.12315067648887634,0.03405170142650604,-0.04530611261725426
;-84.30475616455078;-0.000006315519385680091,1.5100765082820544e-8,-0.0022555121686309576,-0.012873598374426365;3.0466171252463425e-10,0.22022727131843567,0.026696905493736267,-0.46553969383239746;0.3771241307258606,-0.12315800786018372,0.03403230756521225,-0.045306649059057236
;-84.30664825439453;-0.000006319536169030471,1.5080029669434225e-8,-0.00225712638348341,-0.012816282920539379;3.042466001357269e-10,0.22022102773189545,0.026566945016384125,-0.46516597270965576;0.3768373131752014,-0.12316535413265228,0.03401290625333786,-0.045307185500860214
;-84.30854034423828;-0.000006323512934613973,1.5059317348686818e-8,-0.002258738735690713,-0.01275923103094101;3.0383215388063434e-10,0.22021479904651642,0.02643756754696369,-0.4647921621799469;0.3765503764152527,-0.12317268550395966,0.033993493765592575,-0.045307714492082596
;-84.3104248046875;-0.000006327447408693843,1.5038624567864645e-8,-0.002260348293930292,-0.012702442705631256;3.034179296701467e-10,0.2202085256576538,0.026308774948120117,-0.46441835165023804;0.376263290643692,-0.12318003922700882,0.03397407755255699,-0.045308250933885574
;-84.31230163574219;-0.000006331402801151853,1.5018077448303302e-8,-0.0022619564551860094,-0.0126459039747715;3.0300689735085484e-10,0.22020238637924194,0.026180775836110115,-0.4640444219112396;0.37597841024398804,-0.12318738549947739,0.033954646438360214,-0.04530877619981766
;-84.31417846679688;-0.000006335315902106231,1.499755342138087e-8,-0.002263563685119152,-0.012589627876877785;3.0259647565422654e-10,0.22019615769386292,0.026053352281451225,-0.46367040276527405;0.3756934404373169,-0.12319473177194595,0.03393520787358284,-0.04530930519104004
;-84.31605529785156;-0.000006339184892567573,1.4977048934383674e-8,-0.0022651676554232836,-0.012533607892692089;3.021863315133544e-10,0.22018998861312866,0.025926498696208,-0.4632965326309204;0.37540826201438904,-0.12320208549499512,0.033915769308805466,-0.04530983418226242
;-84.31791687011719;-0.000006343053883028915,1.495662971251477e-8,-0.002266769530251622,-0.012477840296924114;3.0177765841798987e-10,0.22018378973007202,0.025800324976444244,-0.46292248368263245;0.37512412667274475,-0.12320943921804428,0.0338963121175766,-0.0453103631734848
;-84.31977844238281;-0.000006346906502585625,1.4936297532130993e-8,-0.002268371172249317,-0.012422322295606136;3.0137131679097706e-10,0.22017760574817657,0.02567482553422451,-0.46254831552505493;0.3748411238193512,-0.12321680039167404,0.033876851201057434,-0.045310888439416885
;-84.32164001464844;-0.000006350719559122808,1.4915983115315612e-8,-0.0022699700202792883,-0.012367064133286476;3.0096478087493495e-10,0.22017143666744232,0.025549890473484993,-0.4621742069721222;0.37455788254737854,-0.1232241615653038,0.033857379108667374,-0.04531141370534897
;-84.32350158691406;-0.000006354502602334833,1.4895693567495982e-8,-0.0022715663071721792,-0.012312059290707111;3.00558883337132e-10,0.22016528248786926,0.025425519794225693,-0.4618000388145447;0.3742745816707611,-0.12323152273893356,0.033837903290987015,-0.04531194269657135
;-84.32536315917969;-0.000006358236987580312,1.4875420895066327e-8,-0.0022731609642505646,-0.012257306836545467;3.0015281926587534e-10,0.22015909850597382,0.025301700457930565,-0.4614258408546448;0.3739910423755646,-0.12323888391256332,0.03381841629743576,-0.04531246796250343
;-84.32720947265625;-0.000006361963642120827,1.4855234375943382e-8,-0.0022747518960386515,-0.012202803045511246;2.9974900339624355e-10,0.22015298902988434,0.02517854981124401,-0.4610516428947449;0.37370866537094116,-0.12324625253677368,0.03379891812801361,-0.04531298950314522
;-84.32905578613281;-0.000006365677108988166,1.483513045741347e-8,-0.0022763418965041637,-0.012148539535701275;2.9934671408327063e-10,0.22014681994915009,0.025056062266230583,-0.46067726612091064;0.37342730164527893,-0.12325362861156464,0.03377941995859146,-0.045313511043787
;-84.33090209960938;-0.000006369366474245908,1.481504874334405e-8,-0.002277929801493883,-0.012094526551663876;2.9894506314853686e-10,0.2201407104730606,0.02493412047624588,-0.46030300855636597;0.37314581871032715,-0.12326100468635559,0.03375990688800812,-0.045314036309719086
;-84.33274841308594;-0.000006373002179316245,1.4794983904664605e-8,-0.002279515378177166,-0.012040763162076473;2.985432179247738e-10,0.22013458609580994,0.024812722578644753,-0.45992863178253174;0.3728641867637634,-0.12326838821172714,0.03374038264155388,-0.04531455785036087
;-84.3345947265625;-0.000006376599685609108,1.4774941270445652e-8,-0.0022810983937233686,-0.011987246572971344;2.9814198332367425e-10,0.22012846171855927,0.024691877886652946,-0.4595542848110199;0.37258240580558777,-0.1232757642865181,0.03372085466980934,-0.04531507566571236
;-84.33644104003906;-0.000006380168542818865,1.4754916399795093e-8,-0.00228267814964056,-0.011933980509638786;2.9774058218912103e-10,0.22012238204479218,0.024571577087044716,-0.45917990803718567;0.37230053544044495,-0.12328316271305084,0.03370131552219391,-0.04531559720635414
;-84.3382797241211;-0.000006383691015798831,1.4734910180891347e-8,-0.002284255577251315,-0.011880958452820778;2.9733976392165573e-10,0.2201162576675415,0.024451816454529762,-0.4588054418563843;0.3720184862613678,-0.12329055368900299,0.03368176892399788,-0.045316118746995926
;-84.3401107788086;-0.000006387244411598658,1.4715050511426853e-8,-0.0022858299780637026,-0.0118281664326787;2.9694216530096185e-10,0.22011016309261322,0.02433280274271965,-0.4584308862686157;0.37173864245414734,-0.12329794466495514,0.03366221487522125,-0.04531663656234741
;-84.3419418334961;-0.000006390748694684589,1.4695209493709172e-8,-0.002287403680384159,-0.011775621213018894;2.9654476096929727e-10,0.2201041281223297,0.024214325472712517,-0.45805636048316956;0.37145867943763733,-0.12330534309148788,0.03364265337586403,-0.0453171543776989
;-84.3437728881836;-0.0000063942284214135725,1.4675388904095144e-8,-0.0022889755200594664,-0.01172331627458334;2.961479395047206e-10,0.22009806334972382,0.024096380919218063,-0.4576817452907562;0.37117865681648254,-0.12331274896860123,0.03362308070063591,-0.045317668467760086
;-84.3456039428711;-0.0000063976540332078,1.465558607804951e-8,-0.002290544332936406,-0.011671251617372036;2.957509515066903e-10,0.22009198367595673,0.02397896908223629,-0.4573071300983429;0.37089842557907104,-0.12332014739513397,0.033603500574827194,-0.04531818628311157
;-84.3474349975586;-0.000006401058726623887,1.4635803680107529e-8,-0.0022921112831681967,-0.011619429104030132;2.953545741313235e-10,0.22008590400218964,0.023862088099122047,-0.45693251490592957;0.37061813473701477,-0.12332756072282791,0.03358391299843788,-0.04531870409846306
;-84.3492660522461;-0.000006404412488336675,1.4616039045733942e-8,-0.002293674973770976,-0.01156784687191248;2.949580024669274e-10,0.22007986903190613,0.023745734244585037,-0.45655784010887146;0.3703376352787018,-0.12333498150110245,0.03356431424617767,-0.045319221913814545
;-84.3510971069336;-0.0000064077426031872164,1.459628951039349e-8,-0.002295235637575388,-0.011516500264406204;2.945616528471362e-10,0.22007380425930023,0.02362990379333496,-0.45618322491645813;0.370057076215744,-0.12334240227937698,0.03354470804333687,-0.04531973972916603
;-84.3529281616211;-0.00000641102224108181,1.4576559514978271e-8,-0.0022967932745814323,-0.011465393006801605;2.9416591385000856e-10,0.22006773948669434,0.02351459674537182,-0.45580852031707764;0.36977633833885193,-0.12334983050823212,0.033525098115205765,-0.04532025754451752
;-84.3547592163086;-0.000006414277777366806,1.4556843730417768e-8,-0.0022983478847891092,-0.01141451857984066;2.9377006383057847e-10,0.22006163001060486,0.02339981123805046,-0.45543378591537476;0.36949554085731506,-0.12335726618766785,0.03350547328591347,-0.045320771634578705
;-84.3565902709961;-0.000006417484655685257,1.4537146597604078e-8,-0.0022998994681984186,-0.011363877914845943;2.9337435258902644e-10,0.22005559504032135,0.02328554540872574,-0.45505911111831665;0.36921459436416626,-0.12336470186710358,0.03348584100604057,-0.04532128572463989
;-84.35840606689453;-0.000006420688805519603,1.4517527624491322e-8,-0.0023014487233012915,-0.011313468217849731;2.929808895490993e-10,0.22004956007003784,0.02317189611494541,-0.4547036588191986;0.3689347207546234,-0.12337181717157364,0.033467184752225876,-0.04532180353999138
;-84.36022186279297;-0.000006423895229090704,1.4497990363793178e-8,-0.0023029956500977278,-0.011263282969594002;2.92588953065831e-10,0.22004352509975433,0.02305886149406433,-0.45436757802963257;0.36865583062171936,-0.12337861955165863,0.03344950079917908,-0.045322317630052567
;-84.3620376586914;-0.000006427054813684663,1.447846909030659e-8,-0.0023045416455715895,-0.01121332123875618;2.9219762720522624e-10,0.2200375348329544,0.02294633351266384,-0.45399272441864014;0.36837679147720337,-0.12338606268167496,0.033429842442274094,-0.045322827994823456
;-84.36383819580078;-0.000006430210760299815,1.4459028641056193e-8,-0.0023060848470777273,-0.011163591407239437;2.918077723901291e-10,0.22003154456615448,0.0228344164788723,-0.45365652441978455;0.3680988550186157,-0.12339286506175995,0.0334121510386467,-0.04532333463430405
;-84.36563873291016;-0.000006433369435399072,1.443966723968515e-8,-0.0023076278157532215,-0.011114084161818027;2.9141977719859824e-10,0.22002561390399933,0.02272309735417366,-0.45330092310905457;0.36782196164131165,-0.1233999952673912,0.033393461257219315,-0.045323848724365234
;-84.36743927001953;-0.0000064364885474788025,1.44203280427746e-8,-0.0023091689217835665,-0.011064805090427399;2.9103197629609667e-10,0.2200196236371994,0.022612283006310463,-0.4529258906841278;0.367544949054718,-0.12340743839740753,0.03337378054857254,-0.045324355363845825
;-84.3692398071289;-0.000006439577191486023,1.4401004833075604e-8,-0.002310707699507475,-0.011015747673809528;2.9064478601625865e-10,0.22001369297504425,0.022501971572637558,-0.4525507688522339;0.36726781725883484,-0.12341488897800446,0.03335409238934517,-0.045324862003326416
;-84.37104034423828;-0.000006442615813284647,1.4381696722409743e-8,-0.002312243450433016,-0.010966917499899864;2.902574014473913e-10,0.2200077474117279,0.0223921537399292,-0.45219504833221436;0.3669905364513397,-0.1234220340847969,0.033335380256175995,-0.045325372368097305
;-84.3728256225586;-0.000006445669441745849,1.4362469435980074e-8,-0.00231377687305212,-0.01091830525547266;2.898718487465146e-10,0.22000180184841156,0.022282931953668594,-0.4518586993217468;0.3667142987251282,-0.12342885136604309,0.033317647874355316,-0.0453258752822876
;-84.3746109008789;-0.000006448697604355402,1.4343327414678697e-8,-0.00231530936434865,-0.010869910940527916;2.894882111803554e-10,0.2199958711862564,0.022174300625920296,-0.45152223110198975;0.36643916368484497,-0.12343567609786987,0.03329990431666374,-0.04532638192176819
;-84.37638854980469;-0.000006451705303334165,1.4324198716053615e-8,-0.002316840458661318,-0.010821739211678505;2.8910474014764986e-10,0.21998994052410126,0.022066161036491394,-0.45118582248687744;0.36616387963294983,-0.12344249337911606,0.03328215703368187,-0.04532688483595848
;-84.37815856933594;-0.000006454734830185771,1.4305216566867784e-8,-0.0023183701559901237,-0.010773777961730957;2.8872521040668175e-10,0.21998414397239685,0.021958697587251663,-0.4508492052555084;0.3658907413482666,-0.12344931066036224,0.0332644023001194,-0.045327384024858475
;-84.37992858886719;-0.0000064577325247228146,1.4286252181250347e-8,-0.0023198984563350677,-0.010726039297878742;2.883454586211087e-10,0.21997827291488647,0.021851718425750732,-0.4504932165145874;0.3656176030635834,-0.1234564483165741,0.03324565291404724,-0.04532788693904877
;-84.3816909790039;-0.00000646069520371384,1.4267306447379724e-8,-0.002321424661204219,-0.010678520426154137;2.879658733689894e-10,0.2199724167585373,0.02174522541463375,-0.45015662908554077;0.3653443157672882,-0.12346328049898148,0.03322788327932358,-0.04532838240265846
;-84.3834457397461;-0.000006463681529567111,1.4248505486591512e-8,-0.0023229499347507954,-0.010631204582750797;2.875898130749732e-10,0.2199666053056717,0.021639397367835045,-0.4498198628425598;0.3650732636451721,-0.12347009778022766,0.03321010619401932,-0.04532887786626816
;-84.38520050048828;-0.000006466635113611119,1.4229721401193274e-8,-0.0023244740441441536,-0.010584112256765366;2.87213974825562e-10,0.21996082365512848,0.02153404988348484,-0.44948306679725647;0.3648020029067993,-0.12347692996263504,0.03319232165813446,-0.04532937332987785
;-84.38694763183594;-0.000006469553682109108,1.4210957743898689e-8,-0.0023259962908923626,-0.010537235997617245;2.8683830310960445e-10,0.2199549823999405,0.02142917737364769,-0.44914624094963074;0.3645307421684265,-0.12348375469446182,0.033174533396959305,-0.04532986879348755
;-84.38868713378906;-0.0000064725040829216596,1.4192338859686515e-8,-0.0023275173734873533,-0.010490561835467815;2.8646610084059887e-10,0.21994926035404205,0.021324966102838516,-0.4488093852996826;0.3642616868019104,-0.1234905868768692,0.03315673768520355,-0.045330360531806946
;-84.39042663574219;-0.000006475425834651105,1.4173739515399575e-8,-0.0023290375247597694,-0.010444107465445995;2.860941206161982e-10,0.21994349360466003,0.02122122049331665,-0.44847244024276733;0.36399251222610474,-0.12349741160869598,0.033138930797576904,-0.045330848544836044
;-84.39215850830078;-0.000006478301656898111,1.4155157934681029e-8,-0.0023305558133870363,-0.010397864505648613;2.8572230692525125e-10,0.2199377566576004,0.02111794613301754,-0.44813549518585205;0.36372318863868713,-0.12350425124168396,0.03312112018465996,-0.04533133655786514
;-84.39388275146484;-0.000006481210220954381,1.4136720238866474e-8,-0.0023320724721997976,-0.010351821780204773;2.8535399043683185e-10,0.21993206441402435,0.02101532183587551,-0.4477984607219696;0.3634561002254486,-0.12351107597351074,0.033103298395872116,-0.04533182457089424
;-84.3956069946289;-0.000006484081040980527,1.4118305635690831e-8,-0.0023335886653512716,-0.010305993258953094;2.849858959930174e-10,0.2199263721704483,0.02091316320002079,-0.4474613666534424;0.3631889224052429,-0.12351790815591812,0.033085476607084274,-0.04533230885863304
;-84.39733123779297;-0.000006486931852123234,1.4099908796083582e-8,-0.002335102530196309,-0.010260376147925854;2.84617940327081e-10,0.21992067992687225,0.02081146091222763,-0.4471242129802704;0.36292171478271484,-0.1235247477889061,0.03306763991713524,-0.04533279687166214
;-84.3990478515625;-0.000006489737643278204,1.4081526167331049e-8,-0.0023366142995655537,-0.010214966721832752;2.842498181276909e-10,0.219914972782135,0.02071021869778633,-0.4467870891094208;0.36265429854393005,-0.12353159487247467,0.0330498032271862,-0.04533328488469124
;-84.4007568359375;-0.000006492568900284823,1.4063290088017766e-8,-0.0023381244391202927,-0.010169757530093193;2.8388549844216016e-10,0.21990935504436493,0.020609615370631218,-0.446449875831604;0.36238911747932434,-0.12353842705488205,0.03303195536136627,-0.04533376172184944
;-84.4024658203125;-0.000006495382422144758,1.4045074436808136e-8,-0.0023396334145218134,-0.010124757885932922;2.8352142855680995e-10,0.21990367770195007,0.020509466528892517,-0.44611263275146484;0.3621237874031067,-0.12354527413845062,0.03301410377025604,-0.04533424228429794
;-84.4041748046875;-0.000006498147286038147,1.402687566098848e-8,-0.002341140527278185,-0.010079963132739067;2.831574974493378e-10,0.21989805996418,0.02040976472198963,-0.4457753598690033;0.36185845732688904,-0.1235521212220192,0.032996244728565216,-0.04533472657203674
;-84.4058837890625;-0.000006500894414784852,1.4008694648737219e-8,-0.0023426455445587635,-0.010035375133156776;2.82793760630895e-10,0.2198924422264099,0.02031051553785801,-0.4454381465911865;0.36159294843673706,-0.12355896830558777,0.032978374511003494,-0.045335207134485245
;-84.40757751464844;-0.000006503618351416662,1.399059623707899e-8,-0.0023441482335329056,-0.009990986436605453;2.824318279248672e-10,0.21988680958747864,0.020211802795529366,-0.44510072469711304;0.3613285422325134,-0.12356581538915634,0.032960500568151474,-0.045335687696933746
;-84.40927124023438;-0.000006506360932689859,1.3972578649656953e-8,-0.0023456504568457603,-0.009946797043085098;2.8207136626434703e-10,0.21988122165203094,0.02011362463235855,-0.44476327300071716;0.3610651195049286,-0.12357266247272491,0.03294261917471886,-0.04533616453409195
;-84.41096496582031;-0.000006509058948722668,1.395457882580331e-8,-0.0023471496533602476,-0.009902812540531158;2.817114874709148e-10,0.21987563371658325,0.020015893504023552,-0.4444258511066437;0.36080169677734375,-0.12357951700687408,0.03292473033070564,-0.04533664137125015
;-84.41265869140625;-0.000006511734682135284,1.3936596765518061e-8,-0.0023486472200602293,-0.009859027341008186;2.813517474553606e-10,0.21987004578113556,0.01991860195994377,-0.4440883696079254;0.3605380952358246,-0.12358637154102325,0.03290683403611183,-0.045337121933698654
;-84.41435241699219;-0.0000065143676692969166,1.3918632468801206e-8,-0.0023501436226069927,-0.00981544516980648;2.8099220172883577e-10,0.21986445784568787,0.01982175186276436,-0.44375088810920715;0.36027437448501587,-0.12359324097633362,0.032888930290937424,-0.04533759877085686
;-84.4160385131836;-0.0000065169833760592155,1.3900685935652746e-8,-0.0023516362998634577,-0.00977206602692604;2.806324617132816e-10,0.21985886991024017,0.019725335761904716,-0.4434133768081665;0.3600105941295624,-0.12360010296106339,0.03287102282047272,-0.04533807560801506
;-84.41771697998047;-0.000006519625458167866,1.3882881511051437e-8,-0.002353128045797348,-0.009728874079883099;2.802765242115868e-10,0.21985332667827606,0.01962953805923462,-0.4430757462978363;0.3597490191459656,-0.12360697239637375,0.032853104174137115,-0.04533854499459267
;-84.41939544677734;-0.000006522222975036129,1.3865094850018522e-8,-0.002354617929086089,-0.009685882367193699;2.7992078099892126e-10,0.21984778344631195,0.019534170627593994,-0.4427381455898285;0.3594873547554016,-0.12361383438110352,0.032835181802511215,-0.04533901810646057
;-84.42107391357422;-0.00000652480366625241,1.3847327728910841e-8,-0.002356106648221612,-0.009643089026212692;2.7956523207528505e-10,0.21984228491783142,0.019439231604337692,-0.4424004554748535;0.3592255413532257,-0.12362071126699448,0.03281725198030472,-0.045339491218328476
;-84.4227523803711;-0.0000065273370637441985,1.3829576595014714e-8,-0.0023575923405587673,-0.00960049219429493;2.792094333514683e-10,0.21983671188354492,0.01934472657740116,-0.4420628547668457;0.35896363854408264,-0.12362758070230484,0.032799310982227325,-0.04533996433019638
;-84.42443084716797;-0.000006529853635584004,1.3811842336508562e-8,-0.0023590754717588425,-0.009558092802762985;2.788542174947395e-10,0.2198311984539032,0.019250644370913506,-0.44172510504722595;0.35870161652565,-0.1236344650387764,0.032781366258859634,-0.045340437442064285
;-84.42610931396484;-0.000006532341558340704,1.3794121400678705e-8,-0.0023605567403137684,-0.009515888057649136;2.7849919592704e-10,0.2198256105184555,0.019156990572810173,-0.44138744473457336;0.35843953490257263,-0.12364134937524796,0.032763414084911346,-0.04534090682864189
;-84.42778778076172;-0.000006534782642120263,1.3776419116595662e-8,-0.0023620352149009705,-0.009473875164985657;2.7814395231473554e-10,0.21982012689113617,0.019063759595155716,-0.441049724817276;0.3581772446632385,-0.12364824116230011,0.03274545446038246,-0.045341379940509796
;-84.42945861816406;-0.0000065372064455004875,1.3758731043367334e-8,-0.0023635108955204487,-0.009432058781385422;2.7778929156951904e-10,0.21981458365917206,0.018970951437950134,-0.44071194529533386;0.35791492462158203,-0.12365513294935226,0.03272748738527298,-0.045341856777668
;-84.43112182617188;-0.000006539659352711169,1.3741185078686158e-8,-0.002364985179156065,-0.009390424937009811;2.7743801700452764e-10,0.21980908513069153,0.018878737464547157,-0.44037410616874695;0.3576548397541046,-0.12366201728582382,0.0327095165848732,-0.04534232243895531
;-84.43278503417969;-0.000006542072242154973,1.3723655101216536e-8,-0.002366458298638463,-0.009348982013761997;2.7708657590608254e-10,0.2198036164045334,0.018786942586302757,-0.44003620743751526;0.35739466547966003,-0.12366891652345657,0.032691534608602524,-0.04534279182553291
;-84.4344482421875;-0.000006544466032210039,1.370614022278005e-8,-0.002367928856983781,-0.00930773001164198;2.7673563440799853e-10,0.21979814767837524,0.018695559352636337,-0.43969839811325073;0.3571344017982483,-0.12367580831050873,0.03267354890704155,-0.04534326121211052
;-84.43611145019531;-0.00000654682617096114,1.3688642219733538e-8,-0.002369397319853306,-0.009266668930649757;2.7638491495451945e-10,0.2197926640510559,0.018604587763547897,-0.43936043977737427;0.3568739891052246,-0.12368271499872208,0.03265555202960968,-0.04534372687339783
;-84.43777465820312;-0.000006549160843860591,1.367115842754174e-8,-0.0023708634544163942,-0.009225795045495033;2.7603397345643543e-10,0.21978716552257538,0.018514029681682587,-0.43902257084846497;0.3566133975982666,-0.12368962168693542,0.03263755142688751,-0.04534419625997543
;-84.43943786621094;-0.000006551450496772304,1.3653689734383079e-8,-0.002372327260673046,-0.009185109287500381;2.7568361482543935e-10,0.21978168189525604,0.018423885107040405,-0.4386845827102661;0.3563527762889862,-0.12369653582572937,0.03261953964829445,-0.04534466564655304
;-84.44110107421875;-0.000006553722414537333,1.3636235252079132e-8,-0.0023737880401313305,-0.009144610725343227;2.7533303414983834e-10,0.2197762280702591,0.018334148451685905,-0.43834665417671204;0.35609206557273865,-0.12370344251394272,0.03260152414441109,-0.045345135033130646
;-84.44276428222656;-0.000006555964773724554,1.361879586880832e-8,-0.0023752464912831783,-0.009104298427700996;2.7498298083017403e-10,0.21977072954177856,0.018244819715619087,-0.4380086362361908;0.35583117604255676,-0.12371036410331726,0.03258350118994713,-0.04534560441970825
;-84.44442749023438;-0.000006558178483828669,1.3601368920035384e-8,-0.0023767028469592333,-0.009064171463251114;2.746330940439634e-10,0.21976523101329803,0.01815589889883995,-0.4376707077026367;0.3555701673030853,-0.1237172856926918,0.03256547078490257,-0.04534606635570526
;-84.44609069824219;-0.0000065603449002082925,1.3583957958474002e-8,-0.0023781554773449898,-0.009024228900671005;2.742830407242991e-10,0.2197597324848175,0.0180673785507679,-0.43733271956443787;0.3553091287612915,-0.12372421473264694,0.03254743292927742,-0.045346539467573166
;-84.44775390625;-0.000006562497674167389,1.3566559431410496e-8,-0.0023796060122549534,-0.008984467945992947;2.739335147605715e-10,0.21975427865982056,0.01797926239669323,-0.4369947016239166;0.35504788160324097,-0.12373115122318268,0.03252938762307167,-0.045347005128860474
;-84.44940948486328;-0.000006564622253790731,1.3549173338844867e-8,-0.0023810535203665495,-0.008944890461862087;2.7358415533029756e-10,0.21974880993366241,0.017891544848680496,-0.4366760849952698;0.35478660464286804,-0.12373775243759155,0.03251234069466591,-0.04534747451543808
;-84.45105743408203;-0.000006566780029970687,1.3531928466647969e-8,-0.002382500097155571,-0.008905487135052681;2.7323784901334136e-10,0.21974331140518188,0.01780438795685768,-0.436337947845459;0.3545275628566742,-0.12374468892812729,0.032494280487298965,-0.04534794017672539
;-84.45270538330078;-0.000006568894605152309,1.3514694252592108e-8,-0.0023839445784687996,-0.0088662663474679;2.7289209780789747e-10,0.21973790228366852,0.017717629671096802,-0.4360385537147522;0.3542684018611908,-0.1237509623169899,0.032478224486112595,-0.045348405838012695
;-84.45435333251953;-0.000006570992354681948,1.349747691392622e-8,-0.0023853874299675226,-0.00882722344249487;2.7254612455784866e-10,0.21973253786563873,0.01763126626610756,-0.43571987748146057;0.3540091812610626,-0.12375757098197937,0.03246115520596504,-0.045348864048719406
;-84.45598602294922;-0.000006573100108653307,1.3480334182247589e-8,-0.00238682865165174,-0.008788357488811016;2.7220228848712225e-10,0.2197270691394806,0.017545372247695923,-0.4354203939437866;0.35375094413757324,-0.12376385182142258,0.032445088028907776,-0.045349329710006714
;-84.4576187133789;-0.000006575200131919701,1.346326872209147e-8,-0.0023882687091827393,-0.008749665692448616;2.7185986795075223e-10,0.21972166001796722,0.017459949478507042,-0.43512099981307983;0.35349389910697937,-0.12377012521028519,0.032429009675979614,-0.045349787920713425
;-84.45923614501953;-0.000006577297426701989,1.3446280533457866e-8,-0.002389707835391164,-0.00871114432811737;2.7151961234928024e-10,0.21971628069877625,0.01737499237060547,-0.43480202555656433;0.35323789715766907,-0.12377673387527466,0.032411929219961166,-0.045350249856710434
;-84.46085357666016;-0.0000065794024521892425,1.3429368728168356e-8,-0.0023911469615995884,-0.008672795258462429;2.7118077228216464e-10,0.21971091628074646,0.017290499061346054,-0.43450242280960083;0.3529830276966095,-0.12378300726413727,0.03239583969116211,-0.045350704342126846
;-84.46247100830078;-0.000006581482921319548,1.341247468644724e-8,-0.0023925842251628637,-0.008634624071419239;2.708424040598345e-10,0.21970556676387787,0.01720639318227768,-0.43420279026031494;0.3527280390262604,-0.12378928810358047,0.032379746437072754,-0.04535116255283356
;-84.46407318115234;-0.000006583572485396871,1.3395657028070218e-8,-0.002394020790234208,-0.008596623316407204;2.705055346385876e-10,0.21970021724700928,0.017122741788625717,-0.43390312790870667;0.35247406363487244,-0.12379556149244308,0.0323636457324028,-0.04535161703824997
;-84.4656753540039;-0.000006585652954527177,1.3378920193929389e-8,-0.0023954566568136215,-0.008558792993426323;2.701703583074533e-10,0.21969491243362427,0.017039544880390167,-0.4336033761501312;0.35222128033638,-0.12380184233188629,0.03234754130244255,-0.04535206779837608
;-84.46726989746094;-0.000006587708412553184,1.3362197570643275e-8,-0.0023968906607478857,-0.008521134965121746;2.6983573708783126e-10,0.21968957781791687,0.01695672981441021,-0.4333035945892334;0.351968377828598,-0.1238081231713295,0.032331433147192,-0.045352522283792496
;-84.46885681152344;-0.000006589805707335472,1.3345615279547474e-8,-0.0023983244318515062,-0.008483640849590302;2.6950414122595134e-10,0.21968436241149902,0.016874443739652634,-0.4330037534236908;0.3517177700996399,-0.12381438910961151,0.032315317541360855,-0.04535296931862831
;-84.47044372558594;-0.000006591867986571742,1.3329048975663227e-8,-0.0023997570388019085,-0.008446321822702885;2.691726563863739e-10,0.2196790724992752,0.016792526468634605,-0.43270382285118103;0.3514670431613922,-0.12382067739963531,0.03229919821023941,-0.04535341635346413
;-84.47203063964844;-0.000006593896614504047,1.3312498658990535e-8,-0.002401188714429736,-0.008409175090491772;2.688413380802501e-10,0.21967382729053497,0.016710983589291573,-0.43238452076911926;0.35121625661849976,-0.12382728606462479,0.032282065600156784,-0.04535386338829994
;-84.4736099243164;-0.000006595900686079403,1.3295962553172558e-8,-0.0024026180617511272,-0.008372196927666664;2.6851054713006306e-10,0.21966858208179474,0.016629809513688087,-0.4320651888847351;0.35096532106399536,-0.12383390963077545,0.03226492181420326,-0.04535431042313576
;-84.47518157958984;-0.0000065979511418845505,1.3279568555901733e-8,-0.0024040471762418747,-0.00833538081496954;2.681827815376181e-10,0.2196633666753769,0.016549158841371536,-0.4317651391029358;0.3507167100906372,-0.12384019047021866,0.032248783856630325,-0.045354753732681274
;-84.47675323486328;-0.000006599961125175469,1.3263189657664043e-8,-0.0024054748937487602,-0.008298734202980995;2.678551547230512e-10,0.21965816617012024,0.016468869522213936,-0.4314456880092621;0.3504679501056671,-0.12384680658578873,0.03223162889480591,-0.04535520076751709
;-84.47832489013672;-0.0000066019601945299655,1.3246826746637907e-8,-0.0024069007486104965,-0.008262256160378456;2.675276666863624e-10,0.21965298056602478,0.016388943418860435,-0.4311261773109436;0.35021913051605225,-0.12385343015193939,0.03221447020769119,-0.04535564407706261
;-84.47989654541016;-0.000006603916062886128,1.3230480711001746e-8,-0.00240832450799644,-0.008225944824516773;2.672007337611859e-10,0.21964779496192932,0.016309378668665886,-0.4308260977268219;0.3499702215194702,-0.12385972589254379,0.03219831362366676,-0.045356087386608124
;-84.48146057128906;-0.000006605855105590308,1.321414977439872e-8,-0.0024097461719065905,-0.008189803920686245;2.6687349552467765e-10,0.21964257955551147,0.016230178996920586,-0.4305259883403778;0.34972110390663147,-0.1238660141825676,0.03218214958906174,-0.04535652697086334
;-84.48301696777344;-0.0000066078159761673305,1.3197957393629167e-8,-0.002411166438832879,-0.008153817616403103;2.665496989795457e-10,0.2196374535560608,0.016151489689946175,-0.4302257299423218;0.3494744300842285,-0.123872309923172,0.03216598182916641,-0.04535696655511856
;-84.48457336425781;-0.000006609767297049984,1.3181781000071169e-8,-0.002412585774436593,-0.008117998018860817;2.662260412122919e-10,0.21963228285312653,0.016073152422904968,-0.4299255907535553;0.349227637052536,-0.1238786056637764,0.03214980661869049,-0.04535740986466408
;-84.48612976074219;-0.000006611674507439602,1.3165620593724725e-8,-0.002414003713056445,-0.008082341402769089;2.659025222229161e-10,0.21962717175483704,0.015995174646377563,-0.42962533235549927;0.34898069500923157,-0.1238848939538002,0.03213362768292427,-0.045357845723629
;-84.48767852783203;-0.000006613570349145448,1.3149475286411416e-8,-0.0024154188577085733,-0.008046849630773067;2.655791420114184e-10,0.21962200105190277,0.015917547047138214,-0.42932507395744324;0.3487336337566376,-0.1238911971449852,0.03211744502186775,-0.045358285307884216
;-84.48921966552734;-0.000006615485744987382,1.313347031128842e-8,-0.002416833071038127,-0.008011512458324432;2.6525914798014583e-10,0.2196168750524521,0.015840420499444008,-0.42902472615242004;0.348488986492157,-0.1238974928855896,0.03210125118494034,-0.04535871744155884
;-84.49076080322266;-0.0000066173847699246835,1.3117480435198559e-8,-0.0024182472843676805,-0.00797633919864893;2.649392372156001e-10,0.21961180865764618,0.015763642266392708,-0.42872434854507446;0.34824416041374207,-0.123903788626194,0.032085053622722626,-0.04535915330052376
;-84.49230194091797;-0.000006619263785978546,1.3101505658141832e-8,-0.0024196591693907976,-0.00794132798910141;2.6461988156256666e-10,0.2196066826581955,0.015687212347984314,-0.4284239411354065;0.34799924492836,-0.1239100992679596,0.032068852335214615,-0.04535958543419838
;-84.49384307861328;-0.000006621099601034075,1.308554686829666e-8,-0.002421069424599409,-0.007906475104391575;2.643003038649283e-10,0.2196016013622284,0.015611130744218826,-0.4281235933303833;0.34775424003601074,-0.12391640245914459,0.03205264359712601,-0.0453600250184536
;-84.49536895751953;-0.000006622946330026025,1.3069665349974002e-8,-0.0024224771186709404,-0.0078717777505517;2.6398244701297813e-10,0.21959654986858368,0.015535466372966766,-0.42782312631607056;0.34751027822494507,-0.12392270565032959,0.0320364311337471,-0.04536045342683792
;-84.49689483642578;-0.000006624802153964993,1.3053859326817019e-8,-0.0024238848127424717,-0.007837236858904362;2.6366633876229173e-10,0.21959149837493896,0.015460220165550709,-0.4275225102901459;0.3472675085067749,-0.12392902374267578,0.032020214945077896,-0.04536088556051254
;-84.49842071533203;-0.0000066266370595258195,1.303807106722843e-8,-0.0024252906441688538,-0.007802855223417282;2.633503692894834e-10,0.21958646178245544,0.015385309234261513,-0.42722198367118835;0.3470245897769928,-0.12393532693386078,0.032003987580537796,-0.045361317694187164
;-84.49994659423828;-0.0000066284433160035405,1.3022296130316136e-8,-0.0024266946129500866,-0.007768632378429174;2.630345663501288e-10,0.21958144009113312,0.0153107400983572,-0.42692142724990845;0.3467816412448883,-0.12394163757562637,0.0319877564907074,-0.04536174610257149
;-84.50147247314453;-0.0000066302100094617344,1.3006536292436977e-8,-0.002428096951916814,-0.007734565529972315;2.6271890218865224e-10,0.2195763885974884,0.015236509963870049,-0.42662084102630615;0.3465385437011719,-0.12394795566797256,0.0319715216755867,-0.04536217451095581
;-84.50299072265625;-0.000006631964424741454,1.2990791553590952e-8,-0.0024294962640851736,-0.007700656540691853;2.6240334904947815e-10,0.2195713371038437,0.015162616036832333,-0.42632028460502625;0.34629541635513306,-0.12395428121089935,0.031955279409885406,-0.045362602919340134
;-84.50450134277344;-0.000006633755219809245,1.2975183594221562e-8,-0.0024308948777616024,-0.007666893303394318;2.6209115433495356e-10,0.21956634521484375,0.015089201740920544,-0.426019549369812;0.3460544943809509,-0.12396059185266495,0.031939029693603516,-0.04536302760243416
;-84.50601196289062;-0.000006635519639530685,1.2959590733885307e-8,-0.002432292327284813,-0.007633284665644169;2.6177876533139965e-10,0.21956133842468262,0.015016118064522743,-0.42571884393692017;0.3458136320114136,-0.12396690994501114,0.03192277252674103,-0.04536345973610878
;-84.50752258300781;-0.000006637257683905773,1.2944012972582186e-8,-0.002433688845485449,-0.0075998324900865555;2.614668204170556e-10,0.21955636143684387,0.014943369664251804,-0.42541810870170593;0.3455725312232971,-0.12397322803735733,0.03190651535987854,-0.045363884419202805
;-84.509033203125;-0.000006638959803240141,1.2928449422133781e-8,-0.0024350821040570736,-0.007566533982753754;2.6115504203616524e-10,0.21955136954784393,0.014870947226881981,-0.4251173436641693;0.3453314006328583,-0.12397955358028412,0.031890250742435455,-0.04536430910229683
;-84.51054382324219;-0.000006640646461164579,1.291290008254009e-8,-0.0024364746641367674,-0.007533388677984476;2.6084340243315296e-10,0.2195463925600052,0.01479885634034872,-0.4248165786266327;0.34509018063545227,-0.1239858865737915,0.031873978674411774,-0.045364733785390854
;-84.51205444335938;-0.000006642314929194981,1.2897362289265857e-8,-0.0024378641974180937,-0.0075003947131335735;2.6053187385244314e-10,0.21954140067100525,0.014727091416716576,-0.42451584339141846;0.3448488116264343,-0.12399221956729889,0.031857702881097794,-0.04536516219377518
;-84.51356506347656;-0.000006643948836426716,1.2881839595024758e-8,-0.002439250936731696,-0.007467553019523621;2.6022053956076263e-10,0.2195364385843277,0.014655656181275845,-0.42421501874923706;0.3446073532104492,-0.12399855256080627,0.03184141963720322,-0.0453655868768692
;-84.51506805419922;-0.000006645563644269714,1.2866329335281534e-8,-0.002440635347738862,-0.0074348594062030315;2.599093162913846e-10,0.21953138709068298,0.014584542252123356,-0.42391422390937805;0.34436577558517456,-0.12400489300489426,0.03182513266801834,-0.045366011559963226
;-84.51656341552734;-0.000006647209829679923,1.2850954966836525e-8,-0.0024420188274234533,-0.0074023096822202206;2.596013959355048e-10,0.2195265144109726,0.014513891190290451,-0.4236132800579071;0.3441265821456909,-0.12401122599840164,0.03180883824825287,-0.04536643251776695
;-84.51805877685547;-0.0000066488382799434476,1.2835595697424651e-8,-0.00244340137578547,-0.0073699126951396465;2.5929358660192747e-10,0.21952159702777863,0.014443560503423214,-0.42331236600875854;0.3438873291015625,-0.12401756644248962,0.0317925363779068,-0.04536685347557068
;-84.5195541381836;-0.000006650437626376515,1.2820248862510653e-8,-0.0024447820615023375,-0.007337661925703287;2.5898599931295507e-10,0.21951662003993988,0.014373552985489368,-0.4230114221572876;0.34364789724349976,-0.1240239068865776,0.03177623078227043,-0.045367274433374405
;-84.52104949951172;-0.000006652011052210582,1.280491446209453e-8,-0.0024461611174046993,-0.007305558770895004;2.586781067126509e-10,0.2195117026567459,0.014303859323263168,-0.42271044850349426;0.3434084355831146,-0.12403025478124619,0.031759921461343765,-0.04536769166588783
;-84.52254486083984;-0.000006653566288150614,1.2789595160711542e-8,-0.0024475373793393373,-0.007273602299392223;2.5837076922385904e-10,0.21950678527355194,0.014234485104680061,-0.42240962386131287;0.34316882491111755,-0.12403661012649536,0.0317436046898365,-0.04536811634898186
;-84.52404022216797;-0.000006655093329754891,1.2774285629291171e-8,-0.002448911080136895,-0.007241793908178806;2.5806351500179403e-10,0.2195018231868744,0.014165425673127174,-0.42210856080055237;0.3429291546344757,-0.12404295802116394,0.03172728046774864,-0.045368537306785583
;-84.5255355834961;-0.000006656593996012816,1.2758989420547096e-8,-0.002450283383950591,-0.00721013406291604;2.5775648282433394e-10,0.21949686110019684,0.014096681028604507,-0.42180758714675903;0.3426893651485443,-0.12404931336641312,0.03171095252037048,-0.04536895826458931
;-84.52703094482422;-0.0000066580705606611446,1.2743703869944056e-8,-0.002451653592288494,-0.007178616244345903;2.574495061580251e-10,0.21949195861816406,0.014028248377144337,-0.4215065836906433;0.34244945645332336,-0.12405567616224289,0.03169461712241173,-0.045369379222393036
;-84.52852630615234;-0.000006659526661678683,1.2728431642017313e-8,-0.0024530200753360987,-0.007147241849452257;2.571426960251699e-10,0.21948698163032532,0.013960128650069237,-0.4212055802345276;0.3422095477581024,-0.12406204640865326,0.031678274273872375,-0.04536980018019676
;-84.53002166748047;-0.000006660955932602519,1.2713170960410025e-8,-0.0024543851613998413,-0.007116013206541538;2.5683599691461723e-10,0.21948206424713135,0.013892319053411484,-0.4209044873714447;0.34196943044662476,-0.12406840920448303,0.031661927700042725,-0.04537022486329079
;-84.5315170288086;-0.0000066623606471694075,1.2697920936943774e-8,-0.00245574745349586,-0.0070849270559847355;2.5652913127061083e-10,0.21947713196277618,0.013824820518493652,-0.420603483915329;0.3417292535305023,-0.124074786901474,0.03164557367563248,-0.04537064582109451
;-84.53299713134766;-0.000006663768544967752,1.2682741967751099e-8,-0.0024571074172854424,-0.007053980603814125;2.562242917836244e-10,0.21947218477725983,0.013757693581283092,-0.4203023910522461;0.3414901793003082,-0.12408115714788437,0.03162921592593193,-0.04537105932831764
;-84.53447723388672;-0.00000666518872094457,1.2667637605545679e-8,-0.0024584673810750246,-0.007023171987384558;2.559212008979017e-10,0.21946735680103302,0.013690940104424953,-0.42000120878219604;0.34125226736068726,-0.12408753484487534,0.031612854450941086,-0.04537148028612137
;-84.53595733642578;-0.000006666584795311792,1.2652546566016554e-8,-0.002459825249388814,-0.00699250353500247;2.556181932789059e-10,0.21946245431900024,0.013624490238726139,-0.419700026512146;0.3410142660140991,-0.1240939050912857,0.031596481800079346,-0.045371897518634796
;-84.53743743896484;-0.000006667957677564118,1.2637465296450046e-8,-0.0024611814878880978,-0.006961976643651724;2.5531535219336376e-10,0.21945758163928986,0.0135583421215415,-0.41939878463745117;0.34077614545822144,-0.12410029023885727,0.031580112874507904,-0.045372311025857925
;-84.5389175415039;-0.000006669308731943602,1.2622395573202994e-8,-0.0024625356309115887,-0.006931588985025883;2.550122890632167e-10,0.21945267915725708,0.013492496684193611,-0.4190976023674011;0.3405379354953766,-0.12410666793584824,0.03156372904777527,-0.04537272825837135
;-84.54039764404297;-0.000006670646143902559,1.2607337396275398e-8,-0.0024638879112899303,-0.006901344284415245;2.5470972553343074e-10,0.21944783627986908,0.013426952064037323,-0.4187963902950287;0.3402996063232422,-0.1241130530834198,0.031547341495752335,-0.04537314549088478
;-84.54187774658203;-0.0000066719489950628486,1.2592289877488838e-8,-0.0024652378633618355,-0.006871236953884363;2.5440727302594723e-10,0.2194429188966751,0.013361704535782337,-0.41849514842033386;0.340061217546463,-0.12411945313215256,0.0315309502184391,-0.04537356644868851
;-84.5433578491211;-0.0000066732268351188395,1.2577253905021735e-8,-0.0024665857199579477,-0.006841267459094524;2.541049592963418e-10,0.21943801641464233,0.013296756893396378,-0.4181939363479614;0.3398227095603943,-0.12412584573030472,0.03151455149054527,-0.045373979955911636
;-84.54483795166016;-0.000006674485575786093,1.2562229478874087e-8,-0.002467930084094405,-0.006811435334384441;2.5380275658903884e-10,0.21943317353725433,0.013232104480266571,-0.417912095785141;0.3395841121673584,-0.12413189560174942,0.031499169766902924,-0.045374397188425064
;-84.54631805419922;-0.000006675718850601697,1.2547213934510637e-8,-0.002469272818416357,-0.006781740114092827;2.535003873482822e-10,0.21942825615406036,0.013167748227715492,-0.41763025522232056;0.3393453359603882,-0.12413795292377472,0.031483788043260574,-0.04537481442093849
;-84.54779815673828;-0.0000066769280238077044,1.2532208160109803e-8,-0.002470613457262516,-0.006752179469913244;2.53198489952311e-10,0.21942336857318878,0.013103686273097992,-0.41732898354530334;0.33910661935806274,-0.12414435297250748,0.03146737441420555,-0.04537522792816162
;-84.54927062988281;-0.0000066781130954041146,1.2517211267493167e-8,-0.0024719510693103075,-0.0067227561958134174;2.5289670357864225e-10,0.2194184958934784,0.013039915822446346,-0.4170472025871277;0.338867723941803,-0.12415042519569397,0.03145197406411171,-0.04537564516067505
;-84.55073547363281;-0.00000667934182274621,1.2502349377996325e-8,-0.0024732882156968117,-0.006693459581583738;2.5259822011847177e-10,0.2194136679172516,0.012976564466953278,-0.41674578189849854;0.33863121271133423,-0.12415683269500732,0.03143554925918579,-0.04537606239318848
;-84.55220031738281;-0.000006680545993731357,1.2487499034818939e-8,-0.0024746237322688103,-0.006664297543466091;2.5229951461369637e-10,0.21940883994102478,0.01291349995881319,-0.41646379232406616;0.33839455246925354,-0.12416289001703262,0.03142014518380165,-0.04537647217512131
;-84.55366516113281;-0.0000066817383412853815,1.2472658461604169e-8,-0.0024759583175182343,-0.006635268684476614;2.520012531981308e-10,0.21940399706363678,0.012850725091993809,-0.41620123386383057;0.33815786242485046,-0.12416861206293106,0.03140576183795929,-0.04537688568234444
;-84.55513000488281;-0.000006682897947030142,1.2457829434708856e-8,-0.002477290341630578,-0.006606372073292732;2.5170310280486774e-10,0.21939916908740997,0.012788237072527409,-0.4158998131752014;0.33792102336883545,-0.12417501956224442,0.03138931840658188,-0.04537729546427727
;-84.55657958984375;-0.000006684073923679534,1.2443071462087119e-8,-0.0024786212015897036,-0.006577606312930584;2.5140636794596105e-10,0.21939438581466675,0.01272609457373619,-0.41563716530799866;0.33768537640571594,-0.12418074160814285,0.03137492388486862,-0.0453777052462101
;-84.55802917480469;-0.000006685252174065681,1.2428386320095797e-8,-0.0024799504317343235,-0.006548968609422445;2.511116314884987e-10,0.21938961744308472,0.01266429852694273,-0.4153744876384735;0.3374508321285248,-0.1241864562034607,0.031360529363155365,-0.04537811502814293
;-84.5594711303711;-0.000006686403594358126,1.2413711836245511e-8,-0.002481279196217656,-0.006520462222397327;2.508170338089144e-10,0.21938484907150269,0.012602781876921654,-0.415111780166626;0.33721616864204407,-0.12419218569993973,0.03134612739086151,-0.04537852108478546
;-84.56090545654297;-0.00000668761140332208,1.239917324369344e-8,-0.002482607029378414,-0.0064920783042907715;2.5052532270919414e-10,0.21938008069992065,0.012541670352220535,-0.4148489832878113;0.33698391914367676,-0.12419790029525757,0.03133172169327736,-0.045378923416137695
;-84.56233978271484;-0.000006688784651487367,1.2384644421103985e-8,-0.002483934862539172,-0.006463824305683374;2.5023411120983496e-10,0.2193753868341446,0.012480834499001503,-0.4145861864089966;0.3367516100406647,-0.12420361489057541,0.03131730854511261,-0.04537932574748993
;-84.56375885009766;-0.0000066899733610625844,1.2370190205501785e-8,-0.0024852610658854246,-0.006435697432607412;2.4994425973368095e-10,0.21937067806720734,0.012420336715877056,-0.4143233597278595;0.33652037382125854,-0.12420933693647385,0.03130289539694786,-0.04537972807884216
;-84.56517791748047;-0.0000066911784415424336,1.235580970870842e-8,-0.002486587967723608,-0.006407694425433874;2.4965637890339565e-10,0.21936602890491486,0.01236017607152462,-0.4140603542327881;0.3362903296947479,-0.12421505898237228,0.031288474798202515,-0.0453801266849041
;-84.56659698486328;-0.0000066923444137501065,1.2341443422769771e-8,-0.0024879141710698605,-0.0063798208720982075;2.4936833153965665e-10,0.2193613201379776,0.012300288304686546,-0.41379743814468384;0.33606019616127014,-0.12422076612710953,0.03127405419945717,-0.04538052901625633
;-84.56800079345703;-0.000006693529030599166,1.2327149967461537e-8,-0.0024892387446016073,-0.006352071184664965;2.49082282577362e-10,0.2193566858768463,0.012240732088685036,-0.4135344326496124;0.3358311653137207,-0.12422648817300797,0.03125962242484093,-0.04538092389702797
;-84.56940460205078;-0.000006694730927847559,1.2312931119140558e-8,-0.0024905630853027105,-0.006324445828795433;2.4879753812712124e-10,0.21935208141803741,0.012181506492197514,-0.41327136754989624;0.3356032967567444,-0.1242322027683258,0.031245190650224686,-0.045381322503089905
;-84.57080841064453;-0.000006695897809549933,1.2298725593495874e-8,-0.0024918867275118828,-0.0062969462014734745;2.485133210328172e-10,0.21934744715690613,0.012122551910579205,-0.41300836205482483;0.3353753685951233,-0.12423791736364365,0.031230751425027847,-0.04538171738386154
;-84.57219696044922;-0.000006697091066598659,1.2284593786660025e-8,-0.002493208972737193,-0.006269570905715227;2.482304362061427e-10,0.21934287250041962,0.01206392515450716,-0.4127451479434967;0.3351486027240753,-0.12424363940954208,0.03121631219983101,-0.04538210481405258
;-84.5735855102539;-0.000006698275683447719,1.2270536586811431e-8,-0.002494531450793147,-0.006242317147552967;2.4794952202533693e-10,0.2193382829427719,0.012005623430013657,-0.41248196363449097;0.3349229395389557,-0.12424935400485992,0.031201863661408424,-0.04538249969482422
;-84.5749740600586;-0.000006699455298075918,1.2256492709639133e-8,-0.0024958522990345955,-0.006215187720954418;2.4766838579992623e-10,0.2193337231874466,0.01194758526980877,-0.41221874952316284;0.33469724655151367,-0.12425507605075836,0.03118741326034069,-0.04538288712501526
;-84.57635498046875;-0.000006700608082610415,1.224246393149997e-8,-0.0024971719831228256,-0.0061881826259195805;2.473874161079692e-10,0.21932916343212128,0.011889810673892498,-0.41195547580718994;0.33447134494781494,-0.1242607906460762,0.03117295540869236,-0.0453832782804966
;-84.57772827148438;-0.000006701802249153843,1.2228568380123761e-8,-0.002498491434380412,-0.006161294411867857;2.471099713741154e-10,0.21932469308376312,0.01183241605758667,-0.41169220209121704;0.33424797654151917,-0.12426651269197464,0.03115849755704403,-0.04538366198539734
;-84.5791015625;-0.000006702977316308534,1.2214686151423848e-8,-0.0024998101871460676,-0.0061345286667346954;2.46832276840081e-10,0.2193201631307602,0.011775283142924309,-0.41142886877059937;0.33402442932128906,-0.12427222728729248,0.0311440322548151,-0.04538404941558838
;-84.58047485351562;-0.000006704135103063891,1.220081902175707e-8,-0.002501127542927861,-0.006107886787503958;2.4655474883950035e-10,0.21931563317775726,0.011718410067260265,-0.4111654758453369;0.3338008224964142,-0.12427795678377151,0.031129565089941025,-0.04538443684577942
;-84.58184814453125;-0.000006705251053062966,1.2186966102945007e-8,-0.0025024437345564365,-0.006081365514546633;2.462776371725539e-10,0.21931113302707672,0.01166179683059454,-0.41090211272239685;0.3335771858692169,-0.12428367137908936,0.03111509047448635,-0.04538482427597046
;-84.58320617675781;-0.000006706399290123954,1.217318512658494e-8,-0.0025037580635398626,-0.006054964382201433;2.4600188552881264e-10,0.21930664777755737,0.011605496518313885,-0.410638689994812;0.3333546221256256,-0.12428940087556839,0.03110061027109623,-0.0453852042555809
;-84.58456420898438;-0.00000670755116516375,1.2159477869033708e-8,-0.0025050726253539324,-0.006028680130839348;2.457277714640327e-10,0.21930217742919922,0.0115495091304183,-0.4103752076625824;0.3331332802772522,-0.12429513037204742,0.03108612820506096,-0.045385584235191345
;-84.58592224121094;-0.000006708683940814808,1.2145785710515611e-8,-0.0025063850916922092,-0.0060025169514119625;2.4545382393270643e-10,0.21929772198200226,0.011493776924908161,-0.41011175513267517;0.33291181921958923,-0.12430084496736526,0.03107164055109024,-0.04538596794009209
;-84.5872802734375;-0.000006709792614856269,1.213210509831697e-8,-0.0025076959282159805,-0.005976472515612841;2.451799041569558e-10,0.2192932665348053,0.011438299901783466,-0.40984827280044556;0.3326903283596039,-0.1243065744638443,0.031057149171829224,-0.04538634791970253
;-84.58863830566406;-0.000006710884008498397,1.2118436920616205e-8,-0.002509004669263959,-0.0059505486860871315;2.4490651173714184e-10,0.21928879618644714,0.011383073404431343,-0.409584641456604;0.3324686884880066,-0.12431231141090393,0.03104265220463276,-0.04538672789931297
;-84.58998107910156;-0.000006711979494866682,1.2104842461724274e-8,-0.00251031294465065,-0.0059247394092381;2.446343683182306e-10,0.21928437054157257,0.011328156106173992,-0.4093210995197296;0.3322482109069824,-0.12431803345680237,0.031028155237436295,-0.045387111604213715
;-84.59132385253906;-0.000006713087259413442,1.209132172164118e-8,-0.002511619357392192,-0.005899045150727034;2.4436394574500753e-10,0.2192799597978592,0.01127354335039854,-0.40905749797821045;0.33202892541885376,-0.1243237629532814,0.031013645231723785,-0.04538748785853386
;-84.59266662597656;-0.000006714190021739341,1.207781430423438e-8,-0.00251292553730309,-0.005873469635844231;2.440936064385113e-10,0.2192755788564682,0.011219180189073086,-0.4087938666343689;0.33180952072143555,-0.12432949990034103,0.030999135226011276,-0.045387864112854004
;-84.59400939941406;-0.000006715259587508626,1.2064319321325456e-8,-0.0025142293889075518,-0.005848011001944542;2.4382337815431754e-10,0.21927116811275482,0.01116506289690733,-0.40853023529052734;0.33159002661705017,-0.12433523684740067,0.03098462149500847,-0.04538824036717415
;-84.59535217285156;-0.000006716311418131227,1.2050836772914408e-8,-0.0025155325420200825,-0.005822667386382818;2.43553566203758e-10,0.21926677227020264,0.011111192405223846,-0.4082859754562378;0.33137059211730957,-0.12434061616659164,0.030971143394708633,-0.04538862034678459
;-84.5966796875;-0.000006717363248753827,1.2037426166955356e-8,-0.0025168333668261766,-0.005797437392175198;2.4328508652082803e-10,0.21926237642765045,0.011057625524699688,-0.40802228450775146;0.3311521112918854,-0.12434635311365128,0.03095662035048008,-0.04538898915052414
;-84.59800720214844;-0.000006718448275933042,1.2024089279805139e-8,-0.0025181344244629145,-0.005772319622337818;2.430182999280106e-10,0.21925796568393707,0.011004352942109108,-0.407758504152298;0.33093491196632385,-0.12435209006071091,0.03094208799302578,-0.045389365404844284
;-84.59933471679688;-0.000006719496923324186,1.2010764827152798e-8,-0.0025194333866238594,-0.005747316870838404;2.4275159660192003e-10,0.21925358474254608,0.010951324366033077,-0.4074946939945221;0.33071762323379517,-0.12435782700777054,0.03092755749821663,-0.04538973793387413
;-84.60066223144531;-0.000006720525107084541,1.1997452808998332e-8,-0.002520731883123517,-0.005722428672015667;2.424849765425563e-10,0.2192491590976715,0.010898537002503872,-0.407230943441391;0.33050015568733215,-0.12436356395483017,0.03091301955282688,-0.045390114188194275
;-84.60198974609375;-0.000006721537374687614,1.1984153225341743e-8,-0.0025220282841473818,-0.005697655025869608;2.4221849526107064e-10,0.2192448526620865,0.010845988057553768,-0.4069671034812927;0.33028271794319153,-0.1243693083524704,0.030898479744791985,-0.04539048671722412
;-84.60331726074219;-0.000006722528723912546,1.197086429982619e-8,-0.002523323055356741,-0.005672995001077652;2.4195209724631184e-10,0.2192404568195343,0.010793682187795639,-0.40670332312583923;0.33006522059440613,-0.12437505275011063,0.03088393434882164,-0.045390862971544266
;-84.60464477539062;-0.000006723512342432514,1.1957586920630092e-8,-0.002524614566937089,-0.005648447200655937;2.416858102538555e-10,0.21923603117465973,0.010741612873971462,-0.4064394533634186;0.3298475444316864,-0.12438080459833145,0.030869385227560997,-0.04539123550057411
;-84.60597229003906;-0.00000672445958116441,1.1944321087753451e-8,-0.0025259044487029314,-0.005624011624604464;2.414196342837016e-10,0.21923166513442993,0.010689781978726387,-0.4061756730079651;0.3296298086643219,-0.12438656389713287,0.030854828655719757,-0.04539161175489426
;-84.6072998046875;-0.000006725390903739026,1.1931065024839427e-8,-0.002527192234992981,-0.0055996873416006565;2.411535693358502e-10,0.21922728419303894,0.010638188570737839,-0.40591180324554443;0.329412043094635,-0.1243923157453537,0.030840270221233368,-0.045391980558633804
;-84.60861206054688;-0.000006726338597218273,1.1917879128020559e-8,-0.0025284786242991686,-0.005575468763709068;2.408891419669601e-10,0.21922290325164795,0.010586882010102272,-0.4056479036808014;0.32919541001319885,-0.12439806759357452,0.030825704336166382,-0.04539235308766365
;-84.60992431640625;-0.0000067272949308971874,1.1904767838188945e-8,-0.0025297636166214943,-0.005551358684897423;2.4062637993260694e-10,0.21921850740909576,0.010535863228142262,-0.40538397431373596;0.3289799690246582,-0.12440382689237595,0.030811136588454247,-0.0453927256166935
;-84.61123657226562;-0.000006728225798724452,1.1891667206498369e-8,-0.0025310476776212454,-0.005527355708181858;2.40363673409405e-10,0.21921423077583313,0.010485075414180756,-0.40512004494667053;0.3287644386291504,-0.12440958619117737,0.030796565115451813,-0.045393094420433044
;-84.612548828125;-0.000006729156211804366,1.1878577232948828e-8,-0.002532330574467778,-0.005503466818481684;2.4010110566408116e-10,0.21920987963676453,0.010434520430862904,-0.4048560559749603;0.3285488486289978,-0.12441534548997879,0.030781984329223633,-0.04539346322417259
;-84.61386108398438;-0.0000067300502450962085,1.1865497029361904e-8,-0.0025336118414998055,-0.005479686427861452;2.3983864894105977e-10,0.2192055732011795,0.010384193621575832,-0.4045920670032501;0.3283330798149109,-0.12442110478878021,0.030767401680350304,-0.04539383575320244
;-84.61517333984375;-0.000006730928816978121,1.1852427483916017e-8,-0.0025348912458866835,-0.005456014536321163;2.3957627548476523e-10,0.2192012369632721,0.010334099642932415,-0.4043280780315399;0.328117311000824,-0.12442687898874283,0.030752817168831825,-0.045394204556941986
;-84.61648559570312;-0.0000067317969296709634,1.1839367708432746e-8,-0.002536167623475194,-0.005432451609522104;2.3931434611768054e-10,0.2191968560218811,0.010284232906997204,-0.4040640592575073;0.3279014527797699,-0.12443263828754425,0.03073822520673275,-0.04539457708597183
;-84.6177978515625;-0.0000067326377575227525,1.1826316814733673e-8,-0.00253744306974113,-0.0054089962504804134;2.390521669504153e-10,0.21919259428977966,0.010234593413770199,-0.40380001068115234;0.32768550515174866,-0.12443841248750687,0.030723627656698227,-0.04539494216442108
;-84.61911010742188;-0.000006733454483764945,1.1813276579175636e-8,-0.0025387154892086983,-0.0053856465965509415;2.3879012656102816e-10,0.21918819844722748,0.01018518302589655,-0.40353596210479736;0.32746952772140503,-0.12444419413805008,0.030709026381373405,-0.04539531469345093
;-84.62042236328125;-0.000006734264388796873,1.1800246113580215e-8,-0.0025399860460311174,-0.005362405441701412;2.3852814168279224e-10,0.21918387711048126,0.010135996155440807,-0.40327197313308716;0.3272533714771271,-0.1244499683380127,0.030694423243403435,-0.04539567977190018
;-84.62173461914062;-0.0000067350474637351,1.1787222753412152e-8,-0.0025412547402083874,-0.005339269991964102;2.382662955824344e-10,0.21917958557605743,0.010087036527693272,-0.4030078649520874;0.32703718543052673,-0.12445574998855591,0.030679810792207718,-0.04539605230093002
;-84.62303161621094;-0.0000067358460000832565,1.1774270447517665e-8,-0.002542521571740508,-0.005316236987709999;2.380060870610379e-10,0.21917523443698883,0.010038349777460098,-0.4027632474899292;0.3268222212791443,-0.12446117401123047,0.03066624142229557,-0.04539642110466957
;-84.62432861328125;-0.000006736651812389027,1.1761389195896754e-8,-0.0025437879376113415,-0.005293307360261679;2.377475161186027e-10,0.2191709578037262,0.009989936836063862,-0.40249910950660706;0.3266083598136902,-0.12446694821119308,0.030651623383164406,-0.04539678245782852
;-84.62562561035156;-0.000006737450348737184,1.174851771423846e-8,-0.0025450524408370256,-0.0052704825066030025;2.3748872313156255e-10,0.21916666626930237,0.009941743686795235,-0.4022543728351593;0.3263944685459137,-0.12447237968444824,0.03063804656267166,-0.04539715126156807
;-84.62692260742188;-0.000006738219781254884,1.1735654226185943e-8,-0.0025463164784014225,-0.005247761495411396;2.3723034647815666e-10,0.21916238963603973,0.009893771260976791,-0.40200966596603394;0.32618048787117004,-0.1244778037071228,0.03062446229159832,-0.04539751261472702
;-84.62821960449219;-0.000006738983756804373,1.1722801396274463e-8,-0.002547578187659383,-0.005225144326686859;2.3697208084705323e-10,0.2191580981016159,0.009846017695963383,-0.4017649292945862;0.32596638798713684,-0.12448323518037796,0.03061087615787983,-0.04539788141846657
;-84.62950897216797;-0.000006739714081049897,1.1709958336325599e-8,-0.002548837335780263,-0.00520262960344553;2.3671392623825227e-10,0.21915386617183685,0.009798482060432434,-0.4015202522277832;0.3257521986961365,-0.12448866665363312,0.03059728443622589,-0.04539824649691582
;-84.63079071044922;-0.000006740503067703685,1.1697243174069172e-8,-0.0025500962510704994,-0.00518021360039711;2.3645888025392026e-10,0.21914957463741302,0.009751265868544579,-0.4012753367424011;0.3255405128002167,-0.12449408322572708,0.030583688989281654,-0.04539860785007477
;-84.63207244873047;-0.000006741259312548209,1.168454044631062e-8,-0.002551354467868805,-0.005157899111509323;2.362039730474663e-10,0.21914535760879517,0.009704262018203735,-0.40105000138282776;0.3253287374973297,-0.12449916452169418,0.030571136623620987,-0.04539896920323372
;-84.63333892822266;-0.000006742036021023523,1.1671907884647226e-8,-0.002552612219005823,-0.005135684739798307;2.359506756643981e-10,0.21914120018482208,0.009657521732151508,-0.40082457661628723;0.32511815428733826,-0.12450423091650009,0.03055858239531517,-0.04539932683110237
;-84.63460540771484;-0.0000067428313741402235,1.1659345489078987e-8,-0.002553869504481554,-0.005113567691296339;2.3569898810471557e-10,0.21913698315620422,0.009611045010387897,-0.40059903264045715;0.32490870356559753,-0.124509297311306,0.030546022579073906,-0.045399680733680725
;-84.63587188720703;-0.000006743606718373485,1.1646794639830205e-8,-0.0025551270227879286,-0.005091553088277578;2.354474393229111e-10,0.21913282573223114,0.009564776904881,-0.4003540575504303;0.32469919323921204,-0.12451471388339996,0.030532412230968475,-0.04540003836154938
;-84.63712310791016;-0.000006744396614521975,1.1634313068498159e-8,-0.002556383144110441,-0.005069635808467865;2.35197167297585e-10,0.21912866830825806,0.009518771432340145,-0.4001285135746002;0.32449084520339966,-0.12451978027820587,0.030519846826791763,-0.04540039598941803
;-84.63837432861328;-0.0000067451983341015875,1.1621903439618109e-8,-0.0025576387997716665,-0.005047815386205912;2.3494881040697635e-10,0.21912457048892975,0.009473023004829884,-0.3999028503894806;0.32428374886512756,-0.12452483922243118,0.030507277697324753,-0.04540074244141579
;-84.63961791992188;-0.000006745970949850744,1.1609506245235934e-8,-0.002558894222602248,-0.0050260950811207294;2.347006200498214e-10,0.21912042796611786,0.009427483193576336,-0.39967721700668335;0.3240765333175659,-0.12452991306781769,0.030494702979922295,-0.04540109634399414
;-84.64086151123047;-0.00000674677949064062,1.1597180105127336e-8,-0.0025601487141102552,-0.005004470702260733;2.3445367869356915e-10,0.21911631524562836,0.009382198564708233,-0.39943209290504456;0.32387053966522217,-0.12453533709049225,0.03048108145594597,-0.045401446521282196
;-84.64209747314453;-0.000006747591214661952,1.1584925019292314e-8,-0.002561403438448906,-0.0049829427152872086;2.3420868022761e-10,0.21911227703094482,0.009337168186903,-0.3991674482822418;0.32366570830345154,-0.12454111874103546,0.03046640381217003,-0.04540179297327995
;-84.6433334350586;-0.000006748373834852828,1.1572682367955167e-8,-0.002562656532973051,-0.004961513914167881;2.339637650283777e-10,0.2191081941127777,0.009292340837419033,-0.39894166588783264;0.32346078753471375,-0.12454618513584137,0.030453819781541824,-0.04540214315056801
;-84.64456939697266;-0.0000067491514528228436,1.1560450374759057e-8,-0.002563909161835909,-0.0049401819705963135;2.3371865554011606e-10,0.21910414099693298,0.009247718378901482,-0.39871588349342346;0.32325583696365356,-0.12455124408006668,0.03044123202562332,-0.04540248587727547
;-84.64579772949219;-0.000006749910880898824,1.1548229039703983e-8,-0.002565160160884261,-0.004918947350233793;2.3347390687433744e-10,0.21910005807876587,0.009203298948705196,-0.39849013090133667;0.3230508267879486,-0.12455632537603378,0.03042864054441452,-0.04540283605456352
;-84.64701843261719;-0.000006750714874215191,1.1536139155055025e-8,-0.0025664109271019697,-0.00489780493080616;2.332322945886034e-10,0.21909603476524353,0.009159177541732788,-0.39826422929763794;0.32284820079803467,-0.1245613843202591,0.03041604720056057,-0.04540318250656128
;-84.64823913574219;-0.000006751500677637523,1.1524061704903943e-8,-0.0025676609948277473,-0.004876758437603712;2.3299048801384004e-10,0.21909204125404358,0.009115255437791348,-0.3980383574962616;0.32264551520347595,-0.124566450715065,0.03040345013141632,-0.04540352150797844
;-84.64945220947266;-0.00000675226874591317,1.1511994912893897e-8,-0.0025689091999083757,-0.004855808336287737;2.327490977727109e-10,0.21908798813819885,0.0090715317055583,-0.3978124260902405;0.32244277000427246,-0.12457151710987091,0.030390849336981773,-0.0454038642346859
;-84.6506576538086;-0.000006753082743671257,1.1500059571289967e-8,-0.002570157637819648,-0.004834948573261499;2.3251046921135554e-10,0.2190840244293213,0.009028102271258831,-0.3975864052772522;0.32224252820014954,-0.12457657605409622,0.030378244817256927,-0.04540420323610306
;-84.65186309814453;-0.000006753877642040607,1.1488135776005493e-8,-0.002571405377238989,-0.004814183805137873;2.3227229861699783e-10,0.21908006072044373,0.008984869346022606,-0.3973604440689087;0.32204222679138184,-0.12458163499832153,0.030365636572241783,-0.04540454223752022
;-84.65306854248047;-0.000006754673449904658,1.1476224415218894e-8,-0.002572652418166399,-0.004793514031916857;2.3203415577821573e-10,0.21907614171504974,0.0089418338611722,-0.3971344530582428;0.321841835975647,-0.12458670139312744,0.03035302646458149,-0.04540488123893738
;-84.65426635742188;-0.000006755434242222691,1.1464322824394912e-8,-0.00257389759644866,-0.004772938322275877;2.3179583252819214e-10,0.2190721482038498,0.008898992091417313,-0.3969084322452545;0.32164132595062256,-0.12459176778793335,0.030340412631630898,-0.04540522024035454
;-84.65545654296875;-0.0000067562414187705144,1.1452554460333886e-8,-0.002575143240392208,-0.004752451088279486;2.315606179026375e-10,0.21906821429729462,0.008856439962983131,-0.3966822922229767;0.3214432895183563,-0.12459682673215866,0.030327795073390007,-0.0454055555164814
;-84.65664672851562;-0.000006757028131687548,1.1440796754413896e-8,-0.0025763874873518944,-0.004732058383524418;2.3132577797735365e-10,0.21906433999538422,0.008814079686999321,-0.39645615220069885;0.3212452232837677,-0.12460189312696457,0.030315173789858818,-0.04540589079260826
;-84.6578369140625;-0.0000067578030211734585,1.1429050594813361e-8,-0.0025776312686502934,-0.004711758345365524;2.3109075764082831e-10,0.21906043589115143,0.008771911263465881,-0.39622995257377625;0.3210470974445343,-0.12460695952177048,0.03030254878103733,-0.045406222343444824
;-84.65901947021484;-0.000006758569725207053,1.1417315093353864e-8,-0.002578873187303543,-0.004691549576818943;2.3085608424899817e-10,0.21905648708343506,0.008729934692382812,-0.3960038423538208;0.32084888219833374,-0.12461203336715698,0.030289920046925545,-0.045406557619571686
;-84.66019439697266;-0.00000675937371852342,1.1405711930478901e-8,-0.0025801146402955055,-0.00467142928391695;2.3062422804809302e-10,0.21905264258384705,0.008688240312039852,-0.3957776129245758;0.32065314054489136,-0.1246170923113823,0.03027728945016861,-0.04540688544511795
;-84.66136932373047;-0.000006760156338714296,1.1394120313923395e-8,-0.002581356093287468,-0.00465140026062727;2.3039277430303429e-10,0.21904879808425903,0.008646734990179539,-0.39555129408836365;0.3204573094844818,-0.1246221587061882,0.030264653265476227,-0.045407216995954514
;-84.66254425048828;-0.000006760934866179014,1.1382539355508925e-8,-0.0025825961492955685,-0.004631462972611189;2.3016109851337063e-10,0.21904492378234863,0.008605415932834148,-0.39532503485679626;0.3202614486217499,-0.12462722510099411,0.030252017080783844,-0.04540754482150078
;-84.6637191772461;-0.000006761682925571222,1.1370969943413911e-8,-0.0025838352739810944,-0.00461161695420742;2.2992949211264602e-10,0.21904109418392181,0.00856428686529398,-0.3950987458229065;0.3200654089450836,-0.12463229149580002,0.030239371582865715,-0.04540787637233734
;-84.66488647460938;-0.000006762415978300851,1.1359410301281514e-8,-0.0025850727688521147,-0.004591860808432102;2.2969827428998002e-10,0.2190372496843338,0.008523344993591309,-0.3948724865913391;0.3198694586753845,-0.12463735789060593,0.030226726084947586,-0.045408207923173904
;-84.66604614257812;-0.000006763209512428148,1.1347982109555232e-8,-0.0025863090995699167,-0.004572189413011074;2.294698459026634e-10,0.2190334051847458,0.008482676930725574,-0.3946460783481598;0.31967592239379883,-0.12464242428541183,0.03021407686173916,-0.04540853202342987
;-84.66720581054688;-0.000006763972578482935,1.1336564575969987e-8,-0.0025875456631183624,-0.004552608355879784;2.2924154241543704e-10,0.21902962028980255,0.008442195132374763,-0.39441967010498047;0.31948232650756836,-0.12464749813079834,0.030201423913240433,-0.045408859848976135
;-84.66836547851562;-0.000006764730187569512,1.1325158588704198e-8,-0.002588780364021659,-0.004533116705715656;2.2901358587290588e-10,0.21902582049369812,0.008401894941926003,-0.39419326186180115;0.3192886412143707,-0.12465256452560425,0.030188769102096558,-0.0454091839492321
;-84.66952514648438;-0.000006765455964341527,1.1313764147757865e-8,-0.0025900143664330244,-0.004513713531196117;2.287854072857698e-10,0.2190219908952713,0.00836178008466959,-0.3939668834209442;0.3190948963165283,-0.12465763837099075,0.030176112428307533,-0.04540950432419777
;-84.67068481445312;-0.000006766164915461559,1.130237770041731e-8,-0.0025912458077073097,-0.004494399763643742;2.2855733972093617e-10,0.21901820600032806,0.008321844972670078,-0.3937404453754425;0.3189011216163635,-0.12466270476579666,0.030163448303937912,-0.045409832149744034
;-84.67184448242188;-0.000006766874776076293,1.129100279939621e-8,-0.002592475851997733,-0.004475174471735954;2.2832960522300993e-10,0.21901443600654602,0.00828209426254034,-0.3935140073299408;0.3187071979045868,-0.12466778606176376,0.03015078417956829,-0.0454101599752903
;-84.67298889160156;-0.000006767587365175132,1.1279696288113428e-8,-0.0025937044993042946,-0.004456032998859882;2.2810320299271325e-10,0.21901065111160278,0.008242566138505936,-0.3932875394821167;0.31851452589035034,-0.12467285990715027,0.030138114467263222,-0.045410484075546265
;-84.67413330078125;-0.000006768315415683901,1.1268461719282641e-8,-0.0025949326809495687,-0.0044369762763381;2.2787832731907542e-10,0.21900689601898193,0.008203261531889439,-0.39306098222732544;0.3183231055736542,-0.12467793375253677,0.030125441029667854,-0.045410800725221634
;-84.67527770996094;-0.0000067690339164983016,1.1257236032236051e-8,-0.0025961596984416246,-0.004418007098138332;2.2765359042331568e-10,0.2190031260251999,0.008164133876562119,-0.3928344249725342;0.31813162565231323,-0.12468300759792328,0.030112765729427338,-0.0454111248254776
;-84.67642211914062;-0.00000676974104862893,1.1246021003330497e-8,-0.002597385784611106,-0.004399124998599291;2.2742920047225113e-10,0.21899938583374023,0.008125186897814274,-0.39260783791542053;0.31794002652168274,-0.12468808889389038,0.030100086703896523,-0.04541144520044327
;-84.67756652832031;-0.00000677041316521354,1.123481574438756e-8,-0.0025986104737967253,-0.004380327649414539;2.2720461623215726e-10,0.21899564564228058,0.008086415939033031,-0.39238134026527405;0.31774836778640747,-0.12469317018985748,0.03008740395307541,-0.045411765575408936
;-84.6787109375;-0.000006771083008061396,1.1223618479050401e-8,-0.0025998326018452644,-0.004361617378890514;2.2698007362542683e-10,0.21899190545082092,0.008047820068895817,-0.3921547830104828;0.3175566792488098,-0.12469825148582458,0.030074719339609146,-0.0454120859503746
;-84.67985534667969;-0.000006771726020815549,1.1212431871854278e-8,-0.0026010533329099417,-0.0043429904617369175;2.2675564204099885e-10,0.21898812055587769,0.008009401150047779,-0.39192816615104675;0.317364901304245,-0.12470333278179169,0.030062027275562286,-0.04541240632534027
;-84.68099975585938;-0.000006772364940843545,1.1201254146442352e-8,-0.0026022722013294697,-0.00432445015758276;2.2653157127905388e-10,0.21898439526557922,0.007971156388521194,-0.3917015492916107;0.3171730935573578,-0.12470842152833939,0.030049335211515427,-0.04541272670030594
;-84.68214416503906;-0.000006772976576030487,1.1190084414636203e-8,-0.002603488741442561,-0.004305994138121605;2.263072923502918e-10,0.218980610370636,0.007933086715638638,-0.39147499203681946;0.3169811964035034,-0.12471351027488708,0.03003663755953312,-0.045413050800561905
;-84.68327331542969;-0.000006773610039090272,1.1178983072568371e-8,-0.002604704350233078,-0.004287619609385729;2.2608455385597637e-10,0.21897687017917633,0.007895232178270817,-0.39124831557273865;0.31679049134254456,-0.12471860647201538,0.030023938044905663,-0.045413367450237274
;-84.68440246582031;-0.000006774263965780847,1.1167950120238856e-8,-0.0026059187948703766,-0.004269326105713844;2.2586343906283446e-10,0.21897321939468384,0.007857590913772583,-0.39102163910865784;0.3166009783744812,-0.12472368776798248,0.030011234804987907,-0.04541368782520294
;-84.68553161621094;-0.000006774904250050895,1.1156926937871958e-8,-0.002607132541015744,-0.004251115955412388;2.2564268509217555e-10,0.21896952390670776,0.007820121012628078,-0.39079493284225464;0.31641149520874023,-0.12472877651453018,0.029998525977134705,-0.04541400074958801
;-84.68666076660156;-0.000006775524525437504,1.1145914413646096e-8,-0.0026083451230078936,-0.004232988692820072;2.2542169519912392e-10,0.21896584331989288,0.007782820612192154,-0.39056819677352905;0.3162219226360321,-0.12473387271165848,0.029985815286636353,-0.04541432112455368
;-84.68778991699219;-0.000006776117061235709,1.1134908994847592e-8,-0.0026095565408468246,-0.004214944783598185;2.2520080245058693e-10,0.21896210312843323,0.007745690643787384,-0.39034149050712585;0.31603220105171204,-0.12473895400762558,0.02997310273349285,-0.04541463404893875
;-84.68891906738281;-0.000006776708687539212,1.1123912457833285e-8,-0.002610765863209963,-0.004196980968117714;2.2497996521320118e-10,0.21895842254161835,0.0077087292447686195,-0.39011475443840027;0.31584247946739197,-0.12474405020475388,0.029960384592413902,-0.04541495442390442
;-84.69004821777344;-0.000006777285761927487,1.1112922138067916e-8,-0.002611973090097308,-0.004179100040346384;2.2475922512033009e-10,0.21895472705364227,0.007671936880797148,-0.38988804817199707;0.3156527280807495,-0.12474915385246277,0.029947666451334953,-0.04541526734828949
;-84.69117736816406;-0.000006777834187232656,1.1101941588265163e-8,-0.002613178687170148,-0.004161299671977758;2.2453854053861022e-10,0.2189510315656662,0.0076353116892278194,-0.3896612226963043;0.3154628574848175,-0.12475425750017166,0.029934942722320557,-0.04541558399796486
;-84.69230651855469;-0.00000677837488183286,1.1090968143889768e-8,-0.0026143824215978384,-0.004143580328673124;2.2431823065716117e-10,0.21894729137420654,0.007598854135721922,-0.3894345462322235;0.31527289748191833,-0.12475935369729996,0.029922213405370712,-0.04541590064764023
;-84.69343566894531;-0.000006778906026738696,1.108000180494173e-8,-0.0026155845262110233,-0.004125942476093769;2.24097712608895e-10,0.21894362568855286,0.007562562823295593,-0.38920778036117554;0.31508293747901917,-0.12476445734500885,0.02990948222577572,-0.0454162172973156
;-84.69456481933594;-0.000006779404884582618,1.106904345959947e-8,-0.002616784768179059,-0.004108383785933256;2.2387725007178005e-10,0.21893994510173798,0.0075264363549649715,-0.38898101449012756;0.31489288806915283,-0.12476956844329834,0.029896747320890427,-0.04541653394699097
;-84.69569396972656;-0.000006779901923437137,1.1058093107862987e-8,-0.002617982216179371,-0.0040909056551754475;2.2365688467917977e-10,0.2189362347126007,0.007490475662052631,-0.3887541890144348;0.31470271944999695,-0.12477467954158783,0.029884010553359985,-0.045416850596666336
;-84.69682312011719;-0.000006780384410376428,1.1047148085197023e-8,-0.002619178034365177,-0.004073506686836481;2.2343657479773071e-10,0.21893253922462463,0.007454677950590849,-0.38852742314338684;0.31451261043548584,-0.12477978318929672,0.029871268197894096,-0.04541716352105141
;-84.69793701171875;-0.000006780879175494192,1.1036270564090955e-8,-0.002620372921228409,-0.004056184086948633;2.2321783310630394e-10,0.21892885863780975,0.007419084198772907,-0.3883005678653717;0.31432366371154785,-0.12478490173816681,0.029858523979783058,-0.045417480170726776
;-84.69905090332031;-0.000006781391675758641,1.1025460544544785e-8,-0.002621567342430353,-0.004038938786834478;2.2300099267180684e-10,0.21892525255680084,0.007383693940937519,-0.38807374238967896;0.31413593888282776,-0.1247900128364563,0.02984577603638172,-0.04541779309511185
;-84.70016479492188;-0.000006781879619666142,1.1014655854069133e-8,-0.0026227605994790792,-0.004021772183477879;2.227839024371292e-10,0.21892154216766357,0.007348461542278528,-0.38784679770469666;0.3139481246471405,-0.12479512393474579,0.029833024367690086,-0.04541810601949692
;-84.70127868652344;-0.0000067823639255948365,1.1003861821734517e-8,-0.0026239524595439434,-0.0040046838112175465;2.2256690934696621e-10,0.21891789138317108,0.0073133911937475204,-0.3876199424266815;0.31376025080680847,-0.12480023503303528,0.029820268973708153,-0.04541841894388199
;-84.702392578125;-0.000006782834134355653,1.099307311847042e-8,-0.002625143388286233,-0.00398767227306962;2.2234997176795446e-10,0.21891428530216217,0.0072784810326993465,-0.387393057346344;0.31357237696647644,-0.12480535358190536,0.02980750985443592,-0.04541873186826706
;-84.70350646972656;-0.000006783290245948592,1.09822924088121e-8,-0.0026263322215527296,-0.003970738034695387;2.2213311745566955e-10,0.21891063451766968,0.007243728265166283,-0.38716602325439453;0.31338438391685486,-0.12481047213077545,0.02979474700987339,-0.04541904106736183
;-84.70462036132812;-0.0000067837177084584255,1.0971517916402718e-8,-0.002627518493682146,-0.003953880164772272;2.2191630477674806e-10,0.21890701353549957,0.007209134753793478,-0.3869391679763794;0.3131963610649109,-0.12481559067964554,0.02978198230266571,-0.0454193539917469
;-84.70573425292969;-0.000006784145170968259,1.0960752305777532e-8,-0.0026287040673196316,-0.003937100060284138;2.2169958924234123e-10,0.2189033478498459,0.007174699567258358,-0.3867121934890747;0.31300821900367737,-0.12482072412967682,0.029769213870167732,-0.04541966691613197
;-84.70684814453125;-0.000006784552624594653,1.0949992024222865e-8,-0.0026298866141587496,-0.003920396324247122;2.2148295697466125e-10,0.2188997119665146,0.007140420377254486,-0.3864852488040924;0.31282004714012146,-0.1248258501291275,0.029756439849734306,-0.045419979840517044
;-84.70796203613281;-0.0000067849509832740296,1.0939237071738717e-8,-0.0026310684625059366,-0.0039037680253386497;2.212663802181325e-10,0.2188960611820221,0.0071062990464270115,-0.3862583339214325;0.3126318156719208,-0.12483097612857819,0.02974366396665573,-0.045420289039611816
;-84.70907592773438;-0.00000678533069731202,1.0928489224681925e-8,-0.002632247982546687,-0.0038872151635587215;2.2105019203966236e-10,0.2188924252986908,0.007072331849485636,-0.386050820350647;0.31244349479675293,-0.12483573704957962,0.029731949791312218,-0.04542060196399689
;-84.71018981933594;-0.00000678568494549836,1.0917747594874072e-8,-0.002633425174281001,-0.003870738437399268;2.208337679387995e-10,0.2188887894153595,0.007038520649075508,-0.3858238756656647;0.3122551441192627,-0.1248408704996109,0.029719166457653046,-0.04542091488838196
;-84.7113037109375;-0.000006786031917727087,1.0907013070493576e-8,-0.002634601201862097,-0.0038543359842151403;2.2061738547130005e-10,0.218885138630867,0.007004863582551479,-0.38561639189720154;0.3120667040348053,-0.12484563142061234,0.029707446694374084,-0.04542122781276703
;-84.71241760253906;-0.000006786371159250848,1.0896284763362019e-8,-0.002635774901136756,-0.0038380080368369818;2.2040111402610307e-10,0.2188815027475357,0.006971361115574837,-0.38538944721221924;0.3118782341480255,-0.12485077232122421,0.029694657772779465,-0.0454215407371521
;-84.71351623535156;-0.000006786718131479574,1.088561951689826e-8,-0.002636947203427553,-0.003821752266958356;2.2018641077092838e-10,0.2188778519630432,0.006938049104064703,-0.3852013349533081;0.3116909861564636,-0.1248551607131958,0.029683997854590416,-0.045421846210956573
;-84.71461486816406;-0.000006787091024307301,1.0875021771994398e-8,-0.0026381192728877068,-0.0038055682089179754;2.1997326182798815e-10,0.21887429058551788,0.006904927082359791,-0.38501325249671936;0.31150496006011963,-0.12485954910516739,0.02967333421111107,-0.045422155410051346
;-84.71570587158203;-0.000006787447091483045,1.0864431132517893e-8,-0.002639290178194642,-0.0037894577253609896;2.1976016839619916e-10,0.21887068450450897,0.006871955934911966,-0.3848056197166443;0.31131887435913086,-0.12486431002616882,0.029661599546670914,-0.04542246088385582
;-84.71678924560547;-0.000006787855454604141,1.0853967502555406e-8,-0.0026404615491628647,-0.003773415694013238;2.195501558333035e-10,0.21886716783046722,0.006839208770543337,-0.38459792733192444;0.31113529205322266,-0.12486907094717026,0.02964986488223076,-0.045422766357660294
;-84.7178726196289;-0.000006788246537325904,1.0843510089841857e-8,-0.0026416322216391563,-0.0037574470043182373;2.1934018490377127e-10,0.2188636064529419,0.006806610617786646,-0.38440969586372375;0.31095167994499207,-0.12487345188856125,0.029639195650815964,-0.04542307183146477
;-84.71895599365234;-0.000006788626251363894,1.0833061558912505e-8,-0.002642802894115448,-0.0037415504921227694;2.191302972409659e-10,0.21886005997657776,0.006774161476641893,-0.3842020034790039;0.3107679784297943,-0.12487820535898209,0.02962745539844036,-0.04542337357997894
;-84.72002410888672;-0.000006789022791053867,1.082268052954305e-8,-0.002643971936777234,-0.003725723596289754;2.1892193613481936e-10,0.2188565582036972,0.00674189580604434,-0.38401371240615845;0.31058552861213684,-0.12488259375095367,0.02961678057909012,-0.04542367532849312
;-84.7210922241211;-0.000006789436611143174,1.0812364337198233e-8,-0.00264514097943902,-0.0037099674809724092;2.1871515709648293e-10,0.21885310113430023,0.0067098126746714115,-0.38380590081214905;0.31040430068969727,-0.12488734722137451,0.029605034738779068,-0.045423977077007294
;-84.72216033935547;-0.000006789835424569901,1.0802057026637613e-8,-0.0026463100221008062,-0.0036942819133400917;2.1850844744708553e-10,0.21884962916374207,0.006677876692265272,-0.38357847929000854;0.3102230727672577,-0.12489248812198639,0.02959221787750721,-0.04542427137494087
;-84.72322845458984;-0.000006790221505070804,1.079175948603961e-8,-0.0026474774349480867,-0.003678667824715376;2.1830179330883936e-10,0.21884609758853912,0.006646085064858198,-0.38335123658180237;0.31004175543785095,-0.12489761412143707,0.029579397290945053,-0.04542457312345505
;-84.72429656982422;-0.000006790592578909127,1.0781468162690544e-8,-0.0026486439164727926,-0.0036631247494369745;2.1809490324820047e-10,0.21884265542030334,0.006614438258111477,-0.38312387466430664;0.30986031889915466,-0.12490275502204895,0.029566572979092598,-0.045424867421388626
;-84.7253646850586;-0.00000679094819133752,1.0771184832947256e-8,-0.0026498092338442802,-0.003647652454674244;2.17888415643408e-10,0.21883916854858398,0.006582936737686396,-0.38291606307029724;0.3096788227558136,-0.12490751594305038,0.029554814100265503,-0.0454251691699028
;-84.72643280029297;-0.0000067912878876086324,1.0760909496809745e-8,-0.0026509722229093313,-0.003632250241935253;2.1768195579419114e-10,0.21883565187454224,0.0065515777096152306,-0.3826887309551239;0.3094973862171173,-0.12491265684366226,0.02954198233783245,-0.04542546719312668
;-84.72750091552734;-0.0000067916321313532535,1.0750640377921172e-8,-0.0026521338149905205,-0.0036169178783893585;2.1747556533391332e-10,0.21883216500282288,0.006520361639559269,-0.3825003206729889;0.3093157708644867,-0.12491705268621445,0.029531288892030716,-0.045425768941640854
;-84.72856903076172;-0.000006791945907025365,1.0740377476281537e-8,-0.0026532933115959167,-0.0036016548983752728;2.1726924426257455e-10,0.21882867813110352,0.006489288527518511,-0.3822728991508484;0.3091341555118561,-0.12492219358682632,0.029518451541662216,-0.04542606323957443
;-84.7296371459961;-0.0000067922446760348976,1.0730124344604519e-8,-0.002654450945556164,-0.0035864608362317085;2.1706300645796262e-10,0.21882522106170654,0.006458356510847807,-0.3820650279521942;0.3089524507522583,-0.12492697685956955,0.029506677761673927,-0.04542636498808861
;-84.73070526123047;-0.000006792531166865956,1.071987476564118e-8,-0.0026556069497019053,-0.003571336157619953;2.1685683804228972e-10,0.2188217043876648,0.00642756512388587,-0.3818571865558624;0.3087707459926605,-0.12493174523115158,0.02949490398168564,-0.04542666673660278
;-84.73177337646484;-0.0000067928058342658915,1.0709631403926778e-8,-0.002656761324033141,-0.003556279931217432;2.1665071125998026e-10,0.21881823241710663,0.006396915763616562,-0.3816297948360443;0.3085889220237732,-0.12493690103292465,0.029482059180736542,-0.04542696103453636
;-84.73284149169922;-0.000006793065040255897,1.0699395147639734e-8,-0.0026579133700579405,-0.0035412912257015705;2.1644463998882202e-10,0.21881477534770966,0.006366404704749584,-0.38142192363739014;0.3084070682525635,-0.12494167685508728,0.029470279812812805,-0.04542726278305054
;-84.73390197753906;-0.000006793313332309481,1.0689165996780048e-8,-0.0026590642519295216,-0.003526371670886874;2.1623867973996624e-10,0.2188112735748291,0.006336033809930086,-0.3812140226364136;0.3082250952720642,-0.1249464601278305,0.02945849485695362,-0.045427560806274414
;-84.73495483398438;-0.0000067936189225292765,1.06790603027207e-8,-0.0026602139696478844,-0.003511515213176608;2.16035425659733e-10,0.21880784630775452,0.006305871531367302,-0.3810059726238251;0.3080456852912903,-0.12495123594999313,0.029446709901094437,-0.04542785510420799
;-84.73600769042969;-0.000006793902230128879,1.0668962602267129e-8,-0.00266136322170496,-0.003496726043522358;2.1583253240198275e-10,0.21880435943603516,0.006275846157222986,-0.3807785212993622;0.30786633491516113,-0.1249563917517662,0.029433848336338997,-0.04542814940214157
;-84.73706817626953;-0.000006794170531065902,1.0658871119062496e-8,-0.0026625117752701044,-0.0034820036962628365;2.1562970853317154e-10,0.21880096197128296,0.006245957687497139,-0.3805510401725769;0.30768677592277527,-0.12496155500411987,0.029420984908938408,-0.04542844370007515
;-84.73812103271484;-0.0000067943997237307485,1.0648727233331101e-8,-0.0026636577676981688,-0.003467350034043193;2.1542548300779174e-10,0.2187974900007248,0.006216171197593212,-0.3803430199623108;0.3075059652328491,-0.1249663308262825,0.029409190639853477,-0.045428741723299026
;-84.73917388916016;-0.000006794643013563473,1.0638648184624344e-8,-0.002664803294464946,-0.0034527615644037724;2.152227840390708e-10,0.218794047832489,0.006186554208397865,-0.3801545202732086;0.3073263168334961,-0.12497074156999588,0.029398463666439056,-0.045429036021232605
;-84.74022674560547;-0.000006794870841986267,1.0628575353166525e-8,-0.0026659462600946426,-0.0034382380545139313;2.150201544592889e-10,0.21879056096076965,0.006157073192298412,-0.37996599078178406;0.3071466386318207,-0.12497514486312866,0.029387738555669785,-0.04542933404445648
;-84.74127197265625;-0.000006795086392230587,1.0618509627136064e-8,-0.002667088061571121,-0.0034237809013575315;2.1481730283490208e-10,0.2187870889902115,0.006127727217972279,-0.3797775208950043;0.3069669306278229,-0.12497955560684204,0.029377007856965065,-0.04542963206768036
;-84.7423095703125;-0.0000067953651523566805,1.060856824608436e-8,-0.0026682298630476,-0.0034093852154910564;2.1461775412401352e-10,0.21878372132778168,0.0060985810123384,-0.3795693814754486;0.306789755821228,-0.12498434633016586,0.02936520054936409,-0.04542991891503334
;-84.74334716796875;-0.000006795613899157615,1.0598634858638434e-8,-0.0026693707332015038,-0.0033950547222048044;2.1441826092427618e-10,0.2187802642583847,0.0060695684514939785,-0.3793807029724121;0.3066125214099884,-0.12498874217271805,0.029354466125369072,-0.04543020948767662
;-84.744384765625;-0.0000067958576437376905,1.0588707688441445e-8,-0.0026705111376941204,-0.0033807887230068445;2.142188371134779e-10,0.2187768965959549,0.0060406881384551525,-0.37917256355285645;0.3064351975917816,-0.12499353289604187,0.02934265322983265,-0.0454305037856102
;-84.74542236328125;-0.000006796094567107502,1.0578787623671815e-8,-0.0026716506108641624,-0.0033665872178971767;2.1401920513586248e-10,0.21877345442771912,0.00601193867623806,-0.3789644241333008;0.30625784397125244,-0.1249983161687851,0.029330840334296227,-0.04543079435825348
;-84.7464599609375;-0.000006796308298362419,1.0568872887972702e-8,-0.002672787755727768,-0.0033524504397064447;2.1381990622515445e-10,0.21877004206180573,0.005983320530503988,-0.37877577543258667;0.3060804307460785,-0.12500272691249847,0.029320096597075462,-0.04543108493089676
;-84.74748229980469;-0.000006796546131226933,1.0559025653833487e-8,-0.002673924434930086,-0.0033383765257894993;2.136221477488931e-10,0.21876665949821472,0.0059548658318817616,-0.3785870671272278;0.3059042990207672,-0.12500713765621185,0.02930935099720955,-0.04543137550354004
;-84.74850463867188;-0.000006796799425501376,1.054924414489733e-8,-0.0026750604156404734,-0.003324363613501191;2.134259297070784e-10,0.2187632918357849,0.0059265741147100925,-0.3783982992172241;0.30572935938835144,-0.12501154839992523,0.029298603534698486,-0.04543166235089302
;-84.74952697753906;-0.000006797045898565557,1.053946974138853e-8,-0.002676196163520217,-0.003310414031147957;2.132294896206588e-10,0.21875987946987152,0.005898410454392433,-0.37820950150489807;0.30555441975593567,-0.12501594424247742,0.029287854209542274,-0.045431949198246
;-84.75054168701172;-0.000006797270998504246,1.0529703331485507e-8,-0.002677330980077386,-0.00329652801156044;2.1303339647893438e-10,0.2187565714120865,0.005870375782251358,-0.3780207931995392;0.30537939071655273,-0.1250203549861908,0.029277101159095764,-0.045432236045598984
;-84.75154876708984;-0.000006797557034587953,1.0520061266561243e-8,-0.0026784660294651985,-0.003282701363787055;2.1284028706158864e-10,0.21875323355197906,0.005842533428221941,-0.3778318762779236;0.30520695447921753,-0.12502475082874298,0.029266344383358955,-0.04543251916766167
;-84.75255584716797;-0.000006797834430471994,1.0510427195242755e-8,-0.002679600613191724,-0.003268937347456813;2.126469972330014e-10,0.21874991059303284,0.005814817734062672,-0.37764301896095276;0.3050343692302704,-0.12502916157245636,0.029255585744976997,-0.04543280228972435
;-84.7535629272461;-0.000006798084086767631,1.0500801117530045e-8,-0.002680734498426318,-0.0032552354969084263;2.1245401271574593e-10,0.2187465876340866,0.005787227768450975,-0.37745413184165955;0.3048618733882904,-0.12503357231616974,0.02924482524394989,-0.04543308541178703
;-84.75456237792969;-0.000006798333743063267,1.0491182145244693e-8,-0.002681866753846407,-0.0032415955793112516;2.1226079227609773e-10,0.21874333918094635,0.005759763531386852,-0.3772652745246887;0.3046892285346985,-0.12503796815872192,0.029234064742922783,-0.045433368533849716
;-84.75555419921875;-0.0000067986211433890276,1.0481688406116518e-8,-0.0026829990092664957,-0.0032280131708830595;2.120708886277356e-10,0.2187400460243225,0.005732489284127951,-0.37707626819610596;0.3045191466808319,-0.1250423640012741,0.029223300516605377,-0.0454336442053318
;-84.75654602050781;-0.000006798906724725384,1.047220443695096e-8,-0.0026841312646865845,-0.0032144919969141483;2.118810266127369e-10,0.21873685717582703,0.005705337040126324,-0.3768872916698456;0.30434903502464294,-0.1250467747449875,0.029212530702352524,-0.04543392360210419
;-84.75753784179688;-0.000006799183211114723,1.046272757321276e-8,-0.0026852625887840986,-0.0032010329887270927;2.1169095643092106e-10,0.218733549118042,0.005678308662027121,-0.3766983151435852;0.3041788935661316,-0.12505117058753967,0.02920176275074482,-0.04543420299887657
;-84.75852966308594;-0.000006799430138926255,1.0453257814901917e-8,-0.002686393214389682,-0.003187634749338031;2.1150121931601262e-10,0.21873034536838531,0.005651403684169054,-0.37650927901268005;0.3040086627006531,-0.12505558133125305,0.029190989211201668,-0.04543447867035866
;-84.75951385498047;-0.000006799677066737786,1.0443796050196852e-8,-0.0026875222101807594,-0.003174296347424388;2.1131124627871145e-10,0.21872706711292267,0.005624620243906975,-0.3763203024864197;0.3038383722305298,-0.12505999207496643,0.029180213809013367,-0.04543475806713104
;-84.76049041748047;-0.000006799983566452283,1.0434459518648964e-8,-0.0026886509731411934,-0.0031610149890184402;2.1112456227712073e-10,0.21872389316558838,0.005598022136837244,-0.37613120675086975;0.3036706745624542,-0.12506438791751862,0.029169436544179916,-0.04543503373861313
;-84.76146697998047;-0.000006800269602535991,1.0425130980706854e-8,-0.002689779968932271,-0.003147793933749199;2.1093765623092509e-10,0.21872064471244812,0.005571544170379639,-0.37594208121299744;0.30350297689437866,-0.1250687837600708,0.029158655554056168,-0.045435309410095215
;-84.76244354248047;-0.000006800542905693874,1.041581221272736e-8,-0.0026909078005701303,-0.0031346322502940893;2.1075108325163683e-10,0.21871745586395264,0.005545186344534159,-0.3757530152797699;0.30333513021469116,-0.12507317960262299,0.02914787456393242,-0.045435581356287
;-84.76342010498047;-0.000006800790743000107,1.0406499661996804e-8,-0.0026920342352241278,-0.0031215299386531115;2.1056426047216803e-10,0.21871426701545715,0.005518948659300804,-0.3755638301372528;0.30316728353500366,-0.12507759034633636,0.02913709171116352,-0.04543585702776909
;-84.76439666748047;-0.000006801042218285147,1.0397195104872026e-8,-0.002693159505724907,-0.0031084869988262653;2.1037778463739443e-10,0.21871107816696167,0.005492830183357,-0.3753747344017029;0.30299943685531616,-0.12508200109004974,0.029126303270459175,-0.045436132699251175
;-84.76537322998047;-0.000006801278686907608,1.0387895876817765e-8,-0.002694282913580537,-0.0030955036636441946;2.1019111451359151e-10,0.2187078595161438,0.00546683045104146,-0.37518563866615295;0.30283141136169434,-0.12508641183376312,0.02911551296710968,-0.045436400920152664
;-84.7663345336914;-0.0000068015292526979465,1.0378665038501822e-8,-0.002695405622944236,-0.003082576207816601;2.1000592931308404e-10,0.21870467066764832,0.005440978799015284,-0.37499645352363586;0.30266475677490234,-0.1250908225774765,0.029104718938469887,-0.04543667659163475
;-84.76729583740234;-0.000006801805284339935,1.0369500813567356e-8,-0.002696528099477291,-0.003069706493988633;2.0982256210277939e-10,0.21870151162147522,0.005415276158601046,-0.374807208776474;0.30249935388565063,-0.1250952184200287,0.029093924909830093,-0.04543694481253624
;-84.76825714111328;-0.000006802071766287554,1.0360342805881828e-8,-0.002697649411857128,-0.0030568940564990044;2.096389450922942e-10,0.2186983823776245,0.005389689467847347,-0.37461796402931213;0.3023338317871094,-0.12509962916374207,0.0290831308811903,-0.04543720930814743
;-84.76921844482422;-0.000006802320513088489,1.0351193679980497e-8,-0.002698770258575678,-0.0030441388953477144;2.09455688904292e-10,0.2186952531337738,0.005364219192415476,-0.37442871928215027;0.3021683096885681,-0.12510403990745544,0.02907233126461506,-0.04543748125433922
;-84.77017974853516;-0.0000068025588007003535,1.0342050771328104e-8,-0.0026998899411410093,-0.0030314417090266943;2.0927219679389708e-10,0.2186920940876007,0.005338865332305431,-0.374239444732666;0.3020027279853821,-0.12510843575000763,0.02906152978539467,-0.04543774947524071
;-84.7711410522461;-0.0000068027879933652,1.0332914968103069e-8,-0.002701007528230548,-0.003018800402060151;2.0908902387262174e-10,0.2186889350414276,0.005313625559210777,-0.37405019998550415;0.30183708667755127,-0.125112846493721,0.02905072458088398,-0.045438021421432495
;-84.77210235595703;-0.000006803002179367468,1.032378627030539e-8,-0.0027021244168281555,-0.003006216138601303;2.0890565666231709e-10,0.2186857908964157,0.0052885012701153755,-0.37386101484298706;0.30167147517204285,-0.12511727213859558,0.029039917513728142,-0.045438289642333984
;-84.77306365966797;-0.000006803205451433314,1.031466467793507e-8,-0.002703239442780614,-0.0029936889186501503;2.0872233108537586e-10,0.21868261694908142,0.0052634915336966515,-0.37367168068885803;0.3015057146549225,-0.12512166798114777,0.029029106721282005,-0.04543856158852577
;-84.77400970458984;-0.000006803421456424985,1.0305606146232549e-8,-0.0027043521404266357,-0.0029812173452228308;2.0854079574306184e-10,0.2186795175075531,0.0052386256866157055,-0.3734823763370514;0.3013412654399872,-0.12512609362602234,0.02901829406619072,-0.04543882608413696
;-84.77495574951172;-0.000006803662017773604,1.0296615116089924e-8,-0.002705466002225876,-0.0029688000213354826;2.0836050940165052e-10,0.21867641806602478,0.005213901400566101,-0.3732930123806;0.30117806792259216,-0.12513050436973572,0.029007481411099434,-0.045439090579748154
;-84.7759017944336;-0.000006803890300943749,1.0287631191374658e-8,-0.002706579165533185,-0.0029564390424638987;2.0818025081581482e-10,0.21867334842681885,0.005189289804548025,-0.37310364842414856;0.30101487040519714,-0.1251349151134491,0.02899666503071785,-0.045439355075359344
;-84.77684783935547;-0.000006804110398661578,1.0278654372086748e-8,-0.002707690466195345,-0.0029441334772855043;2.0800035305246212e-10,0.21867023408412933,0.005164789501577616,-0.37291425466537476;0.3008515536785126,-0.12513932585716248,0.028985846787691116,-0.045439623296260834
;-84.77779388427734;-0.000006804317308706231,1.0269683770047777e-8,-0.002708801068365574,-0.002931883791461587;2.0782019161114107e-10,0.21866711974143982,0.005140400491654873,-0.37272489070892334;0.3006882071495056,-0.12514373660087585,0.028975024819374084,-0.045439887791872025
;-84.77873992919922;-0.000006804512395319762,1.0260720273436164e-8,-0.0027099098078906536,-0.002919689519330859;2.0764009955875906e-10,0.2186640352010727,0.005116122309118509,-0.3725355267524719;0.30052486062049866,-0.12514816224575043,0.028964197263121605,-0.045440152287483215
;-84.7796859741211;-0.000006804692020523362,1.0251763882251907e-8,-0.002711016684770584,-0.0029075494967401028;2.0746034057328444e-10,0.21866093575954437,0.005091954953968525,-0.3723461329936981;0.30036142468452454,-0.1251525729894638,0.028953371569514275,-0.045440420508384705
;-84.78063201904297;-0.000006804863005527295,1.024281104378133e-8,-0.00271212263032794,-0.0028954639565199614;2.072803595432049e-10,0.21865788102149963,0.005067897494882345,-0.3721567392349243;0.300197958946228,-0.12515699863433838,0.028942544013261795,-0.0454406812787056
;-84.78157806396484;-0.000006805020802858053,1.023386619891653e-8,-0.0027132260147482157,-0.002883433597162366;2.0710043402427658e-10,0.21865476667881012,0.00504394993185997,-0.3719673156738281;0.30003440380096436,-0.12516142427921295,0.028931712731719017,-0.04544094577431679
;-84.78252410888672;-0.0000068051663220103364,1.0224926683122249e-8,-0.002714327769353986,-0.002871457254514098;2.0692082769446785e-10,0.218651682138443,0.00502011040225625,-0.3717779219150543;0.2998708188533783,-0.12516583502292633,0.02892087958753109,-0.04544121026992798
;-84.7834701538086;-0.000006805305474699708,1.0215992496398485e-8,-0.0027154283598065376,-0.0028595346957445145;2.0674098544226638e-10,0.21864861249923706,0.004996380303055048,-0.37158849835395813;0.29970717430114746,-0.1251702755689621,0.028910042718052864,-0.04544147476553917
;-84.78441619873047;-0.000006805425528000342,1.020706452692366e-8,-0.0027165270876139402,-0.002847665688022971;2.0656121257900395e-10,0.21864545345306396,0.004972758237272501,-0.3713991045951843;0.299543559551239,-0.12517470121383667,0.02889920212328434,-0.04544174298644066
;-84.78535461425781;-0.000006805536941101309,1.0198141886519352e-8,-0.00271762371994555,-0.0028358502313494682;2.063817589048611e-10,0.21864238381385803,0.004949243739247322,-0.37120965123176575;0.299379825592041,-0.12517914175987244,0.028888359665870667,-0.04544200748205185
;-84.78628540039062;-0.000006805703833379084,1.0189341814736963e-8,-0.002718720119446516,-0.0028240846004337072;2.0620499752155297e-10,0.2186393439769745,0.004925892222672701,-0.37102010846138;0.29921868443489075,-0.12518355250358582,0.028877515345811844,-0.04544226825237274
;-84.78721618652344;-0.000006805869816162158,1.0180547072025092e-8,-0.0027198167517781258,-0.0028123725205659866;2.0602830552718387e-10,0.21863630414009094,0.004902646876871586,-0.37083062529563904;0.2990575134754181,-0.1251879781484604,0.02886667102575302,-0.045442529022693634
;-84.78814697265625;-0.000006806010787840933,1.017175854656216e-8,-0.00272091175429523,-0.0028007132932543755;2.0585190496635875e-10,0.218633234500885,0.004879507701843977,-0.3706410825252533;0.29889628291130066,-0.12519240379333496,0.02885582111775875,-0.045442789793014526
;-84.78907775878906;-0.000006806141755077988,1.0162977126526584e-8,-0.0027220062911510468,-0.0027891064528375864;2.056752962387165e-10,0.21863020956516266,0.004856473300606012,-0.37045156955718994;0.2987350523471832,-0.12519682943820953,0.02884496934711933,-0.04544305056333542
;-84.79000854492188;-0.000006806258625147166,1.0154200147383108e-8,-0.0027230994310230017,-0.002777551766484976;2.0549874302222548e-10,0.21862715482711792,0.004833544138818979,-0.3702620565891266;0.29857370257377625,-0.1252012699842453,0.028834117576479912,-0.04544330760836601
;-84.79093933105469;-0.000006806367309764028,1.0145430273666989e-8,-0.00272419024258852,-0.0027660490013659;2.053222453168857e-10,0.21862415969371796,0.0048107183538377285,-0.37007245421409607;0.2984123229980469,-0.12520569562911987,0.028823258355259895,-0.045443568378686905
;-84.7918701171875;-0.000006806463261455065,1.0136664840842968e-8,-0.00272527989000082,-0.0027545979246497154;2.0514605292287769e-10,0.21862104535102844,0.004787996876984835,-0.3698829412460327;0.2982509136199951,-0.12521012127399445,0.02881239913403988,-0.0454438291490078
;-84.79280090332031;-0.000006806548753957031,1.0127905625267886e-8,-0.0027263686060905457,-0.0027431976050138474;2.0496963848426475e-10,0.21861808001995087,0.0047653792425990105,-0.3696933686733246;0.29808947443962097,-0.1252145618200302,0.02880154177546501,-0.04544408991932869
;-84.79373168945312;-0.000006806634246458998,1.0119149962406482e-8,-0.002727454761043191,-0.002731849905103445;2.0479326567901524e-10,0.21861493587493896,0.004742863588035107,-0.36950382590293884;0.29792797565460205,-0.12521900236606598,0.028790676966309547,-0.04544435441493988
;-84.79466247558594;-0.000006806699730077526,1.0110400516794016e-8,-0.0027285395190119743,-0.002720553195104003;2.0461696226270476e-10,0.2186119705438614,0.004720450844615698,-0.3693142533302307;0.29776641726493835,-0.12522344291210175,0.028779810294508934,-0.04544461518526077
;-84.79559326171875;-0.0000068067483880440705,1.0101655512073648e-8,-0.002729622647166252,-0.00270930677652359;2.0444096415772606e-10,0.21860891580581665,0.004698141012340784,-0.3691246509552002;0.29760482907295227,-0.1252278834581375,0.028768939897418022,-0.045444875955581665
;-84.79652404785156;-0.00000680678931530565,1.00929158364238e-8,-0.0027307041455060244,-0.00269811088219285;2.0426475788593024e-10,0.2186058759689331,0.004675932228565216,-0.36893510818481445;0.2974432110786438,-0.12523233890533447,0.02875806950032711,-0.04544513300061226
;-84.79745483398438;-0.000006806817509641405,1.0084178825309209e-8,-0.0027317837812006474,-0.0026869659777730703;2.0408862100307346e-10,0.21860282123088837,0.004653824493288994,-0.3687455654144287;0.29728150367736816,-0.12523677945137024,0.0287471953779459,-0.04544539377093315
;-84.79838562011719;-0.00000680683524478809,1.0075447143265137e-8,-0.0027328620199114084,-0.002675870666280389;2.0391277555376064e-10,0.21859979629516602,0.004631817806512117,-0.3685559630393982;0.29711976647377014,-0.1252412348985672,0.02873631753027439,-0.045445654541254044
;-84.79931640625;-0.000006806841156503651,1.0066720790291583e-8,-0.0027339376974850893,-0.0026648251805454493;2.037367080598429e-10,0.21859674155712128,0.004609911702573299,-0.3683663606643677;0.29695793986320496,-0.12524567544460297,0.02872544154524803,-0.045445915311574936
;-84.80024719238281;-0.000006806850251450669,1.0057997990031708e-8,-0.0027350126765668392,-0.0026538290549069643;2.0356069607707639e-10,0.21859370172023773,0.004588105715811253,-0.36817675828933716;0.29679614305496216,-0.12525013089179993,0.028714559972286224,-0.04544617608189583
;-84.80117797851562;-0.000006806837518524844,1.0049278742485512e-8,-0.0027360860258340836,-0.0026428827550262213;2.033847257276733e-10,0.218590646982193,0.004566398914903402,-0.36798718571662903;0.2966342568397522,-0.1252545863389969,0.02870367467403412,-0.04544643685221672
;-84.80210876464844;-0.000006806814326409949,1.0040564824009834e-8,-0.0027371568139642477,-0.002631985116750002;2.032091023229654e-10,0.21858763694763184,0.004544790834188461,-0.36779752373695374;0.29647231101989746,-0.12525902688503265,0.028692789375782013,-0.04544669762253761
;-84.80303955078125;-0.000006806776582379825,1.0031854458247835e-8,-0.00273822620511055,-0.0026211366057395935;2.0303322911807697e-10,0.2185845673084259,0.004523281939327717,-0.3676079511642456;0.29631030559539795,-0.1252634972333908,0.02868190035223961,-0.045446958392858505
;-84.80397033691406;-0.000006806729288655333,1.0023147645199515e-8,-0.0027392946649342775,-0.0026103367563337088;2.0285741142433977e-10,0.21858152747154236,0.004501871764659882,-0.3674183487892151;0.2961483597755432,-0.12526795268058777,0.028671009466052055,-0.0454472191631794
;-84.80490112304688;-0.000006806671535741771,1.0014445273043293e-8,-0.0027403603307902813,-0.002599585335701704;2.026816631195416e-10,0.21857847273349762,0.004480558447539806,-0.3672286868095398;0.2959861755371094,-0.12527240812778473,0.028660114854574203,-0.04544747993350029
;-84.80583190917969;-0.000006806601959397085,1.000574645360075e-8,-0.002741424832493067,-0.0025888821110129356;2.0250622012607522e-10,0.21857544779777527,0.0044593424536287785,-0.3670390844345093;0.2958240807056427,-0.12527687847614288,0.02864922024309635,-0.045447736978530884
;-84.8067626953125;-0.000006806522833358031,9.997051186871886e-9,-0.0027424877043813467,-0.0025782266166061163;2.023305689657917e-10,0.21857240796089172,0.004438223782926798,-0.36684948205947876;0.29566192626953125,-0.12528133392333984,0.0286383219063282,-0.045447997748851776
;-84.80767822265625;-0.000006806474630138837,9.9884180926324e-9,-0.0027435487136244774,-0.0025676179211586714;2.0215640272880364e-10,0.21856942772865295,0.004417227115482092,-0.3666597604751587;0.29550108313560486,-0.125285804271698,0.028627419844269753,-0.04544825851917267
;-84.80859375;-0.000006806437795603415,9.979848947239134e-9,-0.0027446108870208263,-0.0025570557918399572;2.01983721415111e-10,0.2185663878917694,0.004396351519972086,-0.366470068693161;0.29534146189689636,-0.12529025971889496,0.028616515919566154,-0.045448511838912964
;-84.80950927734375;-0.000006806402325310046,9.971284242737966e-9,-0.002745671896263957,-0.002546541392803192;2.0181137316832576e-10,0.21856346726417542,0.004375571385025978,-0.36628031730651855;0.2951818108558655,-0.1252947300672531,0.028605610132217407,-0.04544876888394356
;-84.8104248046875;-0.000006806346391385887,9.962722202772056e-9,-0.0027467317413538694,-0.002536074025556445;2.016388167547234e-10,0.21856039762496948,0.004354885779321194,-0.3660906255245209;0.2950221300125122,-0.12529918551445007,0.02859470248222351,-0.04544902592897415
;-84.81134033203125;-0.000006806283181504114,9.954167268233505e-9,-0.0027477911207824945,-0.002525653224438429;2.0146627421890884e-10,0.2185574620962143,0.0043342942371964455,-0.3659008741378784;0.29486238956451416,-0.12530365586280823,0.028583792969584465,-0.045449282974004745
;-84.812255859375;-0.000006806202236475656,9.945615886408632e-9,-0.0027488484047353268,-0.0025152796879410744;2.0129382882760893e-10,0.21855443716049194,0.004313796758651733,-0.3657110929489136;0.29470258951187134,-0.12530812621116638,0.02857287786900997,-0.04544954001903534
;-84.81317138671875;-0.000006806128567404812,9.937068057297438e-9,-0.002749904291704297,-0.002504951786249876;2.0112139731409684e-10,0.21855148673057556,0.004293393809348345,-0.3655213415622711;0.29454275965690613,-0.12531259655952454,0.028561962768435478,-0.04544979706406593
;-84.8140869140625;-0.000006806031706219073,9.928524669078342e-9,-0.002750959014520049,-0.002494670683518052;2.0094928498970432e-10,0.2185484766960144,0.004273083060979843,-0.36533159017562866;0.29438284039497375,-0.1253170669078827,0.028551042079925537,-0.04545005038380623
;-84.81500244140625;-0.000006805921657360159,9.919985721751345e-9,-0.0027520116418600082,-0.0024844359140843153;2.0077695062070688e-10,0.21854548156261444,0.004252864979207516,-0.3651418387889862;0.29422295093536377,-0.12532153725624084,0.028540121391415596,-0.04545030742883682
;-84.81591796875;-0.000006805801149312174,9.911449438959608e-9,-0.002753062406554818,-0.0024742460809648037;2.0060468564064848e-10,0.21854247152805328,0.004232739098370075,-0.36495208740234375;0.2940629720687866,-0.1253260225057602,0.028529196977615356,-0.045450564473867416
;-84.81683349609375;-0.0000068056860982324,9.902918485238388e-9,-0.002754112472757697,-0.0024641030468046665;2.004324345383779e-10,0.2185395210981369,0.004212705418467522,-0.3647622764110565;0.2939029633998871,-0.12533049285411835,0.028518270701169968,-0.04545082151889801
;-84.8177490234375;-0.000006805546036048327,9.894391084230847e-9,-0.0027551602106541395,-0.002454005181789398;2.0026025282504634e-10,0.21853649616241455,0.004192763939499855,-0.3645920157432556;0.2937428653240204,-0.12533457577228546,0.028508435934782028,-0.045451074838638306
;-84.81866455078125;-0.000006805400971643394,9.885867235936985e-9,-0.00275620655156672,-0.0024439520202577114;2.0008837642304655e-10,0.21853356063365936,0.004172912798821926,-0.36440226435661316;0.2935827672481537,-0.1253390610218048,0.02849750407040119,-0.0454513318836689
;-84.819580078125;-0.000006805237262597075,9.877346052178382e-9,-0.002757251262664795,-0.002433944260701537;1.9991629185422966e-10,0.21853050589561462,0.004153151996433735,-0.36423200368881226;0.2934226095676422,-0.12534314393997192,0.028487663716077805,-0.04545158892869949
;-84.82049560546875;-0.0000068050821937504224,9.868831085668717e-9,-0.002758293878287077,-0.002423980738967657;1.99744262796564e-10,0.21852754056453705,0.004133482463657856,-0.3640422224998474;0.29326245188713074,-0.12534762918949127,0.02847672998905182,-0.04545184597373009
;-84.8214111328125;-0.000006804902113799471,9.86031878369431e-9,-0.0027593348640948534,-0.0024140619207173586;1.9957226149447393e-10,0.21852456033229828,0.004113903269171715,-0.3638913929462433;0.2931021451950073,-0.12535133957862854,0.02846798114478588,-0.04545209929347038
;-84.82232666015625;-0.000006804712484154152,9.851808258076744e-9,-0.0027603746857494116,-0.0024041878059506416;1.9940031570353511e-10,0.2185215950012207,0.004094412550330162,-0.36370158195495605;0.2929418385028839,-0.1253558248281479,0.02845703810453415,-0.04545235633850098
;-84.82323455810547;-0.000006804550594097236,9.843360793126976e-9,-0.002761412877589464,-0.0023943567648530006;1.9923013239164789e-10,0.21851858496665955,0.004075034987181425,-0.3635117709636688;0.29278284311294556,-0.12536031007766724,0.028446096926927567,-0.04545260965824127
;-84.82415008544922;-0.000006804338227084372,9.834859149293607e-9,-0.0027624499052762985,-0.0023845708929002285;1.9905828374522372e-10,0.21851561963558197,0.004055721685290337,-0.3633219301700592;0.292622447013855,-0.12536479532718658,0.028435150161385536,-0.045452866703271866
;-84.82506561279297;-0.000006804121312597999,9.826361058173916e-9,-0.002763485535979271,-0.0023748285602778196;1.9888647673216298e-10,0.2185126096010208,0.004036497324705124,-0.36313214898109436;0.29246199131011963,-0.12536929547786713,0.028424201533198357,-0.04545312374830246
;-84.82597351074219;-0.000006803904852858977,9.817864743411064e-9,-0.002764518838375807,-0.0023651299998164177;1.9871473910804127e-10,0.21850962936878204,0.004017360974103212,-0.3629618287086487;0.2923015356063843,-0.12537339329719543,0.028414346277713776,-0.045453380793333054
;-84.82687377929688;-0.00000680373159411829,9.809490109091712e-9,-0.0027655516751110554,-0.002355472417548299;1.985459019415714e-10,0.21850667893886566,0.003998360130935907,-0.3627914488315582;0.29214364290237427,-0.12537749111652374,0.028404491022229195,-0.04545363038778305
;-84.82777404785156;-0.000006803546057199128,9.801119915664458e-9,-0.0027665842790156603,-0.0023458574432879686;1.9837712028625276e-10,0.21850377321243286,0.003979444038122892,-0.36264052987098694;0.29198575019836426,-0.12538118660449982,0.028395727276802063,-0.045453883707523346
;-84.82865905761719;-0.000006803386895626318,9.792811894726583e-9,-0.002767616882920265,-0.002336285077035427;1.9820980967644175e-10,0.21850086748600006,0.003960637841373682,-0.36248964071273804;0.2918291687965393,-0.1253848820924759,0.028386961668729782,-0.04545413330197334
;-84.82954406738281;-0.0000068032636590942275,9.784566934456507e-9,-0.002768650185316801,-0.0023267536889761686;1.9804427542347014e-10,0.21849800646305084,0.003941941540688276,-0.362338662147522;0.29167383909225464,-0.12538857758045197,0.0283781960606575,-0.04545437917113304
;-84.83042907714844;-0.000006803111773479031,9.776328191435368e-9,-0.0027696830220520496,-0.002317264908924699;1.978785052481058e-10,0.21849507093429565,0.003923329524695873,-0.3621681332588196;0.29151850938796997,-0.12539267539978027,0.028368329629302025,-0.04545462876558304
;-84.831298828125;-0.00000680298808219959,9.768151620903609e-9,-0.002770715858787298,-0.0023078173398971558;1.977142338738247e-10,0.21849223971366882,0.003904826007783413,-0.36201709508895874;0.2913644015789032,-0.12539635598659515,0.028359558433294296,-0.04545487090945244
;-84.83216857910156;-0.000006802898042224115,9.760038999218068e-9,-0.0027717493940144777,-0.002298410516232252;1.975514057894756e-10,0.21848942339420319,0.0038864295929670334,-0.3618464767932892;0.29121166467666626,-0.12540043890476227,0.02834969013929367,-0.04545511305332184
;-84.83303833007812;-0.000006802779353165533,9.751933482959885e-9,-0.0027727829292416573,-0.00228904583491385;1.9738864709406556e-10,0.21848656237125397,0.0038681174628436565,-0.36169543862342834;0.29105886816978455,-0.12540413439273834,0.028340917080640793,-0.04545535892248154
;-84.83390808105469;-0.0000068026665758225136,9.74383151941538e-9,-0.002773815765976906,-0.0022797235287725925;1.9722594390980674e-10,0.21848374605178833,0.0038498875219374895,-0.3615248203277588;0.2909059226512909,-0.12540821731090546,0.02833104319870472,-0.04545560106635094
;-84.83477020263672;-0.000006802570169384126,9.735795281073933e-9,-0.0027748476713895798,-0.0022704410366714;1.9706471177105556e-10,0.2184809297323227,0.003831763518974185,-0.36135414242744446;0.29075443744659424,-0.12541230022907257,0.028321169316768646,-0.04545583948493004
;-84.83562469482422;-0.000006802461939514615,9.727765259981425e-9,-0.0027758788783103228,-0.0022612004540860653;1.9690325758769944e-10,0.21847811341285706,0.003813721239566803,-0.36120301485061646;0.29060283303260803,-0.12541598081588745,0.02831239253282547,-0.04545608162879944
;-84.83647918701172;-0.000006802384177717613,9.719799187735134e-9,-0.002776911249384284,-0.002251999918371439;1.967435381278193e-10,0.218475341796875,0.003795783733949065,-0.3610518276691437;0.2904525101184845,-0.12541967630386353,0.028303610160946846,-0.04545632377266884
;-84.83733367919922;-0.000006802297320973594,9.711838444559362e-9,-0.0027779422234743834,-0.002242840128019452;1.9658384642351479e-10,0.21847257018089294,0.0037779284175485373,-0.3609006106853485;0.29030218720436096,-0.1254233717918396,0.028294825926423073,-0.04545656219124794
;-84.83817291259766;-0.000006802225470892154,9.703941650229808e-9,-0.002778972964733839,-0.00223372015170753;1.9642566739808132e-10,0.21846982836723328,0.0037601760122925043,-0.36074933409690857;0.2901531457901001,-0.12542705237865448,0.02828604355454445,-0.04545679688453674
;-84.8390121459961;-0.000006802183634135872,9.696110581103312e-9,-0.002780004171654582,-0.002224639058113098;1.9626893166257986e-10,0.2184671014547348,0.0037425262853503227,-0.36059805750846863;0.2900054156780243,-0.12543073296546936,0.028277259320020676,-0.045457031577825546
;-84.83985137939453;-0.000006802129064453766,9.688285729225754e-9,-0.002781035378575325,-0.0022155989427119493;1.9611225143822963e-10,0.21846440434455872,0.0037249564193189144,-0.36042723059654236;0.2898576855659485,-0.12543480098247528,0.028267374262213707,-0.04545726627111435
;-84.84069061279297;-0.00000680205448588822,9.680467094597134e-9,-0.002782065188512206,-0.0022065991070121527;1.9595561284724283e-10,0.21846167743206024,0.003707466647028923,-0.3602759540081024;0.28970983624458313,-0.12543848156929016,0.028258582577109337,-0.04545750096440315
;-84.84152221679688;-0.000006801980816817377,9.672654677217452e-9,-0.0027830947656184435,-0.0021976397838443518;1.9579901588961945e-10,0.21845896542072296,0.0036900565028190613,-0.3601246178150177;0.2895619869232178,-0.12544217705726624,0.028249794617295265,-0.04545772820711136
;-84.84235382080078;-0.000006801963991165394,9.664965716638108e-9,-0.0027841241098940372,-0.002188717946410179;1.9564504183389175e-10,0.21845625340938568,0.0036727688275277615,-0.3599341809749603;0.28941676020622253,-0.1254466474056244,0.028238805010914803,-0.04545795917510986
;-84.84319305419922;-0.000006801871222705813,9.65716662193472e-9,-0.0027851525228470564,-0.0021798377856612206;1.954885003874196e-10,0.2184535712003708,0.0036555160768330097,-0.35976332426071167;0.2892688810825348,-0.1254507303237915,0.02822890877723694,-0.045458193868398666
;-84.8440170288086;-0.00000680179800838232,9.649431476077552e-9,-0.002786178607493639,-0.002170997206121683;1.953334716198185e-10,0.2184508740901947,0.0036383632104843855,-0.35961201786994934;0.28912225365638733,-0.12545442581176758,0.02822011150419712,-0.04545842856168747
;-84.84484100341797;-0.0000068017493504157756,9.641760279066602e-9,-0.002787205157801509,-0.0021621938794851303;1.9517988614214943e-10,0.218448206782341,0.003621309995651245,-0.35946059226989746;0.2889769673347473,-0.12545809149742126,0.0282113179564476,-0.045458655804395676
;-84.84566497802734;-0.000006801692961744266,9.63409529930459e-9,-0.002788231475278735,-0.0021534301340579987;1.9502632842005596e-10,0.21844550967216492,0.0036043343134224415,-0.3593091666698456;0.28883156180381775,-0.12546178698539734,0.028202516958117485,-0.04545888304710388
;-84.84648895263672;-0.000006801627932873089,9.626435648613096e-9,-0.002789256162941456,-0.002144705969840288;1.94872590286721e-10,0.2184428572654724,0.003587436629459262,-0.3591577410697937;0.28868621587753296,-0.12546546757221222,0.02819371595978737,-0.045459114015102386
;-84.84729766845703;-0.0000068015933720744215,9.61884083494624e-9,-0.0027902808506041765,-0.002136019291356206;1.9472054524349858e-10,0.2184402346611023,0.003570636035874486,-0.35900628566741943;0.28854209184646606,-0.1254691481590271,0.028184914961457253,-0.04545934498310089
;-84.84810638427734;-0.000006801571544201579,9.611310858304023e-9,-0.00279130507260561,-0.0021273703314363956;1.945699712457838e-10,0.21843761205673218,0.003553932998329401,-0.3588548004627228;0.2883993089199066,-0.12547282874584198,0.028176110237836838,-0.0454595685005188
;-84.84891510009766;-0.000006801540166634368,9.603787987089163e-9,-0.0027923292946070433,-0.0021187597885727882;1.9441945275922023e-10,0.21843495965003967,0.0035373056307435036,-0.35870322585105896;0.28825652599334717,-0.12547649443149567,0.028167303651571274,-0.045459795743227005
;-84.84972381591797;-0.000006801499694120139,9.596270444944821e-9,-0.0027933530509471893,-0.00211018742993474;1.9426868447247614e-10,0.21843236684799194,0.003520753001794219,-0.3585517406463623;0.28811365365982056,-0.12548018991947174,0.02815849892795086,-0.045460015535354614
;-84.85052490234375;-0.000006801451945648296,9.588760896406257e-9,-0.002794376341626048,-0.0021016534883528948;1.9411822149706381e-10,0.21842974424362183,0.003504276042804122,-0.35840022563934326;0.28797072172164917,-0.12548385560512543,0.028149688616394997,-0.04546024277806282
;-84.851318359375;-0.0000068014574026165064,9.581371251954351e-9,-0.0027953991666436195,-0.002093155402690172;1.9397065897930332e-10,0.21842718124389648,0.0034879157319664955,-0.35824859142303467;0.28783050179481506,-0.1254875361919403,0.028140878304839134,-0.04546046257019043
;-84.85211181640625;-0.000006801452400395647,9.573990489286643e-9,-0.0027964215259999037,-0.0020846950355917215;1.9382288829472571e-10,0.21842461824417114,0.0034716289956122637,-0.35809698700904846;0.28769025206565857,-0.125491201877594,0.028132066130638123,-0.04546068608760834
;-84.8529052734375;-0.0000068014410317118745,9.566615943867873e-9,-0.002797443652525544,-0.0020762719213962555;1.9367538128811645e-10,0.218422070145607,0.0034554169978946447,-0.3579453229904175;0.2875499427318573,-0.12549488246440887,0.02812325209379196,-0.04546090587973595
;-84.85369873046875;-0.000006801419658586383,9.559247615698041e-9,-0.0027984650805592537,-0.0020678862929344177;1.9352766611469008e-10,0.21841949224472046,0.0034392778761684895,-0.3577937185764313;0.28740960359573364,-0.12549856305122375,0.02811443619430065,-0.045461129397153854
;-84.8544921875;-0.000006801390100008575,9.551883728420307e-9,-0.0027994851116091013,-0.0020595381502062082;1.9338024237480766e-10,0.2184169441461563,0.003423212096095085,-0.3576420843601227;0.28726926445961,-0.12550224363803864,0.02810562029480934,-0.045461349189281464
;-84.85527801513672;-0.000006801360541430768,9.544526946569931e-9,-0.0028005035128444433,-0.0020512270275503397;1.9323287414607648e-10,0.21841436624526978,0.0034072184935212135,-0.3574904203414917;0.2871288061141968,-0.12550592422485352,0.028096800670027733,-0.04546156898140907
;-84.8560562133789;-0.000006801373729103943,9.537292733341474e-9,-0.0028015230782330036,-0.0020429505966603756;1.9308811494145317e-10,0.2184119075536728,0.003391339210793376,-0.3573387563228607;0.28699108958244324,-0.1255095899105072,0.028087979182600975,-0.045461781322956085
;-84.8568344116211;-0.000006801375548093347,9.530064737361954e-9,-0.0028025421779602766,-0.0020347111858427525;1.9294364717037382e-10,0.21840932965278625,0.003375530941411853,-0.3571869432926178;0.2868533134460449,-0.12551327049732208,0.028079159557819366,-0.045462001115083694
;-84.85761260986328;-0.000006801373729103943,9.522841182274533e-9,-0.002803560346364975,-0.002026508329436183;1.9279897123247736e-10,0.21840687096118927,0.003359794383868575,-0.35703521966934204;0.28671544790267944,-0.12551693618297577,0.02807033434510231,-0.045462217181921005
;-84.85839080810547;-0.000006801371455367189,9.515626508971309e-9,-0.0028045778162777424,-0.00201834156177938;1.9265457285033705e-10,0.21840432286262512,0.003344128839671612,-0.3568834960460663;0.28657767176628113,-0.12552061676979065,0.028061509132385254,-0.045462433248758316
;-84.85916900634766;-0.0000068013491727469955,9.508416276560183e-9,-0.0028055941220372915,-0.0020102113485336304;1.9251021610156016e-10,0.21840184926986694,0.003328534308820963,-0.35673174262046814;0.2864397466182709,-0.12552429735660553,0.028052685782313347,-0.04546264931559563
;-84.85994720458984;-0.000006801318249927135,9.501213149576415e-9,-0.0028066092636436224,-0.002002118155360222;1.9236562343039054e-10,0.218399316072464,0.003313011024147272,-0.35657998919487;0.2863018214702606,-0.1255279779434204,0.028043854981660843,-0.04546286538243294
;-84.86072540283203;-0.000006801278232160257,9.494015351663165e-9,-0.002807622542604804,-0.0019940605852752924;1.922213499483405e-10,0.21839681267738342,0.0032975575886666775,-0.35642823576927185;0.286163866519928,-0.1255316436290741,0.028035026043653488,-0.04546308517456055
;-84.86148834228516;-0.0000068012650444870815,9.486878838060875e-9,-0.0028086358215659857,-0.0019860374741256237;1.9207824220046632e-10,0.21839433908462524,0.003282194258645177,-0.3562764823436737;0.2860272526741028,-0.12553532421588898,0.028026191517710686,-0.04546329751610756
;-84.86225128173828;-0.000006801282324886415,9.479808937840062e-9,-0.0028096484020352364,-0.0019780490547418594;1.9193688305385592e-10,0.21839185059070587,0.0032669203355908394,-0.3561246395111084;0.28589195013046265,-0.12553900480270386,0.028017358854413033,-0.04546350985765457
;-84.8630142211914;-0.000006801280051149661,9.472742590332928e-9,-0.0028106607496738434,-0.0019700960256159306;1.917952879848528e-10,0.21838942170143127,0.003251714864745736,-0.3559727668762207;0.28575658798217773,-0.12554267048835754,0.02800852619111538,-0.045463722199201584
;-84.86377716064453;-0.000006801267772971187,9.465682460074731e-9,-0.002811672631651163,-0.0019621786195784807;1.9165398434939362e-10,0.2183869481086731,0.003236578544601798,-0.3558209240436554;0.28562119603157043,-0.12554635107517242,0.02799968607723713,-0.045463934540748596
;-84.86454010009766;-0.000006801260497013573,9.458629435243893e-9,-0.0028126840479671955,-0.001954294741153717;1.9151244479154172e-10,0.2183845043182373,0.0032215106766670942,-0.3556691110134125;0.28548577427864075,-0.1255500316619873,0.027990851551294327,-0.04546414688229561
;-84.86530303955078;-0.000006801230938435765,9.451580851305152e-9,-0.002813693368807435,-0.0019464479992166162;1.913711966672338e-10,0.21838203072547913,0.0032065112609416246,-0.3555172085762024;0.28535032272338867,-0.12555371224880219,0.027982011437416077,-0.04546435922384262
;-84.8660659790039;-0.000006801190465921536,9.44453848461535e-9,-0.0028147017583251,-0.001938635134138167;1.9122974037610874e-10,0.21837955713272095,0.0031915793661028147,-0.3553653657436371;0.2852148711681366,-0.12555737793445587,0.027973167598247528,-0.045464567840099335
;-84.86682891845703;-0.0000068011527218914125,9.437498782460807e-9,-0.002815708750858903,-0.0019308571936562657;1.9108854776295203e-10,0.21837712824344635,0.0031767154578119516,-0.3552134931087494;0.28507938981056213,-0.12556107342243195,0.02796432562172413,-0.04546478018164635
;-84.86759185791016;-0.000006801095878472552,9.430466185733621e-9,-0.0028167138807475567,-0.0019231137121096253;1.909471469829782e-10,0.21837463974952698,0.003161918604746461,-0.35506168007850647;0.28494375944137573,-0.12556475400924683,0.02795548178255558,-0.04546499252319336
;-84.86835479736328;-0.0000068010444920219015,9.423436253541695e-9,-0.002817717846482992,-0.0019154049223288894;1.9080603763654835e-10,0.2183721959590912,0.0031471881084144115,-0.3549097776412964;0.2848082184791565,-0.1255684345960617,0.027946632355451584,-0.04546520486474037
;-84.86910247802734;-0.000006801009021728532,9.416470270195987e-9,-0.0028187206480652094,-0.0019077290780842304;1.9066612177986997e-10,0.2183697521686554,0.003132545156404376,-0.3547578752040863;0.2846739590167999,-0.1255721151828766,0.027937786653637886,-0.045465417206287384
;-84.8698501586914;-0.000006800990377087146,9.409567347518077e-9,-0.002819723216816783,-0.0019000867614522576;1.9052792676887975e-10,0.21836741268634796,0.003117986489087343,-0.35460588335990906;0.28454098105430603,-0.12557579576969147,0.02792893908917904,-0.0454656220972538
;-84.87059783935547;-0.0000068009603637619875,9.402669753910686e-9,-0.002820726251229644,-0.0018924780888482928;1.903895097132846e-10,0.21836496889591217,0.003103493945673108,-0.3544539213180542;0.2844080328941345,-0.12557947635650635,0.027920085936784744,-0.045465826988220215
;-84.87134552001953;-0.000006800938535889145,9.395777489373813e-9,-0.0028217278886586428,-0.0018849031766876578;1.9025135633565782e-10,0.21836255490779877,0.0030890668276697397,-0.35430195927619934;0.28427502512931824,-0.12558315694332123,0.0279112346470356,-0.04546603560447693
;-84.8720932006836;-0.0000068008926064067055,9.388888777550619e-9,-0.0028227290604263544,-0.0018773620249703526;1.901129947912139e-10,0.21836018562316895,0.003074704436585307,-0.3541499376296997;0.28414198756217957,-0.1255868375301361,0.027902377769351006,-0.04546624422073364
;-84.87284088134766;-0.000006800854862376582,9.382007171154783e-9,-0.0028237286023795605,-0.0018698542844504118;1.899746610023456e-10,0.21835777163505554,0.003060407005250454,-0.35399800539016724;0.2840089499950409,-0.125590518116951,0.027893520891666412,-0.045466452836990356
;-84.87358856201172;-0.000006800789833505405,9.375128229294205e-9,-0.0028247269801795483,-0.0018623792566359043;1.8983660476923347e-10,0.21835534274578094,0.0030461749993264675,-0.3538459837436676;0.2838757634162903,-0.12559419870376587,0.02788466587662697,-0.04546665772795677
;-84.87433624267578;-0.000006800734354328597,9.368254616504146e-9,-0.002825723960995674,-0.0018549378728494048;1.8969834036930422e-10,0.21835298836231232,0.003032007021829486,-0.35369405150413513;0.2837427258491516,-0.12559789419174194,0.027875805273652077,-0.045466866344213486
;-84.87508392333984;-0.000006800658411520999,9.361384556427765e-9,-0.0028267200104892254,-0.0018475299002602696;1.8956035352513112e-10,0.21835055947303772,0.0030179035384207964,-0.3535420298576355;0.283609539270401,-0.12560157477855682,0.027866942808032036,-0.0454670749604702
;-84.8758316040039;-0.0000068005797402292956,9.354520713600323e-9,-0.0028277146629989147,-0.0018401544075459242;1.894221585141409e-10,0.2183481603860855,0.0030038633849471807,-0.35339003801345825;0.2834763526916504,-0.1256052553653717,0.027858082205057144,-0.04546728357672691
;-84.87657928466797;-0.000006800488790759118,9.34765864712972e-9,-0.0028287069872021675,-0.001832811627537012;1.8928422718111904e-10,0.2183457762002945,0.0029898874927312136,-0.3532380163669586;0.283343106508255,-0.12560895085334778,0.027849217876791954,-0.04546748846769333
;-84.87732696533203;-0.000006800392839068081,9.340801909729635e-9,-0.0028296979144215584,-0.001825501210987568;1.8914607380349224e-10,0.21834337711334229,0.0029759749304503202,-0.35308608412742615;0.28320983052253723,-0.12561264634132385,0.027840349823236465,-0.045467693358659744
;-84.8780746459961;-0.000006800281425967114,9.333948725043228e-9,-0.0028306874446570873,-0.0018182230414822698;1.8900797593701668e-10,0.2183409184217453,0.002962125465273857,-0.3529340326786041;0.28307652473449707,-0.12561632692813873,0.027831485494971275,-0.04546790197491646
;-84.87882232666016;-0.0000068001754698343575,9.327099093070501e-9,-0.0028316760435700417,-0.0018109772354364395;1.8887015562629728e-10,0.21833857893943787,0.0029483381658792496,-0.3527820408344269;0.2829432189464569,-0.1256200224161148,0.027822615578770638,-0.04546811059117317
;-84.87957000732422;-0.000006800044957344653,9.320253013811453e-9,-0.002832662547007203,-0.0018037637928500772;1.8873211327097295e-10,0.21833612024784088,0.0029346139635890722,-0.35263001918792725;0.28280988335609436,-0.12562371790409088,0.02781374379992485,-0.045468319207429886
;-84.88031768798828;-0.000006799920811317861,9.313410487266083e-9,-0.0028336478862911463,-0.0017965820152312517;1.8859432071582916e-10,0.2183336615562439,0.0029209512285888195,-0.3524780571460724;0.28267645835876465,-0.12562741339206696,0.027804872021079063,-0.0454685278236866
;-84.88106536865234;-0.0000067997789301443845,9.306571513434392e-9,-0.002834631595760584,-0.0017894321354106069;1.8845634774944386e-10,0.2183312177658081,0.0029073513578623533,-0.35232603549957275;0.2825430929660797,-0.12563112378120422,0.027795996516942978,-0.04546874016523361
;-84.8818130493164;-0.000006799634320486803,9.29973520413796e-9,-0.0028356139082461596,-0.0017823136877268553;1.8831865233881473e-10,0.2183288335800171,0.0028938131872564554,-0.3521740138530731;0.2824096381664276,-0.1256348192691803,0.027787121012806892,-0.045468948781490326
;-84.8825454711914;-0.000006799513357691467,9.292960179152487e-9,-0.0028365962207317352,-0.0017752257408574224;1.8818213654014926e-10,0.2183263897895813,0.002880353946238756,-0.3520219922065735;0.28227749466896057,-0.12563851475715637,0.02777824178338051,-0.04546915367245674
;-84.8832778930664;-0.000006799406946811359,9.286247326656394e-9,-0.0028375776018947363,-0.0017681685276329517;1.880470779092036e-10,0.2183239907026291,0.0028669738676398993,-0.3518698811531067;0.282146692276001,-0.12564221024513245,0.027769364416599274,-0.04546935856342316
;-84.8840103149414;-0.000006799305992899463,9.279538026873979e-9,-0.0028385589830577374,-0.0017611425137147307;1.879122829562263e-10,0.21832163631916046,0.002853653859347105,-0.35171785950660706;0.28201591968536377,-0.12564590573310852,0.02776048332452774,-0.04546956345438957
;-84.8847427368164;-0.000006799194579798495,9.272832279805243e-9,-0.0028395396657288074,-0.0017541476991027594;1.877772937142197e-10,0.21831923723220825,0.002840394154191017,-0.35156571865081787;0.28188496828079224,-0.1256495863199234,0.02775159850716591,-0.04546976462006569
;-84.8854751586914;-0.0000067990686147823,9.266130973628606e-9,-0.0028405191842466593,-0.0017471839673817158;1.876423322277887e-10,0.21831683814525604,0.002827194519340992,-0.35141363739967346;0.28175413608551025,-0.12565328180789948,0.027742717415094376,-0.0454699732363224
;-84.8862075805664;-0.000006798940830776701,9.259433220165647e-9,-0.0028414977714419365,-0.0017402503872290254;1.8750763441932605e-10,0.21831445395946503,0.002814054721966386,-0.35126152634620667;0.2816231846809387,-0.12565699219703674,0.027733830735087395,-0.04547017812728882
;-84.8869400024414;-0.000006798794402129715,9.252739907594787e-9,-0.002842474263161421,-0.0017333478899672627;1.8737271456625848e-10,0.218312069773674,0.002800974063575268,-0.3511093258857727;0.2814922332763672,-0.12566068768501282,0.027724942192435265,-0.045470379292964935
;-84.8876724243164;-0.000006798654794692993,9.246049259559186e-9,-0.0028434512205421925,-0.0017264760099351406;1.8723785022434214e-10,0.2183096706867218,0.002787953009828925,-0.3509572446346283;0.28136128187179565,-0.1256643831729889,0.027716055512428284,-0.04547058418393135
;-84.8884048461914;-0.000006798504728067201,9.239361276058844e-9,-0.0028444253839552402,-0.0017196345143020153;1.8710323568260634e-10,0.2183072865009308,0.0027749906294047832,-0.3508051335811615;0.28123024106025696,-0.12566809356212616,0.027707163244485855,-0.045470789074897766
;-84.8891372680664;-0.000006798336016800022,9.2326777334506e-9,-0.002845398848876357,-0.001712822588160634;1.8696842685184123e-10,0.21830490231513977,0.0027620873879641294,-0.3506530523300171;0.2810991704463959,-0.12567180395126343,0.027698270976543427,-0.04547099396586418
;-84.8898696899414;-0.000006798174581490457,9.225996855377616e-9,-0.0028463697526603937,-0.0017060411628335714;1.8683390945462008e-10,0.21830253303050995,0.0027492425870150328,-0.3505009114742279;0.2809680998325348,-0.1256754994392395,0.027689378708600998,-0.0454711988568306
;-84.8906021118164;-0.000006797987680329243,9.21931953001831e-9,-0.0028473404236137867,-0.0016992900054901838;1.866991422572184e-10,0.21830011904239655,0.002736456226557493,-0.3503488302230835;0.28083696961402893,-0.12567920982837677,0.02768048085272312,-0.04547140374779701
;-84.8913345336914;-0.000006797809419367695,9.212644869194264e-9,-0.002848308999091387,-0.0016925683012232184;1.8656441669318014e-10,0.2182977944612503,0.002723727375268936,-0.3501966595649719;0.28070586919784546,-0.12568290531635284,0.027671584859490395,-0.045471612364053726
;-84.8920669555664;-0.000006797619334975025,9.205974649262316e-9,-0.002849276177585125,-0.0016858765156939626;1.8642995480711022e-10,0.2182953953742981,0.002711056498810649,-0.35004448890686035;0.28057464957237244,-0.1256866157054901,0.02766268700361252,-0.04547181352972984
;-84.8927993774414;-0.0000067974119701830205,9.199306205687208e-9,-0.0028502419590950012,-0.0016792139504104853;1.86295298632011e-10,0.21829301118850708,0.0026984428986907005,-0.34989237785339355;0.2804434597492218,-0.12569032609462738,0.027653785422444344,-0.04547201842069626
;-84.8935317993164;-0.000006797206879127771,9.192640426647358e-9,-0.002851206576451659,-0.0016725808382034302;1.8616065633469958e-10,0.21829062700271606,0.0026858863420784473,-0.34974026679992676;0.2803122103214264,-0.12569403648376465,0.02764488384127617,-0.045472223311662674
;-84.8942642211914;-0.000006796985417167889,9.185976423964348e-9,-0.002852169331163168,-0.0016659769462421536;1.8602631934871994e-10,0.21828822791576385,0.0026733868289738894,-0.3495881259441376;0.2801809012889862,-0.1256977617740631,0.027635980397462845,-0.04547242447733879
;-84.8949966430664;-0.0000067967666836921126,9.179316862173437e-9,-0.0028531306888908148,-0.0016594022745266557;1.8589173256255975e-10,0.21828584372997284,0.002660944825038314,-0.3494359850883484;0.280049592256546,-0.12570147216320038,0.027627073228359222,-0.045472633093595505
;-84.8957290649414;-0.000006796540219511371,9.172659076739365e-9,-0.002854090416803956,-0.0016528564738109708;1.8575715965418738e-10,0.21828344464302063,0.0026485587004572153,-0.3492838144302368;0.27991828322410583,-0.12570518255233765,0.0276181660592556,-0.04547283798456192
;-84.8964614868164;-0.000006796291927457787,9.166003067662132e-9,-0.0028550494462251663,-0.0016463397769257426;1.8562290593493458e-10,0.21828106045722961,0.002636228920891881,-0.34913167357444763;0.27978694438934326,-0.1257089078426361,0.027609258890151978,-0.04547303915023804
;-84.8971939086914;-0.000006796049547119765,9.159352387655417e-9,-0.00285600614733994,-0.001639851718209684;1.8548841629328905e-10,0.218278706073761,0.00262395478785038,-0.34897950291633606;0.2796555459499359,-0.12571261823177338,0.027600347995758057,-0.04547324404120445
;-84.8979263305664;-0.000006795791705371812,9.152701707648703e-9,-0.002856961451470852,-0.0016333921812474728;1.8535396828500694e-10,0.21827630698680878,0.002611736999824643,-0.3488273620605469;0.2795241177082062,-0.12571634352207184,0.027591435238718987,-0.045473452657461166
;-84.8986587524414;-0.000006795532499381807,9.146054580355667e-9,-0.0028579162899404764,-0.001626961282454431;1.85219797832481e-10,0.21827389299869537,0.0025995748583227396,-0.3486751914024353;0.2793926000595093,-0.1257200688123703,0.027582524344325066,-0.04547365382313728
;-84.8993911743164;-0.000006795271474402398,9.13940922941947e-9,-0.0028588692657649517,-0.0016205585561692715;1.8508540533535012e-10,0.21827149391174316,0.0025874674320220947,-0.3485230803489685;0.27926111221313477,-0.12572377920150757,0.027573605999350548,-0.0454738587141037
;-84.9001235961914;-0.000006794987712055445,9.132765654840114e-9,-0.0028598206117749214,-0.0016141843516379595;1.849512765161876e-10,0.21826915442943573,0.002575415186583996,-0.34837085008621216;0.27912962436676025,-0.12572750449180603,0.02756469137966633,-0.045474063605070114
;-84.9008560180664;-0.000006794710770918755,9.126125632974436e-9,-0.002860770095139742,-0.0016078377375379205;1.8481693953020795e-10,0.21826675534248352,0.002563417423516512,-0.348218709230423;0.2789980173110962,-0.1257312297821045,0.02755577303469181,-0.04547426849603653
;-84.9015884399414;-0.0000067944115471618716,9.119487387465597e-9,-0.002861719112843275,-0.0016015191795304418;1.8468263029980392e-10,0.2182643711566925,0.0025514750741422176,-0.3480665385723114;0.2788664698600769,-0.12573495507240295,0.027546850964426994,-0.045474473387002945
;-84.9023208618164;-0.000006794120508857304,9.112850918313598e-9,-0.0028626665007323027,-0.0015952284447848797;1.8454861250294385e-10,0.2182619869709015,0.0025395862758159637,-0.34791436791419983;0.27873483300209045,-0.12573868036270142,0.027537928894162178,-0.04547467827796936
;-84.9030532836914;-0.000006793818556616316,9.106217113696857e-9,-0.0028636117931455374,-0.0015889653004705906;1.8441435878369106e-10,0.21825957298278809,0.0025277514941990376,-0.34776216745376587;0.278603196144104,-0.12574242055416107,0.027529004961252213,-0.04547487944364548
;-84.9037857055664;-0.000006793499778723344,9.099585085436956e-9,-0.002864555921405554,-0.00158273009583354;1.8428014669780168e-10,0.21825720369815826,0.0025159709621220827,-0.3476099967956543;0.27847152948379517,-0.12574614584445953,0.027520081028342247,-0.04547508433461189
;-84.9045181274414;-0.000006793183729314478,9.092954833533895e-9,-0.002865498885512352,-0.0015765218995511532;1.8414621216766847e-10,0.21825480461120605,0.0025042437482625246,-0.3474578261375427;0.27833980321884155,-0.1257498860359192,0.027511153370141983,-0.04547529295086861
;-84.9052505493164;-0.000006792847671022173,9.086326357987673e-9,-0.002866439986974001,-0.0015703412937000394;1.8401206947071813e-10,0.21825243532657623,0.0024925703182816505,-0.34730562567710876;0.27820804715156555,-0.12575361132621765,0.02750222384929657,-0.04547549784183502
;-84.9059829711914;-0.0000067925175244454294,9.07970143515513e-9,-0.002867379691451788,-0.0015641876962035894;1.838779406515556e-10,0.21825003623962402,0.002480949042364955,-0.3471534252166748;0.2780762314796448,-0.1257573515176773,0.027493294328451157,-0.04547569900751114
;-84.9067153930664;-0.000006792183285142528,9.073077400501006e-9,-0.002868318697437644,-0.0015580612234771252;1.8374407551036143e-10,0.218247652053833,0.0024693815503269434,-0.34700125455856323;0.2779444754123688,-0.12576107680797577,0.027484362944960594,-0.04547590762376785
;-84.9074478149414;-0.000006791829946450889,9.066455142203722e-9,-0.002869256306439638,-0.0015519614098593593;1.8361000220235013e-10,0.21824528276920319,0.002457866445183754,-0.3468489944934845;0.2778126001358032,-0.12576481699943542,0.027475429698824883,-0.04547611251473427
;-84.9081802368164;-0.000006791475243517198,9.059836436620117e-9,-0.0028701915871351957,-0.0015458888374269009;1.8347599828327787e-10,0.21824289858341217,0.0024464039597660303,-0.34671640396118164;0.2776806950569153,-0.12576813995838165,0.02746761031448841,-0.045476313680410385
;-84.9089126586914;-0.00000679110689816298,9.053218619214931e-9,-0.0028711254708468914,-0.0015398426912724972;1.8334223028659835e-10,0.21824054419994354,0.002434993162751198,-0.3465642035007477;0.27754881978034973,-0.1257718801498413,0.0274586733430624,-0.0454765185713768
;-84.9096450805664;-0.000006790744464524323,9.046602578166585e-9,-0.0028720591217279434,-0.00153382308781147;1.832082402453139e-10,0.21823813021183014,0.0024236342869699,-0.34641194343566895;0.2774169147014618,-0.12577562034130096,0.02744973450899124,-0.045476727187633514
;-84.91036987304688;-0.000006790375209675403,9.039988313475078e-9,-0.0028729906771332026,-0.0015278301434591413;1.8307454163757342e-10,0.21823576092720032,0.0024123270995914936,-0.3462792634963989;0.2772848904132843,-0.1257789433002472,0.02744191326200962,-0.04547692835330963
;-84.91108703613281;-0.000006790046427340712,9.033491288334972e-9,-0.002873921999707818,-0.0015218614134937525;1.829434520539408e-10,0.2182333767414093,0.0024011016357690096,-0.3461270034313202;0.27715566754341125,-0.12578268349170685,0.027432972565293312,-0.04547712951898575
;-84.91180419921875;-0.000006789723556721583,9.026997815908544e-9,-0.0028748540207743645,-0.001515919342637062;1.828123624703082e-10,0.21823106706142426,0.0023899271618574858,-0.3459746539592743;0.27702635526657104,-0.1257864236831665,0.027424030005931854,-0.04547732695937157
;-84.91252136230469;-0.000006789392045902787,9.020506119838956e-9,-0.0028757848776876926,-0.0015100029995664954;1.82681314520039e-10,0.21822874248027802,0.0023788034450262785,-0.34582236409187317;0.27689704298973083,-0.12579016387462616,0.027415085583925247,-0.045477528125047684
;-84.91323852539062;-0.00000678904507367406,9.014018864661466e-9,-0.002876715734601021,-0.0015041129663586617;1.8255051636995034e-10,0.21822640299797058,0.002367730252444744,-0.34567001461982727;0.27676764130592346,-0.12579390406608582,0.02740613929927349,-0.0454777292907238
;-84.91395568847656;-0.000006788705377402948,9.007532497662396e-9,-0.002877645194530487,-0.001498248428106308;1.824195378086202e-10,0.21822409331798553,0.002356707351282239,-0.3455372750759125;0.27663832902908325,-0.12579722702503204,0.027398310601711273,-0.04547793045639992
;-84.9146728515625;-0.00000678835749567952,9.001050571555425e-9,-0.0028785732574760914,-0.0014924100833013654;1.8228857312507785e-10,0.2182217538356781,0.0023457345087081194,-0.345424085855484;0.2765088677406311,-0.12580014765262604,0.027391595765948296,-0.045478127896785736
;-84.91537475585938;-0.00000678802416587132,8.994627265224153e-9,-0.0028795008547604084,-0.0014865963021293283;1.8215927377607244e-10,0.21821944415569305,0.0023348263930529356,-0.345310777425766;0.27638086676597595,-0.12580305337905884,0.027384886518120766,-0.04547832906246185
;-84.91607666015625;-0.000006787724487367086,8.988264355025422e-9,-0.002880428684875369,-0.0014808069681748748;1.820311679168185e-10,0.2182171493768692,0.002323982072994113,-0.3451583981513977;0.2762541174888611,-0.1258067935705185,0.02737593464553356,-0.04547852277755737
;-84.91677856445312;-0.0000067874184423999395,8.981906773897208e-9,-0.0028813565149903297,-0.0014750435948371887;1.8190308981314018e-10,0.21821489930152893,0.002313187113031745,-0.3450254797935486;0.2761273980140686,-0.12581010162830353,0.027368096634745598,-0.04547871649265289
;-84.91748046875;-0.0000067871060309698805,8.975550969125834e-9,-0.002882283413782716,-0.0014693051343783736;1.817750533428253e-10,0.2182125747203827,0.0023024410475045443,-0.34491220116615295;0.27600058913230896,-0.12581300735473633,0.02736138179898262,-0.04547891765832901
;-84.91818237304688;-0.000006786774065403733,8.969199605246558e-9,-0.0028832093812525272,-0.0014635917032137513;1.816470307502982e-10,0.2182103395462036,0.0022917434107512236,-0.3447597622871399;0.2758737802505493,-0.12581674754619598,0.027352426201105118,-0.04547911137342453
;-84.91888427734375;-0.0000067864452830690425,8.962851794080962e-9,-0.0028841346502304077,-0.0014579035341739655;1.8151927183573946e-10,0.21820801496505737,0.0022810951340943575,-0.34460732340812683;0.2757469415664673,-0.12582048773765564,0.027343466877937317,-0.04547930508852005
;-84.91958618164062;-0.0000067861087700293865,8.956505759272204e-9,-0.0028850578237324953,-0.0014522401615977287;1.8139127699878799e-10,0.2182057648897171,0.0022704945877194405,-0.34445494413375854;0.27562013268470764,-0.1258242279291153,0.027334509417414665,-0.04547950252890587
;-84.92028045654297;-0.000006785769528505625,8.950162388998706e-9,-0.002885980997234583,-0.0014466014690697193;1.8126336542856336e-10,0.21820345520973206,0.002259942004457116,-0.34434154629707336;0.27549323439598083,-0.1258271485567093,0.02732778526842594,-0.04547969996929169
;-84.92097473144531;-0.0000067854480221285485,8.943882079393006e-9,-0.002886903239414096,-0.00144098699092865;1.8113684163711952e-10,0.21820122003555298,0.0022494520526379347,-0.34420859813690186;0.2753676772117615,-0.12583047151565552,0.02731994539499283,-0.04547988995909691
;-84.92166137695312;-0.000006785154255339876,8.937660389563007e-9,-0.002887825481593609,-0.0014353962615132332;1.8101176113560768e-10,0.2181989997625351,0.0022390238009393215,-0.34407567977905273;0.27524349093437195,-0.12583379447460175,0.027312101796269417,-0.04548007994890213
;-84.92234802246094;-0.000006784860033803852,8.931443140625106e-9,-0.0028887472581118345,-0.0014298298629000783;1.808869304342764e-10,0.2181967794895172,0.0022286423482000828,-0.34394270181655884;0.27511924505233765,-0.12583710253238678,0.027304254472255707,-0.04548027366399765
;-84.92303466796875;-0.000006784553079342004,8.925230332579304e-9,-0.0028896681033074856,-0.001424287911504507;1.8076187768834018e-10,0.21819454431533813,0.0022183081600815058,-0.3438292443752289;0.27499502897262573,-0.12584000825881958,0.027297530323266983,-0.04548046365380287
;-84.92372131347656;-0.000006784242941648699,8.91902018906876e-9,-0.0028905884828418493,-0.001418770058080554;1.806368804535552e-10,0.21819229423999786,0.002208021003752947,-0.34367674589157104;0.27487075328826904,-0.12584374845027924,0.027288561686873436,-0.04548065736889839
;-84.92440795898438;-0.000006783924618503079,8.912813598271896e-9,-0.0028915083967149258,-0.0014132763026282191;1.805118832187702e-10,0.21819010376930237,0.0021977797150611877,-0.34354376792907715;0.27474644780158997,-0.12584707140922546,0.027280716225504875,-0.04548085108399391
;-84.92507934570312;-0.000006783624939998845,8.90666829178599e-9,-0.0028924262151122093,-0.0014078061794862151;1.8038832927391724e-10,0.21818788349628448,0.0021875996608287096,-0.3434107303619385;0.2746235132217407,-0.1258503943681717,0.027272865176200867,-0.045481037348508835
;-84.9257583618164;-0.000006783331173210172,8.900526538013764e-9,-0.002893345430493355,-0.001402359688654542;1.8026478920685207e-10,0.21818570792675018,0.0021774654742330313,-0.3432776927947998;0.2745004892349243,-0.12585371732711792,0.02726501226425171,-0.045481227338314056
;-84.92642974853516;-0.0000067830565058102366,8.894446068552497e-9,-0.0028942639473825693,-0.0013969361316412687;1.8014269242971892e-10,0.2181835025548935,0.0021673906594514847,-0.34314462542533875;0.27437886595726013,-0.12585702538490295,0.0272571612149477,-0.04548141360282898
;-84.9271011352539;-0.000006782777745684143,8.888370039983329e-9,-0.0028951819986104965,-0.0013915366725996137;1.8002058177479796e-10,0.21818134188652039,0.002157361712306738,-0.3430115282535553;0.27425721287727356,-0.12586036324501038,0.027249306440353394,-0.0454816035926342
;-84.92777252197266;-0.000006782487616874278,8.882297564127839e-9,-0.002896099118515849,-0.0013861607294529676;1.7989852663102823e-10,0.21817918121814728,0.00214737793430686,-0.34287843108177185;0.2741355299949646,-0.1258636713027954,0.027241453528404236,-0.045481789857149124
;-84.9284439086914;-0.000006782193395338254,8.876228640986028e-9,-0.0028970157727599144,-0.0013808081857860088;1.7977672128743905e-10,0.21817700564861298,0.0021374395582824945,-0.3427453339099884;0.27401378750801086,-0.12586699426174164,0.02723359689116478,-0.04548197612166405
;-84.92911529541016;-0.000006781892807339318,8.870164158736316e-9,-0.002897930797189474,-0.0013754786923527718;1.7965470777703274e-10,0.21817483007907867,0.0021275458857417107,-0.34261229634284973;0.2738921046257019,-0.12587031722068787,0.027225736528635025,-0.04548215866088867
;-84.9297866821289;-0.000006781584488635417,8.864102341021862e-9,-0.00289884558878839,-0.0013701730640605092;1.7953273589998986e-10,0.21817265450954437,0.0021176969166845083,-0.3424987196922302;0.2737703025341034,-0.12587322294712067,0.027219003066420555,-0.04548234865069389
;-84.9304428100586;-0.000006781307092751376,8.858101807618368e-9,-0.0028997589834034443,-0.0013648897875100374;1.7941215180172776e-10,0.21817053854465485,0.002107906388118863,-0.34238511323928833;0.2736499309539795,-0.12587612867355347,0.027212264016270638,-0.04548253118991852
;-84.93109893798828;-0.000006781047886761371,8.852162558525833e-9,-0.0029006730765104294,-0.0013596282806247473;1.7929299711560986e-10,0.21816837787628174,0.0020981733687222004,-0.3422715365886688;0.27353087067604065,-0.12587901949882507,0.02720552682876587,-0.04548271372914314
;-84.93175506591797;-0.000006780782769055804,8.846227750325397e-9,-0.002901586936786771,-0.0013543905224651098;1.7917385630727978e-10,0.2181662619113922,0.0020884841214865446,-0.34215787053108215;0.2734117805957794,-0.12588192522525787,0.02719878777861595,-0.045482899993658066
;-84.9323959350586;-0.000006780550393159501,8.8403533382575e-9,-0.0029025005642324686,-0.0013491743011400104;1.790561449110939e-10,0.21816420555114746,0.002078852616250515,-0.3420441448688507;0.273294061422348,-0.12588481605052948,0.027192048728466034,-0.045483075082302094
;-84.93303680419922;-0.000006780337571399286,8.834542875035822e-9,-0.0029034155886620283,-0.0013439804315567017;1.789398490492644e-10,0.21816211938858032,0.002069277223199606,-0.34193044900894165;0.27317771315574646,-0.1258877068758011,0.027185307815670967,-0.04548325762152672
;-84.93367767333984;-0.000006780117928428808,8.828735964527823e-9,-0.0029043303802609444,-0.001338809379376471;1.7882359482079835e-10,0.21816004812717438,0.00205974536947906,-0.3418167233467102;0.2730613350868225,-0.1258906126022339,0.0271785669028759,-0.045483436435461044
;-84.93431854248047;-0.000006779902378184488,8.822934383090342e-9,-0.002905244706198573,-0.0013336606789380312;1.787073544701201e-10,0.21815799176692963,0.0020502563565969467,-0.34170296788215637;0.27294495701789856,-0.1258935034275055,0.027171824127435684,-0.04548361152410507
;-84.93494415283203;-0.000006779693649150431,8.8171931977854e-9,-0.002906159032136202,-0.0013285335153341293;1.785922798536177e-10,0.21815595030784607,0.00204082322306931,-0.3415892422199249;0.2728298604488373,-0.1258963942527771,0.027165081351995468,-0.0454837903380394
;-84.9355697631836;-0.000006779529940104112,8.811514184969838e-9,-0.0029070740565657616,-0.0013234280049800873;1.7847885669386443e-10,0.2181539386510849,0.002031445736065507,-0.3414754271507263;0.2727161943912506,-0.1258992701768875,0.027158334851264954,-0.04548396170139313
;-84.93619537353516;-0.000006779346676921705,8.805842277581633e-9,-0.0029079895466566086,-0.0013183447299525142;1.7836544741189897e-10,0.21815189719200134,0.0020221099257469177,-0.34136155247688293;0.27260246872901917,-0.12590214610099792,0.02715159021317959,-0.04548413306474686
;-84.93682098388672;-0.000006779168870707508,8.800173922907106e-9,-0.0029089038725942373,-0.0013132838066667318;1.7825207976329693e-10,0.21814990043640137,0.002012816723436117,-0.3412477374076843;0.2724887430667877,-0.12590503692626953,0.027144843712449074,-0.045484308153390884
;-84.93743133544922;-0.000006779009709134698,8.794567740721959e-9,-0.0029098186641931534,-0.0013082441873848438;1.7814011377126349e-10,0.21814796328544617,0.0020035780034959316,-0.34113389253616333;0.2723763883113861,-0.12590792775154114,0.02713809721171856,-0.04548448324203491
;-84.93804168701172;-0.0000067788710111926775,8.78902550738303e-9,-0.0029107339214533567,-0.0013032258721068501;1.7802956331358644e-10,0.2181459218263626,0.001994393765926361,-0.34101995825767517;0.27226540446281433,-0.12591080367565155,0.027131346985697746,-0.045484647154808044
;-84.93865203857422;-0.000006778737315471517,8.7834877149362e-9,-0.00291164917871356,-0.0012982292100787163;1.7791879081130446e-10,0.218144029378891,0.0019852507393807173,-0.3409060537815094;0.2721543610095978,-0.12591369450092316,0.027124598622322083,-0.045484818518161774
;-84.93926239013672;-0.000006778584065614268,8.777955251559888e-9,-0.00291256420314312,-0.0012932544341310859;1.7780828198699083e-10,0.21814203262329102,0.001976148923859,-0.34079211950302124;0.2720433175563812,-0.12591657042503357,0.02711784839630127,-0.045484986156225204
;-84.93987274169922;-0.000006778433998988476,8.772428117254094e-9,-0.002913478296250105,-0.001288301427848637;1.7769780091825282e-10,0.21814009547233582,0.001967088086530566,-0.3406781852245331;0.2719322443008423,-0.12591944634914398,0.027111098170280457,-0.045485157519578934
;-84.94047546386719;-0.000006778268016205402,8.76690364748356e-9,-0.0029143914580345154,-0.0012833698419854045;1.7758731984951481e-10,0.21813811361789703,0.001958067761734128,-0.34056422114372253;0.27182117104530334,-0.1259223371744156,0.027104346081614494,-0.04548532888293266
;-84.94107055664062;-0.000006778172974009067,8.761500858156523e-9,-0.0029153048526495695,-0.0012784585123881698;1.774796559717018e-10,0.2181362509727478,0.0019491136772558093,-0.340450257062912;0.2717128098011017,-0.125925213098526,0.027097592130303383,-0.045485492795705795
;-84.94166564941406;-0.00000677805655868724,8.756103397900006e-9,-0.0029162184800952673,-0.0012735682539641857;1.7737177004928384e-10,0.2181343138217926,0.0019401995232328773,-0.3403361737728119;0.2716044485569,-0.12592807412147522,0.02709083817899227,-0.04548565670847893
;-84.9422607421875;-0.000006777947874070378,8.750711266714006e-9,-0.002917132107540965,-0.0012686996487900615;1.7726412004925862e-10,0.21813242137432098,0.00193132518325001,-0.34022220969200134;0.2714960277080536,-0.12593096494674683,0.02708408422768116,-0.04548582062125206
;-84.94285583496094;-0.000006777821454306832,8.745322688241686e-9,-0.002918045502156019,-0.001263852114789188;1.7715651168259683e-10,0.21813048422336578,0.0019224906573072076,-0.340108186006546;0.27138763666152954,-0.12593382596969604,0.02707732655107975,-0.04548598825931549
;-84.94345092773438;-0.000006777695944037987,8.739940327018303e-9,-0.0029189572669565678,-0.0012590255355462432;1.7704893107151065e-10,0.21812862157821655,0.00191369594540447,-0.3399941325187683;0.2712792456150055,-0.12593671679496765,0.02707057259976864,-0.04548615217208862
;-84.94404602050781;-0.000006777567250537686,8.734562406687019e-9,-0.0029198683332651854,-0.0012542200274765491;1.7694112841581955e-10,0.21812672913074493,0.0019049406982958317,-0.3398801386356354;0.2711707651615143,-0.12593959271907806,0.02706381306052208,-0.045486316084861755
;-84.94463348388672;-0.000006777419912395999,8.729188039069413e-9,-0.0029207789339125156,-0.0012494355905801058;1.7683356168252118e-10,0.21812479197978973,0.001896224799565971,-0.33976617455482483;0.27106234431266785,-0.12594246864318848,0.02705705538392067,-0.04548647999763489
;-84.9452133178711;-0.0000067773412411042955,8.723933575538467e-9,-0.0029216886032372713,-0.0012446704786270857;1.767288121401478e-10,0.2181229293346405,0.001887572812847793,-0.33965200185775757;0.2709566056728363,-0.1259453445672989,0.02705029584467411,-0.04548664018511772
;-84.94579315185547;-0.000006777256658097031,8.71868355289962e-9,-0.002922598971053958,-0.0012399262050166726;1.7662384055316949e-10,0.21812112629413605,0.0018789595924317837,-0.3395378589630127;0.27085089683532715,-0.1259482204914093,0.02704353630542755,-0.045486800372600555
;-84.94637298583984;-0.000006777151156711625,8.713437971152871e-9,-0.0029235088732093573,-0.001235202536918223;1.7651911876637172e-10,0.21811921894550323,0.0018703846726566553,-0.339423805475235;0.2707451581954956,-0.12595109641551971,0.027036773040890694,-0.04548696056008339
;-84.94695281982422;-0.000006777052021789132,8.70819860665506e-9,-0.002924418542534113,-0.0012304993579164147;1.7641442473514957e-10,0.218117356300354,0.0018618481699377298,-0.3393096923828125;0.2706393301486969,-0.12595397233963013,0.027030011638998985,-0.04548712074756622
;-84.9475326538086;-0.000006776949703635182,8.702962794870928e-9,-0.0029253268148750067,-0.0012258166680112481;1.7630949478153468e-10,0.21811552345752716,0.001853350200690329,-0.33919551968574524;0.27053356170654297,-0.12595683336257935,0.02702324651181698,-0.04548728093504906
;-84.94811248779297;-0.00000677684101901832,8.697730535800474e-9,-0.002926233923062682,-0.0012211543507874012;1.7620484238367595e-10,0.21811366081237793,0.0018448906484991312,-0.33908143639564514;0.27042776346206665,-0.12595970928668976,0.02701648510992527,-0.04548744484782219
;-84.94869232177734;-0.000006776711416023318,8.692504493978959e-9,-0.002927140099927783,-0.0012165120569989085;1.7610020386360503e-10,0.2181118130683899,0.0018364688148722053,-0.33896729350090027;0.27032187581062317,-0.12596258521080017,0.027009718120098114,-0.045487601310014725
;-84.94927215576172;-0.000006776587724743877,8.687281116692702e-9,-0.0029280451126396656,-0.0012118902523070574;1.7599532942114138e-10,0.21810998022556305,0.001828084816224873,-0.3388531804084778;0.27021607756614685,-0.12596546113491058,0.027002954855561256,-0.04548776149749756
;-84.94984436035156;-0.000006776460850232979,8.682061292120125e-9,-0.00292894896119833,-0.0012072884710505605;1.7589070477885826e-10,0.218108132481575,0.0018197383033111691,-0.3387390673160553;0.270110160112381,-0.1259683519601822,0.026996184140443802,-0.04548792168498039
;-84.95040893554688;-0.000006776387181162136,8.676960483455787e-9,-0.0029298528097569942,-0.0012027053162455559;1.7578889732750014e-10,0.21810632944107056,0.001811453141272068,-0.33862483501434326;0.27000710368156433,-0.1259712129831314,0.026989419013261795,-0.04548807814717293
;-84.95097351074219;-0.00000677629714118666,8.671863227505128e-9,-0.0029307580552995205,-0.00119814183562994;1.7568686783153709e-10,0.2181045114994049,0.001803204882889986,-0.3385106325149536;0.26990392804145813,-0.12597408890724182,0.02698264829814434,-0.04548823460936546
;-84.9515380859375;-0.000006776212103432044,8.666771300624987e-9,-0.002931662369519472,-0.0011935982620343566;1.7558508813575457e-10,0.21810275316238403,0.0017949937609955668,-0.3383964002132416;0.2698007822036743,-0.12597694993019104,0.026975879445672035,-0.045488391071558
;-84.95210266113281;-0.000006776121608709218,8.661682926458525e-9,-0.002932565286755562,-0.0011890744790434837;1.7548307251757933e-10,0.2181009203195572,0.001786819426342845,-0.33828213810920715;0.2696976065635681,-0.12597982585430145,0.02696910686790943,-0.045488543808460236
;-84.95266723632812;-0.000006776025657018181,8.656598993184161e-9,-0.002933467971161008,-0.001184570137411356;1.7538132057737243e-10,0.21809913218021393,0.001778681529685855,-0.3381679356098175;0.2695944607257843,-0.12598270177841187,0.026962336152791977,-0.04548870399594307
;-84.95323181152344;-0.000006775921974622179,8.651519500801896e-9,-0.0029343690257519484,-0.0011800855863839388;1.7527937434813623e-10,0.21809731423854828,0.001770580536685884,-0.33805373311042786;0.2694912254810333,-0.12598557770252228,0.026955561712384224,-0.045488860458135605
;-84.95379638671875;-0.000006775812835257966,8.64644356113331e-9,-0.002935269149020314,-0.001175620243884623;1.7517765016350495e-10,0.2180955410003662,0.0017625156324356794,-0.3379395306110382;0.26938799023628235,-0.1259884536266327,0.02694879099726677,-0.04548901319503784
;-84.95436096191406;-0.000006775698238925543,8.641371174178403e-9,-0.002936168108135462,-0.0011711744591593742;1.7507595373444929e-10,0.21809372305870056,0.0017544870497658849,-0.3378252685070038;0.26928475499153137,-0.1259913295507431,0.026942012831568718,-0.04548916965723038
;-84.95492553710938;-0.000006775564088457031,8.636301451758754e-9,-0.0029370663687586784,-0.0011667478829622269;1.749740491385765e-10,0.2180919349193573,0.0017464945558458567,-0.33771106600761414;0.269181489944458,-0.12599420547485352,0.026935240253806114,-0.04548932984471321
;-84.95549011230469;-0.000006775433121219976,8.631236170231205e-9,-0.0029379629995673895,-0.0011623406317085028;1.7487239434288426e-10,0.21809011697769165,0.001738538034260273,-0.3375968039035797;0.26907822489738464,-0.12599708139896393,0.026928462088108063,-0.04548948258161545
;-84.9560546875;-0.000006775300334993517,8.626173553238914e-9,-0.002938858000561595,-0.0011579521233215928;1.747705036247993e-10,0.21808834373950958,0.0017306170193478465,-0.3374825417995453;0.2689749300479889,-0.12599995732307434,0.02692168578505516,-0.04548963904380798
;-84.95661926269531;-0.0000067751634560409,8.621115377138722e-9,-0.002939752070233226,-0.0011535828234627843;1.7466887658468266e-10,0.21808654069900513,0.001722731743939221,-0.33736833930015564;0.26887157559394836,-0.12600283324718475,0.02691490575671196,-0.04548979178071022
;-84.95718383789062;-0.000006775015663151862,8.616058089216949e-9,-0.0029406449757516384,-0.0011492324993014336;1.7456729117792946e-10,0.21808472275733948,0.0017148817423731089,-0.337254136800766;0.26876822113990784,-0.12600570917129517,0.02690812759101391,-0.045489948242902756
;-84.95774841308594;-0.0000067748660512734205,8.611004354008855e-9,-0.0029415367171168327,-0.0011449010344222188;1.7446545597099572e-10,0.21808288991451263,0.0017070670146495104,-0.33713987469673157;0.2686648666858673,-0.12600858509540558,0.026901347562670708,-0.04549010843038559
;-84.95829772949219;-0.000006774733265046962,8.606010126754882e-9,-0.0029424282256513834,-0.001140587730333209;1.743652722208111e-10,0.21808117628097534,0.001699298620223999,-0.33702558279037476;0.26856285333633423,-0.12601147592067719,0.026894565671682358,-0.04549026116728783
;-84.95884704589844;-0.000006774634584871819,8.601077183811867e-9,-0.002943318570032716,-0.0011362922377884388;1.7426624032701454e-10,0.21807940304279327,0.0016915762098506093,-0.33691126108169556;0.26846224069595337,-0.1260143518447876,0.026887783780694008,-0.045490413904190063
;-84.95939636230469;-0.000006774529083486414,8.596147793582531e-9,-0.00294421031139791,-0.0011320153716951609;1.741674443556107e-10,0.2180776447057724,0.0016838886076584458,-0.33679690957069397;0.2683615982532501,-0.12601721286773682,0.02688100002706051,-0.045490562915802
;-84.95994567871094;-0.000006774416760890745,8.591221067888455e-9,-0.0029451013542711735,-0.0011277570156380534;1.740684818507532e-10,0.2180759161710739,0.0016762351151555777,-0.33668261766433716;0.26826098561286926,-0.12602008879184723,0.02687421441078186,-0.04549071565270424
;-84.96051025390625;-0.000006774262146791443,8.586241051489196e-9,-0.0029459914658218622,-0.0011235177516937256;1.739683536117198e-10,0.21807411313056946,0.0016686051385477185,-0.33654874563217163;0.2681589126586914,-0.12602339684963226,0.02686629816889763,-0.045490868389606476
;-84.96107482910156;-0.000006774074790882878,8.581205968027916e-9,-0.002946878084912896,-0.0011192974634468555;1.7386662942708853e-10,0.2180723398923874,0.0016609984450042248,-0.336434543132782;0.26805543899536133,-0.12602628767490387,0.02685951255261898,-0.04549102485179901
;-84.96162414550781;-0.00000677390653436305,8.576230392520756e-9,-0.002947763307020068,-0.0011150948703289032;1.7376655669920638e-10,0.21807056665420532,0.0016534365713596344,-0.3363202214241028;0.26795336604118347,-0.12602916359901428,0.026852725073695183,-0.04549117758870125
;-84.96218872070312;-0.000006773746463295538,8.571258369727275e-9,-0.0029486475978046656,-0.0011109102051705122;1.736664562157486e-10,0.21806880831718445,0.0016459089238196611,-0.33618634939193726;0.26785117387771606,-0.12603247165679932,0.026844806969165802,-0.045491334050893784
;-84.96275329589844;-0.00000677354228173499,8.566231279871772e-9,-0.0029495300259441137,-0.0011067443992942572;1.7356480142005637e-10,0.21806700527668,0.0016384044429287314,-0.3360721468925476;0.2677476406097412,-0.12603536248207092,0.026838015764951706,-0.04549148678779602
;-84.96331787109375;-0.000006773318091291003,8.561205078194689e-9,-0.0029504105914384127,-0.0011025964049622416;1.7346339642454467e-10,0.21806517243385315,0.0016309338388964534,-0.33593830466270447;0.26764407753944397,-0.12603867053985596,0.026830095797777176,-0.045491643249988556
;-84.96388244628906;-0.0000067731075432675425,8.556180652874446e-9,-0.0029512890614569187,-0.0010984664550051093;1.7336175550664024e-10,0.21806342899799347,0.0016234965296462178,-0.33582407236099243;0.26754051446914673,-0.12604156136512756,0.02682330273091793,-0.04549180343747139
;-84.96444702148438;-0.000006772883807570906,8.551158892089461e-9,-0.002952165901660919,-0.0010943543165922165;1.7326037826670415e-10,0.21806159615516663,0.001616092980839312,-0.3356902301311493;0.2674369513988495,-0.1260448843240738,0.02681538090109825,-0.04549195244908333
;-84.96501159667969;-0.0000067726587076322176,8.546138019482896e-9,-0.0029530415777117014,-0.0010902598733082414;1.7315877898216314e-10,0.21805980801582336,0.0016087224939838052,-0.33557596802711487;0.2673332691192627,-0.1260477751493454,0.026808585971593857,-0.04549211263656616
;-84.965576171875;-0.000006772423148504458,8.54111892323317e-9,-0.002953915623947978,-0.001086183125153184;1.7305742949780267e-10,0.21805797517299652,0.0016013854183256626,-0.33546170592308044;0.2672296464443207,-0.126050665974617,0.02680179290473461,-0.0454922653734684
;-84.96614074707031;-0.000006772183951397892,8.536102491518704e-9,-0.002954788040369749,-0.0010821238392964005;1.7295610776901782e-10,0.21805617213249207,0.0015940810553729534,-0.33534741401672363;0.2671259939670563,-0.1260535567998886,0.026794996112585068,-0.045492421835660934
;-84.96670532226562;-0.000006771928838134045,8.531086947982658e-9,-0.0029556602239608765,-0.0010780822485685349;1.7285455011784023e-10,0.2180543839931488,0.0015868099872022867,-0.33521363139152527;0.2670223116874695,-0.12605687975883484,0.02678706683218479,-0.04549258202314377
;-84.96726989746094;-0.000006771681000827812,8.526072292625031e-9,-0.0029565312433987856,-0.0010740580037236214;1.727532700224188e-10,0.21805259585380554,0.0015795713989064097,-0.33509939908981323;0.2669185996055603,-0.12605977058410645,0.026780270040035248,-0.045492734760046005
;-84.96783447265625;-0.000006771427251806017,8.521060301802663e-9,-0.002957399934530258,-0.00107005110476166;1.7265175400460464e-10,0.21805080771446228,0.0015723655233159661,-0.3349851071834564;0.26681485772132874,-0.12606266140937805,0.026773469522595406,-0.04549289122223854
;-84.96839904785156;-0.000006771163498342503,8.516049199158715e-9,-0.0029582679271698,-0.0010660614352673292;1.7255051554254663e-10,0.2180490344762802,0.0015651917783543468,-0.3348707854747772;0.26671117544174194,-0.12606556713581085,0.026766672730445862,-0.045493047684431076
;-84.96896362304688;-0.000006770901563868392,8.511039872871606e-9,-0.0029591345228254795,-0.0010620889952406287;1.7244926320270082e-10,0.21804724633693695,0.0015580508625134826,-0.3347565233707428;0.2666073739528656,-0.12606845796108246,0.02675987035036087,-0.04549320414662361
;-84.96951293945312;-0.000006770654636056861,8.506088278181778e-9,-0.002960000652819872,-0.0010581329697743058;1.7234917659703086e-10,0.2180454283952713,0.001550951856188476,-0.3346422016620636;0.26650500297546387,-0.12607134878635406,0.026753071695566177,-0.04549335688352585
;-84.97006225585938;-0.000006770442723791348,8.50119619144607e-9,-0.002960867015644908,-0.0010541934752836823;1.7225072757032223e-10,0.21804367005825043,0.0015438954578712583,-0.3345278203487396;0.26640403270721436,-0.12607423961162567,0.026746267452836037,-0.045493509620428085
;-84.97062683105469;-0.000006770201252948027,8.49624903764834e-9,-0.0029617331456393003,-0.0010502716759219766;1.721506964758035e-10,0.21804192662239075,0.0015368600143119693,-0.3343939483165741;0.26630160212516785,-0.1260775625705719,0.026738332584500313,-0.04549366235733032
;-84.97119140625;-0.000006769898845959688,8.491246816788589e-9,-0.0029625974129885435,-0.0010463671060279012;1.7204951352489672e-10,0.2180401086807251,0.0015298464568331838,-0.3342796564102173;0.2661977708339691,-0.1260804682970047,0.026731526479125023,-0.04549381881952286
;-84.97174835205078;-0.000006769610536139226,8.486245484107258e-9,-0.0029634598176926374,-0.0010424795327708125;1.7194813628496064e-10,0.21803829073905945,0.0015228645643219352,-0.33416539430618286;0.266093909740448,-0.1260833740234375,0.02672472409904003,-0.04549397528171539
;-84.97229766845703;-0.000006769372248527361,8.481359614620487e-9,-0.002964321058243513,-0.0010386075591668487;1.7184974276940324e-10,0.21803657710552216,0.001515934127382934,-0.3340510427951813;0.26599282026290894,-0.1260862648487091,0.026717914268374443,-0.04549412429332733
;-84.97286224365234;-0.000006769108495063847,8.476419566250115e-9,-0.002965182764455676,-0.0010347526986151934;1.7174976718603574e-10,0.2180348038673401,0.0015090246452018619,-0.33389759063720703;0.26589033007621765,-0.12609001994132996,0.02670884132385254,-0.04549428075551987
;-84.97342681884766;-0.000006768787898181472,8.471423562639302e-9,-0.0029660409782081842,-0.0010309148347005248;1.716486675018558e-10,0.21803300082683563,0.0015021362341940403,-0.3337832987308502;0.26578640937805176,-0.12609292566776276,0.02670203149318695,-0.045494433492422104
;-84.97399139404297;-0.000006768474577256711,8.466429335385328e-9,-0.0029668977949768305,-0.0010270936181768775;1.715475816954637e-10,0.21803118288516998,0.0014952789060771465,-0.333668977022171;0.26568251848220825,-0.12609583139419556,0.02669522352516651,-0.04549458995461464
;-84.97455596923828;-0.000006768156254111091,8.461435108131354e-9,-0.002967752981930971,-0.0010232888162136078;1.7144628772225445e-10,0.21802940964698792,0.0014884526608511806,-0.3335546851158142;0.2655785381793976,-0.12609873712062836,0.026688411831855774,-0.045494746416807175
;-84.9751205444336;-0.000006767831109755207,8.4564417690558e-9,-0.0029686065390706062,-0.001019500195980072;1.7134524354922576e-10,0.21802760660648346,0.0014816572656854987,-0.3334404230117798;0.26547446846961975,-0.12610164284706116,0.026681602001190186,-0.04549490287899971
;-84.9756851196289;-0.00000676750460115727,8.451450206337086e-9,-0.0029694584663957357,-0.001015727873891592;1.7124397733159213e-10,0.21802577376365662,0.0014748921385034919,-0.333326131105423;0.26537057757377625,-0.12610454857349396,0.0266747884452343,-0.045495059341192245
;-84.97623443603516;-0.000006767193553969264,8.446516375215651e-9,-0.0029703096952289343,-0.0010119713842868805;1.7114433481513203e-10,0.21802404522895813,0.0014681678730994463,-0.3332117795944214;0.265267938375473,-0.12610745429992676,0.02666797861456871,-0.04549521580338478
;-84.9767837524414;-0.000006766918431821978,8.441641163869917e-9,-0.002971162088215351,-0.0010082304943352938;1.7104585803284778e-10,0.21802228689193726,0.0014614830724895,-0.333097368478775;0.265166699886322,-0.12611036002635956,0.026661161333322525,-0.04549536481499672
;-84.97734832763672;-0.000006766601018171059,8.436710885462162e-9,-0.0029720142483711243,-0.0010045060189440846;1.7094624327196328e-10,0.21802054345607758,0.0014548188773915172,-0.3329634964466095;0.2650640606880188,-0.12611369788646698,0.026653209701180458,-0.04549551382660866
;-84.97791290283203;-0.000006766249043721473,8.431724651813965e-9,-0.0029728636145591736,-0.001000798074528575;1.7084528236566143e-10,0.21801872551441193,0.0014481747057288885,-0.33282965421676636;0.26495999097824097,-0.1261170357465744,0.02664525806903839,-0.04549567401409149
;-84.97847747802734;-0.000006765892976545729,8.426740194522608e-9,-0.0029737106524407864,-0.0009971060790121555;1.7074409941475466e-10,0.21801693737506866,0.001441560685634613,-0.3327152729034424;0.26485589146614075,-0.1261199414730072,0.026638438925147057,-0.04549583047628403
;-84.97904205322266;-0.000006765531907149125,8.421756625409671e-9,-0.00297455582767725,-0.0009934299159795046;1.7064319401960404e-10,0.21801510453224182,0.0014349764678627253,-0.3326009511947632;0.26475173234939575,-0.1261228621006012,0.02663162164390087,-0.045495983213186264
;-84.97960662841797;-0.000006765169473510468,8.416773056296734e-9,-0.0029753996059298515,-0.000989769585430622;1.7054203882427288e-10,0.21801331639289856,0.0014284220524132252,-0.33248665928840637;0.26464763283729553,-0.126125767827034,0.026624802500009537,-0.0454961434006691
;-84.98017120361328;-0.0000067648002186615486,8.411790375362216e-9,-0.0029762419871985912,-0.0009861247381195426;1.7044116118469788e-10,0.21801148355007172,0.0014218972064554691,-0.33237239718437195;0.26454344391822815,-0.126128688454628,0.026617983356118202,-0.04549629986286163
;-84.98072052001953;-0.000006764449153706664,8.406866314203398e-9,-0.0029770839028060436,-0.0009824951412156224;1.7034164356832804e-10,0.21800974011421204,0.001415411476045847,-0.332258015871048;0.2644406855106354,-0.1261315941810608,0.02661116048693657,-0.04549645259976387
;-84.98126983642578;-0.000006764131285308395,8.402000872820281e-9,-0.002977927215397358,-0.0009788806783035398;1.7024330556392187e-10,0.21800802648067474,0.0014089641626924276,-0.3321436047554016;0.26433929800987244,-0.1261344999074936,0.026604341343045235,-0.04549660533666611
;-84.98181915283203;-0.000006763809324183967,8.397136319615583e-9,-0.0029787691310048103,-0.0009752814657986164;1.7014520348190842e-10,0.21800626814365387,0.001402545953169465,-0.33202922344207764;0.2642379105091095,-0.12613742053508759,0.026597516611218452,-0.045496754348278046
;-84.98237609863281;-0.000006763481451343978,8.392274430946145e-9,-0.002979610813781619,-0.000971697736531496;1.7004690711086567e-10,0.21800446510314941,0.001396156381815672,-0.33189529180526733;0.26413649320602417,-0.126140758395195,0.02658955566585064,-0.045496903359889984
;-84.98294067382812;-0.000006763089004380163,8.387299743617405e-9,-0.0029804506339132786,-0.0009681304218247533;1.699460849824419e-10,0.21800275146961212,0.0013897770550101995,-0.33178094029426575;0.264032244682312,-0.126143679022789,0.026582730934023857,-0.04549706354737282
;-84.98348999023438;-0.00000676271292832098,8.382382787885945e-9,-0.002981288591399789,-0.0009645780082792044;1.698464563437696e-10,0.21800093352794647,0.0013834357960149646,-0.3316665589809418;0.2639293372631073,-0.1261465847492218,0.026575904339551926,-0.045497212558984756
;-84.98403930664062;-0.000006762374141544569,8.377524451930185e-9,-0.002982126548886299,-0.000961040030233562;1.697484097729074e-10,0.2179991602897644,0.0013771322555840015,-0.3315522074699402;0.2638278603553772,-0.1261495053768158,0.026569077745079994,-0.04549736902117729
;-84.98458862304688;-0.000006762027624063194,8.372667004152845e-9,-0.0029829642735421658,-0.0009575173025950789;1.6965016891301588e-10,0.2179974466562271,0.0013708571204915643,-0.33143776655197144;0.2637263834476471,-0.1261524111032486,0.026562249287962914,-0.04549751803278923
;-84.98513793945312;-0.000006761674285371555,8.367811332732344e-9,-0.002983800368383527,-0.0009540096507407725;1.695521917310927e-10,0.21799568831920624,0.0013646101579070091,-0.3313233554363251;0.2636248767375946,-0.1261553317308426,0.026555420830845833,-0.04549767076969147
;-84.98568725585938;-0.000006761320491932565,8.362957437668683e-9,-0.0029846355319023132,-0.0009505169582553208;1.694539786267768e-10,0.21799398958683014,0.001358391484245658,-0.3312089443206787;0.26352331042289734,-0.1261582374572754,0.026548592373728752,-0.045497819781303406
;-84.98623657226562;-0.0000067609553298098035,8.358106207140281e-9,-0.0029854695312678814,-0.0009470393415540457;1.6935600144485363e-10,0.21799218654632568,0.0013522007502615452,-0.33109450340270996;0.2634217441082001,-0.12616115808486938,0.026541760191321373,-0.04549797251820564
;-84.98678588867188;-0.000006760592441423796,8.353254976611879e-9,-0.002986303297802806,-0.0009435763931833208;1.6925782997390115e-10,0.2179904580116272,0.001346037839539349,-0.3309800922870636;0.2633201777935028,-0.12616406381130219,0.026534929871559143,-0.04549812525510788
;-84.98733520507812;-0.000006760223641322227,8.348405522440316e-9,-0.0029871356673538685,-0.0009401282295584679;1.691598944253414e-10,0.21798869967460632,0.001339902519248426,-0.33086568117141724;0.26321864128112793,-0.12616698443889618,0.026528093963861465,-0.04549827799201012
;-84.98788452148438;-0.000006759842563042184,8.343558732804013e-9,-0.002987966639921069,-0.0009366949670948088;1.6906175070996454e-10,0.21798695623874664,0.0013337952550500631,-0.33075129985809326;0.2631169259548187,-0.12616990506649017,0.026521263644099236,-0.045498427003622055
;-84.98843383789062;-0.000006759464213246247,8.338712831346129e-9,-0.002988796681165695,-0.0009332762565463781;1.6896385679476822e-10,0.21798518300056458,0.0013277153484523296,-0.33063679933547974;0.26301535964012146,-0.12617282569408417,0.02651442587375641,-0.045498576015233994
;-84.98898315429688;-0.000006759078587492695,8.333867818066665e-9,-0.0029896257910877466,-0.000929871981497854;1.6886575471275478e-10,0.21798346936702728,0.0013216627994552255,-0.33052241802215576;0.26291367411613464,-0.12617574632167816,0.02650759369134903,-0.04549873247742653
;-84.98953247070312;-0.000006758689323760336,8.32902458114404e-9,-0.002990454202517867,-0.0009264823165722191;1.6876787467534626e-10,0.2179817259311676,0.001315637375228107,-0.3304080367088318;0.2628120183944702,-0.12617866694927216,0.026500755921006203,-0.04549888148903847
;-84.99008178710938;-0.000006758278686902486,8.324182232399835e-9,-0.0029912805184721947,-0.0009231068543158472;1.6866981422669625e-10,0.21797998249530792,0.0013096395414322615,-0.33029356598854065;0.2627103328704834,-0.12618158757686615,0.026493918150663376,-0.045499034225940704
;-84.99063110351562;-0.000006757881237717811,8.31934166001247e-9,-0.0029921054374426603,-0.0009197461185976863;1.6857198970043896e-10,0.21797826886177063,0.0013036681339144707,-0.3301791250705719;0.2626086175441742,-0.12618450820446014,0.02648707665503025,-0.04549918323755264
;-84.99118041992188;-0.000006757476057828171,8.314502863981943e-9,-0.0029929294250905514,-0.0009163995273411274;1.6847413741860606e-10,0.21797648072242737,0.0012977240839973092,-0.33006468415260315;0.262506902217865,-0.12618742883205414,0.026480240747332573,-0.04549933969974518
;-84.99172973632812;-0.000006757064511475619,8.309664067951417e-9,-0.002993752248585224,-0.0009130674879997969;1.6837613248110728e-10,0.2179747223854065,0.0012918065767735243,-0.3299502730369568;0.262405127286911,-0.12619036436080933,0.026473399251699448,-0.04549948871135712
;-84.99227905273438;-0.000006756654329365119,8.30482793645615e-9,-0.0029945746064186096,-0.0009097494184970856;1.6827834958821342e-10,0.217972993850708,0.0012859159614890814,-0.3298358619213104;0.2623034119606018,-0.12619328498840332,0.026466557756066322,-0.045499637722969055
;-84.99282836914062;-0.0000067562341428129,8.299991804960882e-9,-0.002995395101606846,-0.0009064455516636372;1.6818035852850244e-10,0.21797126531600952,0.0012800520053133368,-0.32972145080566406;0.26220160722732544,-0.12619620561599731,0.026459714397788048,-0.04549979045987129
;-84.99337768554688;-0.000006755811227776576,8.295157449822455e-9,-0.002996214432641864,-0.0009031558292917907;1.6808258951339639e-10,0.21796953678131104,0.0012742142425850034,-0.3296069800853729;0.26209983229637146,-0.1261991262435913,0.02645287476480007,-0.04549994319677353
;-84.99392700195312;-0.000006755382855772041,8.290323982862446e-9,-0.002997033065184951,-0.0008998799603432417;1.6798464008704883e-10,0.21796774864196777,0.0012684027897194028,-0.3294924795627594;0.2619979679584503,-0.1262020617723465,0.02644602581858635,-0.045500095933675766
;-84.99447631835938;-0.000006754950845788699,8.285492292259278e-9,-0.0029978500679135323,-0.0008966181776486337;1.67886926583094e-10,0.2179659903049469,0.0012626175303012133,-0.32937806844711304;0.26189613342285156,-0.12620499730110168,0.026439182460308075,-0.045500244945287704
;-84.99502563476562;-0.0000067545111051003914,8.280661489834529e-9,-0.0029986663721501827,-0.0008933700737543404;1.6778901879010988e-10,0.21796424686908722,0.001256858347915113,-0.32926368713378906;0.2617942988872528,-0.12620791792869568,0.026432335376739502,-0.04550039768218994
;-84.99557495117188;-0.0000067540704549173824,8.2758315755882e-9,-0.002999480813741684,-0.0008901360561139882;1.6769131916394286e-10,0.21796251833438873,0.0012511255918070674,-0.32914918661117554;0.2616923749446869,-0.12621083855628967,0.026425490155816078,-0.04550055041909218
;-84.99612426757812;-0.000006753624802513514,8.27100254952029e-9,-0.0030002943240106106,-0.0008869157754816115;1.6759342524874654e-10,0.21796075999736786,0.001245418330654502,-0.3290347456932068;0.26159048080444336,-0.12621377408504486,0.026418641209602356,-0.04550069943070412
;-84.99667358398438;-0.0000067531727836467326,8.26617529980922e-9,-0.0030011062044650316,-0.0008837090572342277;1.6749576725594295e-10,0.21795903146266937,0.001239736913703382,-0.32892030477523804;0.26148855686187744,-0.12621670961380005,0.026411792263388634,-0.045500852167606354
;-84.99722290039062;-0.000006752717126801144,8.26134893827657e-9,-0.0030019173864275217,-0.0008805161342024803;1.6739791497411005e-10,0.2179572582244873,0.0012340812245383859,-0.3288058340549469;0.2613866329193115,-0.12621964514255524,0.026404941454529762,-0.04550100117921829
;-84.99777221679688;-0.0000067522582867241,8.256523464922338e-9,-0.0030027281027287245,-0.0008773364825174212;1.6730029861466988e-10,0.21795552968978882,0.0012284510303288698,-0.32869139313697815;0.26128464937210083,-0.12622256577014923,0.02639808878302574,-0.04550115391612053
;-84.99832153320312;-0.0000067517953539208975,8.251698879746527e-9,-0.003003536956384778,-0.0008741702768020332;1.672024602106248e-10,0.21795378625392914,0.0012228460982441902,-0.3285769522190094;0.2611826956272125,-0.12622550129890442,0.02639123797416687,-0.045501306653022766
;-84.99887084960938;-0.000006751328328391537,8.246875182749136e-9,-0.0030043444130569696,-0.0008710176916792989;1.6710488548454805e-10,0.21795202791690826,0.0012172666611149907,-0.32846254110336304;0.26108068227767944,-0.1262284368276596,0.0263843834400177,-0.045501459389925
;-84.99942016601562;-0.000006750852207915159,8.242053262108584e-9,-0.0030051511712372303,-0.0008678784361109138;1.670071025916542e-10,0.2179502695798874,0.0012117121368646622,-0.3283480405807495;0.260978639125824,-0.1262313723564148,0.02637753076851368,-0.04550160840153694
;-84.99996185302734;-0.000006750373813702026,8.237231341468032e-9,-0.0030059567652642727,-0.0008647525683045387;1.6690952786557745e-10,0.2179485410451889,0.0012061827583238482,-0.3282335698604584;0.2608766257762909,-0.12623430788516998,0.02637067623436451,-0.04550175741314888
;-85.00049591064453;-0.00000674995499139186,8.232524884022041e-9,-0.003006763057783246,-0.0008616390987299383;1.6681450665245734e-10,0.2179468274116516,0.0012006947072222829,-0.32811903953552246;0.26077741384506226,-0.12623724341392517,0.02636382170021534,-0.04550191015005112
;-85.00102996826172;-0.000006749531166860834,8.22782020293289e-9,-0.0030075691174715757,-0.0008585387840867043;1.6671972136172997e-10,0.2179451584815979,0.0011952313361689448,-0.32800450921058655;0.26067817211151123,-0.12624017894268036,0.02635696344077587,-0.04550205543637276
;-85.00157165527344;-0.000006749064596078824,8.223061342960136e-9,-0.003008374245837331,-0.0008554520318284631;1.666233540031925e-10,0.2179434597492218,0.001189784612506628,-0.32788997888565063;0.2605774998664856,-0.12624309957027435,0.026350107043981552,-0.045502204447984695
;-85.00210571289062;-0.0000067486353145795874,8.218359326406244e-9,-0.003009179374203086,-0.0008523779106326401;1.6652859646804075e-10,0.2179417461156845,0.0011843704851344228,-0.32777541875839233;0.2604782283306122,-0.12624603509902954,0.026343246921896935,-0.045502353459596634
;-85.00263977050781;-0.000006748196938133333,8.21365997438761e-9,-0.003009983105584979,-0.0008493169443681836;1.6643361688828406e-10,0.2179400473833084,0.0011789805721491575,-0.32766085863113403;0.260378897190094,-0.12624897062778473,0.026336388662457466,-0.045502498745918274
;-85.003173828125;-0.000006747756742697675,8.208962398725816e-9,-0.003010786836966872,-0.0008462689002044499;1.6633887323092011e-10,0.2179383486509323,0.0011736148735508323,-0.3275463283061981;0.2602795958518982,-0.12625190615653992,0.0263295266777277,-0.04550264775753021
;-85.00371551513672;-0.000006747286988684209,8.204209756002001e-9,-0.0030115891713649035,-0.0008432341273874044;1.662425891391095e-10,0.2179366648197174,0.0011682655895128846,-0.3274317979812622;0.2601788640022278,-0.1262548416852951,0.026322664692997932,-0.04550279304385185
;-85.0042495727539;-0.000006746832241333323,8.199514844875466e-9,-0.0030123896431177855,-0.0008402119274251163;1.6614766507050405e-10,0.21793493628501892,0.0011629482032731175,-0.3273172676563263;0.2600795030593872,-0.1262577772140503,0.026315802708268166,-0.04550294205546379
;-85.0047836303711;-0.0000067463802224665415,8.19482171010577e-9,-0.00301318964920938,-0.0008372024749405682;1.6605299080207914e-10,0.2179332673549652,0.0011576549150049686,-0.327202707529068;0.25998011231422424,-0.12626071274280548,0.0263089407235384,-0.04550309106707573
;-85.00531768798828;-0.000006745922291884199,8.190129463514495e-9,-0.003013988956809044,-0.0008342057699337602;1.659581083668371e-10,0.2179315686225891,0.0011523853754624724,-0.327107697725296;0.25988075137138367,-0.12626321613788605,0.02630321867763996,-0.04550323635339737
;-85.00585174560547;-0.000006745458449586295,8.185438993280059e-9,-0.003014786634594202,-0.0008312217541970313;1.658634479762e-10,0.2179298996925354,0.0011471397010609508,-0.3269931375980377;0.2597813606262207,-0.12626615166664124,0.026296354830265045,-0.04550338163971901
;-85.00638580322266;-0.000006744992788298987,8.180750299402462e-9,-0.0030155840795487165,-0.0008282504859380424;1.657685794187458e-10,0.21792812645435333,0.00114191765896976,-0.32687854766845703;0.25968194007873535,-0.12626908719539642,0.02628948539495468,-0.04550352692604065
;-85.00691986083984;-0.000006744518941559363,8.176063381881704e-9,-0.0030163798946887255,-0.0008252915577031672;1.656739606614721e-10,0.217926487326622,0.0011367191327735782,-0.3267640173435211;0.2595824897289276,-0.1262720227241516,0.026282619684934616,-0.045503679662942886
;-85.00745391845703;-0.000006744041911588283,8.171378240717786e-9,-0.003017173847183585,-0.0008223452023230493;1.655791337373813e-10,0.2179248034954071,0.0011315441224724054,-0.3266494572162628;0.2594830095767975,-0.1262749582529068,0.026275750249624252,-0.045503824949264526
;-85.00798797607422;-0.000006743560788891045,8.166693987732287e-9,-0.003017967566847801,-0.0008194113615900278;1.6548454273568325e-10,0.21792307496070862,0.0011263922788202763,-0.32653483748435974;0.25938349962234497,-0.12627790868282318,0.026268882676959038,-0.045503970235586166
;-85.0085220336914;-0.0000067430755734676495,8.162011511103628e-9,-0.0030187603551894426,-0.0008164899772964418;1.6538975744495588e-10,0.2179213911294937,0.0011212636018171906,-0.32642030715942383;0.25928404927253723,-0.12628084421157837,0.026262013241648674,-0.045504115521907806
;-85.0090560913086;-0.000006742584901076043,8.157329922653389e-9,-0.0030195515137165785,-0.0008135809330269694;1.6529518032104562e-10,0.2179197072982788,0.0011161582078784704,-0.3263057470321655;0.2591845393180847,-0.12628379464149475,0.02625514194369316,-0.04550426825881004
;-85.00959014892578;-0.000006742107871104963,8.152650998738409e-9,-0.003020342206582427,-0.0008106839377433062;1.6520042278589386e-10,0.2179180234670639,0.001111075864173472,-0.32619115710258484;0.2590849995613098,-0.12628673017024994,0.0262482687830925,-0.04550441354513168
;-85.01012420654297;-0.0000067416099227557424,8.147972074823429e-9,-0.0030211310368031263,-0.0008077992824837565;1.6510567912852991e-10,0.2179163098335266,0.0011060163378715515,-0.32607656717300415;0.2589854598045349,-0.12628968060016632,0.026241397485136986,-0.04550455883145332
;-85.01065826416016;-0.000006741107881680364,8.143294927265288e-9,-0.0030219191685318947,-0.0008049269090406597;1.650111575157709e-10,0.2179146260023117,0.0011009798618033528,-0.32596200704574585;0.2588858902454376,-0.1262926161289215,0.026234522461891174,-0.04550470411777496
;-85.01119232177734;-0.000006740600838384125,8.138618667885567e-9,-0.0030227061361074448,-0.0008020666427910328;1.6491644161398256e-10,0.2179129421710968,0.0010959659703075886,-0.3258669972419739;0.25878626108169556,-0.12629511952400208,0.02622879482805729,-0.0455048568546772
;-85.01172637939453;-0.000006740089247614378,8.133943296684265e-9,-0.003023492405191064,-0.000799218425527215;1.6482196163458696e-10,0.21791121363639832,0.0010909750126302242,-0.3257524073123932;0.2586866617202759,-0.12629806995391846,0.02622191607952118,-0.04550500214099884
;-85.01226043701172;-0.000006739578111591982,8.129270590018223e-9,-0.0030242775101214647,-0.0007963821408338845;1.6472728736616205e-10,0.217909574508667,0.0010860062902793288,-0.3256573975086212;0.2585870325565338,-0.12630057334899902,0.026216186583042145,-0.04550514742732048
;-85.0127944946289;-0.000006739057880622568,8.12459699517376e-9,-0.0030250607524067163,-0.000793557905126363;1.6463282126455425e-10,0.21790781617164612,0.0010810599196702242,-0.3255428075790405;0.25848737359046936,-0.1263035237789154,0.026209309697151184,-0.04550529271364212
;-85.0133285522461;-0.0000067385335569269955,8.119925176686138e-9,-0.0030258430633693933,-0.0007907456019893289;1.6453816087391715e-10,0.2179061770439148,0.0010761360172182322,-0.32544779777526855;0.2583877146244049,-0.12630604207515717,0.02620357647538185,-0.04550544172525406
;-85.01384735107422;-0.0000067380447035247926,8.115311977974216e-9,-0.003026624908670783,-0.0007879446493461728;1.6444511030666575e-10,0.2179044783115387,0.0010712415678426623,-0.3253527283668518;0.25828948616981506,-0.12630854547023773,0.026197846978902817,-0.0455055870115757
;-85.01436614990234;-0.000006737575404258678,8.110756510859574e-9,-0.003027407918125391,-0.0007851550471968949;1.643531977180146e-10,0.21790285408496857,0.0010663765715435147,-0.32525768876075745;0.25819262862205505,-0.1263110488653183,0.026192110031843185,-0.04550572857260704
;-85.01488494873047;-0.000006737105650245212,8.106202820101771e-9,-0.003028190927579999,-0.0007823772612027824;1.6426129900715125e-10,0.21790121495723724,0.0010615336941555142,-0.32516252994537354;0.25809577107429504,-0.12631355226039886,0.026186376810073853,-0.04550587385892868
;-85.0154037475586;-0.000006736629075021483,8.101651793879228e-9,-0.0030289734713733196,-0.0007796112913638353;1.6416965009646844e-10,0.21789954602718353,0.0010567124700173736,-0.32504788041114807;0.25799885392189026,-0.12631650269031525,0.026179494336247444,-0.04550601541996002
;-85.01592254638672;-0.000006736147042829543,8.097101655835104e-9,-0.0030297557823359966,-0.0007768566138111055;1.640777652633929e-10,0.2178979068994522,0.0010519128991290927,-0.3249332010746002;0.2579019367694855,-0.12631943821907043,0.026172613725066185,-0.04550616070628166
;-85.01644134521484;-0.0000067356659201323055,8.09255418232624e-9,-0.0030305369291454554,-0.0007741137524135411;1.639859359414686e-10,0.2178962379693985,0.0010471348650753498,-0.32483813166618347;0.2578050494194031,-0.126321941614151,0.026166874915361404,-0.045506302267313004
;-85.01696014404297;-0.0000067351893449085765,8.088008485174214e-9,-0.003031316911801696,-0.0007713825325481594;1.638943147863614e-10,0.2178945392370224,0.0010423784842714667,-0.32474300265312195;0.2577081024646759,-0.12632444500923157,0.026161137968301773,-0.045506447553634644
;-85.0174789428711;-0.000006734695944032865,8.083465452557448e-9,-0.0030320961959660053,-0.0007686627795919776;1.6380251322001271e-10,0.21789290010929108,0.0010376435238867998,-0.32462838292121887;0.25761112570762634,-0.12632739543914795,0.026154253631830215,-0.04550659656524658
;-85.01799774169922;-0.0000067341998146730475,8.078923308119101e-9,-0.003032874781638384,-0.0007659544353373349;1.6371090594269333e-10,0.2178911715745926,0.001032929983921349,-0.324513703584671;0.2575141489505768,-0.12633034586906433,0.02614736743271351,-0.045506738126277924
;-85.01851654052734;-0.000006733698683092371,8.074382940037594e-9,-0.0030336512718349695,-0.0007632572087459266;1.6361911825413245e-10,0.21788953244686127,0.001028237515129149,-0.32439902424812317;0.2574172019958496,-0.1263332962989807,0.026140477508306503,-0.045506883412599564
;-85.01903533935547;-0.000006733193913532887,8.069843460134507e-9,-0.0030344275292009115,-0.0007605713908560574;1.6352734444335937e-10,0.21788784861564636,0.001023566466756165,-0.3242843747138977;0.25732019543647766,-0.1263362318277359,0.026133591309189796,-0.045507024973630905
;-85.0195541381836;-0.000006732695965183666,8.065305756588259e-9,-0.0030352023895829916,-0.0007578967488370836;1.6343579267719122e-10,0.21788616478443146,0.0010189162567257881,-0.3241892158985138;0.2572231590747833,-0.12633875012397766,0.026127850636839867,-0.045507170259952545
;-85.02007293701172;-0.000006732183464919217,8.06076982939885e-9,-0.003035976318642497,-0.0007552334573119879;1.6334406049978156e-10,0.21788446605205536,0.0010142868850380182,-0.3240746259689331;0.2571260929107666,-0.12634170055389404,0.02612096257507801,-0.04550731182098389
;-85.02059173583984;-0.000006731665962433908,8.056235678566281e-9,-0.0030367490835487843,-0.0007525813416577876;1.6325234220015972e-10,0.21788279712200165,0.0010096784681081772,-0.32395994663238525;0.25702905654907227,-0.12634465098381042,0.026114068925380707,-0.04550745710730553
;-85.02111053466797;-0.000006731146640959196,8.051702415912132e-9,-0.003037520684301853,-0.0007499402272514999;1.63160832067355e-10,0.21788114309310913,0.0010050908895209432,-0.3238648474216461;0.25693196058273315,-0.12634716928005219,0.026108326390385628,-0.04550760239362717
;-85.02162170410156;-0.000006730622317263624,8.047170929614822e-9,-0.0030382913537323475,-0.0007473101723007858;1.6306912764552095e-10,0.21787945926189423,0.0010005240328609943,-0.3237696886062622;0.25683483481407166,-0.12634967267513275,0.02610258385539055,-0.04550774767994881
;-85.02212524414062;-0.0000067301543822395615,8.042754018333653e-9,-0.0030390627216547728,-0.0007446904201060534;1.6298036531470217e-10,0.2178778350353241,0.0009959916351363063,-0.3236549198627472;0.25674059987068176,-0.12635260820388794,0.026095688343048096,-0.04550788924098015
;-85.02262878417969;-0.000006729699180141324,8.038338883409324e-9,-0.0030398343224078417,-0.0007420817855745554;1.6289139481706627e-10,0.21787622570991516,0.0009914794936776161,-0.3235793113708496;0.2566463053226471,-0.1263546645641327,0.026091095060110092,-0.04550802335143089
;-85.02313232421875;-0.000006729223969159648,8.033926413020254e-9,-0.003040605690330267,-0.0007394839776679873;1.62802452075006e-10,0.21787460148334503,0.0009869877249002457,-0.3234841227531433;0.2565520107746124,-0.12635718286037445,0.026085345074534416,-0.045508164912462234
;-85.02363586425781;-0.000006728746939188568,8.029515718988023e-9,-0.0030413761269301176,-0.000736897112801671;1.627135093329457e-10,0.21787294745445251,0.0009825160959735513,-0.323388934135437;0.25645771622657776,-0.12635968625545502,0.02607959881424904,-0.04550830274820328
;-85.02413177490234;-0.000006728276730427751,8.025106801312631e-9,-0.0030421458650380373,-0.0007343213073909283;1.6262481639106596e-10,0.21787136793136597,0.000978064606897533,-0.32331332564353943;0.2563634216785431,-0.12636175751686096,0.026075003668665886,-0.04550844430923462
;-85.02462005615234;-0.000006727852905896725,8.02081423501022e-9,-0.0030429165344685316,-0.000731755280867219;1.6253860757320382e-10,0.21786978840827942,0.0009736468200571835,-0.3232376277446747;0.2562718987464905,-0.1263638138771057,0.026070402935147285,-0.04550858214497566
;-85.02510833740234;-0.000006727428171870997,8.016524333243069e-9,-0.003043688368052244,-0.0007292000809684396;1.624524265109173e-10,0.21786817908287048,0.000969248590990901,-0.32314229011535645;0.25618040561676025,-0.12636630237102509,0.026064656674861908,-0.04550871625542641
;-85.02559661865234;-0.00000672700889481348,8.012237096011177e-9,-0.0030444604344666004,-0.000726655765902251;1.6236625932641857e-10,0.21786664426326752,0.0009648700943216681,-0.32302746176719666;0.25608888268470764,-0.12636925280094147,0.026057755574584007,-0.04550885036587715
;-85.02608489990234;-0.000006726574611093383,8.007951635136124e-9,-0.003045231569558382,-0.0007241219282150269;1.6228030030873697e-10,0.21786509454250336,0.0009605112718418241,-0.3229517638683319;0.2559973895549774,-0.12637129426002502,0.026053156703710556,-0.045508988201618195
;-85.02657318115234;-0.0000067261448748467956,8.00366972697475e-9,-0.00304600247181952,-0.0007215988007374108;1.6219414700202606e-10,0.21786348521709442,0.000956171948928386,-0.32283687591552734;0.2559058368206024,-0.1263742446899414,0.026046253740787506,-0.04550912231206894
;-85.02706146240234;-0.000006725701496179681,7.999388706991795e-9,-0.0030467717442661524,-0.0007190860342234373;1.6210800757310295e-10,0.21786195039749146,0.0009518523002043366,-0.3227415978908539;0.25581425428390503,-0.12637673318386078,0.02604050375521183,-0.04550926014780998
;-85.02753448486328;-0.000006725292678311234,7.99516808314138e-9,-0.0030475410167127848,-0.0007165835122577846;1.6202322816738501e-10,0.2178604006767273,0.0009475587285123765,-0.32266584038734436;0.25572410225868225,-0.12637880444526672,0.02603590302169323,-0.04550939053297043
;-85.02800750732422;-0.000006724901595589472,7.991006967245085e-9,-0.0030483107548207045,-0.0007140911184251308;1.6194004470726497e-10,0.21785886585712433,0.0009432909428142011,-0.3225509226322174;0.25563541054725647,-0.1263817399740219,0.02602900005877018,-0.04550952464342117
;-85.02848052978516;-0.000006724525064782938,7.986847627705629e-9,-0.0030490814242511988,-0.0007116089109331369;1.6185665308032782e-10,0.21785734593868256,0.0009390421328134835,-0.3224555253982544;0.2555466294288635,-0.12638422846794128,0.026023246347904205,-0.04550965130329132
;-85.0289535522461;-0.000006724139439029386,7.982691840879852e-9,-0.0030498518608510494,-0.0007091373554430902;1.6177328920896628e-10,0.21785584092140198,0.0009348123567178845,-0.32236018776893616;0.25545787811279297,-0.12638671696186066,0.02601749263703823,-0.045509785413742065
;-85.02942657470703;-0.000006723738806613255,7.978538718589334e-9,-0.003050621133297682,-0.0007066760445013642;1.6168992533760473e-10,0.217854306101799,0.0009306014981120825,-0.32228440046310425;0.2553690969944,-0.1263887733221054,0.02601289004087448,-0.04550991579890251
;-85.02989959716797;-0.000006723349088133546,7.974389149012495e-9,-0.0030513897072523832,-0.000704224978107959;1.6160654758845538e-10,0.21785283088684082,0.0009264094987884164,-0.32218900322914124;0.2552802860736847,-0.12639127671718597,0.026007136330008507,-0.04551004618406296
;-85.0303726196289;-0.000006722939360770397,7.970241355792496e-9,-0.0030521568842232227,-0.0007017841562628746;1.6152319759488165e-10,0.21785134077072144,0.0009222364751622081,-0.3220936059951782;0.25519147515296936,-0.12639376521110535,0.026001377031207085,-0.045510176569223404
;-85.03084564208984;-0.000006722536909364862,7.966097115286175e-9,-0.0030529240611940622,-0.0006993535789661109;1.6144006964591284e-10,0.21784979104995728,0.0009180820197798312,-0.3219982385635376;0.2551027238368988,-0.12639625370502472,0.02599562145769596,-0.04551030695438385
;-85.03131866455078;-0.0000067221199060440995,7.961955539315113e-9,-0.0030536900740116835,-0.000696933304425329;1.6135676128570253e-10,0.2178482860326767,0.0009139463072642684,-0.321902871131897;0.2550138533115387,-0.12639875710010529,0.025989864021539688,-0.045510441064834595
;-85.03178405761719;-0.000006721712452417705,7.957815739700891e-9,-0.0030544546898454428,-0.0006945228087715805;1.6127345292549222e-10,0.21784673631191254,0.0009098291047848761,-0.3218270242214203;0.254925012588501,-0.12640081346035004,0.02598525956273079,-0.04551056772470474
;-85.0322494506836;-0.0000067213268266641535,7.953734559862369e-9,-0.003055219305679202,-0.0006921221502125263;1.6119151846627489e-10,0.21784529089927673,0.0009057365823537111,-0.3217316269874573;0.25483763217926025,-0.1264033019542694,0.025979502126574516,-0.04551069810986519
;-85.03270721435547;-0.0000067209625740360934,7.949711999799547e-9,-0.0030559839215129614,-0.0006897313869558275;1.611109023968993e-10,0.21784381568431854,0.0009016688563860953,-0.3216361701488495;0.254751592874527,-0.12640579044818878,0.025973740965127945,-0.045510824769735336
;-85.03316497802734;-0.0000067206060521129984,7.945692992450404e-9,-0.003056749701499939,-0.0006873502861708403;1.6103034183867493e-10,0.21784235537052155,0.0008976192330010235,-0.321560263633728;0.2546655833721161,-0.12640784680843353,0.025969134643673897,-0.045510951429605484
;-85.03362274169922;-0.000006720244527969044,7.94167664963652e-9,-0.003057514550164342,-0.0006849792553111911;1.6094978128045057e-10,0.21784089505672455,0.0008935877704061568,-0.32146480679512024;0.2545795440673828,-0.1264103353023529,0.025963371619582176,-0.04551107808947563
;-85.0340805053711;-0.000006719866632920457,7.937663859536315e-9,-0.0030582796316593885,-0.0006826181197538972;1.6086924847780182e-10,0.21783941984176636,0.0008895744103938341,-0.3213889002799988;0.25449344515800476,-0.12641237676143646,0.02595876343548298,-0.04551120474934578
;-85.03453826904297;-0.00000671949874231359,7.933652845792949e-9,-0.003059044247493148,-0.0006802668794989586;1.607889238419702e-10,0.21783795952796936,0.000885578861925751,-0.3212934136390686;0.25440743565559387,-0.12641486525535583,0.025953002274036407,-0.04551133140921593
;-85.03498840332031;-0.00000671911402605474,7.929644496584842e-9,-0.0030598072335124016,-0.0006779253599233925;1.6070837716153363e-10,0.21783649921417236,0.0008816012996248901,-0.32121753692626953;0.2543213367462158,-0.12641692161560059,0.02594839036464691,-0.045511458069086075
;-85.03543853759766;-0.000006718772510794224,7.925695655330856e-9,-0.0030605706851929426,-0.0006755932699888945;1.6062920438209005e-10,0.21783509850502014,0.0008776477188803256,-0.32112202048301697;0.25423669815063477,-0.12641941010951996,0.02594262920320034,-0.045511581003665924
;-85.03588104248047;-0.0000067184469116909895,7.921806322030989e-9,-0.0030613336712121964,-0.0006732704350724816;1.6055139162585164e-10,0.21783362329006195,0.0008737181196920574,-0.32102641463279724;0.25415346026420593,-0.12642188370227814,0.02593686617910862,-0.04551170766353607
;-85.03633117675781;-0.000006718087661283789,7.91786369802594e-9,-0.003062097355723381,-0.0006709577282890677;1.6047226047977148e-10,0.21783220767974854,0.0008697996963746846,-0.32093095779418945;0.2540687918663025,-0.1264243870973587,0.0259311031550169,-0.04551183059811592
;-85.03677368164062;-0.0000067177620621805545,7.913979693796591e-9,-0.003062859643250704,-0.0006686542765237391;1.6039448935689649e-10,0.2178308069705963,0.0008659049053676426,-0.32085493206977844;0.2539854943752289,-0.12642642855644226,0.025926491245627403,-0.04551194980740547
;-85.03721618652344;-0.000006717432825098513,7.910099242280921e-9,-0.0030636226292699575,-0.0006663604290224612;1.6031670435623369e-10,0.2178294062614441,0.0008620275184512138,-0.3207789957523346;0.25390225648880005,-0.12642847001552582,0.02592187561094761,-0.04551207274198532
;-85.03765869140625;-0.000006717099040542962,7.906220567122091e-9,-0.003064384451135993,-0.0006640762439928949;1.6023891935557089e-10,0.21782799065113068,0.0008581675356253982,-0.32070305943489075;0.25381895899772644,-0.12643051147460938,0.025917265564203262,-0.04551219567656517
;-85.03809356689453;-0.0000067167484303354286,7.90234544467694e-9,-0.00306514510884881,-0.0006618014886043966;1.6016118986605932e-10,0.21782658994197845,0.0008543247822672129,-0.32062700390815735;0.25373566150665283,-0.12643255293369293,0.025912651792168617,-0.04551231861114502
;-85.03852081298828;-0.000006716469670209335,7.898585785426349e-9,-0.003065906697884202,-0.0006595354061573744;1.6008613878959466e-10,0.217825248837471,0.0008505110745318234,-0.32053136825561523;0.25365519523620605,-0.1264350265264511,0.025906885042786598,-0.04551243782043457
;-85.03895568847656;-0.000006716161351505434,7.894772835470576e-9,-0.003066668752580881,-0.0006572791025973856;1.6000975544550045e-10,0.2178238183259964,0.0008467085426673293,-0.3204357624053955;0.25357332825660706,-0.1264375001192093,0.02590111829340458,-0.04551255702972412
;-85.03938293457031;-0.000006715865310980007,7.891018505290504e-9,-0.0030674301087856293,-0.0006550319376401603;1.599347182468236e-10,0.21782249212265015,0.0008429289446212351,-0.3203596770763397;0.2534928619861603,-0.12643954157829285,0.025896502658724785,-0.04551267251372337
;-85.03981018066406;-0.000006715574727422791,7.88726861600253e-9,-0.0030681919306516647,-0.0006527939112856984;1.5985969492593455e-10,0.2178211361169815,0.000839166110381484,-0.3202836513519287;0.2534123361110687,-0.1264415830373764,0.02589188702404499,-0.045512791723012924
;-85.04023742675781;-0.000006715280051139416,7.883521391249815e-9,-0.003068953985348344,-0.0006505651981569827;1.597846854828333e-10,0.21781979501247406,0.0008354199817404151,-0.32020753622055054;0.25333189964294434,-0.12644360959529877,0.025887273252010345,-0.045512910932302475
;-85.04066467285156;-0.000006714983101119287,7.87977594285394e-9,-0.003069715341553092,-0.0006483459146693349;1.597097037953077e-10,0.2178184539079666,0.0008316905586980283,-0.32013145089149475;0.25325140357017517,-0.12644565105438232,0.025882655754685402,-0.04551302641630173
;-85.04109191894531;-0.000006714681148878299,7.876034047171743e-9,-0.003070475533604622,-0.0006461358861997724;1.5963469435220645e-10,0.2178170531988144,0.0008279778412543237,-0.3200553357601166;0.25317084789276123,-0.12644769251346588,0.025878040120005608,-0.04551313817501068
;-85.04150390625;-0.000006714401934004854,7.872351659443666e-9,-0.003071235492825508,-0.0006439345888793468;1.59561072687886e-10,0.21781575679779053,0.0008242874755524099,-0.3199792802333832;0.2530917823314667,-0.12644971907138824,0.025873424485325813,-0.04551326110959053
;-85.04191589355469;-0.0000067141531872039195,7.86872877966971e-9,-0.0030719954520463943,-0.0006417420809157193;1.5948858900216578e-10,0.21781446039676666,0.0008206194033846259,-0.31990310549736023;0.25301411747932434,-0.1264517456293106,0.02586880512535572,-0.045513369143009186
;-85.04232788085938;-0.000006713903076160932,7.865109452609431e-9,-0.003072756575420499,-0.0006395585951395333;1.594163412388383e-10,0.2178131639957428,0.0008169676293618977,-0.31982696056365967;0.252936452627182,-0.12645377218723297,0.025864187628030777,-0.04551348462700844
;-85.04273986816406;-0.000006713647508149734,7.861491901905993e-9,-0.0030735170003026724,-0.0006373842479661107;1.593440518421474e-10,0.21781183779239655,0.0008133319788612425,-0.3197507858276367;0.2528587579727173,-0.12645581364631653,0.025859570130705833,-0.04551359638571739
;-85.04315185546875;-0.000006713391485391185,7.857878792094652e-9,-0.0030742769595235586,-0.0006352188647724688;1.5927181795660772e-10,0.21781057119369507,0.000809712684713304,-0.31967464089393616;0.25278106331825256,-0.1264578253030777,0.02585495077073574,-0.045513711869716644
;-85.04356384277344;-0.000006713131369906478,7.854268346818571e-9,-0.0030750359874218702,-0.0006330626783892512;1.5919958407106805e-10,0.21780925989151,0.0008061094558797777,-0.3195984661579132;0.25270333886146545,-0.12645986676216125,0.025850333273410797,-0.0455138273537159
;-85.04396057128906;-0.000006712905360473087,7.85071740949661e-9,-0.003075795480981469,-0.0006309149321168661;1.5912871020873354e-10,0.21780797839164734,0.0008025278220884502,-0.31952226161956787;0.25262707471847534,-0.12646189332008362,0.025845713913440704,-0.04551393538713455
;-85.04435729980469;-0.000006712695721944328,7.847225980128769e-9,-0.003076555673032999,-0.0006287758587859571;1.5905915473624077e-10,0.21780674159526825,0.0007989678997546434,-0.31944602727890015;0.2525522708892822,-0.1264639049768448,0.025841092690825462,-0.04551404342055321
;-85.04475402832031;-0.000006712486538162921,7.843737215296187e-9,-0.0030773163307458162,-0.0006266456330195069;1.5898964089711143e-10,0.21780547499656677,0.0007954237516969442,-0.3193697929382324;0.25247737765312195,-0.12646593153476715,0.02583647333085537,-0.04551415517926216
;-85.04515075683594;-0.000006712273261655355,7.840252891355703e-9,-0.003078076057136059,-0.0006245241966098547;1.5891990501337716e-10,0.2178042232990265,0.0007918953197076917,-0.3192935287952423;0.25240251421928406,-0.12646794319152832,0.025831853970885277,-0.04551426321268082
;-85.04554748535156;-0.000006712052709190175,7.836771231950479e-9,-0.003078836714848876,-0.0006224116077646613;1.5885040505203563e-10,0.2178029716014862,0.0007883826037868857,-0.3192172944545746;0.2523276209831238,-0.12646996974945068,0.025827230885624886,-0.04551437124609947
;-85.04594421386719;-0.000006711832156724995,7.833292237080514e-9,-0.003079595509916544,-0.0006203076336532831;1.587809050906941e-10,0.2178017497062683,0.0007848854875192046,-0.3191410303115845;0.2522527873516083,-0.12647199630737305,0.025822609663009644,-0.04551447927951813
;-85.04634094238281;-0.000006711605237796903,7.829816794924227e-9,-0.0030803540721535683,-0.000618212390691042;1.5871143288492817e-10,0.21780048310756683,0.0007814039126969874,-0.31906476616859436;0.252177894115448,-0.1264740228652954,0.02581799030303955,-0.04551458731293678
;-85.04673767089844;-0.000006711374226142652,7.82634490548162e-9,-0.0030811121687293053,-0.0006161258206702769;1.5864193292358664e-10,0.21779924631118774,0.0007779375300742686,-0.31898853182792664;0.25210294127464294,-0.12647603452205658,0.02581336349248886,-0.04551469907164574
;-85.04713439941406;-0.000006711143214488402,7.82287479239585e-9,-0.0030818679369986057,-0.000614047865383327;1.585722525510036e-10,0.21779797971248627,0.0007744867471046746,-0.3189122676849365;0.2520280182361603,-0.12647806107997894,0.02580874226987362,-0.045514803379774094
;-85.04751586914062;-0.000006710941761411959,7.819463299085783e-9,-0.00308262393809855,-0.0006119782337918878;1.5850412649065504e-10,0.21779674291610718,0.0007710567442700267,-0.318835973739624;0.2519545555114746,-0.1264800876379013,0.025804121047258377,-0.04551491513848305
;-85.04789733886719;-0.000006710764409945114,7.816112201908254e-9,-0.003083380637690425,-0.0006099168676882982;1.5843736045351164e-10,0.21779555082321167,0.0007676475215703249,-0.31875964999198914;0.25188249349594116,-0.12648209929466248,0.025799494236707687,-0.045515015721321106
;-85.04827880859375;-0.000006710582056257408,7.812762881087565e-9,-0.0030841375701129436,-0.0006078639416955411;1.5837060829415606e-10,0.21779435873031616,0.0007642533164471388,-0.3186832666397095;0.2518104314804077,-0.12648411095142365,0.025794871151447296,-0.04551512375473976
;-85.04866027832031;-0.000006710397428832948,7.809418001158974e-9,-0.003084894735366106,-0.0006058195722289383;1.5830364796798335e-10,0.21779316663742065,0.0007608742453157902,-0.3186069428920746;0.2517383396625519,-0.126486137509346,0.025790248066186905,-0.04551522433757782
;-85.04904174804688;-0.000006710219167871401,7.806075785765643e-9,-0.0030856516677886248,-0.0006037835846655071;1.5823690968641557e-10,0.21779197454452515,0.0007575102499686182,-0.3185306489467621;0.25166624784469604,-0.12648814916610718,0.025785621255636215,-0.04551532864570618
;-85.04942321777344;-0.000006710024990752572,7.80273712308599e-9,-0.0030864079017192125,-0.0006017560372129083;1.581701714048478e-10,0.21779078245162964,0.0007541609811596572,-0.3184542953968048;0.2515941262245178,-0.12649017572402954,0.025780996307730675,-0.045515432953834534
;-85.0498046875;-0.0000067098312683810946,7.799401124941596e-9,-0.0030871627386659384,-0.000599736871663481;1.581034192454922e-10,0.21778959035873413,0.0007508266135118902,-0.31837794184684753;0.2515220046043396,-0.1264921873807907,0.025776371359825134,-0.04551553726196289
;-85.05018615722656;-0.000006709630270052003,7.796066903154042e-9,-0.0030879166442900896,-0.0005977259133942425;1.5803651443047073e-10,0.21778838336467743,0.000747507088817656,-0.3183016777038574;0.25144991278648376,-0.12649421393871307,0.025771744549274445,-0.045515645295381546
;-85.05056762695312;-0.0000067094269979861565,7.792734457723327e-9,-0.0030886696185916662,-0.0005957233370281756;1.5796980390447857e-10,0.21778720617294312,0.0007442021742463112,-0.31822526454925537;0.25137776136398315,-0.12649622559547424,0.025767117738723755,-0.045515745878219604
;-85.05094909667969;-0.000006709216449962696,7.789405565006291e-9,-0.003089422360062599,-0.0005937291425652802;1.579031072562742e-10,0.2177860140800476,0.0007409120444208384,-0.3181489408016205;0.25130563974380493,-0.1264982521533966,0.025762490928173065,-0.04551585391163826
;-85.05133056640625;-0.000006709016815875657,7.786077560467675e-9,-0.0030901734717190266,-0.0005917430389672518;1.5783638285249424e-10,0.2177848070859909,0.0007376365247182548,-0.3180725872516632;0.2512334883213043,-0.12650026381015778,0.025757862254977226,-0.04551595449447632
;-85.05171203613281;-0.0000067088021751260385,7.782753996821157e-9,-0.003090923884883523,-0.0005897650844417512;1.5776950579304838e-10,0.2177836298942566,0.0007343754987232387,-0.31799620389938354;0.2511613667011261,-0.12650227546691895,0.025753233581781387,-0.045516058802604675
;-85.05208587646484;-0.0000067085816226608586,7.779430433174639e-9,-0.003091672668233514,-0.0005877953954041004;1.5770282302263183e-10,0.21778243780136108,0.000731129024643451,-0.31791990995407104;0.2510891556739807,-0.1265043020248413,0.025748606771230698,-0.04551616683602333
;-85.05245208740234;-0.000006708424734824803,7.776223220901102e-9,-0.003092422615736723,-0.0005858329823240638;1.576388186652622e-10,0.21778124570846558,0.0007279073470272124,-0.3178434669971466;0.2510198652744293,-0.12650631368160248,0.02574397437274456,-0.04551626369357109
;-85.05281829833984;-0.000006708273758704308,7.773018673162824e-9,-0.0030931727960705757,-0.0005838788347318769;1.5757484206346817e-10,0.21778017282485962,0.0007246999302878976,-0.31776705384254456;0.2509506046772003,-0.12650832533836365,0.02573934756219387,-0.04551636427640915
;-85.05318450927734;-0.000006708103683195077,7.769816789959805e-9,-0.003093923209235072,-0.000581932719796896;1.5751065729485703e-10,0.2177789807319641,0.0007215067162178457,-0.3176906108856201;0.25088128447532654,-0.12651033699512482,0.02573471888899803,-0.04551646485924721
;-85.05355072021484;-0.000006707932243443793,7.766616683113625e-9,-0.003094673389568925,-0.0005799945211037993;1.57446680693063e-10,0.21777786314487457,0.0007183276466093957,-0.3176141679286957;0.25081193447113037,-0.126512348651886,0.025730086490511894,-0.045516565442085266
;-85.05391693115234;-0.000006707771262881579,7.763420128981124e-9,-0.003095424035564065,-0.0005780644132755697;1.573827318468446e-10,0.21777670085430145,0.000715162605047226,-0.31753775477409363;0.2507426142692566,-0.12651437520980835,0.025725457817316055,-0.045516666024923325
;-85.05428314208984;-0.000006707594366162084,7.760225351205463e-9,-0.003096172586083412,-0.0005761422216892242;1.5731857483380907e-10,0.2177755981683731,0.0007120114751160145,-0.3174613118171692;0.2506732940673828,-0.12651637196540833,0.025720825418829918,-0.045516762882471085
;-85.05464935302734;-0.00000670741292196908,7.757033237965061e-9,-0.0030969209037721157,-0.000574227946344763;1.5725462598759066e-10,0.2177744060754776,0.000708874489646405,-0.31738489866256714;0.25060397386550903,-0.1265183836221695,0.02571619115769863,-0.04551686719059944
;-85.05501556396484;-0.000006707226475555217,7.753842901081498e-9,-0.0030976678244769573,-0.0005723215290345252;1.5719067714137225e-10,0.21777330338954926,0.0007057514158077538,-0.3173084855079651;0.25053462386131287,-0.12652041018009186,0.025711560621857643,-0.0455169640481472
;-85.05538177490234;-0.000006707050488330424,7.750654340554775e-9,-0.003098413348197937,-0.0005704229697585106;1.5712653400612453e-10,0.21777214109897614,0.0007026420207694173,-0.31723207235336304;0.2504652440547943,-0.12652242183685303,0.025706931948661804,-0.04551706463098526
;-85.05574798583984;-0.000006706856311211595,7.74746933274173e-9,-0.0030991588719189167,-0.0005685322685167193;1.5706262679326954e-10,0.2177710235118866,0.0006995464209467173,-0.3171556293964386;0.25039589405059814,-0.1265244483947754,0.02570229582488537,-0.04551716521382332
;-85.05611419677734;-0.000006706659860356012,7.744285213107105e-9,-0.0030999029986560345,-0.0005666493088938296;1.5699870570262675e-10,0.21776986122131348,0.0006964646163396537,-0.31707918643951416;0.2503264844417572,-0.12652646005153656,0.02569766342639923,-0.04551726579666138
;-85.05648040771484;-0.000006706473413942149,7.7411019816509e-9,-0.003100646659731865,-0.0005647739162668586;1.5693457644516684e-10,0.21776874363422394,0.0006933965487405658,-0.3170027732849121;0.25025710463523865,-0.12652847170829773,0.025693029165267944,-0.045517366379499435
;-85.05684661865234;-0.000006706275598844513,7.737922302908373e-9,-0.003101389156654477,-0.0005629062652587891;1.5687068311009966e-10,0.217767596244812,0.0006903419853188097,-0.3169263005256653;0.2501876950263977,-0.1265304833650589,0.02568839304149151,-0.045517463237047195
;-85.05721282958984;-0.00000670606868879986,7.734743512344266e-9,-0.0031021309550851583,-0.000561046355869621;1.5680677589724468e-10,0.21776647865772247,0.0006873010424897075,-0.31684988737106323;0.25011828541755676,-0.12653250992298126,0.02568376064300537,-0.045517563819885254
;-85.05757904052734;-0.000006705859050271101,7.731566498136999e-9,-0.0031028708908706903,-0.0005591940134763718;1.567426882731482e-10,0.21776533126831055,0.0006842734874226153,-0.3167734146118164;0.2500489056110382,-0.12653452157974243,0.025679122656583786,-0.04551766812801361
;-85.05794525146484;-0.000006705656232952606,7.728390372108151e-9,-0.0031036101281642914,-0.0005573493544943631;1.5667880881586882e-10,0.21776416897773743,0.000681259436532855,-0.31669700145721436;0.24997946619987488,-0.1265365481376648,0.02567449025809765,-0.04551776498556137
;-85.05831146240234;-0.000006705439318466233,7.725216910614563e-9,-0.0031043486669659615,-0.000555512320715934;1.5661492935858945e-10,0.2177630364894867,0.000678258656989783,-0.3166205883026123;0.24991002678871155,-0.12653855979442596,0.025669854134321213,-0.04551786556839943
;-85.05867767333984;-0.000006705219675495755,7.722044337299394e-9,-0.0031050858087837696,-0.0005536828539334238;1.5655086949006858e-10,0.21776187419891357,0.0006752712070010602,-0.3165441155433655;0.24984057247638702,-0.12654057145118713,0.025665216147899628,-0.04551796242594719
;-85.05904388427734;-0.000006705010491714347,7.718872652162645e-9,-0.003105822717770934,-0.0005518607795238495;1.564869900327892e-10,0.21776074171066284,0.0006722971447743475,-0.31646767258644104;0.24977116286754608,-0.1265425980091095,0.025660580024123192,-0.045518066734075546
;-85.05941009521484;-0.000006704780389554799,7.715702743382735e-9,-0.003106558695435524,-0.0005500460974872112;1.5642313833108545e-10,0.21775959432125092,0.0006693362956866622,-0.316391259431839;0.24970167875289917,-0.12654460966587067,0.025655942037701607,-0.045518167316913605
;-85.05977630615234;-0.000006704548923153197,7.712534610959665e-9,-0.0031072930432856083,-0.0005482388660311699;1.563590923403524e-10,0.217758446931839,0.0006663885433226824,-0.31631478667259216;0.24963217973709106,-0.12654663622379303,0.02565130405128002,-0.045518264174461365
;-85.06014251708984;-0.000006704331099172123,7.709366478536595e-9,-0.003108027158305049,-0.0005464389687404037;1.5629525451643644e-10,0.21775729954242706,0.0006634537130594254,-0.3162383437156677;0.24956274032592773,-0.1265486627817154,0.025646666064858437,-0.04551836475729942
;-85.06050872802734;-0.000006704093266307609,7.706201010648783e-9,-0.0031087598763406277,-0.0005446465220302343;1.562314166925205e-10,0.21775618195533752,0.0006605319213122129,-0.3161619007587433;0.24949324131011963,-0.12655067443847656,0.025642029941082,-0.04551846161484718
;-85.06087493896484;-0.000006703854069201043,7.703035542760972e-9,-0.0031094916630536318,-0.0005428614094853401;1.5616760662418017e-10,0.2177550047636032,0.000657623284496367,-0.31608545780181885;0.24942371249198914,-0.12655270099639893,0.025637388229370117,-0.04551856592297554
;-85.06124114990234;-0.000006703608960378915,7.69987185123e-9,-0.003110221354290843,-0.0005410835728980601;1.561035745112349e-10,0.21775388717651367,0.0006547275115735829,-0.3160090446472168;0.24935422837734222,-0.1265547275543213,0.025632750242948532,-0.0455186665058136
;-85.06160736083984;-0.000006703377039229963,7.696709047877448e-9,-0.0031109508126974106,-0.0005393130122683942;1.5603976444289458e-10,0.21775273978710175,0.0006518446025438607,-0.31593260169029236;0.24928471446037292,-0.12655673921108246,0.025628110393881798,-0.04551876336336136
;-85.06195831298828;-0.0000067031623984803446,7.693603976122176e-9,-0.003111680969595909,-0.0005375493783503771;1.5597731439775941e-10,0.2177516371011734,0.0006489790393970907,-0.31585606932640076;0.24921666085720062,-0.12655876576900482,0.025623468682169914,-0.04551886022090912
;-85.06231689453125;-0.0000067029345700575504,7.690499792545324e-9,-0.0031124113593250513,-0.0005357930203899741;1.5591462843023152e-10,0.21775051951408386,0.0006461262819357216,-0.3157796263694763;0.24914857745170593,-0.126560777425766,0.02561882883310318,-0.04551895707845688
;-85.06266784667969;-0.000006702753580611898,7.687453340565753e-9,-0.0031131405849009752,-0.000534043472725898;1.558535245305137e-10,0.2177494317293167,0.0006432908121496439,-0.3157030940055847;0.24908190965652466,-0.12656278908252716,0.025614187121391296,-0.04551905766129494
;-85.06301879882812;-0.0000067025575845036656,7.684408664943021e-9,-0.00311387050896883,-0.0005323010846041143;1.5579221246397879e-10,0.21774834394454956,0.0006404677988030016,-0.3156265616416931;0.24901527166366577,-0.12656480073928833,0.025609545409679413,-0.0455191507935524
;-85.06336975097656;-0.0000067023697738477495,7.681365765677128e-9,-0.0031145999673753977,-0.0005305659142322838;1.5573112244204879e-10,0.21774724125862122,0.0006376573001034558,-0.3155500292778015;0.2489486187696457,-0.1265668272972107,0.02560490369796753,-0.04551924765110016
;-85.063720703125;-0.000006702162863803096,7.678324642768075e-9,-0.003115329658612609,-0.000528837728779763;1.5567003242011879e-10,0.21774619817733765,0.0006348591996356845,-0.3154734969139099;0.24888192117214203,-0.12656883895397186,0.025600260123610497,-0.04551934450864792
;-85.06407165527344;-0.000006701971415168373,7.675285296215861e-9,-0.003116057487204671,-0.0005271166446618736;1.5560873423137167e-10,0.2177450954914093,0.0006320734391920269,-0.3153969943523407;0.24881526827812195,-0.12657085061073303,0.025595616549253464,-0.04551943764090538
;-85.06442260742188;-0.000006701762686134316,7.672246837842067e-9,-0.0031167855486273766,-0.0005254026036709547;1.5554764420944167e-10,0.21774397790431976,0.0006293000769801438,-0.3153204321861267;0.2487485706806183,-0.1265728622674942,0.02559097297489643,-0.04551953449845314
;-85.06477355957031;-0.000006701546681142645,7.669211044003532e-9,-0.0031175126787275076,-0.0005236954311840236;1.5548637377627017e-10,0.217742919921875,0.0006265389383770525,-0.3152438998222351;0.248681902885437,-0.12657488882541656,0.025586331263184547,-0.0455196276307106
;-85.06512451171875;-0.000006701345228066202,7.666176138343417e-9,-0.003118238179013133,-0.0005219953018240631;1.5542529763212798e-10,0.21774181723594666,0.0006237899651750922,-0.3151673674583435;0.24861517548561096,-0.12657690048217773,0.025581685826182365,-0.04551972448825836
;-85.06548309326172;-0.000006701124675601022,7.663142120861721e-9,-0.003118963446468115,-0.0005203020409680903;1.553642353657736e-10,0.2177407145500183,0.0006210532737895846,-0.31509077548980713;0.24854843318462372,-0.1265789270401001,0.025577040389180183,-0.04551982134580612
;-85.06583404541016;-0.0000067008754740527365,7.660053036318004e-9,-0.0031196868512779474,-0.0005186160560697317;1.5530163266497254e-10,0.21773964166641235,0.0006183242658153176,-0.3150143027305603;0.24848029017448425,-0.12658093869686127,0.02557239681482315,-0.04551991820335388
;-85.0661849975586;-0.0000067006512836087495,7.657021683371568e-9,-0.003120409557595849,-0.0005169366486370564;1.5524061203198158e-10,0.217738538980484,0.0006156117306090891,-0.3149378001689911;0.2484135627746582,-0.12658296525478363,0.02556774951517582,-0.04552001133561134
;-85.06653594970703;-0.000006700431640638271,7.65399121860355e-9,-0.003121131332591176,-0.0005152640515007079;1.55179563643415e-10,0.21773743629455566,0.0006129112443886697,-0.3148612380027771;0.24834683537483215,-0.1265849769115448,0.025563104078173637,-0.0455201081931591
;-85.06688690185547;-0.000006700201083731372,7.650961642013954e-9,-0.003121851710602641,-0.0005135982646606863;1.5511832096581912e-10,0.2177363634109497,0.0006102226325310767,-0.3147847056388855;0.24828007817268372,-0.12658700346946716,0.025558458641171455,-0.04552020505070686
;-85.0672378540039;-0.000006699976438540034,7.647933841781196e-9,-0.00312257232144475,-0.0005119392299093306;1.5505730033282816e-10,0.21773527562618256,0.0006075459532439709,-0.3147082030773163;0.24821336567401886,-0.12658901512622833,0.025553809478878975,-0.045520298182964325
;-85.06758880615234;-0.000006699736786686117,7.644906929726858e-9,-0.0031232917681336403,-0.00051028688903898;1.5499605765523228e-10,0.2177341878414154,0.0006048812647350132,-0.3146316409111023;0.24814656376838684,-0.1265910267829895,0.025549164041876793,-0.04552039876580238
;-85.06793975830078;-0.000006699511232000077,7.64188179402936e-9,-0.0031240105163306,-0.0005086412420496345;1.5493505090002913e-10,0.21773310005664825,0.0006022283923812211,-0.3145551085472107;0.2480798214673996,-0.12659305334091187,0.02554451674222946,-0.045520488172769547
;-85.06829071044922;-0.0000066992656684305985,7.63885665833186e-9,-0.0031247278675436974,-0.0005070023471489549;1.5487404414482597e-10,0.2177319973707199,0.0005995872779749334,-0.3144785463809967;0.24801301956176758,-0.12659507989883423,0.025539865717291832,-0.045520588755607605
;-85.06864166259766;-0.0000066990169216296636,7.635832410812782e-9,-0.0031254440546035767,-0.0005053701461292803;1.548128431005935e-10,0.21773090958595276,0.0005969578051008284,-0.3144019842147827;0.24794624745845795,-0.1265971064567566,0.0255352184176445,-0.045520681887865067
;-85.06900024414062;-0.000006698778634017799,7.632809939650542e-9,-0.0031261600088328123,-0.0005037445807829499;1.5475186410096597e-10,0.21772980690002441,0.0005943399155512452,-0.3143254518508911;0.24787944555282593,-0.12659911811351776,0.02553057111799717,-0.04552077874541283
;-85.06935119628906;-0.000006698497600154951,7.629731513247862e-9,-0.003126873867586255,-0.0005021257093176246;1.5468931691131615e-10,0.21772871911525726,0.0005917293019592762,-0.314268559217453;0.24781116843223572,-0.1266006976366043,0.02552708052098751,-0.04552087560296059
;-85.0697021484375;-0.0000066982406679017,7.626709930264042e-9,-0.0031275867950171232,-0.0005005131824873388;1.5462833791168862e-10,0.2177276462316513,0.0005891346954740584,-0.3141920566558838;0.2477443814277649,-0.12660270929336548,0.02552243135869503,-0.04552097246050835
;-85.07005310058594;-0.000006697979188174941,7.623689235458642e-9,-0.003128299256786704,-0.0004989072913303971;1.545673727898489e-10,0.21772652864456177,0.0005865516141057014,-0.31413504481315613;0.24767757952213287,-0.12660428881645203,0.02551894448697567,-0.04552106559276581
;-85.07040405273438;-0.000006697732260363409,7.620669428831661e-9,-0.003129011718556285,-0.0004973078612238169;1.5450618562340424e-10,0.21772544085979462,0.0005839798250235617,-0.31405848264694214;0.24761073291301727,-0.1266063153743744,0.02551429346203804,-0.04552116245031357
;-85.07075500488281;-0.000006697463504679035,7.6176505103831e-9,-0.003129722084850073,-0.0004957148339599371;1.5444523437935231e-10,0.21772433817386627,0.0005814196192659438,-0.3139819800853729;0.24754388630390167,-0.12660832703113556,0.02550964243710041,-0.04552125558257103
;-85.07110595703125;-0.000006697207481920486,7.61463248011296e-9,-0.0031304319854825735,-0.0004941283259540796;1.5438407496848328e-10,0.2177232950925827,0.0005788705311715603,-0.31390538811683655;0.24747706949710846,-0.12661035358905792,0.02550499141216278,-0.04552135244011879
;-85.07145690917969;-0.000006696936907246709,7.611615338021238e-9,-0.0031311409547924995,-0.0004925483372062445;1.5432312372443135e-10,0.21772219240665436,0.0005763328517787158,-0.31382888555526733;0.24741020798683167,-0.12661238014698029,0.025500336661934853,-0.04552144929766655
;-85.07180786132812;-0.000006696660875604721,7.608598195929517e-9,-0.003131848992779851,-0.0004909748095087707;1.5426217248037943e-10,0.21772105991840363,0.0005738064064644277,-0.31375232338905334;0.24734339118003845,-0.12661440670490265,0.025495685636997223,-0.04552154242992401
;-85.07215881347656;-0.000006696395303151803,7.605582830194635e-9,-0.003132556565105915,-0.0004894075682386756;1.5420105470287382e-10,0.21771998703479767,0.0005712911952286959,-0.31367576122283936;0.24727647006511688,-0.126616433262825,0.025491034612059593,-0.04552163928747177
;-85.072509765625;-0.000006696114724036306,7.602567464459753e-9,-0.0031332627404481173,-0.0004878465551882982;1.5414013121439751e-10,0.2177189290523529,0.0005687872180715203,-0.31359922885894775;0.2472096085548401,-0.12661844491958618,0.025486379861831665,-0.04552173241972923
;-85.07286071777344;-0.000006695841875625774,7.59955298690329e-9,-0.003133967751637101,-0.00048629185766912997;1.540792077259212e-10,0.21771782636642456,0.0005662941839545965,-0.31352269649505615;0.2471427321434021,-0.12662048637866974,0.025481726974248886,-0.04552182927727699
;-85.07321166992188;-0.0000066955562942894176,7.596539397525248e-9,-0.003134672762826085,-0.00048474353388883173;1.5401807607062779e-10,0.2177167385816574,0.0005638122675009072,-0.31344613432884216;0.24707581102848053,-0.1266225129365921,0.025477074086666107,-0.04552192986011505
;-85.07356262207031;-0.000006695278898405377,7.593526696325625e-9,-0.003135376377031207,-0.00048320149653591216;1.539571664599393e-10,0.21771562099456787,0.0005613413522951305,-0.31336960196495056;0.24700891971588135,-0.12662452459335327,0.02547241747379303,-0.045522019267082214
;-85.07391357421875;-0.000006694989224342862,7.590514883304422e-9,-0.0031360795255750418,-0.00048166565829887986;1.5389606256022148e-10,0.2177145779132843,0.0005588814965449274,-0.3132930397987366;0.24694201350212097,-0.12662656605243683,0.0254677627235651,-0.04552211984992027
;-85.07426452636719;-0.000006694692729070084,7.587503070283219e-9,-0.003136781044304371,-0.0004801359318662435;1.538351668273208e-10,0.21771347522735596,0.0005564324092119932,-0.3132164478302002;0.2468751221895218,-0.126628577709198,0.025463107973337173,-0.045522212982177734
;-85.07461547851562;-0.000006694404419249622,7.584492145440436e-9,-0.0031374816317111254,-0.0004786125209648162;1.537742849722079e-10,0.2177124172449112,0.0005539942067116499,-0.3131399154663086;0.24680817127227783,-0.12663061916828156,0.025458449497818947,-0.045522309839725494
;-85.07496643066406;-0.0000066941029217559844,7.581481220597652e-9,-0.003138181520625949,-0.00047709536738693714;1.5371320882806572e-10,0.21771131455898285,0.0005515668308362365,-0.313063383102417;0.24674123525619507,-0.12663264572620392,0.02545379474759102,-0.045522406697273254
;-85.0753173828125;-0.000006693812792946119,7.578471183933289e-9,-0.0031388807110488415,-0.00047558420919813216;1.5365232697295284e-10,0.2177102416753769,0.000549150223378092,-0.312986820936203;0.24667423963546753,-0.12663467228412628,0.02544913813471794,-0.045522499829530716
;-85.07566833496094;-0.00000669350538373692,7.575462035447345e-9,-0.003139578504487872,-0.00047407919191755354;1.5359125082881064e-10,0.21770912408828735,0.0005467443843372166,-0.3129102289676666;0.24660734832286835,-0.12663669884204865,0.025444477796554565,-0.045522596687078476
;-85.07601928710938;-0.000006693195246043615,7.5724528869614e-9,-0.0031402758322656155,-0.0004725801991298795;1.5353039672927338e-10,0.2177080512046814,0.0005443491972982883,-0.312833696603775;0.2465403974056244,-0.1266387403011322,0.025439821183681488,-0.04552268981933594
;-85.07637023925781;-0.00000669289511279203,7.569445514832296e-9,-0.0031409719958901405,-0.0004710872017312795;1.534695426297361e-10,0.21770694851875305,0.0005419646040536463,-0.31275710463523865;0.24647341668605804,-0.12664076685905457,0.02543516457080841,-0.0455227866768837
;-85.07672119140625;-0.0000066925808823725674,7.566437254524772e-9,-0.0031416674610227346,-0.00046960017061792314;1.5340848036338173e-10,0.2177058905363083,0.0005395905463956296,-0.31268054246902466;0.2464064210653305,-0.12664279341697693,0.025430504232645035,-0.04552288353443146
;-85.07707214355469;-0.000006692273473163368,7.563429882395667e-9,-0.003142361994832754,-0.00046811916399747133;1.5334765401942008e-10,0.21770477294921875,0.0005372271407395601,-0.31260403990745544;0.24633944034576416,-0.1266448199748993,0.02542584389448166,-0.04552297666668892
;-85.07742309570312;-0.00000669195105729159,7.560423398444982e-9,-0.003143055597320199,-0.0004666442982852459;1.532866056308535e-10,0.2177037000656128,0.0005348740960471332,-0.31252744793891907;0.24627242982387543,-0.12664686143398285,0.02542118728160858,-0.04552307352423668
;-85.07777404785156;-0.000006691629550914513,7.557416914494297e-9,-0.003143747802823782,-0.0004651752533391118;1.5322576540910404e-10,0.21770259737968445,0.0005325314705260098,-0.3124508559703827;0.2462054044008255,-0.1266488879919052,0.025416525080800056,-0.04552316665649414
;-85.078125;-0.000006691313956252998,7.554412206900452e-9,-0.003144439309835434,-0.00046371211647056043;1.531649529429302e-10,0.2177015244960785,0.0005301993223838508,-0.3123743534088135;0.24613840878009796,-0.12665092945098877,0.02541186660528183,-0.0455232635140419
;-85.07847595214844;-0.000006690986083413009,7.551406611128186e-9,-0.003145129419863224,-0.0004622549458872527;1.5310393230993924e-10,0.21770043671131134,0.0005278775352053344,-0.3122977614402771;0.24607142806053162,-0.12665295600891113,0.025407204404473305,-0.04552336037158966
;-85.07882690429688;-0.000006690666396025335,7.54840190353434e-9,-0.0031458197627216578,-0.0004608035087585449;1.530431059659776e-10,0.21769936382770538,0.0005255659343674779,-0.3122211992740631;0.2460043579339981,-0.1266549825668335,0.02540254220366478,-0.04552345350384712
;-85.07917785644531;-0.000006690331247227732,7.545397195940495e-9,-0.0031465087085962296,-0.00045935797970741987;1.5298232125537936e-10,0.21769823133945465,0.000523264694493264,-0.3121446371078491;0.24593736231327057,-0.12665702402591705,0.025397881865501404,-0.04552355036139488
;-85.07952880859375;-0.000006690006102871848,7.542394264703489e-9,-0.003147196490317583,-0.00045791809679940343;1.529213145001762e-10,0.2176971584558487,0.0005209736409597099,-0.31206804513931274;0.24587030708789825,-0.12665905058383942,0.02539321966469288,-0.045523643493652344
;-85.07987976074219;-0.000006689665042358683,7.539390445288063e-9,-0.003147884039208293,-0.0004564839182421565;1.5286052978957798e-10,0.21769608557224274,0.0005186927737668157,-0.31199151277542114;0.24580325186252594,-0.12666109204292297,0.025388555601239204,-0.0455237440764904
;-85.08023071289062;-0.000006689325800834922,7.536387514051057e-9,-0.0031485706567764282,-0.0004550557932816446;1.5279953691216264e-10,0.2176949828863144,0.0005164219764992595,-0.31191495060920715;0.24573618173599243,-0.12666313350200653,0.02538389340043068,-0.045523833483457565
;-85.08058166503906;-0.000006688990652037319,7.53338547099247e-9,-0.003149256110191345,-0.0004536332853604108;1.5273877995714003e-10,0.21769388020038605,0.0005141613655723631,-0.31183838844299316;0.24566912651062012,-0.1266651600599289,0.025379233062267303,-0.045523934066295624
;-85.0809326171875;-0.000006688642770313891,7.530384316112304e-9,-0.0031499401666224003,-0.0004522164526861161;1.526779952465418e-10,0.21769282221794128,0.0005119107663631439,-0.3117617964744568;0.24560204148292542,-0.12666718661785126,0.02537456527352333,-0.045524030923843384
;-85.08128356933594;-0.000006688302164548077,7.527382273053718e-9,-0.0031506232917308807,-0.00045080529525876045;1.5261703012470207e-10,0.21769171953201294,0.0005096701206639409,-0.3116852641105652;0.2455349713563919,-0.12666922807693481,0.025369901210069656,-0.045524124056100845
;-85.08163452148438;-0.0000066879506448458415,7.52438200635197e-9,-0.003151305951178074,-0.00044939995859749615;1.5255627316967946e-10,0.2176906317472458,0.0005074393120594323,-0.3116087019443512;0.24546782672405243,-0.12667126953601837,0.02536523900926113,-0.045524220913648605
;-85.08198547363281;-0.000006687593668175396,7.521380851471804e-9,-0.0031519876793026924,-0.0004480000934563577;1.5249533580341534e-10,0.21768954396247864,0.0005052185151726007,-0.31153208017349243;0.24540075659751892,-0.12667331099510193,0.02536057122051716,-0.045524317771196365
;-85.08233642578125;-0.000006687248060188722,7.518380584770057e-9,-0.0031526682432740927,-0.0004466059326659888;1.5243456497060492e-10,0.21768848598003387,0.0005030075553804636,-0.31145554780960083;0.24533362686634064,-0.1266753375530243,0.025355905294418335,-0.04552441090345383
;-85.08268737792969;-0.000006686887445539469,7.51538031806831e-9,-0.0031533483415842056,-0.0004452174180187285;1.5237384964894574e-10,0.21768733859062195,0.0005008064326830208,-0.31137898564338684;0.24526652693748474,-0.12667737901210785,0.02535124123096466,-0.04552450776100159
;-85.08303833007812;-0.000006686533197353128,7.512380939544983e-9,-0.003154027508571744,-0.0004438344039954245;1.5231291228268162e-10,0.217686265707016,0.0004986150888726115,-0.3113023638725281;0.24519939720630646,-0.1266794204711914,0.025346573442220688,-0.04552460089325905
;-85.08338928222656;-0.000006686167580483016,7.509381561021655e-9,-0.003154705511406064,-0.0004424568032845855;1.5225219696102243e-10,0.21768519282341003,0.0004964334657415748,-0.31122586131095886;0.24513225257396698,-0.12668146193027496,0.025341905653476715,-0.04552469775080681
;-85.083740234375;-0.000006685796961392043,7.506383958855167e-9,-0.003155383048579097,-0.0004410847614053637;1.5219125959475832e-10,0.21768410503864288,0.0004942615632899106,-0.3111492693424225;0.2450651079416275,-0.12668350338935852,0.02533723972737789,-0.04552479088306427
;-85.08409118652344;-0.000006685438620479545,7.50338546851026e-9,-0.0031560587231069803,-0.0004397182201500982;1.5213057202867475e-10,0.21768304705619812,0.0004920992651022971,-0.3110726475715637;0.24499791860580444,-0.12668552994728088,0.02533257193863392,-0.04552488774061203
;-85.08444213867188;-0.000006685065272904467,7.500387866343772e-9,-0.0031567339319735765,-0.00043835712131112814;1.5206987058480337e-10,0.21768192946910858,0.0004899465129710734,-0.3109961152076721;0.24493078887462616,-0.12668757140636444,0.025327902287244797,-0.04552498459815979
;-85.08479309082031;-0.000006684699201287003,7.497390264177284e-9,-0.0031574086751788855,-0.00043700155219994485;1.5200897485190268e-10,0.21768082678318024,0.00048780336510390043,-0.31091955304145813;0.2448635995388031,-0.126689612865448,0.025323234498500824,-0.04552507773041725
;-85.08514404296875;-0.000006684319032501662,7.494393550189216e-9,-0.0031580820214003325,-0.00043565136729739606;1.519482595302435e-10,0.21767978370189667,0.0004856696759816259,-0.31084296107292175;0.24479642510414124,-0.12669165432453156,0.025318562984466553,-0.04552517458796501
;-85.08549499511719;-0.0000066839529608841985,7.491396836201147e-9,-0.0031587546691298485,-0.0004343065957073122;1.5188739155291842e-10,0.21767869591712952,0.00048354556201957166,-0.31076639890670776;0.24472926557064056,-0.1266936957836151,0.02531389519572258,-0.04552526772022247
;-85.08584594726562;-0.000006683566880383296,7.488401010391499e-9,-0.003159426851198077,-0.00043296715011820197;1.5182671786462265e-10,0.21767756342887878,0.00048143084859475493,-0.3106898069381714;0.2446620762348175,-0.12669573724269867,0.025309225544333458,-0.04552536457777023
;-85.08619689941406;-0.000006683178526145639,7.48540518458185e-9,-0.0031600985676050186,-0.00043163305963389575;1.5176604417632689e-10,0.21767649054527283,0.00047932553570717573,-0.310613214969635;0.24459485709667206,-0.12669777870178223,0.025304552167654037,-0.045525457710027695
;-85.0865478515625;-0.000006682799266855,7.482409358772202e-9,-0.003160768188536167,-0.0004303043824620545;1.517051761990018e-10,0.21767541766166687,0.0004772295360453427,-0.310536652803421;0.24452759325504303,-0.12669982016086578,0.025299884378910065,-0.04552555829286575
;-85.08689880371094;-0.000006682407729385886,7.479414421140973e-9,-0.0031614378094673157,-0.0004289809730835259;1.5164451638849386e-10,0.21767432987689972,0.00047514293692074716,-0.31046009063720703;0.24446038901805878,-0.12670186161994934,0.025295212864875793,-0.04552565515041351
;-85.08724975585938;-0.000006682027560600545,7.476418595331324e-9,-0.0031621060334146023,-0.0004276627441868186;1.515838704557737e-10,0.21767325699329376,0.00047306553460657597,-0.31038349866867065;0.24439319968223572,-0.1267039179801941,0.025290539488196373,-0.045525748282670975
;-85.08760070800781;-0.000006681631020910572,7.473424545878515e-9,-0.003162772860378027,-0.0004263498412910849;1.5152300247844863e-10,0.21767215430736542,0.00047099735820665956,-0.3103069067001343;0.2443259209394455,-0.12670595943927765,0.02528586983680725,-0.045525845140218735
;-85.08795166015625;-0.000006681231752736494,7.470429608247287e-9,-0.0031634399201720953,-0.00042504211887717247;1.514623843013041e-10,0.21767105162143707,0.000468938349513337,-0.3102303147315979;0.24425870180130005,-0.1267080008983612,0.025281192734837532,-0.045525941997766495
;-85.08830261230469;-0.000006680840670014732,7.467436446972897e-9,-0.0031641055829823017,-0.0004237396642565727;1.5140154407955464e-10,0.21766997873783112,0.00046688850852660835,-0.31015366315841675;0.2441914677619934,-0.12671004235744476,0.02527652122080326,-0.045526035130023956
;-85.08865356445312;-0.000006680437309114495,7.464442397520088e-9,-0.0031647703144699335,-0.0004224424483254552;1.513409259024101e-10,0.21766887605190277,0.0004648478061426431,-0.31007716059684753;0.244124174118042,-0.12671208381652832,0.02527184784412384,-0.045526131987571716
;-85.08900451660156;-0.000006680042588413926,7.461450124424118e-9,-0.0031654341146349907,-0.0004211503837723285;1.5128030772526557e-10,0.21766775846481323,0.00046281618415378034,-0.31000059843063354;0.24405689537525177,-0.12671412527561188,0.02526717260479927,-0.04552622511982918
;-85.08935546875;-0.000006679632861050777,7.458457851328149e-9,-0.0031660967506468296,-0.00041986341238953173;1.5121949525909173e-10,0.21766671538352966,0.00046079352614469826,-0.3099239468574524;0.24398957192897797,-0.12671618163585663,0.02526249922811985,-0.04552632197737694
;-85.08970642089844;-0.000006679219950456172,7.455465578232179e-9,-0.003166758920997381,-0.00041858141776174307;1.51158890959735e-10,0.21766561269760132,0.0004587798612192273,-0.3098473846912384;0.24392230808734894,-0.12671823799610138,0.02525782585144043,-0.0455264188349247
;-85.09005737304688;-0.000006678817044303287,7.452474193314629e-9,-0.0031674199271947145,-0.00041730463271960616;1.5109810624913678e-10,0.21766452491283417,0.0004567751893773675,-0.3097708225250244;0.24385502934455872,-0.12672027945518494,0.02525314874947071,-0.04552651196718216
;-85.09040832519531;-0.000006678402314719278,7.449482364307869e-9,-0.0031680807005614042,-0.0004160329408477992;1.5103750194978005e-10,0.21766342222690582,0.000454779394203797,-0.30969423055648804;0.2437877207994461,-0.1267223209142685,0.025248471647500992,-0.04552660882472992
;-85.09075927734375;-0.000006677995315840235,7.446491423479529e-9,-0.003168739378452301,-0.00041476625483483076;1.5097689765042333e-10,0.21766236424446106,0.00045279250480234623,-0.30961763858795166;0.2437204122543335,-0.12672436237335205,0.025243796408176422,-0.04552670195698738
;-85.09111022949219;-0.000006677574674540665,7.4435009267403984e-9,-0.0031693982891738415,-0.00041350460378453135;1.5091614069540071e-10,0.21766123175621033,0.0004508144047576934,-0.3095410466194153;0.2436530739068985,-0.1267264187335968,0.025239117443561554,-0.04552679881453514
;-85.09146118164062;-0.0000066771640376828145,7.440510430001268e-9,-0.0031700562685728073,-0.0004122479585930705;1.508555502738318e-10,0.21766015887260437,0.0004488450358621776,-0.3094644546508789;0.2435857355594635,-0.12672846019268036,0.025234442204236984,-0.0455268919467926
;-85.09181213378906;-0.000006676738394162385,7.4375208214405575e-9,-0.003170712385326624,-0.00041099643567577004;1.5079479331880918e-10,0.21765905618667603,0.00044688457273878157,-0.30938783288002014;0.2435184121131897,-0.1267305165529251,0.025229765102267265,-0.04552698880434036
;-85.0921630859375;-0.000006676309567410499,7.434530768790637e-9,-0.003171368734911084,-0.00040974983130581677;1.5073423065281588e-10,0.21765798330307007,0.00044493269524537027,-0.30931127071380615;0.2434510439634323,-0.12673255801200867,0.025225086137652397,-0.045527081936597824
;-85.09251403808594;-0.0000066758902903529815,7.431541160229926e-9,-0.0031720236875116825,-0.00040850808727554977;1.5067368186461039e-10,0.21765688061714172,0.00044298951979726553,-0.3092346787452698;0.24338370561599731,-0.12673461437225342,0.025220409035682678,-0.04552718251943588
;-85.09286499023438;-0.000006675457370874938,7.4285524398476355e-9,-0.00317267794162035,-0.0004072712326887995;1.5061293878737558e-10,0.21765579283237457,0.0004410550754982978,-0.3091581165790558;0.24331635236740112,-0.12673665583133698,0.02521573007106781,-0.04552727937698364
;-85.09321594238281;-0.0000066750335463439114,7.425563275376135e-9,-0.0031733312644064426,-0.0004060392966493964;1.505523899991701e-10,0.21765470504760742,0.000439129100413993,-0.309081494808197;0.24324893951416016,-0.12673871219158173,0.025211047381162643,-0.045527372509241104
;-85.09356689453125;-0.000006674591077171499,7.422574554993844e-9,-0.0031739843543618917,-0.0004048123664688319;1.504916607997231e-10,0.21765364706516266,0.00043721171095967293,-0.30900490283966064;0.24318154156208038,-0.12674075365066528,0.025206370279192924,-0.045527469366788864
;-85.09391784667969;-0.000006674151336483192,7.4195867227899726e-9,-0.003174636047333479,-0.0004035902093164623;1.5043113976709321e-10,0.21765254437923431,0.0004353029071353376,-0.30892831087112427;0.2431141883134842,-0.12674281001091003,0.025201689451932907,-0.045527566224336624
;-85.09426879882812;-0.000006673721600236604,7.4165984464968915e-9,-0.003175286343321204,-0.000402372854296118;1.5037063261225114e-10,0.21765144169330597,0.00043340251431800425,-0.3088516891002655;0.2430468052625656,-0.12674486637115479,0.02519700676202774,-0.045527659356594086
;-85.09461975097656;-0.000006673275947832735,7.41361105838223e-9,-0.0031759366393089294,-0.00040116035961546004;1.5030990341280415e-10,0.2176503688097,0.0004315106198191643,-0.3087750971317291;0.24297937750816345,-0.12674692273139954,0.025192327797412872,-0.045527756214141846
;-85.094970703125;-0.0000066728425736073405,7.410623670267569e-9,-0.0031765855383127928,-0.0003999526670668274;1.5024938238017427e-10,0.21764932572841644,0.0004296271363273263,-0.30869850516319275;0.2429119050502777,-0.1267489641904831,0.025187646970152855,-0.04552784934639931
;-85.09532165527344;-0.000006672387826256454,7.407636282152907e-9,-0.0031772335059940815,-0.00039874966023489833;1.501889029809078e-10,0.21764817833900452,0.00042775203473865986,-0.30862191319465637;0.24284453690052032,-0.12675102055072784,0.02518296241760254,-0.04552794620394707
;-85.09567260742188;-0.0000066719371716317255,7.4046502263058755e-9,-0.0031778805423527956,-0.00039755142643116415;1.5012820153703643e-10,0.21764710545539856,0.00042588519863784313,-0.3085453510284424;0.24277707934379578,-0.1267530769109726,0.02517828159034252,-0.04552804306149483
;-85.09602355957031;-0.0000066714928834699094,7.401663726369634e-9,-0.0031785271130502224,-0.0003963579947594553;1.5006773601555778e-10,0.2176460176706314,0.00042402674444019794,-0.30846869945526123;0.24270965158939362,-0.12675513327121735,0.025173598900437355,-0.04552813619375229
;-85.09637451171875;-0.000006671037681371672,7.398677670522602e-9,-0.003179172519594431,-0.00039516936521977186;1.500070345716864e-10,0.21764494478702545,0.000422176526626572,-0.30839210748672485;0.24264217913150787,-0.1267571747303009,0.02516891434788704,-0.04552823305130005
;-85.09672546386719;-0.000006670587936241645,7.39569250285399e-9,-0.003179817460477352,-0.000393985363189131;1.4994656905020776e-10,0.2176438719034195,0.0004203344869893044,-0.30831554532051086;0.24257472157478333,-0.12675924599170685,0.025164229795336723,-0.04552832618355751
;-85.09707641601562;-0.00000667012864141725,7.392707779274588e-9,-0.0031804614700376987,-0.0003928059886675328;1.498861035287291e-10,0.21764276921749115,0.00041850071283988655,-0.3082389235496521;0.24250724911689758,-0.1267612874507904,0.025159547105431557,-0.04552842304110527
;-85.09742736816406;-0.000006669675713055767,7.3897226116059755e-9,-0.0031811040826141834,-0.00039163127075880766;1.4982544371822115e-10,0.2176416665315628,0.0004166750586591661,-0.3081623315811157;0.24243976175785065,-0.12676335871219635,0.02515486069023609,-0.04552851989865303
;-85.0977783203125;-0.000006669210051768459,7.386738332115783e-9,-0.003181745996698737,-0.0003904612094629556;1.4976500595231812e-10,0.21764059364795685,0.0004148574953433126,-0.30808570981025696;0.2423722743988037,-0.1267654001712799,0.025150176137685776,-0.04552861303091049
;-85.09812927246094;-0.000006668743026239099,7.38375494080401e-9,-0.0031823874451220036,-0.0003892958629876375;1.4970434614181016e-10,0.2176395058631897,0.0004130480519961566,-0.3080090880393982;0.24230480194091797,-0.12676745653152466,0.02514549344778061,-0.04552870988845825
;-85.09848022460938;-0.000006668283276667353,7.380770661313818e-9,-0.0031830277293920517,-0.0003881349985022098;1.4964389449811932e-10,0.21763838827610016,0.00041124667041003704,-0.30793246626853943;0.24223729968070984,-0.1267695277929306,0.025140805169939995,-0.045528803020715714
;-85.09883117675781;-0.000006667812158411834,7.377787270002045e-9,-0.0031836675480008125,-0.00038697876152582467;1.495834706100041e-10,0.2176373153924942,0.0004094532923772931,-0.3078559339046478;0.2421697974205017,-0.12677158415317535,0.02513611875474453,-0.04552890360355377
;-85.09918212890625;-0.0000066673469518718775,7.374804766868692e-9,-0.003184306202456355,-0.00038582709385082126;1.4952283855507176e-10,0.21763625741004944,0.0004076678887940943,-0.3077792823314667;0.24210225045681,-0.1267736405134201,0.025131432339549065,-0.045528996735811234
;-85.09953308105469;-0.0000066668703766481485,7.371822263735339e-9,-0.003184943925589323,-0.00038467993726953864;1.4946241466695653e-10,0.2176351547241211,0.00040589040145277977,-0.3077026605606079;0.2420346885919571,-0.12677569687366486,0.02512674406170845,-0.045529093593358994
;-85.09988403320312;-0.000006666392891929718,7.368839760601986e-9,-0.0031855811830610037,-0.0003835372917819768;1.494018103675998e-10,0.21763405203819275,0.0004041208594571799,-0.3076260983943939;0.24196720123291016,-0.1267777532339096,0.025122055783867836,-0.045529190450906754
;-85.10023498535156;-0.000006665923592663603,7.365858145647053e-9,-0.0031862175092101097,-0.0003823990991804749;1.493414003572724e-10,0.2176329493522644,0.0004023591463919729,-0.30754944682121277;0.24189963936805725,-0.12677980959415436,0.02511736750602722,-0.045529283583164215
;-85.1005859375;-0.000006665438377240207,7.36287608660291e-9,-0.0031868526712059975,-0.00038126547588035464;1.4928100422473278e-10,0.21763187646865845,0.0004006052913609892,-0.3074728548526764;0.24183203279972076,-0.1267818659543991,0.025112677365541458,-0.045529380440711975
;-85.10093688964844;-0.000006664965894742636,7.359894915737186e-9,-0.0031874876003712416,-0.0003801362181548029;1.4922041380316386e-10,0.2176307886838913,0.0003988592070527375,-0.30739626288414;0.24176451563835144,-0.12678392231464386,0.025107990950345993,-0.04552947357296944
;-85.10128784179688;-0.000006664476131845731,7.356914188960673e-9,-0.003188120434060693,-0.00037901135510765016;1.4916001767062426e-10,0.21762968599796295,0.00039712092257104814,-0.30731964111328125;0.24169695377349854,-0.1267859935760498,0.02510330080986023,-0.0455295704305172
;-85.10163879394531;-0.0000066639868236961775,7.353933906273369e-9,-0.003188753267750144,-0.0003778909449465573;1.4909963541587246e-10,0.2176285982131958,0.0003953903797082603,-0.3072430193424225;0.24162934720516205,-0.12678804993629456,0.025098608806729317,-0.04552966728806496
;-85.10198974609375;-0.0000066635057009989396,7.350953179496855e-9,-0.0031893851701170206,-0.0003767750458791852;1.4903907274987915e-10,0.21762751042842865,0.00039366752025671303,-0.3071663975715637;0.24156178534030914,-0.1267901211977005,0.025093920528888702,-0.04552976042032242
;-85.10234069824219;-0.000006663012754870579,7.347973340898761e-9,-0.003190015908330679,-0.0003756634541787207;1.4897870437291516e-10,0.2176264375448227,0.0003919523151125759,-0.30708980560302734;0.24149417877197266,-0.12679217755794525,0.02508923038840294,-0.04552985727787018
;-85.10269165039062;-0.0000066625289036892354,7.344993502300667e-9,-0.00319064618088305,-0.00037455622805282474;1.4891814170692186e-10,0.21762533485889435,0.0003902448224835098,-0.3070131838321686;0.24142655730247498,-0.12679423391819,0.025084534659981728,-0.04552995413541794
;-85.10304260253906;-0.00000666202868160326,7.342014107791783e-9,-0.0031912752892822027,-0.00037345319287851453;1.4885778720774567e-10,0.217624232172966,0.0003885448386427015,-0.3069365620613098;0.2413589507341385,-0.12679630517959595,0.025079844519495964,-0.0455300472676754
;-85.1033935546875;-0.000006661541647190461,7.339034713282899e-9,-0.003191904164850712,-0.00037235463969409466;1.487974327085695e-10,0.21762317419052124,0.0003868524800054729,-0.30685997009277344;0.2412913292646408,-0.1267983615398407,0.02507515251636505,-0.04553014412522316
;-85.10374450683594;-0.000006661037787125679,7.336056206952435e-9,-0.0031925318762660027,-0.0003712601901497692;1.48736883920364e-10,0.21762210130691528,0.00038516760105267167,-0.3067833483219147;0.24122373759746552,-0.12680043280124664,0.02507045865058899,-0.04553023725748062
;-85.10409545898438;-0.0000066605298343347386,7.3330777006219705e-9,-0.0031931581906974316,-0.0003701702516991645;1.4867655717676342e-10,0.21762095391750336,0.00038349025999195874,-0.3067067861557007;0.24115605652332306,-0.1268024891614914,0.025065766647458076,-0.04553033411502838
;-85.10444641113281;-0.000006660035523964325,7.330099194291506e-9,-0.003193784272298217,-0.00036908459151163697;1.4861602226634574e-10,0.2176198959350586,0.00038182036951184273,-0.30663010478019714;0.241088405251503,-0.12680454552173615,0.025061074644327164,-0.04553042724728584
;-85.10479736328125;-0.00000665952529743663,7.3271215761394615e-9,-0.0031944098882377148,-0.0003680029767565429;1.4855572327832078e-10,0.21761883795261383,0.0003801579005084932,-0.30655351281166077;0.2410207837820053,-0.1268066167831421,0.025056377053260803,-0.0455305278301239
;-85.10514831542969;-0.0000066590241658559535,7.324143957987417e-9,-0.003195034107193351,-0.0003669256984721869;1.484953826569324e-10,0.2176177203655243,0.0003785028529819101,-0.306476891040802;0.24095307290554047,-0.12680868804454803,0.02505168318748474,-0.04553062468767166
;-85.10549926757812;-0.000006658508027612697,7.321166783924582e-9,-0.003195657394826412,-0.00036585264024324715;1.4843488937987814e-10,0.21761666238307953,0.0003768551105167717,-0.30640023946762085;0.2408854365348816,-0.12681074440479279,0.02504699118435383,-0.04553071781992912
;-85.10585021972656;-0.000006657993253611494,7.318189165772537e-9,-0.0031962799839675426,-0.0003647837438620627;1.483745903918532e-10,0.2176155298948288,0.00037521476042456925,-0.3063236474990845;0.24081775546073914,-0.12681281566619873,0.02504229173064232,-0.04553081467747688
;-85.106201171875;-0.0000066574857555679046,7.315212879888122e-9,-0.003196901874616742,-0.00036371895112097263;1.4831409711479893e-10,0.21761448681354523,0.00037358171539381146,-0.3062470257282257;0.2407500147819519,-0.12681488692760468,0.025037597864866257,-0.045530907809734344
;-85.10655212402344;-0.000006656965979345841,7.312236594003707e-9,-0.0031975230667740107,-0.0003626584366429597;1.4825378424898616e-10,0.21761339902877808,0.0003719559172168374,-0.30617037415504456;0.24068233370780945,-0.12681695818901062,0.025032902136445045,-0.045531004667282104
;-85.10690307617188;-0.000006656453479081392,7.309260308119292e-9,-0.0031981426291167736,-0.00036160211311653256;1.4819349913874902e-10,0.21761228144168854,0.000370337424101308,-0.3060937523841858;0.240614652633667,-0.12681902945041656,0.025028204545378685,-0.045531097799539566
;-85.10725402832031;-0.0000066559277911437675,7.306284466324087e-9,-0.0031987621914595366,-0.00036054980591870844;1.4813303361727037e-10,0.2176111787557602,0.0003687260905280709,-0.3060171604156494;0.24054692685604095,-0.12682108581066132,0.025023506954312325,-0.045531194657087326
;-85.10760498046875;-0.000006655400284216739,7.303309068618091e-9,-0.003199380123987794,-0.0003595016023609787;1.4807276238482103e-10,0.21761013567447662,0.0003671219164971262,-0.30594056844711304;0.24047918617725372,-0.12682315707206726,0.025018807500600815,-0.045531291514635086
;-85.10795593261719;-0.000006654884600720834,7.300333670912096e-9,-0.0031999978236854076,-0.0003584575606510043;1.4801229686334239e-10,0.21760904788970947,0.0003655249020084739,-0.3058638870716095;0.24041146039962769,-0.1268252283334732,0.025014111772179604,-0.04553138464689255
;-85.10830688476562;-0.0000066543543653097,7.29735916138452e-9,-0.0032006148248910904,-0.00035741753526963294;1.4795205338646866e-10,0.21760794520378113,0.0003639349597506225,-0.3057872951030731;0.24034370481967926,-0.12682729959487915,0.025009414181113243,-0.04553148150444031
;-85.10865783691406;-0.00000665383595332969,7.294385095946154e-9,-0.003201231360435486,-0.00035638155532069504;1.4789179603180713e-10,0.21760684251785278,0.00036235214793123305,-0.30571064352989197;0.24027594923973083,-0.1268293708562851,0.025004711002111435,-0.04553157836198807
;-85.1090087890625;-0.000006653298441960942,7.2914105864185785e-9,-0.0032018462661653757,-0.0003553496499080211;1.478313582659041e-10,0.21760575473308563,0.0003607763210311532,-0.3056340217590332;0.2402081936597824,-0.12683144211769104,0.025000013411045074,-0.04553167149424553
;-85.10935974121094;-0.000006652775027760072,7.2884369650694225e-9,-0.0032024604734033346,-0.00035432178992778063;1.4777111478903038e-10,0.21760466694831848,0.0003592075372580439,-0.3055574297904968;0.2401404231786728,-0.1268334984779358,0.024995313957333565,-0.04553176835179329
;-85.10971069335938;-0.0000066522352426545694,7.285464231898686e-9,-0.0032030735164880753,-0.0003532978589646518;1.4771089906773227e-10,0.21760356426239014,0.00035764576750807464,-0.3054807484149933;0.24007265269756317,-0.12683556973934174,0.024990612640976906,-0.04553186148405075
;-85.11006164550781;-0.000006651693183812313,7.28249149872795e-9,-0.0032036863267421722,-0.00035227794433012605;1.4765047517961705e-10,0.21760247647762299,0.00035609095357358456,-0.3054041266441345;0.24000485241413116,-0.12683765590190887,0.024985913187265396,-0.04553195834159851
;-85.11041259765625;-0.000006651162948401179,7.279518321468004e-9,-0.003204297972843051,-0.00035126207512803376;1.4759024558053113e-10,0.21760140359401703,0.0003545430372469127,-0.30532750487327576;0.23993705213069916,-0.12683971226215363,0.024981211870908737,-0.04553205892443657
;-85.11076354980469;-0.000006650617251580115,7.276546476475687e-9,-0.0032049091532826424,-0.00035025010583922267;1.4752984944799152e-10,0.21760030090808868,0.0003530020476318896,-0.30525094270706177;0.23986929655075073,-0.12684178352355957,0.02497650869190693,-0.04553214833140373
;-85.11111450195312;-0.000006650082468695473,7.27357507557258e-9,-0.0032055184710770845,-0.00034924212377518415;1.474696198489056e-10,0.21759919822216034,0.0003514678683131933,-0.30519387125968933;0.23980149626731873,-0.1268433928489685,0.024972982704639435,-0.04553224891424179
;-85.11146545410156;-0.000006649530860158848,7.270603230580264e-9,-0.0032061280217021704,-0.0003482380707282573;1.4740943188318312e-10,0.21759812533855438,0.0003499405283946544,-0.3051172196865082;0.23973362147808075,-0.12684547901153564,0.024968281388282776,-0.04553234204649925
;-85.11181640625;-0.000006648978342127521,7.267631829677157e-9,-0.0032067368738353252,-0.0003472378011792898;1.4734906350621912e-10,0.21759705245494843,0.00034842005698010325,-0.3050405979156494;0.23966579139232635,-0.1268475353717804,0.024963578209280968,-0.04553243890404701
;-85.11216735839844;-0.000006648437647527317,7.26466131695247e-9,-0.003207345027476549,-0.00034624148975126445;1.4728887554049663e-10,0.21759596467018127,0.0003469063376542181,-0.3049638867378235;0.23959794640541077,-0.12684962153434753,0.02495887316763401,-0.045532532036304474
;-85.11251831054688;-0.000006647882855759235,7.261690804227783e-9,-0.003207951784133911,-0.00034524904913268983;1.4722847940795702e-10,0.21759486198425293,0.0003453993413131684,-0.3048872947692871;0.23953010141849518,-0.12685169279575348,0.024954169988632202,-0.045532628893852234
;-85.11286926269531;-0.000006647338523180224,7.2587207355923056e-9,-0.003208557842299342,-0.0003442604502197355;1.4716830532002234e-10,0.2175937443971634,0.0003438990388531238,-0.30481070280075073;0.23946228623390198,-0.12685376405715942,0.024949464946985245,-0.045532722026109695
;-85.11322021484375;-0.000006646780548180686,7.2557502228676185e-9,-0.003209162736311555,-0.00034327569301240146;1.4710817286545108e-10,0.21759271621704102,0.00034240545937791467,-0.3047340214252472;0.2393943816423416,-0.12685583531856537,0.024944761767983437,-0.045532818883657455
;-85.11357116699219;-0.0000066462189352023415,7.252781042410561e-9,-0.0032097676303237677,-0.0003422947193030268;1.470478044884871e-10,0.21759161353111267,0.0003409185155760497,-0.30465736985206604;0.23932650685310364,-0.1268579214811325,0.02494005486369133,-0.045532915741205215
;-85.11392211914062;-0.0000066456664171710145,7.249811417864294e-9,-0.0032103711273521185,-0.0003413175872992724;1.469876304005524e-10,0.21759049594402313,0.00033943820744752884,-0.3045807480812073;0.23925866186618805,-0.12685999274253845,0.024935347959399223,-0.04553300887346268
;-85.11426544189453;-0.0000066451016209612135,7.246842237407236e-9,-0.003210973460227251,-0.00034034420968964696;1.4692728977916403e-10,0.21758940815925598,0.0003379644767846912,-0.304523766040802;0.2391907274723053,-0.1268616020679474,0.02493182010948658,-0.04553310573101044
;-85.1146011352539;-0.000006644611403316958,7.243985411520271e-9,-0.003211576957255602,-0.00033937429543584585;1.4686979410427625e-10,0.2175883799791336,0.0003365025040693581,-0.3044666349887848;0.23912577331066132,-0.12686321139335632,0.024928290396928787,-0.0455331951379776
;-85.11493682861328;-0.000006644103905273369,7.241129029722515e-9,-0.003212181618437171,-0.0003384081064723432;1.4681228455160067e-10,0.21758732199668884,0.00033504690509289503,-0.3043898642063141;0.23906086385250092,-0.12686526775360107,0.02492358535528183,-0.04553328827023506
;-85.11527252197266;-0.000006643610049650306,7.238274424281599e-9,-0.00321278627961874,-0.00033744561369530857;1.4675458070989578e-10,0.21758635342121124,0.00033359782537445426,-0.30433276295661926;0.23899589478969574,-0.12686687707901,0.02492005191743374,-0.04553338140249252
;-85.11560821533203;-0.000006643098004133208,7.2354202629298925e-9,-0.0032133907079696655,-0.00033648693352006376;1.4669711279058362e-10,0.2175852656364441,0.00033215509029105306,-0.30427563190460205;0.23893091082572937,-0.12686847150325775,0.024916522204875946,-0.04553346708416939
;-85.1159439086914;-0.000006642598691541934,7.232567433845816e-9,-0.0032139949034899473,-0.0003355318622197956;1.4663942282666653e-10,0.21758422255516052,0.0003307188453618437,-0.30419889092445374;0.2388659566640854,-0.1268705427646637,0.02491181530058384,-0.04553356021642685
;-85.11627960205078;-0.0000066420852817827836,7.2297154929401586e-9,-0.0032145993318408728,-0.00033458054531365633;1.4658194102956656e-10,0.21758322417736053,0.0003292889450676739,-0.3041222095489502;0.23880091309547424,-0.12687261402606964,0.024907104671001434,-0.04553365334868431
;-85.11661529541016;-0.000006641582785960054,7.226864440212921e-9,-0.0032152021303772926,-0.0003336328954901546;1.465242649434373e-10,0.21758219599723816,0.0003278653894085437,-0.3040454685688019;0.23873597383499146,-0.12687468528747559,0.024902397766709328,-0.045533742755651474
;-85.11695098876953;-0.00000664106255499064,7.224014719753313e-9,-0.003215804463252425,-0.0003326889709569514;1.4646681090191294e-10,0.2175811380147934,0.00032644817838445306,-0.30398839712142944;0.23867100477218628,-0.12687627971172333,0.024898866191506386,-0.045533835887908936
;-85.1172866821289;-0.000006640557785431156,7.221166331561335e-9,-0.003216406097635627,-0.0003317486261948943;1.4640914869357147e-10,0.21758010983467102,0.000325037311995402,-0.30391165614128113;0.23860591650009155,-0.12687836587429047,0.02489415556192398,-0.0455339252948761
;-85.11762237548828;-0.0000066400471041561104,7.218317943369357e-9,-0.00321700656786561,-0.00033081197761930525;1.4635169465204712e-10,0.21757908165454865,0.0003236326447222382,-0.3038349151611328;0.23854093253612518,-0.1268804371356964,0.024889444932341576,-0.04553401842713356
;-85.11795806884766;-0.000006639521416218486,7.215470887445008e-9,-0.0032176063396036625,-0.0003298788797110319;1.4629406019928126e-10,0.21757802367210388,0.0003222342347726226,-0.3037581741809845;0.23847590386867523,-0.12688249349594116,0.02488473616540432,-0.04553411155939102
;-85.11829376220703;-0.000006639006642217282,7.212624275609869e-9,-0.003218205412849784,-0.0003289494488853961;1.462366061577569e-10,0.2175770103931427,0.0003208419948350638,-0.3037010431289673;0.23841087520122528,-0.1268841028213501,0.024881204590201378,-0.045534197241067886
;-85.11861419677734;-0.000006638515969825676,7.209834507193591e-9,-0.003218804020434618,-0.00032802336500026286;1.461803039726206e-10,0.2175760269165039,0.00031945842783898115,-0.3036634922027588;0.23834726214408875,-0.12688523530960083,0.02487884648144245,-0.04553428664803505
;-85.11893463134766;-0.000006638047125306912,7.207101138106964e-9,-0.0032194042578339577,-0.00032710074447095394;1.4612550058856755e-10,0.21757501363754272,0.0003180834464728832,-0.3036063015460968;0.23828524351119995,-0.12688682973384857,0.02487531304359436,-0.04553437605500221
;-85.11925506591797;-0.000006637588739977218,7.204369989466386e-9,-0.0032200049608945847,-0.0003261815872974694;1.4607050291548518e-10,0.21757404506206512,0.0003167145769111812,-0.30354905128479004;0.2382231056690216,-0.1268884241580963,0.02487177960574627,-0.04553445801138878
;-85.11957550048828;-0.000006637129899900174,7.201639284915018e-9,-0.0032206056639552116,-0.00032526603899896145;1.4601571340921993e-10,0.21757306158542633,0.00031535167363472283,-0.30347228050231934;0.23816099762916565,-0.12689049541950226,0.024867068976163864,-0.04553454741835594
;-85.1198959350586;-0.000006636659691139357,7.198911244898909e-9,-0.0032212059013545513,-0.00032435398316010833;1.4596074349171317e-10,0.21757206320762634,0.0003139948530588299,-0.3034150302410126;0.2380988895893097,-0.12689208984375,0.024863531813025475,-0.045534636825323105
;-85.1202163696289;-0.000006636195394094102,7.19618453715043e-9,-0.0032218066044151783,-0.0003234455070924014;1.4590595398544792e-10,0.21757110953330994,0.0003126440569758415,-0.30333825945854187;0.23803679645061493,-0.12689414620399475,0.02485881932079792,-0.04553472250699997
;-85.12053680419922;-0.000006635714726144215,7.19345827349116e-9,-0.003222406143322587,-0.00032254046527668834;1.4585098406794117e-10,0.21757011115550995,0.00031129922717809677,-0.3032810389995575;0.2379746437072754,-0.1268957555294037,0.02485528588294983,-0.045534808188676834
;-85.120849609375;-0.000006635247700614855,7.19073423027794e-9,-0.0032230045180767775,-0.00032163894502446055;1.4579620843946373e-10,0.21756914258003235,0.00030996036366559565,-0.3032434284687042;0.23791249096393585,-0.12689687311649323,0.024852929636836052,-0.0455348938703537
;-85.12115478515625;-0.000006634839337493759,7.188122097545602e-9,-0.003223603358492255,-0.00032074053888209164;1.4574386142385265e-10,0.21756817400455475,0.0003086322103627026,-0.3031861484050751;0.2378533035516739,-0.12689846754074097,0.024849392473697662,-0.045534975826740265
;-85.1214599609375;-0.000006634429155383259,7.185512185259313e-9,-0.003224204294383526,-0.00031984562519937754;1.456917503306343e-10,0.2175673097372055,0.00030730984872207046,-0.30310922861099243;0.23779410123825073,-0.12690052390098572,0.024844679981470108,-0.04553505778312683
;-85.12176513671875;-0.000006634004876104882,7.182903605240654e-9,-0.003224804764613509,-0.00031895405845716596;1.4563943107059885e-10,0.2175663262605667,0.0003059933369513601,-0.30303236842155457;0.23773497343063354,-0.12690258026123047,0.024839965626597404,-0.0455351397395134
;-85.12208557128906;-0.000006633568773395382,7.180242178606022e-9,-0.003225404303520918,-0.0003180661879014224;1.4558579342072164e-10,0.2175654023885727,0.0003046802885364741,-0.3029555380344391;0.23767425119876862,-0.12690463662147522,0.024835247546434402,-0.04553522542119026
;-85.12239074707031;-0.000006633114026044495,7.17758208423902e-9,-0.0032260031439363956,-0.00031718166428618133;1.4553236393766156e-10,0.2175644189119339,0.00030337311909534037,-0.30289825797080994;0.23761355876922607,-0.12690624594688416,0.024831712245941162,-0.045535311102867126
;-85.1227035522461;-0.000006632682470808504,7.1749783892016694e-9,-0.003226601518690586,-0.00031630040029995143;1.454800585554139e-10,0.21756349503993988,0.00030207395320758224,-0.3028213679790497;0.23755432665348053,-0.1269083023071289,0.02482699789106846,-0.04553539305925369
;-85.12300872802734;-0.000006632241365878144,7.172321847548346e-9,-0.0032271987292915583,-0.0003154226578772068;1.4542662907235382e-10,0.21756252646446228,0.0003007782797794789,-0.3027641177177429;0.237493634223938,-0.12690988183021545,0.02482345700263977,-0.04553547874093056
;-85.12332153320312;-0.000006631804353673942,7.169721705224674e-9,-0.003227796172723174,-0.0003145481750834733;1.4537432369010617e-10,0.21756163239479065,0.0002994906681124121,-0.30268725752830505;0.23743440210819244,-0.1269119530916214,0.024818740785121918,-0.04553556069731712
;-85.1236343383789;-0.000006631318228755845,7.167012316955379e-9,-0.0032283917535096407,-0.00031367733026854694;1.4531942316153845e-10,0.21756064891815186,0.00029820416239090264,-0.3026299774646759;0.23737221956253052,-0.12691354751586914,0.024815203621983528,-0.04553564637899399
;-85.12393951416016;-0.000006630893494730117,7.164413950988546e-9,-0.0032289859373122454,-0.0003128094831481576;1.452673120683201e-10,0.21755973994731903,0.00029692795942537487,-0.30255311727523804;0.23731297254562378,-0.12691561877727509,0.024810485541820526,-0.045535728335380554
;-85.12425231933594;-0.00000663042828819016,7.161761850227322e-9,-0.0032295803539454937,-0.000311945186695084;1.4521372992959414e-10,0.21755878627300262,0.0002956551034003496,-0.3024958372116089;0.23725225031375885,-0.12691719830036163,0.024806946516036987,-0.04553581401705742
;-85.12455749511719;-0.00000662999718770152,7.159165704706538e-9,-0.003230174072086811,-0.0003110840334556997;1.451616465919514e-10,0.21755783259868622,0.0002943901636172086,-0.30241891741752625;0.23719295859336853,-0.12691926956176758,0.024802228435873985,-0.04553589969873428
;-85.12486267089844;-0.0000066295651777181774,7.156571335542594e-9,-0.003230767324566841,-0.000310226168949157;1.4510938284306718e-10,0.2175569236278534,0.00029313084087334573,-0.302381306886673;0.2371337115764618,-0.12692038714885712,0.024799872189760208,-0.04553597792983055
;-85.12516784667969;-0.000006629120889556361,7.15397829864628e-9,-0.0032313603442162275,-0.00030937156407162547;1.4505729950542445e-10,0.21755599975585938,0.00029187704785726964,-0.30232399702072144;0.23707446455955505,-0.12692198157310486,0.02479632943868637,-0.04553605988621712
;-85.12547302246094;-0.000006628685241594212,7.151386594017595e-9,-0.0032319531310349703,-0.0003085202188231051;1.4500503575654022e-10,0.21755506098270416,0.00029062884277664125,-0.3022666573524475;0.23701518774032593,-0.1269235759973526,0.024792790412902832,-0.045536141842603683
;-85.12577819824219;-0.000006628246865147958,7.1487957775673294e-9,-0.0032325456850230694,-0.0003076721914112568;1.449527997632316e-10,0.21755412220954895,0.0002893861092161387,-0.30220937728881836;0.23695588111877441,-0.12692517042160034,0.024789251387119293,-0.04553622379899025
;-85.1260757446289;-0.000006627808943449054,7.146206293384694e-9,-0.0032331368420273066,-0.00030682727810926735;1.449007303033767e-10,0.21755318343639374,0.0002881488762795925,-0.3021716773509979;0.2368965744972229,-0.12692628800868988,0.024786891415715218,-0.045536305755376816
;-85.12637329101562;-0.000006627415132243186,7.14372960786136e-9,-0.003233729163184762,-0.0003059853916056454;1.4485108945638814e-10,0.2175523191690445,0.00028692156774923205,-0.3020946979522705;0.23684027791023254,-0.12692834436893463,0.024782169610261917,-0.045536383986473083
;-85.12666320800781;-0.000006627011316595599,7.141198743454424e-9,-0.003234321717172861,-0.0003051467938348651;1.4480017185292127e-10,0.21755145490169525,0.00028569751884788275,-0.3020373582839966;0.23678246140480042,-0.12692993879318237,0.02477863058447838,-0.04553646594285965
;-85.126953125;-0.000006626626145589398,7.1387251665555596e-9,-0.0032349140383303165,-0.0003043112810701132;1.4475073917274983e-10,0.21755054593086243,0.0002844809787347913,-0.301999568939209;0.23672612011432648,-0.12693104147911072,0.024776270613074303,-0.04553654417395592
;-85.12724304199219;-0.000006626226422667969,7.136252921924324e-9,-0.0032355072908103466,-0.00030347899883054197;1.447011260813369e-10,0.2175496518611908,0.00028326985193416476,-0.3019421696662903;0.23666973412036896,-0.12693263590335846,0.024772731587290764,-0.04553661867976189
;-85.12753295898438;-0.000006625840796914417,7.133782453649928e-9,-0.003236100310459733,-0.0003026498307008296;1.4465152686771177e-10,0.21754880249500275,0.00028206402203068137,-0.30188480019569397;0.23661336302757263,-0.126934215426445,0.024769188836216927,-0.04553670063614845
;-85.12782287597656;-0.000006625451078434708,7.131313761732372e-9,-0.003236692864447832,-0.000301823893096298;1.4460210806532814e-10,0.2175479233264923,0.00028086351812817156,-0.30180782079696655;0.2365570366382599,-0.12693627178668976,0.024764465168118477,-0.04553677514195442
;-85.12811279296875;-0.000006625061814702349,7.128846846171655e-9,-0.0032372844871133566,-0.0003010011278092861;1.44552508851703e-10,0.21754702925682068,0.00027966834022663534,-0.30177009105682373;0.23650066554546356,-0.1269373893737793,0.02476210705935955,-0.04553685337305069
;-85.12840270996094;-0.00000662466754874913,7.126381262878567e-9,-0.0032378758769482374,-0.0003001814766321331;1.445029235158657e-10,0.21754616498947144,0.0002784784301184118,-0.3016930818557739;0.23644429445266724,-0.12693944573402405,0.02475738525390625,-0.045536935329437256
;-85.12869262695312;-0.00000662427237330121,7.123917011853109e-9,-0.003238466801121831,-0.000299364939564839;1.4445353246905768e-10,0.2175453007221222,0.00027729375869967043,-0.3016161322593689;0.23638790845870972,-0.1269415020942688,0.02475265972316265,-0.045537009835243225
;-77.1864242553711;-0.00008006932330317795,3.680000659755933e-8,-0.0035883975215256214,-0.00021528854267671704;1.4270313819508829e-9,0.23141174018383026,0.0013854058925062418,-0.28117990493774414;0.7722066044807434,-0.12457461655139923,0.024750297889113426,-0.04437708854675293
;-69.43171691894531;-0.008335419930517673,1.0896631863488437e-7,-0.006231687497347593,-0.00005188916838960722;1.3615933269761626e-8,0.25735586881637573,0.0034350657369941473,-0.24147844314575195;1.5444790124893188,-0.11993571370840073,0.02474675513803959,-0.04210395738482475
;-61.731101989746094;-0.41226619482040405,2.5089073574235954e-7,-0.013247283175587654,0.00010879247565753758;7.894630726923424e-8,0.28063076734542847,0.005245118401944637,-0.2033265382051468;1.83734130859375,-0.11537888646125793,0.024745574221014977,-0.03987149894237518
;-53.264678955078125;-6.661269187927246,6.850183353890316e-7,-0.02898991107940674,0.00027517887065187097;4.0648131971465773e-7,0.3016575872898102,0.006891956087201834,-0.16558468341827393;1.621019959449768,-0.11072541028261185,0.024745574221014977,-0.03759190812706947
;-37.3712043762207;-65.01192474365234,0.000003003490519404295,-0.06807660311460495,0.0005016032955609262;0.0000031206830044538947,0.32482442259788513,0.00891678873449564,-0.11823765933513641;1.0037132501602173,-0.10460866987705231,0.024745574221014977,-0.03459528833627701
;18.363893508911133;-390.7086486816406,0.0004133564361836761,-0.4529910683631897,0.0011727485107257962;0.0006847949116490781,0.366158664226532,0.015163760632276535,-0.00007854892464820296;0.11373721808195114,-0.08749494701623917,0.02474675513803959,-0.02620973251760006
;36.22456741333008;-42.74816131591797,2.725123882293701,-3.4929025173187256,0.0024282478261739016;1.3363310098648071,0.3935098946094513,0.09129562973976135,0.1846403181552887;0.0012408965267241001,-0.05741153284907341,0.02475147880613804,-0.011469054967164993
;36.94620132446289;-4.461860656738281,7.056149482727051,-3.6936895847320557,0.0027110185474157333;1.589069128036499,0.3948267996311188,0.22906625270843506,0.2032347172498703;0.0007982483366504312,-0.0545770488679409,0.024758564308285713,-0.010081456042826176
;35.60116958618164;-0.5376969575881958,10.036949157714844,-4.3199896812438965,0.002866920782253146;1.5559190511703491,0.3946358561515808,0.33740267157554626,0.20034347474575043;0.0008542470750398934,-0.055008430033922195,0.02476564608514309,-0.010294139385223389
;33.799110412597656;-0.0720175951719284,11.836969375610352,-4.952972412109375,0.0029910814482718706;1.4744617938995361,0.39419588446617126,0.4080635607242584,0.19392021000385284;0.0009941763710230589,-0.05597833916544914,0.024772731587290764,-0.010770673863589764
;31.881620407104492;-0.010622662492096424,12.772583961486816,-5.555314540863037,0.0030974815599620342;1.368191123008728,0.3936747908592224,0.4490158259868622,0.18663084506988525;0.0011827333364635706,-0.05709129199385643,0.02477980963885784,-0.011317286640405655
;29.999467849731445;-0.0017067138105630875,13.108242988586426,-6.120189666748047,0.0031916885636746883;1.2464154958724976,0.3931267261505127,0.4688573479652405,0.17930817604064941;0.0014103102730587125,-0.058221399784088135,0.024786891415715218,-0.011872303672134876
;28.239397048950195;-0.0002949121408164501,13.046791076660156,-6.639395236968994,0.0032782182097434998;1.118621587753296,0.3925837278366089,0.47452396154403687,0.17237690091133118;0.001668090233579278,-0.059301458299160004,0.024793969467282295,-0.012402801774442196
;26.64936637878418;-0.00005412854807218537,12.735733985900879,-7.103939533233643,0.0033607473596930504;0.9943353533744812,0.3920678198337555,0.4710683226585388,0.16606740653514862;0.0019454453140497208,-0.06029268726706505,0.02480105124413967,-0.012889784760773182
;25.250534057617188;-0.000010436293450766243,12.277706146240234,-7.505121231079102,0.003442203626036644;0.8810479640960693,0.39159348607063293,0.46196871995925903,0.16048574447631836;0.0022305985912680626,-0.06117535009980202,0.0248081274330616,-0.013323585502803326
;24.0449275970459;-0.000002093929879265488,11.741493225097656,-7.828361988067627,0.0035245323088020086;0.78298020362854,0.39116862416267395,0.449535995721817,0.15564878284931183;0.0025120561476796865,-0.06194157898426056,0.024818740785121918,-0.013701037503778934
;23.02165412902832;-4.3382812009440386e-7,11.171558380126953,-8.066350936889648,0.0036091399379074574;0.7011631727218628,0.3907961845397949,0.43526068329811096,0.15151259303092957;0.0027803180273622274,-0.06259278953075409,0.02483760565519333,-0.014023751951754093
;22.16569709777832;-9.223168007110871e-8,10.595952033996582,-8.233160018920898,0.0036968844942748547;0.6346349120140076,0.3904752731323242,0.42009109258651733,0.14800165593624115;0.003028178820386529,-0.06313421577215195,0.02487177960574627,-0.014295673929154873
;21.458810806274414;-2.0017484558820797e-8,10.031993865966797,-8.327215194702148,0.003788294270634651;0.5815393924713135,0.39020365476608276,0.40462884306907654,0.14504194259643555;0.0032506093848496675,-0.06357474625110626,0.02492358535528183,-0.01452159509062767
;20.879478454589844;-4.417002763545952e-9,9.48965835571289,-8.340087890625,0.00388358230702579;0.5396195650100708,0.38997673988342285,0.38923898339271545,0.1425497978925705;0.0034454569686204195,-0.06392529606819153,0.024995313957333565,-0.014707288704812527
;20.402454376220703;-9.87989690059976e-10,8.973916053771973,-8.25340747833252,0.003982679918408394;0.5065320134162903,0.38978832960128784,0.3741271197795868,0.14042381942272186;0.0036137138959020376,-0.0641973614692688,0.025092747062444687,-0.014859486371278763
;19.995901107788086;-2.2372623198485542e-10,8.486146926879883,-8.026021003723145,0.004084852524101734;0.4798891544342041,0.38962942361831665,0.35938403010368347,0.1385284811258316;0.0037600849755108356,-0.06440214067697525,0.025229765102267265,-0.014986300840973854
;19.615276336669922;-5.139718858848674e-11,8.024740219116211,-7.57795524597168,0.00418900279328227;0.4570375680923462,0.38948744535446167,0.3450053632259369,0.13665570318698883;0.0038945055566728115,-0.06454969942569733,0.02543749287724495,-0.015098543837666512
;19.19934844970703;-1.2111709205009369e-11,7.585164546966553,-6.817662715911865,0.004292642697691917;0.43472206592559814,0.38934314250946045,0.33089494705200195,0.13443273305892944;0.004034757148474455,-0.06464231759309769,0.0257925596088171,-0.015211646445095539
;18.697248458862305;-3.0340922916455293e-12,7.1609883308410645,-5.86129093170166,0.004392707720398903;0.40954944491386414,0.3891731798648834,0.3169085383415222,0.13126790523529053;0.004205105826258659,-0.064662404358387,0.02644374594092369,-0.01534391101449728
;18.129844665527344;-8.881963090359712e-13,6.748907089233398,-5.1291117668151855,0.004487564321607351;0.3809385597705841,0.38896888494491577,0.30303955078125,0.12680010497570038;0.00441688671708107,-0.06459193676710129,0.02748771198093891,-0.015501156449317932
;17.555774688720703;-3.561101066806849e-13,6.351844787597656,-4.705867767333984,0.004579505417495966;0.35206642746925354,0.3887489438056946,0.2895006537437439,0.1213611513376236;0.004653929267078638,-0.06444767117500305,0.028824346140027046,-0.015668559819459915
;17.01275062561035;-2.0798051052640237e-13,5.9734930992126465,-4.465765476226807,0.004670972004532814;0.3255426287651062,0.38853204250335693,0.27648529410362244,0.11539842188358307;0.0048966496251523495,-0.06425561755895615,0.0303172767162323,-0.015831470489501953
;16.516767501831055;-1.5431200154486513e-13,5.615927219390869,-4.312496185302734,0.004763504955917597;0.30233606696128845,0.3883286118507385,0.2640939950942993,0.10921010375022888;0.005132742691785097,-0.06403577327728271,0.031871944665908813,-0.015982458367943764
;16.071868896484375;-1.2558462841698315e-13,5.279849529266357,-4.196034908294678,0.004857977852225304;0.2824847400188446,0.38814258575439453,0.252362459897995,0.10296078771352768;0.005355769768357277,-0.06380021572113037,0.03343475982546806,-0.016118930652737617
;15.676628112792969;-1.0476768243098192e-13,4.965103626251221,-4.093555927276611,0.004954598844051361;0.2656611204147339,0.3879747986793518,0.24129171669483185,0.0967293456196785;0.005562775302678347,-0.06355521082878113,0.034979525953531265,-0.016240673139691353
;15.32746410369873;-8.758412154167769e-14,4.67103910446167,-3.995621919631958,0.005053629167377949;0.25144508481025696,0.38782477378845215,0.23086519539356232,0.09055524319410324;0.0057526822201907635,-0.06330457329750061,0.03649255260825157,-0.016348492354154587
;15.02017593383789;-7.288518611347702e-14,4.396735191345215,-3.8989343643188477,0.005155021790415049;0.23943324387073517,0.3876913785934448,0.22105807065963745,0.08445944637060165;0.00592541228979826,-0.06305088102817535,0.037966422736644745,-0.01644355244934559
;14.750625610351562;-6.027692451074373e-14,4.141138076782227,-3.802809476852417,0.005258787423372269;0.22927501797676086,0.3875732719898224,0.21184144914150238,0.0784471184015274;0.006081376224756241,-0.06279535591602325,0.039399079978466034,-0.016527073457837105
;14.51496696472168;-4.953415810664795e-14,3.9031355381011963,-3.7076022624969482,0.005364913493394852;0.22067633271217346,0.38746902346611023,0.20318534970283508,0.07252036780118942;0.006221296265721321,-0.0625390037894249,0.04078967124223709,-0.016600223258137703
;14.309765815734863;-4.046065986049695e-14,3.6816134452819824,-3.6139349937438965,0.0054733422584831715;0.21339647471904755,0.38737744092941284,0.1950596272945404,0.0666731670498848;0.006345978006720543,-0.06228205934166908,0.04213999584317207,-0.016664056107401848
;14.131967544555664;-3.286343162119294e-14,3.4754819869995117,-3.5224246978759766,0.005584027152508497;0.20723837614059448,0.3872974216938019,0.18743474781513214,0.06091184914112091;0.006456291303038597,-0.06202566251158714,0.04344865307211876,-0.0167195126414299
;13.978870391845703;-2.6553585041498226e-14,3.283691644668579,-3.433576822280884,0.0056969840079545975;0.2020406872034073,0.3872279226779938,0.18028220534324646,0.055225566029548645;0.006553120911121368,-0.061769530177116394,0.04471903666853905,-0.01676742546260357
;13.8480863571167;-2.1351442410443532e-14,3.1052470207214355,-3.3477725982666016,0.005812131799757481;0.1976710557937622,0.38716793060302734,0.17357486486434937,0.04961588233709335;0.00663732411339879,-0.061514273285865784,0.04595132917165756,-0.016808530315756798
;13.73749828338623;-1.7091225827724037e-14,2.9392056465148926,-3.2652485370635986,0.005929590202867985;0.19402015209197998,0.38711658120155334,0.16728664934635162,0.04407893866300583;0.006709751207381487,-0.06126001104712486,0.047147225588560104,-0.016843482851982117
;13.645220756530762;-1.3623671994407536e-14,2.7846839427948,-3.186131715774536,0.006049187388271093;0.19099710881710052,0.3870731294155121,0.16139279305934906,0.038611236959695816;0.006771220359951258,-0.061006877571344376,0.04830830544233322,-0.016872858628630638
;13.56956672668457;-1.0817098627415034e-14,2.640855550765991,-3.1104698181152344,0.0061708963476121426;0.18852598965168,0.38703709840774536,0.1558700054883957,0.033209700137376785;0.006822507828474045,-0.060754988342523575,0.049436066299676895,-0.01689717546105385
;13.50902271270752;-8.557203712712246e-15,2.506948232650757,-3.0382394790649414,0.0062947641126811504;0.18654267489910126,0.38700759410858154,0.15069618821144104,0.02787420153617859;0.006864382419735193,-0.06050461530685425,0.05053127184510231,-0.016916893422603607
;13.4622220993042;-6.7461740031326146e-15,2.3822433948516846,-2.9693691730499268,0.0064207687973976135;0.18499287962913513,0.38698410987854004,0.14585037529468536,0.022602105513215065;0.006897558458149433,-0.06025585159659386,0.05159531906247139,-0.01693243719637394
;13.42793083190918;-5.301317907200438e-15,2.266073226928711,-2.9037539958953857,0.006548804230988026;0.18383029103279114,0.38696616888046265,0.14131295680999756,0.017390724271535873;0.006922699045389891,-0.06000877544283867,0.052629511803388596,-0.016944175586104393
;13.40502643585205;-4.153355329610366e-15,2.1578149795532227,-2.841268301010132,0.006678883917629719;0.18301492929458618,0.3869532346725464,0.13706547021865845,0.012240640819072723;0.006940469611436129,-0.05976361408829689,0.05363449081778526,-0.016952453181147575
;13.392488479614258;-3.2448119085176424e-15,2.056891918182373,-2.781768321990967,0.006811033468693495;0.18251237273216248,0.38694486021995544,0.13309039175510406,0.0071495394222438335;0.006951485760509968,-0.059520423412323,0.05461149290204048,-0.01695757918059826
;13.389384269714355;-2.5283709011809843e-15,1.962767243385315,-2.7251055240631104,0.006945217028260231;0.18229258060455322,0.38694074749946594,0.12937137484550476,0.002115098526701331;0.006956320255994797,-0.05927925929427147,0.05556165426969528,-0.016959834843873978
;13.394862174987793;-1.9653519127893135e-15,1.8749436140060425,-2.671128511428833,0.007081463932991028;0.18232932686805725,0.3869403600692749,0.12589296698570251,-0.0028678548987954855;0.00695551373064518,-0.05904003977775574,0.056486617773771286,-0.016959484666585922
;13.408143997192383;-1.524321550670023e-15,1.7929582595825195,-2.619690179824829,0.007219745311886072;0.18259941041469574,0.386943519115448,0.12264072149991989,-0.007795530371367931;0.006949587259441614,-0.05880308896303177,0.05738631263375282,-0.016956759616732597
;13.42851448059082;-1.1799010136574794e-15,1.7163819074630737,-2.5706393718719482,0.007360038813203573;0.1830824911594391,0.3869498074054718,0.11960092186927795,-0.012675886042416096;0.006939011625945568,-0.05856817588210106,0.058262791484594345,-0.016951875761151314
;13.455317497253418;-9.117009481618508e-16,1.6448171138763428,-2.523837089538574,0.0075023178942501545;0.18376031517982483,0.38695892691612244,0.11676085740327835,-0.017504973337054253;0.006924244109541178,-0.058335620909929276,0.0591159351170063,-0.01694503426551819
;13.487951278686523;-7.034163934649656e-16,1.5778930187225342,-2.4791460037231445,0.007646562531590462;0.18461675941944122,0.3869706392288208,0.11410850286483765,-0.022281751036643982;0.006905694026499987,-0.05810556188225746,0.05994616821408272,-0.016936415806412697
;13.525864601135254;-5.420754105565386e-16,1.5152666568756104,-2.4364383220672607,0.007792748976498842;0.18563717603683472,0.3869847059249878,0.1116325706243515,-0.027014099061489105;0.006883753929287195,-0.057877782732248306,0.060755353420972824,-0.01692618615925312
;13.568550109863281;-4.173962635365438e-16,1.456619143486023,-2.3955931663513184,0.007940933108329773;0.1868085414171219,0.3870009183883667,0.10932254046201706,-0.031700875610113144;0.006858778186142445,-0.05765242129564285,0.06154382601380348,-0.016914503648877144
;13.615543365478516;-3.212638738444727e-16,1.401654601097107,-2.3564980030059814,0.00809100829064846;0.188119038939476,0.38701894879341125,0.10716835409402847,-0.03634382411837578;0.00683110486716032,-0.05742949992418289,0.06231236830353737,-0.01690150424838066
;13.66641902923584;-2.47294921780478e-16,1.350098729133606,-2.3190436363220215,0.008243031799793243;0.1895580291748047,0.3870387375354767,0.10516078770160675,-0.04094172641634941;0.00680103525519371,-0.057209134101867676,0.06306127458810806,-0.01688731648027897
;13.720785140991211;-1.904877174956925e-16,1.301697015762329,-2.2831332683563232,0.008397051133215427;0.1911158412694931,0.3870600461959839,0.10329105705022812,-0.04549618437886238;0.00676884176209569,-0.0569913350045681,0.06379128992557526,-0.016872065141797066
;13.778285026550293;-1.4693542740002412e-16,1.2562127113342285,-2.2486767768859863,0.008552990853786469;0.19278357923030853,0.3870827555656433,0.10155093669891357,-0.05000876635313034;0.006734800059348345,-0.056776098906993866,0.06450311839580536,-0.01685584895312786
;13.838592529296875;-1.135952444491394e-16,1.2134270668029785,-2.215583324432373,0.008710901252925396;0.1945532262325287,0.38710665702819824,0.0999327301979065,-0.05447811260819435;0.0066991327330470085,-0.05656352639198303,0.06519702076911926,-0.01683877594769001
;13.901407241821289;-8.810462831702358e-17,1.173136830329895,-2.1837737560272217,0.008870705962181091;0.19641752541065216,0.38713163137435913,0.09842916578054428,-0.0589086189866066;0.00666205957531929,-0.05635349452495575,0.06587406247854233,-0.01682092994451523
;13.96645736694336;-6.863475546121584e-17,1.1351536512374878,-2.1531760692596436,0.0090322932228446;0.19836975634098053,0.3871575593948364,0.09703347831964493,-0.06329875439405441;0.006623777095228434,-0.05614608898758888,0.06653445214033127,-0.01680239848792553
;14.03349494934082;-5.3773367187014574e-17,1.0993032455444336,-2.1237215995788574,0.009195787832140923;0.20040379464626312,0.3871843218803406,0.09573923796415329,-0.06764989346265793;0.006584451999515295,-0.055941298604011536,0.06717880070209503,-0.016783256083726883
;14.102294921875;-4.24324993045084e-17,1.0654240846633911,-2.0953426361083984,0.009361210279166698;0.20251406729221344,0.3872118592262268,0.09454046189785004,-0.07196459919214249;0.006544256117194891,-0.055739033967256546,0.06780786067247391,-0.01676356978714466
;14.172650337219238;-3.377616999942672e-17,1.0333665609359741,-2.0679843425750732,0.00952855683863163;0.204695463180542,0.38724008202552795,0.09343153983354568,-0.07623833417892456;0.006503326818346977,-0.05553947761654854,0.06842143833637238,-0.016743402928113937
;14.244376182556152;-2.716369149140027e-17,1.0029927492141724,-2.041588544845581,0.009697817265987396;0.20694337785243988,0.38726890087127686,0.09240709990262985,-0.08047665655612946;0.006461798679083586,-0.055342450737953186,0.06902062892913818,-0.01672281138598919
;14.317303657531738;-2.2104800448813762e-17,0.974174439907074,-2.016104221343994,0.009868989698588848;0.20925337076187134,0.3872981667518616,0.09146226197481155,-0.08467624336481094;0.006419798359274864,-0.05514805018901825,0.06960540264844894,-0.016701847314834595
;14.391280174255371;-1.8225409402723768e-17,0.9467937350273132,-1.9914840459823608,0.010042066685855389;0.21162164211273193,0.38732776045799255,0.09059230238199234,-0.08883815258741379;0.0063774120062589645,-0.054956238716840744,0.07017627358436584,-0.016680559143424034
;14.466167449951172;-1.5240471914044514e-17,0.9207419753074646,-1.9676886796951294,0.010217045433819294;0.21404461562633514,0.38735777139663696,0.08979284763336182,-0.0929633229970932;0.0063347481191158295,-0.054766979068517685,0.0707337036728859,-0.01665898598730564
;14.541842460632324;-1.2933276588454457e-17,0.8959183692932129,-1.9446675777435303,0.010393924079835415;0.2165190726518631,0.38738813996315,0.08905977755784988,-0.09705270826816559;0.006291884928941727,-0.05458022281527519,0.0712781772017479,-0.01663716696202755
;14.618192672729492;-1.1139355931940293e-17,0.8722304105758667,-1.9223835468292236,0.010572769679129124;0.21904195845127106,0.3874187469482422,0.08838918060064316,-0.10110414773225784;0.006248889025300741,-0.054396022111177444,0.0718098059296608,-0.016615135595202446
;14.695117950439453;-9.734121655000508e-18,0.8495928645133972,-1.9008053541183472,0.010753514245152473;0.22161056101322174,0.38744962215423584,0.08777743577957153,-0.10512000322341919;0.0062058414332568645,-0.05421427637338638,0.07232918590307236,-0.016592923551797867
;14.772527694702148;-8.623304119125498e-18,0.8279270529747009,-1.8798965215682983,0.01093609444797039;0.22422240674495697,0.38748061656951904,0.08722108602523804,-0.10909965634346008;0.006162787321954966,-0.05403497815132141,0.07283656299114227,-0.0165705569088459
;14.85034465789795;-7.735729395688748e-18,0.8071607351303101,-1.8596365451812744,0.011120554059743881;0.22687533497810364,0.3875117301940918,0.08671689033508301,-0.11304228752851486;0.006119786761701107,-0.05385812744498253,0.07333219796419144,-0.01654806360602379
;14.928492546081543;-7.017709327032506e-18,0.7872276902198792,-1.8399631977081299,0.011307036504149437;0.22956718504428864,0.38754284381866455,0.08626185357570648,-0.1169472336769104;0.006076880265027285,-0.05368370935320854,0.07381633669137955,-0.01652545854449272
;15.006913185119629;-6.428784441445271e-18,0.7680668830871582,-1.8209173679351807,0.011495435610413551;0.2322961837053299,0.3875741958618164,0.08585308492183685,-0.12081508338451385;0.006034104619175196,-0.05351167544722557,0.07428935170173645,-0.01650276966392994
;15.085543632507324;-5.938539721393774e-18,0.7496224641799927,-1.8023556470870972,0.011685730889439583;0.23506078124046326,0.3876055181026459,0.08548786491155624,-0.12464497983455658;0.005991492420434952,-0.05334199592471123,0.07475146651268005,-0.016480011865496635
;15.164336204528809;-5.524055646465397e-18,0.7318429350852966,-1.7843877077102661,0.01187792420387268;0.2378591150045395,0.3876368999481201,0.08516370505094528,-0.12843747437000275;0.00594908744096756,-0.05317464470863342,0.0752030611038208,-0.016457198187708855
;15.243247985839844;-5.1681309958220984e-18,0.7146816253662109,-1.7669150829315186,0.012072023935616016;0.24069006741046906,0.387668251991272,0.08487820625305176,-0.1321917176246643;0.005906894337385893,-0.053009577095508575,0.07564430683851242,-0.01643434353172779
;15.322234153747559;-4.857825769551406e-18,0.6980953216552734,-1.7499140501022339,0.012268103659152985;0.24355235695838928,0.387699693441391,0.0846291109919548,-0.13590827584266663;0.005864949896931648,-0.0528467521071434,0.07607556134462357,-0.01641146093606949
;15.401263236999512;-4.583406946975714e-18,0.6820447444915771,-1.7334036827087402,0.012466090731322765;0.2464446723461151,0.38773098587989807,0.0844142884016037,-0.1395847052335739;0.005823270417749882,-0.05268619582056999,0.07649686932563782,-0.016388561576604843
;15.480300903320312;-4.337552738903009e-18,0.6664938926696777,-1.71732497215271,0.012665989808738232;0.24936622381210327,0.38776227831840515,0.08423177152872086,-0.14322158694267273;0.005781866610050201,-0.05252784863114357,0.07690856605768204,-0.01636565290391445
;15.559351921081543;-4.114728893445006e-18,0.6514100432395935,-1.7019942998886108,0.012867806479334831;0.25231581926345825,0.38779354095458984,0.08407966792583466,-0.1468178927898407;0.005740756168961525,-0.05237169563770294,0.07731080055236816,-0.01634274795651436
;15.63847541809082;-3.910695282781757e-18,0.6367637515068054,-1.6873465776443481,0.013071635738015175;0.25529617071151733,0.3878246545791626,0.08395625650882721,-0.1503746062517166;0.005699906963855028,-0.052217595279216766,0.07770402729511261,-0.016319826245307922
;15.717636108398438;-3.722203155057461e-18,0.6225289106369019,-1.6730427742004395,0.013277613557875156;0.2583070695400238,0.3878559470176697,0.08385984599590302,-0.1538875699043274;0.005659309681504965,-0.052065588533878326,0.07808814942836761,-0.016296887770295143
;15.796804428100586;-3.546835902112544e-18,0.608680248260498,-1.659076452255249,0.013485575094819069;0.2613477408885956,0.3878871500492096,0.08378887176513672,-0.1573573499917984;0.005618993192911148,-0.051915623247623444,0.07846343517303467,-0.016273939982056618
;15.875954627990723;-3.38273753744759e-18,0.5951952934265137,-1.6454393863677979,0.013695488683879375;0.26441705226898193,0.38791823387145996,0.08374182134866714,-0.160783052444458;0.0055789584293961525,-0.05176769942045212,0.0788300558924675,-0.01625099591910839
;15.955061912536621;-3.2284840696380888e-18,0.5820534825325012,-1.6321221590042114,0.013907437212765217;0.2675142288208008,0.38794928789138794,0.08371727168560028,-0.16416513919830322;0.0055392226204276085,-0.05162176489830017,0.0791882872581482,-0.01622806116938591
;16.03410530090332;-3.0829526010025e-18,0.5692358613014221,-1.6191201210021973,0.014121415093541145;0.27063828706741333,0.38798028230667114,0.08371390402317047,-0.1675039827823639;0.005499794613569975,-0.05147777497768402,0.07953836768865585,-0.016205139458179474
;16.113065719604492;-2.94527376471703e-18,0.556725263595581,-1.6064260005950928,0.014337378554046154;0.273788720369339,0.3880111873149872,0.08373042196035385,-0.17079581320285797;0.005460676737129688,-0.051335785537958145,0.0798802301287651,-0.016182241961359978
;16.191926956176758;-2.8147254321069204e-18,0.5445058345794678,-1.5940302610397339,0.014555396512150764;0.2769646942615509,0.38804200291633606,0.0837656557559967,-0.17404109239578247;0.005421882029622793,-0.05119575187563896,0.08021409064531326,-0.01615937054157257
;16.270673751831055;-2.6907339534173655e-18,0.5325630903244019,-1.5819286108016968,0.014775390736758709;0.28016558289527893,0.3880726397037506,0.0838184803724289,-0.17724022269248962;0.005383410956710577,-0.05105762928724289,0.08054022490978241,-0.01613652892410755
;16.349292755126953;-2.572817495941553e-18,0.520884096622467,-1.5701087713241577,0.01499743852764368;0.28339076042175293,0.3881032168865204,0.08388786762952805,-0.18039070069789886;0.005345262587070465,-0.05092144012451172,0.08085861802101135,-0.016113722696900368
;16.427770614624023;-2.4605663984811165e-18,0.5094566941261292,-1.5585731267929077,0.015221490524709225;0.2866397798061371,0.38813379406929016,0.08397278934717178,-0.18349158763885498;0.005307451821863651,-0.050787173211574554,0.08116941154003143,-0.01609095185995102
;16.506099700927734;-2.3536276617096485e-18,0.49827009439468384,-1.5473123788833618,0.01544753648340702;0.28991204500198364,0.3881642520427704,0.08407233655452728,-0.1865432858467102;0.00526996748521924,-0.050654780119657516,0.08147282898426056,-0.016068225726485252
;16.584266662597656;-2.251691092897442e-18,0.48731428384780884,-1.5363173484802246,0.015675896778702736;0.29320698976516724,0.38819459080696106,0.08418558537960052,-0.18954478204250336;0.0052328226156532764,-0.05052424594759941,0.08176897466182709,-0.016045544296503067
;16.662263870239258;-2.1544756574313816e-18,0.47658029198646545,-1.525588870048523,0.015906300395727158;0.29652413725852966,0.38822469115257263,0.08431174606084824,-0.19249506294727325;0.005196010693907738,-0.05039557069540024,0.08205797523260117,-0.01602291315793991
;16.740083694458008;-2.0617404389580616e-18,0.4660595953464508,-1.5151170492172241,0.01613871566951275;0.2998631000518799,0.3882548213005066,0.08444997668266296,-0.19539177417755127;0.005159537307918072,-0.05026876926422119,0.082339808344841,-0.016000328585505486
;16.817716598510742;-1.9732480366416793e-18,0.45574483275413513,-1.5049004554748535,0.016373315826058388;0.30322325229644775,0.3882848024368286,0.0845995619893074,-0.19823525846004486;0.00512340571731329,-0.05014380067586899,0.08261469751596451,-0.015977799892425537
;16.89515495300293;-1.888785244679349e-18,0.44562914967536926,-1.4949332475662231,0.016609959304332733;0.3066043257713318,0.3883146643638611,0.08475979417562485,-0.20102326571941376;0.005087606143206358,-0.05002068355679512,0.08288265019655228,-0.015955325216054916
;16.972394943237305;-1.8081640862768682e-18,0.4357060194015503,-1.4852120876312256,0.016848690807819366;0.31000566482543945,0.38834428787231445,0.08493002504110336,-0.20375606417655945;0.00505214324221015,-0.0498993806540966,0.08314385265111923,-0.015932906419038773
;17.049428939819336;-1.7311935861103136e-18,0.42596977949142456,-1.4757343530654907,0.01708967797458172;0.31342706084251404,0.3883739113807678,0.0851096510887146,-0.2064313292503357;0.005017017014324665,-0.04977991059422493,0.08339831233024597,-0.015910547226667404
;17.126249313354492;-1.6577035517686524e-18,0.41641515493392944,-1.4664961099624634,0.017332790419459343;0.3168678283691406,0.38840341567993164,0.08529803901910782,-0.20904792845249176;0.004982225596904755,-0.0496622659265995,0.08364609628915787,-0.01588824763894081
;17.20285415649414;-1.5875269961657255e-18,0.40703725814819336,-1.4574946165084839,0.017577972263097763;0.3203277587890625,0.38843271136283875,0.08549463003873825,-0.2116050273180008;0.0049477689899504185,-0.04954644292593002,0.08388732373714447,-0.015866009518504143
;17.27923583984375;-1.5205112010809403e-18,0.3978317081928253,-1.448728084564209,0.01782521791756153;0.3238063454627991,0.38846200704574585,0.08569894731044769,-0.21410033106803894;0.0049136485904455185,-0.04943244531750679,0.08412197232246399,-0.015843836590647697
;17.355388641357422;-1.4565082045822264e-18,0.38879430294036865,-1.4401952028274536,0.018074695020914078;0.3273029923439026,0.3884910047054291,0.08591045439243317,-0.2165328711271286;0.004879856016486883,-0.0493202842772007,0.08435012400150299,-0.015821728855371475
;17.431310653686523;-1.3953768689775668e-18,0.3799213767051697,-1.4318928718566895,0.01832626387476921;0.33081749081611633,0.3885200321674347,0.08612867444753647,-0.21890166401863098;0.004846393130719662,-0.04920993372797966,0.08457188308238983,-0.015799686312675476
;17.506996154785156;-1.3369859827422955e-18,0.37120944261550903,-1.4238218069076538,0.018580161035060883;0.3343493640422821,0.3885487914085388,0.08635321259498596,-0.22120441496372223;0.004813261795789003,-0.04910142719745636,0.08478722721338272,-0.01577771268785
;17.582441329956055;-1.2812099178208808e-18,0.3626553416252136,-1.4159833192825317,0.018836088478565216;0.3378981947898865,0.3885774314403534,0.08658361434936523,-0.22343887388706207;0.004780453164130449,-0.04899478331208229,0.08499612659215927,-0.015755807980895042
;17.657644271850586;-1.2279213917965662e-18,0.3542560636997223,-1.408373475074768,0.019094280898571014;0.341463565826416,0.3886059820652008,0.08681949973106384,-0.2256026417016983;0.004747971426695585,-0.04889000952243805,0.08519859611988068,-0.015733974054455757
;17.732601165771484;-1.1770097692624228e-18,0.3460087776184082,-1.4009946584701538,0.019354674965143204;0.34504514932632446,0.38863441348075867,0.08706047385931015,-0.22769755125045776;0.004715811461210251,-0.048787057399749756,0.08539488166570663,-0.015712209045886993
;17.807310104370117;-1.1283622434624135e-18,0.337910920381546,-1.3938502073287964,0.019617188721895218;0.3486424684524536,0.3886626064777374,0.08730622380971909,-0.2297186702489853;0.004683973733335733,-0.04868599399924278,0.08558478951454163,-0.01569051668047905
;17.88176918029785;-1.081878622144843e-18,0.3299601376056671,-1.3869400024414062,0.01988198049366474;0.3522552251815796,0.388690710067749,0.0875563770532608,-0.23166505992412567;0.004652450326830149,-0.04858681932091713,0.08576837927103043,-0.015668896958231926
;17.955978393554688;-1.0374532329864575e-18,0.32215416431427,-1.3802675008773804,0.020149031654000282;0.3558831810951233,0.38871869444847107,0.08781066536903381,-0.23353311419487;0.004621242173016071,-0.04848957434296608,0.08594556897878647,-0.015647348016500473
;18.029935836791992;-9.949926045780386e-19,0.3144908547401428,-1.3738353252410889,0.020418290048837662;0.35952597856521606,0.3887465000152588,0.08806876093149185,-0.23532181978225708;0.004590344149619341,-0.04839424416422844,0.08611640334129333,-0.01562587358057499
;18.103641510009766;-9.544047130764398e-19,0.30696818232536316,-1.3676475286483765,0.0206897035241127;0.36318328976631165,0.3887743055820465,0.08833039551973343,-0.2370276004076004;0.004559751600027084,-0.04830089211463928,0.08628080040216446,-0.015604469925165176
;18.17709732055664;-9.156016705415773e-19,0.2995842695236206,-1.3617101907730103,0.020963529124855995;0.3668547570705414,0.38880184292793274,0.08859530091285706,-0.23864969611167908;0.004529466386884451,-0.04820949211716652,0.08643881231546402,-0.015583139844238758
;18.25030517578125;-8.785008623097723e-19,0.2923372685909271,-1.3560270071029663,0.0212396252900362;0.3705404996871948,0.3888292908668518,0.08886320888996124,-0.24018308520317078;0.004499481525272131,-0.048120129853487015,0.0865902379155159,-0.01556188054382801
;18.32326889038086;-8.430200873076525e-19,0.28522545099258423,-1.3506038188934326,0.021517906337976456;0.3742401599884033,0.38885658979415894,0.08913392573595047,-0.24162699282169342;0.004469791892915964,-0.04803278297185898,0.08673515915870667,-0.015540693886578083
;18.395992279052734;-8.090853128703942e-19,0.27824726700782776,-1.3454495668411255,0.02179853990674019;0.37795376777648926,0.3888837397098541,0.08940719813108444,-0.2429778128862381;0.004440391901880503,-0.04794750362634659,0.08687345683574677,-0.015519577078521252
;18.468481063842773;-7.766241089956109e-19,0.27140095829963684,-1.3405699729919434,0.022081268951296806;0.3816811442375183,0.38891085982322693,0.08968281745910645,-0.2442305088043213;0.004411278758198023,-0.04786435887217522,0.08700495213270187,-0.015498530119657516
;18.540740966796875;-7.455663204276004e-19,0.2646850645542145,-1.335972547531128,0.022366564720869064;0.3854224383831024,0.38893771171569824,0.08996060490608215,-0.24538575112819672;0.004382448270916939,-0.04778331145644188,0.08712976425886154,-0.015477549284696579
;18.612781524658203;-7.158448938379575e-19,0.25809812545776367,-1.331666111946106,0.022654075175523758;0.38917776942253113,0.38896453380584717,0.09024036675691605,-0.24643847346305847;0.0043538883328437805,-0.047704439610242844,0.08724769204854965,-0.015456633642315865
;18.68461036682129;-6.873969118013401e-19,0.2516387403011322,-1.3276575803756714,0.022943807765841484;0.39294734597206116,0.38899117708206177,0.0905219167470932,-0.24738392233848572;0.004325595684349537,-0.04762778803706169,0.08735856413841248,-0.01543578039854765
;18.75623893737793;-6.601600255790768e-19,0.24530532956123352,-1.3239538669586182,0.02323615737259388;0.39673134684562683,0.38901767134666443,0.09080507606267929,-0.24822117388248444;0.004297568928450346,-0.04755336791276932,0.0874624028801918,-0.01541498675942421
;18.82767677307129;-6.34078141985879e-19,0.23909659683704376,-1.320561170578003,0.02353074960410595;0.400530070066452,0.3890441656112671,0.09108970314264297,-0.2489439696073532;0.004269796423614025,-0.047481268644332886,0.08755893260240555,-0.015394252724945545
;18.89893341064453;-6.090964086073767e-19,0.23301120102405548,-1.3174833059310913,0.02382769249379635;0.40434393286705017,0.3890705108642578,0.09137563407421112,-0.24955160915851593;0.004242271184921265,-0.0474114790558815,0.0876481905579567,-0.015373569913208485
;18.970022201538086;-5.85162144378308e-19,0.22704772651195526,-1.314720630645752,0.024126902222633362;0.4081730842590332,0.3890966475009918,0.09166272729635239,-0.25003916025161743;0.004214988090097904,-0.047344062477350235,0.08772996813058853,-0.015352935530245304
;19.040952682495117;-5.622241674982711e-19,0.22120481729507446,-1.312268853187561,0.02442866563796997;0.41201815009117126,0.38912275433540344,0.09195082634687424,-0.25040578842163086;0.0041879406198859215,-0.047279030084609985,0.08780428022146225,-0.015332352370023727
;19.111736297607422;-5.402381721057062e-19,0.21548117697238922,-1.3101203441619873,0.02473283000290394;0.41587936878204346,0.3891487717628479,0.09223982691764832,-0.2506493031978607;0.004161124117672443,-0.04721638187766075,0.08787105232477188,-0.015311811119318008
;19.182374954223633;-5.191594904475354e-19,0.2098754197359085,-1.3082572221755981,0.025039300322532654;0.41975700855255127,0.3891746699810028,0.09252957254648209,-0.2507689893245697;0.004134526476264,-0.047156140208244324,0.08793032169342041,-0.015291313640773296
;19.252872467041016;-4.989453676258474e-19,0.20438608527183533,-1.3066575527191162,0.02534836158156395;0.4236508905887604,0.38920050859451294,0.0928199291229248,-0.2507641017436981;0.004108153749257326,-0.0470983050763607,0.08798205107450485,-0.015270856209099293
;19.323226928710938;-4.795603382718789e-19,0.19901186227798462,-1.3052887916564941,0.025659747421741486;0.4275609850883484,0.3892262876033783,0.09311078488826752,-0.25063639879226685;0.004081998486071825,-0.047042835503816605,0.08802638202905655,-0.015250440686941147
;19.3934268951416;-4.609669724629119e-19,0.1937512457370758,-1.3041105270385742,0.025973552837967873;0.4314866364002228,0.38925182819366455,0.09340199828147888,-0.2503880262374878;0.004056060686707497,-0.046989694237709045,0.08806346356868744,-0.015230068005621433
;19.463457107543945;-4.431324931671741e-19,0.18860279023647308,-1.3030755519866943,0.0262898039072752;0.4354269504547119,0.38927745819091797,0.09369345754384995,-0.25002363324165344;0.004030347336083651,-0.04693882167339325,0.08809356391429901,-0.015209740959107876
;19.533288955688477;-4.260281817077733e-19,0.1835649162530899,-1.3021314144134521,0.02660856395959854;0.4393804371356964,0.3893028497695923,0.09398506581783295,-0.24954788386821747;0.0040048579685389996,-0.04689013957977295,0.08811695128679276,-0.015189467929303646
;19.602890014648438;-4.09626508479948e-19,0.1786360740661621,-1.3012255430221558,0.026929892599582672;0.4433450400829315,0.38932809233665466,0.09427665174007416,-0.24896813929080963;0.003979608416557312,-0.046843547374010086,0.0881340429186821,-0.015169255435466766
;19.672216415405273;-3.9390413148078776e-19,0.17381465435028076,-1.3003062009811401,0.02725352719426155;0.447318434715271,0.38935333490371704,0.09456817060709,-0.24829202890396118;0.003954604733735323,-0.0467989407479763,0.08814521133899689,-0.015149116516113281
;19.741222381591797;-3.788371141713168e-19,0.16909904778003693,-1.299328327178955,0.027579691261053085;0.45129746198654175,0.3893783390522003,0.09485947340726852,-0.24752816557884216;0.0039298622868955135,-0.04675620049238205,0.08815095573663712,-0.01512906514108181
;19.80985450744629;-3.6440563006622797e-19,0.16448748111724854,-1.298255443572998,0.027908308431506157;0.45527908205986023,0.38940322399139404,0.09515046328306198,-0.2466866374015808;0.0039053980726748705,-0.04671519249677658,0.08815179020166397,-0.015109113417565823
;19.8780574798584;-3.505896975838493e-19,0.15997831523418427,-1.297061800956726,0.028239309787750244;0.4592595100402832,0.3894278407096863,0.095441073179245,-0.24577614665031433;0.003881220705807209,-0.04667581245303154,0.08814819157123566,-0.015089279040694237
;19.945772171020508;-3.3736936099190297e-19,0.15556982159614563,-1.29573392868042,0.028573041781783104;0.4632350504398346,0.38945233821868896,0.0957312136888504,-0.2448069453239441;0.0038573550991714,-0.04663790762424469,0.08814069628715515,-0.015069576911628246
;20.0129451751709;-3.2472743044328433e-19,0.15126027166843414,-1.2942670583724976,0.028908945620059967;0.46720170974731445,0.38947659730911255,0.09602080285549164,-0.2437901794910431;0.0038338119629770517,-0.046601343899965286,0.08812990039587021,-0.015050023794174194
;20.079526901245117;-3.126452685248168e-19,0.1470479816198349,-1.2926663160324097,0.029247216880321503;0.4711558520793915,0.38950055837631226,0.09630981832742691,-0.24273182451725006;0.003810605499893427,-0.04656603932380676,0.0881161168217659,-0.01503063552081585
;20.145469665527344;-3.0110325554634643e-19,0.14293132722377777,-1.2909412384033203,0.029587747529149055;0.475094199180603,0.38952428102493286,0.09659821540117264,-0.24164298176765442;0.003787750843912363,-0.04653184115886688,0.08809993416070938,-0.015011425130069256
;20.210731506347656;-2.900832452331853e-19,0.13890866935253143,-1.2891077995300293,0.029930954799056053;0.4790131449699402,0.38954782485961914,0.09688593447208405,-0.2405267059803009;0.0037652598693966866,-0.04649873450398445,0.08808151632547379,-0.014992407523095608
;20.27527618408203;-2.7956621243124467e-19,0.13497839868068695,-1.287184715270996,0.030276402831077576;0.482909619808197,0.38957104086875916,0.09717298299074173,-0.23939143121242523;0.003743136767297983,-0.04646659642457962,0.08806131780147552,-0.014973592013120651
;20.339075088500977;-2.6953233065521745e-19,0.13113903999328613,-1.2851884365081787,0.030624059960246086;0.4867810904979706,0.3895939290523529,0.09745936095714569,-0.2382427603006363;0.0037213899195194244,-0.04643534868955612,0.08803962916135788,-0.014954988844692707
;20.402099609375;-2.599616441728258e-19,0.12738899886608124,-1.2831364870071411,0.030974142253398895;0.4906250238418579,0.3896164894104004,0.09774507582187653,-0.23708610236644745;0.0037000204902142286,-0.046404916793107986,0.08801675587892532,-0.014936604537069798
;20.464330673217773;-2.508344815951274e-19,0.12372690439224243,-1.2810463905334473,0.031326569616794586;0.4944392740726471,0.389638751745224,0.09803012013435364,-0.2359243482351303;0.003679037792608142,-0.04637526720762253,0.0879928469657898,-0.014918450266122818
;20.5257511138916;-2.4213186946682184e-19,0.1201513335108757,-1.278931736946106,0.03168133273720741;0.4982219338417053,0.3896607458591461,0.09831452369689941,-0.23476028442382812;0.003658436005935073,-0.04634636268019676,0.08796806633472443,-0.014900527894496918
;20.586347579956055;-2.338353254710974e-19,0.11666086316108704,-1.2768054008483887,0.03203849494457245;0.5019713044166565,0.38968226313591003,0.09859831631183624,-0.2335968017578125;0.003638223512098193,-0.046318169683218,0.08794254809617996,-0.014882845804095268
;20.646108627319336;-2.259245836829465e-19,0.11325420439243317,-1.2746788263320923,0.03239799290895462;0.5056859850883484,0.3897034823894501,0.09888150542974472,-0.2324363738298416;0.0036183909978717566,-0.046290647238492966,0.08791645616292953,-0.014865403063595295
;20.70503044128418;-2.1838219576132316e-19,0.10993001610040665,-1.2725603580474854,0.032759666442871094;0.5093644261360168,0.38972440361976624,0.09916412830352783,-0.2312815934419632;0.003598939860239625,-0.046263743191957474,0.08788993209600449,-0.014848203398287296
;20.763107299804688;-2.1119014467851015e-19,0.1066870167851448,-1.2704575061798096,0.033123619854450226;0.5130060315132141,0.38974499702453613,0.09944620728492737,-0.23013260960578918;0.00357986381277442,-0.04623746871948242,0.08786297589540482,-0.014831247739493847
;20.82033348083496;-2.043309562440673e-19,0.10352397710084915,-1.268376350402832,0.033489931374788284;0.5166093707084656,0.389765202999115,0.09972778707742691,-0.2289906144142151;0.00356116215698421,-0.04621180146932602,0.08783567696809769,-0.014814537949860096
;20.876708984375;-1.9778861675832349e-19,0.10043957829475403,-1.2663216590881348,0.033858522772789;0.5201737284660339,0.38978520035743713,0.10000886023044586,-0.22785687446594238;0.003542831167578697,-0.04618671536445618,0.08780810236930847,-0.014798074029386044
;20.932233810424805;-1.915467247806954e-19,0.09743263572454453,-1.2642972469329834,0.034229524433612823;0.5236982703208923,0.38980475068092346,0.1002894788980484,-0.22673143446445465;0.0035248692147433758,-0.04616221785545349,0.08778023719787598,-0.014781857840716839
;20.986907958984375;-1.8559050738243077e-19,0.09450191259384155,-1.2623064517974854,0.034602731466293335;0.527182400226593,0.3898240029811859,0.10056968033313751,-0.22561539709568024;0.003507263958454132,-0.04613828286528587,0.08775220066308975,-0.014765888452529907
;21.040735244750977;-1.7990564399917473e-19,0.09164620190858841,-1.260351538658142,0.03497812896966934;0.530625581741333,0.3898428976535797,0.10084947198629379,-0.22450996935367584;0.003490016097202897,-0.046114880591630936,0.08772401511669159,-0.014750165864825249
;21.09371566772461;-1.7447864124718502e-19,0.08886423707008362,-1.2584339380264282,0.03535567969083786;0.5340271592140198,0.389861524105072,0.10112887620925903,-0.22341395914554596;0.0034731198102235794,-0.046092044562101364,0.0876956433057785,-0.014734686352312565
;21.145854949951172;-1.6929585064635453e-19,0.08615486323833466,-1.2565555572509766,0.035735778510570526;0.5373867154121399,0.38987982273101807,0.10140793025493622,-0.2223270833492279;0.0034565699752420187,-0.046069756150245667,0.0876670554280281,-0.014719453640282154
;21.197154998779297;-1.6434530392719537e-19,0.08351685106754303,-1.2547169923782349,0.036118075251579285;0.5407039523124695,0.38989779353141785,0.10168663412332535,-0.22125189006328583;0.0034403596073389053,-0.046047989279031754,0.08763843029737473,-0.014704465866088867
;21.247621536254883;-1.596154722599201e-19,0.08094898611307144,-1.252919316291809,0.03650243580341339;0.5439782738685608,0.38991546630859375,0.10196501761674881,-0.2201882153749466;0.0034244863782078028,-0.046026717871427536,0.08760977536439896,-0.014689718373119831
;21.297258377075195;-1.5509482681474122e-19,0.07845005393028259,-1.2511625289916992,0.03688919171690941;0.5472095608711243,0.3899328112602234,0.10224311053752899,-0.2191361039876938;0.003408943535760045,-0.04600595310330391,0.08758106082677841,-0.014675213024020195
;21.346073150634766;-1.5077311830688136e-19,0.07601886242628098,-1.2494471073150635,0.03727814182639122;0.5503976345062256,0.3899497985839844,0.1025209054350853,-0.21809522807598114;0.0033937226980924606,-0.04598568007349968,0.08755229413509369,-0.01466094795614481
;21.394067764282227;-1.4664016207504844e-19,0.0736541822552681,-1.2477726936340332,0.03766942396759987;0.5535421967506409,0.38996654748916626,0.10279843956232071,-0.21706555783748627;0.0033788213040679693,-0.04596591368317604,0.08752348273992538,-0.014646919444203377
;21.441251754760742;-1.426867169608366e-19,0.07135480642318726,-1.2461398839950562,0.038062747567892075;0.556643009185791,0.3899829685688019,0.10307571291923523,-0.21604707837104797;0.003364236792549491,-0.0459466315805912,0.0874946340918541,-0.014633127488195896
;21.487628936767578;-1.3890394247144918e-19,0.06911952793598175,-1.2445480823516846,0.038458481431007385;0.5597001314163208,0.38999903202056885,0.10335277020931244,-0.21504077315330505;0.0033499563578516245,-0.04592781513929367,0.0874658152461052,-0.014619572088122368
;21.533206939697266;-1.352834117043958e-19,0.0669470876455307,-1.2429975271224976,0.038856279104948044;0.5627133250236511,0.3900148868560791,0.10362958163022995,-0.21404655277729034;0.00333598256111145,-0.04590946435928345,0.08743703365325928,-0.014606247656047344
;21.577991485595703;-1.318171242721894e-19,0.064836286008358,-1.241486668586731,0.039256274700164795;0.5656825304031372,0.3900303840637207,0.10390616208314896,-0.2130618393421173;0.0033223056234419346,-0.04589160904288292,0.08740811794996262,-0.014593154191970825
;21.62198829650879;-1.2849727365779904e-19,0.06278590112924576,-1.2400168180465698,0.0396585687994957;0.5686076283454895,0.3900456130504608,0.10418252646923065,-0.2120865434408188;0.0033089229837059975,-0.04587426409125328,0.0873790830373764,-0.014580289833247662
;21.665203094482422;-1.2531720364223306e-19,0.06079472228884697,-1.238586664199829,0.04006331041455269;0.5714885592460632,0.3900606036186218,0.10445867478847504,-0.21112172305583954;0.003295828588306904,-0.045857395976781845,0.08735001087188721,-0.014567655511200428
;21.707643508911133;-1.2226990903967892e-19,0.058861516416072845,-1.2371958494186401,0.040470097213983536;0.574325442314148,0.3900752663612366,0.10473460704088211,-0.21016858518123627;0.003283017547801137,-0.045840971171855927,0.0873209610581398,-0.014555244706571102
;21.749319076538086;-1.193494832635751e-19,0.05698506161570549,-1.2358440160751343,0.04087894782423973;0.5771181583404541,0.39008963108062744,0.10501035302877426,-0.20922686159610748;0.0032704847399145365,-0.045824989676475525,0.08729194849729538,-0.01454305648803711
;21.790233612060547;-1.165492959443241e-19,0.0551641620695591,-1.2345302104949951,0.041290223598480225;0.579866886138916,0.39010363817214966,0.1052858978509903,-0.20829536020755768;0.003258225042372942,-0.045809462666511536,0.08726288378238678,-0.01453109085559845
;21.830394744873047;-1.138640350314297e-19,0.053397588431835175,-1.2332549095153809,0.04170343279838562;0.5825715661048889,0.3901173770427704,0.10556124150753021,-0.20737510919570923;0.003246234729886055,-0.045794375240802765,0.08723386377096176,-0.014519345946609974
;21.869810104370117;-1.1128828507681907e-19,0.05168413743376732,-1.2320165634155273,0.04211879521608353;0.5852323174476624,0.3901309669017792,0.1058363988995552,-0.20646482706069946;0.0032345084473490715,-0.045779746025800705,0.08720479160547256,-0.014507818035781384
;21.908489227294922;-1.088169537498462e-19,0.050022613257169724,-1.230814814567566,0.04253648966550827;0.5878493785858154,0.39014407992362976,0.10611134022474289,-0.20556548237800598;0.003223040606826544,-0.04576553404331207,0.08717574924230576,-0.014496506191790104
;21.94643783569336;-1.064450715044872e-19,0.04841183125972748,-1.2296494245529175,0.04295624792575836;0.5904228091239929,0.3901570439338684,0.10638608038425446,-0.2046757936477661;0.0032118267845362425,-0.04575176537036896,0.08714666962623596,-0.014485405758023262
;21.98366355895996;-1.0416799837449357e-19,0.04685058072209358,-1.2285196781158447,0.04337843880057335;0.5929528474807739,0.39016973972320557,0.1066606193780899,-0.2037968635559082;0.0032008637208491564,-0.04573841392993927,0.08711761981248856,-0.014474516734480858
;22.020174026489258;-1.0198148213452889e-19,0.045337703078985214,-1.2274248600006104,0.04380268231034279;0.5954395532608032,0.39018213748931885,0.10693496465682983,-0.20292852818965912;0.0031901453621685505,-0.04572547599673271,0.08708859980106354,-0.014463837258517742
;22.055978775024414;-9.988155490259232e-20,0.04387202113866806,-1.2263646125793457,0.04422900080680847;0.5978831648826599,0.39019426703453064,0.10720909386873245,-0.20207060873508453;0.003179670311510563,-0.04571294039487839,0.0870596170425415,-0.014453361742198467
;22.091083526611328;-9.786415832380352e-20,0.042452383786439896,-1.225338339805603,0.04465743526816368;0.6002839803695679,0.39020612835884094,0.10748302191495895,-0.2012205421924591;0.003169429488480091,-0.04570085555315018,0.08703051507472992,-0.014443091116845608
;22.12549591064453;-9.592560885949721e-20,0.0410776324570179,-1.224345326423645,0.04508811980485916;0.6026420593261719,0.39021778106689453,0.10775671899318695,-0.20037958025932312;0.003159424290060997,-0.04568919911980629,0.08700136840343475,-0.01443302258849144
;22.159223556518555;-9.406251377669223e-20,0.03974665328860283,-1.2233853340148926,0.04552097246050835;0.604957640171051,0.39022916555404663,0.10803017765283585,-0.19954745471477509;0.003149645170196891,-0.04567795619368553,0.08697216957807541,-0.01442315336316824
;22.19227409362793;-9.227123477316304e-20,0.03845830634236336,-1.2224568128585815,0.04595571383833885;0.6072311401367188,0.39024031162261963,0.10830343514680862,-0.1987253874540329;0.003140091197565198,-0.045667096972465515,0.08694300800561905,-0.014413481578230858
;22.224655151367188;-9.054900596373642e-20,0.037211496382951736,-1.2215608358383179,0.04639262706041336;0.609462559223175,0.3902512192726135,0.10857643932104111,-0.19791309535503387;0.003130757948383689,-0.04565662890672684,0.08691388368606567,-0.01440400630235672
;22.256378173828125;-8.889273188346384e-20,0.03600512072443962,-1.2206954956054688,0.046831440180540085;0.6116523742675781,0.3902619481086731,0.10884920507669449,-0.19711050391197205;0.003121641231700778,-0.045646533370018005,0.08688478916883469,-0.014394721016287804
;22.287446975708008;-8.729949155080721e-20,0.03483811020851135,-1.2198609113693237,0.0472727008163929;0.6138008832931519,0.3902723491191864,0.10912171006202698,-0.19631633162498474;0.0031127347610890865,-0.04563684016466141,0.08685564994812012,-0.014385627582669258
;22.317873001098633;-8.576662894051842e-20,0.03370939940214157,-1.2190558910369873,0.04771603271365166;0.6159084439277649,0.390282541513443,0.10939396917819977,-0.1955316662788391;0.00310403760522604,-0.04562751576304436,0.08682654798030853,-0.014376722276210785
;22.347660064697266;-8.429150095204641e-20,0.03261793404817581,-1.2182806730270386,0.04816142097115517;0.6179752945899963,0.39029252529144287,0.10966597497463226,-0.19475501775741577;0.003095545107498765,-0.04561857506632805,0.08679740130901337,-0.014368003234267235
;22.376819610595703;-8.287170359173596e-20,0.031562697142362595,-1.2175344228744507,0.048608943819999695;0.6200016736984253,0.39030227065086365,0.10993769019842148,-0.19398774206638336;0.003087252378463745,-0.04560999944806099,0.08676829189062119,-0.014359465800225735
;22.405359268188477;-8.150494272585693e-20,0.030542662367224693,-1.2168158292770386,0.049058716744184494;0.62198805809021,0.3903118968009949,0.11020912230014801,-0.19322946667671204;0.003079157555475831,-0.045601774007081985,0.08673921227455139,-0.01435111090540886
;22.433284759521484;-8.018895653242189e-20,0.029556838795542717,-1.2161253690719604,0.049510497599840164;0.6239346861839294,0.39032110571861267,0.11048024892807007,-0.19247902929782867;0.003071255749091506,-0.045593924820423126,0.08671008795499802,-0.01434293482452631
;22.46060562133789;-7.892172229633918e-20,0.028604254126548767,-1.215462327003479,0.049964334815740585;0.6258419156074524,0.3903302252292633,0.11075107753276825,-0.19173623621463776;0.003063544863834977,-0.04558644816279411,0.08668092638254166,-0.014334935694932938
;22.487329483032227;-7.770122376486573e-20,0.02768394909799099,-1.2148257493972778,0.05042004957795143;0.6277102828025818,0.39033910632133484,0.11102159321308136,-0.19100099802017212;0.003056019078940153,-0.04557934030890465,0.08665172755718231,-0.014327109791338444
;22.513465881347656;-7.652554808283499e-20,0.026794973760843277,-1.214215636253357,0.05087793618440628;0.6295400857925415,0.39034783840179443,0.1112917885184288,-0.19027309119701385;0.0030486760661005974,-0.045572590082883835,0.08662246912717819,-0.014319457113742828
;22.539020538330078;-7.53929762655365e-20,0.025936421006917953,-1.2136311531066895,0.051337722688913345;0.6313316226005554,0.3903562128543854,0.11156167089939117,-0.18955495953559875;0.003041509771719575,-0.0455661416053772,0.08659332990646362,-0.014311972074210644
;22.564002990722656;-7.43015696084096e-20,0.02510736510157585,-1.2130721807479858,0.051799971610307693;0.633085310459137,0.390364408493042,0.1118311807513237,-0.18884405493736267;0.0030345250852406025,-0.04556005075573921,0.08656414598226547,-0.014304655604064465
;22.58841896057129;-7.324980945954843e-20,0.02430693432688713,-1.2125376462936401,0.05226415395736694;0.6348015666007996,0.3903725743293762,0.11210034787654877,-0.1881413757801056;0.0030277089681476355,-0.045554276555776596,0.0865349993109703,-0.014297503978013992
;22.612279891967773;-7.223619009174419e-20,0.02353425696492195,-1.2120270729064941,0.052730344235897064;0.6364808082580566,0.3903803825378418,0.11236914992332458,-0.18744689226150513;0.0030210642144083977,-0.04554882273077965,0.08650589734315872,-0.014290515333414078
;22.635591506958008;-7.12588955850584e-20,0.02278849110007286,-1.2115403413772583,0.05319859832525253;0.6381234526634216,0.3903880715370178,0.11263757944107056,-0.18675921857357025;0.003014584770426154,-0.04554370045661926,0.08647674322128296,-0.014283685944974422
;22.658361434936523;-7.031696304955924e-20,0.022068800404667854,-1.2110767364501953,0.05366872251033783;0.6397297978401184,0.39039555191993713,0.11290562152862549,-0.18608073890209198;0.0030082669109106064,-0.04553886130452156,0.08644771575927734,-0.014277015812695026
;22.680599212646484;-6.940876397341577e-20,0.021374385803937912,-1.210635781288147,0.05414102226495743;0.6413004398345947,0.39040279388427734,0.11317325383424759,-0.185408815741539;0.0030021104030311108,-0.04553435370326042,0.08641863614320755,-0.014270501211285591
;22.70231056213379;-6.853303819866353e-20,0.020704444497823715,-1.2102173566818237,0.05461522191762924;0.642835795879364,0.3904099762439728,0.11344049870967865,-0.18474459648132324;0.002996112685650587,-0.04553014039993286,0.08638960123062134,-0.014264139346778393
;22.7235050201416;-6.768859019082346e-20,0.02005821466445923,-1.2098209857940674,0.05509155988693237;0.6443361639976501,0.39041683077812195,0.11370731145143509,-0.18408800661563873;0.002990265376865864,-0.04552622511982918,0.08636060357093811,-0.014257928356528282
;22.74418830871582;-6.687433427534157e-20,0.019434940069913864,-1.209445834159851,0.05556982755661011;0.645801842212677,0.39042356610298157,0.1139736920595169,-0.18343530595302582;0.0029845708049833775,-0.04552266746759415,0.08633138984441757,-0.01425186824053526
;22.76436996459961;-6.608888104728272e-20,0.018833884969353676,-1.2090914249420166,0.05604996532201767;0.6472335457801819,0.39043015241622925,0.11423962563276291,-0.18278875946998596;0.0029790233820676804,-0.045519426465034485,0.08630213886499405,-0.014245953410863876
;22.784055709838867;-6.533137101429168e-20,0.018254335969686508,-1.2087574005126953,0.05653228238224983;0.6486316323280334,0.3904365301132202,0.11450512707233429,-0.1821506917476654;0.0029736210126429796,-0.04551643505692482,0.08627299964427948,-0.014240183867514133
;22.803253173828125;-6.460071850181447e-20,0.017695588991045952,-1.2084436416625977,0.05701649188995361;0.6499962210655212,0.39044275879859924,0.11477015912532806,-0.18151859939098358;0.002968363929539919,-0.04551374539732933,0.08624382317066193,-0.014234556816518307
;22.821971893310547;-6.389592184582808e-20,0.017156971618533134,-1.2081493139266968,0.05750255659222603;0.6513281464576721,0.39044874906539917,0.11503472179174423,-0.18089494109153748;0.002963243518024683,-0.04551130160689354,0.08621477335691452,-0.014229071326553822
;22.840219497680664;-6.321600523170363e-20,0.01663782075047493,-1.207874059677124,0.057991139590740204;0.6526277661323547,0.39045456051826477,0.11529877036809921,-0.1802770346403122;0.002958261175081134,-0.04550915211439133,0.08618567883968353,-0.014223725534975529
;22.858001708984375;-6.256020610231394e-20,0.016137493774294853,-1.2076175212860107,0.05848163738846779;0.6538956165313721,0.39046022295951843,0.11556234210729599,-0.1796647012233734;0.0029534106142818928,-0.0455072820186615,0.08615653216838837,-0.014218512922525406
;22.87532615661621;-6.192749694424183e-20,0.015655362978577614,-1.2073791027069092,0.058973997831344604;0.6551315784454346,0.39046570658683777,0.11582539230585098,-0.1790592074394226;0.0029486941639333963,-0.04550567641854286,0.08612743020057678,-0.014213437214493752
;22.89219856262207;-6.131704411452623e-20,0.015190821141004562,-1.2071588039398193,0.05946855619549751;0.6563367247581482,0.39047107100486755,0.11608792096376419,-0.17846032977104187;0.0029441078659147024,-0.04550431668758392,0.08609835803508759,-0.014208490028977394
;22.908628463745117;-6.07282595394504e-20,0.014743275009095669,-1.2069562673568726,0.05996500328183174;0.6575113534927368,0.3904762268066406,0.11634992063045502,-0.1778668910264969;0.002939647063612938,-0.04550323635339737,0.086069256067276,-0.014203674159944057
;22.92462158203125;-6.016032250075032e-20,0.01431215275079012,-1.2067703008651733,0.06046294793486595;0.6586555242538452,0.39048129320144653,0.11661136895418167,-0.17727985978126526;0.0029353112913668156,-0.045502401888370514,0.0860401913523674,-0.014198985882103443
;22.940185546875;-5.961245751660172e-20,0.013896893709897995,-1.2066013813018799,0.060962922871112823;0.6597699522972107,0.3904862105846405,0.11687225848436356,-0.17669810354709625;0.002931096125394106,-0.04550183191895485,0.08601107448339462,-0.014194421470165253
;22.9553279876709;-5.908399250275691e-20,0.01349695585668087,-1.2064480781555176,0.06146494671702385;0.6608550548553467,0.39049091935157776,0.11713258922100067,-0.1761225163936615;0.002927000168710947,-0.04550149664282799,0.08598200976848602,-0.01418998185545206
;22.970056533813477;-5.857414551504307e-20,0.013111813925206661,-1.2063108682632446,0.0619688481092453;0.6619112491607666,0.39049550890922546,0.11739233881235123,-0.17555193603038788;0.0029230222571641207,-0.04550141468644142,0.08595289289951324,-0.014185664243996143
;22.984375;-5.808248357610833e-20,0.01274095755070448,-1.206189513206482,0.062474608421325684;0.6629391312599182,0.3904999792575836,0.11765152215957642,-0.17498621344566345;0.002919158898293972,-0.04550159350037575,0.08592373877763748,-0.014181463979184628
;22.998291015625;-5.760832167700791e-20,0.012383888475596905,-1.2060829401016235,0.06298252940177917;0.6639387607574463,0.39050424098968506,0.11791010200977325,-0.17442657053470612;0.0029154091607779264,-0.045501988381147385,0.0858946144580841,-0.014177382923662663
;23.011812210083008;-5.715113636751044e-20,0.012040128000080585,-1.205991506576538,0.0634925439953804;0.6649107336997986,0.39050841331481934,0.11816807836294174,-0.17387285828590393;0.00291176768951118,-0.04550260677933693,0.08586554229259491,-0.014173418283462524
;23.024946212768555;-5.6710216789277e-20,0.011709212325513363,-1.205913782119751,0.06400424242019653;0.6658555269241333,0.39051249623298645,0.11842542886734009,-0.17332366108894348;0.0029082356486469507,-0.04550347104668617,0.08583641797304153,-0.014169566333293915
;23.03769874572754;-5.628507826616742e-20,0.011390689760446548,-1.205850601196289,0.0645178034901619;0.6667736172676086,0.39051634073257446,0.1186821460723877,-0.17278149724006653;0.0029048114083707333,-0.04550451412796974,0.0858074203133583,-0.014165823347866535
;23.05007553100586;-5.587530074552689e-20,0.011084119789302349,-1.2058006525039673,0.06503336876630783;0.6676653027534485,0.3905201256275177,0.11893822997808456,-0.17224372923374176;0.0029014884494245052,-0.04550579562783241,0.08577839285135269,-0.014162193052470684
;23.062084197998047;-5.548027030424454e-20,0.010789081454277039,-1.2057642936706543,0.0655510276556015;0.668531060218811,0.390523761510849,0.1191936656832695,-0.17171038687229156;0.002898267237469554,-0.04550730064511299,0.0857493057847023,-0.014158670790493488
;23.073728561401367;-5.50996315131509e-20,0.010505163110792637,-1.205741047859192,0.06607053428888321;0.6693711876869202,0.3905273675918579,0.11944844573736191,-0.17118127644062042;0.0028951470740139484,-0.04550904035568237,0.08572018146514893,-0.014155251905322075
;23.08501625061035;-5.473293200784848e-20,0.010231969878077507,-1.2057301998138428,0.06659187376499176;0.6701861619949341,0.39053067564964294,0.11970255523920059,-0.17065641283988953;0.002892125863581896,-0.045510996133089066,0.08569101244211197,-0.014151940122246742
;23.0959529876709;-5.437962248871177e-20,0.009969116188585758,-1.2057321071624756,0.06711491197347641;0.6709762811660767,0.390533983707428,0.11995596438646317,-0.17013686895370483;0.0028892001137137413,-0.04551314935088158,0.0856618881225586,-0.014148730784654617
;23.106544494628906;-5.403939922535959e-20,0.009716232307255268,-1.2057453393936157,0.06764031201601028;0.6717420220375061,0.3905371427536011,0.12020871043205261,-0.16962255537509918;0.002886369824409485,-0.04551548883318901,0.0856328010559082,-0.01414562202990055
;23.116798400878906;-5.3711858321008466e-20,0.009472955949604511,-1.20577073097229,0.06816762685775757;0.6724837422370911,0.3905401825904846,0.12046076357364655,-0.16911225020885468;0.0028836301062256098,-0.04551804065704346,0.08560367673635483,-0.014142611064016819
;23.126718521118164;-5.3396595878874926e-20,0.00923894066363573,-1.2058074474334717,0.06869678944349289;0.6732019186019897,0.3905430734157562,0.12071210145950317,-0.16860704123973846;0.0028809818904846907,-0.04552077502012253,0.08557458221912384,-0.014139698818325996
;23.13631248474121;-5.309317245925855e-20,0.00901385024189949,-1.205855369567871,0.06922782212495804;0.6738969087600708,0.39054590463638306,0.1209627166390419,-0.1681067794561386;0.0028784226160496473,-0.045523691922426224,0.08554554730653763,-0.01413688249886036
;23.145586013793945;-5.2801216477118545e-20,0.008797356858849525,-1.205913782119751,0.0697605162858963;0.6745691895484924,0.3905486762523651,0.12121261656284332,-0.16761033236980438;0.0028759525157511234,-0.04552680253982544,0.08551645278930664,-0.014134160242974758
;23.154544830322266;-5.2520530830824575e-20,0.00858914852142334,-1.2059829235076904,0.07029503583908081;0.675218939781189,0.39055120944976807,0.12146179378032684,-0.16711752116680145;0.002873565535992384,-0.04553011432290077,0.08548733592033386,-0.014131528325378895
;23.163192749023438;-5.225066638715342e-20,0.008388924412429333,-1.206061840057373,0.07083164155483246;0.6758466958999634,0.39055368304252625,0.12171022593975067,-0.16662950813770294;0.002871261676773429,-0.045533597469329834,0.08545824885368347,-0.014128988608717918
;23.17153549194336;-5.199128710398122e-20,0.008196385577321053,-1.206151008605957,0.07137008756399155;0.67645263671875,0.3905561566352844,0.12195789813995361,-0.16614624857902527;0.002869040472432971,-0.04553723707795143,0.08542919903993607,-0.014126536436378956
;23.17957878112793;-5.174210540679816e-20,0.008011252619326115,-1.2062493562698364,0.07191039621829987;0.677037239074707,0.3905583918094635,0.12220484763383865,-0.165666401386261;0.0028668991290032864,-0.045541077852249146,0.08540011942386627,-0.014124172739684582
;23.187326431274414;-5.150298558628498e-20,0.007833250798285007,-1.2063573598861694,0.07245218008756638;0.6776008009910583,0.39056044816970825,0.12245101481676102,-0.16519245505332947;0.0028648385778069496,-0.04554504156112671,0.08537116646766663,-0.014121895655989647
;23.194786071777344;-5.1273585137969296e-20,0.007662114687263966,-1.2064744234085083,0.07299580425024033;0.6781436204910278,0.39056262373924255,0.1226964071393013,-0.1647217720746994;0.002862855326384306,-0.045549191534519196,0.0853421613574028,-0.014119704253971577
;23.201963424682617;-5.1053506627416173e-20,0.0074975923635065556,-1.2066001892089844,0.07354128360748291;0.6786664128303528,0.39056459069252014,0.1229410171508789,-0.1642543524503708;0.002860949607565999,-0.04555351659655571,0.08531313389539719,-0.014117594808340073
;23.208860397338867;-5.084257880238942e-20,0.007339434698224068,-1.206734538078308,0.07408876717090607;0.6791691780090332,0.39056649804115295,0.12318485975265503,-0.16379013657569885;0.002859113272279501,-0.04555802419781685,0.0852840468287468,-0.01411556638777256
;23.215484619140625;-5.064055932481895e-20,0.007187406066805124,-1.2068771123886108,0.07463833689689636;0.6796521544456482,0.39056825637817383,0.12342789769172668,-0.16332903504371643;0.0028573544695973396,-0.04556269571185112,0.08525492250919342,-0.014113618060946465
;23.221837997436523;-5.0447167082543465e-20,0.007041275035589933,-1.2070276737213135,0.07518936693668365;0.6801160573959351,0.39056992530822754,0.12367012351751328,-0.16287226974964142;0.00285566714592278,-0.04556751623749733,0.08522584289312363,-0.014111748896539211
;23.227928161621094;-5.026221143628117e-20,0.006900824140757322,-1.2071857452392578,0.07574223726987839;0.6805609464645386,0.39057156443595886,0.12391157448291779,-0.1624196171760559;0.0028540478087961674,-0.04557247459888458,0.08519680798053741,-0.014109956100583076
;23.2337589263916;-5.008540481152223e-20,0.0067658377811312675,-1.2073516845703125,0.07629696279764175;0.6809871196746826,0.39057308435440063,0.12415219843387604,-0.16197003424167633;0.0028524978552013636,-0.045577600598335266,0.08516772836446762,-0.01410824153572321
;23.239334106445312;-4.991658564955325e-20,0.006636110600084066,-1.2075251340866089,0.07685354351997375;0.6813949942588806,0.39057448506355286,0.12439198791980743,-0.16152328252792358;0.0028510172851383686,-0.04558289051055908,0.08513859659433365,-0.014106599614024162
;23.244659423828125;-4.975560854753219e-20,0.0065114451572299,-1.207705020904541,0.0774119570851326;0.6817849278450012,0.3905758559703827,0.12463095784187317,-0.16108176112174988;0.0028496028389781713,-0.045588284730911255,0.08510961383581161,-0.014105033129453659
;23.249740600585938;-4.960212130746385e-20,0.006391648668795824,-1.2078919410705566,0.07797182351350784;0.6821573376655579,0.39057713747024536,0.12486911565065384,-0.16064301133155823;0.0028482526540756226,-0.04559383541345596,0.085080586373806,-0.014103535562753677
;23.254579544067383;-4.9456033456468745e-20,0.0062765395268797874,-1.2080849409103394,0.07853352278470993;0.6825122237205505,0.3905782699584961,0.12510643899440765,-0.16020822525024414;0.0028469664976000786,-0.04559950903058052,0.08505160361528397,-0.014102110639214516
;23.25918197631836;-4.93170509576885e-20,0.006165938451886177,-1.2082844972610474,0.07909741252660751;0.6828503608703613,0.39057937264442444,0.12534292042255402,-0.1597760170698166;0.0028457411099225283,-0.04560532793402672,0.08502256870269775,-0.014100754633545876
;23.2635498046875;-4.9185122112334826e-20,0.006059673614799976,-1.2084908485412598,0.07966341823339462;0.6831714510917664,0.3905804455280304,0.12557856738567352,-0.1593465507030487;0.002844579517841339,-0.04561130329966545,0.08499350398778915,-0.014099465683102608
;23.267688751220703;-4.906011121108848e-20,0.005957582034170628,-1.208702802658081,0.08023106306791306;0.6834759712219238,0.390581339597702,0.1258133351802826,-0.15892080962657928;0.0028434782288968563,-0.04561740159988403,0.08496447652578354,-0.014098243787884712
;23.271604537963867;-4.89417339106139e-20,0.005859503988176584,-1.2089203596115112,0.08080057799816132;0.6837644577026367,0.3905821740627289,0.1260472685098648,-0.15849760174751282;0.0028424356132745743,-0.04562363401055336,0.08493541926145554,-0.014097088947892189
;23.275299072265625;-4.8829883582160246e-20,0.005765286274254322,-1.2091435194015503,0.08137191087007523;0.6840370297431946,0.3905830383300781,0.12628033757209778,-0.15807801485061646;0.0028414495754987,-0.045629989355802536,0.08490639925003052,-0.014095998369157314
;23.278776168823242;-4.8724285575914756e-20,0.005674782674759626,-1.2093716859817505,0.08194509148597717;0.6842939257621765,0.3905836343765259,0.1265125274658203,-0.15765969455242157;0.002840520581230521,-0.045636508613824844,0.08487723767757416,-0.014094971120357513
;23.282041549682617;-4.862499805301425e-20,0.0055878497660160065,-1.20960533618927,0.08251971751451492;0.684535562992096,0.3905842900276184,0.1267438679933548,-0.15724614262580872;0.00283964816480875,-0.04564310610294342,0.08484822511672974,-0.014094006270170212
;23.28509521484375;-4.8531733438948896e-20,0.005504352040588856,-1.2098438739776611,0.08309616893529892;0.6847619414329529,0.3905848264694214,0.12697432935237885,-0.15683487057685852;0.002838830929249525,-0.04564984142780304,0.08481916040182114,-0.01409310195595026
;23.287944793701172;-4.844448527137016e-20,0.005424157716333866,-1.2100869417190552,0.08367446064949036;0.6849732995033264,0.39058536291122437,0.12720389664173126,-0.15642713010311127;0.002838070271536708,-0.04565667733550072,0.08479016274213791,-0.014092258177697659
;23.290592193603516;-4.836297566929101e-20,0.00534714013338089,-1.2103346586227417,0.08425460010766983;0.6851704716682434,0.3905857503414154,0.12743262946605682,-0.1560227870941162;0.002837357809767127,-0.04566362500190735,0.08476119488477707,-0.014091474004089832
;23.293041229248047;-4.828718201449157e-20,0.0052731772884726524,-1.2105871438980103,0.08483615517616272;0.6853531002998352,0.3905861973762512,0.12766045331954956,-0.15562181174755096;0.002836699830368161,-0.04567066580057144,0.08473227918148041,-0.014090748503804207
;23.295297622680664;-4.821692013003858e-20,0.0052021523006260395,-1.2108434438705444,0.08541954308748245;0.68552166223526,0.3905864357948303,0.12788739800453186,-0.1552230268716812;0.0028360916767269373,-0.04567784070968628,0.08470331877470016,-0.014090078882873058
;23.29736328125;-4.8151973527256094e-20,0.005133951082825661,-1.2111035585403442,0.08600477874279022;0.685676634311676,0.3905866742134094,0.12811344861984253,-0.15482744574546814;0.0028355331160128117,-0.04568509757518768,0.0846744254231453,-0.014089463278651237
;23.299240112304688;-4.8092358362015456e-20,0.005068466067314148,-1.2113679647445679,0.08659183979034424;0.6858179569244385,0.39058682322502136,0.12833860516548157,-0.15443405508995056;0.002835026243701577,-0.045692481100559235,0.08464546501636505,-0.014088906347751617
;23.30093002319336;-4.803791630677754e-20,0.005005591083317995,-1.2116354703903198,0.08718053251504898;0.6859458684921265,0.39058682322502136,0.12856286764144897,-0.15404269099235535;0.002834565471857786,-0.045699987560510635,0.08461647480726242,-0.01408840250223875
;23.302440643310547;-4.7988611818625407e-20,0.004945227410644293,-1.211906909942627,0.08777083456516266;0.6860606074333191,0.3905867636203766,0.12878623604774475,-0.153654545545578;0.0028341508004814386,-0.045707590878009796,0.08458752930164337,-0.014087953604757786
;23.303773880004883;-4.794423810240591e-20,0.004887277260422707,-1.2121819257736206,0.08836298435926437;0.6861625909805298,0.3905867338180542,0.1290086954832077,-0.15326833724975586;0.0028337847907096148,-0.045715298503637314,0.08455854654312134,-0.014087554067373276
;23.304931640625;-4.7904856550430145e-20,0.004831647500395775,-1.212459683418274,0.08895695954561234;0.6862518191337585,0.3905865550041199,0.12923027575016022,-0.15288521349430084;0.002833462553098798,-0.045723095536231995,0.08452961593866348,-0.014087207615375519
;23.30591583251953;-4.787021513110522e-20,0.004778249654918909,-1.2127407789230347,0.08955233544111252;0.6863287687301636,0.39058637619018555,0.1294509619474411,-0.15250396728515625;0.0028331861831247807,-0.04573100805282593,0.08450063318014145,-0.014086910523474216
;23.306732177734375;-4.784023629624871e-20,0.004726996645331383,-1.2130247354507446,0.09014952927827835;0.6863933205604553,0.3905860185623169,0.12967070937156677,-0.1521245539188385;0.0028329540509730577,-0.04573902487754822,0.08447161316871643,-0.014086664654314518
;23.30738067626953;-4.7814913583512074e-20,0.0046778046526014805,-1.213310956954956,0.09074855595827103;0.6864458322525024,0.3905857503414154,0.129889577627182,-0.1517469584941864;0.002832764992490411,-0.04574715346097946,0.08444254100322723,-0.01408646535128355
;23.3078670501709;-4.779406927831059e-20,0.004630594979971647,-1.213600516319275,0.09134940057992935;0.6864863634109497,0.39058536291122437,0.13010752201080322,-0.151373490691185;0.002832618076354265,-0.04575533792376518,0.08441363275051117,-0.014086315408349037
;23.30819320678711;-4.777757090249928e-20,0.004585291724652052,-1.2138921022415161,0.0919516533613205;0.6865155696868896,0.3905850052833557,0.1303245723247528,-0.1510017365217209;0.0028325142338871956,-0.04576362296938896,0.08438466489315033,-0.01408621110022068
;23.308361053466797;-4.7765496004260566e-20,0.004541819915175438,-1.214186191558838,0.09255573898553848;0.6865332126617432,0.39058443903923035,0.13054069876670837,-0.1506340652704239;0.0028324509039521217,-0.04577195644378662,0.08435583859682083,-0.014086153358221054
;23.308372497558594;-4.7757721798972275e-20,0.004500109236687422,-1.2144827842712402,0.09316161274909973;0.6865397095680237,0.39058393239974976,0.1307559311389923,-0.1502668708562851;0.002832427155226469,-0.04578041657805443,0.08432688564062119,-0.014086141251027584
;23.3082332611084;-4.775419981902039e-20,0.004460092633962631,-1.2147819995880127,0.09376933425664902;0.6865350604057312,0.3905833065509796,0.13097026944160461,-0.14990247786045074;0.0028324443846940994,-0.045788951218128204,0.08429798483848572,-0.01408617477864027
;23.30794334411621;-4.7754762043342984e-20,0.004421702120453119,-1.2150819301605225,0.09437842667102814;0.6865196824073792,0.39058271050453186,0.1311836689710617,-0.14953967928886414;0.0028324986342340708,-0.04579758644104004,0.08426904678344727,-0.014086251147091389
;23.307506561279297;-4.775934707962897e-20,0.004384877625852823,-1.2153840065002441,0.0949893370270729;0.6864935755729675,0.39058196544647217,0.13139615952968597,-0.14917846024036407;0.0028325924649834633,-0.045806318521499634,0.08424004912376404,-0.01408637035638094
;23.30692481994629;-4.776782568090764e-20,0.004349556751549244,-1.215687870979309,0.09560208022594452;0.6864569187164307,0.39058130979537964,0.13160774111747742,-0.1488187611103058;0.002832725178450346,-0.04581514745950699,0.08421102166175842,-0.014086532406508923
;23.30620002746582;-4.7780378792937985e-20,0.0043156822212040424,-1.2159934043884277,0.09621639549732208;0.6864100694656372,0.390580415725708,0.13181841373443604,-0.14846298098564148;0.0028328944463282824,-0.04582401365041733,0.08418213576078415,-0.014086736366152763
;23.305334091186523;-4.7796777002346995e-20,0.004283197224140167,-1.216300129890442,0.09683232754468918;0.6863530874252319,0.39057961106300354,0.13202817738056183,-0.14810869097709656;0.0028330993372946978,-0.04583297669887543,0.08415322005748749,-0.014086981303989887
;23.304330825805664;-4.781703646500601e-20,0.0042520491406321526,-1.2166086435317993,0.09745007753372192;0.6862859725952148,0.3905786871910095,0.132237046957016,-0.14775583148002625;0.002833339851349592,-0.04584202170372009,0.08412424474954605,-0.01408726442605257
;23.303192138671875;-4.7840924536367746e-20,0.004222184885293245,-1.2169181108474731,0.09806962311267853;0.6862090229988098,0.3905777931213379,0.13244497776031494,-0.14740553498268127;0.002833617851138115,-0.04585114121437073,0.08409533649682999,-0.014087590388953686
;23.30191993713379;-4.786855430753158e-20,0.0041935560293495655,-1.2172293663024902,0.09869053214788437;0.6861226558685303,0.3905767798423767,0.13265201449394226,-0.14705790579319;0.002833928447216749,-0.04586030915379524,0.0840664654970169,-0.01408795453608036
;23.300518035888672;-4.789981914974667e-20,0.00416611460968852,-1.217540979385376,0.09931325912475586;0.6860266923904419,0.3905757665634155,0.13285815715789795,-0.14671161770820618;0.002834273735061288,-0.04586957395076752,0.08403755724430084,-0.01408835593611002
;23.298986434936523;-4.793462859013352e-20,0.004139814525842667,-1.2178537845611572,0.0999377891421318;0.6859214901924133,0.39057469367980957,0.133063405752182,-0.1463666409254074;0.00283465045504272,-0.04587892070412636,0.08400861918926239,-0.014088795520365238
;23.297327041625977;-4.797296324164652e-20,0.004114612936973572,-1.2181679010391235,0.1005639135837555;0.6858069896697998,0.390573650598526,0.13326773047447205,-0.1460254192352295;0.002835065359249711,-0.04588829725980759,0.08397981524467468,-0.014089272357523441
;23.295543670654297;-4.8014858647202626e-20,0.004090465605258942,-1.218482255935669,0.10119160264730453;0.6856836676597595,0.3905724287033081,0.13347116112709045,-0.14568541944026947;0.0028355075046420097,-0.04589775577187538,0.08395097404718399,-0.014089785516262054
;23.293636322021484;-4.80601370922171e-20,0.004067333415150642,-1.2187974452972412,0.10182108730077744;0.6855512857437134,0.390571266412735,0.13367368280887604,-0.1453455239534378;0.002835986204445362,-0.04590732604265213,0.08392199128866196,-0.014090334065258503
;23.291608810424805;-4.810881150138702e-20,0.004045175854116678,-1.2191137075424194,0.10245240479707718;0.6854101419448853,0.3905700445175171,0.1338752955198288,-0.1450081467628479;0.002836494706571102,-0.04591694846749306,0.0838930681347847,-0.014090919867157936
;23.289461135864258;-4.816076232126447e-20,0.004023957997560501,-1.2194299697875977,0.10308504849672318;0.685260534286499,0.3905687630176544,0.13407601416110992,-0.14467306435108185;0.0028370346408337355,-0.04592662677168846,0.08386420458555222,-0.01409153826534748
;23.28719711303711;-4.8216138185865774e-20,0.004003640729933977,-1.2197463512420654,0.10371950268745422;0.6851023435592651,0.39056745171546936,0.13427583873271942,-0.14434048533439636;0.0028376036789268255,-0.045936357229948044,0.08383538573980331,-0.014092192985117435
;23.284818649291992;-4.827469029477231e-20,0.003984191454946995,-1.2200629711151123,0.10435575991868973;0.6849358677864075,0.39056605100631714,0.1344747692346573,-0.14400900900363922;0.002838203450664878,-0.0459461510181427,0.08380652964115143,-0.014092880301177502
;23.282325744628906;-4.833643157268115e-20,0.003965575713664293,-1.2203803062438965,0.10499357432126999;0.6847613453865051,0.39056462049484253,0.13467279076576233,-0.143678680062294;0.0028388325590640306,-0.04595603421330452,0.08377762883901596,-0.01409360021352768
;23.279720306396484;-4.840147511069167e-20,0.003947761841118336,-1.2206977605819702,0.1056329682469368;0.684578537940979,0.39056330919265747,0.13486994802951813,-0.14335070550441742;0.0028394944965839386,-0.04596596583724022,0.08374878764152527,-0.014094353653490543
;23.27700424194336;-4.8469659350090473e-20,0.003930720966309309,-1.2210148572921753,0.10627413541078568;0.6843878626823425,0.3905617296695709,0.1350661963224411,-0.14302504062652588;0.0028401820454746485,-0.0459759384393692,0.08371999114751816,-0.014095139689743519
;23.274179458618164;-4.854095197913489e-20,0.003914420492947102,-1.2213319540023804,0.1069171130657196;0.6841894388198853,0.39056020975112915,0.13526156544685364,-0.14270049333572388;0.0028408989310264587,-0.04598598927259445,0.08369116485118866,-0.014095956459641457
;23.2712459564209;-4.8615304530210894e-20,0.0038988341111689806,-1.2216490507125854,0.10756140947341919;0.6839830875396729,0.3905586898326874,0.13545604050159454,-0.14237697422504425;0.002841644687578082,-0.04599611088633537,0.08366230130195618,-0.014096805825829506
;23.26820945739746;-4.869270407862142e-20,0.0038839338812977076,-1.2219661474227905,0.10820751637220383;0.6837692856788635,0.3905571401119232,0.13564962148666382,-0.14205574989318848;0.002842416986823082,-0.046006277203559875,0.08363347500562668,-0.014097684994339943
;23.26506805419922;-4.877319909198049e-20,0.0038696941919624805,-1.222283124923706,0.10885540395975113;0.683547854423523,0.3905554711818695,0.13584235310554504,-0.14173555374145508;0.0028432176914066076,-0.04601651802659035,0.08360462635755539,-0.014098594896495342
;23.261823654174805;-4.8856712022105667e-20,0.003856089198961854,-1.2225996255874634,0.10950460284948349;0.6833191514015198,0.3905538320541382,0.13603422045707703,-0.14141641557216644;0.002844044705852866,-0.04602682217955589,0.08357571810483932,-0.014099536463618279
;23.25847816467285;-4.894319117020867e-20,0.003843095852062106,-1.2229156494140625,0.11015557497739792;0.6830833554267883,0.3905521631240845,0.13622520864009857,-0.14109937846660614;0.0028448982629925013,-0.04603716731071472,0.08354686945676804,-0.014100505039095879
;23.25503158569336;-4.903261391806963e-20,0.003830690635368228,-1.2232314348220825,0.1108083501458168;0.6828400492668152,0.390550434589386,0.1364153027534485,-0.1407834142446518;0.0028457788284868,-0.04604758694767952,0.08351799100637436,-0.014101503416895866
;23.251489639282227;-4.912498995921134e-20,0.0038188504986464977,-1.2235468626022339,0.11146201938390732;0.6825898289680481,0.3905486762523651,0.13660456240177155,-0.14046959578990936;0.002846685703843832,-0.046058040112257004,0.08348916471004486,-0.014102530665695667
;23.24785041809082;-4.9220312831285275e-20,0.003807555418461561,-1.223861575126648,0.11211714148521423;0.6823328733444214,0.39054688811302185,0.13679292798042297,-0.14015790820121765;0.0028476151637732983,-0.04606853425502777,0.08346039056777954,-0.014103585854172707
;23.244115829467773;-4.93184048197067e-20,0.0037967839743942022,-1.2241753339767456,0.11277381330728531;0.682068943977356,0.3905450701713562,0.13698044419288635,-0.13984715938568115;0.0028485734947025776,-0.046079088002443314,0.08343157172203064,-0.014104668982326984
;23.240285873413086;-4.941937901557499e-20,0.0037865156773477793,-1.2244887351989746,0.11343226581811905;0.6817982196807861,0.39054322242736816,0.13716714084148407,-0.13953737914562225;0.002849553246051073,-0.04608971253037453,0.08340273052453995,-0.014105780981481075
;23.236364364624023;-4.952322572536734e-20,0.0037767328321933746,-1.224800944328308,0.11409223824739456;0.681520938873291,0.39054128527641296,0.13735294342041016,-0.13922962546348572;0.0028505607042461634,-0.046100374311208725,0.08337393403053284,-0.01410691812634468
;23.232351303100586;-4.962988678794693e-20,0.003767417510971427,-1.225112795829773,0.11475374549627304;0.6812371015548706,0.3905394971370697,0.137537881731987,-0.13892395794391632;0.0028515909798443317,-0.04611106961965561,0.08334518224000931,-0.014108083210885525
;23.228246688842773;-4.973933635391962e-20,0.0037585513200610876,-1.2254236936569214,0.11541702598333359;0.6809467077255249,0.39053747057914734,0.13772201538085938,-0.13861916959285736;0.0028526457026600838,-0.04612182453274727,0.08331640809774399,-0.014109274372458458
;23.22405433654785;-4.985150333745152e-20,0.003750117961317301,-1.2257336378097534,0.1160820722579956;0.6806499361991882,0.39053550362586975,0.1379052847623825,-0.1383153200149536;0.002853724407032132,-0.0461326465010643,0.08328758180141449,-0.01411049161106348
;23.219772338867188;-4.996649436729346e-20,0.003742101602256298,-1.2260427474975586,0.11674840748310089;0.6803469061851501,0.3905334770679474,0.13808771967887878,-0.13801224529743195;0.0028548259288072586,-0.04614352807402611,0.0832587257027626,-0.014111734926700592
;23.215404510498047;-5.008428036287704e-20,0.003734486410394311,-1.2263504266738892,0.11741648614406586;0.6800378561019897,0.390531450510025,0.1382693499326706,-0.13771119713783264;0.002855950966477394,-0.0461544394493103,0.0832299217581749,-0.014113002456724644
;23.21095085144043;-5.0204777313671286e-20,0.0037272574845701456,-1.226657509803772,0.11808636039495468;0.6797224283218384,0.3905293941497803,0.13845010101795197,-0.13741101324558258;0.0028570997528731823,-0.04616541042923927,0.08320106565952301,-0.014114296063780785
;23.20641326904297;-5.032791736501658e-20,0.0037204010877758265,-1.2269632816314697,0.11875747889280319;0.6794010400772095,0.39052724838256836,0.13863006234169006,-0.1371127963066101;0.0028582699596881866,-0.04617641121149063,0.0831722840666771,-0.014115613885223866
;23.201791763305664;-5.045379422096669e-20,0.003713902784511447,-1.2272676229476929,0.11943036317825317;0.6790738105773926,0.39052513241767883,0.13880915939807892,-0.1368153691291809;0.0028594613540917635,-0.046187467873096466,0.0831434577703476,-0.014116956852376461
;23.197086334228516;-5.058243696209003e-20,0.0037077495362609625,-1.2275713682174683,0.12010454386472702;0.6787406206130981,0.3905230164527893,0.1389874964952469,-0.1365198940038681;0.002860675100237131,-0.046198561787605286,0.08311468362808228,-0.014118323102593422
;23.192298889160156;-5.071385205073512e-20,0.003701929235830903,-1.2278732061386108,0.12078020721673965;0.6784014701843262,0.3905208110809326,0.1391649842262268,-0.13622649013996124;0.0028619139920920134,-0.04620968550443649,0.08308597654104233,-0.014119712635874748
;23.18743133544922;-5.084782946057457e-20,0.0036964297760277987,-1.228174090385437,0.12145735323429108;0.6780567765235901,0.3905186057090759,0.13934166729450226,-0.13593372702598572;0.0028631724417209625,-0.04622085765004158,0.0830572172999382,-0.014121126383543015
;23.182483673095703;-5.098455983089017e-20,0.0036912388168275356,-1.2284735441207886,0.12213627994060516;0.6777063012123108,0.39051634073257446,0.13951756060123444,-0.13564181327819824;0.0028644539415836334,-0.04623209312558174,0.08302843570709229,-0.014122563414275646
;23.177459716796875;-5.112399469406791e-20,0.003686344949528575,-1.2287718057632446,0.12281665205955505;0.6773503422737122,0.3905141055583954,0.13969263434410095,-0.1353529393672943;0.0028657549992203712,-0.046243321150541306,0.0829998105764389,-0.014124023728072643
;23.17235565185547;-5.126593694847745e-20,0.003681739093735814,-1.2290685176849365,0.1234985813498497;0.676988959312439,0.39051181077957153,0.1398669183254242,-0.13506481051445007;0.0028670767787843943,-0.046254608780145645,0.08297112584114075,-0.014125505462288857
;23.16717529296875;-5.141049645404389e-20,0.0036774089094251394,-1.2293639183044434,0.12418223172426224;0.6766219735145569,0.3905095160007477,0.14004042744636536,-0.13477735221385956;0.002868420211598277,-0.046265944838523865,0.0829424187541008,-0.01412701141089201
;23.16191864013672;-5.155778307069235e-20,0.0036733464803546667,-1.229657769203186,0.12486737221479416;0.676249623298645,0.39050713181495667,0.14021311700344086,-0.13449066877365112;0.002869785064831376,-0.04627734050154686,0.08291365951299667,-0.014128538779914379
;23.156587600708008;-5.170768370732344e-20,0.0036695406306535006,-1.2299503087997437,0.12555399537086487;0.6758719682693481,0.3905048072338104,0.14038503170013428,-0.1342046856880188;0.0028711697086691856,-0.046288784593343735,0.08288487046957016,-0.014130087569355965
;23.151182174682617;-5.1860272680945334e-20,0.0036659834440797567,-1.2302407026290894,0.12624236941337585;0.6754891872406006,0.39050236344337463,0.140556201338768,-0.13392052054405212;0.002872572746127844,-0.046300258487463,0.08285614103078842,-0.014131658710539341
;23.14570426940918;-5.201546598102706e-20,0.003662664908915758,-1.230530023574829,0.1269320398569107;0.675101101398468,0.3904999792575836,0.14072656631469727,-0.13363704085350037;0.002873997902497649,-0.04631178081035614,0.0828273594379425,-0.014133250340819359
;23.140151977539062;-5.2173173134689123e-20,0.0036595771089196205,-1.230817437171936,0.12762309610843658;0.6747079491615295,0.3904975354671478,0.14089618623256683,-0.13335542380809784;0.002875440986827016,-0.046323325484991074,0.08279864490032196,-0.014134864322841167
;23.13452911376953;-5.233360093708466e-20,0.0036567121278494596,-1.2311033010482788,0.12831565737724304;0.6743097901344299,0.3904951214790344,0.14106503129005432,-0.13307444751262665;0.002876904560253024,-0.046334922313690186,0.08276989310979843,-0.014136498793959618
;23.128833770751953;-5.249660721654589e-20,0.0036540625151246786,-1.2313874959945679,0.1290099322795868;0.6739065051078796,0.3904924988746643,0.14123310148715973,-0.13279415667057037;0.002878390019759536,-0.046346575021743774,0.08274109661579132,-0.014138154685497284
;23.12306785583496;-5.26623438382634e-20,0.003651620354503393,-1.2316701412200928,0.12970544397830963;0.6734982132911682,0.39048999547958374,0.14140045642852783,-0.13251689076423645;0.0028798910789191723,-0.04635821655392647,0.08271246403455734,-0.014139831066131592
;23.117233276367188;-5.283059431356125e-20,0.0036493788938969374,-1.2319507598876953,0.13040266931056976;0.67308509349823,0.3904874920845032,0.14156703650951385,-0.1322401911020279;0.0028814140241593122,-0.046369899064302444,0.08268379420042038,-0.014141525141894817
;23.111330032348633;-5.300150404528148e-20,0.0036473299842327833,-1.2322298288345337,0.13110162317752838;0.6726672053337097,0.39048492908477783,0.141732856631279,-0.13196411728858948;0.002882953267544508,-0.046381641179323196,0.08265509456396103,-0.014143242500722408
;23.105358123779297;-5.317498902289314e-20,0.0036454678047448397,-1.2325068712234497,0.1318017989397049;0.6722444891929626,0.3904822766780853,0.14189796149730682,-0.13168863952159882;0.002884514397010207,-0.04639343544840813,0.0826263353228569,-0.014144979417324066
;23.09931755065918;-5.3351049246396225e-20,0.003643786534667015,-1.2327827215194702,0.1325036883354187;0.6718170642852783,0.39047971367836,0.14206233620643616,-0.13141386210918427;0.0028860934544354677,-0.04640527069568634,0.08259754627943039,-0.014146734029054642
;23.093210220336914;-5.352986566154973e-20,0.0036422796547412872,-1.2330563068389893,0.1332072615623474;0.6713848114013672,0.3904770314693451,0.14222599565982819,-0.1311408430337906;0.0028876892756670713,-0.046417128294706345,0.08256881684064865,-0.014148510061204433
;23.0870361328125;-5.3711247629071855e-20,0.003640941111370921,-1.2333279848098755,0.1339113712310791;0.6709480285644531,0.3904743790626526,0.14238891005516052,-0.1308683454990387;0.0028893048875033855,-0.04642903059720993,0.08254005014896393,-0.014150303788483143
;23.08079719543457;-5.3895233923053815e-20,0.003639765316620469,-1.2335978746414185,0.13461682200431824;0.6705066561698914,0.3904716670513153,0.14255112409591675,-0.13059766590595245;0.0028909386601299047,-0.046440958976745605,0.08251134306192398,-0.014152118936181068
;23.074493408203125;-5.408195379046632e-20,0.0036387466825544834,-1.2338658571243286,0.13532400131225586;0.6700608730316162,0.3904690146446228,0.14271260797977448,-0.13032756745815277;0.002892589196562767,-0.04645293205976486,0.08248259872198105,-0.014153950847685337
;23.068124771118164;-5.42710938074054e-20,0.003637880552560091,-1.2341324090957642,0.136032834649086;0.6696103811264038,0.3904663026332855,0.1428733766078949,-0.13005918264389038;0.002894259989261627,-0.04646492004394531,0.0824539065361023,-0.014155801385641098
;23.06169319152832;-5.446301909656331e-20,0.0036371611058712006,-1.2343965768814087,0.13674290478229523;0.6691555976867676,0.39046356081962585,0.1430334746837616,-0.12979136407375336;0.0028959487099200487,-0.04647695645689964,0.08242518454790115,-0.0141576724126935
;23.05519676208496;-5.465753578748398e-20,0.0036365848500281572,-1.2346585988998413,0.13745464384555817;0.6686962842941284,0.3904607594013214,0.143192857503891,-0.129525288939476;0.0028976532630622387,-0.04648900777101517,0.08239652216434479,-0.01415956113487482
;23.04863929748535;-5.485461803077328e-20,0.0036361452657729387,-1.2349185943603516,0.1381681263446808;0.6682326793670654,0.3904579281806946,0.14335153996944427,-0.12925979495048523;0.0028993773739784956,-0.04650110751390457,0.08236782252788544,-0.014161468483507633
;23.042016983032227;-5.505453078272115e-20,0.0036358407232910395,-1.2351771593093872,0.13888272643089294;0.6677648425102234,0.3904551863670349,0.14350955188274384,-0.12899599969387054;0.00290111661888659,-0.04651322215795517,0.08233918994665146,-0.014163392595946789
;23.03533363342285;-5.525704139878033e-20,0.003635664004832506,-1.2354336977005005,0.13959883153438568;0.6672926545143127,0.3904523253440857,0.14366686344146729,-0.12873391807079315;0.0029028758872300386,-0.04652534797787666,0.08231061697006226,-0.014165336266160011
;23.028589248657227;-5.546222096478469e-20,0.003635613014921546,-1.2356877326965332,0.14031629264354706;0.6668160557746887,0.3904494643211365,0.143823504447937,-0.12847119569778442;0.002904650289565325,-0.04653755575418472,0.08228190243244171,-0.014167298562824726
;23.02178382873535;-5.567006301838571e-20,0.003635682398453355,-1.235939860343933,0.14103518426418304;0.6663354635238647,0.39044660329818726,0.1439794898033142,-0.1282101273536682;0.0029064430855214596,-0.04654977470636368,0.08225324749946594,-0.014169275760650635
;23.01491928100586;-5.588061279602313e-20,0.0036358691286295652,-1.2361900806427002,0.14175552129745483;0.6658506989479065,0.39044374227523804,0.14413480460643768,-0.12794966995716095;0.0029082531109452248,-0.046562034636735916,0.08222454786300659,-0.014171271584928036
;23.00799560546875;-5.609370227663503e-20,0.0036361697129905224,-1.2364380359649658,0.14247752726078033;0.6653618216514587,0.39044079184532166,0.14428944885730743,-0.12769204378128052;0.0029100815299898386,-0.04657427966594696,0.08219603449106216,-0.014173286035656929
;23.001012802124023;-5.630971273878502e-20,0.003636580426245928,-1.2366842031478882,0.14320069551467896;0.664868950843811,0.3904377818107605,0.14444345235824585,-0.12743492424488068;0.002911923686042428,-0.046586569398641586,0.08216747641563416,-0.014175315387547016
;22.99397087097168;-5.652823705451533e-20,0.0036370980087667704,-1.2369277477264404,0.1439255326986313;0.6643720865249634,0.3904348611831665,0.14459678530693054,-0.12717831134796143;0.002913784235715866,-0.04659891128540039,0.08213886618614197,-0.01417736429721117
;22.98687171936035;-5.674959187890423e-20,0.0036377189680933952,-1.237169623374939,0.14465205371379852;0.663871169090271,0.39043185114860535,0.1447494775056839,-0.12692232429981232;0.0029156615491956472,-0.04661128669977188,0.08211022615432739,-0.014179430902004242
;22.979713439941406;-5.69736673520266e-20,0.0036384398117661476,-1.237408995628357,0.14537954330444336;0.6633661985397339,0.39042866230010986,0.14490151405334473,-0.12666794657707214;0.002917556557804346,-0.04662367329001427,0.08208166062831879,-0.014181513339281082
;22.972497940063477;-5.720043116213977e-20,0.0036392591428011656,-1.2376466989517212,0.146108016371727;0.6628573536872864,0.3904256224632263,0.1450529396533966,-0.12641404569149017;0.002919466234743595,-0.04663610830903053,0.082053042948246,-0.014183614403009415
;22.965225219726562;-5.743004486795713e-20,0.003640172304585576,-1.2378818988800049,0.14683790504932404;0.6623446345329285,0.3904224932193756,0.14520373940467834,-0.1261618435382843;0.0029213917441666126,-0.046648554503917694,0.08202449232339859,-0.014185729436576366
;22.957897186279297;-5.766234691076528e-20,0.0036411776673048735,-1.2381150722503662,0.147569477558136;0.6618282198905945,0.3904193639755249,0.14535389840602875,-0.12591004371643066;0.0029233356472104788,-0.04666104167699814,0.0819959044456482,-0.014187862165272236
;22.95051383972168;-5.789737606465545e-20,0.0036422726698219776,-1.2383460998535156,0.14830218255519867;0.6613078117370605,0.3904162645339966,0.1455034464597702,-0.12565995752811432;0.002925294917076826,-0.04667354002594948,0.08196738362312317,-0.014190010726451874
;22.943073272705078;-5.813518402841591e-20,0.0036434533540159464,-1.2385746240615845,0.14903654158115387;0.6607836484909058,0.3904130756855011,0.14565236866474152,-0.12540912628173828;0.002927269320935011,-0.04668610543012619,0.0819387212395668,-0.014192176051437855
;22.935577392578125;-5.837593882310859e-20,0.003644718788564205,-1.238801121711731,0.1497725546360016;0.6602559089660645,0.3904098868370056,0.14580070972442627,-0.12515874207019806;0.002929259790107608,-0.046698715537786484,0.08191001415252686,-0.014194358140230179
;22.92802619934082;-5.861946596532303e-20,0.00364606617949903,-1.2390252351760864,0.15050967037677765;0.6597240567207336,0.3904067277908325,0.14594842493534088,-0.12490998953580856;0.002931268885731697,-0.04671134054660797,0.08188136667013168,-0.014196555130183697
;22.920421600341797;-5.886575899271069e-20,0.0036474934313446283,-1.2392476797103882,0.15124793350696564;0.6591887474060059,0.39040347933769226,0.14609554409980774,-0.1246628686785698;0.0029332919511944056,-0.04672398045659065,0.08185280114412308,-0.014198767952620983
;22.91275978088379;-5.911483729231719e-20,0.003648997750133276,-1.2394673824310303,0.15198780596256256;0.6586496829986572,0.3904002606868744,0.14624208211898804,-0.12441620975732803;0.0029353327117860317,-0.04673665389418602,0.08182419091463089,-0.014200996607542038
;22.905044555664062;-5.93669528957354e-20,0.003650577971711755,-1.2396851778030396,0.15272904932498932;0.6581069231033325,0.39039698243141174,0.14638803899288177,-0.1241711750626564;0.002937388140708208,-0.046749334782361984,0.08179564774036407,-0.01420324295759201
;22.897275924682617;-5.962184084667537e-20,0.0036522310692816973,-1.2399004697799683,0.15347164869308472;0.6575604677200317,0.39039379358291626,0.14653339982032776,-0.12392657995223999;0.0029394596349447966,-0.04676206409931183,0.08176705986261368,-0.014205503277480602
;22.889453887939453;-5.987973378968438e-20,0.0036539556458592415,-1.2401138544082642,0.15421591699123383;0.657010555267334,0.39039042592048645,0.14667819440364838,-0.12368364632129669;0.0029415481258183718,-0.04677480086684227,0.08173854649066925,-0.014207779429852962
;22.88157844543457;-6.014054125188294e-20,0.003655750071629882,-1.240324854850769,0.15496127307415009;0.6564570069313049,0.39038708806037903,0.14682239294052124,-0.12344102561473846;0.0029436489567160606,-0.0467875711619854,0.08170998841524124,-0.014210071414709091
;22.873653411865234;-6.040418568508861e-20,0.003657611785456538,-1.240533471107483,0.15570826828479767;0.6559000611305237,0.3903837502002716,0.14696605503559113,-0.12319891154766083;0.0029457691125571728,-0.046800389885902405,0.08168139308691025,-0.014212378300726414
;22.86567497253418;-6.067069940104408e-20,0.003659540321677923,-1.2407397031784058,0.1564563661813736;0.6553395390510559,0.3903804123401642,0.14710913598537445,-0.12295836955308914;0.0029479030054062605,-0.04681320860981941,0.08165287971496582,-0.014214699156582355
;22.857643127441406;-6.094032796899368e-20,0.0036615324206650257,-1.2409437894821167,0.1572054773569107;0.6547756791114807,0.39037707448005676,0.1472516655921936,-0.1227194145321846;0.002950052497908473,-0.04682604596018791,0.08162441849708557,-0.01421703677624464
;22.84956169128418;-6.121289690552698e-20,0.003663588548079133,-1.2411457300186157,0.15795622766017914;0.6542081832885742,0.39037367701530457,0.1473936289548874,-0.12248091399669647;0.0029522161930799484,-0.0468389131128788,0.08159592002630234,-0.014219388365745544
;22.841426849365234;-6.148832866246153e-20,0.003665705444291234,-1.2413455247879028,0.15870866179466248;0.6536373496055603,0.3903702199459076,0.14753508567810059,-0.12224278599023819;0.002954397350549698,-0.04685182124376297,0.08156739175319672,-0.014221754856407642
;22.833242416381836;-6.17668881960873e-20,0.003667882177978754,-1.2415426969528198,0.1594621241092682;0.6530630588531494,0.390366792678833,0.14767597615718842,-0.12200504541397095;0.002956594806164503,-0.046864770352840424,0.08153881877660751,-0.014224138110876083
;22.82500457763672;-6.20484333347365e-20,0.003670117352157831,-1.2417376041412354,0.16021718084812164;0.6524854302406311,0.3903633952140808,0.14781633019447327,-0.12176768481731415;0.0029588057659566402,-0.04687775671482086,0.08151020854711533,-0.01422653254121542
;22.81671714782715;-6.233303516424302e-20,0.00367240933701396,-1.2419304847717285,0.16097389161586761;0.6519043445587158,0.39035987854003906,0.14795616269111633,-0.12153077125549316;0.002961033023893833,-0.046890780329704285,0.08148156106472015,-0.014228945598006248
;22.808378219604492;-6.262082293157759e-20,0.003674757434055209,-1.242120623588562,0.1617306023836136;0.6513198018074036,0.3903563916683197,0.14809547364711761,-0.12129421532154083;0.002963275881484151,-0.04690384864807129,0.0814528688788414,-0.014231372624635696
;22.799989700317383;-6.291168677681508e-20,0.00367715978063643,-1.2423089742660522,0.16248878836631775;0.6507321000099182,0.3903529644012451,0.14823424816131592,-0.12106047570705414;0.002965533174574375,-0.046916890889406204,0.08142436295747757,-0.014233813621103764
;22.79155158996582;-6.320574302222915e-20,0.003679615445435047,-1.2424949407577515,0.16324861347675323;0.6501410603523254,0.3903493881225586,0.14837251603603363,-0.12082705646753311;0.002967806300148368,-0.046929966658353806,0.08139580488204956,-0.014236267656087875
;22.783063888549805;-6.350283657145493e-20,0.0036821241956204176,-1.2426786422729492,0.16401006281375885;0.6495466828346252,0.39034587144851685,0.14851029217243195,-0.1205940693616867;0.00297009339556098,-0.04694308340549469,0.08136721700429916,-0.01423873845487833
;22.774526596069336;-6.380317421964557e-20,0.0036846830043941736,-1.2428598403930664,0.16477252542972565;0.6489492058753967,0.3903423249721527,0.14864753186702728,-0.12036260962486267;0.0029723970219492912,-0.04695620760321617,0.08133870363235474,-0.014241223223507404
;22.765939712524414;-6.410671719270985e-20,0.003687292570248246,-1.2430387735366821,0.16553658246994019;0.6483484506607056,0.3903387486934662,0.14878427982330322,-0.12013272196054459;0.002974714618176222,-0.04696933925151825,0.08131025731563568,-0.014243721961975098
;22.75730323791504;-6.441340732951096e-20,0.003689950332045555,-1.2432156801223755,0.16630177199840546;0.647744357585907,0.39033520221710205,0.14892056584358215,-0.11990322172641754;0.002977048046886921,-0.046982504427433014,0.08128177374601364,-0.01424623467028141
;22.748619079589844;-6.472339326406521e-20,0.003692656522616744,-1.2433902025222778,0.16706785559654236;0.6471372842788696,0.3903316259384155,0.1490563601255417,-0.11967410147190094;0.002979396842420101,-0.04699571058154106,0.08125324547290802,-0.014248761348426342
;22.739885330200195;-6.503659744819017e-20,0.0036954095121473074,-1.2435623407363892,0.1678355634212494;0.6465268731117249,0.39032793045043945,0.14919166266918182,-0.1194453164935112;0.002981759374961257,-0.047008953988552094,0.08122468739748001,-0.014251301996409893
;22.731103897094727;-6.535314912885656e-20,0.003698208834975958,-1.2437328100204468,0.16860488057136536;0.645913302898407,0.39032435417175293,0.14932647347450256,-0.11921687424182892;0.0029841382056474686,-0.04702223092317581,0.08119608461856842,-0.014253858476877213
;22.722272872924805;-6.56730547684129e-20,0.003701053559780121,-1.2439005374908447,0.16937518119812012;0.645296573638916,0.39032065868377686,0.1494608223438263,-0.11899007111787796;0.0029865317046642303,-0.047035519033670425,0.0811675563454628,-0.014256426133215427
;22.713396072387695;-6.599622389397971e-20,0.0037039422895759344,-1.244065761566162,0.17014706134796143;0.6446767449378967,0.39031699299812317,0.1495947241783142,-0.11876355111598969;0.0029889410361647606,-0.047048840671777725,0.0811389833688736,-0.014259010553359985
;22.704469680786133;-6.63227857525277e-20,0.003706874093040824,-1.2442288398742676,0.17092028260231018;0.6440538167953491,0.3903132975101471,0.14972811937332153,-0.11853861063718796;0.0029913652688264847,-0.047062162309885025,0.08111049234867096,-0.014261608012020588
;22.695497512817383;-6.665270156996565e-20,0.003709849203005433,-1.2443894147872925,0.17169372737407684;0.643427848815918,0.39030957221984863,0.14986105263233185,-0.11831401288509369;0.002993802074342966,-0.047075528651475906,0.08108194917440414,-0.014264218509197235
;22.68647575378418;-6.698609413091573e-20,0.0037128657568246126,-1.2445478439331055,0.17246857285499573;0.6427988409996033,0.39030587673187256,0.14999355375766754,-0.11808978021144867;0.0029962549451738596,-0.047088928520679474,0.08105338364839554,-0.014266842976212502
;22.67740821838379;-6.73228988118926e-20,0.0037159244529902935,-1.244704008102417,0.17324501276016235;0.6421667337417603,0.3903021514415741,0.1501256227493286,-0.11786703765392303;0.0029987231828272343,-0.04710233584046364,0.08102487772703171,-0.014269481413066387
;22.668292999267578;-6.766314792463892e-20,0.0037190222647041082,-1.244857668876648,0.17402243614196777;0.6415316462516785,0.39029836654663086,0.15025721490383148,-0.11764348298311234;0.0030012072529643774,-0.04711580649018288,0.08099622279405594,-0.014272132888436317
;22.659130096435547;-6.800703533961077e-20,0.003722161054611206,-1.2450096607208252,0.17480143904685974;0.6408934593200684,0.39029461145401,0.15038837492465973,-0.1174226924777031;0.003003704361617565,-0.04712925851345062,0.08096776157617569,-0.014274800196290016
;22.649921417236328;-6.835434133695794e-20,0.0037253382615745068,-1.2451586723327637,0.17558200657367706;0.6402522325515747,0.3902908265590668,0.15051908791065216,-0.11720217019319534;0.0030062184669077396,-0.047142740339040756,0.08093925565481186,-0.014277479611337185
;22.640666961669922;-6.870535026001598e-20,0.0037285545840859413,-1.2453057765960693,0.1763632893562317;0.6396082043647766,0.39028704166412354,0.15064939856529236,-0.11698200553655624;0.0030087444465607405,-0.04715625196695328,0.08091071993112564,-0.014280172064900398
;22.631366729736328;-6.905977130310081e-20,0.003731808625161648,-1.2454501390457153,0.17714577913284302;0.638961136341095,0.3902831971645355,0.15077926218509674,-0.1167633980512619;0.0030112885870039463,-0.04716978222131729,0.0808822438120842,-0.014282876625657082
;22.62201690673828;-6.941803744356431e-20,0.003735100384801626,-1.2455928325653076,0.1779298335313797;0.6383111476898193,0.3902793824672699,0.15090873837471008,-0.11654509603977203;0.003013844368979335,-0.047183338552713394,0.08085373789072037,-0.014285597018897533
;22.612621307373047;-6.977983202632823e-20,0.0037384284660220146,-1.2457331418991089,0.1787148416042328;0.6376580595970154,0.3902755081653595,0.15103775262832642,-0.11632836610078812;0.0030164190102368593,-0.047196898609399796,0.08082529902458191,-0.014288331381976604
;22.603179931640625;-7.01452519866206e-20,0.0037417933344841003,-1.2458710670471191,0.17950141429901123;0.6370021104812622,0.3902716636657715,0.1511663943529129,-0.11611194163560867;0.0030190052930265665,-0.04721049964427948,0.08079682290554047,-0.01429107878357172
;22.593692779541016;-7.051458166777699e-20,0.003745193826034665,-1.246006965637207,0.18028952181339264;0.6363431811332703,0.3902677893638611,0.15129461884498596,-0.11589589715003967;0.0030216078739613295,-0.04722413048148155,0.08076831698417664,-0.01429383922368288
;22.58416175842285;-7.088759488759865e-20,0.0037486294750124216,-1.2461402416229248,0.18107837438583374;0.6356814503669739,0.39026376605033875,0.15142245590686798,-0.11568010598421097;0.0030242237262427807,-0.04723779484629631,0.08073977380990982,-0.014296612702310085
;22.574586868286133;-7.126442735540484e-20,0.003752100747078657,-1.2462712526321411,0.18186835944652557;0.6350170969963074,0.3902599513530731,0.15154990553855896,-0.11546582728624344;0.0030268544796854258,-0.04725147411227226,0.08071129769086838,-0.014299396425485611
;22.564966201782227;-7.164500798536166e-20,0.0037556057795882225,-1.2463998794555664,0.1826595962047577;0.6343497037887573,0.39025598764419556,0.1516769379377365,-0.11525307595729828;0.0030295003671199083,-0.04726514592766762,0.0806828960776329,-0.014302195981144905
;22.555299758911133;-7.2029407863303e-20,0.003759145038202405,-1.2465264797210693,0.18345209956169128;0.6336796879768372,0.390252023935318,0.15180356800556183,-0.11504066735506058;0.0030321611557155848,-0.04727885499596596,0.08065445721149445,-0.01430500764399767
;22.54558753967285;-7.241767868801715e-20,0.00376271759159863,-1.2466509342193604,0.18424610793590546;0.6330065727233887,0.39024803042411804,0.1519298553466797,-0.11482851952314377;0.0030348373111337423,-0.04729260131716728,0.0806259885430336,-0.014307834208011627
;22.535829544067383;-7.280992385708068e-20,0.00376632297411561,-1.24677312374115,0.18504135310649872;0.6323307752609253,0.3902440667152405,0.1520557552576065,-0.11461672931909561;0.0030375286005437374,-0.04730638116598129,0.08059747517108917,-0.014310672879219055
;22.52602767944336;-7.320613044579651e-20,0.0037699611857533455,-1.2468925714492798,0.18583731353282928;0.6316519379615784,0.39024004340171814,0.1521812528371811,-0.11440528929233551;0.003040232928469777,-0.04732019454240799,0.08056891709566116,-0.014313524588942528
;22.51618194580078;-7.360613043310272e-20,0.0037736305966973305,-1.2470097541809082,0.18663407862186432;0.6309706568717957,0.3902360498905182,0.1523064225912094,-0.11419407278299332;0.003042954485863447,-0.04733404144644737,0.08054032921791077,-0.014316389337182045
;22.506290435791016;-7.401036972104826e-20,0.0037773330695927143,-1.2471251487731934,0.18743237853050232;0.6302865147590637,0.39023202657699585,0.1524312049150467,-0.11398561298847198;0.0030456876847893,-0.047347865998744965,0.08051193505525589,-0.014319266192615032
;22.496355056762695;-7.441869967561682e-20,0.0037810667417943478,-1.2472383975982666,0.18823155760765076;0.629599392414093,0.3902280032634735,0.15255561470985413,-0.11377742141485214;0.0030484378803521395,-0.047361716628074646,0.08048349618911743,-0.014322157017886639
;22.48637580871582;-7.4831139683854e-20,0.0037848318461328745,-1.2473490238189697,0.18903228640556335;0.6289098262786865,0.390223890542984,0.1526796817779541,-0.11356958001852036;0.0030512032099068165,-0.04737560823559761,0.08045502007007599,-0.01432506088167429
;22.476350784301758;-7.524765743401713e-20,0.003788628149777651,-1.2474579811096191,0.18983419239521027;0.628217339515686,0.3902197778224945,0.15280340611934662,-0.11336198449134827;0.0030539825093001127,-0.04738953337073326,0.08042650669813156,-0.01432797685265541
;22.466283798217773;-7.566839509777398e-20,0.003792454954236746,-1.247564435005188,0.19063670933246613;0.6275222897529602,0.39021575450897217,0.15292680263519287,-0.11315713822841644;0.00305677461437881,-0.047403424978256226,0.08039818704128265,-0.014330905862152576
;22.456172943115234;-7.609330743868482e-20,0.003796311793848872,-1.2476682662963867,0.19144071638584137;0.6268243789672852,0.39021164178848267,0.15304982662200928,-0.11295261979103088;0.0030595846474170685,-0.047417353838682175,0.08036982268095016,-0.014333846978843212
;22.44601821899414;-7.65224073814467e-20,0.0038001984357833862,-1.2477704286575317,0.1922462284564972;0.6261240243911743,0.3902074992656708,0.15317252278327942,-0.11274828016757965;0.0030624063219875097,-0.04743131622672081,0.08034142851829529,-0.014336801134049892
;22.435819625854492;-7.695586294712156e-20,0.003804115578532219,-1.2478700876235962,0.19305261969566345;0.6254208087921143,0.3902033567428589,0.1532948613166809,-0.11254440248012543;0.003065244760364294,-0.04744531214237213,0.08031299710273743,-0.014339767396450043
;22.42557716369629;-7.739369998510353e-20,0.0038080618251115084,-1.2479679584503174,0.1938605010509491;0.6247150301933289,0.3901991844177246,0.15341691672801971,-0.11234188079833984;0.0030680953059345484,-0.04745930805802345,0.08028464019298553,-0.014342746697366238
;22.415292739868164;-7.783596373183237e-20,0.0038120367098599672,-1.2480632066726685,0.19466958940029144;0.6240066289901733,0.39019498229026794,0.15353861451148987,-0.11213845759630203;0.003070965176448226,-0.04747336730360985,0.08025612682104111,-0.014345739036798477
;22.40496253967285;-7.828254432738297e-20,0.0038160409312695265,-1.2481560707092285,0.19547925889492035;0.6232956051826477,0.39019086956977844,0.15365999937057495,-0.11193657666444778;0.0030738473869860172,-0.04748743399977684,0.08022769540548325,-0.014348743483424187
;22.394590377807617;-7.873370672804529e-20,0.0038200735580176115,-1.2482473850250244,0.19629037380218506;0.6225818991661072,0.3901866376399994,0.15378107130527496,-0.11173498630523682;0.003076742636039853,-0.04750153049826622,0.0801992192864418,-0.01435176096856594
;22.384174346923828;-7.918922475162059e-20,0.0038241343572735786,-1.2483360767364502,0.19710266590118408;0.621865451335907,0.39018234610557556,0.1539018452167511,-0.11153490841388702;0.0030796555802226067,-0.0475156344473362,0.08017083257436752,-0.014354790560901165
;22.373714447021484;-7.964935042970175e-20,0.003828223794698715,-1.2484222650527954,0.19791613519191742;0.6211465001106262,0.3901781439781189,0.15402227640151978,-0.11133504658937454;0.003082582727074623,-0.04752976819872856,0.08014240860939026,-0.014357833191752434
;22.36321258544922;-8.011416777281973e-20,0.003832340706139803,-1.248506784439087,0.19873107969760895;0.6204249858856201,0.39017391204833984,0.15414240956306458,-0.11113553494215012;0.0030855252407491207,-0.047543931752443314,0.08011393249034882,-0.014360889792442322
;22.35266876220703;-8.058363154453478e-20,0.003836485557258129,-1.2485889196395874,0.19954636693000793;0.6197008490562439,0.39016959071159363,0.1542622596025467,-0.1109374389052391;0.0030884817242622375,-0.047558099031448364,0.08008555322885513,-0.014363955706357956
;22.34208106994629;-8.105760603552767e-20,0.00384065811522305,-1.2486690282821655,0.2003626972436905;0.6189742088317871,0.3901653587818146,0.15438181161880493,-0.11073971539735794;0.0030914528761059046,-0.0475722998380661,0.08005712926387787,-0.01436703559011221
;22.331451416015625;-8.153656299724148e-20,0.003844858380034566,-1.2487472295761108,0.20118016004562378;0.618245005607605,0.39016103744506836,0.1545010805130005,-0.1105434000492096;0.00309443729929626,-0.047586504369974136,0.08002877980470657,-0.014370127581059933
;22.32077980041504;-8.202014053815822e-20,0.003849085420370102,-1.2488226890563965,0.20199906826019287;0.6175133585929871,0.39015671610832214,0.15462005138397217,-0.11034861952066422;0.0030974396504461765,-0.04760070890188217,0.08000051230192184,-0.014373231679201126
;22.3100643157959;-8.250848729229422e-20,0.0038533394690603018,-1.2488964796066284,0.2028188556432724;0.616779088973999,0.39015233516693115,0.15473872423171997,-0.11015285551548004;0.0031004559714347124,-0.04761497676372528,0.07997209578752518,-0.014376348815858364
;22.299306869506836;-8.300184236654528e-20,0.003857620293274522,-1.2489678859710693,0.20364008843898773;0.6160423755645752,0.3901480436325073,0.15485714375972748,-0.10995979607105255;0.003103487193584442,-0.0476292185485363,0.07994386553764343,-0.014379477128386497
;22.28850746154785;-8.349986971878755e-20,0.0038619288243353367,-1.249037265777588,0.2044622004032135;0.6153030395507812,0.3901436924934387,0.1549753099679947,-0.10976459830999374;0.0031065314542502165,-0.04764355346560478,0.0799153745174408,-0.01438261941075325
;22.277666091918945;-8.40031057239495e-20,0.0038662622682750225,-1.249104619026184,0.20528504252433777;0.6145613789558411,0.39013931155204773,0.15509317815303802,-0.10957211256027222;0.003109591780230403,-0.047657858580350876,0.07988707721233368,-0.014385772868990898
;22.266782760620117;-8.451133712452945e-20,0.003870622720569372,-1.2491695880889893,0.20610935986042023;0.6138171553611755,0.39013487100601196,0.15521077811717987,-0.1093798354268074;0.0031126670073717833,-0.04767218977212906,0.07985874265432358,-0.014388937503099442
;22.255857467651367;-8.502452514643617e-20,0.0038750090170651674,-1.2492324113845825,0.20693513751029968;0.6130704879760742,0.39013051986694336,0.15532813966274261,-0.10918790102005005;0.003115758066996932,-0.047686558216810226,0.07983037084341049,-0.014392116107046604
;22.244890213012695;-8.554285073542868e-20,0.003879421390593052,-1.2492930889129639,0.2077617198228836;0.6123213171958923,0.3901260495185852,0.1554451882839203,-0.10899621993303299;0.0031188635621219873,-0.04770096391439438,0.07980196177959442,-0.014395304955542088
;22.23387908935547;-8.606635912794671e-20,0.0038838600739836693,-1.2493518590927124,0.20858919620513916;0.6115697622299194,0.3901216387748718,0.15556201338768005,-0.10880475491285324;0.0031219827942550182,-0.04771539941430092,0.07977351546287537,-0.01439850777387619
;22.22282600402832;-8.659519249565806e-20,0.0038883243687450886,-1.2494080066680908,0.20941735804080963;0.6108155846595764,0.39011716842651367,0.15567858517169952,-0.10861362516880035;0.0031251185573637486,-0.04772986099123955,0.07974503934383392,-0.014401723630726337
;22.21173095703125;-8.712927975272882e-20,0.003892814042046666,-1.2494624853134155,0.21024662256240845;0.6100590229034424,0.3901126980781555,0.1557948738336563,-0.10842517018318176;0.0031282713171094656,-0.047744300216436386,0.0797167494893074,-0.014404949732124805
;22.20059585571289;-8.766877599552385e-20,0.0038973295595496893,-1.2495148181915283,0.211077019572258;0.6093001365661621,0.390108197927475,0.15591096878051758,-0.1082356870174408;0.0031314357183873653,-0.047758799046278,0.07968831062316895,-0.014408188872039318
;22.18941879272461;-8.821364244995195e-20,0.0039018704555928707,-1.2495651245117188,0.21190878748893738;0.6085388660430908,0.39010366797447205,0.15602679550647736,-0.10804775357246399;0.003134617116302252,-0.04777330160140991,0.07965995371341705,-0.0144114401191473
;22.178199768066406;-8.876382741722481e-20,0.00390643673017621,-1.2496132850646973,0.21274137496948242;0.6077752709388733,0.3900991976261139,0.15614239871501923,-0.10786127299070358;0.003137812716886401,-0.047787800431251526,0.07963167130947113,-0.014414702542126179
;22.16693878173828;-8.931955061719267e-20,0.003911027684807777,-1.2496594190597534,0.2135748267173767;0.6070091128349304,0.3900946080684662,0.1562577486038208,-0.10767624527215958;0.0031410225201398134,-0.04780230298638344,0.07960347831249237,-0.014417977072298527
;22.155637741088867;-8.988095422152328e-20,0.003915644250810146,-1.2497037649154663,0.21440927684307098;0.6062406301498413,0.39009013772010803,0.15637288987636566,-0.10749027132987976;0.0031442493200302124,-0.047816868871450424,0.07957512885332108,-0.01442126464098692
;22.14429473876953;-9.04477538868811e-20,0.003920285496860743,-1.2497457265853882,0.21524477005004883;0.605469822883606,0.39008551836013794,0.15648779273033142,-0.10730456560850143;0.003147490555420518,-0.0478314645588398,0.0795467421412468,-0.014424565248191357
;22.132909774780273;-9.102039551531508e-20,0.003924950957298279,-1.2497857809066772,0.21608173847198486;0.6046966314315796,0.3900809586048126,0.15660248696804047,-0.107119120657444;0.0031507443636655807,-0.04784609377384186,0.07951832562685013,-0.014427876099944115
;22.121482849121094;-9.159882740803693e-20,0.00392964156344533,-1.2498234510421753,0.21691977977752686;0.603921115398407,0.39007633924484253,0.1567169427871704,-0.10693516582250595;0.003154017264023423,-0.04786072298884392,0.07948997616767883,-0.014431199058890343
;22.110015869140625;-9.218292678042447e-20,0.0039343577809631824,-1.2498594522476196,0.2177586406469345;0.6031432747840881,0.3900717794895172,0.15683118999004364,-0.10675139725208282;0.0031573022715747356,-0.047875385731458664,0.07946160435676575,-0.014434533193707466
;22.098506927490234;-9.277290688997938e-20,0.003939098212867975,-1.2498934268951416,0.21859849989414215;0.602363109588623,0.3900671899318695,0.15694524347782135,-0.10656910389661789;0.003160604275763035,-0.04789004847407341,0.07943331450223923,-0.01443787943571806
;22.086957931518555;-9.33687935860958e-20,0.003943862859159708,-1.2499253749847412,0.21943943202495575;0.6015805602073669,0.39006248116493225,0.15705907344818115,-0.10638836026191711;0.0031639214139431715,-0.04790470749139786,0.07940509915351868,-0.014441240578889847
;22.075366973876953;-9.397050932059131e-20,0.003948651719838381,-1.2499552965164185,0.2202814519405365;0.6007958054542542,0.3900578022003174,0.15717269480228424,-0.10620783269405365;0.003167254850268364,-0.04791939631104469,0.07937685400247574,-0.014444610103964806
;22.063735961914062;-9.457835136149854e-20,0.003953464794903994,-1.2499830722808838,0.22112488746643066;0.6000087261199951,0.3900531530380249,0.1572861224412918,-0.10602748394012451;0.003170603420585394,-0.04793412238359451,0.07934856414794922,-0.014447993598878384
;22.052064895629883;-9.519234555821163e-20,0.003958302550017834,-1.2500090599060059,0.22196844220161438;0.5992193818092346,0.39004847407341003,0.15739937126636505,-0.10584868490695953;0.003173965262249112,-0.047948844730854034,0.07932036370038986,-0.014451388269662857
;22.04035186767578;-9.58125306848218e-20,0.003963164985179901,-1.250032901763916,0.22281265258789062;0.5984278321266174,0.39004379510879517,0.15751241147518158,-0.10567131638526917;0.003177342005074024,-0.047963570803403854,0.07929225265979767,-0.0144547950476408
;22.02859878540039;-9.643888735428344e-20,0.003968050703406334,-1.2500545978546143,0.2236582338809967;0.5976340174674988,0.39003902673721313,0.1576252430677414,-0.10549172759056091;0.003180735744535923,-0.04797838628292084,0.07926385849714279,-0.014458212070167065
;22.01680564880371;-9.707153835121872e-20,0.003972960636019707,-1.2500746250152588,0.22450481355190277;0.5968378186225891,0.3900343179702759,0.15773792564868927,-0.10531360656023026;0.003184144152328372,-0.04799320548772812,0.07923553884029388,-0.014461641199886799
;22.00497055053711;-9.771043197683936e-20,0.003977894317358732,-1.2500921487808228,0.22535249590873718;0.5960395932197571,0.3900296092033386,0.15785038471221924,-0.10513699054718018;0.0031875697895884514,-0.0480080246925354,0.07920731604099274,-0.014465084299445152
;21.99309539794922;-9.835585257448094e-20,0.00398285174742341,-1.2501081228256226,0.22620154917240143;0.5952390432357788,0.3900248110294342,0.15796267986297607,-0.10496056824922562;0.0031910110265016556,-0.04802287369966507,0.0791790559887886,-0.014468537643551826
;21.98118019104004;-9.900777429474929e-20,0.003987833391875029,-1.2501221895217896,0.22705069184303284;0.5944361686706543,0.3900200128555298,0.15807479619979858,-0.10478442907333374;0.0031944646034389734,-0.04803775995969772,0.07915075868368149,-0.014472002163529396
;21.969223022460938;-9.966651379272267e-20,0.003992839250713587,-1.2501341104507446,0.22790110111236572;0.5936312675476074,0.39001524448394775,0.15818674862384796,-0.10460847616195679;0.0031979340128600597,-0.04805266857147217,0.07912243157625198,-0.01447547972202301
;21.95722770690918;-1.003317479509743e-19,0.00399786839261651,-1.2501442432403564,0.22875292599201202;0.5928242206573486,0.3900104761123657,0.15829850733280182,-0.1044340655207634;0.0032014204189181328,-0.04806757718324661,0.07909418642520905,-0.014478967525064945
;21.9451904296875;-1.0100356724238368e-19,0.004002921283245087,-1.2501522302627563,0.22960542142391205;0.5920148491859436,0.3900056779384613,0.15841011703014374,-0.10426101833581924;0.0032049224246293306,-0.048082489520311356,0.07906602323055267,-0.0144824692979455
;21.93311309814453;-1.0168221723619515e-19,0.004007998388260603,-1.2501580715179443,0.2304593026638031;0.5912032723426819,0.3900007903575897,0.15852156281471252,-0.10408826917409897;0.0032084379345178604,-0.048097431659698486,0.07903782278299332,-0.014485981315374374
;21.920995712280273;-1.0236766562066605e-19,0.004013098776340485,-1.2501623630523682,0.2313133031129837;0.5903895497322083,0.38999590277671814,0.15863282978534698,-0.1039157509803772;0.003211971838027239,-0.048112399876117706,0.07900958508253098,-0.014489504508674145
;21.908838272094727;-1.0305990593344783e-19,0.004018221981823444,-1.2501648664474487,0.23216815292835236;0.5895737409591675,0.3899911046028137,0.1587439626455307,-0.10374344140291214;0.00321551994420588,-0.04812740534543991,0.07898131757974625,-0.01449304074048996
;21.89664077758789;-1.0375948747416602e-19,0.004023368936032057,-1.2501651048660278,0.2330240160226822;0.58875572681427,0.38998618721961975,0.1588549166917801,-0.10357141494750977;0.0032190836500376463,-0.0481424406170845,0.07895301282405853,-0.014496587216854095
;21.884403228759766;-1.0446599665251433e-19,0.004028540104627609,-1.250162959098816,0.23388126492500305;0.5879356861114502,0.3899812698364258,0.15896573662757874,-0.10339954495429993;0.0032226627226918936,-0.04815750569105148,0.07892466336488724,-0.014500144869089127
;21.87212562561035;-1.0517966611304007e-19,0.004033734556287527,-1.2501599788665771,0.23473913967609406;0.5871134400367737,0.3899763822555542,0.15907640755176544,-0.10322795808315277;0.0032262594904750586,-0.04817260801792145,0.07889629155397415,-0.014503715559840202
;21.859806060791016;-1.0590058632862271e-19,0.004038951825350523,-1.2501544952392578,0.23559772968292236;0.5862889885902405,0.38997143507003784,0.1591869294643402,-0.10305780917406082;0.0032298697624355555,-0.048187706619501114,0.07886800169944763,-0.014507299289107323
;21.847448348999023;-1.0662877022395933e-19,0.004044192843139172,-1.2501471042633057,0.23645761609077454;0.5854625105857849,0.3899664580821991,0.15929730236530304,-0.10288915038108826;0.003233495634049177,-0.048202794045209885,0.07883979380130768,-0.01451089233160019
;21.835050582885742;-1.0736421779904993e-19,0.004049456678330898,-1.2501380443572998,0.23731817305088043;0.5846338272094727,0.3899615705013275,0.15940754115581512,-0.10272066295146942;0.0032371405977755785,-0.04821792244911194,0.07881155610084534,-0.014514497481286526
;21.822612762451172;-1.0810717462313887e-19,0.004054744262248278,-1.250126838684082,0.2381800264120102;0.5838032960891724,0.38995659351348877,0.15951766073703766,-0.10255244374275208;0.0032407960388809443,-0.04823308438062668,0.07878327369689941,-0.014518113806843758
;21.810134887695312;-1.0885784749137928e-19,0.004060055129230022,-1.250113844871521,0.23904284834861755;0.5829705595970154,0.38995155692100525,0.15962763130664825,-0.10238442569971085;0.0032444712705910206,-0.04824827238917351,0.0787549689412117,-0.014521741308271885
;21.797616958618164;-1.0961616531793727e-19,0.004065388813614845,-1.2500993013381958,0.23990608751773834;0.5821356773376465,0.3899465799331665,0.1597374677658081,-0.10221788287162781;0.003248161869123578,-0.04826345294713974,0.07872673869132996,-0.014525381848216057
;21.785058975219727;-1.1038217333925258e-19,0.004070745315402746,-1.2500826120376587,0.24077053368091583;0.581298828125,0.38994157314300537,0.1598471850156784,-0.10205275565385818;0.003251868998631835,-0.04827863723039627,0.07869859784841537,-0.01452903263270855
;21.7724609375;-1.1115614297396372e-19,0.0040761255659163,-1.2500640153884888,0.24163594841957092;0.5804597735404968,0.38993656635284424,0.15995678305625916,-0.10188793390989304;0.003255589632317424,-0.04829385504126549,0.07867041975259781,-0.014532697387039661
;21.759824752807617;-1.1193772525524977e-19,0.0040815286338329315,-1.2500437498092651,0.2425023466348648;0.5796188116073608,0.38993149995803833,0.16006624698638916,-0.10172329843044281;0.003259328193962574,-0.04830910265445709,0.07864221185445786,-0.01453637145459652
;21.747146606445312;-1.1272734669811406e-19,0.004086955450475216,-1.25002121925354,0.2433696985244751;0.5787757635116577,0.38992637395858765,0.1601756066083908,-0.10155884921550751;0.0032630828209221363,-0.048324376344680786,0.07861397415399551,-0.014540057629346848
;21.73443031311035;-1.135250977754361e-19,0.004092404153198004,-1.2499973773956299,0.24423711001873016;0.577930748462677,0.3899213671684265,0.1602848470211029,-0.10139469802379608;0.003266851184889674,-0.048339687287807465,0.07858569175004959,-0.014543754979968071
;21.7216739654541;-1.1433115943297488e-19,0.004097876604646444,-1.2499717473983765,0.2451053410768509;0.5770837068557739,0.38991624116897583,0.16039395332336426,-0.1012306660413742;0.0032706400379538536,-0.04835502803325653,0.07855737954378128,-0.014547464437782764
;21.708877563476562;-1.1514554459542748e-19,0.004103371873497963,-1.2499438524246216,0.2459748387336731;0.5762345790863037,0.38991111516952515,0.16050295531749725,-0.101066954433918;0.0032744414638727903,-0.04837040230631828,0.07852903008460999,-0.014551185071468353
;21.696041107177734;-1.1596795599476126e-19,0.004108890425413847,-1.249914288520813,0.24684496223926544;0.5753834843635559,0.38990598917007446,0.16061186790466309,-0.10090338438749313;0.0032782605849206448,-0.048385798931121826,0.07850063592195511,-0.014554917812347412
;21.683164596557617;-1.1679900109173855e-19,0.004114431329071522,-1.2498831748962402,0.24771641194820404;0.5745302438735962,0.3899008631706238,0.16072066128253937,-0.10074129700660706;0.0032820962369441986,-0.04840119928121567,0.07847233861684799,-0.014558661729097366
;21.670249938964844;-1.176386281875711e-19,0.004119995050132275,-1.2498500347137451,0.2485884577035904;0.5736750960350037,0.3898957073688507,0.1608293652534485,-0.10058066248893738;0.003285947721451521,-0.04841659963130951,0.07844413071870804,-0.014562415890395641
;21.65729522705078;-1.1848674680937937e-19,0.004125582054257393,-1.2498151063919067,0.2494610846042633;0.5728182196617126,0.38989055156707764,0.16093795001506805,-0.10042021423578262;0.003289815504103899,-0.04843202605843544,0.0784158855676651,-0.014566183090209961
;21.64430046081543;-1.193435766770136e-19,0.004131191875785589,-1.2497785091400146,0.2503349483013153;0.5719590187072754,0.3898853361606598,0.16104644536972046,-0.10026007890701294;0.0032936998177319765,-0.04844748228788376,0.07838760316371918,-0.014569960534572601
;21.631267547607422;-1.2020936335971812e-19,0.004136824514716864,-1.2497400045394897,0.25120970606803894;0.5710981488227844,0.3898802101612091,0.1611548811197281,-0.1001012921333313;0.003297598799690604,-0.04846293851733208,0.07835941016674042,-0.014573751017451286
;21.618194580078125;-1.2108411978219002e-19,0.004142480436712503,-1.2497000694274902,0.25208547711372375;0.5702353119850159,0.38987496495246887,0.16126318275928497,-0.09994401782751083;0.0033015143126249313,-0.048478394746780396,0.07833131402730942,-0.014577551744878292
;21.60508155822754;-1.2196791056791464e-19,0.004148158710449934,-1.2496576309204102,0.2529612183570862;0.5693703889846802,0.38986971974372864,0.16137142479419708,-0.0997869074344635;0.003305448219180107,-0.048493873327970505,0.07830317318439484,-0.014581364579498768
;21.591930389404297;-1.228608261897715e-19,0.004153859801590443,-1.2496142387390137,0.25383806228637695;0.5685035586357117,0.389864444732666,0.16147956252098083,-0.09963000565767288;0.003309398191049695,-0.0485093928873539,0.07827500253915787,-0.014585188589990139
;21.5787410736084;-1.2376268570200157e-19,0.004159584175795317,-1.2495685815811157,0.25471585988998413;0.5676350593566895,0.3898591995239258,0.1615876406431198,-0.09947336465120316;0.0033133632969111204,-0.04852493479847908,0.07824680209159851,-0.014589022845029831
;21.565509796142578;-1.2467421288764087e-19,0.004165331367403269,-1.2495213747024536,0.25559449195861816;0.5667644739151001,0.389853835105896,0.16169564425945282,-0.09931696206331253;0.0033173447009176016,-0.04854051023721695,0.07821855694055557,-0.014592870138585567
;21.5522403717041;-1.255951751021421e-19,0.004171099979430437,-1.2494724988937378,0.2564740777015686;0.5658919811248779,0.3898485600948334,0.16180355846881866,-0.0991608276963234;0.0033213449642062187,-0.048556115478277206,0.07819027453660965,-0.014596730470657349
;21.53893280029297;-1.2652558527020233e-19,0.004176892805844545,-1.2494219541549683,0.25735393166542053;0.5650176405906677,0.3898431956768036,0.16191138327121735,-0.09900493919849396;0.003325361991301179,-0.04857174679636955,0.07816196978092194,-0.014600600115954876
;21.525585174560547;-1.2746575358455127e-19,0.004182707984000444,-1.2493691444396973,0.2582349479198456;0.5641415119171143,0.3898378312587738,0.16201914846897125,-0.09885044395923615;0.0033293936867266893,-0.048587385565042496,0.07813374698162079,-0.014604482799768448
;21.512197494506836;-1.2841561542170357e-19,0.0041885459795594215,-1.2493151426315308,0.25911688804626465;0.5632633566856384,0.38983237743377686,0.1621268391609192,-0.09869743138551712;0.003333442844450474,-0.04860301315784454,0.0781056135892868,-0.014608376659452915
;21.49877166748047;-1.2937523540514458e-19,0.0041944063268601894,-1.2492592334747314,0.25999966263771057;0.5623833537101746,0.38982701301574707,0.16223447024822235,-0.09854461252689362;0.0033375085331499577,-0.04861867427825928,0.07807745039463043,-0.014612281695008278
;21.485307693481445;-1.3034505297457472e-19,0.004200289957225323,-1.249201774597168,0.26088374853134155;0.5615016222000122,0.38982152938842773,0.16234204173088074,-0.09839198738336563;0.0033415888901799917,-0.0486343652009964,0.07804924994707108,-0.014616197906434536
;21.471803665161133;-1.31325068129994e-19,0.0042061954736709595,-1.2491424083709717,0.2617676556110382;0.5606181025505066,0.3898161053657532,0.16244956851005554,-0.09823958575725555;0.0033456911332905293,-0.04865008220076561,0.07802101224660873,-0.014620126225054264
;21.45825958251953;-1.3231534549488775e-19,0.004212124738842249,-1.2490812540054321,0.262652724981308;0.5597326159477234,0.38981062173843384,0.16255702078342438,-0.09808992594480515;0.0033498050179332495,-0.04866576939821243,0.0779929980635643,-0.014624064788222313
;21.444677352905273;-1.333157428975882e-19,0.0042180754244327545,-1.2490184307098389,0.26353907585144043;0.5588453412055969,0.3898051977157593,0.16266441345214844,-0.09794037789106369;0.0033539391588419676,-0.048681486397981644,0.07796495407819748,-0.014628015458583832
;21.43105697631836;-1.3432666100370457e-19,0.0042240503244102,-1.2489537000656128,0.2644259035587311;0.5579562783241272,0.38979968428611755,0.16277173161506653,-0.09779108315706253;0.0033580900635570288,-0.04869723320007324,0.07793685793876648,-0.014631977304816246
;21.41739845275879;-1.3534837123187535e-19,0.004230046644806862,-1.2488878965377808,0.26531344652175903;0.5570654273033142,0.38979417085647583,0.16287901997566223,-0.09764198213815689;0.0033622581977397203,-0.04871300607919693,0.07790873944759369,-0.014635949395596981
;21.403701782226562;-1.3638066678694738e-19,0.004236066248267889,-1.2488200664520264,0.2662012577056885;0.5561729669570923,0.3897886574268341,0.16298624873161316,-0.09749308228492737;0.003366439836099744,-0.048728808760643005,0.07788058370351791,-0.01463993452489376
;21.389963150024414;-1.3742378031346796e-19,0.004242108203470707,-1.2487510442733765,0.2670896053314209;0.5552785396575928,0.38978311419487,0.1630934476852417,-0.09734436869621277;0.003370639868080616,-0.04874464496970177,0.07785239815711975,-0.014643928967416286
;21.37618637084961;-1.384778410584078e-19,0.004248172510415316,-1.2486796379089355,0.26797911524772644;0.55438232421875,0.3897775411605835,0.16320057213306427,-0.09719588607549667;0.003374860156327486,-0.048760514706373215,0.0778241753578186,-0.014647934585809708
;21.36237144470215;-1.3954259052782547e-19,0.004254259634763002,-1.2486072778701782,0.268869549036026;0.5534843802452087,0.3897720277309418,0.16330768167972565,-0.0970475897192955;0.00337909534573555,-0.04877640679478645,0.07779591530561447,-0.014651954174041748
;21.34851837158203;-1.4061907562218374e-19,0.0042603700421750546,-1.2485328912734985,0.26976045966148376;0.552584707736969,0.3897664248943329,0.16341474652290344,-0.09690196812152863;0.003383345901966095,-0.048792265355587006,0.07776787877082825,-0.01465598214417696
;21.334627151489258;-1.4170685690178219e-19,0.00426650233566761,-1.248456597328186,0.2706522047519684;0.5516833662986755,0.3897608518600464,0.16352176666259766,-0.09675655514001846;0.0033876164816319942,-0.04880814999341965,0.07773981243371964,-0.014660021290183067
;21.320695877075195;-1.428059860654091e-19,0.004272657912224531,-1.2483789920806885,0.27154478430747986;0.5507803559303284,0.38975515961647034,0.16362875699996948,-0.09661135077476501;0.003391904290765524,-0.04882407188415527,0.07771170139312744,-0.014664072543382645
;21.306724548339844;-1.4391683792927952e-19,0.00427883630618453,-1.2482997179031372,0.2724381685256958;0.5498753786087036,0.38974958658218384,0.16373571753501892,-0.09646636247634888;0.003396207233890891,-0.04884001985192299,0.07768356800079346,-0.014668135903775692
;21.292715072631836;-1.450391798488462e-19,0.00428503705188632,-1.2482190132141113,0.27333277463912964;0.5489687323570251,0.38974398374557495,0.16384261846542358,-0.09632153809070587;0.003400529036298394,-0.04885600134730339,0.0776553824543953,-0.014672210440039635
;21.278667449951172;-1.461737873059334e-19,0.004291260149329901,-1.248136281967163,0.2742275297641754;0.548060417175293,0.3897382915019989,0.16394950449466705,-0.09617693722248077;0.0034048689994961023,-0.04887201264500618,0.07762717455625534,-0.014676296152174473
;21.26458168029785;-1.4732032425841724e-19,0.004297505598515272,-1.2480522394180298,0.2751230299472809;0.5471504330635071,0.38973259925842285,0.16405637562274933,-0.0960325375199318;0.0034092257265001535,-0.04888805374503136,0.0775989294052124,-0.014680392108857632
;21.250455856323242;-1.484790879743304e-19,0.004303774330765009,-1.2479664087295532,0.27601978182792664;0.5462388396263123,0.3897269070148468,0.1641632467508316,-0.09588952362537384;0.003413598285987973,-0.04890408739447594,0.07757078111171722,-0.014684501104056835
;21.236289978027344;-1.4965009137836991e-19,0.004310064949095249,-1.2478793859481812,0.27691689133644104;0.5453252792358398,0.38972124457359314,0.1642700433731079,-0.09574805945158005;0.0034179924987256527,-0.04892011731863022,0.07754272222518921,-0.014688619412481785
;21.22208595275879;-1.508337868349333e-19,0.0043163783848285675,-1.2477905750274658,0.2778152525424957;0.544410228729248,0.3897155225276947,0.1643768548965454,-0.0956067219376564;0.0034224025439471006,-0.048936184495687485,0.0775146335363388,-0.014692750759422779
;21.207843780517578;-1.520299675488674e-19,0.004322715103626251,-1.2476996183395386,0.27871301770210266;0.5434934496879578,0.38970980048179626,0.1644836664199829,-0.09546560049057007;0.003426828421652317,-0.04895227402448654,0.07748650759458542,-0.014696893282234669
;21.19356346130371;-1.5323902126108436e-19,0.004329074174165726,-1.2476078271865845,0.2796114683151245;0.5425751209259033,0.38970401883125305,0.16459044814109802,-0.09532593190670013;0.003431272692978382,-0.0489683598279953,0.07745847851037979,-0.014701045118272305
;21.179244995117188;-1.5446096089628125e-19,0.004335454665124416,-1.2475141286849976,0.2805110514163971;0.5416550636291504,0.3896982669830322,0.16469718515872955,-0.09518644213676453;0.0034357367549091578,-0.048984479159116745,0.07743041962385178,-0.014705209992825985
;21.164888381958008;-1.5569567013218443e-19,0.004341858439147472,-1.247418999671936,0.2814114987850189;0.5407335162162781,0.3896925151348114,0.16480393707752228,-0.09504840523004532;0.0034402168821543455,-0.04900059103965759,0.07740245014429092,-0.014709384180605412
;21.150493621826172;-1.5694375642955624e-19,0.004348285496234894,-1.2473224401474,0.28231266140937805;0.5398103594779968,0.3896867036819458,0.1649106740951538,-0.09491052478551865;0.003444713307544589,-0.04901673272252083,0.07737445086240768,-0.014713571406900883
;21.13606071472168;-1.5820514224021425e-19,0.004354734905064106,-1.2472238540649414,0.28321442008018494;0.5388855934143066,0.3896808624267578,0.16501739621162415,-0.09477286785840988;0.0034492278937250376,-0.04903290048241615,0.07734641432762146,-0.014717768877744675
;21.1215877532959;-1.5948002143461453e-19,0.004361206665635109,-1.2471240758895874,0.2841167747974396;0.5379592180252075,0.3896750509738922,0.16512413322925568,-0.09463412314653397;0.003453765297308564,-0.04904914274811745,0.0773182138800621,-0.014721975661814213
;21.107074737548828;-1.6076888515124579e-19,0.004367701709270477,-1.2470226287841797,0.28501996397972107;0.5370310544967651,0.3896692395210266,0.1652308702468872,-0.09449683129787445;0.003458313876762986,-0.049065377563238144,0.0772901177406311,-0.01472619641572237
;21.0925235748291;-1.6207157829374317e-19,0.004374218173325062,-1.246920108795166,0.28592386841773987;0.5361014008522034,0.389663428068161,0.16533759236335754,-0.09435977786779404;0.0034628859721124172,-0.04908164218068123,0.07726197689771652,-0.014730427414178848
;21.07793426513672;-1.633882688831686e-19,0.004380758386105299,-1.2468154430389404,0.28682801127433777;0.5351700782775879,0.38965746760368347,0.16544431447982788,-0.09422290325164795;0.0034674738999456167,-0.0490979328751564,0.07723380625247955,-0.014734670519828796
;21.06330680847168;-1.6471940928391955e-19,0.00438732048496604,-1.2467093467712402,0.2877323627471924;0.5342373251914978,0.3896515965461731,0.1655510514974594,-0.09408745914697647;0.0034720832481980324,-0.04911422356963158,0.07720573246479034,-0.01473892293870449
;21.048641204833984;-1.660646634538722e-19,0.004393905401229858,-1.2466020584106445,0.2886379063129425;0.5333030223846436,0.38964569568634033,0.16565781831741333,-0.09395346790552139;0.0034767037723213434,-0.049130506813526154,0.0771777555346489,-0.01474318839609623
;21.033937454223633;-1.674246259290918e-19,0.004400513134896755,-1.2464932203292847,0.2895437479019165;0.5323671698570251,0.3896397650241852,0.16576455533504486,-0.09381961822509766;0.003481348045170307,-0.04914681985974312,0.07714974135160446,-0.01474746409803629
;21.019195556640625;-1.687991028391223e-19,0.004407144151628017,-1.2463825941085815,0.2904507517814636;0.5314297676086426,0.3896338939666748,0.1658712923526764,-0.09368597716093063;0.0034860102459788322,-0.04916315898299217,0.07712170481681824,-0.014751750975847244
;21.00441551208496;-1.7018855947305824e-19,0.004413797054439783,-1.2462705373764038,0.29135820269584656;0.5304909348487854,0.3896279036998749,0.1659780889749527,-0.09355251491069794;0.003490689443424344,-0.04917953163385391,0.07709362357854843,-0.014756049029529095
;20.98959732055664;-1.715931897013557e-19,0.004420472774654627,-1.2461570501327515,0.29226598143577576;0.5295506119728088,0.38962194323539734,0.1660849004983902,-0.09341929852962494;0.003495385404676199,-0.04919593781232834,0.07706550508737564,-0.01476035825908184
;20.97473907470703;-1.7301305814750006e-19,0.004427170846611261,-1.2460418939590454,0.2931748628616333;0.5286086797714233,0.38961607217788696,0.1661916971206665,-0.09328743815422058;0.003500102087855339,-0.04921233281493187,0.07703749090433121,-0.014764677733182907
;20.959840774536133;-1.7444831990785613e-19,0.004433891735970974,-1.2459256649017334,0.2940840721130371;0.5276651382446289,0.3896099925041199,0.1662985235452652,-0.09315458685159683;0.003504835767671466,-0.04922879487276077,0.07700931280851364,-0.014769009314477444
;20.944904327392578;-1.7589932394924485e-19,0.004440634977072477,-1.245807409286499,0.29499438405036926;0.5267200469970703,0.38960403203964233,0.16640536487102509,-0.09302316606044769;0.003509592730551958,-0.049245256930589676,0.07698123157024384,-0.014773352071642876
;20.929929733276367;-1.77366393389093e-19,0.004447401035577059,-1.2456880807876587,0.295905202627182;0.5257735848426819,0.38959798216819763,0.16651223599910736,-0.0928918868303299;0.0035143643617630005,-0.04926174506545067,0.07695311307907104,-0.014777706936001778
;20.9149169921875;-1.7884945067921815e-19,0.004454189445823431,-1.2455668449401855,0.2968166172504425;0.5248256325721741,0.38959193229675293,0.16661912202835083,-0.09276209026575089;0.0035191557835787535,-0.04927822947502136,0.07692509889602661,-0.014782072044909
;20.899866104125977;-1.803485862924998e-19,0.004461000673472881,-1.2454442977905273,0.2977287769317627;0.5238762497901917,0.3895858824253082,0.16672605276107788,-0.09263249486684799;0.003523964900523424,-0.049294739961624146,0.0768970400094986,-0.014786447398364544
;20.884777069091797;-1.8186420089454716e-19,0.004467833787202835,-1.2453206777572632,0.298641562461853;0.5229253768920898,0.38957977294921875,0.16683298349380493,-0.09250304102897644;0.0035287945065647364,-0.04931128770112991,0.07686895877122879,-0.014790835790336132
;20.86964988708496;-1.8339632033475436e-19,0.004474691115319729,-1.2451955080032349,0.2995552122592926;0.5219731330871582,0.38957372307777405,0.16693997383117676,-0.0923737958073616;0.0035336404107511044,-0.04932785779237747,0.076840840280056,-0.014795233495533466
;20.85448455810547;-1.8494515140827455e-19,0.004481570329517126,-1.2450690269470215,0.3004685044288635;0.5210193991661072,0.3895675837993622,0.16704696416854858,-0.09224472939968109;0.003538506105542183,-0.04934446141123772,0.07681269198656082,-0.014799644239246845
;20.839277267456055;-1.8651143082284078e-19,0.004488471895456314,-1.2449408769607544,0.30138227343559265;0.5200642347335815,0.3895614743232727,0.167153999209404,-0.09211711585521698;0.0035433925222605467,-0.04936106130480766,0.0767846405506134,-0.014804065227508545
;20.824031829833984;-1.8809496470799698e-19,0.0044953967444598675,-1.2448110580444336,0.30229684710502625;0.5191075205802917,0.38955533504486084,0.16726107895374298,-0.09199090301990509;0.0035482977982610464,-0.04937765374779701,0.07675669342279434,-0.014808498322963715
;20.808748245239258;-1.896961408046553e-19,0.004502343479543924,-1.2446805238723755,0.3032124638557434;0.5181493759155273,0.38954928517341614,0.16736817359924316,-0.09186367690563202;0.0035532217007130384,-0.049394309520721436,0.07672856003046036,-0.014812941662967205
;20.793426513671875;-1.9131463599538893e-19,0.004509313497692347,-1.2445478439331055,0.30412811040878296;0.5171898603439331,0.3895430862903595,0.16747534275054932,-0.09173788875341415;0.0035581672564148903,-0.04941095784306526,0.07670054584741592,-0.014817396178841591
;20.778066635131836;-1.9295147133126652e-19,0.004516306333243847,-1.2444144487380981,0.3050443232059479;0.516228973865509,0.38953685760498047,0.16758252680301666,-0.09161228686571121;0.003563130274415016,-0.04942764341831207,0.0766724944114685,-0.014821863733232021
;20.76266860961914;-1.9460616859849642e-19,0.004523321986198425,-1.2442790269851685,0.3059612512588501;0.5152668356895447,0.3895307183265686,0.16768978536128998,-0.0914868488907814;0.0035681091248989105,-0.04944435507059097,0.0766444057226181,-0.014826339669525623
;20.74723243713379;-1.9627921893556735e-19,0.0045303585939109325,-1.2441425323486328,0.30687880516052246;0.5143032073974609,0.3895244896411896,0.1677970588207245,-0.09136155992746353;0.003573111491277814,-0.04946109652519226,0.07661628723144531,-0.01483082864433527
;20.73175811767578;-1.9797130735142407e-19,0.0045374189503490925,-1.2440046072006226,0.30779752135276794;0.5133382678031921,0.38951823115348816,0.16790439188480377,-0.09123650193214417;0.0035781317856162786,-0.049477867782115936,0.07658813148736954,-0.014835326932370663
;20.716245651245117;-1.9968173591242473e-19,0.004544501658529043,-1.2438652515411377,0.3087158501148224;0.5123719573020935,0.3895120322704315,0.16801176965236664,-0.09111161530017853;0.003583171870559454,-0.049494668841362,0.07655994594097137,-0.014839837327599525
;20.700695037841797;-2.014111508534229e-19,0.004551607184112072,-1.2437242269515991,0.3096346855163574;0.5114044547080994,0.3895057141780853,0.16811919212341309,-0.09098686277866364;0.0035882301162928343,-0.04951150342822075,0.07653172314167023,-0.014844358898699284
;20.685102462768555;-2.03160353505637e-19,0.0045587350614368916,-1.2435826063156128,0.310554176568985;0.5104354023933411,0.3894994854927063,0.16822665929794312,-0.0908648744225502;0.0035933100152760744,-0.049528297036886215,0.07650373876094818,-0.014848891645669937
;20.669471740722656;-2.0492878810709294e-19,0.004565885756164789,-1.2434390783309937,0.3114743232727051;0.5094649195671082,0.3894931972026825,0.16833418607711792,-0.09074301272630692;0.0035984099376946688,-0.04954511672258377,0.07647572457790375,-0.014853434637188911
;20.6538028717041;-2.0671720429022087e-19,0.004573059268295765,-1.2432940006256104,0.3123951554298401;0.5084932446479797,0.3894869089126587,0.1684418022632599,-0.09062138199806213;0.003603528020903468,-0.049561966210603714,0.07644767314195633,-0.01485799066722393
;20.63809585571289;-2.0852562790441492e-19,0.004580256063491106,-1.2431480884552002,0.313316285610199;0.5075202584266663,0.3894806206226349,0.16854946315288544,-0.09050119668245316;0.0036086663603782654,-0.04957880824804306,0.07641971856355667,-0.01486255694180727
;20.622350692749023;-2.1035449838937553e-19,0.004587475210428238,-1.243000864982605,0.3142380118370056;0.506545901298523,0.3894742429256439,0.16865716874599457,-0.09037991613149643;0.0036138249561190605,-0.049595724791288376,0.07639160752296448,-0.01486713532358408
;20.6065673828125;-2.1220382866979974e-19,0.004594717640429735,-1.242851972579956,0.3151604235172272;0.5055703520774841,0.38946789503097534,0.16876493394374847,-0.0902600809931755;0.0036190063692629337,-0.0496126264333725,0.07636358588933945,-0.014871724881231785
;20.59074592590332;-2.1407346364932272e-19,0.0046019828878343105,-1.242701530456543,0.3160834014415741;0.5045934915542603,0.3894615173339844,0.16887278854846954,-0.09014162421226501;0.0036242029163986444,-0.04962952062487602,0.07633566856384277,-0.014876323752105236
;20.574886322021484;-2.1596460532477208e-19,0.004609270952641964,-1.2425496578216553,0.3170070946216583;0.5036154389381409,0.389455109834671,0.1689806878566742,-0.09002216160297394;0.0036294201854616404,-0.049646489322185516,0.07630759477615356,-0.014880935661494732
;20.558988571166992;-2.1787720199735954e-19,0.004616581369191408,-1.2423969507217407,0.31793105602264404;0.5026361346244812,0.38944879174232483,0.16908866167068481,-0.08990411460399628;0.003634658409282565,-0.049663443118333817,0.07627961039543152,-0.014885556884109974
;20.543052673339844;-2.198112019682968e-19,0.004623913671821356,-1.2422428131103516,0.3188551962375641;0.5016555190086365,0.3894423544406891,0.1691966950893402,-0.08978625386953354;0.0036399171222001314,-0.0496804341673851,0.07625159621238708,-0.014890189282596111
;20.527076721191406;-2.2176688958091944e-19,0.004631269257515669,-1.2420870065689087,0.3197803497314453;0.5006738305091858,0.38943591713905334,0.16930478811264038,-0.08966851234436035;0.003645196557044983,-0.04969744756817818,0.07622355222702026,-0.014894834719598293
;20.51106071472168;-2.23745272961599e-19,0.004638648126274347,-1.241930365562439,0.3207061290740967;0.4996906518936157,0.3894294500350952,0.16941297054290771,-0.08955103158950806;0.0036504962481558323,-0.04971449822187424,0.07619547843933105,-0.014899489469826221
;20.495006561279297;-2.2574578342366436e-19,0.0046460493467748165,-1.2417724132537842,0.32163184881210327;0.49870625138282776,0.38942304253578186,0.16952119767665863,-0.0894336923956871;0.0036558150313794613,-0.049731574952602386,0.07616736739873886,-0.014904158189892769
;20.478914260864258;-2.277689121056042e-19,0.004653473850339651,-1.2416132688522339,0.322557657957077;0.4977206289768219,0.38941651582717896,0.1696295142173767,-0.08931910991668701;0.0036611563991755247,-0.04974861070513725,0.07613949477672577,-0.014908835291862488
;20.462783813476562;-2.2981551203742525e-19,0.004660921171307564,-1.2414522171020508,0.32348448038101196;0.4967339336872101,0.3894100487232208,0.16973790526390076,-0.08920466154813766;0.003666516160592437,-0.04976567625999451,0.07611159235239029,-0.014913525432348251
;20.44661521911621;-2.3188524717700364e-19,0.004668390844017267,-1.2412899732589722,0.3244115114212036;0.4957459568977356,0.38940349221229553,0.16984640061855316,-0.08909039199352264;0.0036719003692269325,-0.04978276416659355,0.07608364522457123,-0.01491822674870491
;20.430408477783203;-2.339789188555578e-19,0.004675884265452623,-1.2411266565322876,0.32533952593803406;0.4947568476200104,0.3893970549106598,0.16995497047901154,-0.08897629380226135;0.003677300177514553,-0.04979989305138588,0.07605568319559097,-0.014922937378287315
;20.41416358947754;-2.3609639782611696e-19,0.00468340003862977,-1.2409617900848389,0.3262670040130615;0.4937666058540344,0.3893904983997345,0.17006361484527588,-0.08886238187551498;0.0036827216390520334,-0.0498170480132103,0.07602767646312714,-0.01492766011506319
;20.39788055419922;-2.3823770993807533e-19,0.004690937232226133,-1.2407957315444946,0.3271954357624054;0.49277517199516296,0.3893839120864868,0.170172318816185,-0.08874861896038055;0.0036881661508232355,-0.0498342290520668,0.07599963992834091,-0.014932394959032536
;20.38155746459961;-2.4040319123355673e-19,0.004698498174548149,-1.2406283617019653,0.3281248211860657;0.4917827248573303,0.38937732577323914,0.17028114199638367,-0.08863504230976105;0.00369363185018301,-0.0498514398932457,0.0759715735912323,-0.014937138184905052
;20.36519432067871;-2.4259408248348e-19,0.004706081934273243,-1.2404597997665405,0.3290543854236603;0.4907888174057007,0.38937076926231384,0.17039000988006592,-0.08852418512105942;0.0036991166416555643,-0.049868613481521606,0.07594375312328339,-0.014941895380616188
;20.348793029785156;-2.4481035783845097e-19,0.0047136880457401276,-1.2402899265289307,0.32998496294021606;0.4897938370704651,0.3893641233444214,0.1704990118741989,-0.0884135290980339;0.0037046235520392656,-0.049885816872119904,0.07591589540243149,-0.014946662820875645
;20.332353591918945;-2.4705212069604625e-19,0.004721317905932665,-1.2401190996170044,0.3309146761894226;0.4887978136539459,0.3893575966358185,0.17060807347297668,-0.08830176293849945;0.0037101490888744593,-0.049903083592653275,0.07588785886764526,-0.014951442368328571
;20.315876007080078;-2.493195520020248e-19,0.004728969652205706,-1.239946722984314,0.3318447470664978;0.48780059814453125,0.38935089111328125,0.17071722447872162,-0.0881914421916008;0.003715700702741742,-0.04992034286260605,0.07585994154214859,-0.014956233091652393
;20.299360275268555;-2.5161314289487536e-19,0.004736644681543112,-1.239772915840149,0.3327758312225342;0.4868023693561554,0.3893442451953888,0.1708264797925949,-0.08808131515979767;0.0037212688475847244,-0.04993763193488121,0.07583198696374893,-0.014961033128201962
;20.282806396484375;-2.5393310016975103e-19,0.004744342528283596,-1.239598035812378,0.3337070345878601;0.4858030676841736,0.38933756947517395,0.17093582451343536,-0.08797133713960648;0.0037268621381372213,-0.04995495080947876,0.07580399513244629,-0.014965847134590149
;20.26621437072754;-2.5628022515787025e-19,0.004752063658088446,-1.2394219636917114,0.33463889360427856;0.4848026931285858,0.38933083415031433,0.17104528844356537,-0.08786150068044662;0.0037324719596654177,-0.0499722994863987,0.07577596604824066,-0.014970668591558933
;20.249582290649414;-2.58654336913474e-19,0.0047598062083125114,-1.2392442226409912,0.3355712890625;0.4838012754917145,0.3893241882324219,0.17115479707717896,-0.08775316178798676;0.003738108091056347,-0.049989644438028336,0.07574805617332458,-0.014975503087043762
;20.23291015625;-2.610565211111163e-19,0.00476757250726223,-1.2390657663345337,0.3365037143230438;0.48279866576194763,0.38931751251220703,0.1712644249200821,-0.0876462385058403;0.0037437614519149065,-0.05000697821378708,0.07572025060653687,-0.014980350621044636
;20.21619987487793;-2.634858730220021e-19,0.004775362089276314,-1.238885760307312,0.33743712306022644;0.48179498314857483,0.38931071758270264,0.1713741570711136,-0.08753953874111176;0.0037494408898055553,-0.05002434179186821,0.07569240778684616,-0.014985207468271255
;20.199451446533203;-2.6594373681462685e-19,0.004783174023032188,-1.2387049198150635,0.33837074041366577;0.4807901680469513,0.3893040120601654,0.17148400843143463,-0.08743298053741455;0.003755141282454133,-0.050041742622852325,0.07566453516483307,-0.014990076422691345
;20.18266487121582;-2.6843109476596795e-19,0.004791008774191141,-1.2385224103927612,0.33930495381355286;0.47978445887565613,0.3892972469329834,0.17159393429756165,-0.08732403069734573;0.003760863095521927,-0.0500592403113842,0.0756363496184349,-0.014994954690337181
;20.16584014892578;-2.709471713942011e-19,0.0047988672740757465,-1.2383387088775635,0.34023916721343994;0.47877776622772217,0.3892904818058014,0.1717039942741394,-0.0872177705168724;0.0037666023708879948,-0.050076697021722794,0.07560841739177704,-0.014999846927821636
;20.148975372314453;-2.734923544402385e-19,0.004806746728718281,-1.2381536960601807,0.34117391705513;0.47777003049850464,0.3892836272716522,0.17181414365768433,-0.08711174875497818;0.0037723658606410027,-0.05009418725967407,0.07558044791221619,-0.015004747547209263
;20.132070541381836;-2.7606741938590436e-19,0.004814650863409042,-1.2379679679870605,0.34210968017578125;0.4767611026763916,0.3892768919467926,0.17192442715168,-0.08700589835643768;0.0037781549617648125,-0.05011169612407684,0.07555244117975235,-0.015009662136435509
;20.115127563476562;-2.786725471769577e-19,0.004822576884180307,-1.2377806901931763,0.3430454730987549;0.47575122117996216,0.38926997780799866,0.17203478515148163,-0.08690021932125092;0.0037839661817997694,-0.0501292422413826,0.07552440464496613,-0.01501458790153265
;20.098146438598633;-2.8130861669279934e-19,0.004830526653677225,-1.2375924587249756,0.3439807891845703;0.4747404158115387,0.38926318287849426,0.17214524745941162,-0.08679598569869995;0.0037897948641330004,-0.050146784633398056,0.07549647986888885,-0.015019523911178112
;20.081127166748047;-2.839753694394879e-19,0.004838498774915934,-1.2374029159545898,0.34491679072380066;0.47372862696647644,0.3892562985420227,0.17225584387779236,-0.08669313788414001;0.003795647993683815,-0.05016431212425232,0.07546865940093994,-0.01502447109669447
;20.064067840576172;-2.866734258024827e-19,0.0048464941792190075,-1.2372121810913086,0.3458532691001892;0.47271594405174255,0.38924944400787354,0.17236654460430145,-0.08659051358699799;0.0038015227764844894,-0.05018187686800957,0.07544080913066864,-0.015029429458081722
;20.046968460083008;-2.8940340616724327e-19,0.004854511935263872,-1.2370202541351318,0.3467903733253479;0.47170203924179077,0.3892425000667572,0.1724773645401001,-0.0864880383014679;0.0038074215408414602,-0.050199467688798904,0.07541292160749435,-0.015034399926662445
;20.029830932617188;-2.921661894131704e-19,0.004862552043050528,-1.2368272542953491,0.3477279245853424;0.47068724036216736,0.38923561573028564,0.1725883036851883,-0.0863858312368393;0.003813343122601509,-0.05021708831191063,0.07538501173257828,-0.015039381571114063
;20.01265525817871;-2.949614911969285e-19,0.00487061683088541,-1.2366334199905396,0.34866517782211304;0.4696716368198395,0.3892287015914917,0.17269936203956604,-0.08628500998020172;0.0038192879874259233,-0.050234705209732056,0.07535720616579056,-0.015044373460114002
;19.995441436767578;-2.97790293795495e-19,0.0048787035048007965,-1.2364377975463867,0.3496032953262329;0.4686550796031952,0.38922175765037537,0.17281053960323334,-0.08618304878473282;0.003825250780209899,-0.050252385437488556,0.07532922923564911,-0.015049377456307411
;19.978185653686523;-3.006521836185636e-19,0.004886813461780548,-1.2362412214279175,0.35054150223731995;0.4676375389099121,0.38921472430229187,0.17292183637619019,-0.08608125150203705;0.003831238718703389,-0.05027009919285774,0.07530121505260468,-0.015054391697049141
;19.960891723632812;-3.0354837558765904e-19,0.0048949457705020905,-1.2360432147979736,0.3514806032180786;0.46661898493766785,0.3892078399658203,0.1730332374572754,-0.0859796553850174;0.003837255295366049,-0.05028783902525902,0.07527317106723785,-0.015059418976306915
;19.943559646606445;-3.064785853594457e-19,0.0049031018279492855,-1.2358442544937134,0.3524194359779358;0.4655996561050415,0.3892008066177368,0.17314478754997253,-0.08587826788425446;0.0038432867731899023,-0.05030561238527298,0.07524508982896805,-0.01506445650011301
;19.926185607910156;-3.094444414457546e-19,0.004911280237138271,-1.235643982887268,0.3533586263656616;0.4645792543888092,0.3891938030719757,0.17325645685195923,-0.08577828854322433;0.0038493447937071323,-0.05032338201999664,0.07521713525056839,-0.015069506131112576
;19.90877342224121;-3.1244586629840326e-19,0.004919481463730335,-1.2354432344436646,0.35429874062538147;0.46355804800987244,0.3891867697238922,0.17336826026439667,-0.08567851781845093;0.003855425398796797,-0.0503411702811718,0.07518912851810455,-0.01507456786930561
;19.89132308959961;-3.15482730670421e-19,0.0049277059733867645,-1.2352405786514282,0.3552388846874237;0.46253591775894165,0.38917967677116394,0.17348019778728485,-0.08558014780282974;0.003861532313749194,-0.050358958542346954,0.07516123354434967,-0.015079639852046967
;19.87383270263672;-3.185556549472672e-19,0.004935952369123697,-1.2350369691848755,0.3561799228191376;0.461512953042984,0.38917258381843567,0.17359225451946259,-0.08548198640346527;0.0038676608819514513,-0.050376780331134796,0.075133316218853,-0.015084722079336643
;19.85630226135254;-3.216662417913787e-19,0.00494422297924757,-1.2348324060440063,0.3571203351020813;0.46048903465270996,0.38916558027267456,0.17370443046092987,-0.08538398891687393;0.003873809240758419,-0.05039462819695473,0.07510536164045334,-0.015089819207787514
;19.838733673095703;-3.2481425855820826e-19,0.004952516406774521,-1.234626293182373,0.3580606281757355;0.45946434140205383,0.3891585171222687,0.1738167703151703,-0.08528745919466019;0.003879983676597476,-0.05041247233748436,0.07507751882076263,-0.015094924718141556
;19.82112693786621;-3.2800009298866796e-19,0.00496083265170455,-1.2344197034835815,0.3590018153190613;0.4584387540817261,0.389151394367218,0.17392924427986145,-0.08519236743450165;0.0038861804641783237,-0.0504303053021431,0.07504978775978088,-0.015100043267011642
;19.803478240966797;-3.3122358998639297e-19,0.004969171714037657,-1.234212040901184,0.3599433898925781;0.45741236209869385,0.38914424180984497,0.17404183745384216,-0.08509618043899536;0.0038924054242670536,-0.050448205322027206,0.0750218853354454,-0.01510517206043005
;19.785791397094727;-3.3448661070776152e-19,0.004977533593773842,-1.2340025901794434,0.3608853816986084;0.4563851058483124,0.3891371190547943,0.17415454983711243,-0.08499886095523834;0.0038986520376056433,-0.05046617239713669,0.074993796646595,-0.015110313892364502
;19.768064498901367;-3.377896204418682e-19,0.00498591922223568,-1.2337921857833862,0.36182716488838196;0.455357164144516,0.38912996649742126,0.17426744103431702,-0.08490300178527832;0.0039049170445650816,-0.05048413574695587,0.07496582716703415,-0.015115464106202126
;19.75029754638672;-3.411322055984067e-19,0.004994326736778021,-1.2335810661315918,0.362769216299057;0.45432814955711365,0.38912272453308105,0.17438043653964996,-0.08480863273143768;0.003911214414983988,-0.05050208792090416,0.07493796944618225,-0.015120628289878368
;19.732492446899414;-3.445153226049603e-19,0.0050027575343847275,-1.2333688735961914,0.3637121021747589;0.4532984793186188,0.389115571975708,0.17449358105659485,-0.08471440523862839;0.003917530179023743,-0.050520073622465134,0.07491007447242737,-0.015125804580748081
;19.71464729309082;-3.4793974694335326e-19,0.005011212546378374,-1.2331548929214478,0.3646550476551056;0.4522680640220642,0.3891083598136902,0.17460687458515167,-0.08462031930685043;0.003923870623111725,-0.050538089126348495,0.0748821496963501,-0.015130989253520966
;19.696762084960938;-3.514056595593446e-19,0.0050196899101138115,-1.232940435409546,0.3655988574028015;0.451236754655838,0.3891010880470276,0.17472031712532043,-0.08452647179365158;0.003930237609893084,-0.050556134432554245,0.07485420256853104,-0.01513618789613247
;19.678836822509766;-3.5491391348294097e-19,0.00502818962559104,-1.2327244281768799,0.3665415346622467;0.4502047300338745,0.38909387588500977,0.17483389377593994,-0.08443399518728256;0.00393662927672267,-0.0505741722881794,0.07482635974884033,-0.015141395851969719
;19.660871505737305;-3.5846551684051396e-19,0.0050367130897939205,-1.2325078248977661,0.36748480796813965;0.4491718113422394,0.38908660411834717,0.1749476194381714,-0.0843430906534195;0.003943044692277908,-0.05059220269322395,0.07479862868785858,-0.015146618708968163
;19.642868041992188;-3.6206028868630457e-19,0.005045258905738592,-1.2322896718978882,0.3684285581111908;0.4481382369995117,0.3890793025493622,0.17506150901317596,-0.08425233513116837;0.003949482459574938,-0.050610266625881195,0.07477086782455444,-0.015151850879192352
;19.62482452392578;-3.656990303515312e-19,0.005053828936070204,-1.232070803642273,0.3693722188472748;0.44710400700569153,0.3890720009803772,0.1751755326986313,-0.08416169881820679;0.003955944906920195,-0.05062834918498993,0.07474306970834732,-0.015157095156610012
;19.606740951538086;-3.6938267241438296e-19,0.005062421318143606,-1.2318506240844727,0.3703165054321289;0.4460689127445221,0.3890646994113922,0.17528970539569855,-0.08407122641801834;0.003962434362620115,-0.050646476447582245,0.07471524924039841,-0.015162350609898567
;19.588619232177734;-3.7311033599545904e-19,0.005071036517620087,-1.2316293716430664,0.37126100063323975;0.4450331926345825,0.3890573978424072,0.17540405690670013,-0.0839809700846672;0.0039689489640295506,-0.05066462978720665,0.0746873989701271,-0.015167618170380592
;19.57045555114746;-3.7688460603417365e-19,0.0050796750001609325,-1.2314069271087646,0.3722054362297058;0.44399672746658325,0.38905003666877747,0.17551854252815247,-0.0838908702135086;0.0039754887111485004,-0.05068281292915344,0.07465951144695282,-0.015172895975410938
;19.55225372314453;-3.807059219702272e-19,0.005088335834443569,-1.2311837673187256,0.3731507658958435;0.44295957684516907,0.3890426754951477,0.17563319206237793,-0.08380089700222015;0.003982050344347954,-0.050701022148132324,0.07463159412145615,-0.015178185887634754
;19.53400993347168;-3.8457441305059045e-19,0.005097019951790571,-1.230959415435791,0.37409597635269165;0.4419217109680176,0.38903525471687317,0.17574800550937653,-0.0837111547589302;0.003988639917224646,-0.05071926489472389,0.07460363954305649,-0.015183488838374615
;19.515727996826172;-3.884907255101169e-19,0.005105727352201939,-1.230733871459961,0.3750417232513428;0.4408831298351288,0.3890278935432434,0.17586298286914825,-0.0836215540766716;0.003995251376181841,-0.050737541168928146,0.07457565516233444,-0.015188802033662796
;19.497404098510742;-3.924549885957773e-19,0.005114458035677671,-1.2305073738098145,0.37598729133605957;0.4398438334465027,0.3890204131603241,0.17597809433937073,-0.0835334062576294;0.004001891240477562,-0.050755806267261505,0.07454778254032135,-0.015194127336144447
;19.479042053222656;-3.9646911516273813e-19,0.005123211536556482,-1.2302796840667725,0.3769332468509674;0.43880391120910645,0.38901302218437195,0.17609338462352753,-0.08344677090644836;0.0040085590444505215,-0.05077406391501427,0.07452002912759781,-0.015199461951851845
;19.46063804626465;-4.0053279501826973e-19,0.005131988320499659,-1.2300512790679932,0.37787991762161255;0.43776339292526245,0.389005571603775,0.17620882391929626,-0.08336031436920166;0.004015246406197548,-0.050792351365089417,0.07449225336313248,-0.015204811468720436
;19.442195892333984;-4.046465193008608e-19,0.005140787456184626,-1.2298219203948975,0.3788265883922577;0.43672215938568115,0.38899803161621094,0.17632442712783813,-0.0832739844918251;0.0040219621732831,-0.05081067234277725,0.07446443289518356,-0.015210170298814774
;19.4237117767334;-4.088121750162837e-19,0.005149610340595245,-1.2295914888381958,0.37977293133735657;0.4356802701950073,0.3889906406402588,0.17644017934799194,-0.08318781852722168;0.004028706811368465,-0.05082901939749718,0.07443658262491226,-0.015215542167425156
;19.405189514160156;-4.1302927102604975e-19,0.005158456042408943,-1.2293592691421509,0.38071906566619873;0.43463781476020813,0.3889830708503723,0.17655614018440247,-0.08310181647539139;0.004035471007227898,-0.05084739997982979,0.07440870255231857,-0.015220925211906433
;19.386625289916992;-4.1729964263714304e-19,0.005167324561625719,-1.2291266918182373,0.38166552782058716;0.433594673871994,0.388975590467453,0.17667222023010254,-0.08301734179258347;0.0040422664023935795,-0.0508657731115818,0.07438094168901443,-0.01522632036358118
;19.36802101135254;-4.2162352249411085e-19,0.005176217760890722,-1.2288926839828491,0.3826127052307129;0.43255099654197693,0.38896802067756653,0.17678852379322052,-0.08293168246746063;0.00404908275231719,-0.05088421329855919,0.07435300201177597,-0.015231726691126823
;19.349376678466797;-4.260019445727189e-19,0.005185132380574942,-1.2286581993103027,0.38355982303619385;0.4315066337585449,0.38896045088768005,0.17690493166446686,-0.0828462764620781;0.004055932629853487,-0.05090268328785896,0.07432503253221512,-0.015237144194543362
;19.330690383911133;-4.3043457283084327e-19,0.005194071214646101,-1.2284218072891235,0.3845073878765106;0.4304616451263428,0.3889528512954712,0.1770215481519699,-0.08276228606700897;0.004062802996486425,-0.05092115327715874,0.07429716736078262,-0.015242574736475945
;19.31196403503418;-4.349241731536573e-19,0.005203031934797764,-1.2281852960586548,0.3854546844959259;0.42941612005233765,0.3889453113079071,0.1771383434534073,-0.08267845213413239;0.004069702234119177,-0.0509396493434906,0.07426927983760834,-0.015248016454279423
;19.293197631835938;-4.394703061014604e-19,0.005212016869336367,-1.227947473526001,0.3864023983478546;0.42836993932724,0.38893774151802063,0.177255317568779,-0.08259478211402893;0.004076628480106592,-0.05095817521214485,0.07424136251211166,-0.01525347214192152
;19.274389266967773;-4.440737213066829e-19,0.005221023224294186,-1.2277089357376099,0.3873503506183624;0.42732319235801697,0.38893014192581177,0.17737244069576263,-0.08251267671585083;0.004083579871803522,-0.050976693630218506,0.07421355694532394,-0.01525893621146679
;19.255542755126953;-4.487355044438786e-19,0.005230054724961519,-1.2274692058563232,0.38829874992370605;0.42627596855163574,0.38892239332199097,0.1774897575378418,-0.0824306309223175;0.004090557806193829,-0.05099524185061455,0.07418572157621384,-0.015264413319528103
;19.23665428161621;-4.534556555130476e-19,0.005239107646048069,-1.2272287607192993,0.38924750685691833;0.42522817850112915,0.38891473412513733,0.1776072382926941,-0.08234880119562149;0.004097562748938799,-0.051013823598623276,0.07415785640478134,-0.015269901603460312
;19.217723846435547;-4.58235466983897e-19,0.0052481843158602715,-1.2269864082336426,0.39019596576690674;0.4241798222064972,0.3889070451259613,0.1777249127626419,-0.08226848393678665;0.00410459702834487,-0.05103239789605141,0.0741301104426384,-0.015275401994585991
;19.198753356933594;-4.630763347237104e-19,0.005257283803075552,-1.2267436981201172,0.3911447823047638;0.42313089966773987,0.38889938592910767,0.17784276604652405,-0.08218831568956375;0.0041116573847830296,-0.051051001995801926,0.07410232722759247,-0.015280915424227715
;19.17974281311035;-4.679798613949248e-19,0.005266407039016485,-1.2265000343322754,0.3920934498310089;0.42208150029182434,0.38889163732528687,0.17796079814434052,-0.08210963010787964;0.004118745215237141,-0.05106959491968155,0.07407466322183609,-0.015286440961062908
;19.160690307617188;-4.729453749132923e-19,0.005275553558021784,-1.2262552976608276,0.3930428624153137;0.4210316240787506,0.38888388872146606,0.1780790388584137,-0.08202977478504181;0.004125856328755617,-0.05108825862407684,0.07404682040214539,-0.015291975811123848
;19.141597747802734;-4.779733922666959e-19,0.0052847228944301605,-1.226009726524353,0.39399194717407227;0.4199812710285187,0.3888761103153229,0.17819744348526,-0.08195143938064575;0.0041330005042254925,-0.05110691487789154,0.07401909679174423,-0.015297522768378258
;19.122465133666992;-4.83067273876374e-19,0.005293914582580328,-1.2257628440856934,0.39494064450263977;0.4189303517341614,0.38886839151382446,0.17831602692604065,-0.08187327533960342;0.004140168894082308,-0.051125604659318924,0.07399134337902069,-0.015303084626793861
;19.103290557861328;-4.882253136823133e-19,0.0053031304851174355,-1.2255148887634277,0.395889550447464;0.41787901520729065,0.3888605833053589,0.17843478918075562,-0.08179525285959244;0.004147367086261511,-0.051144324243068695,0.07396355271339417,-0.015308655798435211
;19.084074020385742;-4.934497347324099e-19,0.005312369205057621,-1.2252662181854248,0.39683833718299866;0.41682714223861694,0.3888528048992157,0.1785537600517273,-0.08171740174293518;0.004154592286795378,-0.051163069903850555,0.07393573224544525,-0.015314240008592606
;19.064817428588867;-4.987418811951593e-19,0.005321631208062172,-1.2250170707702637,0.3977879285812378;0.415774941444397,0.38884493708610535,0.1786729395389557,-0.08163978159427643;0.004161842167377472,-0.0511818565428257,0.07390788942575455,-0.015319835394620895
;19.04551887512207;-5.041014428778318e-19,0.005330916028469801,-1.224766492843628,0.398737370967865;0.41472211480140686,0.38883715867996216,0.1787922978401184,-0.08156224340200424;0.004169125575572252,-0.05120067298412323,0.07388000190258026,-0.015325442887842655
;19.026180267333984;-5.095307462259002e-19,0.005340224597603083,-1.2245142459869385,0.3996865749359131;0.4136689305305481,0.38882920145988464,0.17891183495521545,-0.08148498833179474;0.004176433198153973,-0.05121951550245285,0.07385209202766418,-0.015331062488257885
;19.006799697875977;-5.150297912393644e-19,0.005349555518478155,-1.2242621183395386,0.4006364643573761;0.4126153290271759,0.3888213634490967,0.1790315806865692,-0.08141043782234192;0.004183771088719368,-0.05123830959200859,0.0738244503736496,-0.01533669512718916
;18.987377166748047;-5.206006458697559e-19,0.005358909722417593,-1.2240082025527954,0.40158611536026;0.4115613102912903,0.38881340622901917,0.1791515201330185,-0.08133477717638016;0.004191136918962002,-0.05125717446208,0.07379662990570068,-0.015342338010668755
;18.967912673950195;-5.262439305025341e-19,0.0053682876750826836,-1.2237540483474731,0.402536541223526;0.41050681471824646,0.3888055086135864,0.1792716532945633,-0.08126059919595718;0.004198530223220587,-0.051276031881570816,0.07376892864704132,-0.01534799300134182
;18.948408126831055;-5.319600587280052e-19,0.005377688445150852,-1.2234984636306763,0.40348607301712036;0.40945199131965637,0.3887975215911865,0.1793919801712036,-0.08118660748004913;0.004205954726785421,-0.05129491910338402,0.07374119758605957,-0.01535366103053093
;18.928861618041992;-5.377492373413225e-19,0.005387112498283386,-1.2232422828674316,0.4044351577758789;0.40839675068855286,0.3887896239757538,0.17951251566410065,-0.0811128094792366;0.004213403910398483,-0.051313843578100204,0.07371342927217484,-0.01535934116691351
;18.909273147583008;-5.436146716673594e-19,0.005396559834480286,-1.222985029220581,0.40538492798805237;0.4073410928249359,0.3887816369533539,0.1796332448720932,-0.08103916049003601;0.004220888018608093,-0.05133279040455818,0.07368563115596771,-0.01536503154784441
;18.8896427154541;-5.495574990794583e-19,0.005406029988080263,-1.2227274179458618,0.4063345491886139;0.4062850773334503,0.38877370953559875,0.17975419759750366,-0.08096566051244736;0.0042283968068659306,-0.05135177820920944,0.0736578106880188,-0.01537073589861393
;18.869970321655273;-5.555777195776193e-19,0.005415523424744606,-1.2224681377410889,0.40728479623794556;0.4052286446094513,0.3887656033039093,0.17987534403800964,-0.08089238405227661;0.0042359367944300175,-0.05137079581618309,0.0736299455165863,-0.015376451425254345
;18.850255966186523;-5.61676573932761e-19,0.005425040144473314,-1.2222083806991577,0.40823450684547424;0.4041719138622284,0.3887576460838318,0.17999668419361115,-0.08081930875778198;0.004243504721671343,-0.051389846950769424,0.07360206544399261,-0.015382179990410805
;18.83049964904785;-5.678556131085322e-19,0.005434579215943813,-1.2219473123550415,0.4091842770576477;0.4031147360801697,0.38874953985214233,0.18011824786663055,-0.0807463601231575;0.0042511047795414925,-0.05140892416238785,0.07357414066791534,-0.01538792159408331
;18.810701370239258;-5.741168533576757e-19,0.005444142501801252,-1.2216851711273193,0.41013431549072266;0.4020572900772095,0.38874149322509766,0.1802399903535843,-0.0806749165058136;0.004258729983121157,-0.05142799764871597,0.07354634255170822,-0.01539367251098156
;18.790861129760742;-5.804588988129081e-19,0.005453728139400482,-1.2214220762252808,0.4110845923423767;0.4009994566440582,0.3887333869934082,0.18036195635795593,-0.08060362935066223;0.004266389645636082,-0.051447100937366486,0.07351851463317871,-0.015399438329041004
;18.770978927612305;-5.868853166906208e-19,0.005463337991386652,-1.221158504486084,0.4120350480079651;0.3999413549900055,0.38872531056404114,0.18048414587974548,-0.08053252846002579;0.0042740763165056705,-0.051466234028339386,0.07349065691232681,-0.01540521439164877
;18.751054763793945;-5.933964171835437e-19,0.005472968798130751,-1.2208943367004395,0.4129856824874878;0.3988829255104065,0.3887171447277069,0.18060649931430817,-0.08046296238899231;0.004281794186681509,-0.05148535594344139,0.07346291840076447,-0.01541100349277258
;18.731088638305664;-5.999940614480549e-19,0.005482624750584364,-1.220628261566162,0.41393622756004333;0.3978242576122284,0.3887089788913727,0.18072912096977234,-0.08039353042840958;0.004289540462195873,-0.05150451883673668,0.07343515008687973,-0.015416805632412434
;18.71108055114746;-6.066780426890014e-19,0.005492303986102343,-1.220361351966858,0.41488638520240784;0.39676523208618164,0.38870081305503845,0.18085192143917084,-0.08032426983118057;0.004297319799661636,-0.051523707807064056,0.07340735197067261,-0.015422618016600609
;18.691028594970703;-6.134516696288333e-19,0.005502006039023399,-1.220094084739685,0.41583722829818726;0.3957059383392334,0.3886927366256714,0.18097496032714844,-0.08025520294904709;0.004305127542465925,-0.05154293030500412,0.0733795166015625,-0.015428444370627403
;18.670934677124023;-6.203154075566452e-19,0.005511730443686247,-1.2198257446289062,0.4167877733707428;0.3946463167667389,0.3886844515800476,0.18109820783138275,-0.08018630743026733;0.004312965087592602,-0.05156218633055687,0.0733516663312912,-0.015434282831847668
;18.65079689025879;-6.272701353518379e-19,0.00552147813141346,-1.2195566892623901,0.4177389144897461;0.39358651638031006,0.388676255941391,0.18122166395187378,-0.08011757582426071;0.004320838022977114,-0.05158146470785141,0.07332377135753632,-0.015440134331583977
;18.630617141723633;-6.343186964477671e-19,0.005531250033527613,-1.2192867994308472,0.41868871450424194;0.3925263583660126,0.3886680006980896,0.18134534358978271,-0.08005040138959885;0.004328737035393715,-0.05160074308514595,0.07329599559307098,-0.015445997007191181
;18.610395431518555;-6.414600051698788e-19,0.005541044753044844,-1.2190154790878296,0.41963839530944824;0.39146602153778076,0.3886597752571106,0.18146924674510956,-0.07998201251029968;0.004336669575423002,-0.05162009224295616,0.07326804846525192,-0.015451871789991856
;18.590129852294922;-6.486985593127538e-19,0.00555086275562644,-1.2187434434890747,0.42058876156806946;0.3904053866863251,0.38865146040916443,0.1815933883190155,-0.07991649210453033;0.00434463145211339,-0.05163939669728279,0.07324036955833435,-0.015457759611308575
;18.569822311401367;-6.560336867921443e-19,0.0055607035756111145,-1.2184710502624512,0.4215388000011444;0.38934454321861267,0.38864314556121826,0.18171773850917816,-0.07985113561153412;0.004352625925093889,-0.05165872722864151,0.07321266084909439,-0.015463660471141338
;18.549470901489258;-6.63466576680181e-19,0.005570567212998867,-1.2181965112686157,0.4224894940853119;0.3882835805416107,0.3886348009109497,0.18184232711791992,-0.07978598028421402;0.004360653460025787,-0.051678095012903214,0.07318492233753204,-0.015469572506844997
;18.529077529907227;-6.710014165787148e-19,0.005580454599112272,-1.217922568321228,0.42343947291374207;0.3872223198413849,0.38862648606300354,0.1819671243429184,-0.07972097396850586;0.0043687112629413605,-0.051697492599487305,0.0731571614742279,-0.015475496649742126
;18.50864028930664;-6.786363970301558e-19,0.005590364802628756,-1.217646837234497,0.4243895709514618;0.38616085052490234,0.388618141412735,0.18209217488765717,-0.07965617626905441;0.004376800265163183,-0.05171692371368408,0.07312936335802078,-0.01548143569380045
;18.488161087036133;-6.863745682630128e-19,0.005600297823548317,-1.2173709869384766,0.4253397583961487;0.3850992023944855,0.3886098265647888,0.18221744894981384,-0.0795941948890686;0.004384923726320267,-0.05173629894852638,0.07310184091329575,-0.015487384982407093
;18.46763801574707;-6.942165506627452e-19,0.005610254127532244,-1.2170933485031128,0.4262901246547699;0.38403749465942383,0.3886013627052307,0.18234294652938843,-0.07953105866909027;0.004393076524138451,-0.05175575613975525,0.07307413965463638,-0.015493348240852356
;18.447071075439453;-7.021664801324158e-19,0.005620233714580536,-1.216815710067749,0.42724061012268066;0.38297542929649353,0.38859298825263977,0.18246866762638092,-0.07946683466434479;0.004401262383908033,-0.051775284111499786,0.0730462521314621,-0.015499322675168514
;18.42646026611328;-7.102239430817183e-19,0.005630237050354481,-1.216536283493042,0.428191214799881;0.38191333413124084,0.38858452439308167,0.1825946569442749,-0.07940405607223511;0.004409478046000004,-0.05179480463266373,0.07301848381757736,-0.015505311079323292
;18.405807495117188;-7.183895598961121e-19,0.005640263669192791,-1.216256856918335,0.4291408360004425;0.38085103034973145,0.38857603073120117,0.1827208250761032,-0.07934147864580154;0.004417728167027235,-0.051814351230859756,0.07299069315195084,-0.01551131159067154
;18.38511085510254;-7.266678800689662e-19,0.005650313105434179,-1.2159759998321533,0.4300902783870697;0.3797885477542877,0.3885675370693207,0.1828472763299942,-0.07928042858839035;0.004426011815667152,-0.051833897829055786,0.07296301424503326,-0.015517324209213257
;18.364370346069336;-7.35058231516033e-19,0.005660385359078646,-1.2156943082809448,0.4310399293899536;0.378726065158844,0.3885590732097626,0.1829739362001419,-0.07921956479549408;0.004434327129274607,-0.051853470504283905,0.0729353129863739,-0.015523349866271019
;18.343585968017578;-7.435640780561275e-19,0.005670481361448765,-1.2154122591018677,0.4319896697998047;0.37766334414482117,0.3885505795478821,0.1831008493900299,-0.07915883511304855;0.0044426764361560345,-0.05187308043241501,0.07290758937597275,-0.015529387630522251
;18.322757720947266;-7.521865053638037e-19,0.005680600181221962,-1.2151285409927368,0.4329395294189453;0.37660059332847595,0.3885420560836792,0.18322798609733582,-0.07909829169511795;0.004451056942343712,-0.0518927201628685,0.07287982851266861,-0.015535438433289528
;18.3018856048584;-7.609273228966515e-19,0.005690742749720812,-1.2148447036743164,0.43388912081718445;0.3755377233028412,0.38853341341018677,0.18335537612438202,-0.07903798669576645;0.00445947190746665,-0.05191239342093468,0.07285203784704208,-0.01554150227457285
;18.280969619750977;-7.697863755583061e-19,0.00570090813562274,-1.214559555053711,0.43483826518058777;0.37447473406791687,0.3885248899459839,0.18348298966884613,-0.07897918671369553;0.004467924125492573,-0.05193205922842026,0.07282436639070511,-0.01554757822304964
;18.260009765625;-7.787690400227492e-19,0.005711096338927746,-1.2142736911773682,0.43578797578811646;0.3734115958213806,0.38851624727249146,0.18361085653305054,-0.07892187684774399;0.004476405680179596,-0.05195171386003494,0.07279682904481888,-0.015553667210042477
;18.23900604248047;-7.878745408081563e-19,0.005721307825297117,-1.2139873504638672,0.4367372691631317;0.37234851717948914,0.3885076940059662,0.18373897671699524,-0.07886476069688797;0.004484921228140593,-0.051971402019262314,0.07276926189661026,-0.015559770166873932
;18.217958450317383;-7.971069621188021e-19,0.005731543060392141,-1.2136998176574707,0.43768665194511414;0.3712853193283081,0.38849902153015137,0.18386735022068024,-0.07880783081054688;0.004493469372391701,-0.05199112743139267,0.07274166494607925,-0.015565884299576283
;18.196866989135742;-8.064656835692271e-19,0.0057418011128902435,-1.2134110927581787,0.4386362135410309;0.3702221214771271,0.38849034905433655,0.18399593234062195,-0.07874976843595505;0.0045020547695457935,-0.052010923624038696,0.07271387428045273,-0.015572012402117252
;18.175729751586914;-8.15954841062494e-19,0.005752081982791424,-1.213121771812439,0.4395853579044342;0.36915892362594604,0.38848167657852173,0.18412481248378754,-0.07869318127632141;0.0045106736943125725,-0.05203070864081383,0.07268621772527695,-0.015578151680529118
;18.15454864501953;-8.255756753695217e-19,0.0057623861357569695,-1.2128316164016724,0.44053414463996887;0.3680954873561859,0.3884730041027069,0.18425390124320984,-0.07863688468933105;0.004519326612353325,-0.05205053463578224,0.07265852391719818,-0.015584305860102177
;18.133323669433594;-8.353302544418415e-19,0.005772713106125593,-1.212540864944458,0.44148340821266174;0.3670322000980377,0.3884642720222473,0.18438327312469482,-0.07858066260814667;0.0045280153863132,-0.05207037925720215,0.07263081520795822,-0.015590471215546131
;18.11205291748047;-8.45219922447949e-19,0.005783064290881157,-1.2122492790222168,0.4424322545528412;0.36596882343292236,0.38845551013946533,0.1845128983259201,-0.07852467149496078;0.004536737222224474,-0.05209026485681534,0.07260306924581528,-0.01559664960950613
;18.090736389160156;-8.552491254836364e-19,0.005793436896055937,-1.2119568586349487,0.4433816075325012;0.3649055063724518,0.38844674825668335,0.1846427619457245,-0.07846888899803162;0.004545494448393583,-0.05211018770933151,0.07257528603076935,-0.015602842904627323
;18.06937599182129;-8.654181220428454e-19,0.005803833715617657,-1.2116637229919434,0.4443299472332001;0.3638419508934021,0.388437956571579,0.18477289378643036,-0.07841328531503677;0.004554289858788252,-0.05213014408946037,0.07254748046398163,-0.015609047375619411
;18.047971725463867;-8.757292902698368e-19,0.005814253818243742,-1.2113691568374634,0.44527748227119446;0.3627786934375763,0.3884292244911194,0.18490324914455414,-0.07835918664932251;0.0045631155371665955,-0.05215008929371834,0.07251980155706406,-0.015615264885127544
;18.026521682739258;-8.861848532125071e-19,0.005824695806950331,-1.211073875427246,0.4462251663208008;0.3617153763771057,0.3884204030036926,0.1850338876247406,-0.0783066526055336;0.0045719812624156475,-0.05217002332210541,0.07249224931001663,-0.015621497295796871
;18.00502586364746;-8.967894120630135e-19,0.005835162941366434,-1.2107778787612915,0.4471728801727295;0.36065205931663513,0.3884115219116211,0.18516480922698975,-0.07825428992509842;0.0045808763243258,-0.05218999832868576,0.07246465981006622,-0.015627741813659668
;17.983484268188477;-9.07541519255284e-19,0.005845651961863041,-1.21048104763031,0.4481206238269806;0.35958874225616455,0.38840270042419434,0.185295969247818,-0.07820210605859756;0.004589813761413097,-0.0522100031375885,0.07243704795837402,-0.015633998438715935
;17.961896896362305;-9.184471718487597e-19,0.005856163799762726,-1.2101835012435913,0.4490683376789093;0.35852548480033875,0.38839372992515564,0.18542738258838654,-0.07814879715442657;0.004598785657435656,-0.05223007872700691,0.0724092572927475,-0.015640269964933395
;17.94026756286621;-9.295051290725217e-19,0.005866699386388063,-1.209885835647583,0.4500158131122589;0.3574623763561249,0.3883848786354065,0.18555906414985657,-0.07809699326753616;0.004607795737683773,-0.052250154316425323,0.07238158583641052,-0.01564655266702175
;17.91859245300293;-9.407196302272094e-19,0.005877257790416479,-1.2095863819122314,0.45096272230148315;0.3563993275165558,0.3883758783340454,0.1856910139322281,-0.07804540544748306;0.004616837482899427,-0.052270255982875824,0.07235388457775116,-0.0156528502702713
;17.89687156677246;-9.52092536469201e-19,0.0058878399431705475,-1.2092864513397217,0.4519101083278656;0.35533639788627625,0.3883669376373291,0.1858232468366623,-0.0779939666390419;0.004625916015356779,-0.05229039117693901,0.07232615351676941,-0.015659159049391747
;17.875104904174805;-9.636274667136764e-19,0.005898444447666407,-1.208984613418579,0.4528570771217346;0.35427358746528625,0.3883579969406128,0.18595576286315918,-0.07794278860092163;0.0046350350603461266,-0.05231056362390518,0.07229838520288467,-0.015665480867028236
;17.853290557861328;-9.75326488912167e-19,0.005909072235226631,-1.2086831331253052,0.4538044333457947;0.35321083664894104,0.3883489966392517,0.18608851730823517,-0.0778917446732521;0.004644187167286873,-0.05233076587319374,0.07227060198783875,-0.01567181758582592
;17.83142852783203;-9.871956001241138e-19,0.005919723305851221,-1.2083812952041626,0.4547513425350189;0.35214802622795105,0.3883399963378906,0.18622156977653503,-0.07784228771924973;0.004653377924114466,-0.0523509681224823,0.07224294543266296,-0.01567816734313965
;17.809520721435547;-9.992307678440307e-19,0.005930397659540176,-1.2080782651901245,0.45569807291030884;0.3510853350162506,0.38833096623420715,0.1863548755645752,-0.07779300212860107;0.004662611521780491,-0.052371200174093246,0.0722152590751648,-0.01568453200161457
;17.787567138671875;-1.0114399536853133e-18,0.005941095296293497,-1.2077741622924805,0.45664358139038086;0.3500227928161621,0.3883218765258789,0.18648844957351685,-0.07774527370929718;0.004671876318752766,-0.0523914210498333,0.07218769192695618,-0.015690907835960388
;17.765567779541016;-1.0238237780334213e-18,0.005951814353466034,-1.2074694633483887,0.4575890302658081;0.34896039962768555,0.38831284642219543,0.18662232160568237,-0.07769773155450821;0.004681183025240898,-0.05241168290376663,0.07216010242700577,-0.0156972985714674
;17.74352264404297;-1.0363863767914173e-18,0.005962558090686798,-1.2071638107299805,0.45853447914123535;0.3478981554508209,0.3883036673069,0.1867564618587494,-0.07765036821365356;0.004690523259341717,-0.052431974560022354,0.07213248312473297,-0.015703702345490456
;17.721431732177734;-1.04912899073022e-18,0.00597332464531064,-1.2068572044372559,0.459479957818985;0.346836119890213,0.3882945775985718,0.1868908703327179,-0.07760324329137802;0.004699905402958393,-0.05245229974389076,0.07210484147071838,-0.015710121020674706
;17.699295043945312;-1.0620525504280189e-18,0.005984114948660135,-1.2065502405166626,0.4604254364967346;0.3457743525505066,0.38828545808792114,0.18702556192874908,-0.07755623757839203;0.004709319677203894,-0.05247265845537186,0.07207715511322021,-0.01571655087172985
;17.67711067199707;-1.0751660514739752e-18,0.005994927603751421,-1.2062418460845947,0.46137046813964844;0.34471267461776733,0.38827624917030334,0.18716053664684296,-0.07750950008630753;0.004718778654932976,-0.05249305069446564,0.07204945385456085,-0.01572299376130104
;17.654878616333008;-1.0884688734826295e-18,0.006005763076245785,-1.2059327363967896,0.46231532096862793;0.34365108609199524,0.38826707005500793,0.18729577958583832,-0.07746294140815735;0.004728276282548904,-0.0525134801864624,0.0720217153429985,-0.015729451552033424
;17.632600784301758;-1.1019636013933962e-18,0.006016621831804514,-1.2056233882904053,0.463259756565094;0.342589795589447,0.38825786113739014,0.18743132054805756,-0.07741797715425491;0.004737811628729105,-0.05253389850258827,0.0719941109418869,-0.015735922381281853
;17.610275268554688;-1.115656025470563e-18,0.0060275038704276085,-1.205312728881836,0.4642040431499481;0.3415287137031555,0.38824865221977234,0.18756718933582306,-0.07737315446138382;0.004747383762151003,-0.05255435034632683,0.07196647673845291,-0.015742406249046326
;17.587902069091797;-1.1295459389189769e-18,0.006038408260792494,-1.2050023078918457,0.46514832973480225;0.34046775102615356,0.38823941349983215,0.18770329654216766,-0.07732991129159927;0.004756997339427471,-0.052574802190065384,0.07193896919488907,-0.015748905017971992
;17.56548309326172;-1.1436389252077725e-18,0.006049336399883032,-1.204689860343933,0.46609261631965637;0.3394070267677307,0.3882300853729248,0.18783970177173615,-0.07728689163923264;0.004766650963574648,-0.05259528383612633,0.07191144675016403,-0.015755416825413704
;17.54301643371582;-1.1579361217102922e-18,0.006060287822037935,-1.2043768167495728,0.46703675389289856;0.3383466899394989,0.3882208466529846,0.1879763901233673,-0.07724400609731674;0.004776342306286097,-0.05261579900979996,0.07188387960195541,-0.01576194167137146
;17.5205020904541;-1.1724443526665895e-18,0.006071262061595917,-1.2040636539459229,0.4679799973964691;0.33728644251823425,0.3882114887237549,0.18811340630054474,-0.07720141112804413;0.004786074161529541,-0.05263635516166687,0.071856290102005,-0.01576848328113556
;17.497940063476562;-1.1871634112815112e-18,0.006082259118556976,-1.2037495374679565,0.46892309188842773;0.33622652292251587,0.38820213079452515,0.18825067579746246,-0.07715893536806107;0.004795848857611418,-0.052656933665275574,0.07182867079973221,-0.015775036066770554
;17.475330352783203;-1.202100328590264e-18,0.006093278527259827,-1.203433632850647,0.469866544008255;0.3351667523384094,0.3881927728652954,0.18838822841644287,-0.0771166980266571;0.004805662203580141,-0.05267755687236786,0.07180102169513702,-0.015781601890921593
;17.452672958374023;-1.2172576895322623e-18,0.00610432168468833,-1.2031185626983643,0.4708095192909241;0.3341073989868164,0.3881833553314209,0.18852612376213074,-0.07707465440034866;0.004815514199435711,-0.05269821360707283,0.07177334278821945,-0.015788182616233826
;17.429967880249023;-1.2326362178905419e-18,0.006115388125181198,-1.2028015851974487,0.4717523455619812;0.3330481946468353,0.3881739675998688,0.1886643022298813,-0.07703285664319992;0.004825410898774862,-0.05271890014410019,0.07174563407897949,-0.015794778242707253
;17.40721321105957;-1.2482426345075799e-18,0.006126477383077145,-1.202484130859375,0.47269514203071594;0.3319893181324005,0.3881644904613495,0.1888027787208557,-0.07699120789766312;0.004835345316678286,-0.05273962765932083,0.07171789556741714,-0.015801385045051575
;17.384410858154297;-1.2640786971421779e-18,0.006137589458376169,-1.202166199684143,0.4736366868019104;0.3309307396411896,0.38815510272979736,0.18894152343273163,-0.07695118337869644;0.004845323972404003,-0.05276034399867058,0.07169029116630554,-0.01580801047384739
;17.361560821533203;-1.2801500926610472e-18,0.006148724351078272,-1.2018474340438843,0.4745773375034332;0.32987239956855774,0.3881455957889557,0.1890805959701538,-0.0769113302230835;0.004855342209339142,-0.05278109759092331,0.07166265696287155,-0.0158146470785141
;17.338661193847656;-1.2964647826775837e-18,0.0061598834581673145,-1.2015284299850464,0.4755183160305023;0.32881441712379456,0.3881360590457916,0.18921996653079987,-0.07687170058488846;0.004865401890128851,-0.052801888436079025,0.07163499295711517,-0.015821296721696854
;17.31571388244629;-1.3130169769274995e-18,0.006171063520014286,-1.2012077569961548,0.4764587879180908;0.3277568221092224,0.38812655210494995,0.189359650015831,-0.07683224231004715;0.004875508137047291,-0.05282270908355713,0.071607306599617,-0.015827961266040802
;17.2927188873291;-1.3298160845902624e-18,0.00618226733058691,-1.2008862495422363,0.4773995578289032;0.32669949531555176,0.3881169259548187,0.1894996613264084,-0.07679437100887299;0.004885652102530003,-0.052843526005744934,0.07157974690198898,-0.015834640711545944
;17.26967430114746;-1.346867482339854e-18,0.0061934944242239,-1.200563669204712,0.4783398509025574;0.32564258575439453,0.38810744881629944,0.18963995575904846,-0.07675673812627792;0.004895837977528572,-0.052864380180835724,0.07155216485261917,-0.01584133319556713
;17.246580123901367;-1.3641712735738507e-18,0.00620474386960268,-1.200241208076477,0.47927987575531006;0.3245859742164612,0.38809776306152344,0.1897805631160736,-0.07671929150819778;0.00490606902167201,-0.0528852641582489,0.07152454555034637,-0.01584804058074951
;17.22343635559082;-1.381737694652333e-18,0.006216017529368401,-1.1999179124832153,0.4802190065383911;0.3235297203063965,0.388088196516037,0.18992149829864502,-0.07668212801218033;0.004916340112686157,-0.05290618911385536,0.07149690389633179,-0.015854762867093086
;17.200244903564453;-1.3995666421777245e-18,0.006227314006537199,-1.1995933055877686,0.48115837574005127;0.3224738836288452,0.3880785405635834,0.1900627315044403,-0.07664503902196884;0.004926654510200024,-0.05292715132236481,0.07146923243999481,-0.015861498191952705
;17.177003860473633;-1.4176654573779613e-18,0.006238632835447788,-1.1992679834365845,0.4820970594882965;0.3214184045791626,0.38806888461112976,0.19020424783229828,-0.07660824805498123;0.004937014076858759,-0.05294814333319664,0.07144152373075485,-0.01586824841797352
;17.15371322631836;-1.436034967433656e-18,0.0062499744817614555,-1.1989423036575317,0.483035683631897;0.3203633427619934,0.38805916905403137,0.1903461217880249,-0.07657167315483093;0.004947417415678501,-0.05296916887164116,0.0714138001203537,-0.015875013545155525
;17.130373001098633;-1.4546812728018264e-18,0.006261339411139488,-1.1986157894134521,0.4839741289615631;0.31930863857269287,0.38804948329925537,0.1904883086681366,-0.07653529196977615;0.0049578663893043995,-0.05299023911356926,0.07138603925704956,-0.015881791710853577
;17.10698127746582;-1.473612128300715e-18,0.006272727157920599,-1.1982887983322144,0.4849124252796173;0.318254292011261,0.3880397081375122,0.19063077867031097,-0.07649914920330048;0.00496835820376873,-0.053011342883110046,0.07135824859142303,-0.015888582915067673
;17.083539962768555;-1.492827740725475e-18,0.006284138187766075,-1.197960615158081,0.4858505427837372;0.31720033288002014,0.38802996277809143,0.1907735913991928,-0.07646319270133972;0.004978892393410206,-0.05303248390555382,0.07133042067289352,-0.01589539274573326
;17.060049057006836;-1.5123355547016193e-18,0.0062955706380307674,-1.197631597518921,0.4867876172065735;0.3161468803882599,0.3880201280117035,0.1909167468547821,-0.07643017917871475;0.004989474080502987,-0.05305357277393341,0.07130290567874908,-0.015902215614914894
;17.03650665283203;-1.532140119722517e-18,0.0063070273026824,-1.1973017454147339,0.4877244532108307;0.31509384512901306,0.3880103826522827,0.19106020033359528,-0.07639601081609726;0.005000097211450338,-0.05307473987340927,0.07127518951892853,-0.01590905152261257
;17.012914657592773;-1.5522476396427623e-18,0.0063185058534145355,-1.1969720125198364,0.48866114020347595;0.31404122710227966,0.3880005180835724,0.1912039816379547,-0.07636349648237228;0.005010767374187708,-0.053095899522304535,0.07124761492013931,-0.015915902331471443
;16.989273071289062;-1.572663904726643e-18,0.006330007687211037,-1.1966407299041748,0.4895975589752197;0.31298914551734924,0.3879906237125397,0.1913480907678604,-0.07633117586374283;0.0050214799121022224,-0.05311710387468338,0.07122001051902771,-0.015922769904136658
;16.965579986572266;-1.593391810106303e-18,0.006341532804071903,-1.1963093280792236,0.49053338170051575;0.3119373619556427,0.38798069953918457,0.19149252772331238,-0.0762990415096283;0.005032246932387352,-0.053138334304094315,0.07119238376617432,-0.015929650515317917
;16.941835403442383;-1.6144384902145257e-18,0.006353080738335848,-1.19597589969635,0.49146944284439087;0.3108861744403839,0.38797083497047424,0.191637322306633,-0.07626716047525406;0.0050430502742528915,-0.053159601986408234,0.07116471976041794,-0.01593654602766037
;16.918041229248047;-1.635806116400419e-18,0.006364651024341583,-1.1956429481506348,0.49240490794181824;0.30983540415763855,0.38796094059944153,0.1917824149131775,-0.07623547315597534;0.00505390390753746,-0.053180914372205734,0.07113701850175858,-0.015943456441164017
;16.894195556640625;-1.6575031672652615e-18,0.006376245059072971,-1.1953085660934448,0.4933401048183441;0.30878520011901855,0.38795092701911926,0.19192788004875183,-0.0762040764093399;0.005064806435257196,-0.05320225656032562,0.07110930234193802,-0.015950379893183708
;16.870298385620117;-1.6795343990975754e-18,0.00638786144554615,-1.1949741840362549,0.49427393078804016;0.30773547291755676,0.3879409730434418,0.19207362830638885,-0.07617419958114624;0.0050757513381540775,-0.05322359502315521,0.07108171284198761,-0.015957320109009743
;16.846351623535156;-1.7019077735107565e-18,0.006399500649422407,-1.1946381330490112,0.4952072501182556;0.30668625235557556,0.3879309892654419,0.19221974909305573,-0.07614459842443466;0.005086742341518402,-0.05324497073888779,0.07105410844087601,-0.01596427522599697
;16.822351455688477;-1.7246261856369489e-18,0.006411162670701742,-1.194301962852478,0.49614042043685913;0.30563756823539734,0.38792088627815247,0.19236619770526886,-0.07611656934022903;0.00509778643026948,-0.053266335278749466,0.07102663069963455,-0.015971245244145393
;16.798301696777344;-1.7476984242701607e-18,0.006422847509384155,-1.1939650774002075,0.49707329273223877;0.3045893907546997,0.3879108428955078,0.19251298904418945,-0.07608874887228012;0.005108871962875128,-0.05328774079680443,0.07099912315607071,-0.01597822830080986
;16.774198532104492;-1.7711283151207253e-18,0.006434557028114796,-1.1936273574829102,0.49800553917884827;0.3035418391227722,0.38790076971054077,0.1926601231098175,-0.0760611966252327;0.005120003130286932,-0.053309183567762375,0.07097159326076508,-0.01598522812128067
;16.750045776367188;-1.7949223722359662e-18,0.006446287501603365,-1.1932883262634277,0.4989379644393921;0.3024947941303253,0.38789060711860657,0.1928076297044754,-0.0760338306427002;0.005131190177053213,-0.05333065986633301,0.07094404101371765,-0.015992240980267525
;16.725839614868164;-1.8190892810123155e-18,0.0064580412581563,-1.1929490566253662,0.4998696446418762;0.3014483153820038,0.38788050413131714,0.19295544922351837,-0.07600674033164978;0.005142422392964363,-0.053352177143096924,0.07091644406318665,-0.01599927246570587
;16.701580047607422;-1.8436327637625295e-18,0.006469817366451025,-1.1926100254058838,0.500801682472229;0.30040237307548523,0.38787031173706055,0.1931036114692688,-0.07598121464252472;0.005153699312359095,-0.05337369069457054,0.07088900357484818,-0.016006316989660263
;16.677270889282227;-1.868559644726662e-18,0.006481616757810116,-1.192268967628479,0.5017320513725281;0.2993570566177368,0.38786017894744873,0.19325213134288788,-0.07595456391572952;0.0051650297828018665,-0.05339527875185013,0.07086135447025299,-0.01601337641477585
;16.652908325195312;-1.8938757141690004e-18,0.00649343803524971,-1.1919269561767578,0.5026625990867615;0.29831230640411377,0.38784992694854736,0.1934010088443756,-0.0759308934211731;0.0051764086820185184,-0.053416818380355835,0.07083401829004288,-0.016020450741052628
;16.62849235534668;-1.9195921390278146e-18,0.00650528259575367,-1.1915849447250366,0.5035923719406128;0.2972681522369385,0.3878397047519684,0.1935502141714096,-0.07590743154287338;0.005187834147363901,-0.053438398987054825,0.07080665230751038,-0.0160275399684906
;16.604026794433594;-1.9457159503383112e-18,0.0065171499736607075,-1.1912423372268677,0.5045223236083984;0.2962246835231781,0.3878294825553894,0.19369977712631226,-0.07588424533605576;0.0051993089728057384,-0.0534600131213665,0.07077925652265549,-0.016034645959734917
;16.57950782775879;-1.9722494228471747e-18,0.006529039703309536,-1.1908979415893555,0.5054516196250916;0.29518184065818787,0.38781917095184326,0.19384972751140594,-0.07585989683866501;0.005210837349295616,-0.05348170921206474,0.07075166702270508,-0.016041764989495277
;16.554935455322266;-1.999199794384765e-18,0.006540951784700155,-1.1905531883239746,0.5063806176185608;0.29413968324661255,0.38780879974365234,0.1940000355243683,-0.0758371353149414;0.005222412757575512,-0.05350339412689209,0.07072421163320541,-0.016048898920416832
;16.530309677124023;-2.026580713431189e-18,0.006552887614816427,-1.1902077198028564,0.5073091983795166;0.2930980622768402,0.3877984881401062,0.1941506713628769,-0.07581460475921631;0.005234038457274437,-0.05352512374520302,0.07069673389196396,-0.01605604961514473
;16.505630493164062;-2.0543948683234376e-18,0.00656484579667449,-1.1898629665374756,0.5082371234893799;0.29205721616744995,0.3877881169319153,0.19430167973041534,-0.0757923498749733;0.0052457149140536785,-0.05354688689112663,0.07066923379898071,-0.01606321707367897
;16.480897903442383;-2.082649703687024e-18,0.006576825864613056,-1.1895159482955933,0.5091640949249268;0.2910168766975403,0.3877776861190796,0.19445303082466125,-0.0757702961564064;0.005257448647171259,-0.05356869474053383,0.07064168900251389,-0.016070399433374405
;16.456111907958984;-2.111354525303839e-18,0.006588829215615988,-1.1891690492630005,0.5100900530815125;0.2899772822856903,0.38776731491088867,0.1946047693490982,-0.0757485181093216;0.005269227549433708,-0.05359053611755371,0.07061412930488586,-0.016077596694231033
;16.431272506713867;-2.1405200865218463e-18,0.006600855849683285,-1.1888197660446167,0.5110155344009399;0.28893840312957764,0.3877568542957306,0.1947568655014038,-0.07572700083255768;0.005281057208776474,-0.05361241474747658,0.07058653235435486,-0.016084808856248856
;16.406375885009766;-2.1701505232441083e-18,0.0066129048354923725,-1.1884719133377075,0.5119407773017883;0.28790009021759033,0.3877463936805725,0.19490931928157806,-0.07570569217205048;0.005292944610118866,-0.05363433435559273,0.07055891305208206,-0.01609203778207302
;16.381425857543945;-2.200257829589507e-18,0.006624976638704538,-1.1881217956542969,0.5128657221794128;0.28686246275901794,0.38773587346076965,0.19506219029426575,-0.0756860300898552;0.005304877180606127,-0.05365625396370888,0.0705314353108406,-0.01609928347170353
;16.356422424316406;-2.2308502773641683e-18,0.006637071259319782,-1.1877713203430176,0.5137898921966553;0.28582555055618286,0.3877253532409668,0.1952153742313385,-0.07566661387681961;0.005316868424415588,-0.053678203374147415,0.07050392776727676,-0.01610654406249523
;16.33136558532715;-2.2619320024711546e-18,0.006649187300354242,-1.1874202489852905,0.5147141218185425;0.28478941321372986,0.3877147436141968,0.1953689604997635,-0.07564879208803177;0.005328911356627941,-0.053700149059295654,0.07047656178474426,-0.016113819554448128
;16.30625343322754;-2.293513344668123e-18,0.00666132802143693,-1.187067985534668,0.5156375765800476;0.28375405073165894,0.3877042531967163,0.19552291929721832,-0.07563124597072601;0.005341004580259323,-0.053722135722637177,0.07044916599988937,-0.016121111810207367
;16.281085968017578;-2.3256100203867118e-18,0.0066734906286001205,-1.1867167949676514,0.5165607333183289;0.28271928429603577,0.38769352436065674,0.1956772357225418,-0.07561397552490234;0.005353152751922607,-0.05374416336417198,0.0704217478632927,-0.01612841710448265
;16.2558650970459;-2.3582257519396777e-18,0.0066856760531663895,-1.1863632202148438,0.5174835920333862;0.28168541193008423,0.3876829147338867,0.19583196938037872,-0.07559549808502197;0.005365354008972645,-0.053766269236803055,0.0703941211104393,-0.016135742887854576
;16.230587005615234;-2.3913650888203896e-18,0.0066978828981518745,-1.1860082149505615,0.5184047222137451;0.2806521952152252,0.3876722753047943,0.1959870457649231,-0.07557865232229233;0.005377615336328745,-0.05378836765885353,0.07036664336919785,-0.016143081709742546
;16.20525550842285;-2.425044988231405e-18,0.0067101139575243,-1.1856539249420166,0.5193259119987488;0.2796197235584259,0.3876616060733795,0.1961425393819809,-0.07556211203336716;0.005389923695474863,-0.05381050705909729,0.070339135825634,-0.01615043729543686
;16.179866790771484;-2.4592755831352275e-18,0.006722366902977228,-1.1852984428405762,0.520246684551239;0.27858808636665344,0.38765090703964233,0.19629840552806854,-0.07554580271244049;0.005402287933975458,-0.05383269488811493,0.07031159847974777,-0.016157809644937515
;16.154422760009766;-2.4940616298203794e-18,0.00673464173451066,-1.1849411725997925,0.5211670994758606;0.27755722403526306,0.3876401484012604,0.19645464420318604,-0.07552968710660934;0.0054147131741046906,-0.053854912519454956,0.07028403878211975,-0.016165195032954216
;16.128923416137695;-2.5294240145973276e-18,0.0067469398491084576,-1.1845847368240356,0.5220867395401001;0.27652707695961,0.38762933015823364,0.19661127030849457,-0.07551530003547668;0.005427189636975527,-0.053877122700214386,0.07025662064552307,-0.01617260091006756
;16.103368759155273;-2.565359428743622e-18,0.006759260781109333,-1.1842256784439087,0.5230059027671814;0.2754978537559509,0.3876185715198517,0.19676828384399414,-0.07550112903118134;0.005439719185233116,-0.053899381309747696,0.070229172706604,-0.016180019825696945
;16.077756881713867;-2.6018879313891167e-18,0.006771603599190712,-1.1838680505752563,0.5239247679710388;0.2744693458080292,0.3876076936721802,0.19692568480968475,-0.07548719644546509;0.005452307872474194,-0.053921669721603394,0.07020169496536255,-0.016187457367777824
;16.05208969116211;-2.639015519593253e-18,0.006783969234675169,-1.1835087537765503,0.5248426795005798;0.2734416723251343,0.38759684562683105,0.1970834732055664,-0.07547353953123093;0.00546495383605361,-0.05394400656223297,0.0701741874217987,-0.016194909811019897
;16.026365280151367;-2.67675398067976e-18,0.006796357221901417,-1.1831483840942383,0.5257602334022522;0.2724148631095886,0.38758593797683716,0.1972416639328003,-0.07546014338731766;0.0054776594042778015,-0.05396638065576553,0.07014666497707367,-0.016202377155423164
;16.00058364868164;-2.7151146883820597e-18,0.006808767095208168,-1.1827890872955322,0.5266773700714111;0.2713888883590698,0.38757506012916565,0.1974002569913864,-0.0754484087228775;0.005490419454872608,-0.0539887472987175,0.07011927664279938,-0.016209864988923073
;15.974745750427246;-2.7541166678542412e-18,0.006821199785917997,-1.1824262142181396,0.5275941491127014;0.2703637480735779,0.3875640630722046,0.19755923748016357,-0.07543554157018661;0.005503231659531593,-0.05401120334863663,0.07009168714284897,-0.016217365860939026
;15.948850631713867;-2.793759091915692e-18,0.006833655294030905,-1.1820648908615112,0.5285097360610962;0.2693394124507904,0.3875531554222107,0.19771860539913177,-0.07542425394058228;0.0055161090567708015,-0.05403365194797516,0.0700642466545105,-0.016224883496761322
;15.922898292541504;-2.834060365335041e-18,0.006846133153885603,-1.1817013025283813,0.5294246673583984;0.26831600069999695,0.38754215836524963,0.19787843525409698,-0.0754133015871048;0.005529043730348349,-0.05405614152550697,0.07003676891326904,-0.01623241975903511
;15.896888732910156;-2.8750359977487742e-18,0.006858633831143379,-1.1813377141952515,0.5303393006324768;0.2672935128211975,0.3875311613082886,0.19803863763809204,-0.07540260255336761;0.005542034283280373,-0.05407866835594177,0.0700092762708664,-0.016239969059824944
;15.870821952819824;-2.9166944677581698e-18,0.0068711573258042336,-1.1809746026992798,0.5312528610229492;0.2662718594074249,0.38752007484436035,0.19819924235343933,-0.07539214938879013;0.005555084906518459,-0.05410124361515045,0.06998174637556076,-0.016247538849711418
;15.844696044921875;-2.959048183072416e-18,0.006883702240884304,-1.1806068420410156,0.5321661233901978;0.2652510702610016,0.38750898838043213,0.19836026430130005,-0.07538196444511414;0.005568192806094885,-0.05412384867668152,0.06995418667793274,-0.016255123540759087
;15.818512916564941;-3.0021138940989176e-18,0.006896269507706165,-1.1802411079406738,0.5330787897109985;0.26423120498657227,0.38749781250953674,0.1985216736793518,-0.07537205517292023;0.00558136822655797,-0.05414649844169617,0.06992660462856293,-0.016262726858258247
;15.79227066040039;-3.0459027677759435e-18,0.006908859591931105,-1.1798752546310425,0.533991277217865;0.2632122039794922,0.38748669624328613,0.198683500289917,-0.07536524534225464;0.0055945925414562225,-0.054169103503227234,0.06989934295415878,-0.016270345076918602
;15.765971183776855;-3.0904290729690604e-18,0.006921472959220409,-1.179507851600647,0.5349031090736389;0.2621941864490509,0.38747549057006836,0.1988457441329956,-0.07535867393016815;0.005607886239886284,-0.054191745817661285,0.06987205892801285,-0.0162779800593853
;15.739612579345703;-3.135701081484394e-18,0.006934108212590218,-1.179139256477356,0.535814106464386;0.261177122592926,0.3874642848968506,0.19900842010974884,-0.07535234838724136;0.005621238145977259,-0.05421442911028862,0.06984473764896393,-0.01628563366830349
;15.71319580078125;-3.18174422912578e-18,0.006946766283363104,-1.1787692308425903,0.5367251038551331;0.26016098260879517,0.3874530494213104,0.1991715133190155,-0.07534492760896683;0.005634647328406572,-0.05423719808459282,0.06981721520423889,-0.016293302178382874
;15.686718940734863;-3.228562238205975e-18,0.006959445774555206,-1.178400993347168,0.5376352071762085;0.2591457664966583,0.3874417841434479,0.1993349939584732,-0.075339175760746;0.00564812496304512,-0.05425995960831642,0.0697898417711258,-0.01630098931491375
;15.66018295288086;-3.2761722727226896e-18,0.006972148083150387,-1.1780304908752441,0.538544237613678;0.2581315338611603,0.3874305188655853,0.1994989514350891,-0.07533369958400726;0.005661658942699432,-0.0542827732861042,0.06976243853569031,-0.01630869321525097
;15.633587837219238;-3.3245900491075623e-18,0.0069848718121647835,-1.177659034729004,0.539452850818634;0.25711822509765625,0.387419193983078,0.19966329634189606,-0.0753285214304924;0.005675258580595255,-0.05430562049150467,0.06973501294851303,-0.01631641574203968
;15.606932640075684;-3.373839555598357e-18,0.006997617892920971,-1.1772866249084473,0.5403609871864319;0.2561059296131134,0.3874077796936035,0.19982808828353882,-0.07532354444265366;0.005688920617103577,-0.05432850867509842,0.06970755755901337,-0.016324151307344437
;15.580218315124512;-3.4239294775915056e-18,0.0070103867910802364,-1.1769145727157593,0.541267454624176;0.25509461760520935,0.3873964250087738,0.199993297457695,-0.07531888037919998;0.005702643189579248,-0.05435143783688545,0.06968007981777191,-0.016331909224390984
;15.55344295501709;-3.474873256771962e-18,0.007023178040981293,-1.1765410900115967,0.5421731472015381;0.2540842592716217,0.3873850107192993,0.200158953666687,-0.07531452178955078;0.005716435611248016,-0.054374415427446365,0.06965255737304688,-0.016339682042598724
;15.52660846710205;-3.526691159064734e-18,0.007035992573946714,-1.17616605758667,0.5430782437324524;0.25307497382164,0.38737356662750244,0.20032502710819244,-0.07531043142080307;0.005730285309255123,-0.05439743399620056,0.06962502002716064,-0.016347473487257957
;15.499712944030762;-3.579397453335388e-18,0.007048828061670065,-1.175789713859558,0.5439825057983398;0.25206664204597473,0.3873620331287384,0.20049147307872772,-0.07530660182237625;0.005744204856455326,-0.05442049354314804,0.06959745287895203,-0.016355279833078384
;15.472757339477539;-3.633016541411994e-18,0.007061686832457781,-1.1754183769226074,0.5448861122131348;0.251059353351593,0.38735055923461914,0.20065845549106598,-0.07530587911605835;0.005758184939622879,-0.05444349721074104,0.06957021355628967,-0.016363106667995453
;15.445741653442383;-3.6875562815103714e-18,0.007074567023664713,-1.1750426292419434,0.5457891225814819;0.25005313754081726,0.3873389959335327,0.20082582533359528,-0.0753040462732315;0.005772230215370655,-0.05446659401059151,0.0695427656173706,-0.016370948404073715
;15.418664932250977;-3.7430332172427716e-18,0.00708747049793601,-1.1746653318405151,0.546691358089447;0.24904797971248627,0.3873274326324463,0.2009936422109604,-0.07530391216278076;0.005786343943327665,-0.05448968708515167,0.06951546669006348,-0.01637880876660347
;15.39152717590332;-3.799478781472471e-18,0.007100395392626524,-1.1742827892303467,0.547593355178833;0.24804390966892242,0.3873158395290375,0.20116190612316132,-0.0753040462732315;0.005800522863864899,-0.05451282113790512,0.06948813796043396,-0.016386687755584717
;15.364327430725098;-3.856899178054065e-18,0.007113343104720116,-1.1739065647125244,0.5484945178031921;0.24704080820083618,0.38730424642562866,0.20133061707019806,-0.07530447840690613;0.005814762786030769,-0.05453600734472275,0.06946079432964325,-0.016394583508372307
;15.337066650390625;-3.915319222405929e-18,0.007126313634216785,-1.1735296249389648,0.5493950247764587;0.24603886902332306,0.3872925937175751,0.201499804854393,-0.07530521601438522;0.005829076282680035,-0.054559219628572464,0.06943340599536896,-0.01640249602496624
;15.309743881225586;-3.974759594043377e-18,0.007139305584132671,-1.173148512840271,0.5502950549125671;0.2450379729270935,0.3872808814048767,0.20166942477226257,-0.07530621439218521;0.005843453109264374,-0.05458248779177666,0.06940600275993347,-0.016410429030656815
;15.28235912322998;-4.0352360093980475e-18,0.007152319420129061,-1.1727646589279175,0.5511940121650696;0.2440381944179535,0.3872690796852112,0.20183949172496796,-0.07530749589204788;0.005857899785041809,-0.05460579693317413,0.0693785697221756,-0.016418378800153732
;15.254911422729492;-4.096769975165867e-18,0.007165356073528528,-1.1723836660385132,0.5520923137664795;0.24303950369358063,0.3872574269771576,0.20200999081134796,-0.07530909776687622;0.0058724163100123405,-0.054629143327474594,0.06935109943151474,-0.016426347196102142
;15.227400779724121;-4.159381343681537e-18,0.007178413216024637,-1.1720006465911865,0.5529902577400208;0.24204187095165253,0.3872455954551697,0.20218099653720856,-0.07531095296144485;0.005886999890208244,-0.054652534425258636,0.06932360678911209,-0.016434332355856895
;15.199828147888184;-4.223098652676191e-18,0.007191493175923824,-1.1716166734695435,0.5538869500160217;0.24104534089565277,0.387233704328537,0.2023524045944214,-0.07531455159187317;0.005901653785258532,-0.05467592552304268,0.06929627060890198,-0.01644233614206314
;15.172192573547363;-4.287931414726872e-18,0.007204597350209951,-1.171238899230957,0.5547831058502197;0.2400500327348709,0.3872218728065491,0.20252427458763123,-0.07531849294900894;0.00591637147590518,-0.0546993613243103,0.06926890462636948,-0.016450360417366028
;15.14449405670166;-4.353914371419308e-18,0.007217722944915295,-1.1708556413650513,0.5556787252426147;0.2390558272600174,0.3872099816799164,0.20269663631916046,-0.07532267272472382;0.005931162741035223,-0.05472283810377121,0.06924150884151459,-0.01645839959383011
;15.116731643676758;-4.4210657207269754e-18,0.007230871357023716,-1.1704643964767456,0.5565732717514038;0.23806273937225342,0.3871981203556061,0.2028694599866867,-0.07532860338687897;0.005946028977632523,-0.054746318608522415,0.06921426206827164,-0.01646645925939083
;15.088905334472656;-4.4894003519009e-18,0.007244040258228779,-1.1700780391693115,0.5574667453765869;0.23707081377506256,0.3871861398220062,0.20304273068904877,-0.07533484697341919;0.005960959475487471,-0.054769836366176605,0.06918700039386749,-0.016474535688757896
;15.061015129089355;-4.558960864742628e-18,0.0072572315111756325,-1.1696873903274536,0.5583600401878357;0.2360801100730896,0.3871740698814392,0.20321650803089142,-0.0753413587808609;0.005975962616503239,-0.05479339882731438,0.06915969401597977,-0.016482632607221603
;15.033062934875488;-4.6297501543843034e-18,0.007270445581525564,-1.1693239212036133,0.5592522025108337;0.2350904643535614,0.38716211915016174,0.20339073240756989,-0.07534817606210709;0.005991038866341114,-0.05481700971722603,0.06913237273693085,-0.016490748152136803
;15.005048751831055;-4.701793863424916e-18,0.007283682003617287,-1.168934941291809,0.5601433515548706;0.23410221934318542,0.3871500790119171,0.20356543362140656,-0.07535531371831894;0.006006189621984959,-0.054840654134750366,0.06910502165555954,-0.016498878598213196
;14.976985931396484;-4.775117634463454e-18,0.007296941243112087,-1.1685359477996826,0.5610340237617493;0.23311571776866913,0.3871379494667053,0.203740656375885,-0.07536260038614273;0.006021399050951004,-0.05486433953046799,0.06907764077186584,-0.016507025808095932
;14.94883918762207;-4.849755381905032e-18,0.007310222834348679,-1.1681225299835205,0.5619238615036011;0.23212985694408417,0.38712579011917114,0.20391634106636047,-0.07537028193473816;0.006036689039319754,-0.054888080805540085,0.06905023753643036,-0.01651519536972046
;14.920626640319824;-4.92574722400936e-18,0.007323525380343199,-1.167741298675537,0.5628126263618469;0.23114502429962158,0.38711369037628174,0.20409247279167175,-0.07537836581468582;0.006052057258784771,-0.054911863058805466,0.06902279704809189,-0.01652338355779648
;14.892349243164062;-5.0031101179789945e-18,0.007336849812418222,-1.1673452854156494,0.5637012720108032;0.23016156256198883,0.3871014714241028,0.20426909625530243,-0.07538670301437378;0.006067500915378332,-0.05493569374084473,0.06899533420801163,-0.01653159223496914
;14.864005088806152;-5.081858125884349e-18,0.0073501961305737495,-1.166947364807129,0.5645886659622192;0.22917917370796204,0.38708925247192383,0.20444618165493011,-0.07539539039134979;0.00608301954343915,-0.05495957285165787,0.06896784901618958,-0.016539819538593292
;14.835596084594727;-5.162039637791258e-18,0.007363564800471067,-1.1665645837783813,0.5654755234718323;0.22819803655147552,0.3870770335197449,0.2046237736940384,-0.07540441304445267;0.006098608486354351,-0.05498349666595459,0.06894032657146454,-0.016548065468668938
;14.807120323181152;-5.243676573985954e-18,0.007376955356448889,-1.1661696434020996,0.5663617253303528;0.22721819579601288,0.38706475496292114,0.20480185747146606,-0.07541515678167343;0.006114278919994831,-0.055007416754961014,0.06891296803951263,-0.016556331887841225
;14.778579711914062;-5.326787132441913e-18,0.007390367332845926,-1.1657754182815552,0.5672457814216614;0.22623956203460693,0.38705235719680786,0.20498044788837433,-0.07542765140533447;0.006130025256425142,-0.05503133311867714,0.06888575851917267,-0.016564615070819855
;14.749972343444824;-5.411415153731601e-18,0.0074038030579686165,-1.16537606716156,0.5681297183036804;0.22526226937770844,0.38704004883766174,0.2051595002412796,-0.07543902099132538;0.006145847495645285,-0.055055342614650726,0.06885834038257599,-0.016572918742895126
;14.721298217773438;-5.4975957930310505e-18,0.0074172597378492355,-1.164982795715332,0.5690123438835144;0.22428621351718903,0.38702765107154846,0.20533907413482666,-0.07545214146375656;0.006161743775010109,-0.05507935211062431,0.06883107870817184,-0.01658124290406704
;14.692557334899902;-5.585338562917307e-18,0.007430738303810358,-1.1645832061767578,0.5698942542076111;0.22331148386001587,0.3870151937007904,0.2055191546678543,-0.075465627014637;0.006177719682455063,-0.055103402584791183,0.06880378723144531,-0.016589583829045296
;14.663749694824219;-5.6746873039628345e-18,0.007444238290190697,-1.1641863584518433,0.5707749724388123;0.222338005900383,0.38700270652770996,0.20569974184036255,-0.07547944784164429;0.006193778943270445,-0.05512750521302223,0.06877646595239639,-0.016597947105765343
;14.63487434387207;-5.7656755169824424e-18,0.007457762490957975,-1.1637873649597168,0.5716554522514343;0.22136585414409637,0.38699018955230713,0.20588085055351257,-0.07549349218606949;0.006209912709891796,-0.05515165627002716,0.06874912977218628,-0.016606327146291733
;14.605932235717773;-5.858338357152164e-18,0.007471305783838034,-1.1633862257003784,0.5725354552268982;0.2203950434923172,0.3869776725769043,0.2060624212026596,-0.07550795376300812;0.0062261237762868404,-0.055175844579935074,0.06872175633907318,-0.016614727675914764
;14.576921463012695;-5.9527076709255824e-18,0.007484873291105032,-1.1629871129989624,0.573414146900177;0.21942554414272308,0.3869650959968567,0.206244558095932,-0.07552268356084824;0.006242414936423302,-0.05520009249448776,0.0686943531036377,-0.016623148694634438
;14.547842979431152;-6.048826058104244e-18,0.007498462684452534,-1.1625845432281494,0.5742920637130737;0.21845737099647522,0.38695254921913147,0.20642715692520142,-0.07553926855325699;0.006258788518607616,-0.05522432178258896,0.06866710633039474,-0.016631588339805603
;14.518696784973145;-6.146713371022851e-18,0.007512074429541826,-1.1621835231781006,0.5751693844795227;0.2174905687570572,0.3869398832321167,0.206610307097435,-0.07555462419986725;0.0062752412632107735,-0.05524865910410881,0.06863965839147568,-0.01664004661142826
;14.489481925964355;-6.246421722059993e-18,0.00752570666372776,-1.161779761314392,0.5760453343391418;0.2165251523256302,0.38692718744277954,0.20679399371147156,-0.07557184994220734;0.006291775964200497,-0.055272988975048065,0.06861235946416855,-0.01664852723479271
;14.460197448730469;-6.347985025620785e-18,0.0075393617153167725,-1.1613768339157104,0.5769208073616028;0.21556103229522705,0.38691446185112,0.20697817206382751,-0.0755879282951355;0.006308393552899361,-0.05529741942882538,0.06858484447002411,-0.01665702648460865
;14.430843353271484;-6.4514429863746296e-18,0.007553038187325001,-1.1609705686569214,0.5777953267097473;0.21459829807281494,0.38690173625946045,0.20716285705566406,-0.07560288906097412;0.006325092166662216,-0.055321939289569855,0.06855712831020355,-0.016665546223521233
;14.401419639587402;-6.556832413858786e-18,0.00756673701107502,-1.1605637073516846,0.5786685943603516;0.21363690495491028,0.38688895106315613,0.20734812319278717,-0.07561960071325302;0.006341875530779362,-0.05534645915031433,0.06852956116199493,-0.016674086451530457
;14.371925354003906;-6.664189290429899e-18,0.007580458652228117,-1.1601592302322388,0.5795412063598633;0.21267692744731903,0.3868761360645294,0.20753388106822968,-0.07563523203134537;0.006358741782605648,-0.055371079593896866,0.0685017928481102,-0.016682647168636322
;14.342360496520996;-6.773562419744111e-18,0.00759420171380043,-1.1597511768341064,0.5804129838943481;0.21171824634075165,0.38686320185661316,0.20772011578083038,-0.07565264403820038;0.006375698838382959,-0.0553956963121891,0.0684741735458374,-0.01669122837483883
;14.312725067138672;-6.885001019047867e-18,0.0076079657301306725,-1.1593412160873413,0.5812835097312927;0.21076102554798126,0.38685035705566406,0.20790697634220123,-0.07567042857408524;0.006392736919224262,-0.05542036145925522,0.06844652444124222,-0.01669982820749283
;14.283019065856934;-6.998535280433527e-18,0.007621752563863993,-1.1589332818984985,0.5821527242660522;0.20980514585971832,0.386837363243103,0.20809432864189148,-0.07568857073783875;0.006409861613065004,-0.05544507876038551,0.06841885298490524,-0.01670845039188862
;14.253241539001465;-7.11421400755723e-18,0.007635560818016529,-1.1585248708724976,0.5830212235450745;0.2088507115840912,0.3868243992328644,0.2082822471857071,-0.07570847868919373;0.006427066400647163,-0.05546979606151581,0.0683913379907608,-0.01671709306538105
;14.223392486572266;-7.23209468947155e-18,0.007649390492588282,-1.1581130027770996,0.583888828754425;0.20789772272109985,0.38681143522262573,0.20847071707248688,-0.07572869956493378;0.00644436851143837,-0.055494554340839386,0.06836380064487457,-0.016725754365324974
;14.193472862243652;-7.352205450317312e-18,0.007663242518901825,-1.1577024459838867,0.5847551822662354;0.20694613456726074,0.38679832220077515,0.20865970849990845,-0.07575373351573944;0.006461752112954855,-0.0555192232131958,0.06833677738904953,-0.016734439879655838
;14.163481712341309;-7.474598402473108e-18,0.007677116431295872,-1.157288908958435,0.5856208205223083;0.20599603652954102,0.38678523898124695,0.20884926617145538,-0.07577469199895859;0.006479221396148205,-0.055544089525938034,0.06830918043851852,-0.016743144020438194
;14.133419036865234;-7.599328967039979e-18,0.007691012695431709,-1.1568756103515625,0.5864856839179993;0.2050473988056183,0.38677212595939636,0.2090393602848053,-0.0757959708571434;0.006496785208582878,-0.05556899309158325,0.06828155368566513,-0.016751868650317192
;14.103283882141113;-7.726440157409778e-18,0.007704929914325476,-1.15646231174469,0.5873491764068604;0.20410020649433136,0.386758953332901,0.2092299908399582,-0.07582058757543564;0.006514434237033129,-0.05559385567903519,0.06825427711009979,-0.01676061376929283
;14.073076248168945;-7.85598904904477e-18,0.007718871347606182,-1.1560472249984741,0.5882117748260498;0.2031545341014862,0.38674575090408325,0.20942121744155884,-0.07584701478481293;0.006532168015837669,-0.05561872571706772,0.06822714954614639,-0.01676938124001026
;14.04279613494873;-7.988010383530684e-18,0.007732834201306105,-1.1556313037872314,0.5890730023384094;0.20221032202243805,0.3867324888706207,0.20961298048496246,-0.07587374746799469;0.00655000563710928,-0.05564364045858383,0.0681999996304512,-0.016778169199824333
;14.012443542480469;-8.122585224567548e-18,0.0077468170784413815,-1.1552146673202515,0.5899330377578735;0.20126761496067047,0.3867192268371582,0.20980532467365265,-0.07589944452047348;0.0065679228864610195,-0.05566864833235741,0.0681726410984993,-0.016786977648735046
;13.98201847076416;-8.259740869115578e-18,0.007760823704302311,-1.1547971963882446,0.5907921195030212;0.20032644271850586,0.3867058753967285,0.2099982351064682,-0.07592543214559555;0.0065859341993927956,-0.05569371208548546,0.068145252764225,-0.01679580844938755
;13.951519012451172;-8.399543491623778e-18,0.007774851750582457,-1.154377818107605,0.5916503667831421;0.19938677549362183,0.3866925835609436,0.21019169688224792,-0.07595328241586685;0.006604041438549757,-0.05571877211332321,0.06811801344156265,-0.016804659739136696
;13.920947074890137;-8.542053476276864e-18,0.007788902148604393,-1.1539589166641235,0.5925072431564331;0.19844864308834076,0.38667914271354675,0.21038572490215302,-0.0759815201163292;0.006622237153351307,-0.055743880569934845,0.0680907666683197,-0.016813531517982483
;13.890300750732422;-8.687334515982002e-18,0.0078029753640294075,-1.1535382270812988,0.593363344669342;0.19751204550266266,0.3866656720638275,0.21058034896850586,-0.0760100856423378;0.006640527863055468,-0.05576904118061066,0.06806348264217377,-0.01682242564857006
;13.859580039978027;-8.835436241575947e-18,0.007817069068551064,-1.1531171798706055,0.5942188501358032;0.19657699763774872,0.3866522014141083,0.21077553927898407,-0.07603903114795685;0.006658914498984814,-0.05579425022006035,0.06803616881370544,-0.01683134026825428
;13.828784942626953;-8.986420691604638e-18,0.007831186056137085,-1.1526954174041748,0.5950741767883301;0.19564348459243774,0.38663870096206665,0.21097132563591003,-0.07606834918260574;0.006677398458123207,-0.05581951513886452,0.06800883263349533,-0.01684027723968029
;13.797914505004883;-9.140360657961982e-18,0.007845324464142323,-1.1522718667984009,0.5959282517433167;0.1947115957736969,0.38662514090538025,0.21116766333580017,-0.07609803974628448;0.0066959741525352,-0.055844828486442566,0.06798147410154343,-0.01684923656284809
;13.766969680786133;-9.297308253026568e-18,0.007859485223889351,-1.1518478393554688,0.596781313419342;0.19378122687339783,0.3866114914417267,0.21136458218097687,-0.07612957805395126;0.006714642979204655,-0.055870141834020615,0.06795427203178406,-0.016858216375112534
;13.73594856262207;-9.457353639485166e-18,0.00787366833537817,-1.1514232158660889,0.5976330637931824;0.1928524374961853,0.3865978717803955,0.2115621119737625,-0.07615998387336731;0.006733412388712168,-0.05589555576443672,0.06792685389518738,-0.016867220401763916
;13.704851150512695;-9.620522459936763e-18,0.007887872867286205,-1.1509976387023926,0.5984838008880615;0.19192522764205933,0.38658416271209717,0.2117602527141571,-0.07619231194257736;0.006752282381057739,-0.05592096596956253,0.06789959967136383,-0.01687624305486679
;13.673677444458008;-9.78692142068038e-18,0.007902100682258606,-1.1505705118179321,0.5993331670761108;0.19099962711334229,0.3865704834461212,0.21195894479751587,-0.07622352242469788;0.006771248299628496,-0.05594648793339729,0.06787212193012238,-0.016885289922356606
;13.642427444458008;-9.956613387442571e-18,0.007916348986327648,-1.1501433849334717,0.6001816987991333;0.19007562100887299,0.3865567147731781,0.21215824782848358,-0.07625508308410645;0.006790310610085726,-0.05597205087542534,0.06784462183713913,-0.01689435914158821
;13.611101150512695;-1.0129668670575403e-17,0.007930618710815907,-1.1497150659561157,0.6010286211967468;0.18915322422981262,0.3865429162979126,0.21235816180706024,-0.07628852874040604;0.006809479556977749,-0.05599762871861458,0.06781729310750961,-0.016903448849916458
;13.579696655273438;-1.0306153444527879e-17,0.00794491171836853,-1.149285078048706,0.6018742322921753;0.1882324069738388,0.38652902841567993,0.21255870163440704,-0.07632087916135788;0.006828742101788521,-0.05602329596877098,0.06778974086046219,-0.016912560909986496
;13.54821491241455;-1.0486139674013292e-17,0.00795922800898552,-1.1488547325134277,0.6027188301086426;0.1873132735490799,0.38651517033576965,0.2127598375082016,-0.07635504007339478;0.0068481117486953735,-0.05604897439479828,0.0677623525261879,-0.016921697184443474
;13.516655921936035;-1.0669725793524537e-17,0.00797356478869915,-1.1484239101409912,0.6035623550415039;0.18639571964740753,0.3865011930465698,0.21296155452728271,-0.07639115303754807;0.006867583841085434,-0.05607465282082558,0.06773512810468674,-0.016930855810642242
;13.485018730163574;-1.0856990385219804e-17,0.007987923920154572,-1.14799165725708,0.6044055819511414;0.18547984957695007,0.3864872455596924,0.21316389739513397,-0.0764276310801506;0.0068871560506522655,-0.05610038340091705,0.06770786643028259,-0.016940036788582802
;13.453303337097168;-1.1048014512799125e-17,0.008002305403351784,-1.1475579738616943,0.6052473187446594;0.18456564843654633,0.3864732086658478,0.21336683630943298,-0.07646452635526657;0.006906829308718443,-0.05612616613507271,0.06768058985471725,-0.016949238255620003
;13.4215087890625;-1.1242849461460478e-17,0.008016707375645638,-1.1471235752105713,0.6060876250267029;0.1836530864238739,0.3864591419696808,0.21357041597366333,-0.0765017718076706;0.006926613859832287,-0.05615200102329254,0.06765328347682953,-0.016958463937044144
;13.389636039733887;-1.1441621789837583e-17,0.008031132631003857,-1.1466883420944214,0.6069269776344299;0.18274222314357758,0.386445015668869,0.213774636387825,-0.07653943449258804;0.00694649713113904,-0.05617789179086685,0.06762595474720001,-0.016967713832855225
;13.357683181762695;-1.1644415043172308e-17,0.008045580238103867,-1.146252155303955,0.6077648401260376;0.18183304369449615,0.38643088936805725,0.21397945284843445,-0.07657748460769653;0.006966489367187023,-0.05620383471250534,0.06759858876466751,-0.016976984217762947
;13.325652122497559;-1.1851304494900396e-17,0.008060050196945667,-1.145815134048462,0.6086012125015259;0.18092554807662964,0.3864167034626007,0.21418491005897522,-0.07661597430706024;0.006986585445702076,-0.05622982978820801,0.06757120043039322,-0.01698628067970276
;13.293540954589844;-1.2062366245638201e-17,0.008074541576206684,-1.145377278327942,0.6094364523887634;0.1800197958946228,0.3864024579524994,0.21439099311828613,-0.07665480673313141;0.007006792817264795,-0.056255877017974854,0.06754378974437714,-0.016995597630739212
;13.26134967803955;-1.2277716100671482e-17,0.008089056238532066,-1.1449379920959473,0.6102712154388428;0.17911571264266968,0.38638821244239807,0.21459771692752838,-0.0766940712928772;0.007027107290923595,-0.056281980127096176,0.06751634925603867,-0.017004940658807755
;13.229076385498047;-1.2497473174008445e-17,0.008103592321276665,-1.1444977521896362,0.611104428768158;0.17821334302425385,0.3863738775253296,0.21480508148670197,-0.0767337903380394;0.007047530263662338,-0.05630813539028168,0.0674888864159584,-0.01701430417597294
;13.196722984313965;-1.2721728455516471e-17,0.008118151687085629,-1.144056797027588,0.6119368076324463;0.1773127168416977,0.38635948300361633,0.21501308679580688,-0.07677686959505081;0.007068061735481024,-0.056334249675273895,0.0674617737531662,-0.017023691907525063
;13.164289474487305;-1.295054977400579e-17,0.008132731541991234,-1.1436150074005127,0.6127676367759705;0.17641380429267883,0.38634511828422546,0.21522171795368195,-0.07682036608457565;0.007088707759976387,-0.05636041611433029,0.0674346312880516,-0.017033103853464127
;13.13177490234375;-1.3184073614277473e-17,0.008147334679961205,-1.143172025680542,0.6135967969894409;0.17551672458648682,0.38633060455322266,0.21543101966381073,-0.07686425745487213;0.007109459955245256,-0.05638663470745087,0.06740747392177582,-0.01704253815114498
;13.099177360534668;-1.3422391793379513e-17,0.008161959238350391,-1.1427273750305176,0.614425003528595;0.1746213138103485,0.38631612062454224,0.21564096212387085,-0.07690861076116562;0.007130330428481102,-0.05641291290521622,0.06738027930259705,-0.017051996663212776
;13.066498756408691;-1.3665639968932369e-17,0.008176607079803944,-1.142282485961914,0.6152516603469849;0.17372773587703705,0.3863016366958618,0.2158515751361847,-0.07695335149765015;0.0071513038128614426,-0.05643923953175545,0.06735306233167648,-0.017061477527022362
;13.033738136291504;-1.3913912439525873e-17,0.008191276341676712,-1.141836166381836,0.6160778999328613;0.17283590137958527,0.3862869441509247,0.21606285870075226,-0.07699848711490631;0.007172399200499058,-0.05646562576293945,0.06732582300901413,-0.017070984467864037
;13.000894546508789;-1.4167304330930467e-17,0.008205968886613846,-1.1413888931274414,0.6169034838676453;0.17194584012031555,0.3862723708152771,0.21627478301525116,-0.07704408466815948;0.007193611469119787,-0.05649206414818764,0.06729855388402939,-0.017080513760447502
;12.96796703338623;-1.4425963708475798e-17,0.008220682851970196,-1.1409403085708618,0.6177279949188232;0.17105764150619507,0.38625767827033997,0.21648739278316498,-0.07708708196878433;0.007214931305497885,-0.05651865527033806,0.06727087497711182,-0.017090069130063057
;12.934956550598145;-1.469002126669865e-17,0.008235420100390911,-1.1404907703399658,0.6185508370399475;0.17017118632793427,0.38624289631843567,0.21670064330101013,-0.07713651657104492;0.00723637081682682,-0.05654510483145714,0.06724394112825394,-0.017099644988775253
;12.901862144470215;-1.4959548143131705e-17,0.008250179700553417,-1.1400405168533325,0.6193721890449524;0.16928650438785553,0.38622817397117615,0.2169145792722702,-0.07718639820814133;0.007257928140461445,-0.056571610271930695,0.06721697747707367,-0.017109248787164688
;12.868683815002441;-1.523472300878727e-17,0.008264959789812565,-1.139588713645935,0.6201918125152588;0.16840368509292603,0.38621336221694946,0.2171291559934616,-0.07723671942949295;0.0072796097956597805,-0.056598175317049026,0.06718998402357101,-0.017118874937295914
;12.835421562194824;-1.5515671595118456e-17,0.008279765024781227,-1.1391363143920898,0.6210107207298279;0.16752268373966217,0.386198490858078,0.2173444628715515,-0.07728447020053864;0.007301404606550932,-0.056624893099069595,0.06716258823871613,-0.01712852530181408
;12.802074432373047;-1.580254279463552e-17,0.008294591680169106,-1.1386829614639282,0.6218282580375671;0.16664354503154755,0.3861835300922394,0.21756044030189514,-0.07733261585235596;0.007323318161070347,-0.05665166303515434,0.06713516265153885,-0.017138201743364334
;12.768641471862793;-1.6095422634122172e-17,0.0083094397559762,-1.138228416442871,0.6226446628570557;0.16576619446277618,0.38616856932640076,0.2177770882844925,-0.07738424092531204;0.007345359306782484,-0.056678395718336105,0.06710809469223022,-0.01714790053665638
;12.735122680664062;-1.6394501365119295e-17,0.008324312046170235,-1.137772560119629,0.6234593987464905;0.16489075124263763,0.38615357875823975,0.21799446642398834,-0.0774332731962204;0.00736751314252615,-0.0567052885890007,0.06708060950040817,-0.017157627269625664
;12.701518058776855;-1.6699911336524898e-17,0.00833920482546091,-1.1373155117034912,0.624272882938385;0.16401709616184235,0.38613855838775635,0.21821248531341553,-0.0774858221411705;0.007389795035123825,-0.05673213303089142,0.06705349683761597,-0.01716737635433674
;12.667827606201172;-1.7011791514681892e-17,0.008354121819138527,-1.1368577480316162,0.6250854730606079;0.16314534842967987,0.3861234188079834,0.21843121945858002,-0.07753877341747284;0.007412203587591648,-0.05675903335213661,0.06702635437250137,-0.017177151516079903
;12.634051322937012;-1.7330304026990336e-17,0.008369062095880508,-1.1363987922668457,0.6258978843688965;0.162275493144989,0.38610827922821045,0.218650683760643,-0.0775921568274498;0.007434732746332884,-0.05678599700331688,0.06699918210506439,-0.017186950892210007
;12.600187301635742;-1.7655615963933965e-17,0.008384022861719131,-1.1359381675720215,0.6267086267471313;0.16140751540660858,0.38609299063682556,0.21887081861495972,-0.07764605432748795;0.007457387633621693,-0.05681300908327103,0.06697198003530502,-0.0171967763453722
;12.566235542297363;-1.7987858020049564e-17,0.008399007841944695,-1.1354767084121704,0.627517580986023;0.1605413854122162,0.3860778510570526,0.21909168362617493,-0.07770039141178131;0.007480168715119362,-0.05684008449316025,0.06694476306438446,-0.017206627875566483
;12.532196044921875;-1.832722375560047e-17,0.008414015173912048,-1.1350146532058716,0.6283249258995056;0.15967720746994019,0.3860624432563782,0.21931323409080505,-0.07775513082742691;0.007503080181777477,-0.056867219507694244,0.06691750884056091,-0.017216503620147705
;12.498068809509277;-1.8673850482568366e-17,0.008429043926298618,-1.134550929069519,0.6291307806968689;0.15881489217281342,0.3860471248626709,0.21953549981117249,-0.0778103768825531;0.007526123896241188,-0.05689440667629242,0.06689023226499557,-0.017226403579115868
;12.463852882385254;-1.9027979737692118e-17,0.008444096893072128,-1.13408625125885,0.6299358010292053;0.15795454382896423,0.38603174686431885,0.21975849568843842,-0.07786601781845093;0.007549291476607323,-0.05692165717482567,0.06686293333768845,-0.01723633147776127
;12.429548263549805;-1.9389732289341158e-17,0.008459174074232578,-1.133620262145996,0.6307390332221985;0.15709608793258667,0.38601624965667725,0.21998223662376404,-0.07792222499847412;0.007572586182504892,-0.056948963552713394,0.06683561205863953,-0.01724628359079361
;12.395153999328613;-1.9759311623946176e-17,0.00847427174448967,-1.133152961730957,0.6315410137176514;0.1562395542860031,0.38600078225135803,0.22020669281482697,-0.0779818519949913;0.0075960163958370686,-0.056976236402988434,0.06680864840745926,-0.01725626178085804
;12.36067008972168;-2.0136904684325607e-17,0.008489393629133701,-1.1326850652694702,0.6323415637016296;0.15538497269153595,0.38598522543907166,0.22043189406394958,-0.07804200053215027;0.007619582116603851,-0.05700356140732765,0.0667816549539566,-0.01726626791059971
;12.326096534729004;-2.052270503074279e-17,0.008504536934196949,-1.1322157382965088,0.6331412196159363;0.15453234314918518,0.3859696686267853,0.22065779566764832,-0.07809958606958389;0.007643282879143953,-0.05703105032444,0.06675425171852112,-0.017276296392083168
;12.29143238067627;-2.091691284090596e-17,0.008519704453647137,-1.1317447423934937,0.6339390277862549;0.1536816656589508,0.38595399260520935,0.22088447213172913,-0.07815759629011154;0.007667119614779949,-0.05705859139561653,0.06672682613134384,-0.017286352813243866
;12.256678581237793;-2.1319726638162134e-17,0.008534894324839115,-1.1312735080718994,0.6347355842590332;0.1528329700231552,0.38593822717666626,0.22111186385154724,-0.07821916043758392;0.007691084872931242,-0.057086098939180374,0.06669975072145462,-0.017296435311436653
;12.221833229064941;-2.1731349908941996e-17,0.008550108410418034,-1.130800485610962,0.6355311870574951;0.1519862711429596,0.38592249155044556,0.22134003043174744,-0.07828120142221451;0.007715187501162291,-0.057113662362098694,0.0666726678609848,-0.01730654574930668
;12.186896324157715;-2.2152010955094613e-17,0.008565344847738743,-1.1303260326385498,0.6363254189491272;0.15114149451255798,0.3859066367149353,0.22156889736652374,-0.07834063470363617;0.00773943355306983,-0.057141389697790146,0.06664515286684036,-0.017316680401563644
;12.15186595916748;-2.2581923189218024e-17,0.008580605499446392,-1.12985098361969,0.6371181011199951;0.15029872953891754,0.38589081168174744,0.22179855406284332,-0.07840056717395782;0.007763816509395838,-0.05716917663812637,0.06661761552095413,-0.01732684299349785
;12.116744041442871;-2.3021339728579668e-17,0.008595888502895832,-1.1293741464614868,0.6379092335700989;0.14945796132087708,0.3858749270439148,0.22202898561954498,-0.0784640833735466;0.007788333110511303,-0.05719691514968872,0.06659045070409775,-0.017337031662464142
;12.081528663635254;-2.3470450824720434e-17,0.008611193858087063,-1.1288964748382568,0.6386993527412415;0.14861918985843658,0.3858589231967926,0.22226016223430634,-0.07852805405855179;0.007813002914190292,-0.05722472444176674,0.06656325608491898,-0.017347248271107674
;12.046219825744629;-2.3929539373409815e-17,0.008626522496342659,-1.1284176111221313,0.6394877433776855;0.14778241515159607,0.385842889547348,0.22249209880828857,-0.07858946919441223;0.007837812416255474,-0.05725270137190819,0.06653563678264618,-0.017357490956783295
;12.010817527770996;-2.4398843602664225e-17,0.00864187628030777,-1.1279377937316895,0.6402750611305237;0.1469476819038391,0.38582685589790344,0.2227248251438141,-0.0786544531583786;0.007862761616706848,-0.05728062614798546,0.06650839000940323,-0.017367761582136154
;11.975320816040039;-2.4878606703583756e-17,0.008657252416014671,-1.1274561882019043,0.6410602331161499;0.14611496031284332,0.3858107030391693,0.22295832633972168,-0.07871682941913605;0.007887854240834713,-0.05730872601270676,0.06648072600364685,-0.017378060147166252
;11.939730644226074;-2.5369109917576675e-17,0.008672650903463364,-1.1269735097885132,0.6418440937995911;0.1452842652797699,0.3857945203781128,0.22319260239601135,-0.07878586649894714;0.007913095876574516,-0.05733667314052582,0.06645381450653076,-0.01738838292658329
;11.904045104980469;-2.5870583200853273e-17,0.008688075467944145,-1.126489281654358,0.642626941204071;0.14445564150810242,0.3857782781124115,0.2234276384115219,-0.07885543256998062;0.007938483729958534,-0.05736469104886055,0.06642688810825348,-0.017398735508322716
;11.868266105651855;-2.6383248237817713e-17,0.008703521452844143,-1.1260040998458862,0.6434072256088257;0.1436290740966797,0.3857620060443878,0.22366349399089813,-0.07892544567584991;0.007964028045535088,-0.05739276483654976,0.06639993190765381,-0.01740911602973938
;11.832391738891602;-2.690749214899667e-17,0.00871899165213108,-1.1255178451538086,0.6441869735717773;0.1428045630455017,0.3857456147670746,0.22390013933181763,-0.07899296283721924;0.00798970926553011,-0.0574210062623024,0.06637255847454071,-0.017419522628188133
;11.796420097351074;-2.7443591212714738e-17,0.008734486065804958,-1.1250299215316772,0.6449650526046753;0.14198213815689087,0.38572928309440613,0.2241375893354416,-0.0790640264749527;0.008015544153749943,-0.057449210435152054,0.06634555757045746,-0.017429957166314125
;11.760353088378906;-2.799182501601896e-17,0.00875000562518835,-1.1245406866073608,0.6457419991493225;0.14116178452968597,0.38571280241012573,0.22437584400177002,-0.07913561165332794;0.008041532710194588,-0.057477474212646484,0.06631851941347122,-0.017440419644117355
;11.724189758300781;-2.8552411934591046e-17,0.00876554660499096,-1.1240503787994385,0.6465173959732056;0.14034351706504822,0.38569629192352295,0.22461487352848053,-0.07920771092176437;0.008067676797509193,-0.05750579759478569,0.06629146635532379,-0.017450911924242973
;11.687929153442383;-2.9125796991600554e-17,0.008781112730503082,-1.123558521270752,0.6472908854484558;0.13952738046646118,0.385679692029953,0.2248547375202179,-0.0792803168296814;0.00809396617114544,-0.057534195482730865,0.06626438349485397,-0.01746143028140068
;11.651571273803711;-2.97122448848435e-17,0.008796703070402145,-1.1230655908584595,0.6480631232261658;0.13871333003044128,0.38566312193870544,0.22509542107582092,-0.07935349643230438;0.008120417594909668,-0.05756264552474022,0.06623727828264236,-0.017471976578235626
;11.61511516571045;-3.031202362083835e-17,0.008812315762043,-1.1225707530975342,0.6488340497016907;0.13790138065814972,0.3856464624404907,0.2253369241952896,-0.07942714542150497;0.008147027343511581,-0.057591166347265244,0.06621013581752777,-0.01748255081474781
;11.578560829162598;-3.0925626199230184e-17,0.008827953599393368,-1.1220752000808716,0.6496039628982544;0.13709157705307007,0.3856297433376312,0.22557924687862396,-0.07950132340192795;0.008173789829015732,-0.05761974677443504,0.06618298590183258,-0.01749315671622753
;11.54190731048584;-3.155321474741907e-17,0.008843616582453251,-1.1215779781341553,0.6503721475601196;0.13628384470939636,0.3856129050254822,0.22582238912582397,-0.07957606017589569;0.008200718089938164,-0.057648397982120514,0.0661557987332344,-0.017503786832094193
;11.505154609680176;-3.219534513077663e-17,0.008859301917254925,-1.1210800409317017,0.6511384844779968;0.13547828793525696,0.3855960965156555,0.22606635093688965,-0.07965134084224701;0.00822780653834343,-0.05767710879445076,0.06612858921289444,-0.01751444861292839
;11.468302726745605;-3.2852275429653995e-17,0.008875014260411263,-1.120579719543457,0.6519036889076233;0.13467484712600708,0.38557910919189453,0.22631119191646576,-0.07973024994134903;0.008255046792328358,-0.05770578607916832,0.06610175222158432,-0.017525138333439827
;11.431350708007812;-3.3524409308190083e-17,0.008890749886631966,-1.120078444480896,0.6526668071746826;0.1338735967874527,0.3855622112751007,0.22655683755874634,-0.07980971038341522;0.008282460272312164,-0.057734522968530655,0.066074900329113,-0.017535855993628502
;11.39429759979248;-3.421216035669117e-17,0.008906509727239609,-1.1195756196975708,0.6534283757209778;0.13307444751262665,0.38554516434669495,0.22680333256721497,-0.0798865407705307;0.008310030214488506,-0.05776343122124672,0.06604760885238647,-0.017546603456139565
;11.35714340209961;-3.4915872682292085e-17,0.008922295644879341,-1.1190719604492188,0.6541881561279297;0.1322775036096573,0.3855280876159668,0.22705066204071045,-0.07996399700641632;0.008337771520018578,-0.05779240280389786,0.06602029502391815,-0.017557382583618164
;11.3198881149292;-3.5635930096797046e-17,0.00893810298293829,-1.1185665130615234,0.6549472808837891;0.13148269057273865,0.38551098108291626,0.22729888558387756,-0.08004196733236313;0.008365685120224953,-0.05782144144177437,0.06599295884370804,-0.017568187788128853
;11.282529830932617;-3.637289508302259e-17,0.008953938260674477,-1.1180593967437744,0.6557046175003052;0.1306900680065155,0.38549375534057617,0.22754794359207153,-0.0801204964518547;0.008393763564527035,-0.05785055458545685,0.06596559286117554,-0.01757902465760708
;11.245068550109863;-3.7127158070217843e-17,0.008969796821475029,-1.117551326751709,0.6564598679542542;0.12989963591098785,0.3854764699935913,0.22779791057109833,-0.08019957691431046;0.008422011509537697,-0.057879723608493805,0.06593820452690125,-0.017589889466762543
;11.207504272460938;-3.789906647424008e-17,0.00898568145930767,-1.117041826248169,0.6572142243385315;0.12911134958267212,0.38545915484428406,0.22804869711399078,-0.08027919381856918;0.008450432680547237,-0.05790896713733673,0.06591078639030457,-0.017600785940885544
;11.16983699798584;-3.8689268804689535e-17,0.009001590311527252,-1.116530418395996,0.6579666137695312;0.12832528352737427,0.38544175028800964,0.22830037772655487,-0.08035938441753387;0.008479022420942783,-0.05793827772140503,0.0658833459019661,-0.017611712217330933
;11.132064819335938;-3.9498079390198985e-17,0.009017525240778923,-1.1160180568695068,0.6587175130844116;0.12754139304161072,0.38542431592941284,0.2285529375076294,-0.08044011145830154;0.008507788181304932,-0.0579676516354084,0.06585588306188583,-0.01762266643345356
;11.09418773651123;-4.032603093508291e-17,0.009033484384417534,-1.1155040264129639,0.6594669222831726;0.12675972282886505,0.3854067921638489,0.22880639135837555,-0.08052147924900055;0.008536732755601406,-0.057997096329927444,0.06582839041948318,-0.017633654177188873
;11.056205749511719;-4.11736892308803e-17,0.00904946867376566,-1.1149888038635254,0.6602147221565247;0.12598024308681488,0.38538920879364014,0.22906070947647095,-0.08060335367918015;0.008565854281187057,-0.05802661180496216,0.06580086797475815,-0.017644669860601425
;11.018117904663086;-4.2041520807456636e-17,0.009065479040145874,-1.1144715547561646,0.6609612703323364;0.12520301342010498,0.3853716254234314,0.22931592166423798,-0.0806858241558075;0.008595156483352184,-0.058056194335222244,0.06577332317829132,-0.017655719071626663
;10.979925155639648;-4.2930084838906e-17,0.009081515483558178,-1.1139527559280396,0.6617055535316467;0.12442799657583237,0.3853539228439331,0.22957204282283783,-0.08077512681484222;0.008624639362096786,-0.05808563530445099,0.06574656069278717,-0.01766679622232914
;10.94162654876709;-4.3839904103375524e-17,0.009097578004002571,-1.1134331226348877,0.6624479293823242;0.12365522235631943,0.38533616065979004,0.2298291027545929,-0.0808650329709053;0.008654297329485416,-0.058115147054195404,0.06571977585554123,-0.017677903175354004
;10.903220176696777;-4.477157417090625e-17,0.009113664738833904,-1.1129117012023926,0.6631885170936584;0.12288471311330795,0.3853183388710022,0.2300870418548584,-0.08094922453165054;0.008684143424034119,-0.058144934475421906,0.06569215655326843,-0.017689043655991554
;10.864706993103027;-4.572563105453511e-17,0.009129778482019901,-1.1123886108398438,0.6639275550842285;0.12211643904447556,0.3853004574775696,0.23034590482711792,-0.08104036003351212;0.00871417485177517,-0.058174584060907364,0.06566531956195831,-0.017700213938951492
;10.82608699798584;-4.670272988130725e-17,0.009145917370915413,-1.1118642091751099,0.6646649837493896;0.12135044485330582,0.3852825462818146,0.23060564696788788,-0.08112886548042297;0.008744397200644016,-0.05820440873503685,0.06563805043697357,-0.017711414024233818
;10.787359237670898;-4.7703446368929e-17,0.009162083268165588,-1.1113381385803223,0.6654011011123657;0.12058674544095993,0.38526451587677,0.23086637258529663,-0.08122114837169647;0.008774799294769764,-0.058234188705682755,0.06561116129159927,-0.01772264577448368
;10.748523712158203;-4.8728491892727164e-17,0.009178275242447853,-1.110810399055481,0.6661352515220642;0.11982530355453491,0.38524648547172546,0.23112799227237701,-0.08131399005651474;0.008805396966636181,-0.058264050632715225,0.06558424979448318,-0.01773391105234623
;10.709579467773438;-4.977840246573867e-17,0.009194494225084782,-1.1102814674377441,0.6668679118156433;0.11906614154577255,0.3852282762527466,0.231390580534935,-0.08140745759010315;0.008836180903017521,-0.058293987065553665,0.0655573159456253,-0.017745206132531166
;10.670525550842285;-5.0853892772012766e-17,0.009210740216076374,-1.109750509262085,0.6675989031791687;0.11830931901931763,0.3852100670337677,0.2316541075706482,-0.08150151371955872;0.008867156691849232,-0.05832397937774658,0.06553035229444504,-0.01775653287768364
;10.631362915039062;-5.1955614629872144e-17,0.009227011352777481,-1.109217882156372,0.668328046798706;0.11755478382110596,0.38519179821014404,0.231918603181839,-0.08159618079662323;0.00889833364635706,-0.058354053646326065,0.06550336629152298,-0.01776789128780365
;10.592089653015137;-5.3084365441427304e-17,0.009243309497833252,-1.1086840629577637,0.669055700302124;0.11680255830287933,0.3851734697818756,0.23218399286270142,-0.08169146627187729;0.008929702453315258,-0.05838419124484062,0.06547636538743973,-0.017779283225536346
;10.552705764770508;-5.424084003839279e-17,0.009259636513888836,-1.108148455619812,0.669781506061554;0.11605264246463776,0.3851550817489624,0.23245033621788025,-0.0817873477935791;0.0089612677693367,-0.05841440334916115,0.06544932723045349,-0.01779070496559143
;10.51321029663086;-5.5425789500764805e-17,0.00927598774433136,-1.1076114177703857,0.6705053448677063;0.11530505865812302,0.3851366341114044,0.23271769285202026,-0.08188384026288986;0.008993038907647133,-0.058444686233997345,0.06542226672172546,-0.0178021602332592
;10.473603248596191;-5.663992851259259e-17,0.009292367845773697,-1.1070724725723267,0.6712276339530945;0.11455977708101273,0.3851180970668793,0.2329859882593155,-0.08198097348213196;0.009025003761053085,-0.05847504362463951,0.06539517641067505,-0.01781364716589451
;10.433883666992188;-5.788423314699896e-17,0.009308774955570698,-1.1065318584442139,0.6719480752944946;0.11381683498620987,0.38509953022003174,0.2332552820444107,-0.08207874000072479;0.009057174436748028,-0.05850547179579735,0.06536806374788284,-0.017825165763497353
;10.394050598144531;-5.915945448398011e-17,0.009325210936367512,-1.1059894561767578,0.6726671457290649;0.11307625472545624,0.38508081436157227,0.23352554440498352,-0.08217710256576538;0.009089548140764236,-0.058535974472761154,0.06534092873334885,-0.017836719751358032
;10.354104995727539;-6.046634691225469e-17,0.009341672994196415,-1.1054456233978271,0.6733835935592651;0.11233800649642944,0.38506215810775757,0.23379676043987274,-0.0822761282324791;0.009122133255004883,-0.05856654793024063,0.06531377136707306,-0.0178483035415411
;10.314044952392578;-6.180584349155366e-17,0.009358163923025131,-1.1049001216888428,0.6740989089012146;0.11160209774971008,0.38504329323768616,0.23406900465488434,-0.08237574249505997;0.009154921397566795,-0.058597199618816376,0.06528658419847488,-0.017859920859336853
;10.273870468139648;-6.317893683861208e-17,0.009374682791531086,-1.1043527126312256,0.6748118996620178;0.11086855083703995,0.38502439856529236,0.23434223234653473,-0.08247600495815277;0.00918792374432087,-0.05862792208790779,0.06525936722755432,-0.017871573567390442
;10.233580589294434;-6.458642766426291e-17,0.009391230531036854,-1.1038036346435547,0.6755239367485046;0.11013736575841904,0.38500547409057617,0.2346164435148239,-0.08257696032524109;0.009221134707331657,-0.058658719062805176,0.06523213535547256,-0.01788325607776642
;10.193175315856934;-6.602938137713511e-17,0.00940780434757471,-1.1032533645629883,0.6762338280677795;0.10940854251384735,0.3849864602088928,0.23489166796207428,-0.08267848938703537;0.009254563599824905,-0.05868958681821823,0.06520487368106842,-0.01789497397840023
;10.152653694152832;-6.750879721140865e-17,0.009424407966434956,-1.1027007102966309,0.6769416928291321;0.10868212580680847,0.3849673271179199,0.23516787588596344,-0.08278070390224457;0.009288198314607143,-0.058720532804727554,0.06517758965492249,-0.017906727269291878
;10.112014770507812;-6.902555528725529e-17,0.009441038593649864,-1.1021466255187988,0.6776485443115234;0.10795806348323822,0.3849482238292694,0.23544514179229736,-0.08288351446390152;0.009322061203420162,-0.05875154957175255,0.06515027582645416,-0.017918512225151062
;10.071259498596191;-7.05808930668714e-17,0.009457698091864586,-1.1015909910202026,0.6783533692359924;0.10723638534545898,0.38492897152900696,0.23572339117527008,-0.08298706263303757;0.009356149472296238,-0.05878264456987381,0.06512293219566345,-0.017930330708622932
;10.030385971069336;-7.217575022743284e-17,0.00947438646107912,-1.1010336875915527,0.6790562272071838;0.10651710629463196,0.3849097192287445,0.23600271344184875,-0.08309119194746017;0.009390442632138729,-0.058813825249671936,0.06509557366371155,-0.017942184582352638
;9.989394187927246;-7.381125835201758e-17,0.009491105563938618,-1.1004743576049805,0.6797572374343872;0.10580022633075714,0.3848903179168701,0.236283078789711,-0.08319603651762009;0.009424966759979725,-0.058845069259405136,0.06506817787885666,-0.01795407198369503
;9.948283195495605;-7.548854902370361e-17,0.009507854469120502,-1.0999133586883545,0.6804561018943787;0.10508574545383453,0.38487088680267334,0.23656442761421204,-0.08330148458480835;0.009459725581109524,-0.058876391500234604,0.06504076719284058,-0.01796599291265011
;9.907052993774414;-7.72090449931445e-17,0.0095246322453022,-1.0993505716323853,0.6811532378196716;0.10437364131212234,0.3848513662815094,0.23684686422348022,-0.08340766280889511;0.009494703263044357,-0.05890779569745064,0.06501331925392151,-0.017977949231863022
;9.865701675415039;-7.897368593751613e-17,0.009541439823806286,-1.0987858772277832,0.68184894323349;0.10366399586200714,0.3848316967487335,0.23713035881519318,-0.0835145115852356;0.00952991098165512,-0.05893927440047264,0.06498585641384125,-0.01798994094133377
;9.824230194091797;-8.078389460747207e-17,0.009558277204632759,-1.0982191562652588,0.6825416684150696;0.10295673459768295,0.38481205701828003,0.2374148815870285,-0.08362523466348648;0.009565352462232113,-0.058970723301172256,0.06495878100395203,-0.018001968041062355
;9.782638549804688;-8.264078273375561e-17,0.00957514438778162,-1.0976510047912598,0.6832329630851746;0.10225193202495575,0.38479235768318176,0.2377004772424698,-0.08373662084341049;0.009601028636097908,-0.05900224670767784,0.06493167579174042,-0.018014030531048775
;9.740925788879395;-8.454592526825305e-17,0.009592042304575443,-1.097080945968628,0.6839223504066467;0.10154956579208374,0.38477250933647156,0.2379871904850006,-0.08385198563337326;0.009636939503252506,-0.059033751487731934,0.06490497291088104,-0.01802612654864788
;9.699091911315918;-8.650052658593625e-17,0.009608970023691654,-1.0965088605880737,0.6846101880073547;0.10084964334964752,0.38475269079208374,0.2382749319076538,-0.08396799862384796;0.00967308972030878,-0.0590653270483017,0.06487823277711868,-0.018038256093859673
;9.657135963439941;-8.850613516891192e-17,0.009625928476452827,-1.0959349870681763,0.6852964162826538;0.10015219449996948,0.3847326934337616,0.23856379091739655,-0.08408470451831818;0.00970947090536356,-0.05909697338938713,0.06485148519277573,-0.0180504247546196
;9.615057945251465;-9.056414068060915e-17,0.009642918594181538,-1.095359444618225,0.685980498790741;0.09945722669363022,0.38471272587776184,0.23885375261306763,-0.08420208096504211;0.009746097959578037,-0.05912870913743973,0.06482470780611038,-0.01806262508034706
;9.572855949401855;-9.267598572401624e-17,0.009659938514232635,-1.0947816371917725,0.6866627931594849;0.09876470267772675,0.38469254970550537,0.23914475739002228,-0.08432024717330933;0.009782969020307064,-0.059160519391298294,0.06479789316654205,-0.01807486265897751
;9.530529975891113;-9.484331804291338e-17,0.009676991030573845,-1.094201922416687,0.6873425841331482;0.09807465225458145,0.3846723735332489,0.23943687975406647,-0.08443902432918549;0.009820091538131237,-0.059192411601543427,0.06477107107639313,-0.01808713749051094
;9.488080024719238;-9.706779861597058e-17,0.009694075211882591,-1.0936205387115479,0.688020646572113;0.09738707542419434,0.38465213775634766,0.2397301346063614,-0.08455854654312134;0.009857455268502235,-0.05922437831759453,0.06474421918392181,-0.018099447712302208
;9.445505142211914;-9.935096930784965e-17,0.009711191989481449,-1.0930370092391968,0.6886966824531555;0.09670201689004898,0.38463178277015686,0.24002452194690704,-0.08467551320791245;0.009895069524645805,-0.05925653129816055,0.06471692025661469,-0.01811179146170616
;9.402804374694824;-1.016947557950166e-16,0.00972833950072527,-1.092451810836792,0.6893709897994995;0.09601940214633942,0.3846113085746765,0.24032001197338104,-0.08479321002960205;0.009932943619787693,-0.059288766235113144,0.06468959152698517,-0.01812417432665825
;9.359976768493652;-1.0410077935147204e-16,0.009745519608259201,-1.0918644666671753,0.6900432705879211;0.09533931314945221,0.38459083437919617,0.24061663448810577,-0.08491489291191101;0.009971068240702152,-0.059320975095033646,0.06466266512870789,-0.01813659258186817
;9.317022323608398;-1.0657089947923299e-16,0.009762732312083244,-1.0912752151489258,0.6907137632369995;0.0946616679430008,0.38457024097442627,0.24091435968875885,-0.08503729850053787;0.010009448044002056,-0.05935326963663101,0.06463571637868881,-0.01814904995262623
;9.273941040039062;-1.0910698229776137e-16,0.009779979474842548,-1.0906838178634644,0.691382110118866;0.09398657083511353,0.384549617767334,0.24121327698230743,-0.08516037464141846;0.010048086754977703,-0.05938563868403435,0.06460873037576675,-0.01816154085099697
;9.230731964111328;-1.11711099067311e-16,0.00979725830256939,-1.0900906324386597,0.6920480728149414;0.09331397712230682,0.38452884554862976,0.24151332676410675,-0.08528424799442291;0.01008699182420969,-0.059418097138404846,0.0645817294716835,-0.018174070864915848
;9.187393188476562;-1.1438514237712343e-16,0.009814570657908916,-1.0894955396652222,0.6927121877670288;0.09264387935400009,0.38450807332992554,0.2418144941329956,-0.08540886640548706;0.010126164183020592,-0.059450630098581314,0.06455471366643906,-0.01818663813173771
;9.143926620483398;-1.1713109084322387e-16,0.00983191654086113,-1.0888985395431519,0.6933746337890625;0.09197630733251572,0.384487122297287,0.24211686849594116,-0.08553414046764374;0.010165601968765259,-0.05948324874043465,0.06452765315771103,-0.018199242651462555
;9.100330352783203;-1.1995126057132746e-16,0.00984929595142603,-1.0882995128631592,0.6940349340438843;0.0913112685084343,0.3844662010669708,0.24242037534713745,-0.08566023409366608;0.010205306112766266,-0.059515949338674545,0.06450057774782181,-0.018211882561445236
;9.056602478027344;-1.2284784855314115e-16,0.009866710752248764,-1.0876984596252441,0.694693386554718;0.09064874798059464,0.38444510102272034,0.24272510409355164,-0.08578702807426453;0.01024528220295906,-0.05954872816801071,0.0644734799861908,-0.01822456158697605
;9.012743949890137;-1.258231973641597e-16,0.00988415814936161,-1.0870954990386963,0.695350170135498;0.08998875319957733,0.3844239413738251,0.24303096532821655,-0.08591461181640625;0.010285535827279091,-0.05958160012960434,0.0644463524222374,-0.01823727786540985
;8.968753814697266;-1.2887947752631042e-16,0.009901640936732292,-1.0864900350570679,0.6960042715072632;0.08933129161596298,0.38440269231796265,0.24333801865577698,-0.08604291081428528;0.010326066054403782,-0.059614550322294235,0.0644192025065422,-0.018250033259391785
;8.924631118774414;-1.320192963128841e-16,0.009919158183038235,-1.0858826637268066,0.6966562867164612;0.08867638558149338,0.38438141345977783,0.2436462640762329,-0.08617530763149261;0.010366878472268581,-0.05964747443795204,0.06439245492219925,-0.018262825906276703
;8.880375862121582;-1.352452345273919e-16,0.009936710819602013,-1.085273265838623,0.6973069906234741;0.08802402019500732,0.3843599855899811,0.2439557909965515,-0.08630844950675964;0.010407963767647743,-0.05968048796057701,0.0643656775355339,-0.018275659531354904
;8.83598804473877;-1.3855955533598977e-16,0.009954297915101051,-1.084661602973938,0.6979552507400513;0.08737420290708542,0.38433852791786194,0.24426646530628204,-0.08644234389066696;0.010449342429637909,-0.05971357971429825,0.06433887779712677,-0.01828853040933609
;8.791465759277344;-1.419652762935523e-16,0.0099719213321805,-1.0840479135513306,0.6986015439033508;0.08672697097063065,0.38431695103645325,0.24457836151123047,-0.08657702803611755;0.01049101073294878,-0.05974676460027695,0.06431205570697784,-0.01830143667757511
;8.746809959411621;-1.4546496496870085e-16,0.009989581070840359,-1.0834323167800903,0.699245274066925;0.08608227968215942,0.3842953145503998,0.2448914796113968,-0.08671253174543381;0.010532956570386887,-0.05978002771735191,0.06428521126508713,-0.018314385786652565
;8.702018737792969;-1.4906163891631002e-16,0.010007276199758053,-1.0828144550323486,0.6998871564865112;0.08544017374515533,0.38427355885505676,0.2452058345079422,-0.08684546500444412;0.010575203225016594,-0.059813492000103,0.0642579197883606,-0.018327372148633003
;8.65709114074707;-1.527583289261442e-16,0.010025009512901306,-1.0821943283081055,0.700526773929596;0.08480065315961838,0.38425174355506897,0.2455214262008667,-0.08697916567325592;0.010617749765515327,-0.059847038239240646,0.06423058360815048,-0.018340399488806725
;8.612028121948242;-1.565580393181882e-16,0.01004277914762497,-1.081572413444519,0.7011644244194031;0.08416368067264557,0.384229838848114,0.24583831429481506,-0.08712033927440643;0.010660586878657341,-0.05988045036792755,0.06420409679412842,-0.01835346594452858
;8.566828727722168;-1.6046370823797777e-16,0.010060586966574192,-1.0809478759765625,0.7017998099327087;0.08352930098772049,0.3842078447341919,0.24615639448165894,-0.08726228028535843;0.010703729465603828,-0.05991395562887192,0.06417758017778397,-0.01836656965315342
;8.521492958068848;-1.6447896204531837e-16,0.0100784320384264,-1.080321192741394,0.7024333477020264;0.08289752900600433,0.384185791015625,0.24647575616836548,-0.0874050110578537;0.01074716541916132,-0.05994754657149315,0.06415104120969772,-0.01837971620261669
;8.476018905639648;-1.686067388857458e-16,0.010096314363181591,-1.0796926021575928,0.7030643820762634;0.0822683721780777,0.38416358828544617,0.2467963695526123,-0.08754853904247284;0.010790916159749031,-0.05998121574521065,0.06412447988986969,-0.01839290000498295
;8.43040657043457;-1.7285075776329406e-16,0.010114235803484917,-1.0790618658065796,0.7036941647529602;0.0816417783498764,0.3841412663459778,0.24711823463439941,-0.08769293129444122;0.01083497703075409,-0.06001497805118561,0.06409788876771927,-0.018406124785542488
;8.384654998779297;-1.7721477738666662e-16,0.01013219729065895,-1.0784285068511963,0.7043218016624451;0.08101778477430344,0.3841189742088318,0.24744145572185516,-0.08783809095621109;0.010879344306886196,-0.06004882976412773,0.06407127529382706,-0.018419388681650162
;8.338763236999512;-1.817022785318811e-16,0.01015019416809082,-1.0777931213378906,0.7049468159675598;0.08039643615484238,0.38409653306007385,0.24776591360569,-0.08798076212406158;0.01092403195798397,-0.06008288264274597,0.06404421478509903,-0.018432695418596268
;8.292730331420898;-1.8631737724966556e-16,0.010168231092393398,-1.077155590057373,0.7055697441101074;0.07977768033742905,0.38407397270202637,0.2480916976928711,-0.08812087029218674;0.010969044640660286,-0.060117125511169434,0.06401669234037399,-0.018446041271090508
;8.246556282043457;-1.9106387195339284e-16,0.010186308063566685,-1.076515793800354,0.7061901688575745;0.07916151732206345,0.3840513229370117,0.24841876327991486,-0.08826852589845657;0.011014366522431374,-0.060151245445013046,0.06399001181125641,-0.01845942810177803
;8.200239181518555;-1.95945878693791e-16,0.01020442508161068,-1.075873851776123,0.7068085670471191;0.07854795455932617,0.3840286433696747,0.24874716997146606,-0.08841367810964584;0.011060010641813278,-0.06018556281924248,0.06396286934614182,-0.018472857773303986
;8.153779983520508;-2.0096812232651897e-16,0.010222584009170532,-1.0752296447753906,0.7074249386787415;0.0779370442032814,0.3840057849884033,0.24907685816287994,-0.088562972843647;0.011105994693934917,-0.060219861567020416,0.06393613666296005,-0.018486326560378075
;8.107177734375;-2.0613461302318637e-16,0.010240782052278519,-1.074582815170288,0.7080385088920593;0.07732870429754257,0.38398289680480957,0.24940785765647888,-0.0887131318449974;0.011152303777635098,-0.06025424972176552,0.0639093816280365,-0.018499836325645447
;8.060432434082031;-2.1144986388121532e-16,0.010259021073579788,-1.0739341974258423,0.7086502313613892;0.07672303169965744,0.38395988941192627,0.24974019825458527,-0.08886414021253586;0.011198947206139565,-0.06028873473405838,0.06388261169195175,-0.01851338893175125
;8.013542175292969;-2.169187982796117e-16,0.01027730107307434,-1.073283076286316,0.7092595100402832;0.07611999660730362,0.3839368522167206,0.2500739097595215,-0.08901600539684296;0.011245924979448318,-0.06032329797744751,0.06385580450296402,-0.018526984378695488
;7.9665069580078125;-2.2254610136936506e-16,0.010295621119439602,-1.072629690170288,0.7098667025566101;0.07551959902048111,0.38391363620758057,0.25040900707244873,-0.08916869759559631;0.011293248273432255,-0.060357965528964996,0.0638289749622345,-0.018540620803833008
;7.919326305389404;-2.283370803412855e-16,0.010313987731933594,-1.0719736814498901,0.7104716897010803;0.07492183148860931,0.3838903307914734,0.2507454454898834,-0.08932223916053772;0.011340906843543053,-0.06039271503686905,0.06380212306976318,-0.01855430006980896
;7.871999263763428;-2.3429648652081153e-16,0.010332395322620869,-1.0713157653808594,0.7110741138458252;0.07432670146226883,0.3838669955730438,0.25108322501182556,-0.08947670459747314;0.011388920247554779,-0.06042756512761116,0.06377524882555008,-0.018568020313978195
;7.824524879455566;-2.4043030207813315e-16,0.010350845754146576,-1.070655345916748,0.7116747498512268;0.07373420149087906,0.3838435709476471,0.25142237544059753,-0.08963201195001602;0.01143727544695139,-0.060462504625320435,0.06374834477901459,-0.018581783398985863
;7.77690315246582;-2.467439268482891e-16,0.010369338095188141,-1.0699927806854248,0.7122729420661926;0.07314436882734299,0.38381996750831604,0.25176292657852173,-0.08978816866874695;0.011485990136861801,-0.06049753725528717,0.0637214258313179,-0.018595587462186813
;7.729132652282715;-2.5324323712235094e-16,0.010387876071035862,-1.069327473640442,0.7128684520721436;0.07255719602108002,0.3837963044643402,0.25210484862327576,-0.0899452492594719;0.01153506338596344,-0.060532666742801666,0.06369447708129883,-0.018609438091516495
;7.68121337890625;-2.599341886007291e-16,0.01040645781904459,-1.0686599016189575,0.7134623527526855;0.07197269797325134,0.38377249240875244,0.252448171377182,-0.0901031643152237;0.01158448588103056,-0.06056788191199303,0.06366750597953796,-0.01862333156168461
;7.633143901824951;-2.668230810909687e-16,0.0104250842705369,-1.0679903030395508,0.7140541672706604;0.07139082998037338,0.3837485909461975,0.25279292464256287,-0.09026194363832474;0.011634278111159801,-0.060603201389312744,0.06364050507545471,-0.018637266010046005
;7.58492374420166;-2.73916082051717e-16,0.010443754494190216,-1.0673182010650635,0.7146434187889099;0.07081159949302673,0.3837246298789978,0.25313910841941833,-0.09042162448167801;0.011684443801641464,-0.060638606548309326,0.06361348181962967,-0.018651245161890984
;7.536552429199219;-2.8121999421633164e-16,0.010462473146617413,-1.066643476486206,0.7152296900749207;0.07023505121469498,0.38370057940483093,0.253486692905426,-0.0905822366476059;0.0117349773645401,-0.06067411229014397,0.06358644366264343,-0.018665267154574394
;7.488029479980469;-2.8874169972750903e-16,0.010481235571205616,-1.0659666061401367,0.7158138155937195;0.06966119259595871,0.3836764693260193,0.2538357079029083,-0.09074374288320541;0.011785883456468582,-0.060709718614816666,0.06355937570333481,-0.018679333850741386
;7.439353942871094;-2.9648850424441925e-16,0.01050004456192255,-1.0652871131896973,0.7163959741592407;0.06908997148275375,0.3836522102355957,0.25418615341186523,-0.09090617299079895;0.011837169528007507,-0.060745418071746826,0.0635322779417038,-0.01869344525039196
;7.390524864196777;-3.044679781240284e-16,0.01051890105009079,-1.0646052360534668,0.7169756889343262;0.06852145493030548,0.38362783193588257,0.2545381188392639,-0.09106945991516113;0.01188883651047945,-0.06078121066093445,0.06350516527891159,-0.018707599490880966
;7.341541767120361;-3.126873211463881e-16,0.010537805035710335,-1.0639209747314453,0.7175525426864624;0.06795559078454971,0.38360336422920227,0.2548914849758148,-0.09123366326093674;0.011940887197852135,-0.06081709638237953,0.0634780153632164,-0.018721802160143852
;7.292403697967529;-3.211544742453789e-16,0.010556756518781185,-1.063234567642212,0.7181277871131897;0.06739239394664764,0.38357874751091003,0.2552463114261627,-0.09139882773160934;0.011993332765996456,-0.06085308641195297,0.06345085054636002,-0.01873604580760002
;7.243110179901123;-3.2987825185760815e-16,0.010575756430625916,-1.0625454187393188,0.7187004089355469;0.06683186441659927,0.38355404138565063,0.25560262799263,-0.09156487137079239;0.01204617414623499,-0.06088917702436447,0.06342366337776184,-0.018750334158539772
;7.193660259246826;-3.3886670079607477e-16,0.0105948057025671,-1.0618538856506348,0.7192697525024414;0.06627403944730759,0.38352927565574646,0.25596046447753906,-0.09173187613487244;0.012099401094019413,-0.060925357043743134,0.06339644640684128,-0.018764669075608253
;7.144053936004639;-3.4812913842319855e-16,0.01061390433460474,-1.0611603260040283,0.7198367118835449;0.0657188817858696,0.3835044205188751,0.25631973147392273,-0.09189969301223755;0.012153040617704391,-0.06096164509654045,0.06336920708417892,-0.018779048696160316
;7.094289779663086;-3.5767395565911323e-16,0.010633052326738834,-1.060463786125183,0.720402181148529;0.06516644358634949,0.383479505777359,0.25668054819107056,-0.09206849336624146;0.012207078747451305,-0.06099803000688553,0.06334193795919418,-0.01879347488284111
;7.04436731338501;-3.6751070809425503e-16,0.010652250610291958,-1.0597649812698364,0.720964789390564;0.0646166279911995,0.38345447182655334,0.25704288482666016,-0.09223819524049759;0.01226152665913105,-0.06103450804948807,0.06331464648246765,-0.018807942047715187
;6.994286060333252;-3.7765040715693826e-16,0.010671498253941536,-1.0590636730194092,0.721524715423584;0.06406955420970917,0.38342931866645813,0.25740674138069153,-0.09240886569023132;0.012316388078033924,-0.061071090400218964,0.06328734010457993,-0.018822461366653442
;6.9440460205078125;-3.881023172700235e-16,0.010690799914300442,-1.05836021900177,0.7220820784568787;0.06352516263723373,0.38340407609939575,0.2577721178531647,-0.09258390218019485;0.012371665798127651,-0.061107661575078964,0.06326044350862503,-0.01883702166378498
;6.893645286560059;-3.988764704799798e-16,0.010710150934755802,-1.057653784751892,0.7226368188858032;0.06298347562551498,0.38337868452072144,0.258139044046402,-0.0927564799785614;0.01242737378925085,-0.06114444509148598,0.06323307752609253,-0.0188516303896904
;6.843084335327148;-4.099846458387299e-16,0.010729554109275341,-1.0569450855255127,0.7231897711753845;0.06244448944926262,0.38335320353507996,0.25850749015808105,-0.09293346107006073;0.012483503669500351,-0.061181217432022095,0.06320613622665405,-0.0188662838190794
;6.792361736297607;-4.2143809300260453e-16,0.010749013163149357,-1.0562338829040527,0.7237400412559509;0.06190820038318634,0.3833276629447937,0.25887757539749146,-0.09310796856880188;0.012540052644908428,-0.061218202114105225,0.06317871809005737,-0.01888098753988743
;6.741476535797119;-4.3324827338617124e-16,0.010768524371087551,-1.0555202960968018,0.7242879867553711;0.06137460842728615,0.3833019733428955,0.25924915075302124,-0.09328685700893402;0.012597038410604,-0.06125517934560776,0.06315172463655472,-0.01889573410153389
;6.690429210662842;-4.45426886632014e-16,0.010788089595735073,-1.0548039674758911,0.7248328924179077;0.06084373593330383,0.3832761347293854,0.25962236523628235,-0.09346672892570496;0.012654466554522514,-0.06129226088523865,0.06312470883131027,-0.01891052909195423
;6.639218807220459;-4.579880146628808e-16,0.010807708837091923,-1.0540852546691895,0.7253760099411011;0.0603155680000782,0.3832502067089081,0.2599971294403076,-0.09365111589431763;0.01271233893930912,-0.061329323798418045,0.06309811025857925,-0.018925374373793602
;6.587843418121338;-4.709434365306945e-16,0.01082738395780325,-1.0533640384674072,0.7259171605110168;0.05979011952877045,0.38322412967681885,0.2603735029697418,-0.09383297711610794;0.01277066208422184,-0.06136660650372505,0.06307103484869003,-0.018940264359116554
;6.536303997039795;-4.843069694604072e-16,0.010847114957869053,-1.0526401996612549,0.7264551520347595;0.05926735699176788,0.3831980228424072,0.2607514560222626,-0.0940193235874176;0.012829428538680077,-0.061403874307870865,0.06304439157247543,-0.018955202773213387
;6.484599590301514;-4.98093489468155e-16,0.010866902768611908,-1.051914095878601,0.726990282535553;0.05874732881784439,0.38317176699638367,0.26113107800483704,-0.09420669078826904;0.012888651341199875,-0.06144125759601593,0.06301772594451904,-0.01897018775343895
;6.432729721069336;-5.123171843558045e-16,0.01088674645870924,-1.0511852502822876,0.7275234460830688;0.05823002755641937,0.38314536213874817,0.26151230931282043,-0.0943949893116951;0.012948342598974705,-0.061478737741708755,0.06299103051424026,-0.018985223025083542
;6.380692958831787;-5.269924007438997e-16,0.010906649753451347,-1.0504539012908936,0.7280530333518982;0.05771542713046074,0.3831188678741455,0.26189517974853516,-0.09458436071872711;0.0130084827542305,-0.06151631847023964,0.0629643127322197,-0.019000303000211716
;6.328488826751709;-5.421358675331488e-16,0.010926608927547932,-1.0497198104858398,0.7285807728767395;0.05720357224345207,0.38309231400489807,0.2622796595096588,-0.0947747528553009;0.013069109991192818,-0.06155400723218918,0.06293757259845734,-0.019015435129404068
;6.276116847991943;-5.577637312891091e-16,0.010946628637611866,-1.0489833354949951,0.729106068611145;0.05669442191720009,0.3830655515193939,0.26266586780548096,-0.09496612101793289;0.013130195438861847,-0.061591800302267075,0.06291081011295319,-0.0190306156873703
;6.223576545715332;-5.738930385498439e-16,0.010966707020998001,-1.0482441186904907,0.729628324508667;0.05618799105286598,0.383038729429245,0.26305365562438965,-0.09515855461359024;0.01319176983088255,-0.06162969395518303,0.06288402527570724,-0.019045840948820114
;6.1708664894104;-5.905411005512127e-16,0.01098684687167406,-1.0475023984909058,0.7301483750343323;0.05568427965044975,0.38301175832748413,0.2634431719779968,-0.09535203129053116;0.013253823854029179,-0.061667703092098236,0.06285721808671951,-0.019061118364334106
;6.11798620223999;-6.077257579246672e-16,0.01100704725831747,-1.0467582941055298,0.7306658029556274;0.05518331751227379,0.3829846978187561,0.2638343870639801,-0.09554649144411087;0.013316362164914608,-0.0617058128118515,0.0628303810954094,-0.01907644420862198
;6.064935207366943;-6.254666512466717e-16,0.01102730818092823,-1.0460114479064941,0.7311803698539734;0.05468505620956421,0.38295745849609375,0.2642272412776947,-0.09574203193187714;0.01337940338999033,-0.06174403429031372,0.06280352175235748,-0.01909182034432888
;6.011712551116943;-6.437837387310459e-16,0.01104763150215149,-1.045262336730957,0.7316927909851074;0.054189532995224,0.38293009996414185,0.2646218240261078,-0.09593860059976578;0.01344294473528862,-0.0617823600769043,0.06277664005756378,-0.019107244908809662
;5.958317279815674;-6.626962374377808e-16,0.011068018153309822,-1.0445106029510498,0.7322021722793579;0.05369673669338226,0.38290274143218994,0.265018105506897,-0.09613629430532455;0.013506981544196606,-0.06182079389691353,0.06274973601102829,-0.019122719764709473
;5.904748916625977;-6.822266466795376e-16,0.011088468134403229,-1.043756127357483,0.7327091693878174;0.05320665240287781,0.38287511467933655,0.26541611552238464,-0.09633496403694153;0.013571535237133503,-0.061859335750341415,0.06272280961275101,-0.019138244912028313
;5.851006984710693;-7.02396724615149e-16,0.011108982376754284,-1.0429991483688354,0.7332132458686829;0.052719298750162125,0.38284745812416077,0.2658159136772156,-0.09653465449810028;0.013636588118970394,-0.061897989362478256,0.06269586086273193,-0.01915382221341133
;5.79709005355835;-7.232285999803621e-16,0.011129559949040413,-1.0422394275665283,0.7337143421173096;0.05223466083407402,0.38281962275505066,0.2662174105644226,-0.09673547744750977;0.013702180236577988,-0.061936743557453156,0.06266887485980988,-0.01916944794356823
;5.742998123168945;-7.447472602471208e-16,0.011150205507874489,-1.0414775609970093,0.7342128753662109;0.05175276845693588,0.3827916979789734,0.2666206657886505,-0.09693735837936401;0.013768279924988747,-0.06197561323642731,0.06264188140630722,-0.019185123965144157
;5.688730239868164;-7.669759988214746e-16,0.011170915327966213,-1.0407130718231201,0.7347086668014526;0.05127359926700592,0.3827636241912842,0.2670256495475769,-0.0971403419971466;0.01383491512387991,-0.06201459467411041,0.06261485069990158,-0.019200852140784264
;5.6342854499816895;-7.899418148786172e-16,0.01119169406592846,-1.0399457216262817,0.7352026700973511;0.05079715698957443,0.3827354609966278,0.26743245124816895,-0.09734436869621277;0.013902089558541775,-0.06205368787050247,0.06258781254291534,-0.0192166306078434
;5.579663276672363;-8.136709135003544e-16,0.011212537996470928,-1.0391759872436523,0.7356929183006287;0.05032343417406082,0.3827071487903595,0.26784107089042664,-0.09754948318004608;0.01396980695426464,-0.06209288537502289,0.06256072968244553,-0.019232461228966713
;5.524862766265869;-8.381896585871694e-16,0.011233451776206493,-1.0384037494659424,0.7361807227134705;0.049852434545755386,0.38267871737480164,0.2682514190673828,-0.09775573760271072;0.01403806358575821,-0.062132202088832855,0.06253363937139511,-0.019248342141509056
;5.469883441925049;-8.63528437446045e-16,0.011254431679844856,-1.0376291275024414,0.7366657853126526;0.04938417300581932,0.38265010714530945,0.268663614988327,-0.09796303510665894;0.014106878079473972,-0.06217161938548088,0.06250651925802231,-0.019264277070760727
;5.414724349975586;-8.897158903785102e-16,0.011275483295321465,-1.0368512868881226,0.737148106098175;0.048918627202510834,0.3826214373111725,0.2690776288509369,-0.09817145019769669;0.014176253229379654,-0.06221115589141846,0.062479373067617416,-0.019280262291431427
;5.359385013580322;-9.16785051669508e-16,0.011296603828668594,-1.0360716581344604,0.7376279830932617;0.04845580458641052,0.3825925886631012,0.26949343085289,-0.09838097542524338;0.01424618810415268,-0.06225080415606499,0.062452204525470734,-0.019296301528811455
;5.303864479064941;-9.447661498073433e-16,0.011317797005176544,-1.0352892875671387,0.7381046414375305;0.04799572005867958,0.38256365060806274,0.2699110805988312,-0.09859158843755722;0.01431669108569622,-0.06229056790471077,0.06242501363158226,-0.019312391057610512
;5.248162269592285;-9.736943366593274e-16,0.01133906189352274,-1.0345041751861572,0.7385783791542053;0.04753834754228592,0.38253453373908997,0.27033060789108276,-0.09880336374044418;0.014387772418558598,-0.062330447137355804,0.062397800385951996,-0.019328532740473747
;5.192276954650879;-1.0036028582686399e-15,0.011360397562384605,-1.0337165594100952,0.739050030708313;0.047083690762519836,0.38250529766082764,0.2707519829273224,-0.09901618957519531;0.014459430240094662,-0.062370430678129196,0.062370557337999344,-0.01934472844004631
;5.136208534240723;-1.034529513480552e-15,0.01138180959969759,-1.0329264402389526,0.7395184636116028;0.046631768345832825,0.38247597217559814,0.27117520570755005,-0.09923019260168076;0.014531678520143032,-0.06241053715348244,0.0623432919383049,-0.0193609781563282
;5.0799560546875;-1.0665124187776904e-15,0.011403294280171394,-1.03213369846344,0.7399845719337463;0.04618256539106369,0.3824464678764343,0.2716003358364105,-0.09944533556699753;0.014604524709284306,-0.06245075911283493,0.06231600418686867,-0.01937728002667427
;5.023519039154053;-1.099590114159155e-15,0.011424854397773743,-1.0313386917114258,0.7404483556747437;0.045736100524663925,0.38241681456565857,0.2720273733139038,-0.09966156631708145;0.01467796042561531,-0.06249109283089638,0.06228869408369064,-0.01939363405108452
;4.966896057128906;-1.1338014572614009e-15,0.011446489952504635,-1.0305408239364624,0.7409085035324097;0.045292336493730545,0.38238707184791565,0.2724562883377075,-0.09987896680831909;0.014752018265426159,-0.06253154575824738,0.06226135045289993,-0.019410045817494392
;4.910086631774902;-1.1691915525888696e-15,0.01146820280700922,-1.0297406911849976,0.7413656711578369;0.04485127702355385,0.3823571801185608,0.27288714051246643,-0.10009751468896866;0.014826682396233082,-0.06257211416959763,0.06223399192094803,-0.019426507875323296
;4.853090286254883;-1.2058033870636343e-15,0.011489994823932648,-1.0289380550384521,0.7418203353881836;0.04441293701529503,0.3823270797729492,0.27331992983818054,-0.10031721740961075;0.014901953749358654,-0.06261279433965683,0.062206611037254333,-0.019443027675151825
;4.7959065437316895;-1.2436830181022018e-15,0.011511864140629768,-1.0281329154968262,0.7422720789909363;0.04397732391953468,0.38229691982269287,0.27375465631484985,-0.10053809732198715;0.014977864921092987,-0.06265359371900558,0.062179192900657654,-0.019459595903754234
;4.738533973693848;-1.2828791500990393e-15,0.011533812619745731,-1.0273250341415405,0.742720901966095;0.04354443773627281,0.382266640663147,0.27419134974479675,-0.1007600948214531;0.01505439542233944,-0.06269451230764389,0.06215175986289978,-0.01947622373700142
;4.680972576141357;-1.3234409109650876e-15,0.011555841192603111,-1.026515007019043,0.7431663870811462;0.04311424121260643,0.38223621249198914,0.27462995052337646,-0.10098693519830704;0.015131575055420399,-0.0627354234457016,0.06212476268410683,-0.019492903724312782
;4.623222351074219;-1.365419440314537e-15,0.011577951721847057,-1.0257021188735962,0.7436100244522095;0.04268674924969673,0.3822055757045746,0.27507054805755615,-0.10121487081050873;0.015209396369755268,-0.06277646124362946,0.06209773197770119,-0.019509639590978622
;4.565281391143799;-1.408868948256012e-15,0.011600145138800144,-1.0248868465423584,0.744050145149231;0.0422619953751564,0.3821748197078705,0.2755131423473358,-0.1014404147863388;0.015287870541214943,-0.06281773000955582,0.06207022815942764,-0.01952643319964409
;4.5071492195129395;-1.4538445978102025e-15,0.011622418649494648,-1.0240691900253296,0.7444872260093689;0.04183994233608246,0.38214394450187683,0.27595773339271545,-0.101667121052742;0.015367003157734871,-0.06285912543535233,0.06204269826412201,-0.019543278962373734
;4.448825836181641;-1.5004057871625346e-15,0.011644778773188591,-1.0232492685317993,0.744921088218689;0.0414205901324749,0.38211286067962646,0.27640435099601746,-0.10189864784479141;0.015446797013282776,-0.06290052086114883,0.062015600502491,-0.019560178741812706
;4.390310764312744;-1.5486140320808027e-15,0.0116672208532691,-1.022426724433899,0.7453521490097046;0.04100395366549492,0.3820817470550537,0.27685296535491943,-0.10213503986597061;0.015527267940342426,-0.06294190883636475,0.061988938599824905,-0.019577136263251305
;4.331603050231934;-1.5985312718492747e-15,0.0116897476837039,-1.0216017961502075,0.745780348777771;0.04059002920985222,0.382050484418869,0.27730363607406616,-0.10237264633178711;0.015608411282300949,-0.0629834309220314,0.06196225807070732,-0.01959414966404438
;4.272702693939209;-1.6502209280598763e-15,0.011712361127138138,-1.020774483680725,0.746205747127533;0.04017878696322441,0.3820189833641052,0.27775630354881287,-0.10261144489049911;0.015690242871642113,-0.06302506476640701,0.06193555146455765,-0.019611217081546783
;4.213608264923096;-1.7037544691175322e-15,0.011735063046216965,-1.0199445486068726,0.74662846326828;0.039770279079675674,0.3819873332977295,0.2782111167907715,-0.10285146534442902;0.015772759914398193,-0.06306681782007217,0.061908818781375885,-0.019628344103693962
;4.1543192863464355;-1.759202622273338e-15,0.011757849715650082,-1.0191118717193604,0.7470480799674988;0.03936444967985153,0.3819555938243866,0.2786678969860077,-0.10309267789125443;0.01585598848760128,-0.06310869753360748,0.06188207119703293,-0.01964552327990532
;4.09483528137207;-1.816640667580481e-15,0.011780728586018085,-1.0182771682739258,0.747464656829834;0.03896132856607437,0.3819236755371094,0.2791267931461334,-0.1033351719379425;0.015939923003315926,-0.06315069645643234,0.061855290085077286,-0.01966276206076145
;4.035155773162842;-1.8761438850921483e-15,0.011803697794675827,-1.017439842224121,0.7478784918785095;0.038560900837183,0.381891667842865,0.2795878052711487,-0.1035788357257843;0.016024567186832428,-0.06319281458854675,0.06182849034667015,-0.019680054858326912
;3.9752795696258545;-1.937793272333921e-15,0.011826757341623306,-1.016600489616394,0.7482888698577881;0.03816315159201622,0.3818594515323639,0.2800509035587311,-0.10382375866174698;0.016109934076666832,-0.06323505192995071,0.061801664531230927,-0.019697405397892
;3.915205955505371;-2.001673532600525e-15,0.011849909089505672,-1.0157585144042969,0.7486960887908936;0.03776811063289642,0.38182711601257324,0.2805160880088806,-0.10406994819641113;0.016196036711335182,-0.06327741593122482,0.06177482753992081,-0.01971481367945671
;3.8549346923828125;-2.0678719102855273e-15,0.011873151175677776,-1.0149141550064087,0.7491001486778259;0.037375759333372116,0.3817945420742035,0.28098344802856445,-0.10431735217571259;0.016282876953482628,-0.06331989914178848,0.061747957020998,-0.0197322815656662
;3.7944648265838623;-2.1364784026395734e-15,0.011896486394107342,-1.01406729221344,0.7495017051696777;0.03698606789112091,0.3817618787288666,0.2814529240131378,-0.10456602275371552;0.01637045294046402,-0.06336251646280289,0.061721060425043106,-0.019749805331230164
;3.733795642852783;-2.2075895714186505e-15,0.011919917538762093,-1.0132180452346802,0.7498999238014221;0.03659906983375549,0.3817290961742401,0.2819245159626007,-0.10481594502925873;0.016458790749311447,-0.06340524554252625,0.06169414520263672,-0.019767384976148605
;3.672926425933838;-2.281302613653456e-15,0.011943443678319454,-1.012366533279419,0.7502950429916382;0.03621475771069527,0.38169610500335693,0.2823983132839203,-0.10506709665060043;0.01654788665473461,-0.06344810873270035,0.06166720762848854,-0.019785024225711823
;3.61185622215271;-2.3577227731876862e-15,0.01196706760674715,-1.0115127563476562,0.750687301158905;0.03583309426903725,0.38166293501853943,0.282874196767807,-0.10531959682703018;0.016637763008475304,-0.0634910836815834,0.06164024770259857,-0.019802721217274666
;3.5505847930908203;-2.4369576232056425e-15,0.011990786530077457,-1.0106563568115234,0.7510761022567749;0.035454124212265015,0.38162967562675476,0.2833523750305176,-0.10557326674461365;0.016728410497307777,-0.0635342001914978,0.061613257974386215,-0.019820474088191986
;3.4891109466552734;-2.519117277990468e-15,0.012014606036245823,-1.0097979307174683,0.7514621615409851;0.03507779911160469,0.38159623742103577,0.28383269906044006,-0.10582827776670456;0.016819844022393227,-0.06357742846012115,0.061586249619722366,-0.01983828842639923
;3.4274346828460693;-2.604319263363594e-15,0.012038525193929672,-1.008937120437622,0.7518452405929565;0.03470414876937866,0.38156262040138245,0.2843152582645416,-0.10608451813459396;0.016912061721086502,-0.06362078338861465,0.061559222638607025,-0.019856160506606102
;3.3655545711517334;-2.692686610860609e-15,0.012062542140483856,-1.0080738067626953,0.7522248029708862;0.03433314710855484,0.38152891397476196,0.2848000228404999,-0.10634210705757141;0.017005106434226036,-0.0636642724275589,0.061532162129879,-0.0198740903288126
;3.3034703731536865;-2.784344257841234e-15,0.012086662463843822,-1.007208228111267,0.7526018023490906;0.033964794129133224,0.38149493932724,0.2852870225906372,-0.10660095512866974;0.017098944634199142,-0.06370788812637329,0.06150508299469948,-0.01989208161830902
;3.2411811351776123;-2.8794298471593966e-15,0.012110885232686996,-1.0063403844833374,0.752975583076477;0.03359910473227501,0.38146090507507324,0.285776287317276,-0.10686107724905014;0.01719360612332821,-0.06375162303447723,0.061477985233068466,-0.019910132512450218
;3.1786863803863525;-2.9780778452954742e-15,0.012135209515690804,-1.0054705142974854,0.7533462643623352;0.033236026763916016,0.381426602602005,0.28626778721809387,-0.10712254047393799;0.01728910207748413,-0.06379549205303192,0.06145085394382477,-0.01992824114859104
;3.11598539352417;-3.0804326713669734e-15,0.012159639038145542,-1.004597783088684,0.7537137866020203;0.032875608652830124,0.3813921809196472,0.2867615818977356,-0.10738527774810791;0.017385438084602356,-0.06383948773145676,0.06142370030283928,-0.01994640938937664
;3.053077220916748;-3.1866472148208737e-15,0.012184173800051212,-1.00372314453125,0.7540778517723083;0.032517824321985245,0.38135769963264465,0.2872576415538788,-0.10764937102794647;0.017482608556747437,-0.06388360261917114,0.0613965280354023,-0.019964639097452164
;2.989961624145508;-3.2968743651041544e-15,0.012208813801407814,-1.002846360206604,0.7544388771057129;0.03216266632080078,0.3813228905200958,0.2877560257911682,-0.10791472345590591;0.017580652609467506,-0.06392785161733627,0.06136932596564293,-0.019982926547527313
;2.9266374111175537;-3.411281834740372e-15,0.012233561836183071,-1.001966953277588,0.75479656457901;0.03181014209985733,0.38128799200057983,0.2882567048072815,-0.108181431889534;0.017679546028375626,-0.06397224217653275,0.06134210526943207,-0.020001277327537537
;2.8631041049957275;-3.5300419949342923e-15,0.012258416973054409,-1.0010852813720703,0.7551517486572266;0.031460221856832504,0.38125288486480713,0.288759708404541,-0.10844945907592773;0.017779333516955376,-0.06401675194501877,0.06131485849618912,-0.020019685849547386
;2.799360990524292;-3.6533255228247876e-15,0.012283384799957275,-1.0002015829086304,0.7555027604103088;0.031112924218177795,0.3812176585197449,0.28926506638526917,-0.10871878266334534;0.017879998311400414,-0.06406139582395554,0.061287593096494675,-0.02003815770149231
;2.7354073524475098;-3.78132829478091e-15,0.012308457866311073,-0.9993154406547546,0.7558510899543762;0.030768226832151413,0.3811822831630707,0.28977274894714355,-0.10898948460817337;0.017981557175517082,-0.06410616636276245,0.061260297894477844,-0.02005668915808201
;2.671243190765381;-3.914242163765213e-15,0.012333644554018974,-0.9984272122383118,0.7561962604522705;0.03042614459991455,0.3811466693878174,0.29028281569480896,-0.1092652902007103;0.01808401197195053,-0.06415094435214996,0.061233457177877426,-0.020075282081961632
;2.606867551803589;-4.0522661825203015e-15,0.012358943931758404,-0.9975364804267883,0.7565374970436096;0.03008665330708027,0.38111087679862976,0.290795236825943,-0.10953868180513382;0.018187394365668297,-0.06419597566127777,0.061206113547086716,-0.02009393647313118
;2.5422792434692383;-4.195615073898304e-15,0.012384355068206787,-0.9966436624526978,0.7568761110305786;0.029749762266874313,0.381074994802475,0.29131004214286804,-0.1098133996129036;0.018291698768734932,-0.06424114108085632,0.06117875128984451,-0.020112652331590652
;2.47747802734375;-4.344509913498454e-15,0.012409883551299572,-0.9957483410835266,0.7572107911109924;0.029415441676974297,0.3810388743877411,0.2918272614479065,-0.1100894883275032;0.018396921455860138,-0.06428644061088562,0.06115136295557022,-0.0201314277946949
;2.4124631881713867;-4.499182788348299e-15,0.012435524724423885,-0.9948509931564331,0.7575426697731018;0.029083719477057457,0.3810025751590729,0.29234686493873596,-0.11037074029445648;0.018503112718462944,-0.06433174759149551,0.061124421656131744,-0.020150266587734222
;2.3472352027893066;-4.659881455584911e-15,0.0124612832441926,-0.9939514398574829,0.757871150970459;0.028754565864801407,0.3809661269187927,0.2928689420223236,-0.11065717786550522;0.018610229715704918,-0.0643770694732666,0.06109793484210968,-0.020169168710708618
;2.2817933559417725;-4.8268422374005745e-15,0.012487159110605717,-0.9930492639541626,0.7581962943077087;0.02842799760401249,0.38092947006225586,0.29339340329170227,-0.11094500869512558;0.018718326464295387,-0.06442252546548843,0.061071425676345825,-0.02018813043832779
;2.2161366939544678;-5.000339572470199e-15,0.01251315325498581,-0.9921449422836304,0.7585182785987854;0.028103990480303764,0.38089269399642944,0.2939203381538391,-0.11123423278331757;0.018827402964234352,-0.06446810811758041,0.06104489043354988,-0.020207155495882034
;2.1502647399902344;-5.180648746501643e-15,0.012539267539978027,-0.9912384152412415,0.7588369846343994;0.027782535180449486,0.3808556795120239,0.2944497764110565,-0.11152485013008118;0.01893746294081211,-0.06451383233070374,0.061018332839012146,-0.020226243883371353
;2.084176778793335;-5.368050974433394e-15,0.01256550382822752,-0.9903297424316406,0.759151816368103;0.027463657781481743,0.3808184862136841,0.2949816584587097,-0.11181682348251343;0.019048510119318962,-0.06455967575311661,0.06099175289273262,-0.020245391875505447
;2.0178720951080322;-5.5628537292253064e-15,0.012591858394443989,-0.9894183874130249,0.7594642043113708;0.027147317305207253,0.38078123331069946,0.29551607370376587,-0.11211021989583969;0.019160551950335503,-0.06460566073656082,0.0609651543200016,-0.020264605060219765
;1.9513500928878784;-5.7653623662548645e-15,0.012618335895240307,-0.9885048270225525,0.7597725987434387;0.026833506301045418,0.38074368238449097,0.2960529923439026,-0.11240506172180176;0.019273627549409866,-0.06465178728103638,0.060938529670238495,-0.020283881574869156
;1.8846099376678467;-5.975916545733918e-15,0.012644937261939049,-0.9875890016555786,0.7600780725479126;0.026522239670157433,0.38070592284202576,0.2965924143791199,-0.11270128935575485;0.019387733191251755,-0.06469804048538208,0.0609118826687336,-0.02030321955680847
;1.8176510334014893;-6.1948483045777894e-15,0.012671662494540215,-0.986670970916748,0.7603798508644104;0.02621350809931755,0.380668044090271,0.2971343398094177,-0.11299893260002136;0.019502870738506317,-0.06474442780017853,0.06088521331548691,-0.02032262086868286
;1.7504723072052002;-6.422525678602062e-15,0.012698515318334103,-0.9857503175735474,0.7606786489486694;0.025907287374138832,0.38062992691993713,0.2976788878440857,-0.11329413950443268;0.019619056954979897,-0.06479107588529587,0.060858044773340225,-0.020342085510492325
;1.6830723285675049;-6.659322632852948e-15,0.012725492008030415,-0.9848273396492004,0.7609735131263733;0.02560357190668583,0.3805916905403137,0.29822593927383423,-0.113590769469738;0.01973632350564003,-0.06483786553144455,0.06083085015416145,-0.02036161720752716
;1.6154505014419556;-6.905620332156711e-15,0.012752597220242023,-0.9839023351669312,0.7612650394439697;0.02530236355960369,0.3805532157421112,0.2987755239009857,-0.11388496309518814;0.019854659214615822,-0.06488490104675293,0.060803160071372986,-0.02038121037185192
;1.5476059913635254;-7.161849069250558e-15,0.01277983095496893,-0.982974648475647,0.7615532875061035;0.02500363625586033,0.380514532327652,0.2993277311325073,-0.1141844168305397;0.019974088296294212,-0.0649319663643837,0.06077592074871063,-0.020400868728756905
;1.479538917541504;-7.428428972476326e-15,0.012807191349565983,-0.9820448756217957,0.7618377804756165;0.024707404896616936,0.3804756999015808,0.29988253116607666,-0.11448535323143005;0.0200946107506752,-0.06497915834188461,0.06074865534901619,-0.020420590415596962
;1.4112482070922852;-7.705817016109059e-15,0.012834686785936356,-0.9811124205589294,0.762118935585022;0.02441364713013172,0.3804366886615753,0.3004399836063385,-0.1147877424955368;0.020216235890984535,-0.06502649933099747,0.060721367597579956,-0.020440377295017242
;1.3427335023880005;-7.994468056841432e-15,0.01286230981349945,-0.980177640914917,0.7623959183692932;0.024122364819049835,0.3803974390029907,0.30100002884864807,-0.11509542167186737;0.020339014008641243,-0.06507384777069092,0.060694534331560135,-0.020460231229662895
;1.2739944458007812;-8.29488353817822e-15,0.01289006695151329,-0.979240357875824,0.7626702785491943;0.02383355237543583,0.3803580403327942,0.30156272649765015,-0.11540458351373672;0.02046290971338749,-0.06512133777141571,0.06066768243908882,-0.020480148494243622
;1.2050297260284424;-8.607574220986618e-15,0.0129179572686553,-0.9783003926277161,0.7629407644271851;0.02354719489812851,0.3803185522556305,0.3021281063556671,-0.11571121215820312;0.020587947219610214,-0.0651690885424614,0.060640327632427216,-0.020500129088759422
;1.1358388662338257;-8.933077971188131e-15,0.012945983558893204,-0.9773578643798828,0.7632076740264893;0.02326328307390213,0.3802787661552429,0.3026961386203766,-0.11602327972650528;0.020714174956083298,-0.06521686166524887,0.06061342731118202,-0.020520174875855446
;1.0664211511611938;-9.271973312285735e-15,0.012974141165614128,-0.9764129519462585,0.7634714841842651;0.022981802001595497,0.380238801240921,0.30326682329177856,-0.11633677780628204;0.020841574296355247,-0.06526476889848709,0.06058650463819504,-0.020540285855531693
;0.9967761039733887;-9.624830297452931e-15,0.01300243753939867,-0.9754651784896851,0.7637308835983276;0.022702759131789207,0.38019871711730957,0.3038402795791626,-0.11665185540914536;0.020970135927200317,-0.06531281769275665,0.060559555888175964,-0.02056046389043331
;0.9269028306007385;-9.9922723429389e-15,0.013030868954956532,-0.9745144844055176,0.7639874815940857;0.022426141425967216,0.38015836477279663,0.30441638827323914,-0.1169683188199997;0.021099930629134178,-0.06536100804805756,0.0605325885117054,-0.020580708980560303
;0.8568006753921509;-1.0374950817080078e-14,0.013059440068900585,-0.9735616445541382,0.7642401456832886;0.02215193584561348,0.380117803812027,0.30499523878097534,-0.1172863245010376;0.021230924874544144,-0.0654093399643898,0.06050559878349304,-0.020601021125912666
;0.7864688038825989;-1.0773529793707114e-14,0.013088150881230831,-0.9726057648658752,0.7644892930984497;0.02188013307750225,0.380077064037323,0.3055768609046936,-0.1176057979464531;0.02136315032839775,-0.06545781344175339,0.060478582978248596,-0.020621398463845253
;0.7159063816070557;-1.1188749579615909e-14,0.01311699952930212,-0.9716471433639526,0.7647349834442139;0.02161073125898838,0.3800361156463623,0.3061612546443939,-0.11792681366205215;0.021496623754501343,-0.06550642848014832,0.06045154854655266,-0.020641840994358063
;0.6451126337051392;-1.162131998841626e-14,0.013145987875759602,-0.9706858992576599,0.7649770975112915;0.02134370431303978,0.3799949884414673,0.3067483901977539,-0.1182493269443512;0.021631360054016113,-0.06555519253015518,0.060424480587244034,-0.020662350580096245
;0.5740868449211121;-1.207203045481501e-14,0.013175120577216148,-0.9697213768959045,0.7652149796485901;0.021079067140817642,0.379953533411026,0.30733832716941833,-0.1185733899474144;0.02176736667752266,-0.06560409069061279,0.06039740517735481,-0.020682930946350098
;0.5028281807899475;-1.254169751857331e-14,0.013204393908381462,-0.9687540531158447,0.7654493451118469;0.02081679180264473,0.37991204857826233,0.30793100595474243,-0.11889896541833878;0.021904675289988518,-0.06565313786268234,0.060370296239852905,-0.020703572779893875
;0.43133583664894104;-1.3031175835934942e-14,0.01323381345719099,-0.9677836894989014,0.7656798362731934;0.020556876435875893,0.37987020611763,0.30852657556533813,-0.11922606825828552;0.022043267264962196,-0.06570232659578323,0.06034316495060921,-0.020724287256598473
;0.35960903763771057;-1.3541378508417044e-14,0.01326337642967701,-0.966810405254364,0.7659066915512085;0.020299309864640236,0.37982821464538574,0.3091249465942383,-0.11955469846725464;0.022183187305927277,-0.06575166434049606,0.06031600758433342,-0.020745066925883293
;0.2876468896865845;-1.4073222872701494e-14,0.013293081894516945,-0.9658337831497192,0.7661300301551819;0.020044082775712013,0.37978601455688477,0.30972614884376526,-0.1198849007487297;0.02232442982494831,-0.06580113619565964,0.06028883159160614,-0.020765917375683784
;0.21544848382472992;-1.4627683016677634e-14,0.013322935439646244,-0.9648540616035461,0.7663497924804688;0.01979117840528488,0.3797435760498047,0.31033021211624146,-0.12021666020154953;0.02246704511344433,-0.06585076451301575,0.06026163324713707,-0.020786834880709648
;0.14301300048828125;-1.52058118022989e-14,0.013352932408452034,-0.9638709425926208,0.7665655612945557;0.019540593028068542,0.37970098853111267,0.31093716621398926,-0.12054996937513351;0.022611016407608986,-0.0659005343914032,0.06023441255092621,-0.020807817578315735
;0.07033946365118027;-1.580868750250715e-14,0.013383079320192337,-0.9628846645355225,0.7667779922485352;0.019292324781417847,0.37965813279151917,0.31154707074165344,-0.12088483572006226;0.02275635488331318,-0.06595045328140259,0.06020716577768326,-0.02082887478172779
;-0.002572892466560006;-1.6437436671122227e-14,0.013413374312222004,-0.9618950486183167,0.7669861912727356;0.019046349450945854,0.37961503863334656,0.31215983629226685,-0.12122129648923874;0.02290310338139534,-0.06600052118301392,0.06017989665269852,-0.02084999717772007
;-0.07572498917579651;-1.709325193053387e-14,0.01344381645321846,-0.9609016180038452,0.7671904563903809;0.01880265772342682,0.37957173585891724,0.31277549266815186,-0.12155929952859879;0.02305126003921032,-0.06605073809623718,0.06015259772539139,-0.02087119221687317
;-0.14911776781082153;-1.7777391971701695e-14,0.013474407605826855,-0.9599046111106873,0.7673909068107605;0.01856124773621559,0.3795282542705536,0.31339412927627563,-0.12189894914627075;0.023200860247015953,-0.06610109657049179,0.06012528017163277,-0.02089245431125164
;-0.22275225818157196;-1.8491149366903215e-14,0.013505153357982635,-0.9589038491249084,0.7675877809524536;0.018322104588150978,0.37948453426361084,0.3140157163143158,-0.12224017828702927;0.023351887241005898,-0.06615161150693893,0.06009794771671295,-0.020913787186145782
;-0.29662930965423584;-1.9235920026435503e-14,0.01353604719042778,-0.9578995704650879,0.7677806615829468;0.018085217103362083,0.379440575838089,0.31464022397994995,-0.12258298695087433;0.02350441738963127,-0.06620226800441742,0.06007057800889015,-0.020935190841555595
;-0.37074998021125793;-2.0013113413122792e-14,0.013567093759775162,-0.9568910598754883,0.7679696083068848;0.01785057596862316,0.37939637899398804,0.31526780128479004,-0.12292739748954773;0.023658405989408493,-0.06625308096408844,0.06004318594932556,-0.02095666341483593
;-0.44511520862579346;-2.0824279597258556e-14,0.013598291203379631,-0.9558786749839783,0.7681543827056885;0.017618168145418167,0.37935197353363037,0.3158983290195465,-0.12327342480421066;0.023813888430595398,-0.0663040354847908,0.06001577898859978,-0.020978208631277084
;-0.519726037979126;-2.1670961872872693e-14,0.013629640452563763,-0.9548619985580444,0.7683355808258057;0.017387978732585907,0.3793073892593384,0.3165318965911865,-0.12362112104892731;0.023970896378159523,-0.0663551539182663,0.059988342225551605,-0.02099982649087906
;-0.5945834517478943;-2.2554855999925606e-14,0.01366114616394043,-0.9538412690162659,0.7685126662254333;0.01716000586748123,0.3792624771595001,0.3171684741973877,-0.1239703968167305;0.024129455909132957,-0.06640641391277313,0.05996088683605194,-0.021021511405706406
;-0.6696885824203491;-2.347770009002506e-14,0.013692805543541908,-0.9528164267539978,0.7686858773231506;0.0169342290610075,0.37921738624572754,0.3178081512451172,-0.12432138621807098;0.024289559572935104,-0.0664578303694725,0.05993340164422989,-0.02104327082633972
;-0.7450416684150696;-2.4441361003786806e-14,0.013724621385335922,-0.9517868161201477,0.7688543796539307;0.016710644587874413,0.37917205691337585,0.3184508681297302,-0.12467805296182632;0.024451233446598053,-0.06650927662849426,0.05990638956427574,-0.02106510102748871
;-0.8206446170806885;-2.544772423655143e-14,0.013756589964032173,-0.9507527351379395,0.769019365310669;0.016489246860146523,0.37912651896476746,0.3190966844558716,-0.12503230571746826;0.02461450733244419,-0.06656099855899811,0.05987885966897011,-0.021087003871798515
;-0.8964985013008118;-2.649884807838076e-14,0.013788717798888683,-0.9497138261795044,0.7691802382469177;0.01627001166343689,0.37908071279525757,0.31974560022354126,-0.1253882795572281;0.024779396131634712,-0.06661287695169449,0.059851303696632385,-0.021108977496623993
;-0.9726041555404663;-2.759681623032504e-14,0.013820999301970005,-0.9486702084541321,0.7693369388580322;0.01605292782187462,0.3790346384048462,0.32039767503738403,-0.12575000524520874;0.02494593895971775,-0.06666478514671326,0.059824224561452866,-0.02113102562725544
;-1.0489619970321655;-2.874390721101239e-14,0.013853438198566437,-0.947621762752533,0.769489586353302;0.01583799161016941,0.3789883852005005,0.3210528492927551,-0.12611344456672668;0.025114117190241814,-0.06671684980392456,0.05979711562395096,-0.021153146401047707
;-1.1255736351013184;-2.99424656076408e-14,0.013886034488677979,-0.946567952632904,0.7696383595466614;0.01562519185245037,0.3789418637752533,0.3217111825942993,-0.12647855281829834;0.02528395876288414,-0.0667690634727478,0.05976998805999756,-0.021175343543291092
;-1.2024399042129517;-3.119495628608679e-14,0.013918789103627205,-0.9455088973045349,0.7697832584381104;0.015414510853588581,0.3788951337337494,0.3223727345466614,-0.12684953212738037;0.025455515831708908,-0.06682131439447403,0.059743329882621765,-0.021197611466050148
;-1.2795618772506714;-3.2503954226510007e-14,0.013951701112091541,-0.9444443583488464,0.7699236869812012;0.015205944888293743,0.3788481056690216,0.32303741574287415,-0.1272222399711609;0.02562878653407097,-0.0668737143278122,0.05971664935350418,-0.021219953894615173
;-1.356940746307373;-3.38721902631324e-14,0.013984771445393562,-0.9433741569519043,0.7700596451759338;0.014999479055404663,0.3788008391857147,0.32370540499687195,-0.12759672105312347;0.025803767144680023,-0.06692628562450409,0.05968994274735451,-0.02124236896634102
;-1.434578537940979;-3.5302554472370004e-14,0.014018001966178417,-0.942298173904419,0.7701919674873352;0.01479509100317955,0.37875330448150635,0.32437658309936523,-0.12796874344348907;0.025980526581406593,-0.06697912514209747,0.059662722051143646,-0.02126486226916313
;-1.5124764442443848;-3.6798045350856096e-14,0.014051390811800957,-0.9412164092063904,0.7703192234039307;0.014592783525586128,0.37870562076568604,0.3250509798526764,-0.12834255397319794;0.026159079745411873,-0.06703213602304459,0.05963548272848129,-0.021287426352500916
;-1.5906351804733276;-3.8361796920495517e-14,0.014084938913583755,-0.9401283264160156,0.7704426646232605;0.014392533339560032,0.37865757942199707,0.3257286548614502,-0.12872231006622314;0.02633943036198616,-0.06708518415689468,0.059608712792396545,-0.021310068666934967
;-1.6690573692321777;-3.999725829944949e-14,0.014118646271526814,-0.9390344023704529,0.770561933517456;0.01419433206319809,0.3786093294620514,0.32640963792800903,-0.12909549474716187;0.026521602645516396,-0.06713863462209702,0.05958092212677002,-0.021332789212465286
;-1.7477446794509888;-4.1707807455111656e-14,0.014152511022984982,-0.9379334449768066,0.7706766128540039;0.01399817131459713,0.37856078147888184,0.3270938992500305,-0.12947048246860504;0.026705661788582802,-0.06719224900007248,0.0595531165599823,-0.021355582401156425
;-1.8266987800598145;-4.349720860189962e-14,0.014186536893248558,-0.9368261694908142,0.770787239074707;0.013804029673337936,0.3785119950771332,0.32778146862983704,-0.12984728813171387;0.026891564950346947,-0.06724604219198227,0.059525277465581894,-0.02137845568358898
;-1.9059202671051025;-4.5369429242138326e-14,0.014220722019672394,-0.9357120990753174,0.7708932757377625;0.013611897826194763,0.37846291065216064,0.32847243547439575,-0.13023003935813904;0.027079377323389053,-0.06729985773563385,0.05949791893362999,-0.021401403471827507
;-1.9854105710983276;-4.7328402996834815e-14,0.014255067333579063,-0.9345909953117371,0.770995020866394;0.013421762734651566,0.3784136176109314,0.3291667699813843,-0.13061462342739105;0.02726912312209606,-0.06735384464263916,0.059470534324645996,-0.02142443135380745
;-2.065171480178833;-4.937853104918302e-14,0.014289572834968567,-0.9334626793861389,0.7710921168327332;0.013233615085482597,0.37836408615112305,0.3298644721508026,-0.1310010850429535;0.027460813522338867,-0.067407988011837,0.05944313108921051,-0.02144753746688366
;-2.1452040672302246;-5.1524370436439176e-14,0.014324240386486053,-0.9323269128799438,0.771184504032135;0.01304744090884924,0.37831422686576843,0.33056557178497314,-0.13139359652996063;0.0276544988155365,-0.06746218353509903,0.05941619724035263,-0.021470721811056137
;-2.2255101203918457;-5.377064421431717e-14,0.01435906533151865,-0.9311833381652832,0.7712723016738892;0.01286322996020317,0.37826406955718994,0.33127009868621826,-0.13178376853466034;0.027850179001688957,-0.06751666963100433,0.059388741850852966,-0.021493984386324883
;-2.306091070175171;-5.612234310094222e-14,0.014394048601388931,-0.9300321936607361,0.7713556289672852;0.012680966407060623,0.3782137334346771,0.33197805285453796,-0.13218003511428833;0.02804788388311863,-0.06757119297981262,0.059361763298511505,-0.021517327055335045
;-2.386948585510254;-5.858486439025423e-14,0.014429193921387196,-0.92887282371521,0.7714338898658752;0.012500636279582977,0.37816303968429565,0.3326895236968994,-0.13257823884487152;0.028247656300663948,-0.06762588769197464,0.05933476611971855,-0.021540747955441475
;-2.4680848121643066;-6.116375445399183e-14,0.014464495703577995,-0.9277054071426392,0.7715080380439758;0.012322229333221912,0.3781120777130127,0.3334044814109802,-0.13297408819198608;0.028449513018131256,-0.06768088787794113,0.05930723994970322,-0.02156425081193447
;-2.549501895904541;-6.386487476015001e-14,0.01449995581060648,-0.9265292882919312,0.7715772986412048;0.012145735323429108,0.378060907125473,0.334122896194458,-0.13337184488773346;0.028653495013713837,-0.06773605197668076,0.05927969887852669,-0.021587837487459183
;-2.6312007904052734;-6.669442558990268e-14,0.014535576105117798,-0.9253442287445068,0.7716420292854309;0.011971136555075645,0.3780094087123871,0.3348449170589447,-0.13377583026885986;0.028859594836831093,-0.06779125332832336,0.059252627193927765,-0.021611502394080162
;-2.7131834030151367;-6.9659020576502e-14,0.01457135658711195,-0.9241501688957214,0.771701991558075;0.011798422783613205,0.37795761227607727,0.33557045459747314,-0.13418178260326385;0.02906787022948265,-0.0678466409444809,0.05922553315758705,-0.021635249257087708
;-2.7954516410827637;-7.276535466836306e-14,0.014607291668653488,-0.9229466915130615,0.7717570662498474;0.011627581901848316,0.3779055178165436,0.3362995684146881,-0.13458965718746185;0.029278386384248734,-0.06790219992399216,0.059198424220085144,-0.02165907993912697
;-2.878007650375366;-7.602086820289455e-14,0.014643385075032711,-0.9217339158058167,0.771807074546814;0.011458599008619785,0.3778531551361084,0.337032288312912,-0.1349995881319046;0.029491104185581207,-0.06795793771743774,0.05917128175497055,-0.021682992577552795
;-2.960853099822998;-7.943316414783103e-14,0.014679638668894768,-0.9205113053321838,0.7718523740768433;0.011291461065411568,0.37780049443244934,0.33776867389678955,-0.1354115754365921;0.029706085100769997,-0.06801384687423706,0.059144120663404465,-0.021706990897655487
;-3.04399037361145;-8.301040790078401e-14,0.014716045930981636,-0.9192785620689392,0.771892786026001;0.011126155033707619,0.37774762511253357,0.3385087251663208,-0.1358254998922348;0.029923373833298683,-0.0680699348449707,0.05911694094538689,-0.021731071174144745
;-3.1274216175079346;-8.676097492353596e-14,0.014752606861293316,-0.9180356860160828,0.7719282507896423;0.010962670668959618,0.37769433856010437,0.3392525017261505,-0.13624151051044464;0.03014298900961876,-0.06812620908021927,0.05908973515033722,-0.021755238994956017
;-3.211148738861084;-9.069399284312649e-14,0.014789321459829807,-0.9167822003364563,0.7719584703445435;0.010800986550748348,0.3776407241821289,0.33999988436698914,-0.13665960729122162;0.030364949256181717,-0.06818265467882156,0.05906250700354576,-0.021779490634799004
;-3.2951741218566895;-9.481890099471979e-14,0.01482618972659111,-0.9155175685882568,0.7719837427139282;0.010641103610396385,0.37758690118789673,0.3407510817050934,-0.13707971572875977;0.030589330941438675,-0.06823928654193878,0.059035252779722214,-0.021803827956318855
;-3.379499912261963;-9.914572147214779e-14,0.0148632125928998,-0.914242148399353,0.7720032334327698;0.010482997633516788,0.3775327801704407,0.3415059447288513,-0.13750196993350983;0.03081613779067993,-0.06829609721899033,0.05900798365473747,-0.02182825468480587
;-3.4641287326812744;-1.0368513366680945e-13,0.014900385402143002,-0.9129549860954285,0.7720180749893188;0.010326655581593513,0.3774782419204712,0.3422646224498749,-0.1379263699054718;0.03104541264474392,-0.06835310161113739,0.058980681002140045,-0.0218527652323246
;-3.549062490463257;-1.084481490070191e-13,0.014937710016965866,-0.9116562008857727,0.7720274925231934;0.010172071866691113,0.3774234652519226,0.34302717447280884,-0.13835285604000092;0.03127717599272728,-0.06841028481721878,0.058953363448381424,-0.021877365186810493
;-3.6343038082122803;-1.1344675470304627e-13,0.014975184574723244,-0.910345196723938,0.7720314264297485;0.010019224137067795,0.37736839056015015,0.34379345178604126,-0.1387815773487091;0.03151148185133934,-0.06846766173839569,0.05892602354288101,-0.02190205454826355
;-3.719855308532715;-1.1869329033086656e-13,0.015012805350124836,-0.9090222120285034,0.7720302939414978;0.009868106804788113,0.3773130178451538,0.34456366300582886,-0.13921236991882324;0.03174837678670883,-0.06852522492408752,0.05889865756034851,-0.02192683331668377
;-3.8057191371917725;-1.2420118644489164e-13,0.015050574205815792,-0.9076862931251526,0.7720234990119934;0.009718701243400574,0.3772572875022888,0.34533777832984924,-0.13964532315731049;0.031987838447093964,-0.06858297437429428,0.05887126177549362,-0.02195170149207115
;-3.8918983936309814;-1.2998403622985905e-13,0.015088488347828388,-0.9063376188278198,0.7720113396644592;0.009570999071002007,0.3772013187408447,0.3461157977581024,-0.140080526471138;0.03222998231649399,-0.06864091753959656,0.05884385108947754,-0.021976659074425697
;-3.978395462036133;-1.3605680167574907e-13,0.015126545913517475,-0.9049752950668335,0.7719939351081848;0.009424983523786068,0.377144992351532,0.34689775109291077,-0.1405179500579834;0.03247484564781189,-0.06869905441999435,0.058816418051719666,-0.022001709789037704
;-4.065212726593018;-1.4243509529384552e-13,0.015164746902883053,-0.9035996198654175,0.7719706892967224;0.009280644357204437,0.3770883083343506,0.3476836383342743,-0.14095766842365265;0.032722409814596176,-0.06875739246606827,0.058788955211639404,-0.022026853635907173
;-4.152353763580322;-1.4913515301168134e-13,0.015203086659312248,-0.9022097587585449,0.7719418406486511;0.009137962944805622,0.3770312964916229,0.34847360849380493,-0.14139965176582336;0.03297276049852371,-0.0688159167766571,0.05876147374510765,-0.022052090615034103
;-4.239820957183838;-1.5617471508730385e-13,0.01524156704545021,-0.9008055925369263,0.77190762758255;0.008996931836009026,0.3769739866256714,0.3492675721645355,-0.1418440043926239;0.03322592005133629,-0.06887464970350266,0.058733969926834106,-0.022077420726418495
;-4.3276166915893555;-1.6357191480204786e-13,0.015280182473361492,-0.8993867635726929,0.7718679904937744;0.00885753519833088,0.3769162595272064,0.3500656485557556,-0.1422906368970871;0.03348195180296898,-0.06893357634544373,0.05870644375681877,-0.022102845832705498
;-4.415744781494141;-1.7134653884556122e-13,0.015318935737013817,-0.8979529142379761,0.771821916103363;0.008719763718545437,0.37685826420783997,0.35086777806282043,-0.14273960888385773;0.03374087065458298,-0.06899271160364151,0.05867889150977135,-0.02212836779654026
;-4.504207611083984;-1.7951884824594228e-13,0.015357819385826588,-0.8965038061141968,0.771770179271698;0.00858359970152378,0.3767998218536377,0.35167407989501953,-0.14319102466106415;0.034002743661403656,-0.06905204057693481,0.058651313185691833,-0.022153984755277634
;-4.593008995056152;-1.8811124533058e-13,0.01539683435112238,-0.895038902759552,0.7717127203941345;0.008449033834040165,0.37674108147621155,0.3524845838546753,-0.1436447948217392;0.0342676155269146,-0.06911158561706543,0.05862371250987053,-0.022179700434207916
;-4.6821513175964355;-1.97146362819825e-13,0.015435976907610893,-0.8935579657554626,0.7716492414474487;0.008316048420965672,0.37668198347091675,0.35329920053482056,-0.1441010981798172;0.03453553840517998,-0.06917133927345276,0.058596089482307434,-0.022205514833331108
;-4.771637916564941;-2.0664921867880742e-13,0.01547524705529213,-0.8920604586601257,0.7715797424316406;0.008184635080397129,0.3766224980354309,0.35411807894706726,-0.14455977082252502;0.03480653464794159,-0.06923128664493561,0.05856844782829285,-0.02223142981529236
;-4.861472129821777;-2.1664522389594487e-13,0.015514636412262917,-0.8905459046363831,0.7715036869049072;0.008054778911173344,0.3765627145767212,0.3549412488937378,-0.14502547681331635;0.03508066013455391,-0.06929132342338562,0.05854129046201706,-0.02225744165480137
;-4.951655864715576;-2.2716212049432583e-13,0.015554147772490978,-0.8890143632888794,0.7714213728904724;0.007926465012133121,0.37650248408317566,0.35576871037483215,-0.14549367129802704;0.0353580005466938,-0.06935157626867294,0.05851411446928978,-0.022283555939793587
;-5.042194366455078;-2.382293039053518e-13,0.015593777410686016,-0.8874648213386536,0.7713329195976257;0.007799691054970026,0.3764418959617615,0.35660049319267273,-0.14595992863178253;0.03563857451081276,-0.06941217184066772,0.05848639830946922,-0.02230977453291416
;-5.133090019226074;-2.4987748415555844e-13,0.015633519738912582,-0.8858974575996399,0.7712382674217224;0.007674430962651968,0.376380980014801,0.3574367165565491,-0.1464332491159439;0.03592241555452347,-0.06947284936904907,0.05845917388796806,-0.022336095571517944
;-5.22434663772583;-2.6213924152022894e-13,0.015673372894525528,-0.8843114376068115,0.7711370587348938;0.007550677750259638,0.37631961703300476,0.3582773506641388,-0.1469092071056366;0.03620961681008339,-0.06953375041484833,0.05843192711472511,-0.022362519055604935
;-5.315968036651611;-2.7504975835986045e-13,0.01571333408355713,-0.8827064633369446,0.7710294127464294;0.007428422104567289,0.37625786662101746,0.3591223359107971,-0.14738331735134125;0.0365002267062664,-0.06959500908851624,0.058404140174388885,-0.022389046847820282
;-5.407957077026367;-2.8864557228766574e-13,0.015753397718071938,-0.8810824155807495,0.7709154486656189;0.00730764539912343,0.3761957585811615,0.35997194051742554,-0.14786913990974426;0.036794278770685196,-0.06965622305870056,0.05837736278772354,-0.022415684536099434
;-5.50031852722168;-3.029659585273431e-13,0.015793563798069954,-0.8794384598731995,0.7707949876785278;0.007188335992395878,0.3761332631111145,0.3608260452747345,-0.1483485996723175;0.03709181770682335,-0.06971792131662369,0.05834953114390373,-0.022442428395152092
;-5.5930562019348145;-3.180522251816642e-13,0.015833823010325432,-0.8777744770050049,0.7706677317619324;0.007070483174175024,0.3760702908039093,0.3616846799850464,-0.14883080124855042;0.03739296272397041,-0.06977985054254532,0.058321673423051834,-0.022469278424978256
;-5.686174392700195;-3.3394833664872337e-13,0.01587417721748352,-0.8760895133018494,0.7705334424972534;0.006954075302928686,0.37600693106651306,0.36254796385765076,-0.1493157297372818;0.037697721272706985,-0.06984200328588486,0.058293797075748444,-0.022496240213513374
;-5.779676914215088;-3.507018894038927e-13,0.015914620831608772,-0.874383807182312,0.7703925967216492;0.006839096080511808,0.37594321370124817,0.3634158968925476,-0.1498035192489624;0.03800615668296814,-0.0699044018983841,0.058265890926122665,-0.022523311898112297
;-5.873568534851074;-3.6836178096515126e-13,0.01595514640212059,-0.8726564049720764,0.7702444791793823;0.00672553526237607,0.37587904930114746,0.36428847908973694,-0.15029409527778625;0.038318365812301636,-0.06996702402830124,0.058237966150045395,-0.022550497204065323
;-5.96785306930542;-3.869811101338966e-13,0.015995752066373825,-0.8709069490432739,0.7700889706611633;0.006613380275666714,0.3758144974708557,0.3651658296585083,-0.1507875621318817;0.03863438591361046,-0.07002989202737808,0.058210019022226334,-0.022577796131372452
;-6.062534332275391;-4.0661625542309787e-13,0.01603642851114273,-0.8691347241401672,0.7699264287948608;0.0065026176162064075,0.37574946880340576,0.3660479187965393,-0.15128391981124878;0.03895430639386177,-0.07009299844503403,0.058182038366794586,-0.022605208680033684
;-6.15761661529541;-4.273263329562099e-13,0.016077175736427307,-0.8673396110534668,0.7697569727897644;0.006393234711140394,0.37568405270576477,0.36693480610847473,-0.15178325772285461;0.03927817940711975,-0.07015635073184967,0.058154042810201645,-0.022632736712694168
;-6.253105163574219;-4.49174931190649e-13,0.016117984429001808,-0.8655208349227905,0.7695800065994263;0.0062852222472429276,0.37561818957328796,0.3678266406059265,-0.15228548645973206;0.03960607945919037,-0.07021994143724442,0.05812602490186691,-0.022660382091999054
;-6.349003314971924;-4.722300567076843e-13,0.016158852726221085,-0.8636780977249146,0.7693952918052673;0.006178568117320538,0.37555181980133057,0.36872339248657227,-0.15279538929462433;0.03993804752826691,-0.07028365135192871,0.05809849873185158,-0.022688142955303192
;-6.445316314697266;-4.965633481658627e-13,0.01619977317750454,-0.8618106245994568,0.7692033052444458;0.006073256954550743,0.37548500299453735,0.3696250915527344,-0.15330378711223602;0.04027416929602623,-0.07034774124622345,0.058070432394742966,-0.02271602861583233
;-6.542048931121826;-5.222496697251944e-13,0.016240734606981277,-0.859917938709259,0.7690033316612244;0.00596928084269166,0.3754177987575531,0.37053173780441284,-0.15381987392902374;0.040614549070596695,-0.07041195780038834,0.05804285779595375,-0.022744031623005867
;-6.639204978942871;-5.493715291710055e-13,0.016281744465231895,-0.8579999208450317,0.768795907497406;0.00586662208661437,0.37535011768341064,0.37144356966018677,-0.15433911979198456;0.04095922037959099,-0.07047642022371292,0.058015260845422745,-0.022772157564759254
;-6.736790180206299;-5.780155542568777e-13,0.016322780400514603,-0.8560554385185242,0.7685803771018982;0.005765276961028576,0.3752819299697876,0.3723604381084442,-0.15485689043998718;0.04130830988287926,-0.07054128497838974,0.05798712000250816,-0.02280040830373764
;-6.83480978012085;-6.082730890158428e-13,0.01636384427547455,-0.8540842533111572,0.7683568596839905;0.005665224976837635,0.37521329522132874,0.3732825219631195,-0.15538254380226135;0.04166183993220329,-0.0706062763929367,0.05795947462320328,-0.022828781977295876
;-6.933267593383789;-6.40242362164728e-13,0.016404926776885986,-0.8520855903625488,0.7681252360343933;0.005566461011767387,0.3751441538333893,0.37420982122421265,-0.15591618418693542;0.042019911110401154,-0.07067139446735382,0.05793233588337898,-0.022857284173369408
;-7.032168388366699;-6.740278365828523e-13,0.01644602231681347,-0.8500591516494751,0.7678861021995544;0.005468971095979214,0.375074565410614,0.37514233589172363,-0.15645311772823334;0.0423826165497303,-0.07073678076267242,0.0579051710665226,-0.022885914891958237
;-7.131518363952637;-7.097404803625695e-13,0.0164871234446764,-0.8480040431022644,0.7676383256912231;0.005372743587940931,0.37500450015068054,0.3760802447795868,-0.1569887399673462;0.04274998977780342,-0.07080256938934326,0.05787745490670204,-0.022914670407772064
;-7.2313232421875;-7.474990678518756e-13,0.016528215259313583,-0.8459199070930481,0.7673820853233337;0.005277769640088081,0.3749338388442993,0.37702348828315735,-0.1575324982404709;0.04312220960855484,-0.07086849957704544,0.057850249111652374,-0.022943561896681786
;-7.331587314605713;-7.874305049150598e-13,0.016569292172789574,-0.8438058495521545,0.7671172618865967;0.0051840306259691715,0.37486276030540466,0.37797215580940247,-0.15807972848415375;0.04349933937191963,-0.0709347128868103,0.05782301351428032,-0.022972583770751953
;-7.432316780090332;-8.296700999832485e-13,0.01661035045981407,-0.8416617512702942,0.766843855381012;0.005091523751616478,0.37479114532470703,0.3789263367652893,-0.15863049030303955;0.043881386518478394,-0.07100119441747665,0.05779575556516647,-0.023001739755272865
;-7.533517360687256;-8.743603172219061e-13,0.016651373356580734,-0.8394864201545715,0.7665618062019348;0.005000232253223658,0.37471896409988403,0.3798859715461731,-0.15918485820293427;0.044268544763326645,-0.07106796652078629,0.05776847526431084,-0.02303103171288967
;-7.635195255279541;-9.21655221759743e-13,0.01669236086308956,-0.8372796177864075,0.7662708759307861;0.004910146351903677,0.37464627623558044,0.3808513283729553,-0.1597427874803543;0.04466084763407707,-0.0711350291967392,0.05774117261171341,-0.02306046150624752
;-7.737357139587402;-9.717202086381715e-13,0.016733292490243912,-0.8350406885147095,0.765970766544342;0.004821254406124353,0.37457308173179626,0.3818223178386688,-0.16029486060142517;0.04505842551589012,-0.07120264321565628,0.057712797075510025,-0.023090030997991562
;-7.840009689331055;-1.0247289128351156e-12,0.016774160787463188,-0.8327689170837402,0.7656614184379578;0.0047335452400147915,0.3744993507862091,0.3827989399433136,-0.1608506441116333;0.04546138271689415,-0.07127056270837784,0.05768439918756485,-0.023119740188121796
;-7.9431586265563965;-1.0808703107892392e-12,0.016814958304166794,-0.8304636478424072,0.7653428316116333;0.004647003952413797,0.3744249939918518,0.38378146290779114,-0.1614149957895279;0.04586981609463692,-0.07133863866329193,0.05765650421380997,-0.02314959466457367
;-8.046809196472168;-1.1403423778172384e-12,0.016855670139193535,-0.8281241655349731,0.7650147080421448;0.004561626352369785,0.3743501901626587,0.38476982712745667,-0.16198797523975372;0.04628382995724678,-0.07140687853097916,0.05762910470366478,-0.023179594427347183
;-8.150969505310059;-1.2033609785716548e-12,0.016896290704607964,-0.8257496953010559,0.7646768093109131;0.004477396607398987,0.37427473068237305,0.3857640027999878,-0.16255998611450195;0.046703509986400604,-0.0714755579829216,0.05760116130113602,-0.023209737613797188
;-8.255643844604492;-1.2701528197267553e-12,0.016936801373958588,-0.823340117931366,0.7643296122550964;0.004394307266920805,0.3741987943649292,0.3867642283439636,-0.16313588619232178;0.04712900146842003,-0.07154456526041031,0.05757319554686546,-0.02324002794921398
;-8.36083984375;-1.3409633646543906e-12,0.01697719283401966,-0.8208944201469421,0.7639725804328918;0.004312342964112759,0.3741222321987152,0.38777053356170654,-0.16371580958366394;0.04756039381027222,-0.0716138705611229,0.05754519999027252,-0.023270471021533012
;-8.466565132141113;-1.4160536892376951e-12,0.01701744832098484,-0.8184117078781128,0.7636057734489441;0.0042314957827329636,0.37404507398605347,0.38878291845321655,-0.16430461406707764;0.04799783229827881,-0.0716833546757698,0.05751771852374077,-0.02330106496810913
;-8.57282543182373;-1.4957039513180392e-12,0.01705755852162838,-0.8158915638923645,0.7632288932800293;0.004151757340878248,0.37396734952926636,0.3898015320301056,-0.16489747166633606;0.048441410064697266,-0.07175316661596298,0.057490210980176926,-0.023331813514232635
;-8.679628372192383;-1.5802150169982876e-12,0.017097506672143936,-0.8133335113525391,0.7628412842750549;0.004073113668709993,0.3738890290260315,0.39082640409469604,-0.16549457609653473;0.04889123886823654,-0.07182330638170242,0.057462673634290695,-0.023362720385193825
;-8.786980628967285;-1.6699045575149785e-12,0.017137277871370316,-0.8107366561889648,0.7624431848526001;0.003995557781308889,0.3738100528717041,0.3918575346469879,-0.16609106957912445;0.04934751242399216,-0.07189390808343887,0.05743459239602089,-0.0233937818557024
;-8.894889831542969;-1.7651179996802657e-12,0.017176862806081772,-0.8081003427505493,0.7620347738265991;0.003919077571481466,0.37373045086860657,0.3928951025009155,-0.16669674217700958;0.0498102568089962,-0.07196470350027084,0.057407014071941376,-0.023425007238984108
;-9.003363609313965;-1.866225923796705e-12,0.017216233536601067,-0.8054239749908447,0.7616154551506042;0.0038436620961874723,0.3736502230167389,0.39393916726112366,-0.16730187833309174;0.05027972534298897,-0.07203597575426102,0.05737888067960739,-0.0234563909471035
;-9.112409591674805;-1.9736202689496496e-12,0.017255384474992752,-0.8027071952819824,0.761185348033905;0.003769298316910863,0.3735693097114563,0.39498984813690186,-0.16791141033172607;0.050755955278873444,-0.07210759818553925,0.057350724935531616,-0.023487944155931473
;-9.22203540802002;-2.087725608709845e-12,0.017294293269515038,-0.7999492287635803,0.760744035243988;0.003695983439683914,0.3734877407550812,0.39604705572128296,-0.16852548718452454;0.05123913288116455,-0.07217956334352493,0.05732254683971405,-0.023519661277532578
;-9.33224868774414;-2.208996874308866e-12,0.01733294501900673,-0.7971493005752563,0.760291576385498;0.0036236997693777084,0.3734055459499359,0.39711105823516846,-0.16914412379264832;0.051729410886764526,-0.07225187867879868,0.057294342666864395,-0.023551547899842262
;-9.443058013916016;-2.3379189209582485e-12,0.017371321097016335,-0.7943070530891418,0.7598276138305664;0.003552444977685809,0.37332263588905334,0.3981817960739136,-0.16976241767406464;0.05222691595554352,-0.07232469320297241,0.05726557597517967,-0.023583607748150826
;-9.554471015930176;-2.4750188877542545e-12,0.017409399151802063,-0.7914217114448547,0.7593519687652588;0.0034822020679712296,0.373239129781723,0.39925938844680786,-0.17039042711257935;0.052731823176145554,-0.07239773124456406,0.057237327098846436,-0.023615840822458267
;-9.666495323181152;-2.6208549219752797e-12,0.01744716428220272,-0.7884929776191711,0.75886470079422;0.0034129631239920855,0.37315475940704346,0.40034395456314087,-0.17102311551570892;0.053244274109601974,-0.07247112691402435,0.05720905587077141,-0.023648248985409737
;-9.779138565063477;-2.776034610518785e-12,0.017484594136476517,-0.7855199575424194,0.7583653926849365;0.0033447230234742165,0.37306979298591614,0.40143561363220215,-0.1716606616973877;0.053764354437589645,-0.07254490256309509,0.057180751115083694,-0.023680835962295532
;-9.892409324645996;-2.9412024031560957e-12,0.01752166450023651,-0.782502293586731,0.7578537464141846;0.0032774691935628653,0.3729839622974396,0.4025343954563141,-0.17230817675590515;0.054292380809783936,-0.07261890918016434,0.05715296417474747,-0.023713603615760803
;-10.006316184997559;-3.1170582608097686e-12,0.01755836047232151,-0.7794397473335266,0.7573300004005432;0.0032111883629113436,0.37289753556251526,0.40364038944244385,-0.1729556769132614;0.05482838675379753,-0.07269343733787537,0.05712461099028587,-0.023746555671095848
;-10.120865821838379;-3.3043524513831635e-12,0.017594650387763977,-0.77633136510849,0.7567937970161438;0.003145879600197077,0.37281033396720886,0.404753714799881,-0.1736082136631012;0.05537260323762894,-0.07276835292577744,0.05709623917937279,-0.023779692128300667
;-10.236069679260254;-3.5038851160795748e-12,0.017630519345402718,-0.7731770277023315,0.7562447786331177;0.003081529401242733,0.3727223575115204,0.40587449073791504,-0.1742609143257141;0.055925190448760986,-0.07284379750490189,0.05706730857491493,-0.023813016712665558
;-10.351934432983398;-3.716527086083943e-12,0.017665939405560493,-0.7699759602546692,0.7556827664375305;0.003018127055838704,0.37263360619544983,0.40700268745422363,-0.17492380738258362;0.056486327201128006,-0.07291950285434723,0.057038892060518265,-0.02384653314948082
;-10.468470573425293;-3.943211642626343e-12,0.017700882628560066,-0.7667280435562134,0.7551077604293823;0.002955666044726968,0.37254413962364197,0.4081384837627411,-0.17558692395687103;0.0570562481880188,-0.07299574464559555,0.05700990930199623,-0.0238802433013916
;-10.585685729980469;-4.184944491641973e-12,0.017735328525304794,-0.7634325623512268,0.7545193433761597;0.0028941351920366287,0.37245380878448486,0.40928196907043457,-0.17626051604747772;0.0576351024210453,-0.07307224720716476,0.05698143690824509,-0.023914145305752754
;-10.703588485717773;-4.4428076668989736e-12,0.01776924915611744,-0.7600894570350647,0.753917396068573;0.002833527745679021,0.3723626434803009,0.410433292388916,-0.17693954706192017;0.05822303146123886,-0.0731491670012474,0.05695294588804245,-0.023948248475790024
;-10.822187423706055;-4.717969504658415e-12,0.017802616581320763,-0.756697952747345,0.7533017992973328;0.002773833926767111,0.37227070331573486,0.4115925133228302,-0.17762410640716553;0.05882031470537186,-0.07322651147842407,0.056924425065517426,-0.02398255094885826
;-10.941492080688477;-5.011686378397773e-12,0.017835399135947227,-0.7532581090927124,0.7526724338531494;0.002715046051889658,0.37217795848846436,0.4127597212791443,-0.17831428349018097;0.0594271644949913,-0.07330426573753357,0.05689588189125061,-0.024017058312892914
;-11.06151008605957;-5.32531137242831e-12,0.017867567017674446,-0.7497693300247192,0.7520288825035095;0.0026571545749902725,0.37208428978919983,0.41393497586250305,-0.17901527881622314;0.06004377081990242,-0.07338231056928635,0.05686785653233528,-0.024051770567893982
;-11.182250022888184;-5.660305123916798e-12,0.01789909601211548,-0.7462314963340759,0.7513710260391235;0.0026001527439802885,0.37198981642723083,0.4151184558868408,-0.17971694469451904;0.060670286417007446,-0.07346092909574509,0.05683926120400429,-0.024086691439151764
;-11.303723335266113;-6.018252736439411e-12,0.01792995072901249,-0.7426442503929138,0.7506983280181885;0.0025440300814807415,0.37189438939094543,0.41631025075912476,-0.1804245412349701;0.06130697950720787,-0.07353997975587845,0.0568106435239315,-0.02412182278931141
;-11.42593765258789;-6.400847733789572e-12,0.01796009950339794,-0.7390073537826538,0.7500112056732178;0.002488780068233609,0.37179815769195557,0.417510449886322,-0.18114317953586578;0.06195409223437309,-0.07361934334039688,0.056782547384500504,-0.024157168343663216
;-11.548900604248047;-6.8099362954265885e-12,0.0179895106703043,-0.7353206872940063,0.7493091821670532;0.0024343959521502256,0.3717010021209717,0.41871923208236694,-0.18186788260936737;0.06261184811592102,-0.07369914650917053,0.056754425168037415,-0.024192729964852333
;-11.672622680664062;-7.2474912356235155e-12,0.018018146976828575,-0.7315841913223267,0.7485918998718262;0.0023808663245290518,0.37160298228263855,0.4199366271495819,-0.18259869515895844;0.06328048557043076,-0.07377941161394119,0.056726280599832535,-0.02422850951552391
;-11.797113418579102;-7.715676188235765e-12,0.018045973032712936,-0.7277973294258118,0.7478590607643127;0.0023281830362975597,0.37150391936302185,0.42116275429725647,-0.1833357810974121;0.06396026164293289,-0.07386012375354767,0.05669810622930527,-0.024264510720968246
;-11.922381401062012;-8.216797034443779e-12,0.018072957172989845,-0.7239599823951721,0.7471105456352234;0.002276340965181589,0.3714039921760559,0.42239776253700256,-0.18407918512821198;0.06465135514736176,-0.07394130527973175,0.05666990950703621,-0.02430073730647564
;-12.048436164855957;-8.753364352798165e-12,0.01809905841946602,-0.7200723886489868,0.7463461756706238;0.002225332660600543,0.37130314111709595,0.4236418306827545,-0.1848289668560028;0.06535407155752182,-0.07402295619249344,0.05664169788360596,-0.02433718927204609
;-12.175286293029785;-9.3280877813684e-12,0.018124239519238472,-0.716134250164032,0.7455657720565796;0.0021751464810222387,0.3712012469768524,0.42489492893218994,-0.18558529019355774;0.06606867909431458,-0.07410508394241333,0.05661345273256302,-0.024373870342969894
;-12.302943229675293;-9.943913747978428e-12,0.018148455768823624,-0.7121455669403076,0.7447690367698669;0.002125778002664447,0.3710983991622925,0.42615726590156555,-0.18634289503097534;0.0667954832315445,-0.07418783754110336,0.05658464878797531,-0.024410786107182503
;-12.431413650512695;-1.0604005520886695e-11,0.018171675503253937,-0.7081062197685242,0.743955671787262;0.002077216748148203,0.37099459767341614,0.4274289011955261,-0.18711236119270325;0.06753471493721008,-0.07427092641592026,0.05655635893344879,-0.024447932839393616
;-12.560709953308105;-1.1311802189384323e-11,0.01819385588169098,-0.7040160298347473,0.7431254982948303;0.002029458526521921,0.370889812707901,0.42871004343032837,-0.18787796795368195;0.06828664243221283,-0.07435479760169983,0.05652695521712303,-0.02448531799018383
;-12.690840721130371;-1.2071058562435066e-11,0.01821495033800602,-0.6998754739761353,0.7422783970832825;0.00198249239474535,0.3707839250564575,0.43000078201293945,-0.18865573406219482;0.069051593542099,-0.07443901896476746,0.05649806931614876,-0.024522943422198296
;-12.821815490722656;-1.2885789657524072e-11,0.018234914168715477,-0.6956844329833984,0.7414138913154602;0.001936312299221754,0.37067702412605286,0.43130117654800415,-0.18943507969379425;0.06982983648777008,-0.07452389597892761,0.05646861717104912,-0.02456081286072731
;-12.953644752502441;-1.3760386059769036e-11,0.018253706395626068,-0.6914427876472473,0.7405318021774292;0.0018909111386165023,0.37056902050971985,0.43261146545410156,-0.19022147357463837;0.07062177360057831,-0.07460927218198776,0.05643913894891739,-0.024598928168416023
;-13.086336135864258;-1.4699588768429805e-11,0.018271280452609062,-0.6871507167816162,0.7396317720413208;0.0018462797161191702,0.37045997381210327,0.4339316487312317,-0.1910148710012436;0.07142762839794159,-0.0746951624751091,0.05640963464975357,-0.024637293070554733
;-13.219900131225586;-1.570856639210305e-11,0.01828758977353573,-0.6828083992004395,0.7387138605117798;0.00180241244379431,0.37034979462623596,0.43526190519332886,-0.19181552529335022;0.0722477063536644,-0.07478158175945282,0.05638010427355766,-0.02467590756714344
;-13.354345321655273;-1.6792903873019682e-11,0.018302585929632187,-0.6784161329269409,0.7377775311470032;0.0017593010561540723,0.3702385127544403,0.4366024434566498,-0.19262339174747467;0.0730823427438736,-0.07486852258443832,0.05635054036974907,-0.02471478097140789
;-13.4896821975708;-1.7958677947516044e-11,0.018316222354769707,-0.673973798751831,0.7368229627609253;0.001716937986202538,0.37012603878974915,0.43795329332351685,-0.1934385448694229;0.07393196225166321,-0.0749559998512268,0.05632096529006958,-0.024753905832767487
;-13.625919342041016;-1.921245801339566e-11,0.018328452482819557,-0.6694818139076233,0.7358493208885193;0.0016753168310970068,0.3700125217437744,0.43931469321250916,-0.19426125288009644;0.0747968852519989,-0.07504400610923767,0.056291352957487106,-0.024793293327093124
;-13.763065338134766;-2.0561451846701218e-11,0.01833922415971756,-0.6649402379989624,0.7348566651344299;0.0016344304895028472,0.369897723197937,0.4406866431236267,-0.19509144127368927;0.07567732036113739,-0.07513256371021271,0.05626172199845314,-0.024832945317029953
;-13.901130676269531;-2.2013410191923377e-11,0.018348483368754387,-0.6603494882583618,0.7338447570800781;0.0015942713944241405,0.36978182196617126,0.4420693814754486,-0.19592930376529694;0.07657384127378464,-0.07522166520357132,0.05623205378651619,-0.024872858077287674
;-14.040122985839844;-2.357683666354138e-11,0.018356185406446457,-0.6557098627090454,0.7328131794929504;0.001554831163957715,0.36966466903686523,0.44346296787261963,-0.19677485525608063;0.07748670130968094,-0.0753113180398941,0.056202370673418045,-0.024913042783737183
;-14.180052757263184;-2.526090274457271e-11,0.018362272530794144,-0.6510217189788818,0.7317619323730469;0.0015161061892285943,0.3695463240146637,0.4448675811290741,-0.1976282298564911;0.07841634005308151,-0.07540154457092285,0.05617265775799751,-0.02495349384844303
;-14.320928573608398;-2.7075662892284136e-11,0.01836669258773327,-0.6462854146957397,0.730690598487854;0.0014780864585191011,0.3694266676902771,0.4462834298610687,-0.19848953187465668;0.07936305552721024,-0.07549232244491577,0.05614291504025459,-0.024994220584630966
;-14.462757110595703;-2.9031969536741364e-11,0.018369395285844803,-0.6415013074874878,0.729598879814148;0.0014407660346478224,0.369305819272995,0.4477105140686035,-0.1993643194437027;0.08032732456922531,-0.07558353245258331,0.05611370503902435,-0.02503521926701069
;-14.605549812316895;-3.114174890184174e-11,0.01837032102048397,-0.6366696953773499,0.7284865975379944;0.0014041382819414139,0.36918365955352783,0.44914907217025757,-0.20024172961711884;0.08130953460931778,-0.07567545771598816,0.056083910167217255,-0.025076499208807945
;-14.74931526184082;-3.3417893452458713e-11,0.018369419500231743,-0.6317911744117737,0.727353572845459;0.0013681952841579914,0.369060218334198,0.45059916377067566,-0.2011273205280304;0.08231014013290405,-0.07576795667409897,0.056054096668958664,-0.025118058547377586
;-14.894062042236328;-3.587451169462241e-11,0.018366632983088493,-0.6268665194511414,0.7261992692947388;0.001332930289208889,0.3689354360103607,0.4520609676837921,-0.20202676951885223;0.08332955837249756,-0.07586091756820679,0.056024808436632156,-0.02515990287065506
;-15.03979778289795;-3.85269871561178e-11,0.018361913040280342,-0.6218957901000977,0.7250237464904785;0.0012983358465135098,0.36880940198898315,0.45353463292121887,-0.20292899012565613;0.08436822891235352,-0.07595458626747131,0.05599493905901909,-0.025202030315995216
;-15.186532974243164;-4.1392063387934996e-11,0.018355200067162514,-0.6168798208236694,0.72382652759552;0.001264404971152544,0.3686819076538086,0.45502030849456787,-0.20383970439434052;0.08542652428150177,-0.07604886591434479,0.05596503987908363,-0.025244450196623802
;-15.334275245666504;-4.448796539491262e-11,0.01834643818438053,-0.6118191480636597,0.7226073145866394;0.0012311316095292568,0.368553102016449,0.45651811361312866,-0.20476460456848145;0.08650506287813187,-0.07614360749721527,0.05593567714095116,-0.02528715878725052
;-15.4830322265625;-4.783464943591831e-11,0.018335575237870216,-0.60671466588974,0.721365749835968;0.0011985080782324076,0.36842283606529236,0.45802822709083557,-0.2056981921195984;0.08760422468185425,-0.0762389525771141,0.055906280875205994,-0.025330157950520515
;-15.632813453674316;-5.145388976002252e-11,0.018322553485631943,-0.6015665531158447,0.7201019525527954;0.0011665279744192958,0.3682912290096283,0.4595508277416229,-0.20663484930992126;0.0887245163321495,-0.07633505016565323,0.05587631091475487,-0.02537345513701439
;-15.7836275100708;-5.53694763649748e-11,0.018307320773601532,-0.5963760614395142,0.7188153266906738;0.001135183498263359,0.36815810203552246,0.4610859155654907,-0.20758038759231567;0.08986641466617584,-0.0764317587018013,0.055846307426691055,-0.02541705034673214
;-15.9354829788208;-5.960727050835501e-11,0.01828981190919876,-0.5911435484886169,0.7175056338310242;0.0011044669663533568,0.3680235743522644,0.4626336693763733,-0.20853489637374878;0.09103043377399445,-0.07652910053730011,0.055816277861595154,-0.025460947304964066
;-16.08838653564453;-6.419573900240394e-11,0.018269984051585197,-0.5858699083328247,0.7161727547645569;0.0010743734892457724,0.36788755655288696,0.4641943871974945,-0.20949843525886536;0.09221722185611725,-0.07662706822156906,0.05578622594475746,-0.025505147874355316
;-16.242345809936523;-6.916585360006167e-11,0.018247781321406364,-0.5805560946464539,0.7148164510726929;0.0010448942193761468,0.3677501380443573,0.46576806902885437,-0.2104710042476654;0.0934271365404129,-0.07672564685344696,0.05575614795088768,-0.025549650192260742
;-16.397371292114258;-7.455147610357926e-11,0.018223151564598083,-0.5752029418945312,0.7134363651275635;0.0010160228703171015,0.3676111102104187,0.46735483407974243,-0.21145275235176086;0.09466089308261871,-0.07682488113641739,0.05572604015469551,-0.02559445984661579
;-16.553470611572266;-8.038971571755482e-11,0.018196042627096176,-0.5698111653327942,0.7120320200920105;0.0009877519914880395,0.3674706220626831,0.46895503997802734,-0.21244387328624725;0.0959189161658287,-0.07692474871873856,0.055695902556180954,-0.02563958242535591
;-16.710651397705078;-8.672112333796278e-11,0.018166398629546165,-0.5643817782402039,0.7106034159660339;0.0009600748890079558,0.3673285245895386,0.47056856751441956,-0.2134443074464798;0.0972018912434578,-0.07702527195215225,0.055665746331214905,-0.025685014203190804
;-16.86891746520996;-9.359023278587841e-11,0.01813417859375477,-0.5589159727096558,0.7091503143310547;0.0009329839958809316,0.3671848475933075,0.47219571471214294,-0.21445421874523163;0.09851039201021194,-0.07712642103433609,0.05563556030392647,-0.025730760768055916
;-17.02828025817871;-1.0104552611300832e-10,0.018099330365657806,-0.5534143447875977,0.7076721787452698;0.0009064731420949101,0.36703962087631226,0.4738365113735199,-0.2154737412929535;0.09984499961137772,-0.07722824066877365,0.055605340749025345,-0.025776825845241547
;-17.188743591308594;-1.091402662689589e-10,0.0180618055164814,-0.5478783249855042,0.706169068813324;0.0008805342367850244,0.36689266562461853,0.4754911959171295,-0.21650288999080658;0.10120633989572525,-0.07733071595430374,0.05557510256767273,-0.025823207572102547
;-17.350318908691406;-1.179328301681437e-10,0.018021563068032265,-0.5423088073730469,0.7046406269073486;0.0008551609353162348,0.36674419045448303,0.4771597981452942,-0.2175418585538864;0.10259511321783066,-0.07743386179208755,0.055544838309288025,-0.025869909673929214
;-17.513010025024414;-1.2748729849576534e-10,0.01797855831682682,-0.5367069244384766,0.7030863761901855;0.0008303457871079445,0.3665938973426819,0.4788426458835602,-0.21859057247638702;0.10401181876659393,-0.0775376558303833,0.055514540523290634,-0.02591693587601185
;-17.67682456970215;-1.3787358754679957e-10,0.017932748422026634,-0.531073808670044,0.7015063166618347;0.0008060817490331829,0.3664420247077942,0.4805397391319275,-0.21964925527572632;0.10545734316110611,-0.07764213532209396,0.05548422411084175,-0.025964288040995598
;-17.84177017211914;-1.4916869128800414e-10,0.01788409985601902,-0.5254110097885132,0.6998999118804932;0.0007823617779649794,0.36628836393356323,0.48225119709968567,-0.22071793675422668;0.10693231225013733,-0.07774728536605835,0.05545387417078018,-0.026011966168880463
;-18.00785255432129;-1.6145695891367495e-10,0.017832573503255844,-0.5197193026542664,0.6982671618461609;0.0007591782486997545,0.3661329448223114,0.48397722840309143,-0.2217966765165329;0.10843726247549057,-0.07785311341285706,0.05542350187897682,-0.026059972122311592
;-18.175077438354492;-1.7483102465742917e-10,0.01777813769876957,-0.5140003561973572,0.6966077089309692;0.0007365235942415893,0.3659757971763611,0.4857180416584015,-0.22288565337657928;0.10997304320335388,-0.07795962691307068,0.055393099784851074,-0.026108309626579285
;-18.34345245361328;-1.893925155593834e-10,0.01772075891494751,-0.5082552433013916,0.6949211955070496;0.0007143922266550362,0.3658168613910675,0.48747363686561584,-0.22398486733436584;0.11154046654701233,-0.07806682586669922,0.05536267161369324,-0.02615697868168354
;-18.512985229492188;-2.0525287025563443e-10,0.017660409212112427,-0.5024853348731995,0.6932076811790466;0.0006927758222445846,0.3656561076641083,0.4892442524433136,-0.22509445250034332;0.11314012855291367,-0.07817471027374268,0.05533221364021301,-0.026205984875559807
;-18.683679580688477;-2.225347545126155e-10,0.01759706437587738,-0.4966920018196106,0.6914666295051575;0.0006716669304296374,0.3654935657978058,0.49102991819381714,-0.22621449828147888;0.11477302014827728,-0.07828329503536224,0.0553017258644104,-0.026255322620272636
;-18.855541229248047;-2.4137278287206243e-10,0.01753070391714573,-0.4908766746520996,0.689697802066803;0.0006510589737445116,0.3653290569782257,0.492830753326416,-0.22734500467777252;0.11643970757722855,-0.07839258015155792,0.055271219462156296,-0.026305001229047775
;-19.028575897216797;-2.619151007188236e-10,0.01746131107211113,-0.4850409924983978,0.6879011392593384;0.000630944618023932,0.36516276001930237,0.4946470260620117,-0.22848618030548096;0.11814118921756744,-0.07850255817174911,0.055240679532289505,-0.026355018839240074
;-19.202787399291992;-2.843243973593701e-10,0.01738886721432209,-0.4791860282421112,0.686076283454895;0.0006113161216489971,0.36499452590942383,0.496478796005249,-0.22963795065879822;0.11987816542387009,-0.07861324399709702,0.05521012097597122,-0.02640537917613983
;-19.378183364868164;-3.0877914114491034e-10,0.017313359305262566,-0.47331368923187256,0.684222936630249;0.0005921664997003973,0.3648242950439453,0.4983261823654175,-0.2308005690574646;0.1216515451669693,-0.07872463017702103,0.055179525166749954,-0.0264560766518116
;-19.55476951599121;-3.354765076846178e-10,0.017234787344932556,-0.46742546558380127,0.6823408007621765;0.0005734887672588229,0.364652156829834,0.5001893639564514,-0.2319616973400116;0.12346213310956955,-0.07883702963590622,0.05514777451753616,-0.026507122442126274
;-19.73255157470703;-3.646328794459919e-10,0.017153143882751465,-0.46152257919311523,0.6804297566413879;0.000555275531951338,0.36447805166244507,0.5020683407783508,-0.23313985764980316;0.1253109872341156,-0.07894998788833618,0.05511655658483505,-0.026558514684438705
;-19.91153335571289;-3.9648626048993663e-10,0.017068427056074142,-0.45560720562934875,0.6784895658493042;0.0005375189939513803,0.3643019497394562,0.5039633512496948,-0.23432280123233795;0.1271989494562149,-0.07906381785869598,0.055084746330976486,-0.026610251516103745
;-20.091720581054688;-4.3129913529504904e-10,0.016980646178126335,-0.4496804475784302,0.6765199303627014;0.0005202121683396399,0.36412379145622253,0.5058744549751282,-0.2355228215456009;0.12912693619728088,-0.07917822152376175,0.0550534687936306,-0.02666233666241169
;-20.27311897277832;-4.693604394034878e-10,0.016889803111553192,-0.4437442719936371,0.6745207905769348;0.0005033484194427729,0.36394357681274414,0.5078017115592957,-0.23672780394554138;0.13109596073627472,-0.07929349690675735,0.05502160266041756,-0.02671477384865284
;-20.455730438232422;-5.109879186449007e-10,0.016795916482806206,-0.43780043721199036,0.6724916100502014;0.0004869189579039812,0.3637612760066986,0.5097453594207764,-0.23794393241405487;0.13310697674751282,-0.07940949499607086,0.05498969927430153,-0.026767561212182045
;-20.63956069946289;-5.565320426725862e-10,0.016699006780982018,-0.431850403547287,0.6704325675964355;0.0004709177010226995,0.3635769486427307,0.5117053985595703,-0.23917129635810852;0.13516098260879517,-0.07952623069286346,0.05495777353644371,-0.026820700615644455
;-20.82461166381836;-6.063787805210552e-10,0.016599085181951523,-0.42589589953422546,0.6683431267738342;0.000455337343737483,0.36339035630226135,0.5136820673942566,-0.24042251706123352;0.1372590959072113,-0.0796433761715889,0.054926950484514236,-0.026874195784330368
;-21.01088523864746;-6.609536251644954e-10,0.016496187075972557,-0.4199386537075043,0.6662232875823975;0.00044017063919454813,0.36320167779922485,0.5156753659248352,-0.24167875945568085;0.13940224051475525,-0.07976142317056656,0.054895538836717606,-0.026928042992949486
;-21.198389053344727;-7.207248686746937e-10,0.016390342265367508,-0.4139806926250458,0.6640726327896118;0.0004254100495018065,0.36301079392433167,0.5176855325698853,-0.242940291762352;0.14159150421619415,-0.07988034933805466,0.05486351624131203,-0.026982245966792107
;-21.38712501525879;-7.862096529365203e-10,0.016281582415103912,-0.4080233871936798,0.6618911027908325;0.0004110485315322876,0.3628176748752594,0.5197124481201172,-0.24422596395015717;0.14382822811603546,-0.07999972254037857,0.054832618683576584,-0.02703680843114853
;-21.577096939086914;-8.57977466850457e-10,0.016169946640729904,-0.40206894278526306,0.65967857837677;0.0003970788384322077,0.3626222610473633,0.5217564702033997,-0.24551695585250854;0.146113321185112,-0.08011997491121292,0.05480111390352249,-0.027091726660728455
;-21.768306732177734;-9.366575293157098e-10,0.016055479645729065,-0.39611896872520447,0.65743488073349;0.00038349389797076583,0.3624246120452881,0.5238174796104431,-0.24681319296360016;0.1484479308128357,-0.08024110645055771,0.054769013077020645,-0.02714700438082218
;-21.96076011657715;-1.0229431746111572e-9,0.01593823730945587,-0.39017531275749207,0.655159592628479;0.0003702860267367214,0.36222466826438904,0.5258957147598267,-0.24812112748622894;0.15083324909210205,-0.08036299049854279,0.054736874997615814,-0.02720264159142971
;-22.154460906982422;-1.1175996794676735e-9,0.015818260610103607,-0.38423967361450195,0.6528527140617371;0.00035744861816056073,0.362022340297699,0.5279911756515503,-0.24944081902503967;0.15327075123786926,-0.08048562705516815,0.05470471456646919,-0.02725864201784134
;-22.349407196044922;-1.2214720346293007e-9,0.015695611014962196,-0.37831398844718933,0.6505140066146851;0.00034497439628466964,0.36181768774986267,0.530103862285614,-0.2507854104042053;0.1557615101337433,-0.08060870319604874,0.05467366799712181,-0.02731500007212162
;-22.545604705810547;-1.3354902739237673e-9,0.015570350922644138,-0.37240010499954224,0.648143470287323;0.00033285628887824714,0.36161065101623535,0.5322339534759521,-0.2521289885044098;0.15830673277378082,-0.08073282986879349,0.054641444236040115,-0.027371721342206
;-22.74305534362793;-1.4606844622733206e-9,0.015442541800439358,-0.3664998710155487,0.6457407474517822;0.0003210871072951704,0.36140120029449463,0.5343815088272095,-0.25348442792892456;0.1609078198671341,-0.08085770159959793,0.054609186947345734,-0.027428805828094482
;-22.941762924194336;-1.5981902468098497e-9,0.015312251634895802,-0.360615074634552,0.6433057188987732;0.0003096597210969776,0.3611893057823181,0.5365465879440308,-0.2548585832118988;0.1635662019252777,-0.08098318427801132,0.054577477276325226,-0.027486257255077362
;-23.141727447509766;-1.749260514216644e-9,0.015179554000496864,-0.35474756360054016,0.6408383846282959;0.0002985674946103245,0.36097487807273865,0.5387292504310608,-0.25623825192451477;0.1662830114364624,-0.08110956847667694,0.054545167833566666,-0.027544070035219193
;-23.342954635620117;-1.9152806007838308e-9,0.01504452433437109,-0.348899245262146,0.6383384466171265;0.000287803151877597,0.3607580065727234,0.5409297347068787,-0.2576301097869873;0.16905982792377472,-0.08123669028282166,0.05451282113790512,-0.027602247893810272
;-23.54544448852539;-2.0977783954378992e-9,0.014907242730259895,-0.343071848154068,0.6358057856559753;0.00027735979529097676,0.36053863167762756,0.5431477427482605,-0.25903409719467163;0.17189808189868927,-0.08136459439992905,0.054480452090501785,-0.02766079269349575
;-23.74919891357422;-2.298442991488514e-9,0.014767786487936974,-0.3372671604156494,0.6332402229309082;0.0002672307309694588,0.3603166341781616,0.5453835129737854,-0.26045042276382446;0.17479927837848663,-0.08149323612451553,0.054448045790195465,-0.027719702571630478
;-23.954221725463867;-2.5191420061076997e-9,0.014626247808337212,-0.3314869999885559,0.630641758441925;0.00025740909040905535,0.36009204387664795,0.5476371049880981,-0.2618790566921234;0.17776481807231903,-0.0816226452589035,0.054415613412857056,-0.027778977528214455
;-24.160512924194336;-2.7619360132291604e-9,0.014482708647847176,-0.3257332742214203,0.6280101537704468;0.00024788788869045675,0.35986486077308655,0.549908459186554,-0.2633202075958252;0.18079634010791779,-0.08175281435251236,0.05438314378261566,-0.02783862315118313
;-24.36807632446289;-3.029100748008773e-9,0.014337261207401752,-0.3200075924396515,0.6253455281257629;0.000238660562899895,0.35963502526283264,0.5521976947784424,-0.26477378606796265;0.18389540910720825,-0.08188372850418091,0.05435064807534218,-0.02789863757789135
;-24.576913833618164;-3.3231521978649425e-9,0.014189999550580978,-0.3143118917942047,0.6226475834846497;0.000229720477364026,0.35940244793891907,0.554504930973053,-0.2662399113178253;0.18706360459327698,-0.08201542496681213,0.05431812256574631,-0.02795902080833912
;-24.787025451660156;-3.646869473072911e-9,0.014041012153029442,-0.3086477518081665,0.6199161410331726;0.00022106102551333606,0.3591671586036682,0.5568299889564514,-0.26771870255470276;0.19030269980430603,-0.08214788138866425,0.05428556352853775,-0.028019770979881287
;-24.9984130859375;-4.003322562340372e-9,0.013890406116843224,-0.3030169904232025,0.6171514391899109;0.0002126756589859724,0.3589291572570801,0.5591729879379272,-0.26921015977859497;0.193614199757576,-0.08228109031915665,0.054252978414297104,-0.02808089554309845
;-25.211078643798828;-4.395904973364395e-9,0.013738268986344337,-0.2974212169647217,0.6143532395362854;0.0002045580476988107,0.35868826508522034,0.5615337491035461,-0.27071434259414673;0.19699996709823608,-0.08241508156061172,0.05422036349773407,-0.028142385184764862
;-25.425025939941406;-4.828367039522163e-9,0.013584706000983715,-0.29186221957206726,0.6115213632583618;0.0001967013522516936,0.35844460129737854,0.5639126300811768,-0.2722313404083252;0.20046178996562958,-0.08254983276128769,0.05418771505355835,-0.02820424921810627
;-25.640254974365234;-5.304849892695529e-9,0.013429817743599415,-0.28634145855903625,0.6086559891700745;0.00018909973732661456,0.3581980764865875,0.5663093328475952,-0.27376121282577515;0.20400148630142212,-0.08268534392118454,0.05415503308176994,-0.028266485780477524
;-25.856769561767578;-5.8299276517459475e-9,0.013273704797029495,-0.2808606028556824,0.6057568788528442;0.00018174656725022942,0.3579486608505249,0.5687239170074463,-0.27530401945114136;0.2076207846403122,-0.08282162994146347,0.054122328758239746,-0.028329093009233475
;-26.07457160949707;-6.40866115730887e-9,0.013116461224853992,-0.2754213511943817,0.6028239727020264;0.00017463589028920978,0.3576962649822235,0.57115638256073,-0.276859849691391;0.2113218754529953,-0.08295869082212448,0.05408959090709686,-0.028392072767019272
;-26.293663024902344;-7.046643712982359e-9,0.012958196923136711,-0.2700250446796417,0.5998572707176208;0.00016776123084127903,0.3574409782886505,0.5736067295074463,-0.2784287631511688;0.21510645747184753,-0.08309651911258698,0.054056815803050995,-0.028455426916480064
;-26.5140438079834;-7.750040609266762e-9,0.012799008749425411,-0.26467350125312805,0.5968567132949829;0.0001611168700037524,0.3571825921535492,0.5760747194290161,-0.28001081943511963;0.21897675096988678,-0.08323511481285095,0.05402401462197304,-0.028519155457615852
;-26.7357177734375;-8.525677053228264e-9,0.012639001943171024,-0.25936779379844666,0.5938224196434021;0.00015469688514713198,0.3569212555885315,0.578560471534729,-0.2816060483455658;0.22293466329574585,-0.0833745002746582,0.053991179913282394,-0.028583256527781487
;-26.95868682861328;-9.381074583814097e-9,0.012478277087211609,-0.25410977005958557,0.5907542705535889;0.00014849517901893705,0.35665690898895264,0.581063985824585,-0.2832145392894745;0.22698231041431427,-0.08351463824510574,0.05395831540226936,-0.028647731989622116
;-27.182954788208008;-1.032455632099527e-8,0.012316932901740074,-0.24890068173408508,0.587652325630188;0.00014250601816456765,0.3563893437385559,0.5835851430892944,-0.28483644127845764;0.23112186789512634,-0.08365556597709656,0.05392542853951454,-0.02871258556842804
;-27.408523559570312;-1.136531668777252e-8,0.012155073694884777,-0.24374188482761383,0.5845165848731995;0.00013672359636984766,0.35611864924430847,0.5861239433288574,-0.28647175431251526;0.23535557091236115,-0.08379726856946945,0.05389249697327614,-0.028777815401554108
;-27.63539695739746;-1.2513493352628302e-8,0.011992795392870903,-0.23863472044467926,0.5813470482826233;0.00013114239845890552,0.35584479570388794,0.5886802077293396,-0.2881205976009369;0.23968563973903656,-0.08393976092338562,0.05385954678058624,-0.02884342148900032
;-27.863576889038086;-1.3780296015397653e-8,0.011830195784568787,-0.2335803210735321,0.5781435966491699;0.0001257569674635306,0.35556760430336,0.5912537574768066,-0.2897757887840271;0.2441144585609436,-0.0840831845998764,0.05382596328854561,-0.028909407556056976
;-28.093069076538086;-1.51780792378986e-8,0.011667365208268166,-0.22858008742332458,0.5749064683914185;0.00012056166451657191,0.3552872836589813,0.5938447117805481,-0.2914518415927887;0.24864427745342255,-0.08422723412513733,0.05379294976592064,-0.028975771740078926
;-28.32387351989746;-1.6720502316047714e-8,0.01150440238416195,-0.22363527119159698,0.5716354846954346;0.00011555119999684393,0.3550035357475281,0.5964526534080505,-0.2931344509124756;0.25327783823013306,-0.08437222242355347,0.05375930666923523,-0.029042517766356468
;-28.55599594116211;-1.8422602110490516e-8,0.011341401375830173,-0.21874675154685974,0.5683308839797974;0.00011072026973124593,0.3547164499759674,0.5990777015686035,-0.2948380708694458;0.2580174207687378,-0.08451785892248154,0.05372622236609459,-0.029109645634889603
;-28.789440155029297;-2.0301017755741668e-8,0.011178451590240002,-0.21391601860523224,0.5649927258491516;0.00010606375144561753,0.35442590713500977,0.6017197370529175,-0.2965557277202606;0.262865275144577,-0.08466427028179169,0.05369311198592186,-0.02917715720832348
;-29.02420997619629;-2.2374035069105958e-8,0.011015640571713448,-0.20914393663406372,0.5616208910942078;0.00010157658834941685,0.3541320264339447,0.6043785214424133,-0.29828742146492004;0.26782459020614624,-0.0848114863038063,0.053659968078136444,-0.029245050624012947
;-29.260311126708984;-2.466186721505892e-8,0.010853057727217674,-0.2044316828250885,0.5582156777381897;0.00009725368727231398,0.35383445024490356,0.6070539951324463,-0.3000182807445526;0.2728976011276245,-0.08495979756116867,0.05362560600042343,-0.029313331469893456
;-29.49774932861328;-2.718679859015083e-8,0.010690785013139248,-0.19978004693984985,0.5547769665718079;0.00009309022425441071,0.353533536195755,0.6097458600997925,-0.30177828669548035;0.278087317943573,-0.08510860055685043,0.05359239876270294,-0.029381996020674706
;-29.736526489257812;-2.997334291876541e-8,0.01052890345454216,-0.1951901763677597,0.5513048768043518;0.00008908136805985123,0.3532288670539856,0.6124540567398071,-0.3035525977611542;0.28339624404907227,-0.08525820821523666,0.053559157997369766,-0.029451049864292145
;-29.976652145385742;-3.304855766828041e-8,0.010367491282522678,-0.19066284596920013,0.5477997064590454;0.00008522242569597438,0.35292068123817444,0.6151784658432007,-0.3053412437438965;0.2888275384902954,-0.08540862053632736,0.053525883704423904,-0.029520491138100624
;-30.218130111694336;-3.6442180828544224e-8,0.010206627659499645,-0.18619899451732635,0.5442613363265991;0.00008150887151714414,0.3526087701320648,0.617918848991394,-0.3071445822715759;0.2943839132785797,-0.08555984497070312,0.05349258705973625,-0.02959032543003559
;-30.460966110229492;-4.018697552510275e-8,0.01004638709127903,-0.1817995309829712,0.540690004825592;0.00007793607073836029,0.3522931933403015,0.6206747889518738,-0.30896255373954773;0.30006858706474304,-0.08571187406778336,0.05345924571156502,-0.029660552740097046
;-30.70516586303711;-4.431904088164629e-8,0.00988683756440878,-0.17746515572071075,0.537085771560669;0.00007449967961292714,0.3519737124443054,0.6234463453292847,-0.31079524755477905;0.30588462948799133,-0.08586473017930984,0.05342588201165199,-0.029731174930930138
;-30.95073890686035;-4.887797544483874e-8,0.00972804892808199,-0.1731966882944107,0.5334489345550537;0.00007119535439414904,0.3516503572463989,0.6262332201004028,-0.3126428723335266;0.3118349015712738,-0.0860183984041214,0.05339248478412628,-0.029802192002534866
;-31.19769287109375;-5.390739943322842e-8,0.00957008358091116,-0.16899485886096954,0.529779314994812;0.00006801892595831305,0.3513232171535492,0.6290349364280701,-0.3145056664943695;0.31792306900024414,-0.08617289364337921,0.053359054028987885,-0.02987360954284668
;-31.446035385131836;-5.9455189216350846e-8,0.009413003921508789,-0.16486044228076935,0.5260772705078125;0.00006496618152596056,0.35099199414253235,0.6318516135215759,-0.3163835108280182;0.32415229082107544,-0.08632821589708328,0.0533255934715271,-0.029945429414510727
;-31.69577407836914;-6.557402798534895e-8,0.00925687700510025,-0.160794198513031,0.5223428606987;0.0000620331265963614,0.35065677762031555,0.6346827745437622,-0.31827670335769653;0.33052581548690796,-0.08648437261581421,0.05329209938645363,-0.030017651617527008
;-31.94692039489746;-7.232155496694759e-8,0.009101753123104572,-0.15679676830768585,0.5185762643814087;0.000059215886722086,0.35031744837760925,0.637528121471405,-0.3201853632926941;0.33704736828804016,-0.08664136379957199,0.05325857177376747,-0.03009028360247612
;-32.199485778808594;-7.976111504603978e-8,0.008947684429585934,-0.1528688371181488,0.5147777199745178;0.00005651053652400151,0.34997400641441345,0.6403872966766357,-0.3220938444137573;0.34372034668922424,-0.0867995172739029,0.05322382226586342,-0.030163319781422615
;-32.45347595214844;-8.796223482931964e-8,0.008794725872576237,-0.14901103079319,0.5109471678733826;0.00005391335434978828,0.3496263325214386,0.64326012134552,-0.32401785254478455;0.3505484461784363,-0.08695852756500244,0.05318903177976608,-0.030236775055527687
;-32.70890808105469;-9.700089975694937e-8,0.008642922155559063,-0.14522422850131989,0.5070849657058716;0.00005142065856489353,0.3492744266986847,0.6461461186408997,-0.3259577751159668;0.3575354814529419,-0.08711839467287064,0.05315420404076576,-0.03031064197421074
;-32.965789794921875;-1.0696052044067983e-7,0.008492323569953442,-0.14150883257389069,0.5031912326812744;0.00004902894579572603,0.3489181399345398,0.6490448713302612,-0.327921599149704;0.3646852970123291,-0.08727896958589554,0.05311994627118111,-0.03038492426276207
;-33.22413635253906;-1.1793206056154304e-7,0.008342971093952656,-0.13786576688289642,0.4992661774158478;0.00004673469811677933,0.3485574722290039,0.6519560813903809,-0.3299015760421753;0.37200191617012024,-0.08744040876626968,0.053085654973983765,-0.030459633097052574
;-33.483951568603516;-1.3001520926536614e-7,0.008194902911782265,-0.13429570198059082,0.495309978723526;0.00004453459769138135,0.34819233417510986,0.6548796892166138,-0.3318980038166046;0.3794887363910675,-0.08760274201631546,0.053051333874464035,-0.030534766614437103
;-33.7452507019043;-1.4331858722016477e-7,0.008048160932958126,-0.13079933822155,0.49132296442985535;0.00004242538852849975,0.3478226661682129,0.6578149795532227,-0.33391091227531433;0.38715049624443054,-0.08776595443487167,0.05301697552204132,-0.030610328540205956
;-34.008056640625;-1.579609687496486e-7,0.007902774959802628,-0.12737751007080078,0.4873051643371582;0.00004040378917125054,0.34744831919670105,0.6607615351676941,-0.33593249320983887;0.39499109983444214,-0.08793021738529205,0.05298197641968727,-0.03068632073700428
;-34.272377014160156;-1.7407177210770897e-7,0.00775877945125103,-0.12403111159801483,0.4832569360733032;0.000038466747355414554,0.34706923365592957,0.6637189388275146,-0.3379708528518677;0.4030148386955261,-0.08809538930654526,0.05294695124030113,-0.03076275624334812
;-34.53822708129883;-1.9179178423200938e-7,0.007616203743964434,-0.12076093256473541,0.4791783392429352;0.000036611196264857426,0.34668534994125366,0.6666865944862366,-0.3400263786315918;0.411226361989975,-0.08826146274805069,0.05291188508272171,-0.030839629471302032
;-34.80562210083008;-2.1127424076894386e-7,0.007475073914974928,-0.11756803095340729,0.4750698208808899;0.0000348342364304699,0.34629663825035095,0.6696642637252808,-0.3421075642108917;0.41962969303131104,-0.0884283035993576,0.05287739261984825,-0.03091694787144661
;-35.07457733154297;-2.3268574977919343e-7,0.007335418835282326,-0.11445339024066925,0.47093135118484497;0.00003313303750474006,0.3459029495716095,0.6726512908935547,-0.344206303358078;0.42822960019111633,-0.08859606832265854,0.052842870354652405,-0.03099471889436245
;-35.34510803222656;-2.5620704491302604e-7,0.007197256665676832,-0.11141802370548248,0.46676331758499146;0.000031504820071859285,0.3455042243003845,0.6756473183631897,-0.3463228940963745;0.43703022599220276,-0.08876478672027588,0.05280830338597298,-0.031072944402694702
;-35.61723709106445;-2.8203365332046815e-7,0.007060610223561525,-0.10846325755119324,0.46256598830223083;0.000029946864742669277,0.34510037302970886,0.6786515712738037,-0.34845760464668274;0.4460374116897583,-0.08893444389104843,0.05277371406555176,-0.031151628121733665
;-35.8909797668457;-3.1037757253216114e-7,0.006925497204065323,-0.10559014976024628,0.45833951234817505;0.000028456590371206403,0.34469136595726013,0.6816635131835938,-0.35060206055641174;0.45525500178337097,-0.08910522609949112,0.05273847654461861,-0.031230779364705086
;-36.166351318359375;-3.414674267787632e-7,0.006791934836655855,-0.1027999147772789,0.4540843665599823;0.000027031488571083173,0.3442770540714264,0.6846826076507568,-0.3527735471725464;0.4646880030632019,-0.08927681297063828,0.05270381644368172,-0.03131039813160896
;-36.4433708190918;-3.7555128074018285e-7,0.006659936159849167,-0.10009370744228363,0.449800580739975;0.00002566911825852003,0.3438573181629181,0.6877081990242004,-0.35495513677597046;0.4743417203426361,-0.08944954723119736,0.052668508142232895,-0.031390491873025894
;-36.72206497192383;-4.1289453633908124e-7,0.00652951467782259,-0.09747285395860672,0.44548851251602173;0.00002436704744468443,0.34343209862709045,0.6907397508621216,-0.35715582966804504;0.4842208921909332,-0.08962327241897583,0.052633170038461685,-0.031471069902181625
;-37.00244903564453;-4.537832580808754e-7,0.006400676444172859,-0.09493828564882278,0.4411484897136688;0.00002312300421181135,0.34300124645233154,0.6937761306762695,-0.3593845069408417;0.4943313002586365,-0.08979783952236176,0.05259840562939644,-0.03155213221907616
;-37.284542083740234;-4.985242867405759e-7,0.006273437757045031,-0.09249090403318405,0.43678075075149536;0.000021934769392828457,0.34256473183631897,0.69681715965271,-0.3616327941417694;0.5046775937080383,-0.08997342735528946,0.052563607692718506,-0.03163368999958038
;-37.56836700439453;-5.47446290966036e-7,0.0061478023417294025,-0.09013132750988007,0.43238553404808044;0.000020800194761250168,0.34212231636047363,0.6998619437217712,-0.3639010787010193;0.5152646899223328,-0.09015005081892014,0.05252877622842789,-0.031715743243694305
;-37.85394287109375;-6.009007620377815e-7,0.006023775786161423,-0.08785969018936157,0.4279631972312927;0.000019717179384315386,0.3416740894317627,0.7029095888137817,-0.36618950963020325;0.5260987281799316,-0.09032770991325378,0.05249390751123428,-0.03179830685257912
;-38.141300201416016;-6.592622980861051e-7,0.005901360884308815,-0.08567564189434052,0.4235140383243561;0.000018683704183786176,0.3412197530269623,0.7059592604637146,-0.36848950386047363;0.53718501329422,-0.09050658345222473,0.05245839059352875,-0.03188138082623482
;-38.43046569824219;-7.22926984053629e-7,0.005780559498816729,-0.08357825875282288,0.41903823614120483;0.000017697788280202076,0.34075927734375,0.7090100646018982,-0.370810329914093;0.5485288500785828,-0.09068652242422104,0.052422843873500824,-0.031964972615242004
;-38.72145462036133;-7.923164275780437e-7,0.005661377217620611,-0.08156576007604599,0.4145362377166748;0.000016757574485382065,0.3402925431728363,0.7120612263679504,-0.3731522560119629;0.5601357221603394,-0.0908675566315651,0.052387259900569916,-0.032049089670181274
;-39.014305114746094;-8.678782137394592e-7,0.005543807055801153,-0.07963544875383377,0.41000819206237793;0.000015861201973166317,0.33981943130493164,0.7151116728782654,-0.37551558017730713;0.5720114707946777,-0.0910496935248375,0.05235163867473602,-0.03213374316692352
;-39.30904006958008;-9.500787427896284e-7,0.005427849944680929,-0.0777837485074997,0.4054543673992157;0.000015006899047875777,0.33933988213539124,0.7181603312492371,-0.3779006898403168;0.584162175655365,-0.09123295545578003,0.052315980195999146,-0.03221894055604935
;-39.605690002441406;-0.000001039410335579305,0.005313507281243801,-0.07600614428520203,0.4008750319480896;0.000014192983144312166,0.338853657245636,0.7212063074111938,-0.38031724095344543;0.5965926647186279,-0.09141718596220016,0.052280910313129425,-0.032304685562849045
;-39.9042854309082;-0.0000011363883913872996,0.005200769752264023,-0.07429727911949158,0.3962706923484802;0.000013417755326372571,0.33836057782173157,0.7242482900619507,-0.3827563524246216;0.6093097925186157,-0.09160256385803223,0.05224579572677612,-0.03239099308848381
;-40.20486068725586;-0.0000012402164202285348,0.005089633632451296,-0.07265110313892365,0.39164140820503235;0.00001267967491003219,0.3378605842590332,0.7272851467132568,-0.38521865010261536;0.6223186254501343,-0.0917891189455986,0.05221065133810043,-0.03247786685824394
;-40.50745391845703;-0.0000013488507875081268,0.004980092868208885,-0.0710608959197998,0.3869873881340027;0.000011977141184615903,0.33735355734825134,0.7303158044815063,-0.38771378993988037;0.6356254816055298,-0.09197670966386795,0.052176088094711304,-0.032565321773290634
;-40.812103271484375;-0.0000014632680631621042,0.004872140008956194,-0.06951989233493805,0.3823089003562927;0.00001130868804466445,0.3368391692638397,0.7333388924598694,-0.39022374153137207;0.6492364406585693,-0.09216567873954773,0.05214088037610054,-0.03265336900949478
;-41.11884689331055;-0.000001583933794790937,0.004765763413161039,-0.06802111864089966,0.37760624289512634;0.000010672863936633803,0.3363174796104431,0.7363526225090027,-0.39275819063186646;0.6631578207015991,-0.092355877161026,0.05210563540458679,-0.03274201601743698
;-41.42772674560547;-0.0000017112779460148886,0.00466095982119441,-0.06655798107385635,0.3728795349597931;0.000010068290976050775,0.33578819036483765,0.7393560409545898,-0.3953271508216858;0.6773948669433594,-0.09254718571901321,0.052070967853069305,-0.03283127397298813
;-41.73878860473633;-0.0000018456921679899096,0.004557713400572538,-0.06512440741062164,0.36812883615493774;0.000009493639481661376,0.3352512717247009,0.7423474788665771,-0.3979218006134033;0.6919541954994202,-0.0927397832274437,0.05203627049922943,-0.03292115777730942
;-42.05207824707031;-0.0000019875328689522576,0.004456015769392252,-0.06371481716632843,0.36335456371307373;0.000008947588867158629,0.33470630645751953,0.7453251481056213,-0.4005427062511444;0.7068421244621277,-0.09293367713689804,0.05200154334306717,-0.03301168605685234
;-42.36764907836914;-0.0000021371347429521848,0.004355854354798794,-0.06232451647520065,0.3585566580295563;0.000008428914043179248,0.3341532051563263,0.7482873201370239,-0.4031808376312256;0.7220643162727356,-0.09312910586595535,0.05196615681052208,-0.033102862536907196
;-42.685546875;-0.000002294787464052206,0.004257218912243843,-0.06094957888126373,0.35373538732528687;0.000007936437214084435,0.33359184861183167,0.7512328028678894,-0.40583664178848267;0.7376263737678528,-0.09332605451345444,0.051930107176303864,-0.033194709569215775
;-43.00582504272461;-0.0000024607495561213,0.004160095006227493,-0.05958688259124756,0.3488907814025879;0.000007468988314940361,0.33302196860313416,0.7541589736938477,-0.4085301160812378;0.7535352110862732,-0.0935242548584938,0.0518946573138237,-0.03328723832964897
;-43.32853698730469;-0.0000026352381610195152,0.004064468666911125,-0.0582340769469738,0.34402304887771606;0.000007025465038168477,0.3324432373046875,0.7570644617080688,-0.41124239563941956;0.7697950005531311,-0.09372404962778091,0.05185854434967041,-0.03338046744465828
;-43.65373611450195;-0.000002818428811224294,0.003970328718423843,-0.05688954144716263,0.33913230895996094;0.0000066048078224412166,0.3318555951118469,0.759946882724762,-0.41398391127586365;0.7864128947257996,-0.09392531961202621,0.05182239040732384,-0.033474404364824295
;-43.981475830078125;-0.0000030104527013463667,0.003877658396959305,-0.055552151054143906,0.3342186212539673;0.000006206001216924051,0.3312588036060333,0.7628042697906494,-0.4167552888393402;0.8033934235572815,-0.0941280797123909,0.05178620666265488,-0.03356907516717911
;-44.31181335449219;-0.000003211379407730419,0.003786445828154683,-0.05422141030430794,0.32928213477134705;0.00000582806569582317,0.3306525945663452,0.7656346559524536,-0.41955727338790894;0.8207404613494873,-0.09433237463235855,0.05174998193979263,-0.033664487302303314
;-44.644798278808594;-0.0000034212064292660216,0.003696674248203635,-0.05289716646075249,0.3243231177330017;0.000005470069936563959,0.3300367295742035,0.7684355974197388,-0.42239052057266235;0.8384599685668945,-0.09453822672367096,0.051713727414608,-0.033760663121938705
;-44.98048782348633;-0.000003639886699602357,0.0036083306185901165,-0.05157962068915367,0.3193415701389313;0.0000051310989874764346,0.32941102981567383,0.7712047696113586,-0.42525574564933777;0.8565552830696106,-0.0947456881403923,0.05167743191123009,-0.03385761007666588
;-45.318939208984375;-0.000003867269697366282,0.0035214005038142204,-0.0502692312002182,0.31433773040771484;0.000004810302925761789,0.32877519726753235,0.7739396691322327,-0.42815372347831726;0.8750293254852295,-0.09495476633310318,0.05164109915494919,-0.03395535424351692
;-45.66020584106445;-0.000004103143965039635,0.0034358687698841095,-0.04896661266684532,0.3093118667602539;0.000004506849563767901,0.3281289339065552,0.7766376733779907,-0.4310850501060486;0.8938862085342407,-0.09516552090644836,0.051604729145765305,-0.03405390679836273
;-46.00434494018555;-0.000004347187314124312,0.003351719118654728,-0.047672539949417114,0.30426403880119324;0.000004219936272420455,0.327472060918808,0.7792962789535522,-0.4340505599975586;0.9131277203559875,-0.09537795186042786,0.051568321883678436,-0.0341532826423645
;-46.351402282714844;-0.000004598978193826042,0.003268938511610031,-0.046387866139411926,0.29919448494911194;0.000003948794983443804,0.3268042802810669,0.7819124460220337,-0.43705084919929504;0.9327545762062073,-0.09559213370084763,0.05153188481926918,-0.034253496676683426
;-46.70143508911133;-0.000004857966814597603,0.0031875120475888252,-0.04511347413063049,0.29410356283187866;0.0000036927115161233814,0.3261253237724304,0.7844836115837097,-0.4400866627693176;0.9527668356895447,-0.09580805152654648,0.05149540305137634,-0.0343545638024807
;-47.054500579833984;-0.000005123541541252052,0.003107423661276698,-0.043850257992744446,0.2889914810657501;0.000003450968279139488,0.325435072183609,0.7870060801506042,-0.44315874576568604;0.97316575050354,-0.09602576494216919,0.05145888775587082,-0.03445650637149811
;-47.41064453125;-0.000005394879281084286,0.003028659615665674,-0.042599182575941086,0.2838583290576935;0.000003222889290555031,0.32473304867744446,0.7894770503044128,-0.4462677538394928;0.9939485788345337,-0.09624530375003815,0.05142233520746231,-0.034559331834316254
;-47.76991653442383;-0.000005671034614351811,0.0029512052424252033,-0.041361141949892044,0.2787046432495117;0.0000030078292638791027,0.32401907444000244,0.7918931841850281,-0.4494144916534424;1.0151118040084839,-0.09646669030189514,0.05138574540615082,-0.03466305509209633
;-48.13236618041992;-0.0000059509516177058686,0.0028750465717166662,-0.04013700783252716,0.2735305726528168;0.0000028051688332197955,0.32329297065734863,0.7942504286766052,-0.4525993764400482;1.0366525650024414,-0.09668994694948196,0.05134911835193634,-0.034767698496580124
;-48.49803924560547;-0.000006233417479961645,0.0028001682367175817,-0.03892761096358299,0.26833653450012207;0.0000026143072773265885,0.3225542902946472,0.7965455651283264,-0.4558234214782715;1.0585646629333496,-0.0969151183962822,0.05131245404481888,-0.03487326577305794
;-48.86697769165039;-0.000006516980192827759,0.002726557431742549,-0.03773374482989311,0.26312288641929626;0.000002434674797768821,0.3218027949333191,0.7987746000289917,-0.4590870141983032;1.0808403491973877,-0.09714221954345703,0.05127575248479843,-0.03497977554798126
;-49.239219665527344;-0.000006800115897931391,0.0026541994884610176,-0.036556195467710495,0.25789010524749756;0.000002265715920657385,0.3210383653640747,0.8009328842163086,-0.4623909592628479;1.1034706830978394,-0.09737127274274826,0.051239013671875,-0.035087235271930695
;-49.614803314208984;-0.000007081102012307383,0.002583081368356943,-0.035395655781030655,0.2526387870311737;0.000002106916099364753,0.32026058435440063,0.8030170202255249,-0.4657355546951294;1.1264437437057495,-0.09760230779647827,0.05120224133133888,-0.03519565984606743
;-49.9937629699707;-0.000007358055881923065,0.002513190498575568,-0.03425280749797821,0.24736915528774261;0.000001957756012416212,0.3194692134857178,0.8050220012664795,-0.4691215753555298;1.149746060371399,-0.09783534705638885,0.05116542801260948,-0.03530505672097206
;-50.37612533569336;-0.000007628979346918641,0.002444513374939561,-0.033128246665000916,0.24208205938339233;0.0000018177610172642744,0.318664014339447,0.8069431185722351,-0.4725494086742401;1.1733626127243042,-0.0980704128742218,0.051128581166267395,-0.03541543707251549
;-50.76192092895508;-0.000007891689165262505,0.0023770364932715893,-0.03202257305383682,0.23677797615528107;0.000001686459199845558,0.3178446888923645,0.808775782585144,-0.47601959109306335;1.1972743272781372,-0.09830750524997711,0.051091693341732025,-0.035526812076568604
;-51.15116500854492;-0.00000814389841252705,0.0023107498418539762,-0.030936306342482567,0.23145762085914612;0.0000015634026340194396,0.3170109689235687,0.8105147480964661,-0.4795326292514801;1.221459984779358,-0.09854664653539658,0.05105476826429367,-0.03563918173313141
;-51.54386901855469;-0.000008383205567952245,0.00224563991650939,-0.029869940131902695,0.2261216789484024;0.0000014481718153547263,0.31616267561912537,0.8121546506881714,-0.48308873176574707;1.2458956241607666,-0.09878784418106079,0.05101780593395233,-0.0357525572180748
;-51.94004440307617;-0.000008607144081906881,0.0021816964726895094,-0.02882392704486847,0.22077107429504395;0.0000013403508773990325,0.3152996301651001,0.8136900663375854,-0.48668810725212097;1.2705538272857666,-0.09903111308813095,0.050980810075998306,-0.035866931080818176
;-52.339691162109375;-0.000008813212843961082,0.0021189094986766577,-0.02779868245124817,0.2154066264629364;0.000001239546577380679,0.31442147493362427,0.8151151537895203,-0.49033114314079285;1.2954039573669434,-0.09927643090486526,0.0509437657892704,-0.03598231449723244
;-52.742801666259766;-0.000008998978046292905,0.002057265490293503,-0.02679460681974888,0.2100292295217514;0.0000011453838624220225,0.31352803111076355,0.8164235949516296,-0.49401798844337463;1.3204128742218018,-0.09952383488416672,0.050906695425510406,-0.03609870374202728
;-53.14935302734375;-0.000009161888556263875,0.0019967572297900915,-0.025812027975916862,0.20464015007019043;0.0000010575015494396212,0.3126191198825836,0.8176095485687256,-0.4977603256702423;1.3455417156219482,-0.0997731164097786,0.050870224833488464,-0.036216095089912415
;-53.559326171875;-0.000009299719749833457,0.001937375171110034,-0.024851279333233833,0.19924041628837585;9.75556190496718e-7,0.3116946220397949,0.8186668753623962,-0.5015347003936768;1.3707484006881714,-0.10002461075782776,0.050833068788051605,-0.036334481090307236
;-53.972686767578125;-0.000009410141501575708,0.0018791097681969404,-0.023912621662020683,0.19383123517036438;8.992124094220344e-7,0.3107544481754303,0.8195885419845581,-0.5053524971008301;1.3959883451461792,-0.10027813166379929,0.05079588294029236,-0.03645385429263115
;-54.38938522338867;-0.000009491191121924203,0.0018219519406557083,-0.022996313869953156,0.18841394782066345;8.281558052658511e-7,0.30979830026626587,0.8203676342964172,-0.5092255473136902;1.4212117195129395,-0.10053349286317825,0.050759296864271164,-0.03657420352101326
;-54.809356689453125;-0.000009541166036797222,0.0017658955184742808,-0.0221025999635458,0.18299022316932678;7.620823225806816e-7,0.3088262379169464,0.8209975957870483,-0.5131416320800781;1.4463635683059692,-0.10079082101583481,0.05072268098592758,-0.036695510149002075
;-55.23253631591797;-0.000009558738383930176,0.0017109311884269118,-0.02123165875673294,0.17756149172782898;7.007055273788865e-7,0.3078380823135376,0.8214706778526306,-0.517099916934967;1.4713869094848633,-0.10105008631944656,0.05068602040410042,-0.0368177555501461
;-55.658843994140625;-0.000009542813131702133,0.0016570525476709008,-0.020383676514029503,0.17212939262390137;6.437444994844554e-7,0.306833952665329,0.8217794895172119,-0.5210875868797302;1.4962202310562134,-0.10131140798330307,0.050648681819438934,-0.03694092482328415
;-56.08818435668945;-0.000009492890967521816,0.0016042533097788692,-0.019558779895305634,0.16669587790966034;5.909361675549007e-7,0.30581381916999817,0.8219165802001953,-0.5251157879829407;1.5207960605621338,-0.10157456248998642,0.050611309707164764,-0.03706498444080353
;-56.52043914794922;-0.000009408779988007154,0.001552528003230691,-0.018757078796625137,0.16126282513141632;5.420271804723598e-7,0.3047776222229004,0.8218744993209839,-0.5291835069656372;1.5450446605682373,-0.10183949023485184,0.05057389661669731,-0.03718990460038185
;-56.955482482910156;-0.000009290830348618329,0.001501870108768344,-0.017978666350245476,0.155832439661026;4.967766358277004e-7,0.30372563004493713,0.8216449022293091,-0.53328937292099;1.5688928365707397,-0.10210611671209335,0.05053643882274628,-0.03731565177440643
;-57.39316940307617;-0.000009140038855548482,0.0014522750861942768,-0.017223600298166275,0.15040698647499084;4.5495553990804183e-7,0.30265793204307556,0.8212202787399292,-0.5374321341514587;1.592261552810669,-0.10237438231706619,0.05049895495176315,-0.03744219243526459
;-57.833343505859375;-0.00000895777702680789,0.0014037383953109384,-0.01649189367890358,0.14498873054981232;4.163433686699136e-7,0.3015746772289276,0.8205927014350891,-0.5416098237037659;1.6150720119476318,-0.1026441678404808,0.05046142637729645,-0.037569474428892136
;-58.275821685791016;-0.000008745955710764974,0.0013562551466748118,-0.01578355021774769,0.13958021998405457;3.807331268035341e-7,0.3004761040210724,0.8197540640830994,-0.5458208918571472;1.6372411251068115,-0.10291537642478943,0.05042385309934616,-0.0376974493265152
;-58.72040939331055;-0.00000850685410114238,0.0013098209165036678,-0.015098520554602146,0.13418424129486084;3.479258054994716e-7,0.29936274886131287,0.8186963200569153,-0.5500631332397461;1.6586827039718628,-0.1031879186630249,0.050386250019073486,-0.037826068699359894
;-59.166893005371094;-0.000008243326192314271,0.0012644326779991388,-0.014436736702919006,0.12880347669124603;3.177332814630063e-7,0.29823482036590576,0.8174120783805847,-0.5543338656425476;1.6793105602264404,-0.10346165299415588,0.05034860223531723,-0.03795526549220085
;-59.615047454833984;-0.000007958515197969973,0.0012200867058709264,-0.01379808783531189,0.12344103306531906;2.89976725298402e-7,0.29709285497665405,0.8158934116363525,-0.558631181716919;1.6990361213684082,-0.10373646020889282,0.05031092092394829,-0.038084983825683594
;-60.06461715698242;-0.000007655707122466993,0.001176779274828732,-0.013182423077523708,0.11809996515512466;2.6448705625625735e-7,0.29593732953071594,0.814132809638977,-0.5629518032073975;1.7177734375,-0.10401219129562378,0.05027319863438606,-0.03821514546871185
;-60.51533889770508;-0.000007338541763601825,0.0011345063103362918,-0.012589562684297562,0.11278355121612549;2.411034927263245e-7,0.2947687804698944,0.8121230006217957,-0.5672928690910339;1.7354345321655273,-0.10428869724273682,0.05023543909192085,-0.03834567964076996
;-60.9669303894043;-0.000007010650278971298,0.0010932653676718473,-0.012019296176731586,0.10749506950378418;2.1967485963614308e-7,0.29358792304992676,0.8098572492599487,-0.5716511011123657;1.7519350051879883,-0.1045658141374588,0.05019763857126236,-0.03847651183605194
;-61.419090270996094;-0.000006675691565760644,0.001053051557391882,-0.011471366509795189,0.1022380068898201;2.0005728629257646e-7,0.29239556193351746,0.8073282241821289,-0.5760230422019958;1.7671924829483032,-0.1048433780670166,0.05015980079770088,-0.03860754892230034
;-61.87150573730469;-0.000006337291779345833,0.0010138620855286717,-0.010945478454232216,0.09701602160930634;1.821161390580528e-7,0.2911923825740814,0.804530680179596,-0.5804051160812378;1.7811272144317627,-0.1051211953163147,0.05012192204594612,-0.038738708943128586
;-62.32384490966797;-0.0000059988115026499145,0.0009756920044310391,-0.010441310703754425,0.09183260053396225;1.657242023611616e-7,0.28997939825057983,0.8014585971832275,-0.584793210029602;1.7936662435531616,-0.10539908707141876,0.050084006041288376,-0.03886989504098892
;-62.7757682800293;-0.000005663337560690707,0.0009385366574861109,-0.009958493523299694,0.08669160306453705;1.5076147974468768e-7,0.2887573540210724,0.7981067299842834,-0.5891833305358887;1.8047411441802979,-0.10567682981491089,0.05004604905843735,-0.03900100663304329
;-63.22692108154297;-0.000005333843091648305,0.0009023914462886751,-0.009496631100773811,0.0815967321395874;1.3711651547509973e-7,0.2875274419784546,0.7944710850715637,-0.5935713648796082;1.8142900466918945,-0.10595424473285675,0.050008054822683334,-0.03913194686174393
;-63.676937103271484;-0.0000050126377573178615,0.000867250026203692,-0.009055296890437603,0.0765518769621849;1.2468406396237697e-7,0.28629061579704285,0.7905476093292236,-0.597952663898468;1.822258472442627,-0.10623111575841904,0.049970027059316635,-0.03926260769367218
;-64.12544250488281;-0.000004702012574853143,0.0008331061108037829,-0.008634028024971485,0.07156076282262802;1.1336577898646283e-7,0.2850480377674103,0.7863336205482483,-0.6023226380348206;1.8286006450653076,-0.10650720447301865,0.04993194714188576,-0.03939289227128029
;-64.57206726074219;-0.000004403554157761391,0.0007999524241313338,-0.008232338353991508,0.06662719696760178;1.0306993658559804e-7,0.2838008999824524,0.7818268537521362,-0.6066769957542419;1.833280086517334,-0.10678230226039886,0.04989383742213249,-0.0395226776599884
;-65.01641082763672;-0.000004118672222830355,0.0007677817484363914,-0.007849711924791336,0.06175502389669418;9.371122899892725e-8,0.2825503945350647,0.7770262360572815,-0.6110104918479919;1.8362691402435303,-0.10705619305372238,0.049855682998895645,-0.039651867002248764
;-65.45809936523438;-0.00000384843133360846,0.0007365844794549048,-0.0074856155551970005,0.05694807693362236;8.521038807884906e-8,0.281297892332077,0.771932065486908,-0.6153182983398438;1.8375506401062012,-0.1073286309838295,0.04981749877333641,-0.039780329912900925
;-65.8967514038086;-0.000003593386054490111,0.0007063515949994326,-0.0071394843980669975,0.05220980569720268;7.749336816686991e-8,0.2800445854663849,0.7665450572967529,-0.6195958852767944;1.8371182680130005,-0.10759939253330231,0.049779262393713,-0.039907973259687424
;-66.33197784423828;-0.000003353897227498237,0.0006770718027837574,-0.006810744293034077,0.04754381999373436;7.049198558206626e-8,0.2787919044494629,0.7608667016029358,-0.6238381266593933;1.8349764347076416,-0.1078682541847229,0.0497409962117672,-0.04003468155860901
;-66.76341247558594;-0.0000031301040053222096,0.000648733286652714,-0.006498806178569794,0.0429534837603569;6.41430801806564e-8,0.27754104137420654,0.7548999786376953,-0.6280404329299927;1.8311381340026855,-0.10813499987125397,0.049702681601047516,-0.04016033932566643
;-67.190673828125;-0.0000029218017516541295,0.0006213244050741196,-0.00620306609198451,0.03844223916530609;5.838843719629949e-8,0.2762935161590576,0.748650074005127,-0.6321975588798523;1.8256301879882812,-0.1083993911743164,0.04966433346271515,-0.04028484225273132
;-67.6134033203125;-0.000002728662821027683,0.0005948307225480676,-0.005922920070588589,0.0340130515396595;5.317430762374897e-8,0.2750506103038788,0.7421218156814575,-0.6363052725791931;1.8184863328933716,-0.1086612194776535,0.0496259443461895,-0.04040808603167534
;-68.03125762939453;-0.000002550139697632403,0.0005692379781976342,-0.005657748319208622,0.029668938368558884;4.845135137543366e-8,0.27381375432014465,0.735321581363678,-0.6403585076332092;1.8097515106201172,-0.10892028361558914,0.049587514251470566,-0.04052995890378952
;-68.44390106201172;-0.000002385653942837962,0.0005445308634079993,-0.0054069384932518005,0.02541256509721279;4.417431753722667e-8,0.2725841999053955,0.7282571196556091,-0.6443532109260559;1.799478530883789,-0.10917637497186661,0.04954904317855835,-0.040650375187397
;-68.85100555419922;-0.000002234516387034091,0.0005206935456953943,-0.005169878713786602,0.021246569231152534;4.0301735282355367e-8,0.2713632881641388,0.7209380269050598,-0.6482847929000854;1.7877302169799805,-0.10942928493022919,0.049510542303323746,-0.04076922684907913
;-69.25228118896484;-0.0000020959625999239506,0.0004977087955921888,-0.00494596129283309,0.01717309094965458;3.679554438917876e-8,0.2701522707939148,0.7133734226226807,-0.6521493196487427;1.7745754718780518,-0.10967884212732315,0.04947199299931526,-0.04088642820715904
;-69.64743041992188;-0.0000019692010937433224,0.00047555932542309165,-0.004734582267701626,0.013194388709962368;3.36212302443073e-8,0.26895248889923096,0.7055748701095581,-0.6559427976608276;1.7600904703140259,-0.10992488265037537,0.049433402717113495,-0.04100189730525017
;-70.03620147705078;-0.0000018534725541030639,0.00045422627590596676,-0.004535145591944456,0.009312054142355919;3.074717724871334e-8,0.2677650451660156,0.6975536346435547,-0.659661591053009;1.744355320930481,-0.11016722768545151,0.04939477518200874,-0.041115548461675644
;-70.41834259033203;-0.000001747960254760983,0.00043369128252379596,-0.004347075708210468,0.005527700763195753;2.8144611974312284e-8,0.2665911018848419,0.6893230080604553,-0.6632866859436035;1.7274564504623413,-0.11040590703487396,0.049355439841747284,-0.0412273183465004
;-70.79363250732422;-0.0000016519131804670906,0.000413935340475291,-0.0041698007844388485,0.0018426242750138044;2.578739355385551e-8,0.26543179154396057,0.6808967590332031,-0.66683030128479;1.70948326587677,-0.11064061522483826,0.04931605979800224,-0.04133713245391846
;-71.1618881225586;-0.0000015646013480363763,0.00039493851363658905,-0.004002767615020275,-0.0017421585507690907;2.3651814728964382e-8,0.2642880380153656,0.672288715839386,-0.6702898740768433;1.6905279159545898,-0.11087122559547424,0.04927664250135422,-0.04144492745399475
;-71.52291107177734;-0.0000014853569609840633,0.0003766814188566059,-0.0038454406894743443,-0.005225921515375376;2.171635493652957e-8,0.2631608545780182,0.663514256477356,-0.6736785769462585;1.6706829071044922,-0.11109745502471924,0.049237847328186035,-0.0415506549179554
;-71.87655639648438;-0.0000014134764114714926,0.0003591442364268005,-0.0036973017267882824,-0.008608086034655571;1.9961627018005856e-8,0.26205122470855713,0.6545892953872681,-0.6769623160362244;1.650043249130249,-0.11131953448057175,0.049198348075151443,-0.04165426269173622
;-72.22268676757812;-0.000001348372506981832,0.00034230746678076684,-0.003557848045602441,-0.011888275854289532;1.8370002408119035e-8,0.26095983386039734,0.6455307602882385,-0.6801709532737732;1.6287039518356323,-0.11153704673051834,0.04915947839617729,-0.041755709797143936
;-72.56119537353516;-0.0000012894894325654604,0.00032615047530271113,-0.0034266032744199038,-0.015066545456647873;1.6925554291447042e-8,0.2598874270915985,0.6363537907600403,-0.6832870841026306;1.6067572832107544,-0.11175008863210678,0.04912056401371956,-0.04185496270656586
;-72.8919906616211;-0.0000012362798997855862,0.00031065367511473596,-0.003303103381767869,-0.01814308390021324;1.561391727022965e-8,0.25883474946022034,0.6270754933357239,-0.6863090395927429;1.5842941999435425,-0.11195860803127289,0.04908160865306854,-0.041951984167099
;-73.21501922607422;-0.0000011882546004926553,0.0002957975084427744,-0.0031869092490524054,-0.021118352189660072;1.4422123051360813e-8,0.25780224800109863,0.6177131533622742,-0.6892358660697937;1.5614049434661865,-0.11216255277395248,0.04904261231422424,-0.042046770453453064
;-73.53022766113281;-0.0000011449827752585406,0.0002815619227476418,-0.0030775992199778557,-0.02399289608001709;1.3338470772339406e-8,0.25679054856300354,0.6082826852798462,-0.6920666098594666;1.5381742715835571,-0.11236189305782318,0.04900357499718666,-0.042139291763305664
;-73.83759307861328;-0.0000011060453743994003,0.0002679276803974062,-0.0029747721273452044,-0.026767553761601448;1.235246482877983e-8,0.2558000981807709,0.5988011360168457,-0.694800615310669;1.5146853923797607,-0.11255661398172379,0.048964496701955795,-0.042229536920785904
;-74.13710021972656;-0.0000010710730293794768,0.00025487595121376216,-0.00287804682739079,-0.029443364590406418;1.1454596382520776e-8,0.2548312544822693,0.5892854332923889,-0.6974376440048218;1.491018533706665,-0.1127467006444931,0.048925381153821945,-0.042317505925893784
;-74.42877960205078;-0.000001039723997564579,0.0002423872792860493,-0.0027870621997863054,-0.03202146291732788;1.0636327374413668e-8,0.25388410687446594,0.5797505974769592,-0.699977457523346;1.4672458171844482,-0.11293216049671173,0.04888622462749481,-0.0424032025039196
;-74.712646484375;-0.0000010116785915670334,0.00023044330009724945,-0.0027014748193323612,-0.03450322523713112;9.889966179343901e-9,0.25295913219451904,0.5702129602432251,-0.7024203538894653;1.4434396028518677,-0.11311300098896027,0.0488470233976841,-0.04248662665486336
;-74.98876190185547;-9.866745358522166e-7,0.000219025750993751,-0.002620961517095566,-0.03689005970954895;9.208604545563048e-9,0.252056360244751,0.5606878995895386,-0.7047665119171143;1.4196652173995972,-0.1132892370223999,0.0488077849149704,-0.042567797005176544
;-75.25717163085938;-9.644375040807063e-7,0.0002081161946989596,-0.0025452154222875834,-0.039183732122182846;8.586004796029556e-9,0.2511758506298065,0.5511890649795532,-0.7070168256759644;1.3959816694259644,-0.11346092075109482,0.048768505454063416,-0.04264672100543976
;-75.51795959472656;-9.44745465858432e-7,0.00019769718346651644,-0.0024739496875554323,-0.04138585552573204;8.016571406699313e-9,0.25031778216362,0.5417312383651733,-0.709171712398529;1.3724470138549805,-0.1136280819773674,0.04872918128967285,-0.04272342845797539
;-75.7712173461914;-9.273783803109836e-7,0.0001877512549981475,-0.002406890969723463,-0.04349828511476517;7.49526840593262e-9,0.24948185682296753,0.5323274731636047,-0.7112323641777039;1.3491123914718628,-0.11379076540470123,0.048689812421798706,-0.042797934263944626
;-76.01703643798828;-9.12157020138693e-7,0.00017826101975515485,-0.0023437838535755873,-0.04552297294139862;7.017536773901156e-9,0.24866831302642822,0.5229897499084473,-0.7131996154785156;1.326022744178772,-0.11394903063774109,0.048650410026311874,-0.04287027195096016
;-76.25553131103516;-8.989117077362607e-7,0.00016920996131375432,-0.0022843878250569105,-0.047461893409490585;6.579320199762151e-9,0.24787674844264984,0.5137304067611694,-0.7150748372077942;1.3032206296920776,-0.11410294473171234,0.04861096665263176,-0.04294046014547348
;-76.48681640625;-8.874840773387405e-7,0.0001605816651135683,-0.0022284758742898703,-0.0493171252310276;6.176948286196193e-9,0.24710720777511597,0.5045604705810547,-0.7168596386909485;1.2807445526123047,-0.11425257474184036,0.04857147857546806,-0.04300854727625847
;-76.71102142333984;-8.777427638051449e-7,0.00015236003673635423,-0.002175837056711316,-0.05109066143631935;5.807106351340963e-9,0.24635928869247437,0.4954901337623596,-0.7185550928115845;1.2586264610290527,-0.11439797282218933,0.048531945794820786,-0.04307456314563751
;-76.92828369140625;-8.695513429302082e-7,0.00014452908362727612,-0.0021262727677822113,-0.05278484523296356;5.466794572583922e-9,0.2456328570842743,0.4865279793739319,-0.720163106918335;1.2368940114974976,-0.1145392432808876,0.04849237576127052,-0.043138537555933
;-77.13873291015625;-8.628058481008338e-7,0.00013707375910598785,-0.002079595346003771,-0.0544016994535923;5.153358628717797e-9,0.24492760002613068,0.4776837229728699,-0.7216851711273193;1.2155742645263672,-0.11467645317316055,0.04845276474952698,-0.043200526386499405
;-77.34252166748047;-8.574065191169211e-7,0.0001299787691095844,-0.0020356301683932543,-0.055943507701158524;4.864353808642363e-9,0.24424324929714203,0.4689640402793884,-0.7231232523918152;1.1946861743927002,-0.11480969190597534,0.04841310903429985,-0.04326055571436882
;-77.539794921875;-8.532580295650405e-7,0.00012322940165176988,-0.0019942140206694603,-0.057412464171648026;4.597606739764615e-9,0.24357929825782776,0.46037599444389343,-0.7244789600372314;1.1742466688156128,-0.11493904143571854,0.04837341606616974,-0.04331867769360542
;-77.730712890625;-8.502788091391267e-7,0.000116811650514137,-0.00195519276894629,-0.05881073698401451;4.351149662795706e-9,0.24293555319309235,0.4519266188144684,-0.7257542610168457;1.154272198677063,-0.1150646060705185,0.04833367466926575,-0.0433749295771122
;-77.9154281616211;-8.483881401843973e-7,0.0001107111747842282,-0.0019184222910553217,-0.060140639543533325;4.123186680971003e-9,0.2423115223646164,0.4436199367046356,-0.7269510626792908;1.1347712278366089,-0.11518645286560059,0.04829389974474907,-0.04342936724424362
;-78.0940933227539;-8.475283834741276e-7,0.00010491465218365192,-0.0018837685929611325,-0.06140425428748131;3.912121737670304e-9,0.24170687794685364,0.43546128273010254,-0.728071391582489;1.1157522201538086,-0.11530469357967377,0.04825407639145851,-0.04348202049732208
;-78.2668685913086;-8.476384323330421e-7,0.00009940889867721125,-0.0018511064117774367,-0.06260380148887634;3.716505103668055e-9,0.24112120270729065,0.42745479941368103,-0.7291170954704285;1.0972216129302979,-0.1154194176197052,0.04821421205997467,-0.04353294521570206
;-78.43391418457031;-8.486562137477449e-7,0.00009418110130354762,-0.0018203164217993617,-0.06374143064022064;3.5350113947174577e-9,0.2405540496110916,0.41960379481315613,-0.7300902605056763;1.0791826248168945,-0.11553071439266205,0.04817429929971695,-0.043582186102867126
;-78.59538269042969;-8.505398909619544e-7,0.00008921873813960701,-0.0017912903567776084,-0.06481924653053284;3.366449563557694e-9,0.2400049865245819,0.4119102656841278,-0.7309927940368652;1.0616346597671509,-0.11563867330551147,0.04813435673713684,-0.04362978786230087
;-78.7514419555664;-8.532460356036609e-7,0.00008450986206298694,-0.0017639246070757508,-0.06583938747644424;3.209742693854878e-9,0.23947355151176453,0.4043765962123871,-0.731826901435852;1.0445774793624878,-0.11574340611696243,0.04809436574578285,-0.04367578774690628
;-78.9022445678711;-8.567315603613679e-7,0.00008004290430108085,-0.0017381218494847417,-0.06680385023355484;3.063914011391944e-9,0.23895931243896484,0.39700472354888916,-0.7325943112373352;1.0280095338821411,-0.11584498733282089,0.04805433377623558,-0.04372025281190872
;-79.04794311523438;-8.609604833509366e-7,0.00007580647070426494,-0.0017137923277914524,-0.0677146464586258;2.9280642355189457e-9,0.23846182227134705,0.3897947371006012,-0.7332971096038818;1.0119246244430542,-0.11594351381063461,0.04801425337791443,-0.043763209134340286
;-79.1886978149414;-8.659032459945593e-7,0.0000717898437869735,-0.0016908516408875585,-0.06857375055551529;2.801401111085511e-9,0.23798061907291412,0.3827478587627411,-0.7339369654655457;0.996318519115448,-0.11603908985853195,0.04797414317727089,-0.04380470886826515
;-79.32465362548828;-8.715287549421191e-7,0.00006798257527407259,-0.0016692200442776084,-0.06938306987285614;2.6831812327543503e-9,0.23751528561115265,0.37586408853530884,-0.7345163822174072;0.9811846613883972,-0.11613179743289948,0.04793398082256317,-0.0438447929918766
;-79.4559555053711;-8.77810123256495e-7,0.00006437445699702948,-0.0016488245455548167,-0.07014450430870056;2.5727393548891087e-9,0.23706533014774323,0.3691425621509552,-0.7350547909736633;0.9665142893791199,-0.11622153222560883,0.04789447411894798,-0.043883513659238815
;-79.582763671875;-8.847268304634781e-7,0.000060955942899454385,-0.0016295951791107655,-0.07085984945297241;2.46947151616439e-9,0.23663030564785004,0.3625829815864563,-0.7355183362960815;0.9523000121116638,-0.11630875617265701,0.0478542260825634,-0.04392090439796448
;-79.70521545410156;-8.922534107114188e-7,0.00005771771975560114,-0.0016114673344418406,-0.07153088599443436;2.3728188303095976e-9,0.23620986938476562,0.35618457198143005,-0.7359446883201599;0.9385330677032471,-0.11639318615198135,0.047814637422561646,-0.04395701363682747
;-79.82344818115234;-9.00369911960297e-7,0.00005465065623866394,-0.001594379311427474,-0.07215940952301025;2.282271927001034e-9,0.23580347001552582,0.34994474053382874,-0.7363179326057434;0.9252012372016907,-0.11647510528564453,0.04777500033378601,-0.043991878628730774
;-79.9375991821289;-9.090620096685598e-7,0.00005174643229111098,-0.001578274997882545,-0.07274691015481949;2.1973847186274043e-9,0.23541073501110077,0.3438633382320404,-0.7366575598716736;0.9122975468635559,-0.1165543869137764,0.047736022621393204,-0.044025540351867676
;-80.04780578613281;-9.183124802802922e-7,0.00004899682244285941,-0.0015631011920049787,-0.07329510897397995;2.1177288811458084e-9,0.23503127694129944,0.33793842792510986,-0.7369474768638611;0.8998110294342041,-0.11663130670785904,0.04769700765609741,-0.04405803978443146
;-80.15419006347656;-9.281095003643713e-7,0.000046393841330427676,-0.0015488073695451021,-0.07380550354719162;2.0429193892113062e-9,0.2346646934747696,0.3321671187877655,-0.7371892929077148;0.8877298831939697,-0.11670594662427902,0.04765794426202774,-0.04408940672874451
;-80.25688934326172;-9.384310146742791e-7,0.000043930005631409585,-0.00153534731362015,-0.07427972555160522;1.972596752608524e-9,0.23431044816970825,0.32654717564582825,-0.737384557723999;0.8760428428649902,-0.11677837371826172,0.04761885106563568,-0.044119693338871
;-80.35601806640625;-9.492757158113818e-7,0.00004159825766691938,-0.0015226760879158974,-0.07471911609172821;1.9064516632028017e-9,0.2339683175086975,0.32107728719711304,-0.7375348210334778;0.8647412657737732,-0.1168486699461937,0.04757970571517944,-0.04414892569184303
;-80.45171356201172;-9.60622514867282e-7,0.00003939163070754148,-0.001510752597823739,-0.07512511312961578;1.8441761451271077e-9,0.23363782465457916,0.31575390696525574,-0.7376417517662048;0.8538123965263367,-0.11691689491271973,0.04754053056240082,-0.044177137315273285
;-80.54408264160156;-9.724595884108567e-7,0.000037303583667380735,-0.001499537262134254,-0.07549917697906494;1.7855020795209953e-9,0.23331862688064575,0.3105742037296295,-0.7377068400382996;0.843244731426239,-0.11698315292596817,0.04750131443142891,-0.04420437291264534
;-80.63324737548828;-9.847817636909895e-7,0.000035327884688740596,-0.0014889943413436413,-0.07584259659051895;1.730174670200313e-9,0.23301024734973907,0.3055354654788971,-0.7377315759658813;0.8330278396606445,-0.11704748123884201,0.04746205359697342,-0.04423065856099129
;-80.71930694580078;-9.97576989902882e-7,0.00003345858567627147,-0.0014790880959481,-0.07615665346384048;1.6779638789543583e-9,0.23271244764328003,0.3006346523761749,-0.7377173900604248;0.8231503963470459,-0.11710995435714722,0.047422755509614944,-0.04425603523850441
;-80.80237579345703;-0.0000010108443575518322,0.00003169009869452566,-0.0014697866281494498,-0.07644247263669968;1.6286672011034398e-9,0.23242487013339996,0.295869380235672,-0.7376654148101807;0.8136026859283447,-0.11717064678668976,0.04738341644406319,-0.0442805252969265
;-80.882568359375;-0.0000010245622661386733,0.00003001696131832432,-0.001461060019209981,-0.07670143991708755;1.5820774690311623e-9,0.23214708268642426,0.2912355959415436,-0.7375772595405579;0.8043723106384277,-0.11722961813211441,0.04734403267502785,-0.04430416226387024
;-80.95997619628906;-0.0000010387285556134884,0.00002843408401531633,-0.0014528778847306967,-0.07693462073802948;1.53801948954424e-9,0.2318788319826126,0.28673055768013,-0.7374542355537415;0.7954494953155518,-0.11728691309690475,0.04730461165308952,-0.04432698339223862
;-81.03469848632812;-0.0000010533404974921723,0.00002693666101549752,-0.0014452141476795077,-0.07714305818080902;1.4963277283897014e-9,0.23161976039409637,0.2823515236377716,-0.7372974753379822;0.7868247628211975,-0.11734262108802795,0.04726514220237732,-0.044349007308483124
;-81.1068344116211;-0.0000010683854725357378,0.000025520035705994815,-0.0014380428474396467,-0.07732787728309631;1.4568474204779136e-9,0.23136955499649048,0.2780948579311371,-0.7371081113815308;0.7784871459007263,-0.1173967719078064,0.04722564294934273,-0.044370267540216446
;-81.17646789550781;-0.0000010838546131708426,0.00002417983705527149,-0.0014313401188701391,-0.07749007642269135;1.4194356801056074e-9,0.23112787306308746,0.27395743131637573,-0.7368876338005066;0.770427405834198,-0.11744943261146545,0.04718610271811485,-0.04439079761505127
;-81.24369812011719;-0.0000010997479193974868,0.000022911963242222555,-0.0014250826789066195,-0.07763061672449112;1.3839656087810681e-9,0.230894535779953,0.26993659138679504,-0.7366369366645813;0.7626364231109619,-0.1175006628036499,0.0471465177834034,-0.04441060870885849
;-81.30860137939453;-0.0000011160550457134377,0.00002171245614590589,-0.001419249689206481,-0.07775045186281204;1.3503129725478402e-9,0.23066914081573486,0.26602888107299805,-0.7363755106925964;0.7551044225692749,-0.1175503134727478,0.047107595950365067,-0.04442973434925079
;-81.37126159667969;-0.0000011327703077768092,0.000020577597751980647,-0.0014138206606730819,-0.07785046100616455;1.3183646396797144e-9,0.23045143485069275,0.26223132014274597,-0.7361049652099609;0.7478229999542236,-0.11759843677282333,0.047069352120161057,-0.04444820061326027
;-81.43175506591797;-0.000001149897912000597,0.00001950391015270725,-0.001408776850439608,-0.07793145626783371;1.2880255750857827e-9,0.23024125397205353,0.25854143500328064,-0.7358072400093079;0.7407848238945007,-0.1176452562212944,0.047031063586473465,-0.04446602240204811
;-81.49015808105469;-0.0000011674222832880332,0.000018487999113858677,-0.001404099864885211,-0.07799432426691055;1.2591880871326566e-9,0.23003825545310974,0.25495558977127075,-0.7354835867881775;0.7339799404144287,-0.11769083887338638,0.04699274152517319,-0.04448322579264641
;-81.54655456542969;-0.0000011853451269416837,0.00001752672869770322,-0.0013997736386954784,-0.07803985476493835;1.2317687980711867e-9,0.2298421561717987,0.2514711618423462,-0.7351347804069519;0.7274011373519897,-0.11773521453142166,0.04695437476038933,-0.04449984431266785
;-81.60101318359375;-0.0000012036509815516183,0.000016617070286883973,-0.0013957807095721364,-0.07806886732578278;1.2056781129032856e-9,0.22965280711650848,0.2480846345424652,-0.7347619533538818;0.7210392951965332,-0.11777844280004501,0.04691597446799278,-0.044515885412693024
;-81.65360260009766;-0.0000012223380281284335,0.000015756202628836036,-0.00139210547786206,-0.07808207720518112;1.1808404254409766e-9,0.22946985065937042,0.24479320645332336,-0.7343658208847046;0.7148874402046204,-0.11782056093215942,0.046877533197402954,-0.04453137516975403
;-81.70439147949219;-0.000001241411268892989,0.000014941495464881882,-0.001388734788633883,-0.07808011025190353;1.1571877900351524e-9,0.22929313778877258,0.24159486591815948,-0.7339472770690918;0.7089393734931946,-0.11786159873008728,0.04683905467391014,-0.04454633221030235
;-81.75344848632812;-0.0000012608480801645783,0.000014170333997753914,-0.0013856536243110895,-0.07806380093097687;1.134642158007182e-9,0.22912244498729706,0.2384854108095169,-0.7335072755813599;0.7031853199005127,-0.11790160834789276,0.04680053889751434,-0.04456078261137009
;-81.80082702636719;-0.00000128065551052714,0.000013440386283036787,-0.001382848247885704,-0.07803372293710709;1.1131481292281364e-9,0.22895757853984833,0.23546308279037476,-0.7330464124679565;0.6976207494735718,-0.11794061958789825,0.04676198214292526,-0.04457473009824753
;-81.84660339355469;-0.0000013008203723074985,0.00001274936948902905,-0.0013803073670715094,-0.07799050211906433;1.0926427540525196e-9,0.2287983000278473,0.2325248122215271,-0.732565701007843;0.6922378540039062,-0.11797868460416794,0.046723391860723495,-0.04458820819854736
;-81.89082336425781;-0.0000013213388001531712,0.000012095139027223922,-0.0013780187582597136,-0.07793477922677994;1.0730735189312668e-9,0.22864431142807007,0.22966787219047546,-0.7320656776428223;0.6870302557945251,-0.1180158257484436,0.04668475687503815,-0.04460122063755989
;-81.93354797363281;-0.0000013422065876511624,0.000011475693099782802,-0.0013759700814262033,-0.07786710560321808;1.0543865780476835e-9,0.22849562764167786,0.22688990831375122,-0.7315470576286316;0.6819921731948853,-0.11805207282304764,0.046646084636449814,-0.0446137972176075
;-81.97483825683594;-0.0000013634154356623185,0.000010889106306422036,-0.0013741512084379792,-0.07778805494308472;1.036534191811711e-9,0.22835181653499603,0.22418810427188873,-0.7310107946395874;0.677117109298706,-0.11808746308088303,0.046607375144958496,-0.04462594911456108
;-82.01473999023438;-0.0000013849565903001348,0.000010333582395105623,-0.0013725518947467208,-0.07769816368818283;1.0194692867671051e-9,0.22821293771266937,0.2215600162744522,-0.7304572463035583;0.6723990440368652,-0.11812203377485275,0.046568624675273895,-0.044637687504291534
;-82.05330657958984;-0.0000014068270957068307,0.000009807414244278334,-0.0013711624778807163,-0.07759794592857361;1.0031502295504424e-9,0.22807861864566803,0.21900314092636108,-0.7298873662948608;0.6678324341773987,-0.1181558221578598,0.04652983695268631,-0.04464903846383095
;-82.09058380126953;-0.0000014290213812273578,0.000009309007509727962,-0.0013699736446142197,-0.07748789340257645;9.875382733781635e-10,0.22794879972934723,0.21651536226272583,-0.7293014526367188;0.6634122729301453,-0.11818884313106537,0.04649101197719574,-0.04466000571846962
;-82.12662506103516;-0.0000014515371731249616,0.000008836853339744266,-0.0013689766637980938,-0.07736846804618835;9.72597113957363e-10,0.22782336175441742,0.21409447491168976,-0.7287190556526184;0.6591336727142334,-0.11822093278169632,0.04645286500453949,-0.044670600444078445
;-82.16146087646484;-0.0000014743690144314314,0.000008389516551687848,-0.0013681631535291672,-0.07724005728960037;9.582917792627654e-10,0.2277020812034607,0.21173834800720215,-0.7281407713890076;0.6549916863441467,-0.11825211346149445,0.04641539976000786,-0.044680848717689514
;-82.19514465332031;-0.000001497507241765561,0.000007965645636431873,-0.0013675257796421647,-0.07710312306880951;9.445895177151442e-10,0.22758479416370392,0.20944474637508392,-0.7275295257568359;0.6509813666343689,-0.11828280985355377,0.04637717828154564,-0.044690754264593124
;-82.22771453857422;-0.0000015209521961878636,0.000007563975032098824,-0.0013670565094798803,-0.0769580751657486;9.314613524935567e-10,0.22747139632701874,0.20721186697483063,-0.7269232869148254;0.6470986008644104,-0.11831265687942505,0.046339645981788635,-0.04470032826066017
;-82.25921630859375;-0.0000015446890984094352,0.000007183274192357203,-0.0013667474268004298,-0.07680538296699524;9.188731997511468e-10,0.22736170887947083,0.2050369828939438,-0.7263039350509644;0.643337607383728,-0.11834187060594559,0.04630207642912865,-0.04470958933234215
;-82.28968048095703;-0.0000015687213590354077,0.000006822439445386408,-0.0013665930600836873,-0.07664527744054794;9.068042983173541e-10,0.2272556722164154,0.20291908085346222,-0.7256720066070557;0.6396958231925964,-0.11837046593427658,0.04626446217298508,-0.04471854120492935
;-82.31915283203125;-0.0000015930434074107325,0.000006480381216533715,-0.0013665860751643777,-0.07647821307182312;8.95225449326631e-10,0.22715304791927338,0.2008558213710785,-0.7250277996063232;0.6361684799194336,-0.11839848011732101,0.04622681438922882,-0.044727202504873276
;-82.34766387939453;-0.0000016176362578335102,0.0000061560722315334715,-0.0013667201856151223,-0.076304592192173;8.84110396004445e-10,0.22705379128456116,0.19884492456912994,-0.7243718504905701;0.632750391960144,-0.11842592805624008,0.04618913680315018,-0.04473558068275452
;-82.37525939941406;-0.0000016425054809587891,0.00000584857480134815,-0.001366989454254508,-0.0761246308684349;8.734408751820411e-10,0.2269577980041504,0.19688524305820465,-0.7237047553062439;0.6294392943382263,-0.11845283210277557,0.04615141823887825,-0.04474368318915367
;-82.40196990966797;-0.0000016676301584084285,0.000005556957603403134,-0.0013673880603164434,-0.07593880593776703;8.631875769715691e-10,0.22686484456062317,0.1949741244316101,-0.7230267524719238;0.6262291073799133,-0.11847921460866928,0.04611365869641304,-0.04475152865052223
;-82.42782592773438;-0.0000016930192714426084,0.000005280395271256566,-0.00136790971737355,-0.0757472813129425;8.533359574514066e-10,0.2267748862504959,0.19311074912548065,-0.7223382592201233;0.6231184601783752,-0.118505097925663,0.046075865626335144,-0.0447591170668602
;-82.4528579711914;-0.0000017186529248647275,0.000005018060164729832,-0.001368549419566989,-0.07555046677589417;8.438635346053047e-10,0.22668783366680145,0.19129276275634766,-0.7216399312019348;0.620102047920227,-0.1185305044054985,0.04603803530335426,-0.044766467064619064
;-82.47709655761719;-0.0000017445405546823167,0.000004769214228872443,-0.0013693025102838874,-0.07534852623939514;8.347567637123632e-10,0.22660352289676666,0.18951943516731262,-0.7209315896034241;0.6171784996986389,-0.11855544149875641,0.046000171452760696,-0.04477358236908913
;-82.50057983398438;-0.0000017706558992358623,0.0000045331171349971555,-0.001370163750834763,-0.07514182478189468;8.259921635556111e-10,0.22652186453342438,0.18778839707374573,-0.7202141880989075;0.6143427491188049,-0.1185799390077591,0.045962270349264145,-0.044780466705560684
;-82.52333068847656;-0.0000017969953205465572,0.000004309090854803799,-0.0013711282517760992,-0.07493066042661667;8.175537469234939e-10,0.22644276916980743,0.1860981285572052,-0.7194877862930298;0.6115911602973938,-0.11860400438308716,0.04592433199286461,-0.04478713870048523
;-82.54537200927734;-0.0000018235563175039715,0.000004096506472706096,-0.001372191240079701,-0.07471518963575363;8.094306891415215e-10,0.22636619210243225,0.1844477653503418,-0.7187529802322388;0.6089224815368652,-0.1186276525259018,0.04588635265827179,-0.04479360580444336
;-82.56673431396484;-0.0000018503358205634868,0.000003894755991495913,-0.0013733487576246262,-0.07449565827846527;8.016057262416609e-10,0.2262919545173645,0.18283575773239136,-0.7180096507072449;0.6063330173492432,-0.11865091323852539,0.045848336070775986,-0.04479987174272537
;-82.58744812011719;-0.000001877319164123037,0.0000037032607451692456,-0.0013745970791205764,-0.07427234947681427;7.940650914584069e-10,0.2262200117111206,0.18126051127910614,-0.7172583937644958;0.6038196682929993,-0.11867378652095795,0.045810285955667496,-0.04480594024062157
;-82.60752868652344;-0.0000019045000954065472,0.000003521483449731022,-0.0013759310822933912,-0.07404546439647675;7.86794296381288e-10,0.2261502891778946,0.1797209084033966,-0.7165185809135437;0.6013798117637634,-0.11869609355926514,0.04577293246984482,-0.04481182247400284
;-82.62699890136719;-0.000001931877704919316,0.0000033489131965325214,-0.001377347856760025,-0.07381515204906464;7.797831824696289e-10,0.22608263790607452,0.1782156527042389,-0.715752363204956;0.5990108251571655,-0.11871825158596039,0.04573481157422066,-0.04481752961874008
;-82.64588165283203;-0.0000019594449440774042,0.0000031850754567130934,-0.001378843910060823,-0.07358163595199585;7.730214801604518e-10,0.22601714730262756,0.1767439991235733,-0.7149978876113892;0.5967114567756653,-0.11873987317085266,0.04569737985730171,-0.0448230616748333
;-82.6642074584961;-0.00000198718794308661,0.000003029504796359106,-0.0013804162153974175,-0.07334516197443008;7.664949230878904e-10,0.22595353424549103,0.1753043383359909,-0.7142366766929626;0.5944777727127075,-0.11876115202903748,0.04565991833806038,-0.04482842609286308
;-82.68199157714844;-0.0000020151028365944512,0.0000028817680686188396,-0.0013820606982335448,-0.07310584932565689;7.601933527112692e-10,0.22589190304279327,0.1738954335451126,-0.7134689092636108;0.5923073887825012,-0.11878214031457901,0.04562241956591606,-0.044833630323410034
;-82.69924926757812;-0.0000020431871234904975,0.0000027414625947130844,-0.0013837744481861591,-0.07286388427019119;7.541072211125766e-10,0.2258320301771164,0.17251653969287872,-0.7127137184143066;0.5901987552642822,-0.11880260705947876,0.045585621148347855,-0.04483868181705475
;-82.71600341796875;-0.000002071425342364819,0.0000026081991109094815,-0.0013855542056262493,-0.07261946052312851;7.482269248626494e-10,0.225773885846138,0.17116640508174896,-0.7119335532188416;0.5881493091583252,-0.11882298439741135,0.04554804787039757,-0.044843584299087524
;-82.7322769165039;-0.0000020998177205910906,0.000002481615865690401,-0.0013873979914933443,-0.07237271964550018;7.425445258668617e-10,0.2257174551486969,0.16984422504901886,-0.7111474275588989;0.5861572027206421,-0.11884309351444244,0.045510441064834595,-0.04484834894537926
;-82.74807739257812;-0.0000021283547084749443,0.0000023613645225850632,-0.0013893017312511802,-0.07212382555007935;7.37048644339211e-10,0.22566267848014832,0.1685488075017929,-0.7103745937347412;0.5842201709747314,-0.11886273324489594,0.04547353833913803,-0.04485297203063965
;-82.763427734375;-0.0000021570390345004853,0.0000022471247120847693,-0.0013912637950852513,-0.07187287509441376;7.317363381886821e-10,0.22560951113700867,0.16727973520755768,-0.7095964550971985;0.5823370814323425,-0.11888210475444794,0.045436590909957886,-0.0448574535548687
;-82.77835083007812;-0.0000021858440959476866,0.000002138577428922872,-0.0013932810397818685,-0.07162006944417953;7.265932855382573e-10,0.2255578637123108,0.16603539884090424,-0.7088130712509155;0.5805044770240784,-0.11890123039484024,0.04539962112903595,-0.0448618158698082
;-82.79285430908203;-0.000002214779442510917,0.000002035437091763015,-0.001395351137034595,-0.07136552780866623;7.216166553192238e-10,0.22550761699676514,0.16481539607048035,-0.7080245018005371;0.5787217617034912,-0.11892011761665344,0.04536261409521103,-0.04486605525016785
;-82.80696105957031;-0.0000022438232463173335,0.0000019374215298739728,-0.0013974716421216726,-0.07110939174890518;7.167949567232768e-10,0.22545883059501648,0.1636185199022293,-0.707231342792511;0.5769860744476318,-0.11893878132104874,0.045325566083192825,-0.044870175421237946
;-82.8206787109375;-0.0000022729809643351473,0.0000018442734699419816,-0.0013996402267366648,-0.07085172832012177;7.121259693043669e-10,0.22541141510009766,0.1624443531036377,-0.7064333558082581;0.5752968788146973,-0.11895722150802612,0.045288488268852234,-0.04487418010830879
;-82.83403015136719;-0.0000023022328150545945,0.0000017557399587531108,-0.001401854446157813,-0.0705927237868309;7.075993679883652e-10,0.2253652662038803,0.16129173338413239,-0.7056309580802917;0.5736513137817383,-0.1189754456281662,0.04525137320160866,-0.04487808048725128
;-82.84701538085938;-0.0000023315872113016667,0.0000016715893025320838,-0.001404112670570612,-0.07033245265483856;7.032119886396515e-10,0.22532036900520325,0.16016018390655518,-0.7048242688179016;0.5720486044883728,-0.11899347603321075,0.045214228332042694,-0.044881872832775116
;-82.85965728759766;-0.0000023610380139871268,0.0000015916018583084224,-0.0014064123388379812,-0.07007098942995071;6.989580580984978e-10,0.22527667880058289,0.15904930233955383,-0.7040133476257324;0.570487916469574,-0.11901131272315979,0.04517704248428345,-0.044885557144880295
;-82.87196350097656;-0.000002390564304732834,0.0000015155620758378063,-0.0014087521703913808,-0.0698084905743599;6.948314146271173e-10,0.22523421049118042,0.15795791149139404,-0.7032365202903748;0.5689666271209717,-0.11902854591608047,0.0451413169503212,-0.044889144599437714
;-82.88395690917969;-0.000002420174041617429,0.0000014432716852752492,-0.0014111301861703396,-0.06954503059387207;6.908255079096648e-10,0.2251928150653839,0.15688557922840118,-0.7024176120758057;0.5674837827682495,-0.11904600262641907,0.04510405659675598,-0.04489263892173767
;-82.8956298828125;-0.000002449850626362604,0.0000013745401474807295,-0.0014135445235297084,-0.0692807137966156;6.869361190986467e-10,0.22515256702899933,0.1558315008878708,-0.7016332149505615;0.5660380721092224,-0.1190628781914711,0.04506825655698776,-0.044896043837070465
;-82.90701293945312;-0.0000024795945137157105,0.0000013091898836137261,-0.0014159936690703034,-0.06901561468839645;6.831595289469305e-10,0.22511330246925354,0.15479527413845062,-0.7008070945739746;0.5646281242370605,-0.11908000707626343,0.04503093659877777,-0.044899359345436096
;-82.9181137084961;-0.0000025093972908507567,0.0000012470493402361171,-0.0014184752944856882,-0.06874983757734299;6.794897977613346e-10,0.22507508099079132,0.15377604961395264,-0.7000156044960022;0.5632522702217102,-0.1190965548157692,0.04499507322907448,-0.04490258917212486
;-82.92893981933594;-0.0000025392425868631108,0.0000011879556041094474,-0.0014209876535460353,-0.06848347932100296;6.759199866479548e-10,0.22503775358200073,0.15277309715747833,-0.6992209553718567;0.5619088411331177,-0.11911296099424362,0.0449591763317585,-0.04490574076771736
;-82.93949127197266;-0.0000025691338123579044,0.000001131759631789464,-0.001423529931344092,-0.06821656972169876;6.724503731625475e-10,0.22500145435333252,0.15178638696670532,-0.6984229683876038;0.5605977773666382,-0.11912921071052551,0.04492324963212013,-0.044908810406923294
;-82.94978332519531;-0.0000025990755148086464,0.0000010783172683659359,-0.0014260997995734215,-0.06794916838407516;6.690774045914338e-10,0.22496603429317474,0.1508154571056366,-0.697621762752533;0.559318482875824,-0.11914531886577606,0.04488728567957878,-0.04491180554032326
;-82.95982360839844;-0.0000026290638288628543,0.0000010274910664520576,-0.0014286971418187022,-0.06768134236335754;6.657978612878424e-10,0.224931538105011,0.14985987544059753,-0.6968177556991577;0.5580698251724243,-0.11916128545999527,0.04485129192471504,-0.04491472616791725
;-82.96963500976562;-0.0000026590769266476855,9.791467618924798e-7,-0.0014313200954347849,-0.06741321831941605;6.626028059564248e-10,0.2248978167772293,0.1489185392856598,-0.6960108876228333;0.5568492412567139,-0.11917711049318314,0.044815268367528915,-0.044917576014995575
;-82.97920989990234;-0.0000026891075322055258,9.33162937144516e-7,-0.0014339672634378076,-0.06714483350515366;6.594932377979035e-10,0.22486494481563568,0.1479913741350174,-0.69520103931427;0.5556567311286926,-0.11919283121824265,0.044779207557439804,-0.04492035508155823
;-82.98857116699219;-0.000002719154963415349,8.894206189324905e-7,-0.0014366379473358393,-0.06687628477811813;6.564618848514669e-10,0.22483280301094055,0.14707762002944946,-0.6943886876106262;0.5544902682304382,-0.119208425283432,0.044743116945028305,-0.0449230782687664
;-82.99771881103516;-0.0000027492055778566282,8.478085078422737e-7,-0.0014393297024071217,-0.06660760939121246;6.535065821822172e-10,0.2248014360666275,0.14617685973644257,-0.6935738921165466;0.5533493757247925,-0.11922390013933182,0.04470698907971382,-0.04492573067545891
;-83.00666046142578;-0.0000027792700620921096,8.082233762252145e-7,-0.0014420421794056892,-0.06633880734443665;6.506276628570618e-10,0.22477076947689056,0.1452890783548355,-0.6927565932273865;0.5522338151931763,-0.11923926323652267,0.04467082768678665,-0.044928327202796936
;-83.01541137695312;-0.0000028093152195651783,7.705609164077032e-7,-0.00144477398134768,-0.0660700649023056;6.478154679356862e-10,0.22474080324172974,0.14441312849521637,-0.6919369101524353;0.5511410236358643,-0.11925452947616577,0.044634632766246796,-0.04493086040019989
;-83.02397155761719;-0.0000028393626507750014,7.347297241722117e-7,-0.0014475235948339105,-0.06580129265785217;6.450737721763744e-10,0.22471149265766144,0.1435493379831314,-0.6911150217056274;0.5500717759132385,-0.11926968395709991,0.04459841176867485,-0.044933345168828964
;-83.0323486328125;-0.000002869387799364631,7.006376563367667e-7,-0.0014502907870337367,-0.0655326247215271;6.423962473078859e-10,0.22468282282352448,0.14269694685935974,-0.6902908682823181;0.5490243434906006,-0.11928475648164749,0.04456215351819992,-0.04493577405810356
;-83.04055786132812;-0.000002899395212807576,6.681988793388882e-7,-0.001453073346056044,-0.06526411324739456;6.397802843061129e-10,0.22465471923351288,0.14185556769371033,-0.6894646286964417;0.547997772693634,-0.11929972469806671,0.044525861740112305,-0.04493815079331398
;-83.04859924316406;-0.0000029293667012098012,6.373316523422545e-7,-0.0014558708062395453,-0.06499578058719635;6.372228855688888e-10,0.22462725639343262,0.14102479815483093,-0.688655436038971;0.5469911694526672,-0.11931439489126205,0.04449029266834259,-0.04494047537446022
;-83.05648040771484;-0.0000029593120416393504,6.079603167563619e-7,-0.0014586824690923095,-0.06472766399383545;6.347244396742724e-10,0.22460035979747772,0.14020457863807678,-0.6878253221511841;0.5460048913955688,-0.11932919919490814,0.0444539338350296,-0.04494275525212288
;-83.06419372558594;-0.000002989225777128013,5.800108056064346e-7,-0.0014615069376304746,-0.06445981562137604;6.322806167524675e-10,0.2245739996433258,0.13939455151557922,-0.6870313286781311;0.545037567615509,-0.11934348940849304,0.0444190613925457,-0.044944990426301956
;-83.0717544555664;-0.0000030191120004019467,5.534146794161643e-7,-0.001464344677515328,-0.06419222056865692;6.298927490711037e-10,0.22454820573329926,0.13859468698501587,-0.6862354874610901;0.5440893769264221,-0.11935770511627197,0.04438415914773941,-0.04494717717170715
;-83.07916259765625;-0.000003048960934393108,5.281050903249707e-7,-0.0014671941753476858,-0.06392493098974228;6.275580610726195e-10,0.22452296316623688,0.1378045529127121,-0.685437798500061;0.5431594252586365,-0.11937183886766434,0.044349219650030136,-0.04494931921362877
;-83.08643341064453;-0.000003078766667385935,5.040187147642428e-7,-0.0014700554311275482,-0.06365800648927689;6.252723339095212e-10,0.22449812293052673,0.13702376186847687,-0.684638500213623;0.5422469973564148,-0.11938589811325073,0.04431426152586937,-0.0449514202773571
;-83.09356689453125;-0.000003108520786554436,4.810951850231504e-7,-0.0014729269314557314,-0.06339147686958313;6.230343463364818e-10,0.224473774433136,0.13625197112560272,-0.6838376522064209;0.5413509607315063,-0.11939989030361176,0.04427926242351532,-0.04495348036289215
;-83.10057067871094;-0.0000031382267025037436,4.5927862402095343e-7,-0.0014758087927475572,-0.06312533468008041;6.208439318200476e-10,0.22444994747638702,0.13548912107944489,-0.6830350756645203;0.5404713153839111,-0.11941380798816681,0.04424423724412918,-0.044955503195524216
;-83.10743713378906;-0.000003167872137055383,4.385144904972549e-7,-0.0014786989195272326,-0.0628596618771553;6.186975376465398e-10,0.2244265377521515,0.13473480939865112,-0.6822118163108826;0.5396072864532471,-0.1194278821349144,0.04420841112732887,-0.044957492500543594
;-83.11418914794922;-0.0000031974673220247496,4.1875219380926865e-7,-0.0014815977774560452,-0.0625944435596466;6.165949972825047e-10,0.2244035303592682,0.13398902118206024,-0.6814061403274536;0.5387589335441589,-0.1194416806101799,0.04417332261800766,-0.04495943710207939
;-83.1208267211914;-0.0000032269642815663246,3.999402906629257e-7,-0.001484503853134811,-0.06232978031039238;6.145297049009457e-10,0.2243809998035431,0.13325071334838867,-0.6805990934371948;0.5379231572151184,-0.11945541948080063,0.04413820058107376,-0.0449613556265831
;-83.12734985351562;-0.0000032564103094046004,3.8203523899937863e-7,-0.0014874174958094954,-0.06206565722823143;6.125055462824491e-10,0.22435881197452545,0.13252052664756775,-0.6797907948493958;0.537102222442627,-0.11946910619735718,0.044103048741817474,-0.044963233172893524
;-83.1337661743164;-0.000003285764933025348,3.6499150724011997e-7,-0.0014903367264196277,-0.061802107840776443;6.105173588899504e-10,0.22433699667453766,0.1317977011203766,-0.6789811849594116;0.5362939834594727,-0.11948272585868835,0.0440678633749485,-0.04496508464217186
;-83.14007568359375;-0.0000033150447507068748,3.4876771337621904e-7,-0.0014932617777958512,-0.06153915449976921;6.085667525468352e-10,0.2243155837059021,0.13108228147029877,-0.6781701445579529;0.5354985594749451,-0.11949630826711655,0.04403265193104744,-0.04496690258383751
;-83.14627838134766;-0.000003344245897096698,3.333244080749864e-7,-0.0014961918350309134,-0.06127678602933884;6.066510627178445e-10,0.2242944985628128,0.13037420809268951,-0.6773580312728882;0.5347160696983337,-0.11950983107089996,0.04399740323424339,-0.04496869072318077
;-83.15238952636719;-0.0000033733583677530987,3.1862336413723824e-7,-0.0014991270145401359,-0.0610150545835495;6.047701228695246e-10,0.22427381575107574,0.1296730637550354,-0.676544725894928;0.5339455008506775,-0.1195233091711998,0.04396212846040726,-0.044970449060201645
;-83.15840911865234;-0.0000034023755688394886,3.0462817335319414e-7,-0.0015020660357549787,-0.06075398996472359;6.029190480205671e-10,0.22425338625907898,0.12897858023643494,-0.6757302284240723;0.5331858992576599,-0.11953675001859665,0.043926823884248734,-0.04497218132019043
;-83.16433715820312;-0.000003431292498135008,2.913049002017942e-7,-0.0015050085494294763,-0.0604935884475708;6.011001696393237e-10,0.22423332929611206,0.12829068303108215,-0.6749145984649658;0.532437264919281,-0.11955014616250992,0.043891485780477524,-0.044973891228437424
;-83.17018127441406;-0.0000034601223433128325,2.7862134288625384e-7,-0.0015079539734870195,-0.060233864933252335;5.993116003466525e-10,0.22421355545520782,0.12760931253433228,-0.6740979552268982;0.5316996574401855,-0.1195635125041008,0.04385611414909363,-0.04497556760907173
;-83.17594146728516;-0.000003488823267616681,2.665455269834638e-7,-0.0015109016094356775,-0.05997489020228386;5.97548621694699e-10,0.22419403493404388,0.12693382799625397,-0.6732802987098694;0.530971109867096,-0.1195768341422081,0.043820712715387344,-0.04497722163796425
;-83.18162536621094;-0.0000035174275581084657,2.550489739405748e-7,-0.0015138516901060939,-0.059716638177633286;5.958150084417468e-10,0.22417481243610382,0.1262645274400711,-0.6724807620048523;0.5302527546882629,-0.1195899024605751,0.043786048889160156,-0.04497886076569557
;-83.18722534179688;-0.0000035459327136777574,2.4410391574747337e-7,-0.0015168030513450503,-0.059459101408720016;5.941082070748394e-10,0.22415587306022644,0.12560133635997772,-0.6716992259025574;0.5295445322990417,-0.11960272490978241,0.04375213012099266,-0.04498046636581421
;-83.1927490234375;-0.000003574321908672573,2.3368332335849118e-7,-0.0015197559259831905,-0.05920230969786644;5.924282731051278e-10,0.22413723170757294,0.12494394928216934,-0.6709169149398804;0.5288453102111816,-0.11961550265550613,0.043718185275793076,-0.044982049614191055
;-83.19819641113281;-0.000003602607648645062,2.2376205777163705e-7,-0.001522709964774549,-0.05894627794623375;5.907733746646215e-10,0.22411884367465973,0.12429235130548477,-0.670133650302887;0.528155505657196,-0.11962825059890747,0.043684206902980804,-0.04498361796140671
;-83.20356750488281;-0.0000036307922073319787,2.1431617369671585e-7,-0.0015256648184731603,-0.05869099497795105;5.891442889094378e-10,0.22410067915916443,0.12364649027585983,-0.6693493723869324;0.5274748206138611,-0.11964096873998642,0.04365019500255585,-0.04498516023159027
;-83.20886993408203;-0.000003658856030597235,2.0532237954284938e-7,-0.0015286199050024152,-0.05843650549650192;5.875377961928052e-10,0.22408278286457062,0.12300598621368408,-0.6685643196105957;0.5268023610115051,-0.11965364962816238,0.0436161607503891,-0.04498668015003204
;-83.21410369873047;-0.0000036868234474241035,1.9675954376907612e-7,-0.001531576388515532,-0.05818278342485428;5.859576157618562e-10,0.2240651547908783,0.12237116694450378,-0.6677784323692322;0.5261390805244446,-0.11966630816459656,0.043582092970609665,-0.044988181442022324
;-83.21927642822266;-0.0000037146598970139166,1.8860603745451954e-7,-0.0015345326391980052,-0.057929877191782;5.843966977003845e-10,0.22404775023460388,0.12174136936664581,-0.6669725775718689;0.5254831314086914,-0.11967915296554565,0.04354722797870636,-0.04498966410756111
;-83.2243881225586;-0.0000037423662888613762,1.808422069871085e-7,-0.001537488540634513,-0.05767779052257538;5.828573179655905e-10,0.224030539393425,0.12111657112836838,-0.6661659479141235;0.5248346328735352,-0.11969196796417236,0.04351232200860977,-0.044991131871938705
;-83.22943878173828;-0.0000037699462609452894,1.7344949299058499e-7,-0.0015404436271637678,-0.05742653086781502;5.813378112229373e-10,0.2240135222673416,0.1204967200756073,-0.6653587222099304;0.5241934061050415,-0.11970476806163788,0.04347739368677139,-0.04499257728457451
;-83.23444366455078;-0.0000037973968574078754,1.6640964872749464e-7,-0.0015433976659551263,-0.05717611312866211;5.798366786713416e-10,0.22399674355983734,0.11988150328397751,-0.6645698547363281;0.5235585570335388,-0.11971733719110489,0.043443210422992706,-0.04499400779604912
;-83.23938751220703;-0.000003824698069365695,1.5970583433499996e-7,-0.0015463496092706919,-0.05692654848098755;5.783535872438961e-10,0.2239800989627838,0.11927090585231781,-0.6637802720069885;0.5229300856590271,-0.11972987651824951,0.04340900108218193,-0.044995423406362534
;-83.24427795410156;-0.000003851893325190758,1.5332234681864065e-7,-0.0015492996899411082,-0.05667781084775925;5.768910349424061e-10,0.223963662981987,0.11866522580385208,-0.6629900336265564;0.5223090052604675,-0.11974239349365234,0.04337475448846817,-0.04499682039022446
;-83.24911499023438;-0.000003878935331158573,1.4724312791258853e-7,-0.0015522477915510535,-0.05642995983362198;5.754434706517486e-10,0.22394739091396332,0.11806382238864899,-0.6621991991996765;0.5216933488845825,-0.11975488811731339,0.04334048554301262,-0.044998206198215485
;-83.25390625;-0.00000390585046261549,1.4145398097298312e-7,-0.0015551936812698841,-0.05618296563625336;5.740140029963925e-10,0.22393132746219635,0.11746696382761002,-0.6614077091217041;0.5210841298103333,-0.11976736038923264,0.04330619052052498,-0.04499957710504532
;-83.25865173339844;-0.000003932615527446615,1.3594063830169034e-7,-0.0015581372426822782,-0.05593685433268547;5.726000784633811e-10,0.22391539812088013,0.1168743297457695,-0.6606155633926392;0.5204802751541138,-0.11977983266115189,0.043271858245134354,-0.04500093311071396
;-83.26335144042969;-0.000003959244168072473,1.306899974906628e-7,-0.0015610774280503392,-0.05569163337349892;5.71201808075017e-10,0.22389966249465942,0.11628586053848267,-0.6598228216171265;0.519882082939148,-0.11979228258132935,0.04323749989271164,-0.045002277940511703
;-83.26801300048828;-0.000003985727289546048,1.2568942509005865e-7,-0.0015640148194506764,-0.0554472990334034;5.698183591640316e-10,0.22388403117656708,0.1157016009092331,-0.6590296626091003;0.5192893147468567,-0.11980471014976501,0.04320311173796654,-0.045003604143857956
;-83.27262878417969;-0.000004012050339952111,1.2092669976482284e-7,-0.001566948601976037,-0.0552038699388504;5.684480108847367e-10,0.22386857867240906,0.11512120813131332,-0.6582359075546265;0.5187010169029236,-0.11981714516878128,0.04316869378089905,-0.04500492289662361
;-83.27720642089844;-0.000004038225142721785,1.1639044572575585e-7,-0.0015698785427957773,-0.054961346089839935;5.670908742594349e-10,0.2238532453775406,0.11454465985298157,-0.6574416160583496;0.5181173086166382,-0.11982954293489456,0.04313424974679947,-0.04500623419880867
;-83.28174591064453;-0.000004064265340275597,1.12070118518659e-7,-0.0015728053404018283,-0.0547197088599205;5.657491142230242e-10,0.22383801639080048,0.11397222429513931,-0.6566660404205322;0.5175391435623169,-0.11984173208475113,0.04310055822134018,-0.045007530599832535
;-83.28623962402344;-0.000004090158654435072,1.0795511684591474e-7,-0.0015757278306409717,-0.05447898805141449;5.64420454818304e-10,0.2238229364156723,0.11340361088514328,-0.6559088826179504;0.5169654488563538,-0.119853675365448,0.04306762292981148,-0.045008812099695206
;-83.29068756103516;-0.000004115923729841597,1.040359194348639e-7,-0.0015786468284204602,-0.054239097982645035;5.631070054690213e-10,0.22380802035331726,0.11283905059099197,-0.6551512479782104;0.5163972973823547,-0.11986560374498367,0.04303465783596039,-0.04501008242368698
;-83.29509735107422;-0.000004141531917412067,1.0030287000972749e-7,-0.0015815626829862595,-0.05400014668703079;5.618058240841606e-10,0.22379323840141296,0.1122782975435257,-0.654393196105957;0.5158337354660034,-0.11987750977277756,0.04300167039036751,-0.04501134529709816
;-83.29946899414062;-0.000004167031875113025,9.67473212654113e-8,-0.0015844748122617602,-0.05376205965876579;5.60519797243586e-10,0.22377857565879822,0.11172156780958176,-0.6536344885826111;0.5152755379676819,-0.11988941580057144,0.04296865314245224,-0.045012593269348145
;-83.3038101196289;-0.000004192361302557401,9.336027773088063e-8,-0.0015873837983235717,-0.053524915128946304;5.592444840551991e-10,0.2237640619277954,0.1111682653427124,-0.6528754830360413;0.514721155166626,-0.11990131437778473,0.042935606092214584,-0.045013830065727234
;-83.30810546875;-0.00000421755339630181,9.01339234360421e-8,-0.00159028812777251,-0.05328863859176636;5.579818829204441e-10,0.22374965250492096,0.1106187030673027,-0.6521158814430237;0.514171302318573,-0.11991319060325623,0.04290253669023514,-0.045015059411525726
;-83.31237030029297;-0.0000042426072468515486,8.706061294105893e-8,-0.0015931890811771154,-0.05305325612425804;5.567314387278088e-10,0.22373537719249725,0.11007282137870789,-0.6513367891311646;0.5136260390281677,-0.11992529034614563,0.04286865517497063,-0.045016273856163025
;-83.31661987304688;-0.000004267491476639407,8.413250895955571e-8,-0.0015960856107994914,-0.05281883850693703;5.554899318305218e-10,0.2237212210893631,0.1095300018787384,-0.6505381464958191;0.5130833983421326,-0.11993759870529175,0.04283394664525986,-0.04501748085021973
;-83.32083892822266;-0.000004292196081223665,8.134270501614083e-8,-0.0015989764360710979,-0.05258537828922272;5.542559189386509e-10,0.22370707988739014,0.10899028182029724,-0.6497774720191956;0.5125433802604675,-0.11994946748018265,0.042800795286893845,-0.04501868411898613
;-83.32502746582031;-0.000004316747890698025,7.868482754247452e-8,-0.001601862022653222,-0.05235282704234123;5.530330637881775e-10,0.22369307279586792,0.1084539145231247,-0.6490163207054138;0.512006938457489,-0.11996132880449295,0.042767610400915146,-0.045019879937171936
;-83.32918548583984;-0.0000043411541810201015,7.615253849735382e-8,-0.0016047421377152205,-0.05212118849158287;5.518199786003208e-10,0.22367915511131287,0.10792088508605957,-0.6482548713684082;0.5114741921424866,-0.11997318267822266,0.042734406888484955,-0.04502106457948685
;-83.33331298828125;-0.0000043654144974425435,7.373985511094361e-8,-0.001607617479749024,-0.05189047381281853;5.506171629754419e-10,0.22366538643836975,0.10739117860794067,-0.6474929451942444;0.5109450817108154,-0.11998502165079117,0.042701173573732376,-0.04502224177122116
;-83.33740997314453;-0.000004389527930470649,7.144105751422103e-8,-0.0016104881651699543,-0.05166067183017731;5.494247279358433e-10,0.2236516922712326,0.10686477273702621,-0.6467306613922119;0.510419487953186,-0.11999686062335968,0.04266791045665741,-0.04502341151237488
;-83.34149169921875;-0.00000441347992818919,6.925049689243679e-8,-0.0016133541939780116,-0.051431797444820404;5.482397313905096e-10,0.22363808751106262,0.10634138435125351,-0.6459681987762451;0.5098967552185059,-0.12000869959592819,0.042634617537260056,-0.0450245700776577
;-83.34554290771484;-0.000004437275947566377,6.71630075999019e-8,-0.001616213470697403,-0.05120385065674782;5.47063394584768e-10,0.2236246019601822,0.10582099109888077,-0.6452051997184753;0.5093767046928406,-0.12002053111791611,0.04260130226612091,-0.04502572491765022
;-83.34957122802734;-0.000004460915533854859,6.517382900028679e-8,-0.0016190678579732776,-0.05097681283950806;5.458973828531555e-10,0.22361113131046295,0.10530386120080948,-0.6444418430328369;0.508860170841217,-0.12003236263990402,0.04256795719265938,-0.04502687230706215
;-83.35357666015625;-0.000004484385044634109,6.32779233455949e-8,-0.0016219172393903136,-0.050750732421875;5.447364781474562e-10,0.22359777987003326,0.10478939861059189,-0.6436784267425537;0.508345365524292,-0.12004418671131134,0.042534586042165756,-0.04502801224589348
;-83.3575668334961;-0.000004507702215050813,6.147099895770225e-8,-0.0016247604507952929,-0.05052554979920387;5.435834560252317e-10,0.22358447313308716,0.10427792370319366,-0.6429144144058228;0.5078332424163818,-0.12005601823329926,0.04250118508934975,-0.04502914473414421
;-83.36153411865234;-0.000004530857495410601,5.974879968562163e-8,-0.0016275974921882153,-0.05030130594968796;5.424391491537506e-10,0.22357125580310822,0.10376935452222824,-0.6421502232551575;0.5073238015174866,-0.12006784230470657,0.04246775805950165,-0.045030273497104645
;-83.365478515625;-0.000004553835879050894,5.8107108458216317e-8,-0.0016304284799844027,-0.050078023225069046;5.412998382858802e-10,0.22355809807777405,0.10326344519853592,-0.6413858532905579;0.5068160891532898,-0.12007966637611389,0.04243430495262146,-0.04503139853477478
;-83.3694076538086;-0.0000045766628318233415,5.654224466411506e-8,-0.0016332536470144987,-0.04985564202070236;5.40168465512636e-10,0.22354505956172943,0.1027604416012764,-0.6406211256980896;0.5063111186027527,-0.12009149044752121,0.042400822043418884,-0.04503251239657402
;-83.3733139038086;-0.000004599350177159067,5.505052769194663e-8,-0.001636073342524469,-0.0496341735124588;5.390449753228665e-10,0.22353199124336243,0.10226033627986908,-0.6398751139640808;0.5058087110519409,-0.12010309100151062,0.04236811399459839,-0.04503362253308296
;-83.37720489501953;-0.000004621860625775298,5.362830179933553e-8,-0.001638886984437704,-0.049413640052080154;5.379272027816739e-10,0.22351905703544617,0.10176286101341248,-0.639129102230072;0.5053080916404724,-0.12011469155550003,0.04233537241816521,-0.045034728944301605
;-83.3810806274414;-0.000004644194632419385,5.227225585713313e-8,-0.0016416935250163078,-0.04919402673840523;5.368142597106385e-10,0.2235061675310135,0.1012679785490036,-0.6383634805679321;0.5048092007637024,-0.12012651562690735,0.042301811277866364,-0.04503583163022995
;-83.38493347167969;-0.000004666369477490662,5.097922439745162e-8,-0.0016444934299215674,-0.04897535592317581;5.35707811444297e-10,0.2234933078289032,0.10077567398548126,-0.6376360058784485;0.5043120384216309,-0.12013789266347885,0.04226982221007347,-0.045036930590867996
;-83.38876342773438;-0.000004688427907240111,4.974646827804463e-8,-0.0016472880961373448,-0.04875754192471504;5.346112441628748e-10,0.22348056733608246,0.10028652101755142,-0.6369081735610962;0.5038185715675354,-0.12014925479888916,0.04223780333995819,-0.04503801837563515
;-83.39257049560547;-0.000004710314442490926,4.85708326891654e-8,-0.001650076825171709,-0.04854065179824829;5.335195618627608e-10,0.2234678864479065,0.09979991614818573,-0.6361799836158752;0.5033268332481384,-0.12016062438488007,0.04220575839281082,-0.0450390987098217
;-83.39636993408203;-0.000004732061825052369,4.744971704440104e-8,-0.0016528606647625566,-0.04832465201616287;5.324364837910878e-10,0.22345532476902008,0.09931613504886627,-0.6354133486747742;0.5028377771377563,-0.12017244845628738,0.04217209294438362,-0.045040179044008255
;-83.400146484375;-0.000004753624580189353,4.6380250751099084e-8,-0.0016556376358494163,-0.048109594732522964;5.313559592323713e-10,0.22344271838665009,0.09883461147546768,-0.6346847414970398;0.5023493766784668,-0.12018381804227829,0.04213999584317207,-0.04504125192761421
;-83.4039077758789;-0.0000047750622798048425,4.5360224021351314e-8,-0.001658408553339541,-0.04789542406797409;5.30283150723676e-10,0.22343023121356964,0.09835587441921234,-0.6339558362960815;0.5018638968467712,-0.12019519507884979,0.04210788011550903,-0.04504231736063957
;-83.40765380859375;-0.000004796331268153153,4.438713574472786e-8,-0.0016611730679869652,-0.04768215864896774;5.292166149750699e-10,0.2234177589416504,0.09787967056035995,-0.6332268118858337;0.5013799667358398,-0.1202065646648407,0.042075738310813904,-0.04504338651895523
;-83.41138458251953;-0.000004817442004423356,4.345874771161107e-8,-0.0016639321111142635,-0.04746980592608452;5.281549086966209e-10,0.22340533137321472,0.09740595519542694,-0.6324975490570068;0.5008978843688965,-0.12021792680025101,0.042043570429086685,-0.045044444501399994
;-83.41510009765625;-0.0000048384063120465726,4.257291763565263e-8,-0.0016666845185682178,-0.04725835844874382;5.270986425109925e-10,0.2233930081129074,0.0969347357749939,-0.6317679286003113;0.5004174709320068,-0.12022930383682251,0.04201137647032738,-0.04504549503326416
;-83.4188003540039;-0.0000048592219172860496,4.172761336462827e-8,-0.0016694307560101151,-0.04704781621694565;5.260479274404872e-10,0.22338072955608368,0.09646600484848022,-0.6310381293296814;0.49993887543678284,-0.12024068087339401,0.04197916015982628,-0.045046549290418625
;-83.4224853515625;-0.000004879871539742453,4.092089866958304e-8,-0.0016721711726859212,-0.04683814197778702;5.250026524628026e-10,0.22336846590042114,0.09599974751472473,-0.6303080916404724;0.49946194887161255,-0.12025205790996552,0.041946910321712494,-0.045047592371702194
;-83.42615509033203;-0.0000049003806452674326,4.015091548126293e-8,-0.0016749055357649922,-0.04662937670946121;5.239628175779387e-10,0.22335629165172577,0.09553594142198563,-0.6295779347419739;0.4989868700504303,-0.12026343494653702,0.04191464185714722,-0.045048635452985764
;-83.42981719970703;-0.0000049207437768927775,3.9415919417251644e-8,-0.0016776331467553973,-0.046421509236097336;5.229277011409295e-10,0.2233441174030304,0.09507458657026291,-0.6288474202156067;0.498513400554657,-0.12027481943368912,0.04188234359025955,-0.045049674808979034
;-83.43346405029297;-0.000004940939106745645,3.8714112804427714e-8,-0.0016803548205643892,-0.04621453955769539;5.218965815068088e-10,0.2233319729566574,0.09461541473865509,-0.6281168460845947;0.4980407953262329,-0.12028620392084122,0.041850022971630096,-0.04505071043968201
;-83.43709564208984;-0.000004960976184520405,3.8044028372041794e-8,-0.0016830703243613243,-0.04600846394896507;5.208708464543577e-10,0.2233199179172516,0.09415865689516068,-0.6273860335350037;0.49756988883018494,-0.12029759585857391,0.04181767627596855,-0.04505174607038498
;-83.44071960449219;-0.000004980862740922021,3.7404031871801635e-8,-0.0016857791924849153,-0.045803289860486984;5.198476649148631e-10,0.223307803273201,0.09370406717061996,-0.626655101776123;0.49709972739219666,-0.12030898034572601,0.04178530350327492,-0.045052770525217056
;-83.4443359375;-0.000005000596047466388,3.6792794588791367e-8,-0.001688481541350484,-0.045598991215229034;5.188304785797015e-10,0.22329582273960114,0.09325186908245087,-0.6259238123893738;0.4966314435005188,-0.1203203797340393,0.04175290837883949,-0.04505379870533943
;-83.44793701171875;-0.000005020168828195892,3.620883148869325e-8,-0.0016911770217120647,-0.045395590364933014;5.178165674024626e-10,0.2232838273048401,0.09280183166265488,-0.6251925230026245;0.49616381525993347,-0.1203317940235138,0.04172048345208168,-0.04505481943488121
;-83.45153045654297;-0.000005039571988163516,3.5650838725587164e-8,-0.0016938658664003015,-0.04519309103488922;5.168051542270291e-10,0.22327186167240143,0.09235391020774841,-0.6244609355926514;0.49569693207740784,-0.12034320086240768,0.04168803244829178,-0.04505584388971329
;-83.45511627197266;-0.00000505884690937819,3.5117679431095894e-8,-0.0016965479589998722,-0.04499143362045288;5.157997917670798e-10,0.22325994074344635,0.09190835803747177,-0.6237292885780334;0.49523189663887024,-0.12035460770130157,0.041655562818050385,-0.04505686089396477
;-83.45869445800781;-0.000005077930836705491,3.460795383602999e-8,-0.0016992236487567425,-0.04479070380330086;5.147948178851891e-10,0.22324801981449127,0.09146467596292496,-0.6229974627494812;0.494766503572464,-0.12036602944135666,0.041623059660196304,-0.04505787417292595
;-83.46226501464844;-0.000005096883342048386,3.412074534026033e-8,-0.0017018918879330158,-0.044590819627046585;5.137950620515142e-10,0.22323620319366455,0.09102334827184677,-0.6222654581069946;0.4943030774593353,-0.12037745118141174,0.04159053415060043,-0.04505888745188713
;-83.4658203125;-0.000005115675776323769,3.365487799555922e-8,-0.0017045532586053014,-0.044391825795173645;5.127992475095766e-10,0.22322440147399902,0.09058409929275513,-0.6215332746505737;0.4938403367996216,-0.12038888037204742,0.04155798256397247,-0.045059897005558014
;-83.46937561035156;-0.000005134317689226009,3.320933217310085e-8,-0.0017072083428502083,-0.044193703681230545;5.118058754582933e-10,0.2232125699520111,0.09014695882797241,-0.6208009719848633;0.49337828159332275,-0.1204003244638443,0.041525404900312424,-0.0450609028339386
;-83.47291564941406;-0.000005152795438334579,3.2783134429337224e-8,-0.0017098557436838746,-0.04399644955992699;5.108156675426301e-10,0.22320078313350677,0.08971188217401505,-0.6201068162918091;0.49291709065437317,-0.12041129916906357,0.04149442911148071,-0.04506190866231918
;-83.4764404296875;-0.000005171159045858076,3.237544632384015e-8,-0.0017124973237514496,-0.04380003735423088;5.098307331863339e-10,0.2231890708208084,0.08927913755178452,-0.6193932294845581;0.49245762825012207,-0.12042251229286194,0.04146261885762215,-0.04506291449069977
;-83.4799575805664;-0.000005189358489587903,3.198529796577532e-8,-0.0017151327338069677,-0.04360448941588402;5.088496290994726e-10,0.22317735850811005,0.08884844928979874,-0.6186987161636353;0.4919990003108978,-0.12043348699808121,0.041431598365306854,-0.04506390914320946
;-83.48346710205078;-0.000005207433787290938,3.161193973255649e-8,-0.001717761275358498,-0.04340978339314461;5.078731324381636e-10,0.22316572070121765,0.088420070707798,-0.6179656386375427;0.4915420711040497,-0.12044493854045868,0.041398923844099045,-0.04506490379571915
;-83.48696899414062;-0.000005225333552516531,3.125438752249465e-8,-0.0017203837633132935,-0.04321597144007683;5.068975794664254e-10,0.22315403819084167,0.08799345791339874,-0.6172708868980408;0.49108487367630005,-0.12045594304800034,0.04136785492300987,-0.045065898448228836
;-83.49046325683594;-0.000005243109626462683,3.091206224326015e-8,-0.001722999382764101,-0.043022967875003815;5.059273000540543e-10,0.22314248979091644,0.08756913244724274,-0.6165758967399597;0.49062952399253845,-0.1204669401049614,0.04133675992488861,-0.04506688565015793
;-83.49394226074219;-0.000005260740181256551,3.0584150323420545e-8,-0.0017256088322028518,-0.04283082112669945;5.049601292661521e-10,0.22313092648983002,0.08714684098958969,-0.6158807873725891;0.49017494916915894,-0.12047793716192245,0.04130564630031586,-0.04506787657737732
;-83.4974136352539;-0.000005278221578919329,3.026996608923582e-8,-0.0017282119952142239,-0.04263952374458313;5.039959560804164e-10,0.22311939299106598,0.08672654628753662,-0.6151853799819946;0.48972123861312866,-0.12048894166946411,0.041274506598711014,-0.04506886005401611
;-83.5008773803711;-0.000005295595201459946,2.99689375538037e-8,-0.0017308085225522518,-0.04244904965162277;5.030370564540476e-10,0.22310785949230194,0.08630851656198502,-0.6144899725914001;0.4892691969871521,-0.12049995362758636,0.04124334827065468,-0.04506984353065491
;-83.50432586669922;-0.000005312817393132718,2.9680352398031573e-8,-0.001733399578370154,-0.04225940257310867;5.020812654521478e-10,0.22309644520282745,0.0858924612402916,-0.6137942671775818;0.4888179302215576,-0.12051096558570862,0.041212160140275955,-0.045070819556713104
;-83.50777435302734;-0.000005329889518179698,2.9403613766021408e-8,-0.0017359844641759992,-0.042070601135492325;5.011279169409022e-10,0.22308501601219177,0.08547841012477875,-0.6130984425544739;0.48836749792099,-0.12052197754383087,0.04118095338344574,-0.0450717993080616
;-83.5112075805664;-0.000005346837042452535,2.9138154999941435e-8,-0.0017385627143085003,-0.04188263416290283;5.001782321656378e-10,0.22307361662387848,0.08506631851196289,-0.6124024987220764;0.48791781067848206,-0.12053300440311432,0.041149720549583435,-0.0450727716088295
;-83.51463317871094;-0.000005363630862120772,2.8883443192739833e-8,-0.0017411347944289446,-0.041695497930049896;4.992316005036912e-10,0.2230621874332428,0.08465620875358582,-0.6117064356803894;0.4874689280986786,-0.12054403871297836,0.04111846536397934,-0.045073747634887695
;-83.51805114746094;-0.000005380318725656252,2.863904491334779e-8,-0.001743701403029263,-0.041509147733449936;4.982901313788091e-10,0.22305089235305786,0.08424830436706543,-0.6110101938247681;0.4870217442512512,-0.12055507302284241,0.04108718782663345,-0.045074716210365295
;-83.52146911621094;-0.000005396846972871572,2.8404302909734724e-8,-0.00174626091029495,-0.04132365435361862;4.973489398096831e-10,0.22303952276706696,0.08384210616350174,-0.6103137731552124;0.4865744411945343,-0.12056611478328705,0.04105588048696518,-0.0450756810605526
;-83.52487182617188;-0.000005413235157902818,2.8178838817893848e-8,-0.0017488144803792238,-0.041138969361782074;4.964114119765384e-10,0.2230282425880432,0.08343784511089325,-0.6096364855766296;0.4861278831958771,-0.12057691812515259,0.04102538153529167,-0.0450766459107399
;-83.52825927734375;-0.000005429521934274817,2.79622938137436e-8,-0.00175136246252805,-0.0409550778567791;4.954784360577946e-10,0.22301699221134186,0.08303577452898026,-0.608958899974823;0.4856831729412079,-0.12058772891759872,0.040994856506586075,-0.0450776107609272
;-83.53164672851562;-0.000005445670467452146,2.775415985922791e-8,-0.0017539034597575665,-0.04077199473977089;4.945490128527297e-10,0.2230057567358017,0.08263561874628067,-0.6082812547683716;0.4852392375469208,-0.12059853971004486,0.04096430912613869,-0.045078568160533905
;-83.53501892089844;-0.000005461681666929508,2.7554039050414758e-8,-0.0017564399167895317,-0.040589723736047745;4.936220321383189e-10,0.22299455106258392,0.08223739266395569,-0.6076033711433411;0.48479601740837097,-0.12060936540365219,0.04093373939394951,-0.04507952556014061
;-83.53839111328125;-0.000005477561899169814,2.7361553023297347e-8,-0.0017589695053175092,-0.04040825739502907;4.926986596487382e-10,0.22298337519168854,0.08184105157852173,-0.6069061756134033;0.4843537211418152,-0.12062042951583862,0.04090231657028198,-0.04508047550916672
;-83.54176330566406;-0.000005493294338521082,2.717625235959531e-8,-0.001761492807418108,-0.040227606892585754;4.917755647149136e-10,0.22297221422195435,0.08144638687372208,-0.6062090396881104;0.48391106724739075,-0.12063150107860565,0.040870875120162964,-0.04508143290877342
;-83.54512023925781;-0.0000055088971748773474,2.6997870605782737e-8,-0.0017640097066760063,-0.04004774987697601;4.908560224947678e-10,0.22296105325222015,0.08105362206697464,-0.6055116653442383;0.48346927762031555,-0.12064258754253387,0.040839407593011856,-0.04508238285779953
;-83.54847717285156;-0.000005524369043996558,2.6826086241271696e-8,-0.0017665202030912042,-0.03986870497465134;4.899389227652762e-10,0.22294995188713074,0.08066274225711823,-0.6048526167869568;0.4830282926559448,-0.12065320461988449,0.040809571743011475,-0.045083336532115936
;-83.55181884765625;-0.000005539718131331028,2.6660577745474257e-8,-0.0017690244130790234,-0.039690449833869934;4.890254312606146e-10,0.2229388803243637,0.08027374744415283,-0.6041932702064514;0.4825880527496338,-0.12066381424665451,0.0407797172665596,-0.045084282755851746
;-83.5551528930664;-0.000005554947165364865,2.6501055572225596e-8,-0.0017715230351313949,-0.03951297327876091;4.881142157131535e-10,0.2229277640581131,0.07988661527633667,-0.6035146713256836;0.4821486175060272,-0.12067467719316483,0.04074900969862938,-0.045085228979587555
;-83.55847930908203;-0.000005570069333771244,2.6347310111418665e-8,-0.0017740159528329968,-0.039336271584033966;4.872081071916057e-10,0.22291676700115204,0.07950157672166824,-0.6028551459312439;0.48171108961105347,-0.12068528681993484,0.040719110518693924,-0.045086171478033066
;-83.5617904663086;-0.000005585070994129637,2.619899497346978e-8,-0.0017765035154297948,-0.0391603447496891;4.863049407610731e-10,0.22290578484535217,0.07911839336156845,-0.6021954417228699;0.48127418756484985,-0.12069591134786606,0.040689192712306976,-0.04508711025118828
;-83.56510162353516;-0.00000559995942239766,2.6055856139350908e-8,-0.0017789856065064669,-0.03898519277572632;4.854053825553706e-10,0.22289472818374634,0.0787370577454567,-0.6015354990959167;0.4808381497859955,-0.12070654332637787,0.04065924882888794,-0.04508804902434349
;-83.56839752197266;-0.000005614722340396838,2.5917639590034014e-8,-0.0017814618768170476,-0.038810811936855316;4.845080447957173e-10,0.22288380563259125,0.07835756242275238,-0.6008756160736084;0.48040294647216797,-0.12071717530488968,0.04062928631901741,-0.045088980346918106
;-83.57169342041016;-0.000005629357474390417,2.5784117951843655e-8,-0.0017839329084381461,-0.03863720968365669;4.836137046382305e-10,0.22287285327911377,0.07797988504171371,-0.6002154350280762;0.47996851801872253,-0.12072781473398209,0.04059930518269539,-0.04508991912007332
;-83.5749740600586;-0.0000056438916544721,2.5655074509245424e-8,-0.0017863973043859005,-0.038464371114969254;4.82722306571759e-10,0.22286197543144226,0.0776040330529213,-0.5995551347732544;0.4795348346233368,-0.1207384541630745,0.04056929796934128,-0.045090850442647934
;-83.57825469970703;-0.000005658288955601165,2.5530294323061753e-8,-0.0017888566944748163,-0.038292296230793;4.818337950851515e-10,0.22285106778144836,0.07722999155521393,-0.5988948345184326;0.47910207509994507,-0.1207491084933281,0.04053926840424538,-0.04509177803993225
;-83.5815200805664;-0.000005672588031302439,2.540957488861295e-8,-0.0017913106130436063,-0.03812098130583763;4.809482256895592e-10,0.22284017503261566,0.07685775309801102,-0.598234236240387;0.4786699414253235,-0.12075977027416229,0.04050922021269798,-0.04509270563721657
;-83.58478546142578;-0.0000056867693274398334,2.529272968843088e-8,-0.0017937589436769485,-0.03795042261481285;4.800654873626797e-10,0.22282931208610535,0.07648730278015137,-0.5975735783576965;0.4782387912273407,-0.1207704171538353,0.0404791459441185,-0.045093633234500885
;-83.58804321289062;-0.000005700806468666997,2.5179492268989634e-8,-0.0017962008714675903,-0.03778064623475075;4.791836927253712e-10,0.2228185385465622,0.07611840963363647,-0.5969129204750061;0.47780731320381165,-0.12078108638525009,0.04044905677437782,-0.045094557106494904
;-83.59129333496094;-0.000005714760391128948,2.5069850195791332e-8,-0.0017986379098147154,-0.03761160001158714;4.78306783069371e-10,0.22280770540237427,0.07575154304504395,-0.5962519645690918;0.47737768292427063,-0.12079176306724548,0.04041894152760506,-0.045095477253198624
;-83.59454345703125;-0.00000572857106817537,2.4963483724604885e-8,-0.0018010693602263927,-0.03744331747293472;4.774307060806393e-10,0.22279691696166992,0.07538621127605438,-0.5955910086631775;0.4769478440284729,-0.12080243974924088,0.0403888039290905,-0.045096397399902344
;-83.59778594970703;-0.0000057422466852585785,2.4860238312385263e-8,-0.0018034939421340823,-0.037275806069374084;4.765555172703273e-10,0.22278611361980438,0.07502242922782898,-0.5949298739433289;0.47651782631874084,-0.12081312388181686,0.04035864770412445,-0.045097317546606064
;-83.60102081298828;-0.000005755835445597768,2.4760113959132468e-8,-0.0018059132853522897,-0.03710899502038956;4.756845473075089e-10,0.222775399684906,0.07466062158346176,-0.5942686796188354;0.4760896563529968,-0.12082381546497345,0.04032846540212631,-0.045098233968019485
;-83.60425567626953;-0.000005769295967184007,2.466281578961116e-8,-0.0018083270406350493,-0.03694295138120651;4.748150206346224e-10,0.22276465594768524,0.0743003562092781,-0.5936074256896973;0.47566115856170654,-0.12083451449871063,0.04029826447367668,-0.04509915038943291
;-83.60749053955078;-0.00000578261460759677,2.456821057705838e-8,-0.0018107339274138212,-0.036777645349502563;4.739463821401557e-10,0.22275394201278687,0.07394161075353622,-0.59294593334198;0.47523248195648193,-0.12084522098302841,0.04026804119348526,-0.04510006681084633
;-83.61071014404297;-0.000005795835932076443,2.447624325441211e-8,-0.0018131352262571454,-0.036613088101148605;4.730805747144018e-10,0.2227432131767273,0.07358460873365402,-0.5922844409942627;0.47480472922325134,-0.12085594236850739,0.04023779556155205,-0.04510098323225975
;-83.61392974853516;-0.000005808942660223693,2.4386793029407272e-8,-0.0018155305879190564,-0.03644927218556404;4.722175983573607e-10,0.2227325141429901,0.0732293426990509,-0.5916228294372559;0.47437766194343567,-0.12086665630340576,0.040207527577877045,-0.045101892203092575
;-83.61714935302734;-0.000005821919330628589,2.4299673384575726e-8,-0.0018179198959842324,-0.03628617897629738;4.713547885337732e-10,0.2227218598127365,0.07287558168172836,-0.5909611582756042;0.47395041584968567,-0.12087738513946533,0.04017723351716995,-0.0451028048992157
;-83.62036895751953;-0.000005834775038238149,2.4214765304009234e-8,-0.0018203032668679953,-0.036123842000961304;4.704934220001178e-10,0.22271117568016052,0.0725233182311058,-0.5902994871139526;0.47352299094200134,-0.1208881288766861,0.040146924555301666,-0.04510371759533882
;-83.62358093261719;-0.000005847489319421584,2.413196575901111e-8,-0.0018226798856630921,-0.035962242633104324;4.696328326225796e-10,0.22270049154758453,0.07217254489660263,-0.5896375775337219;0.47309526801109314,-0.12089888006448746,0.04011658951640129,-0.045104626566171646
;-83.62678527832031;-0.000005860130841028877,2.4051322711216017e-8,-0.0018250506836920977,-0.03580133616924286;4.68777183737501e-10,0.22268983721733093,0.07182370126247406,-0.5889755487442017;0.4726695418357849,-0.12090963125228882,0.040086232125759125,-0.04510553553700447
;-83.62998962402344;-0.000005872655492566992,2.3972592799736958e-8,-0.0018274160102009773,-0.035641174763441086;4.679216458747248e-10,0.22267916798591614,0.07147633284330368,-0.5883135199546814;0.4722435176372528,-0.12092038989067078,0.040055859833955765,-0.045106440782547
;-83.63319396972656;-0.000005885039172426332,2.3895685430375124e-8,-0.001829775283113122,-0.03548173978924751;4.670674957907295e-10,0.22266855835914612,0.0711304321885109,-0.5876513719558716;0.4718173146247864,-0.12093115597963333,0.04002545773983002,-0.04510734975337982
;-83.63639831542969;-0.0000058972927945433185,2.3820513561645384e-8,-0.0018321281531825662,-0.035323020070791245;4.662141783740026e-10,0.2226579189300537,0.0707860216498375,-0.5870084166526794;0.4713907241821289,-0.12094168365001678,0.03999588266015053,-0.045108258724212646
;-83.63959503173828;-0.000005909437277296092,2.3746991928419448e-8,-0.001834474503993988,-0.035165026783943176;4.65361055246305e-10,0.22264732420444489,0.07044307887554169,-0.5863654017448425;0.4709641635417938,-0.12095222622156143,0.03996628522872925,-0.04510916396975517
;-83.64278411865234;-0.000005921500360273058,2.3675195137684568e-8,-0.001836814801208675,-0.035007722675800323;4.6451331670027685e-10,0.22263672947883606,0.0701020285487175,-0.585722029209137;0.4705393314361572,-0.12096277624368668,0.03993666544556618,-0.045110072940588
;-83.64596557617188;-0.000005933450211159652,2.3604899368478982e-8,-0.0018391499761492014,-0.034851137548685074;4.6366641082151716e-10,0.22262616455554962,0.06976243108510971,-0.5850980281829834;0.4701143205165863,-0.12097308039665222,0.039907872676849365,-0.045110974460840225
;-83.64913940429688;-0.000005945319117017789,2.3536177451433105e-8,-0.0018414799124002457,-0.03469521924853325;4.6282375154582667e-10,0.22261559963226318,0.06942469626665115,-0.5844544172286987;0.46969106793403625,-0.12098363786935806,0.03987821191549301,-0.045111872255802155
;-83.65231323242188;-0.0000059570802477537654,2.3468816223726208e-8,-0.001843805075623095,-0.03454000502824783;4.6198248004891695e-10,0.22260509431362152,0.0690883994102478,-0.5838108062744141;0.46926769614219666,-0.1209941953420639,0.039848536252975464,-0.045112770050764084
;-83.65547943115234;-0.000005968709047010634,2.340275706558259e-8,-0.001846124418079853,-0.03438550606369972;4.611413473298853e-10,0.22259454429149628,0.06875353306531906,-0.5831864476203918;0.46884405612945557,-0.12100452184677124,0.039819683879613876,-0.04511366784572601
;-83.65863800048828;-0.000005980284640827449,2.3338083465773707e-8,-0.0018484385218471289,-0.03423167020082474;4.6030565470367435e-10,0.2225840985774994,0.06842051446437836,-0.5825618505477905;0.4684222936630249,-0.12101484090089798,0.039790812879800797,-0.045114561915397644
;-83.66178894042969;-0.000005991736088617472,2.3274587590549345e-8,-0.0018507472705096006,-0.03407853841781616;4.594701563664927e-10,0.22257359325885773,0.06808891147375107,-0.5819371342658997;0.46800026297569275,-0.12102517485618591,0.039761919528245926,-0.045115455985069275
;-83.66493225097656;-0.000006003124326525722,2.3212363586821994e-8,-0.001853051595389843,-0.033926066011190414;4.5864004261098046e-10,0.22256320714950562,0.06775914132595062,-0.581312358379364;0.467580109834671,-0.12103550881147385,0.03973300755023956,-0.04511634632945061
;-83.66807556152344;-0.0000060143879636598285,2.315121427898248e-8,-0.0018553511472418904,-0.03377427160739899;4.578100953889219e-10,0.22255276143550873,0.0674307718873024,-0.580687403678894;0.4671597182750702,-0.12104585021734238,0.03970407322049141,-0.04511723667383194
;-83.67120361328125;-0.0000060255752032389864,2.3091157430599196e-8,-0.0018576447619125247,-0.03362317383289337;4.5698292372442495e-10,0.2225423902273178,0.06710401177406311,-0.5800622701644897;0.46674013137817383,-0.12105619162321091,0.03967512026429176,-0.045118123292922974
;-83.67433166503906;-0.000006036674676579423,2.3032152185464838e-8,-0.0018599340692162514,-0.03347273916006088;4.5615911048457747e-10,0.22253194451332092,0.06677884608507156,-0.5794370770454407;0.4663214385509491,-0.12106654047966003,0.039646148681640625,-0.04511900991201401
;-83.67745971679688;-0.000006047655460861279,2.2974077751314326e-8,-0.0018622184870764613,-0.03332298994064331;4.5533543602260806e-10,0.2225215882062912,0.06645507365465164,-0.5788119435310364;0.4659024178981781,-0.12107690423727036,0.039617154747247696,-0.04511989653110504
;-83.68057250976562;-0.000006058540293452097,2.291696432621393e-8,-0.0018644972005859017,-0.033173900097608566;4.54514481607049e-10,0.22251129150390625,0.06613288074731827,-0.5781865119934082;0.4654843807220459,-0.12108726799488068,0.03958814963698387,-0.04512077569961548
;-83.68368530273438;-0.0000060693491832353175,2.2860765724885823e-8,-0.0018667711410671473,-0.03302546218037605;4.5369694112729064e-10,0.22250095009803772,0.06581228226423264,-0.57756108045578;0.4650671184062958,-0.1210976392030716,0.03955911472439766,-0.045121658593416214
;-83.68679809570312;-0.000006080042567191413,2.2805378918633323e-8,-0.0018690400756895542,-0.032877709716558456;4.5287953942541037e-10,0.22249062359333038,0.06549303233623505,-0.5769355297088623;0.4646495580673218,-0.12110801786184311,0.03953006491065025,-0.04512254148721695
;-83.68990325927734;-0.000006090624538046541,2.2750757722178605e-8,-0.0018713026074692607,-0.03273062780499458;4.520628593684961e-10,0.22248034179210663,0.0651751384139061,-0.5763099789619446;0.46423178911209106,-0.12111840397119522,0.03950098901987076,-0.045123420655727386
;-83.69300079345703;-0.000006101152848714264,2.269701937507307e-8,-0.0018735609482973814,-0.03258418291807175;4.5125153613767566e-10,0.22247003018856049,0.06485901027917862,-0.5756841897964478;0.46381592750549316,-0.12112879008054733,0.03947189822793007,-0.045124296098947525
;-83.69609832763672;-0.000006111578841228038,2.2643980912562256e-8,-0.00187581405043602,-0.032438408583402634;4.5044032392915767e-10,0.2224597930908203,0.06454423815011978,-0.5750582814216614;0.4633997976779938,-0.12113917618989944,0.03944278508424759,-0.04512517526745796
;-83.6991958618164;-0.000006121885235188529,2.2591613912936737e-8,-0.0018780621467158198,-0.03229328989982605;4.4962977785445446e-10,0.22244952619075775,0.06423080712556839,-0.574432373046875;0.46298351883888245,-0.12114959210157394,0.03941365331411362,-0.0451260507106781
;-83.7022933959961;-0.0000061320802160480525,2.2539881072702883e-8,-0.0018803041893988848,-0.03214884549379349;4.488200366914441e-10,0.2224392294883728,0.06391871720552444,-0.5738064646720886;0.46256718039512634,-0.12116000056266785,0.039384499192237854,-0.04512692615389824
;-83.70537567138672;-0.000006142202892078785,2.248882857713852e-8,-0.001882540644146502,-0.03200504183769226;4.4801298781926846e-10,0.22242896258831024,0.06360816955566406,-0.5731996297836304;0.4621514678001404,-0.12117017060518265,0.03935619071125984,-0.04512780159711838
;-83.70845794677734;-0.000006152244168333709,2.2438428004534217e-8,-0.001884772558696568,-0.03186187148094177;4.472087145046544e-10,0.2224186807870865,0.06329916417598724,-0.5725927352905273;0.4617365300655365,-0.12118035554885864,0.03932785242795944,-0.045128677040338516
;-83.71154022216797;-0.00000616217084825621,2.2388583431620646e-8,-0.0018869990017265081,-0.031719356775283813;4.464056624353674e-10,0.2224084436893463,0.06299147009849548,-0.5719664692878723;0.46132150292396545,-0.12119078636169434,0.0392986424267292,-0.045129548758268356
;-83.71460723876953;-0.000006172032044560183,2.233934282003247e-8,-0.0018892203224822879,-0.031577471643686295;4.456047753009784e-10,0.22239820659160614,0.06268531084060669,-0.5713785886764526;0.4609072506427765,-0.12120071053504944,0.03927113115787506,-0.045130420476198196
;-83.7176742553711;-0.00000618180820310954,2.22906795244171e-8,-0.0018914371030405164,-0.03143622353672981;4.448066082129998e-10,0.22238802909851074,0.06238064542412758,-0.5707712173461914;0.4604938328266144,-0.12121090292930603,0.03924274072051048,-0.04513128846883774
;-83.7207260131836;-0.000006191512056830106,2.2242575781206142e-8,-0.0018936489941552281,-0.031295597553253174;4.4401116117143147e-10,0.22237782180309296,0.06207747757434845,-0.5701831579208374;0.4600812792778015,-0.12122084200382233,0.03921519219875336,-0.04513215646147728
;-83.7237777709961;-0.000006201149517437443,2.2195006721403843e-8,-0.0018958562286570668,-0.031155595555901527;4.4321835090954664e-10,0.22236768901348114,0.061775799840688705,-0.5695948600769043;0.4596695601940155,-0.12123078852891922,0.03918762877583504,-0.04513302445411682
;-83.72681427001953;-0.00000621070512352162,2.214795280508497e-8,-0.001898059155791998,-0.031016206368803978;4.4242828844964777e-10,0.22235755622386932,0.06147562339901924,-0.5690064430236816;0.4592585563659668,-0.12124072760343552,0.03916004300117493,-0.045133884996175766
;-83.72985076904297;-0.000006220179329829989,2.210139093961061e-8,-0.0019002584740519524,-0.03087744116783142;4.416409182805836e-10,0.22234748303890228,0.061176929622888565,-0.5684179067611694;0.4588484764099121,-0.1212506890296936,0.03913244232535362,-0.04513474553823471
;-83.73287200927734;-0.000006229601240193006,2.205530869048289e-8,-0.0019024531356990337,-0.03073929436504841;4.408561571356273e-10,0.22233740985393524,0.06087970361113548,-0.5678292512893677;0.4584392309188843,-0.1212606430053711,0.039104823023080826,-0.04513560235500336
;-83.73589324951172;-0.000006238932201085845,2.200969184684709e-8,-0.0019046439556404948,-0.030601756647229195;4.4007356092556904e-10,0.22232738137245178,0.0605839379131794,-0.5672405362129211;0.45803073048591614,-0.12127059698104858,0.03907718136906624,-0.045136459171772
;-83.73889923095703;-0.000006248208592296578,2.1964515539707463e-8,-0.0019068304682150483,-0.03046482801437378;4.392942121178578e-10,0.22231735289096832,0.06028963252902031,-0.5666517019271851;0.4576231837272644,-0.12128055840730667,0.03904952481389046,-0.04513731226325035
;-83.74190521240234;-0.0000062573944887844846,2.191977088727981e-8,-0.0019090131390839815,-0.030328508466482162;4.385174723342544e-10,0.22230739891529083,0.05999677628278732,-0.5660626292228699;0.45721635222435,-0.12129051983356476,0.03902185335755348,-0.0451381653547287
;-83.74491119384766;-0.0000062664948927704245,2.1875360189937965e-8,-0.001911190920509398,-0.030192818492650986;4.3774145419561705e-10,0.22229737043380737,0.05970517918467522,-0.5654736757278442;0.4568093717098236,-0.12130049616098404,0.038994163274765015,-0.04513901472091675
;-83.7479019165039;-0.0000062755307226325385,2.183135627831234e-8,-0.0019133648602291942,-0.030057726427912712;4.3696807283666317e-10,0.22228741645812988,0.05941503494977951,-0.5648844242095947;0.4564031958580017,-0.12131047993898392,0.038966450840234756,-0.0451398640871048
;-83.75089263916016;-0.000006284488790697651,2.178773073069351e-8,-0.0019155341433361173,-0.029923221096396446;4.3619674539030484e-10,0.22227750718593597,0.059126317501068115,-0.56429523229599;0.4559978246688843,-0.1213204562664032,0.038938723504543304,-0.04514070972800255
;-83.7538833618164;-0.000006293357273534639,2.1744407163737378e-8,-0.0019176987698301673,-0.029789334163069725;4.3542672245600045e-10,0.22226755321025848,0.05883883312344551,-0.5637059211730957;0.4555923640727997,-0.12133044749498367,0.03891097754240036,-0.0451415590941906
;-83.7568588256836;-0.000006302143447101116,2.1701442420862804e-8,-0.001919858856126666,-0.02965603955090046;4.346592807902283e-10,0.22225767374038696,0.058552779257297516,-0.5631164312362671;0.4551876187324524,-0.12134044617414474,0.038883209228515625,-0.04514240473508835
;-83.75983428955078;-0.000006310875960480189,2.1658825843928753e-8,-0.0019220151007175446,-0.0295233353972435;4.3389392079262734e-10,0.22224776446819305,0.05826812982559204,-0.5625269412994385;0.45478376746177673,-0.12135044485330582,0.038855426013469696,-0.0451432503759861
;-83.76280975341797;-0.000006319512522168225,2.161647572052061e-8,-0.0019241663394495845,-0.02939123846590519;4.331298097959291e-10,0.22223789989948273,0.05798471346497536,-0.5619372725486755;0.45437970757484436,-0.12136045843362808,0.038827624171972275,-0.04514409229159355
;-83.76577758789062;-0.000006328050858428469,2.1574377839783665e-8,-0.0019263123394921422,-0.029259750619530678;4.3236630942189436e-10,0.2222280353307724,0.05770251527428627,-0.5613476634025574;0.4539754390716553,-0.12137047201395035,0.03879980742931366,-0.045144930481910706
;-83.76873779296875;-0.000006336555088637397,2.153266187576719e-8,-0.0019284544978290796,-0.02912883087992668;4.316068336063239e-10,0.22221817076206207,0.05742190405726433,-0.5607577562332153;0.453573077917099,-0.12138049304485321,0.038771968334913254,-0.04514577239751816
;-83.77169799804688;-0.0000063449747358390596,2.1491185719924033e-8,-0.0019305924652144313,-0.02899850904941559;4.308486623028074e-10,0.22220830619335175,0.05714249610900879,-0.5601678490638733;0.453170508146286,-0.12139052152633667,0.038744110614061356,-0.04514661058783531
;-83.774658203125;-0.000006353292974381475,2.1449928055972123e-8,-0.0019327253103256226,-0.028868775814771652;4.3009049099929086e-10,0.2221985161304474,0.05686429142951965,-0.5595779418945312;0.45276764035224915,-0.12140055745840073,0.038716237992048264,-0.04514744505286217
;-83.77761840820312;-0.000006361519808706362,2.140888888391146e-8,-0.0019348531495779753,-0.02873964048922062;4.2933356869667705e-10,0.22218865156173706,0.05658729374408722,-0.5589879751205444;0.4523646831512451,-0.12141060084104538,0.03868834674358368,-0.04514828696846962
;-83.78056335449219;-0.000006369688435370335,2.1368123270804062e-8,-0.001936976215802133,-0.0286110769957304;4.2857864479550756e-10,0.2221788763999939,0.056311674416065216,-0.5583978295326233;0.4519624710083008,-0.12142063677310944,0.0386604368686676,-0.045149121433496475
;-83.78350830078125;-0.0000063777865761949215,2.1327629440293094e-8,-0.0019390949746593833,-0.028483087196946144;4.278269405411095e-10,0.22216908633708954,0.05603742599487305,-0.5578076243400574;0.45156124234199524,-0.12143068760633469,0.038632508367300034,-0.04514995589852333
;-83.78645324707031;-0.000006385796496033436,2.128732745632078e-8,-0.0019412088440731168,-0.028355680406093597;4.2707529179786263e-10,0.22215934097766876,0.05576436221599579,-0.5572172999382019;0.4511597156524658,-0.12144075334072113,0.038604557514190674,-0.045150790363550186
;-83.78939819335938;-0.000006393716375896474,2.1247204884389248e-8,-0.001943318173289299,-0.028228849172592163;4.2632486429994287e-10,0.22214952111244202,0.05549246817827225,-0.5566270351409912;0.4507580101490021,-0.12145082652568817,0.03857659548521042,-0.04515162110328674
;-83.7923355102539;-0.000006401555310731055,2.1207261724498494e-8,-0.0019454226130619645,-0.028102606534957886;4.2557449231317435e-10,0.22213974595069885,0.05522175133228302,-0.5560558438301086;0.4503560960292816,-0.12146063148975372,0.03854948654770851,-0.0451524555683136
;-83.7952651977539;-0.00000640936013951432,2.1167620545270438e-8,-0.0019475228618830442,-0.027976911514997482;4.248292551078947e-10,0.22213004529476166,0.054952580481767654,-0.5554652810096741;0.4499560594558716,-0.12147071957588196,0.03852148354053497,-0.045153286308050156
;-83.7981948852539;-0.000006417073109332705,2.1128148119942125e-8,-0.0019496189197525382,-0.027851784601807594;4.240840456581907e-10,0.22212029993534088,0.05468454957008362,-0.5549132227897644;0.44955578446388245,-0.12148027122020721,0.03849521651864052,-0.045154113322496414
;-83.80111694335938;-0.000006424707407859387,2.108883201401568e-8,-0.0019517100881785154,-0.027727242559194565;4.2334002969823814e-10,0.2221105843782425,0.0544176921248436,-0.5543418526649475;0.449155330657959,-0.12149011343717575,0.03846805542707443,-0.04515494406223297
;-83.80403137207031;-0.000006432305326597998,2.1049809006967735e-8,-0.001953797647729516,-0.027603227645158768;4.2260001054117424e-10,0.2221008837223053,0.054152343422174454,-0.5537701845169067;0.4487568140029907,-0.1214999407529831,0.038440875709056854,-0.04515576735138893
;-83.80694580078125;-0.000006439830031013116,2.101093166118062e-8,-0.0019558805506676435,-0.027479786425828934;4.218606297623495e-10,0.2220912128686905,0.05388813465833664,-0.553217887878418;0.44835802912712097,-0.12150952219963074,0.03841456025838852,-0.04515659436583519
;-83.80986022949219;-0.000006447251962526934,2.097219109487014e-8,-0.0019579592626541853,-0.027356911450624466;4.21122386962125e-10,0.22208155691623688,0.05362507700920105,-0.5526268482208252;0.4479590952396393,-0.12151963263750076,0.03838646411895752,-0.04515741765499115
;-83.81275939941406;-0.00000645462660031626,2.093366369138039e-8,-0.001960033318027854,-0.027234574779868126;4.2038617031892045e-10,0.22207191586494446,0.053363338112831116,-0.5520743727684021;0.4475609362125397,-0.121529221534729,0.0383601151406765,-0.04515824094414711
;-83.81565856933594;-0.000006461949851654936,2.089533346349981e-8,-0.001962103648111224,-0.027112780138850212;4.1965253494424815e-10,0.22206233441829681,0.05310290306806564,-0.5515217185020447;0.4471636414527893,-0.12153881043195724,0.038333747535943985,-0.04515906423330307
;-83.81854248046875;-0.000006469213985837996,2.0857200411228405e-8,-0.0019641697872430086,-0.02699153684079647;4.189219804384692e-10,0.222052663564682,0.052843768149614334,-0.5509690046310425;0.44676724076271057,-0.12154841423034668,0.03830736130475998,-0.04515988007187843
;-83.82142639160156;-0.00000647643400952802,2.0819262758209334e-8,-0.001966233132407069,-0.02687082625925541;4.1819347984528576e-10,0.22204311192035675,0.05258592218160629,-0.5504159927368164;0.4463716447353363,-0.12155800312757492,0.03828096389770508,-0.045160699635744095
;-83.82430267333984;-0.00000648356444798992,2.0781444121098502e-8,-0.001968291588127613,-0.026750672608613968;4.1746553436361467e-10,0.2220335602760315,0.05232919380068779,-0.5498631000518799;0.4459758698940277,-0.12156761437654495,0.038254544138908386,-0.04516151174902916
;-83.8271713256836;-0.000006490675332315732,2.0743884832086223e-8,-0.001970346551388502,-0.026631029322743416;4.167421130407689e-10,0.22202403843402863,0.05207391828298569,-0.5493099689483643;0.4455820620059967,-0.12157722562551498,0.0382281132042408,-0.04516232758760452
;-83.83003997802734;-0.0000064976898102031555,2.0706435677197987e-8,-0.0019723987206816673,-0.026511937379837036;4.160192745850111e-10,0.22201451659202576,0.05181974917650223,-0.5487568378448486;0.4451879858970642,-0.12158683687448502,0.03820165991783142,-0.04516313597559929
;-83.83289337158203;-0.000006504675639007473,2.066916948706421e-8,-0.001974446466192603,-0.02639337256550789;4.152995169981466e-10,0.22200502455234528,0.05156685784459114,-0.5482035279273987;0.44479474425315857,-0.12159645557403564,0.03817519545555115,-0.045163944363594055
;-83.83574676513672;-0.0000065116005316667724,2.0632075603543854e-8,-0.0019764909520745277,-0.02627534046769142;4.1458175781272644e-10,0.22199559211730957,0.05131522938609123,-0.5476502180099487;0.4444023668766022,-0.12160608172416687,0.03814871609210968,-0.04516475275158882
;-83.8386001586914;-0.000006518446298287017,2.0595086525077022e-8,-0.0019785319454967976,-0.026157835498452187;4.1386452598324297e-10,0.22198614478111267,0.051064688712358475,-0.547096848487854;0.44400981068611145,-0.1216157078742981,0.03812221437692642,-0.04516556113958359
;-83.84143829345703;-0.000006525233857246349,2.0558269753223612e-8,-0.0019805680494755507,-0.026040857657790184;4.13149930933443e-10,0.2219766229391098,0.0508154071867466,-0.5465432405471802;0.44361811876296997,-0.12162533402442932,0.03809570148587227,-0.045166365802288055
;-83.84427642822266;-0.000006531977760459995,2.0521618182556267e-8,-0.00198260135948658,-0.025924405083060265;4.1243775061872157e-10,0.2219672054052353,0.05056736618280411,-0.5459896922111511;0.44322720170021057,-0.12163497507572174,0.03806916996836662,-0.04516717046499252
;-83.84711456298828;-0.000006538642537634587,2.048506431151509e-8,-0.0019846302457153797,-0.025808483362197876;4.117262086822393e-10,0.2219577431678772,0.05032040551304817,-0.5454360246658325;0.44283610582351685,-0.12164461612701416,0.03804262354969978,-0.04516797885298729
;-83.8499526977539;-0.000006545227734022774,2.044859748195904e-8,-0.00198665470816195,-0.025693096220493317;4.1101522185726935e-10,0.22194832563400269,0.05007452517747879,-0.5448822975158691;0.44244489073753357,-0.12165427207946777,0.03801605477929115,-0.04516877979040146
;-83.85277557373047;-0.000006551774276886135,2.041229230087538e-8,-0.0019886752124875784,-0.025578219443559647;4.1030678854525604e-10,0.22193890810012817,0.0498298779129982,-0.5443284511566162;0.44205448031425476,-0.12166392803192139,0.037989478558301926,-0.045169584453105927
;-83.85559844970703;-0.000006558267159562092,2.0376143439193584e-8,-0.001990692224353552,-0.025463853031396866;4.096007977238969e-10,0.22192950546741486,0.049586452543735504,-0.543774425983429;0.4416649341583252,-0.121673583984375,0.03796287998557091,-0.0451703816652298
;-83.8584213256836;-0.000006564681370946346,2.034007806628324e-8,-0.0019927050452679396,-0.02535000815987587;4.088954175252013e-10,0.22192011773586273,0.04934408515691757,-0.543220579624176;0.4412751793861389,-0.12168325483798981,0.037936266511678696,-0.04517118260264397
;-83.8612289428711;-0.00000657105465506902,2.0304167236417925e-8,-0.0019947136752307415,-0.025236666202545166;4.0819256308388674e-10,0.22191071510314941,0.049102939665317535,-0.5426856279373169;0.44088631868362427,-0.12169266492128372,0.037910524755716324,-0.04517197608947754
;-83.8640365600586;-0.000006577377007488394,2.02684002914566e-8,-0.0019967190455645323,-0.025123832747340202;4.0749215113322634e-10,0.22190138697624207,0.048863016068935394,-0.5421315431594849;0.4404982626438141,-0.12170233577489853,0.037883877754211426,-0.04517277330160141
;-83.8668441772461;-0.0000065836320572998375,2.023271683526673e-8,-0.001998720457777381,-0.025011524558067322;4.0679176693814156e-10,0.22189204394817352,0.04862412065267563,-0.5415772795677185;0.44011005759239197,-0.12171201407909393,0.037857215851545334,-0.04517357051372528
;-83.8696517944336;-0.000006589799795619911,2.019710976242095e-8,-0.0020007179118692875,-0.02489972673356533;4.060924929660814e-10,0.22188271582126617,0.048386264592409134,-0.541042149066925;0.43972164392471313,-0.12172143906354904,0.03783142566680908,-0.04517436772584915
;-83.87244415283203;-0.00000659592978990986,2.0161643021765485e-8,-0.0020027104765176773,-0.024788429960608482;4.0539571699582666e-10,0.2218734174966812,0.048149608075618744,-0.5405264496803284;0.43933403491973877,-0.12173059582710266,0.03780650720000267,-0.045175157487392426
;-83.87522888183594;-0.000006602010216738563,2.012632194237085e-8,-0.002004700480028987,-0.02467762678861618;4.047014390273773e-10,0.22186410427093506,0.04791414737701416,-0.540010392665863;0.4389473795890808,-0.12173975259065628,0.03778157755732536,-0.045175950974226
;-83.87800598144531;-0.000006608088824577862,2.0091206920369586e-8,-0.0020066872239112854,-0.02456730045378208;4.0401154643987525e-10,0.22185486555099487,0.04768003895878792,-0.5394942760467529;0.4385625123977661,-0.1217489093542099,0.03775663301348686,-0.045176733285188675
;-83.88077545166016;-0.000006614083304157248,2.0056166505355577e-8,-0.0020086707081645727,-0.024457473307847977;4.0332162609679756e-10,0.2218456268310547,0.047446947544813156,-0.538978099822998;0.43817755579948425,-0.12175808101892471,0.037731677293777466,-0.04517752304673195
;-83.88353729248047;-0.00000662007596474723,2.0021333924091778e-8,-0.002010651398450136,-0.024348126724362373;4.0263667400175507e-10,0.22183649241924286,0.047215189784765244,-0.5384617447853088;0.4377945065498352,-0.12176725268363953,0.037706706672906876,-0.045178305357694626
;-83.88629150390625;-0.000006625994046771666,1.9986572397101554e-8,-0.002012629061937332,-0.024239277467131615;4.019522492626493e-10,0.22182725369930267,0.046984437853097916,-0.5379452705383301;0.4374113082885742,-0.12177641689777374,0.03768171742558479,-0.0451790876686573
;-83.8890380859375;-0.000006631891665165313,1.9952009822077343e-8,-0.002014604164287448,-0.02413090318441391;4.0127165479297844e-10,0.22181814908981323,0.04675500467419624,-0.5374287366867065;0.4370299279689789,-0.12178558111190796,0.03765671327710152,-0.04517986625432968
;-83.89178466796875;-0.000006637730621150695,1.991751830132671e-8,-0.0020165755413472652,-0.0240230243653059;4.00592115035181e-10,0.2218090295791626,0.04652656987309456,-0.5368736982345581;0.4366483986377716,-0.12179529666900635,0.03762990981340408,-0.04518064111471176
;-83.89453125;-0.000006643494998570532,1.9883090729422292e-8,-0.0020185441244393587,-0.023915639147162437;3.9991307487774463e-10,0.22179989516735077,0.04629913717508316,-0.536337673664093;0.43626677989959717,-0.12180475145578384,0.03760398551821709,-0.04518141970038414
;-83.89726257324219;-0.000006649217084486736,1.984879993699451e-8,-0.0020205082837492228,-0.023808732628822327;3.992360608773282e-10,0.22179076075553894,0.04607284814119339,-0.5358017086982727;0.43588587641716003,-0.12181421369314194,0.0375780425965786,-0.04518219456076622
;-83.89999389648438;-0.000006654895969404606,1.9814635265902325e-8,-0.002022468950599432,-0.02370230294764042;3.985618779456246e-10,0.22178171575069427,0.04584769904613495,-0.5352848172187805;0.4355059564113617,-0.12182340025901794,0.037552982568740845,-0.0451829694211483
;-83.90272521972656;-0.000006660512099188054,1.978053454365636e-8,-0.00202442635782063,-0.02359636127948761;3.978877782806478e-10,0.22177264094352722,0.045623529702425,-0.5347679257392883;0.43512576818466187,-0.12183260172605515,0.0375279039144516,-0.04518374428153038
;-83.90544128417969;-0.000006666083208983764,1.9746565271816507e-8,-0.0020263802725821733,-0.02349088154733181;3.972166207066863e-10,0.22176355123519897,0.045400507748126984,-0.5342509746551514;0.43474650382995605,-0.12184180319309235,0.03750281035900116,-0.04518451541662216
;-83.90815734863281;-0.000006671618848486105,1.9712722121312254e-8,-0.002028330462053418,-0.023385880514979362;3.9654740602301786e-10,0.2217545509338379,0.045178599655628204,-0.5337338447570801;0.43436798453330994,-0.12185100466012955,0.037477705627679825,-0.045185282826423645
;-83.91087341308594;-0.0000066770880948752165,1.967894114329738e-8,-0.002030277857556939,-0.023281345143914223;3.958791905400716e-10,0.22174552083015442,0.04495765268802643,-0.5332167148590088;0.43398943543434143,-0.12186022102832794,0.037452585995197296,-0.04518605396151543
;-83.91357421875;-0.000006682518687739503,1.9645277404833905e-8,-0.002032221294939518,-0.023177286610007286;3.952128624362672e-10,0.22173652052879333,0.044737834483385086,-0.532699465751648;0.433611661195755,-0.12186942994594574,0.037427451461553574,-0.04518681764602661
;-83.91627502441406;-0.000006687911081826314,1.9611743340419707e-8,-0.0020341617055237293,-0.023073699325323105;3.945490323342682e-10,0.22172755002975464,0.044519126415252686,-0.5321820974349976;0.4332347810268402,-0.12187864631414413,0.03740230202674866,-0.045187585055828094
;-83.91897583007812;-0.000006693234809063142,1.957826434306753e-8,-0.0020360988564789295,-0.02297057770192623;3.938861181662645e-10,0.22171854972839355,0.04430137947201729,-0.5316647887229919;0.4328577518463135,-0.12188787013292313,0.03737713396549225,-0.04518834874033928
;-83.92166137695312;-0.000006698514880554285,1.954491324340779e-8,-0.002038032514974475,-0.022867921739816666;3.9322520239970515e-10,0.22170960903167725,0.044084735214710236,-0.5311471819877625;0.4324815571308136,-0.12189709395170212,0.03735195845365524,-0.045189112424850464
;-83.92434692382812;-0.000006703774943161989,1.951168115965629e-8,-0.002039963146671653,-0.022765718400478363;3.925665903459219e-10,0.22170071303844452,0.04386918246746063,-0.5306296348571777;0.43210628628730774,-0.12190631777048111,0.037326764315366745,-0.04518987238407135
;-83.92703247070312;-0.000006708959972456796,1.9478500590253134e-8,-0.0020418900530785322,-0.022663990035653114;3.9190906075958765e-10,0.2216918170452118,0.04365456849336624,-0.5301119685173035;0.4317307770252228,-0.1219155564904213,0.03730155527591705,-0.04519062861800194
;-83.9297103881836;-0.000006714074515912216,1.9445375087911998e-8,-0.002043813467025757,-0.022562721744179726;3.912515311732534e-10,0.22168289124965668,0.04344089329242706,-0.5295942425727844;0.4313550591468811,-0.12192479521036148,0.03727633133530617,-0.045191388577222824
;-83.93238067626953;-0.000006719189059367636,1.9412439655752678e-8,-0.002045733854174614,-0.022461893036961555;3.9059824818998834e-10,0.22167398035526276,0.04322846606373787,-0.5290763974189758;0.4309813380241394,-0.12193404138088226,0.03725109249353409,-0.04519214853644371
;-83.93505096435547;-0.000006724248578393599,1.937955396158486e-8,-0.002047650283202529,-0.022361520677804947;3.899455203182356e-10,0.2216651290655136,0.043016958981752396,-0.5285585522651672;0.4306074380874634,-0.12194329500198364,0.037225838750600815,-0.0451929047703743
;-83.9377212524414;-0.000006729229880875209,1.9346719781765387e-8,-0.0020495629869401455,-0.022261613979935646;3.89293791647205e-10,0.22165626287460327,0.04280637949705124,-0.5280405879020691;0.43023329973220825,-0.12195254862308502,0.037200573831796646,-0.045193661004304886
;-83.94039154052734;-0.000006734145244990941,1.9313935339937416e-8,-0.0020514721982181072,-0.02216215990483761;3.8864206297617443e-10,0.22164736688137054,0.042596716433763504,-0.527522623538971;0.4298590123653412,-0.1219618171453476,0.037175290286540985,-0.045194413512945175
;-83.94305419921875;-0.000006739008313161321,1.928119708338727e-8,-0.002053377451375127,-0.02206316776573658;3.879908061499293e-10,0.2216385304927826,0.04238798841834068,-0.5270047187805176;0.4294845759868622,-0.12197108566761017,0.03714999556541443,-0.04519516974687576
;-83.94570922851562;-0.000006743858193658525,1.924864534430526e-8,-0.002055278280749917,-0.021964604035019875;3.87343823682329e-10,0.22162969410419464,0.042180463671684265,-0.5264863967895508;0.42911195755004883,-0.12198035418987274,0.03712468594312668,-0.04519592225551605
;-83.9483642578125;-0.000006748643954779254,1.9216134461430556e-8,-0.002057176548987627,-0.021866492927074432;3.8669781265987524e-10,0.22162088751792908,0.041973844170570374,-0.5259682536125183;0.4287393093109131,-0.12198963761329651,0.03709935396909714,-0.04519667476415634
;-83.95101928710938;-0.000006753376965207281,1.9183673316547356e-8,-0.0020590713247656822,-0.021768828853964806;3.860518571485727e-10,0.22161206603050232,0.04176812246441841,-0.5254500508308411;0.4283663332462311,-0.12199892103672028,0.037074014544487,-0.045197419822216034
;-83.95367431640625;-0.000006758033578080358,1.915126013329882e-8,-0.002060961676761508,-0.021671611815690994;3.8540637348205564e-10,0.22160325944423676,0.04156331717967987,-0.5249317288398743;0.42799320816993713,-0.12200821191072464,0.03704866021871567,-0.04519817233085632
;-83.95632934570312;-0.000006762644261470996,1.911888780625759e-8,-0.0020628480706363916,-0.021574847400188446;3.8476136166032404e-10,0.22159446775913239,0.041359417140483856,-0.5244134068489075;0.42761996388435364,-0.1220175176858902,0.037023287266492844,-0.04519892483949661
;-83.95897674560547;-0.000006767174454580527,1.9086561664494184e-8,-0.002064730040729046,-0.021478520706295967;3.8411687719452914e-10,0.22158561646938324,0.04115639999508858,-0.5238950252532959;0.42724642157554626,-0.12202681601047516,0.036997903138399124,-0.0451996773481369
;-83.96161651611328;-0.0000067717178353632335,1.905440960570104e-8,-0.0020666096825152636,-0.021382611244916916;3.8347663933180343e-10,0.22157685458660126,0.04095456749200821,-0.5233765244483948;0.42687493562698364,-0.12203612178564072,0.03697250038385391,-0.045200422406196594
;-83.9642562866211;-0.000006776192094548605,1.902230373218572e-8,-0.0020684844348579645,-0.021287143230438232;3.8283684555828756e-10,0.22156810760498047,0.040753625333309174,-0.5228579640388489;0.4265032112598419,-0.12204544246196747,0.03694708272814751,-0.045201171189546585
;-83.9668960571289;-0.000006780610874557169,1.8990236938520866e-8,-0.0020703563932329416,-0.021192114800214767;3.8219805098549386e-10,0.2215593010187149,0.04055356606841087,-0.5223393440246582;0.4261312782764435,-0.12205477058887482,0.036921657621860504,-0.04520191624760628
;-83.96953582763672;-0.0000067849591687263455,1.8958216330133837e-8,-0.0020722239278256893,-0.021097516641020775;3.8155925641270017e-10,0.22155053913593292,0.04035438969731331,-0.5218207240104675;0.4257592260837555,-0.12206409871578217,0.03689620643854141,-0.04520266503095627
;-83.97217559814453;-0.000006789257895434275,1.8926231248883596e-8,-0.002074087969958782,-0.021003346890211105;3.8092096144026755e-10,0.22154179215431213,0.04015607759356499,-0.5213213562965393;0.42538687586784363,-0.12207315117120743,0.03687166050076485,-0.04520341381430626
;-83.97481536865234;-0.000006793484317313414,1.889429057655434e-8,-0.0020759475883096457,-0.020909618586301804;3.802831105570448e-10,0.22153307497501373,0.0399586521089077,-0.5208025574684143;0.4250144064426422,-0.12208250164985657,0.036846186965703964,-0.04520416259765625
;-83.97745513916016;-0.0000067976643549627624,1.886238720771871e-8,-0.002077802550047636,-0.020816320553421974;3.796458147853343e-10,0.22152426838874817,0.039762094616889954,-0.5202838182449341;0.42464175820350647,-0.12209184467792511,0.03682069480419159,-0.045204903930425644
;-83.9800796508789;-0.000006801803465350531,1.8830588643936608e-8,-0.0020796540193259716,-0.020723426714539528;3.7901082272639997e-10,0.22151555120944977,0.03956655040383339,-0.5197842121124268;0.4242699444293976,-0.12210092693567276,0.036796100437641144,-0.045205648988485336
;-83.98270416259766;-0.000006805929388065124,1.8798900214278547e-8,-0.0020815026946365833,-0.02063094638288021;3.783781621358173e-10,0.22150681912899017,0.039372000843286514,-0.5193038582801819;0.4238990545272827,-0.12210972607135773,0.036772407591342926,-0.04520639032125473
;-83.98531341552734;-0.000006810016202507541,1.876731836603085e-8,-0.0020833478774875402,-0.020538881421089172;3.777478885247376e-10,0.22149816155433655,0.03917844966053963,-0.5188040733337402;0.4235290288925171,-0.12211880087852478,0.03674778714776039,-0.04520713537931442
;-83.98792266845703;-0.000006814071639382746,1.8735841322836677e-8,-0.0020851902663707733,-0.020447228103876114;3.77119918626434e-10,0.22148941457271576,0.038985900580883026,-0.518323540687561;0.4231599271297455,-0.12212760746479034,0.036724064499139786,-0.04520787298679352
;-83.99053192138672;-0.000006818077508796705,1.870440513584981e-8,-0.0020870305597782135,-0.02035599946975708;3.764924205729159e-10,0.22148077189922333,0.03879418969154358,-0.5178430080413818;0.4227905869483948,-0.1221364215016365,0.036700330674648285,-0.04520861431956291
;-83.99312591552734;-0.000006822065643063979,1.867307375391647e-8,-0.0020888671278953552,-0.02026517130434513;3.7586722623217383e-10,0.22147205471992493,0.03860345855355263,-0.5173622965812683;0.4224222004413605,-0.12214523553848267,0.03667658194899559,-0.04520935192704201
;-83.99571990966797;-0.000006826006938354112,1.864185250610717e-8,-0.0020907013677060604,-0.020174747332930565;3.752443911153591e-10,0.22146344184875488,0.03841370716691017,-0.51688152551651;0.4220546782016754,-0.12215404957532883,0.0366528183221817,-0.045210085809230804
;-83.99829864501953;-0.0000068299427766760346,1.8610734286994557e-8,-0.0020925330463796854,-0.02008472941815853;3.746238597113205e-10,0.22145479917526245,0.038224924355745316,-0.5164006352424622;0.421688050031662,-0.12216287851333618,0.036629047244787216,-0.0452108159661293
;-84.0008773803711;-0.000006833845418441342,1.8579724425649147e-8,-0.0020943619310855865,-0.019995110109448433;3.740056597756336e-10,0.2214462012052536,0.03803711012005806,-0.5159196257591248;0.4213222861289978,-0.12217169255018234,0.03660526126623154,-0.0452115461230278
;-84.00344848632812;-0.0000068376930357771926,1.8548755420511043e-8,-0.0020961882546544075,-0.019905900582671165;3.7338740432879547e-10,0.22143760323524475,0.03785012289881706,-0.5154386162757874;0.4209563732147217,-0.1221805214881897,0.036581460386514664,-0.0452122800052166
;-84.00601196289062;-0.000006841548383818008,1.85179604983432e-8,-0.002098012948408723,-0.019817080348730087;3.7277381181866076e-10,0.22142910957336426,0.03766423463821411,-0.5149573683738708;0.4205925166606903,-0.12218934297561646,0.036557648330926895,-0.0452130064368248
;-84.00857543945312;-0.000006845342340966454,1.8487204656025824e-8,-0.0020998341497033834,-0.01972866617143154;3.721606633977359e-10,0.22142057120800018,0.03747916221618652,-0.5144761800765991;0.42022839188575745,-0.12219817191362381,0.03653382137417793,-0.045213732868433
;-84.0111312866211;-0.000006849084002169548,1.8456489669915754e-8,-0.0021016523241996765,-0.019640658050775528;3.715479313104453e-10,0.2214120328426361,0.0372949056327343,-0.5139949321746826;0.41986408829689026,-0.12220701575279236,0.036509983241558075,-0.0452144593000412
;-84.01367950439453;-0.0000068528293013514485,1.8425945214062267e-8,-0.0021034679375588894,-0.019553031772375107;3.7093889071471153e-10,0.22140353918075562,0.037111736834049225,-0.5135135650634766;0.4195016920566559,-0.12221584469079971,0.03648613020777702,-0.0452151782810688
;-84.01622772216797;-0.000006856521395093296,1.8395443390772925e-8,-0.0021052814554423094,-0.01946580596268177;3.7033082156412434e-10,0.22139504551887512,0.03692936524748802,-0.5130321383476257;0.41913917660713196,-0.12222468852996826,0.03646226227283478,-0.045215900987386703
;-84.0187759399414;-0.000006860172106826212,1.8364975318263532e-8,-0.0021070907823741436,-0.01937898062169552;3.6972314099159576e-10,0.22138658165931702,0.03674779832363129,-0.5125505328178406;0.4187764823436737,-0.12223353981971741,0.036438386887311935,-0.045216623693704605
;-84.02130889892578;-0.000006863779162813444,1.8334615603521343e-8,-0.0021088970825076103,-0.019292542710900307;3.691172922870578e-10,0.22137807309627533,0.036567166447639465,-0.5120689868927002;0.4184146821498871,-0.12224239856004715,0.0364144966006279,-0.04521734267473221
;-84.02384185791016;-0.000006867380307085114,1.8304362470189517e-8,-0.0021107010543346405,-0.019206490367650986;3.685141636289302e-10,0.2213696539402008,0.03638746216893196,-0.5115873217582703;0.4180538058280945,-0.1222512498497963,0.03639059141278267,-0.04521806165575981
;-84.02637481689453;-0.000006870915967738256,1.827414664035132e-8,-0.002112501999363303,-0.019120831042528152;3.6791156232673927e-10,0.22136124968528748,0.03620855510234833,-0.5111056566238403;0.4176926910877228,-0.12226010859012604,0.036366675049066544,-0.045218776911497116
;-84.02890014648438;-0.000006874397058709292,1.8243969890363587e-8,-0.002114300150424242,-0.019035564735531807;3.673088777578215e-10,0.22135284543037415,0.03603043779730797,-0.5106238722801208;0.4173314869403839,-0.12226898223161697,0.036342743784189224,-0.04521949216723442
;-84.03141784667969;-0.000006877901796542574,1.82139618942756e-8,-0.002116094809025526,-0.018950670957565308;3.667107728588803e-10,0.22134444117546082,0.035853367298841476,-0.5101419687271118;0.41697219014167786,-0.12227784097194672,0.03631880506873131,-0.045220211148262024
;-84.033935546875;-0.000006881340141262626,1.8183991201681238e-8,-0.0021178871393203735,-0.018866166472434998;3.661126124487879e-10,0.22133603692054749,0.03567707911133766,-0.5096600651741028;0.41661274433135986,-0.12228671461343765,0.0362948477268219,-0.04522092267870903
;-84.03645324707031;-0.000006884734830236994,1.8154057812580504e-8,-0.00211967620998621,-0.018782049417495728;3.655153679726908e-10,0.22132767736911774,0.03550156578421593,-0.509178102016449;0.41625311970710754,-0.12229559570550919,0.0362708754837513,-0.045221634209156036
;-84.03897094726562;-0.000006888063126098132,1.8124161726973398e-8,-0.0021214624866843224,-0.01869831793010235;3.649181234965937e-10,0.2213193029165268,0.03532682731747627,-0.5086961984634399;0.4158932864665985,-0.12230448424816132,0.0362468957901001,-0.04522234946489334
;-84.0414810180664;-0.000006891354132676497,1.809429939214624e-8,-0.0021232450380921364,-0.01861497014760971;3.643217671989163e-10,0.22131092846393585,0.035152867436409,-0.508213996887207;0.41553327441215515,-0.12231338024139404,0.036222897469997406,-0.04522306099534035
;-84.04398345947266;-0.00000689464377501281,1.8064607587575665e-8,-0.0021250236313790083,-0.018531983718276024;3.637290191260689e-10,0.2213025540113449,0.03497994318604469,-0.5077319145202637;0.41517525911331177,-0.12232226878404617,0.03619889169931412,-0.045223768800497055
;-84.0464859008789;-0.00000689789112584549,1.8034951310141878e-8,-0.0021268001291900873,-0.01844937913119793;3.6313718698721686e-10,0.22129426896572113,0.034807782620191574,-0.507249653339386;0.41481706500053406,-0.1223311647772789,0.036174871027469635,-0.04522447660565376
;-84.04898834228516;-0.0000069010734478069935,1.8005334112558558e-8,-0.002128573367372155,-0.018367154523730278;3.625452993372136e-10,0.22128595411777496,0.03463637828826904,-0.5067673921585083;0.4144587516784668,-0.12234006822109222,0.03615083172917366,-0.04522518441081047
;-84.0514907836914;-0.000006904222118464531,1.7975745336684668e-8,-0.0021303428802639246,-0.01828530617058277;3.619543276212056e-10,0.2212776243686676,0.0344657376408577,-0.5062850713729858;0.41410019993782043,-0.12234898656606674,0.03612678125500679,-0.04522589594125748
;-84.05398559570312;-0.000006907303486514138,1.7946195640661244e-8,-0.002132108435034752,-0.01820383220911026;3.613633003940464e-10,0.22126929461956024,0.034295856952667236,-0.5058220028877258;0.41374146938323975,-0.12235761433839798,0.03610364720225334,-0.045226603746414185
;-84.05647277832031;-0.000006910410320415394,1.7916811145823885e-8,-0.0021338711958378553,-0.018122710287570953;3.6077679732571255e-10,0.22126100957393646,0.03412697836756706,-0.505358874797821;0.41338470578193665,-0.12236624956130981,0.036080501973629,-0.045227307826280594
;-84.0589599609375;-0.000006913464403623948,1.7887463954480154e-8,-0.002135632326826453,-0.018041957169771194;3.601902942573787e-10,0.22125275433063507,0.03395884484052658,-0.5048956871032715;0.4130277931690216,-0.12237488478422165,0.03605734184384346,-0.045228011906147
;-84.06143188476562;-0.000006916493020980852,1.785821623911943e-8,-0.0021373899653553963,-0.017961563542485237;3.596060116350941e-10,0.22124452888965607,0.03379158303141594,-0.5044323205947876;0.4126718044281006,-0.12238352000713348,0.03603416681289673,-0.045228712260723114
;-84.06390380859375;-0.000006919511179148685,1.782906799974171e-8,-0.002139145042747259,-0.01788153313100338;3.590244213036442e-10,0.22123630344867706,0.03362518548965454,-0.5039882659912109;0.4123166501522064,-0.12239187955856323,0.03601190820336342,-0.04522941634058952
;-84.06636810302734;-0.000006922463853697991,1.779995351114394e-8,-0.002140898024663329,-0.017801865935325623;3.584428309721943e-10,0.22122807800769806,0.03345952555537224,-0.5035442113876343;0.4119614362716675,-0.12240023165941238,0.03598964214324951,-0.045230112969875336
;-84.0688247680664;-0.0000069254456320777535,1.7771009552802752e-8,-0.0021426486782729626,-0.017722543329000473;3.5786518193248185e-10,0.22121988236904144,0.03329485282301903,-0.5030999183654785;0.41160818934440613,-0.12240859866142273,0.03596736118197441,-0.04523080959916115
;-84.07127380371094;-0.0000069283814809750766,1.7742102897955192e-8,-0.002144396537914872,-0.01764359138906002;3.572884765823403e-10,0.22121170163154602,0.03313090652227402,-0.5026556253433228;0.41125476360321045,-0.12241696566343307,0.03594507277011871,-0.04523150250315666
;-84.07371520996094;-0.000006931324151082663,1.7713363220650535e-8,-0.0021461432334035635,-0.01756497658789158;3.5671532394587757e-10,0.22120359539985657,0.032967932522296906,-0.5021918416023254;0.41090333461761475,-0.1224256083369255,0.03592183440923691,-0.045232195407152176
;-84.07615661621094;-0.0000069342254391813185,1.7684657294125827e-8,-0.0021478873677551746,-0.017486726865172386;3.561426153986247e-10,0.2211955040693283,0.0328056775033474,-0.5017473697662354;0.4105517268180847,-0.12243397533893585,0.03589952364563942,-0.04523288458585739
;-84.07858276367188;-0.0000069371094468806405,1.7656052619940965e-8,-0.0021496289409697056,-0.0174088217318058;3.555720717862698e-10,0.22118739783763885,0.03264426440000534,-0.5013027787208557;0.4102010428905487,-0.1224423348903656,0.03587719798088074,-0.04523357376456261
;-84.08100891113281;-0.0000069399729909491725,1.7627554527166467e-8,-0.002151368884369731,-0.017331266775727272;3.550037208643886e-10,0.22117936611175537,0.03248368948698044,-0.5008581876754761;0.4098512828350067,-0.12245070189237595,0.03585486114025116,-0.045234259217977524
;-84.08342742919922;-0.000006942789696040563,1.7599090185171917e-8,-0.0021531064994633198,-0.017254067584872246;3.5443628587650267e-10,0.22117125988006592,0.032323818653821945,-0.5004134178161621;0.40950140357017517,-0.12245908379554749,0.03583251312375069,-0.04523494467139244
;-84.0858383178711;-0.000006945621407794533,1.757079459707711e-8,-0.0021548420190811157,-0.017177201807498932;3.5387237584671993e-10,0.2211632877588272,0.03216490522027016,-0.49996858835220337;0.40915346145629883,-0.12246745824813843,0.03581015393137932,-0.04523562639951706
;-84.08824920654297;-0.000006948402187845204,1.7542530983405413e-8,-0.002156575210392475,-0.017100689932703972;3.533088543949958e-10,0.22115525603294373,0.03200669586658478,-0.49952375888824463;0.40880537033081055,-0.12247583270072937,0.035787783563137054,-0.04523630812764168
;-84.09064483642578;-0.000006951177965675015,1.751437395114408e-8,-0.0021583058405667543,-0.01702452078461647;3.527474978781697e-10,0.22114725410938263,0.03184930607676506,-0.49907875061035156;0.40845823287963867,-0.12248421460390091,0.0357653982937336,-0.045236989855766296
;-84.0930404663086;-0.0000069539273681584746,1.7486318171222592e-8,-0.0021600346080958843,-0.016948683187365532;3.5218833405181726e-10,0.22113929688930511,0.03169272840023041,-0.4986337423324585;0.4081120193004608,-0.12249259650707245,0.03574300557374954,-0.045237667858600616
;-84.0954360961914;-0.000006956644938327372,1.7458296142081053e-8,-0.0021617605816572905,-0.016873199492692947;3.5162961431467465e-10,0.2211313396692276,0.031536851078271866,-0.4981886148452759;0.40776562690734863,-0.12250097841024399,0.03572060167789459,-0.045238345861434937
;-84.09781646728516;-0.000006959340225876076,1.74303771416362e-8,-0.0021634844597429037,-0.016798054799437523;3.5107305951243006e-10,0.22112344205379486,0.03138177841901779,-0.4977434575557709;0.40742015838623047,-0.12250937521457672,0.03569818288087845,-0.04523902013897896
;-84.1001968383789;-0.000006962015504541341,1.740256116988803e-8,-0.0021652060095220804,-0.01672324538230896;3.5051819780029803e-10,0.22111551463603973,0.031227514147758484,-0.4972982108592987;0.40707558393478394,-0.12251776456832886,0.03567575663328171,-0.04523969441652298
;-84.10257720947266;-0.000006964654858165886,1.7374775396206132e-8,-0.002166925696656108,-0.016648778691887856;3.4996419651101007e-10,0.221107617020607,0.031073931604623795,-0.4968528151512146;0.4067308306694031,-0.12252616137266159,0.03565331548452377,-0.0452403649687767
;-84.10494995117188;-0.000006967232366150711,1.7347025149661022e-8,-0.0021686425898224115,-0.01657465472817421;3.4941058379978074e-10,0.22109971940517426,0.030921034514904022,-0.4964075982570648;0.4063859283924103,-0.12253456562757492,0.03563086315989494,-0.045241039246320724
;-84.10731506347656;-0.000006969846253923606,1.7319441880658815e-8,-0.002170356223359704,-0.016500849276781082;3.4886094013586444e-10,0.22109189629554749,0.030769050121307373,-0.49596208333969116;0.4060431718826294,-0.12254296988248825,0.035608403384685516,-0.045241713523864746
;-84.10968017578125;-0.000006972401024540886,1.7291892362436556e-8,-0.0021720677614212036,-0.016427388414740562;3.4831168505000676e-10,0.22108404338359833,0.030617738142609596,-0.4955165386199951;0.40570011734962463,-0.12255137413740158,0.035585928708314896,-0.04524238035082817
;-84.11204528808594;-0.0000069749194153700955,1.7264378371351086e-8,-0.002173776039853692,-0.016354264691472054;3.477627907866321e-10,0.2210761457681656,0.030467098578810692,-0.49507108330726624;0.40535688400268555,-0.12255978584289551,0.03556344285607338,-0.045243047177791595
;-84.1144027709961;-0.00000697737914379104,1.7236898131045564e-8,-0.0021754817571491003,-0.01628146879374981;3.472142573457404e-10,0.22106829285621643,0.03031713142991066,-0.4946254789829254;0.4050135612487793,-0.12256820499897003,0.03554094582796097,-0.04524371773004532
;-84.11675262451172;-0.0000069798720687686,1.7209581315569267e-8,-0.002177185146138072,-0.016208995133638382;3.4666927661852753e-10,0.22106049954891205,0.030168060213327408,-0.49417975544929504;0.40467217564582825,-0.12257661670446396,0.03551844134926796,-0.045244380831718445
;-84.11910247802734;-0.000006982319519011071,1.7182300027229758e-8,-0.002178886206820607,-0.016136853024363518;3.461250730474319e-10,0.22105272114276886,0.030019652098417282,-0.4937340021133423;0.40433067083358765,-0.12258504331111908,0.03549591824412346,-0.04524504393339157
;-84.12145233154297;-0.0000069847083068452775,1.715504893695652e-8,-0.002180584706366062,-0.016065042465925217;3.455812858099705e-10,0.22104491293430328,0.029871903359889984,-0.49328818917274475;0.4039890170097351,-0.1225934699177742,0.03547338768839836,-0.0452457070350647
;-84.1238021850586;-0.000006987068900343729,1.7127831597463228e-8,-0.002182279247790575,-0.01599356345832348;3.4503780388384087e-10,0.2210370898246765,0.029724813997745514,-0.492842435836792;0.40364721417427063,-0.12260191142559052,0.03545084595680237,-0.04524637758731842
;-84.12613677978516;-0.000006989404482737882,1.7100710181239265e-8,-0.0021839714609086514,-0.01592239923775196;3.4449648689260925e-10,0.2210293710231781,0.029578490182757378,-0.4923965334892273;0.403306245803833,-0.12261034548282623,0.03542829304933548,-0.04524703696370125
;-84.12847137451172;-0.000006991739155637333,1.7073688240998308e-8,-0.0021856611128896475,-0.01585155539214611;3.439568907470658e-10,0.2210216075181961,0.029432935640215874,-0.4919505715370178;0.40296638011932373,-0.12261877954006195,0.035405728965997696,-0.045247696340084076
;-84.13080596923828;-0.000006994028353801696,1.704669649882362e-8,-0.002187347738072276,-0.015781037509441376;3.4341815502436646e-10,0.22101382911205292,0.029288029298186302,-0.49150457978248596;0.4026262164115906,-0.12262722849845886,0.03538314625620842,-0.045248355716466904
;-84.13314056396484;-0.000006996257980063092,1.7019738507428883e-8,-0.0021890318021178246,-0.01571083627641201;3.4287972461299887e-10,0.2210060954093933,0.029143763706088066,-0.4910585284233093;0.4022858440876007,-0.12263568490743637,0.035360559821128845,-0.04524901509284973
;-84.1354751586914;-0.000006998461685725488,1.6992810714100415e-8,-0.0021907121408730745,-0.01564095728099346;3.4234123869048005e-10,0.22099830210208893,0.029000146314501762,-0.4906124472618103;0.40194541215896606,-0.12264414131641388,0.035337962210178375,-0.04524967819452286
;-84.13780975341797;-0.000007000619916652795,1.6965913118838216e-8,-0.002192389452829957,-0.015571401454508305;3.418035854352297e-10,0.22099052369594574,0.028857167810201645,-0.4901663362979889;0.4016047418117523,-0.12265260517597198,0.03531534597277641,-0.045250341296195984
;-84.14013671875;-0.000007002731763350312,1.6939043945285448e-8,-0.002194063039496541,-0.01550216507166624;3.4126626524688675e-10,0.22098276019096375,0.028714830055832863,-0.48972025513648987;0.401263952255249,-0.12266106903553009,0.035292722284793854,-0.04525100067257881
;-84.1424560546875;-0.000007004866802162724,1.6912334643848226e-8,-0.002195734530687332,-0.015433226712048054;3.4073244226107136e-10,0.22097499668598175,0.028573350980877876,-0.4892740547657013;0.4009252190589905,-0.12266954034566879,0.0352700874209404,-0.04525166004896164
;-84.144775390625;-0.000007006956366240047,1.6885657316834113e-8,-0.0021974036935716867,-0.01536460593342781;3.401994241869488e-10,0.22096729278564453,0.02843250147998333,-0.48882773518562317;0.40058624744415283,-0.1226780116558075,0.03524744138121605,-0.04525231570005417
;-84.1470947265625;-0.00000700899454386672,1.685900841152943e-8,-0.0021990700624883175,-0.01529629621654749;3.3966673917973367e-10,0.22095957398414612,0.028292281553149223,-0.48838138580322266;0.40024712681770325,-0.12268649786710739,0.035224784165620804,-0.045252975076436996
;-84.1494140625;-0.000007011002708168235,1.6832387927934178e-8,-0.0022007327061146498,-0.015228303149342537;3.3913397090579167e-10,0.2209518402814865,0.028152691200375557,-0.48793503642082214;0.39990782737731934,-0.12269497662782669,0.03520211577415466,-0.04525362700223923
;-84.1517333984375;-0.00000701296494298731,1.6805799418762035e-8,-0.0022023923229426146,-0.015160619281232357;3.3860206305469376e-10,0.2209440916776657,0.028013722971081734,-0.48750799894332886;0.3995684087276459,-0.1227031797170639,0.03518037497997284,-0.04525428265333176
;-84.154052734375;-0.000007014890798018314,1.6779237554942483e-8,-0.002204048214480281,-0.015093249268829823;3.3807048827050323e-10,0.2209363579750061,0.027875380590558052,-0.48706158995628357;0.3992287516593933,-0.122711680829525,0.035157687962055206,-0.045254942029714584
;-84.15635681152344;-0.0000070168071033549495,1.675276628532174e-8,-0.0022057013120502234,-0.015026180073618889;3.3754055106527403e-10,0.22092866897583008,0.027737759053707123,-0.48665380477905273;0.39889007806777954,-0.12271958589553833,0.0351368747651577,-0.045255597680807114
;-84.15866088867188;-0.000007018712040007813,1.6726392715327165e-8,-0.0022073527798056602,-0.014959411695599556;3.370132228841527e-10,0.22092099487781525,0.027600863948464394,-0.48622649908065796;0.3985523283481598,-0.12272778898477554,0.03511510789394379,-0.04525625333189964
;-84.16095733642578;-0.0000070205778683885,1.670004756704202e-8,-0.0022090014535933733,-0.014892948791384697;3.364858114363045e-10,0.22091330587863922,0.02746458165347576,-0.48579925298690796;0.3982144892215729,-0.12273599952459335,0.03509332984685898,-0.045256901532411575
;-84.16324615478516;-0.000007022463705652626,1.667386051451558e-8,-0.0022106480319052935,-0.01482677087187767;3.3596267434710114e-10,0.22090564668178558,0.02732912264764309,-0.48539119958877563;0.39787861704826355,-0.12274391204118729,0.035072486847639084,-0.045257553458213806
;-84.16552734375;-0.000007024304522929015,1.6647701883698574e-8,-0.002212292281910777,-0.014760901220142841;3.3543950950232215e-10,0.22089806199073792,0.02719426527619362,-0.48498305678367615;0.3975425958633423,-0.12275182455778122,0.03505163639783859,-0.04525819793343544
;-84.16780090332031;-0.000007026176717772614,1.662170312499711e-8,-0.002213935600593686,-0.014695314690470695;3.3492059126061235e-10,0.22089050710201263,0.02706022560596466,-0.4845748245716095;0.39720866084098816,-0.12275973707437515,0.035030774772167206,-0.045258842408657074
;-84.17007446289062;-0.000007028004802123178,1.659573456436192e-8,-0.0022155765909701586,-0.0146300308406353;3.344015897521757e-10,0.22088293731212616,0.026926785707473755,-0.48416656255722046;0.39687463641166687,-0.12276764959096909,0.035009901970624924,-0.04525948688387871
;-84.17233276367188;-0.000007029833795968443,1.6569861926996055e-8,-0.0022172164171934128,-0.014565039426088333;3.338851695122713e-10,0.22087538242340088,0.026794040575623512,-0.48375821113586426;0.39654141664505005,-0.12277556955814362,0.034989021718502045,-0.04526012763381004
;-84.17459106445312;-0.000007031645054667024,1.6544083436542678e-8,-0.0022188539151102304,-0.014500337652862072;3.3337035909575263e-10,0.2208678424358368,0.02666199579834938,-0.4833497703075409;0.3962092697620392,-0.12278349697589874,0.03496812656521797,-0.04526076465845108
;-84.17683410644531;-0.00000703345403962885,1.651840086935863e-8,-0.002220490016043186,-0.014435923658311367;3.3285765810298074e-10,0.22086036205291748,0.02653064765036106,-0.48294126987457275;0.3958780765533447,-0.12279140949249268,0.0349472276866436,-0.04526140168309212
;-84.1790771484375;-0.000007035267117316835,1.6492814225443908e-8,-0.0022221249528229237,-0.014371799305081367;3.323475106231655e-10,0.22085288166999817,0.02639998495578766,-0.4825326204299927;0.3955478072166443,-0.1227993294596672,0.03492632135748863,-0.04526204243302345
;-84.18131256103516;-0.0000070370219873439055,1.6467257779595457e-8,-0.002223758026957512,-0.014307966455817223;3.3183722436547214e-10,0.22084544599056244,0.026269908994436264,-0.4821239709854126;0.39521729946136475,-0.12280725687742233,0.03490539640188217,-0.04526267200708389
;-84.18354034423828;-0.000007038817784632556,1.644186298221939e-8,-0.0022253890056163073,-0.014244412072002888;3.3133076837721376e-10,0.2208380103111267,0.026140620931982994,-0.48171523213386536;0.3948889672756195,-0.12281518429517746,0.03488446772098541,-0.04526330530643463
;-84.1857681274414;-0.000007040562195470557,1.6416500159266434e-8,-0.002227019052952528,-0.014181147329509258;3.308246732114384e-10,0.22083060443401337,0.026011908426880836,-0.48130640387535095;0.39456045627593994,-0.12282310426235199,0.03486352786421776,-0.04526393488049507
;-84.18798828125;-0.0000070422806857095566,1.6391165758022908e-8,-0.0022286460734903812,-0.014118174090981483;3.303188833569948e-10,0.22082316875457764,0.02588377147912979,-0.48089757561683655;0.39423173666000366,-0.12283104658126831,0.03484257683157921,-0.04526456817984581
;-84.19020080566406;-0.000007044024187052855,1.6365994781608606e-8,-0.0022302716970443726,-0.014055474661290646;3.29817367861196e-10,0.22081583738327026,0.025756409391760826,-0.4804885983467102;0.3939051330089569,-0.12283897399902344,0.03482161834836006,-0.04526519030332565
;-84.19241333007812;-0.000007045716301945504,1.6340852226903735e-8,-0.0022318954579532146,-0.013993063010275364;3.2931576909867033e-10,0.2208084911108017,0.025629619136452675,-0.48007965087890625;0.3935783803462982,-0.12284690886735916,0.03480064496397972,-0.04526581987738609
;-84.19462585449219;-0.0000070473797677550465,1.6315741646621973e-8,-0.00223351689055562,-0.013930941000580788;3.2881444789190084e-10,0.22080114483833313,0.02550339139997959,-0.47967061400413513;0.3932514786720276,-0.12285484373569489,0.03477967157959938,-0.045266442000865936
;-84.19682312011719;-0.000007049031410133466,1.629072343689586e-8,-0.0022351357620209455,-0.013869094662368298;3.2831526386445375e-10,0.22079379856586456,0.02537783421576023,-0.47926148772239685;0.39292556047439575,-0.1228627935051918,0.03475867956876755,-0.04526706784963608
;-84.19902038574219;-0.000007050683052511886,1.6265799374082235e-8,-0.002236752538010478,-0.013807525858283043;3.27818078238451e-10,0.22078648209571838,0.0252529326826334,-0.4788523018360138;0.3926005959510803,-0.12287073582410812,0.03473768010735512,-0.04526768997311592
;-84.20121765136719;-0.000007052299679344287,1.624090550933488e-8,-0.0022383672185242176,-0.013746238313615322;3.2732119792378e-10,0.2207791656255722,0.025128595530986786,-0.47844305634498596;0.39227545261383057,-0.12287868559360504,0.03471666947007179,-0.045268312096595764
;-84.20341491699219;-0.000007053873105178354,1.6216038289940116e-8,-0.002239979337900877,-0.013685233891010284;3.2682470618716764e-10,0.2207718938589096,0.02500481717288494,-0.47803381085395813;0.3919500708580017,-0.12288664281368256,0.03469565138220787,-0.04526893422007561
;-84.20559692382812;-0.000007055433343339246,1.619126699381468e-8,-0.0022415893618017435,-0.013624496757984161;3.263302406075752e-10,0.22076459228992462,0.02488168515264988,-0.47762447595596313;0.3916257619857788,-0.12289460003376007,0.03467462211847305,-0.045269548892974854
;-84.20777893066406;-0.0000070570004027104005,1.616658984460173e-8,-0.00224319682456553,-0.013564037159085274;3.2583782894057833e-10,0.2207573652267456,0.024759210646152496,-0.47721511125564575;0.3913023769855499,-0.12290254980325699,0.03465358167886734,-0.0452701710164547
;-84.2099609375;-0.000007058530172798783,1.6141941117098213e-8,-0.002244803123176098,-0.013503851369023323;3.2534575034048885e-10,0.22075004875659943,0.02463728003203869,-0.4768056273460388;0.3909788429737091,-0.1229105219244957,0.03463253378868103,-0.04527078568935394
;-84.21214294433594;-0.0000070600162871414796,1.6117322587660965e-8,-0.0022464056964963675,-0.013443942181766033;3.248539215405799e-10,0.2207428216934204,0.024515897035598755,-0.4763961732387543;0.39065513014793396,-0.12291848659515381,0.034611474722623825,-0.04527140408754349
;-84.21431732177734;-0.000007061469204927562,1.609272892721947e-8,-0.002248005708679557,-0.013384305872023106;3.2436245356315396e-10,0.220735564827919,0.024395059794187546,-0.47598668932914734;0.39033132791519165,-0.12292645871639252,0.034590404480695724,-0.04527202248573303
;-84.21648406982422;-0.000007062950317049399,1.606829336253668e-8,-0.002249603858217597,-0.01332493033260107;3.2387478809958736e-10,0.22072836756706238,0.02427496202290058,-0.47557708621025085;0.3900095522403717,-0.12293443083763123,0.03456932678818703,-0.04527263343334198
;-84.2186508178711;-0.000007064395049383165,1.604388799592016e-8,-0.002251200145110488,-0.013265827670693398;3.233874001917769e-10,0.22072118520736694,0.024155398830771446,-0.4751673936843872;0.3896876573562622,-0.12294240295886993,0.034548237919807434,-0.04527324438095093
;-84.22081756591797;-0.000007065801582939457,1.601950927465623e-8,-0.0022527938708662987,-0.013206997886300087;3.2290031759529825e-10,0.22071398794651031,0.02403637208044529,-0.47475773096084595;0.38936561346054077,-0.12295038998126984,0.034527137875556946,-0.045273859053850174
;-84.22298431396484;-0.000007067170827212976,1.5995155422388052e-8,-0.0022543850354850292,-0.013148434460163116;3.224135958213026e-10,0.2207067757844925,0.02391788177192211,-0.4743480980396271;0.389043390750885,-0.12295837700366974,0.03450603038072586,-0.04527447000145912
;-84.22515106201172;-0.000007068502782203723,1.5970831768186144e-8,-0.0022559731733053923,-0.013090142980217934;3.2192712384748745e-10,0.22069956362247467,0.023799922317266464,-0.47393834590911865;0.38872095942497253,-0.12296637147665024,0.03448491171002388,-0.04527508467435837
;-84.22730255126953;-0.000007069823823258048,1.5946596931826207e-8,-0.0022575585171580315,-0.013032113201916218;3.214427335418435e-10,0.22069241106510162,0.023682592436671257,-0.47352859377861023;0.3883996307849884,-0.12297436594963074,0.0344637855887413,-0.045275695621967316
;-84.22945404052734;-0.000007071151685522636,1.592245268966508e-8,-0.0022591419983655214,-0.012974338605999947;3.2096034163764386e-10,0.22068524360656738,0.023565882816910744,-0.4731186330318451;0.38807913661003113,-0.12298236042261124,0.03444264456629753,-0.045276302844285965
;-84.23160552978516;-0.000007072454536682926,1.589833864557022e-8,-0.002260723616927862,-0.01291683129966259;3.20478255044776e-10,0.22067810595035553,0.023449696600437164,-0.47272804379463196;0.3877585828304291,-0.12299005687236786,0.034422457218170166,-0.04527691379189491
;-84.23375701904297;-0.000007073706001392566,1.5874247694114274e-8,-0.0022623019758611917,-0.01285958755761385;3.199960851851813e-10,0.2206709384918213,0.02333403006196022,-0.4723374843597412;0.3874378204345703,-0.12299776077270508,0.034402258694171906,-0.04527752101421356
;-84.23589324951172;-0.000007074950644891942,1.5850245560500298e-8,-0.0022638775408267975,-0.012802600860595703;3.1951633006066515e-10,0.22066384553909302,0.02321898378431797,-0.4719274640083313;0.38711804151535034,-0.12300576269626617,0.034381091594696045,-0.04527812451124191
;-84.23802947998047;-0.000007076210749801248,1.582633757379881e-8,-0.0022654514759778976,-0.012745867483317852;3.1903862884874457e-10,0.22065672278404236,0.02310454286634922,-0.47153666615486145;0.38679933547973633,-0.1230134665966034,0.03436087816953659,-0.04527873173356056
;-84.24016571044922;-0.000007077424470480764,1.5802456232449913e-8,-0.0022670235484838486,-0.012689394876360893;3.1856120519258013e-10,0.2206496298313141,0.022990617901086807,-0.47116535902023315;0.38648033142089844,-0.12302086502313614,0.03434161841869354,-0.04527933523058891
;-84.2422866821289;-0.000007078642283886438,1.5778663708942986e-8,-0.0022685930598527193,-0.012633174657821655;3.1808577993786e-10,0.2206425815820694,0.022877296432852745,-0.47077444195747375;0.3861624002456665,-0.12302857637405396,0.034321386367082596,-0.045279935002326965
;-84.2444076538086;-0.0000070798510023450945,1.575496177963487e-8,-0.0022701614070683718,-0.012577208690345287;3.1761199226210124e-10,0.2206355631351471,0.022764580324292183,-0.47036412358283997;0.38584545254707336,-0.12303659319877625,0.03430017828941345,-0.045280538499355316
;-84.24652862548828;-0.000007081021976773627,1.5731286495679342e-8,-0.002271727193146944,-0.012521496042609215;3.1713889847573284e-10,0.22062842547893524,0.02265237085521221,-0.46995383501052856;0.3855282962322235,-0.12304461747407913,0.03427895903587341,-0.04528113454580307
;-84.24864959716797;-0.0000070821702138346154,1.5707634304362728e-8,-0.0022732913494110107,-0.01246604323387146;3.1666613775627184e-10,0.22062145173549652,0.022540664300322533,-0.4695435166358948;0.3852110207080841,-0.12305264919996262,0.03425773233175278,-0.04528173804283142
;-84.25077056884766;-0.000007083272521413164,1.5684008758398704e-8,-0.002274851780384779,-0.012410841882228851;3.1619362683699137e-10,0.22061437368392944,0.022429460659623146,-0.4691525101661682;0.384893536567688,-0.12306036800146103,0.034237466752529144,-0.045282334089279175
;-84.25289154052734;-0.000007084343906171853,1.5660406305073593e-8,-0.002276409650221467,-0.012355893850326538;3.1572100489540844e-10,0.22060738503932953,0.022318758070468903,-0.46876150369644165;0.38457590341567993,-0.12306810170412064,0.03421718627214432,-0.04528293386101723
;-84.25499725341797;-0.000007085416200425243,1.5636892669590452e-8,-0.002277965424582362,-0.012301191687583923;3.152508254444797e-10,0.22060035169124603,0.022208649665117264,-0.4683510363101959;0.38425934314727783,-0.12307614088058472,0.034195929765701294,-0.04528352990746498
;-84.2571029663086;-0.000007086496225383598,1.561347140466296e-8,-0.002279519336298108,-0.012246732600033283;3.1478261663941964e-10,0.22059336304664612,0.022099126130342484,-0.46797919273376465;0.38394370675086975,-0.12308356165885925,0.03417659550905228,-0.045284125953912735
;-84.25920867919922;-0.0000070875230449019,1.559007145601754e-8,-0.002281071152538061,-0.012192525900900364;3.1431429681205714e-10,0.22058634459972382,0.02199009619653225,-0.4676073491573334;0.38362792134284973,-0.12309098988771439,0.03415725380182266,-0.04528471827507019
;-84.26129913330078;-0.000007088561233103974,1.556676387792777e-8,-0.002282621106132865,-0.012138561345636845;3.138484194753488e-10,0.22057940065860748,0.021881647408008575,-0.46723541617393494;0.3833131492137909,-0.12309842556715012,0.03413790464401245,-0.04528531804680824
;-84.26338958740234;-0.000007089602149790153,1.554354156496629e-8,-0.002284169662743807,-0.012084834277629852;3.133845405400848e-10,0.22057245671749115,0.021773772314190865,-0.4668634533882141;0.38299933075904846,-0.12310585379600525,0.03411854803562164,-0.0452859066426754
;-84.26546478271484;-0.000007090638519002823,1.55204133989173e-8,-0.002285715891048312,-0.01203134935349226;3.1292218816147965e-10,0.2205655425786972,0.021666470915079117,-0.46649131178855896;0.3826864957809448,-0.12311327457427979,0.03409918397665024,-0.04528649523854256
;-84.26753997802734;-0.000007091678980941651,1.5497374050710278e-8,-0.002287261188030243,-0.011978098191320896;3.124622782735287e-10,0.22055867314338684,0.02155974507331848,-0.4661191999912262;0.38237470388412476,-0.12312071025371552,0.034079812467098236,-0.045287080109119415
;-84.26960754394531;-0.000007092673968145391,1.5474359571499008e-8,-0.002288805553689599,-0.011925095692276955;3.1200222960769963e-10,0.2205517739057541,0.021453501656651497,-0.46574699878692627;0.3820626735687256,-0.12312814593315125,0.03406042605638504,-0.045287664979696274
;-84.27166748046875;-0.000007093713975336868,1.5451501411689605e-8,-0.0022903485223650932,-0.011872323229908943;3.115462610114861e-10,0.2205449491739273,0.021347910165786743,-0.46537473797798157;0.3817528784275055,-0.12313557416200638,0.034041035920381546,-0.045288246124982834
