voltage;INa,Ito,ICaL,IKs;IpK, INaK, IKr, INaCa;IK1, IbCa, IpCa, IbNa
undefined;6.64271354675293;-4.715481651154749e-16,0.011386272497475147,-0.9872288107872009,0.3399486541748047;0.06026970595121384,0.3819209635257721,0.1961171180009842,-0.07471276819705963;0.012717763893306255,-0.062044572085142136,0.060309216380119324,-0.018959885463118553
;6.607215404510498;-4.807093558356222e-16,0.011396772228181362,-0.9868077039718628,0.3405550718307495;0.05990661308169365,0.3819027841091156,0.1964319944381714,-0.07473822683095932;0.01275802031159401,-0.062073737382888794,0.06027717515826225,-0.018970174714922905
;6.571565628051758;-4.900887104792467e-16,0.01140734925866127,-0.9863844513893127,0.34116116166114807;0.059544093906879425,0.38188454508781433,0.1967475712299347,-0.07475749403238297;0.012798577547073364,-0.06210324540734291,0.060244135558605194,-0.018980510532855988
;6.535763740539551;-4.996919465187423e-16,0.011417998932301998,-0.9859591722488403,0.3417665362358093;0.05918212607502937,0.3818661868572235,0.19706377387046814,-0.07477762550115585;0.012839443981647491,-0.062132854014635086,0.06021105498075485,-0.018990887328982353
;6.499809265136719;-5.095244637891478e-16,0.01142872404307127,-0.9855319857597351,0.34237101674079895;0.05882071331143379,0.38184767961502075,0.1973806619644165,-0.07480199635028839;0.01288061123341322,-0.062162429094314575,0.06017842888832092,-0.01900130696594715
;6.463703155517578;-5.195933561913965e-16,0.011439526453614235,-0.9851025938987732,0.3429749310016632;0.05845991522073746,0.38182923197746277,0.1976982206106186,-0.07483068853616714;0.012922078371047974,-0.06219198554754257,0.060146257281303406,-0.01901177503168583
;6.4274444580078125;-5.299045529561191e-16,0.011450404301285744,-0.9846709966659546,0.34357815980911255;0.05809972435235977,0.3818105459213257,0.19801640510559082,-0.07485674321651459;0.012963860295712948,-0.06222176179289818,0.0601135715842247,-0.01902228407561779
;6.391033172607422;-5.4046525386336735e-16,0.011461354792118073,-0.9842374324798584,0.3441804051399231;0.05774013325572014,0.381791889667511,0.19833530485630035,-0.07488354295492172;0.013005941174924374,-0.06225163862109184,0.06008084490895271,-0.019032839685678482
;6.354469299316406;-5.512807528690615e-16,0.01147238165140152,-0.9838019609451294,0.344782292842865;0.05738117918372154,0.38177305459976196,0.1986548751592636,-0.07491467148065567;0.013048351742327213,-0.062281493097543716,0.06004856899380684,-0.019043438136577606
;6.317752838134766;-5.623596261817925e-16,0.011483481153845787,-0.9833641648292542,0.34538301825523376;0.05702289938926697,0.38175415992736816,0.19897517561912537,-0.07494662702083588;0.013091059401631355,-0.06231144443154335,0.060016267001628876,-0.019054081290960312
;6.280882835388184;-5.737081736091056e-16,0.011494655162096024,-0.9829244613647461,0.34598308801651;0.056665245443582535,0.38173508644104004,0.19929613173007965,-0.07497936487197876;0.01313408836722374,-0.062341492623090744,0.059983935207128525,-0.01906476728618145
;6.243859767913818;-5.853338596288485e-16,0.011505904607474804,-0.9824826717376709,0.3465828597545624;0.05630828067660332,0.3817160129547119,0.19961783289909363,-0.07501291483640671;0.013177436776459217,-0.062371645122766495,0.05995156243443489,-0.01907549984753132
;6.206683158874512;-5.972445722353425e-16,0.01151722576469183,-0.9820384979248047,0.3471817076206207;0.055952005088329315,0.381696879863739,0.19994020462036133,-0.07504729181528091;0.013221104629337788,-0.062401894479990005,0.05991915985941887,-0.01908627524971962
;6.1693525314331055;-6.09447987664672e-16,0.0115286223590374,-0.9815927743911743,0.34777969121932983;0.055596426129341125,0.3816775679588318,0.20026329159736633,-0.07508247345685959;0.013265104033052921,-0.062432244420051575,0.05988672748208046,-0.01909709721803665
;6.1318678855896;-6.219519939111584e-16,0.011540093459188938,-0.9811449646949768,0.3483767807483673;0.05524154007434845,0.38165825605392456,0.20058713853359222,-0.07511846721172333;0.013309424743056297,-0.062462691217660904,0.059854261577129364,-0.019107962027192116
;6.094228744506836;-6.347646377878006e-16,0.011551638133823872,-0.9806950688362122,0.3489733040332794;0.05488738417625427,0.3816387355327606,0.20091165602207184,-0.07515527307987213;0.013354082591831684,-0.06249324232339859,0.059821758419275284,-0.01911887153983116
;6.0564351081848145;-6.478949719592223e-16,0.0115632563829422,-0.9802429676055908,0.34956902265548706;0.054533977061510086,0.3816192150115967,0.20123694837093353,-0.07519291341304779;0.013399060815572739,-0.06252389401197433,0.059789225459098816,-0.01912982575595379
;6.018486976623535;-6.613518373318106e-16,0.011574947275221348,-0.9797888398170471,0.35016384720802307;0.0541812926530838,0.3815996050834656,0.20156295597553253,-0.07523132115602493;0.013444378040730953,-0.06255464255809784,0.05975665897130966,-0.019140826538205147
;5.980383396148682;-6.751449218448996e-16,0.01158671174198389,-0.9793325662612915,0.3507576584815979;0.053829390555620193,0.38157981634140015,0.20188967883586884,-0.0752706229686737;0.013490037061274052,-0.0625854879617691,0.05972406268119812,-0.019151872023940086
;5.942124366760254;-6.892823781906067e-16,0.011598549783229828,-0.9788742065429688,0.351351261138916;0.05347824841737747,0.3815600275993347,0.20221717655658722,-0.07531067728996277;0.013536032289266586,-0.06261644512414932,0.05969143286347389,-0.019162962213158607
;5.903709411621094;-7.037751119181278e-16,0.01161046139895916,-0.9784138798713684,0.3519439995288849;0.05312788113951683,0.3815400302410126,0.2025454044342041,-0.07535155117511749;0.013582367449998856,-0.0626474916934967,0.05965875834226608,-0.01917409710586071
;5.865138053894043;-7.186324933294418e-16,0.011622445657849312,-0.9779514670372009,0.3525359332561493;0.05277830734848976,0.38152000308036804,0.20287440717220306,-0.07539325207471848;0.013629045337438583,-0.06267864257097244,0.05962606519460678,-0.019185276702046394
;5.82641077041626;-7.338647397594751e-16,0.011634502559900284,-0.977487325668335,0.3531271815299988;0.05242954194545746,0.38149985671043396,0.2032041698694229,-0.07543578743934631;0.013676078990101814,-0.06270990520715714,0.059593331068754196,-0.01919650100171566
;5.787526607513428;-7.494825449991867e-16,0.011646633967757225,-0.9770210385322571,0.3537174165248871;0.05208159238100052,0.3814796507358551,0.20353472232818604,-0.07547911256551743;0.013723459094762802,-0.0627412497997284,0.059560563415288925,-0.019207773730158806
;5.748485565185547;-7.654970263560094e-16,0.011658837087452412,-0.9765524864196777,0.35430651903152466;0.05173445865511894,0.3814592957496643,0.20386600494384766,-0.07552329450845718;0.01377120055258274,-0.0627727136015892,0.05952776223421097,-0.019219089299440384
;5.709287166595459;-7.819200422912046e-16,0.011671114712953568,-0.9760818481445312,0.3548954129219055;0.051388178020715714,0.38143885135650635,0.20419807732105255,-0.07556827366352081;0.013819284737110138,-0.06280427426099777,0.059494927525520325,-0.019230451434850693
;5.669931411743164;-7.987622336561723e-16,0.011683464981615543,-0.975609302520752,0.35548341274261475;0.05104272440075874,0.381418377161026,0.20453092455863953,-0.0756140872836113;0.013867739588022232,-0.0628359317779541,0.05946206673979759,-0.019241858273744583
;5.630417346954346;-8.160364118242397e-16,0.01169588603079319,-0.9751346707344055,0.3560704290866852;0.05069815367460251,0.38139772415161133,0.20486456155776978,-0.07566064596176147;0.013916559517383575,-0.06286770105361938,0.05942916497588158,-0.019253311678767204
;5.59074592590332;-8.337544352566683e-16,0.011708380654454231,-0.9746580123901367,0.3566564917564392;0.05035443231463432,0.3813770115375519,0.2051989883184433,-0.0757116973400116;0.013965743593871593,-0.06289944052696228,0.05939673259854317,-0.019264809787273407
;5.550917148590088;-8.519285329916342e-16,0.011720949783921242,-0.9741795063018799,0.3572421669960022;0.05001159757375717,0.3813561499118805,0.2055342197418213,-0.07576704770326614;0.014015289023518562,-0.06293115019798279,0.059364769607782364,-0.01927635632455349
;5.510930061340332;-8.705727869518854e-16,0.011733591556549072,-0.9736990928649902,0.35782718658447266;0.04966967925429344,0.38133522868156433,0.20587030053138733,-0.07581969350576401;0.014065203256905079,-0.0629630982875824,0.05933227017521858,-0.019287947565317154
;5.470784664154053;-8.897004320272228e-16,0.011746306903660297,-0.9732163548469543,0.3584109842777252;0.04932866618037224,0.3813142478466034,0.20620720088481903,-0.07587670534849167;0.014115497469902039,-0.06299500912427902,0.05930023640394211,-0.01929958164691925
;5.43048095703125;-9.093250207448025e-16,0.011759095825254917,-0.972731351852417,0.35899415612220764;0.04898856580257416,0.38129308819770813,0.20654486119747162,-0.07593459635972977;0.01416616328060627,-0.063027024269104,0.05926816910505295,-0.019311264157295227
;5.390018939971924;-9.294612173625237e-16,0.011771958321332932,-0.9722446203231812,0.35957610607147217;0.04864941164851189,0.3812718689441681,0.20688340067863464,-0.07599329203367233;0.014217210002243519,-0.06305915117263794,0.0592360757291317,-0.019322993233799934
;5.349398136138916;-9.50123950836082e-16,0.011784895323216915,-0.9717559814453125,0.36015745997428894;0.04831117019057274,0.38125061988830566,0.20722277462482452,-0.07605280727148056;0.014268633909523487,-0.06309136748313904,0.059203945100307465,-0.019334768876433372
;5.308618068695068;-9.71329844187067e-16,0.011797904036939144,-0.9712650775909424,0.36073774099349976;0.047973912209272385,0.38122913241386414,0.20756298303604126,-0.07611317187547684;0.01432045828551054,-0.06312370300292969,0.05917178466916084,-0.019346587359905243
;5.267678737640381;-9.93091708788806e-16,0.011810983531177044,-0.9707723259925842,0.3613177537918091;0.047637585550546646,0.3812076151371002,0.20790401101112366,-0.07617433369159698;0.014372670091688633,-0.0631561279296875,0.059139594435691833,-0.019358456134796143
;5.226579189300537;-1.0154294499155597e-15,0.011824140325188637,-0.9702777862548828,0.3618968725204468;0.047302257269620895,0.38118600845336914,0.2082459032535553,-0.07623633742332458;0.014425256289541721,-0.06318866461515427,0.05910737067461014,-0.019370367750525475
;5.185319423675537;-1.0383565142153654e-15,0.01183736976236105,-0.9697808623313904,0.3624747693538666;0.04696788638830185,0.38116419315338135,0.20858865976333618,-0.07629919797182083;0.014478251338005066,-0.06322129815816879,0.059075117111206055,-0.019382325932383537
;5.143898963928223;-1.0618936539954311e-15,0.011850670911371708,-0.9692822098731995,0.3630521595478058;0.04663452133536339,0.38114240765571594,0.2089322805404663,-0.07636290043592453;0.01453164592385292,-0.06325403600931168,0.05904282629489899,-0.01939433254301548
;5.102317810058594;-1.086056539365281e-15,0.01186404749751091,-0.9687813520431519,0.36362841725349426;0.04630216583609581,0.3811204433441162,0.20927676558494568,-0.07642747461795807;0.014585438184440136,-0.06328687816858292,0.05901050195097923,-0.019406385719776154
;5.060575008392334;-1.1108653932365305e-15,0.011877496726810932,-0.968278706073761,0.36420390009880066;0.04597079008817673,0.3810983896255493,0.2096220850944519,-0.07649276405572891;0.014639641158282757,-0.06331982463598251,0.05897815525531769,-0.01941848360002041
;5.018671035766602;-1.1363378974219539e-15,0.011891022324562073,-0.9677738547325134,0.3647785484790802;0.04564043879508972,0.38107624650001526,0.20996832847595215,-0.07655899226665497;0.014694241806864738,-0.06335288286209106,0.05894577130675316,-0.019430629909038544
;4.97660493850708;-1.162495651261706e-15,0.011904621496796608,-0.9672671556472778,0.3653523921966553;0.04531112313270569,0.38105398416519165,0.21031543612480164,-0.07662602514028549;0.014749259687960148,-0.06338603794574738,0.05891335383057594,-0.01944282278418541
;4.9343767166137695;-1.1893570777223895e-15,0.011918294243514538,-0.9667587280273438,0.36592525243759155;0.04498283937573433,0.3810316324234009,0.21066343784332275,-0.07669393718242645;0.01480470597743988,-0.06341929733753204,0.05888090282678604,-0.019455064088106155
;4.891985893249512;-1.216943882023278e-15,0.011932041496038437,-0.9662483334541321,0.36649686098098755;0.044655609875917435,0.38100919127464294,0.2110123634338379,-0.0767626240849495;0.014860562048852444,-0.06345266103744507,0.05884842202067375,-0.019467350095510483
;4.849431991577148;-1.2452800987242498e-15,0.01194586232304573,-0.9657357335090637,0.36706820130348206;0.04432942345738411,0.38098660111427307,0.21136218309402466,-0.07683221995830536;0.014916838146746159,-0.06348612904548645,0.05881590396165848,-0.01947968453168869
;4.806715488433838;-1.2743852095830916e-15,0.011959758587181568,-0.9652212858200073,0.36763855814933777;0.04400430619716644,0.38096392154693604,0.21171291172504425,-0.0769062414765358;0.014973558485507965,-0.06351957470178604,0.058783866465091705,-0.01949206553399563
;4.763835906982422;-1.3042845197091027e-15,0.01197373028844595,-0.9647051692008972,0.3682079315185547;0.043680258095264435,0.38094112277030945,0.21206456422805786,-0.07698112726211548;0.01503068022429943,-0.06355312466621399,0.058751802891492844,-0.019504493102431297
;4.7207932472229;-1.3350012166292143e-15,0.011987773701548576,-0.9641869068145752,0.36877596378326416;0.04335729777812958,0.3809182047843933,0.2124171108007431,-0.07706046104431152;0.015088247135281563,-0.06358665227890015,0.05872021242976189,-0.019516969099640846
;4.677587985992432;-1.3665596525406598e-15,0.012001894414424896,-0.9636667370796204,0.3693429231643677;0.04303543269634247,0.3808951675891876,0.21277061104774475,-0.07714065909385681;0.015146266669034958,-0.06362028419971466,0.05868858844041824,-0.019529491662979126
;4.634219169616699;-1.3989861913439225e-15,0.012016091495752335,-0.963144838809967,0.3699096143245697;0.042714674025774,0.38087213039398193,0.2131250500679016,-0.07722172886133194;0.015204698778688908,-0.06365402042865753,0.05865693837404251,-0.019542064517736435
;4.590686798095703;-1.4323079380933147e-15,0.012030363082885742,-0.962620735168457,0.3704755902290344;0.04239502549171448,0.38084885478019714,0.21348042786121368,-0.07730364054441452;0.015263589099049568,-0.06368785351514816,0.0586252436041832,-0.019554682075977325
;4.546990394592285;-1.4665489273487146e-15,0.012044711038470268,-0.9620948433876038,0.37103986740112305;0.04207650572061539,0.38082554936408997,0.21383675932884216,-0.07738638669252396;0.01532293763011694,-0.06372179836034775,0.05859353765845299,-0.019567346200346947
;4.503129005432129;-1.5017412404829994e-15,0.012059135362505913,-0.9615669846534729,0.37160351872444153;0.041759103536605835,0.38080209493637085,0.21419405937194824,-0.07746999710798264;0.015382716432213783,-0.06375585496425629,0.0585617870092392,-0.019580060616135597
;4.459103107452393;-1.5379119825504814e-15,0.012073634192347527,-0.9610371589660645,0.37216615676879883;0.04144284129142761,0.38077858090400696,0.21455229818820953,-0.07755448669195175;0.015442964620888233,-0.06379000842571259,0.05853000655770302,-0.01959282159805298
;4.41491174697876;-1.5750918584954985e-15,0.012088208459317684,-0.9605057239532471,0.37272801995277405;0.04112771525979042,0.38075485825538635,0.2149115353822708,-0.07763978093862534;0.015503661707043648,-0.06382427364587784,0.05849820747971535,-0.01960562914609909
;4.3705549240112305;-1.6133132673282831e-15,0.012102860026061535,-0.9599723815917969,0.37328869104385376;0.04081375524401665,0.38073113560676575,0.2152717262506485,-0.07772597670555115;0.015564831905066967,-0.06385864317417145,0.058466363698244095,-0.019618486985564232
;4.3260321617126465;-1.652607337509647e-15,0.012117587961256504,-0.9594368934631348,0.3738486170768738;0.0405009500682354,0.3807072341442108,0.21563290059566498,-0.07781302183866501;0.015626469627022743,-0.06389311701059341,0.05843449383974075,-0.019631393253803253
;4.281343460083008;-1.693005832775112e-15,0.012132393196225166,-0.958899736404419,0.3744075894355774;0.04018930345773697,0.3806832432746887,0.21599507331848145,-0.0779009535908699;0.015688573941588402,-0.06392769515514374,0.058402594178915024,-0.019644344225525856
;4.236487865447998;-1.7345465519699494e-15,0.012147276662290096,-0.9583609104156494,0.374965637922287;0.039878834038972855,0.3806590735912323,0.2163582444190979,-0.07798970490694046;0.015751155093312263,-0.06396238505840302,0.05837066471576691,-0.019657345488667488
;4.191465377807617;-1.7772631646538126e-15,0.01216223556548357,-0.9578202962875366,0.37552231550216675;0.039569541811943054,0.3806348443031311,0.21672239899635315,-0.07807938754558563;0.015814214944839478,-0.06399718672037125,0.058338701725006104,-0.019670395180583
;4.146275520324707;-1.821193257913736e-15,0.012177271768450737,-0.9572776556015015,0.3760775923728943;0.03926144540309906,0.3806105852127075,0.21708756685256958,-0.07816986739635468;0.01587776280939579,-0.06403209269046783,0.058306705206632614,-0.019683493301272392
;4.100918769836426;-1.8663739953202804e-15,0.012192387133836746,-0.956733226776123,0.3766323924064636;0.03895454853773117,0.3805861175060272,0.2174537479877472,-0.07826124131679535;0.015941794961690903,-0.06406709551811218,0.05827467516064644,-0.019696639850735664
;4.055393218994141;-1.9128441286307826e-15,0.012207578867673874,-0.9561870098114014,0.37718597054481506;0.0386488251388073,0.380561500787735,0.2178209275007248,-0.07835347205400467;0.016006318852305412,-0.06410222500562668,0.05824262276291847,-0.019709834828972816
;4.009699821472168;-1.9606491858661576e-15,0.012222849763929844,-0.9556390047073364,0.37773919105529785;0.03834433853626251,0.38053685426712036,0.21818913519382477,-0.07844659686088562;0.016071343794465065,-0.06413745135068893,0.05821052938699722,-0.01972307823598385
;3.9638373851776123;-2.0098274952672687e-15,0.012238198891282082,-0.955089271068573,0.37829115986824036;0.03804105520248413,0.380511999130249,0.2185584008693695,-0.07854058593511581;0.016136866062879562,-0.06417278200387955,0.058178409934043884,-0.01973637007176876
;3.9178059101104736;-2.0604233143056098e-15,0.012253627181053162,-0.9545378088951111,0.3788423538208008;0.03773898631334305,0.3804871141910553,0.21892870962619781,-0.07863543182611465;0.016202885657548904,-0.06420822441577911,0.05814626067876816,-0.019749712198972702
;3.871605157852173;-2.112479629903254e-15,0.012269132770597935,-0.9539846181869507,0.37939247488975525;0.03743813931941986,0.38046202063560486,0.2193000465631485,-0.07873114943504333;0.01626943238079548,-0.06424377858638763,0.058114077895879745,-0.019763104617595673
;3.8252346515655518;-2.166047264037037e-15,0.012284720316529274,-0.9534296989440918,0.37994158267974854;0.037138551473617554,0.38043689727783203,0.21967244148254395,-0.07882774621248245;0.016336487606167793,-0.06427944451570511,0.058081869035959244,-0.019776543602347374
;3.778693914413452;-2.221174285826715e-15,0.012300386093556881,-0.9528730511665344,0.3804894983768463;0.03684018924832344,0.3804115951061249,0.22004587948322296,-0.07892520725727081;0.016404062509536743,-0.06431521475315094,0.05804961919784546,-0.019790032878518105
;3.731982946395874;-2.2779077056008607e-15,0.012316130101680756,-0.952314555644989,0.3810361623764038;0.036543071269989014,0.38038623332977295,0.22042043507099152,-0.07902726531028748;0.01647215336561203,-0.06435096263885498,0.05801786482334137,-0.019803570583462715
;3.6851017475128174;-2.3363008864351513e-15,0.012331955134868622,-0.9517543911933899,0.38158175349235535;0.03624720498919487,0.3803607225418091,0.22079606354236603,-0.07913019508123398;0.016540776938199997,-0.06438681483268738,0.057986076921224594,-0.019817160442471504
;3.638049602508545;-2.3964054973393692e-15,0.01234785933047533,-0.9511924386024475,0.38212651014328003;0.0359526127576828,0.38033509254455566,0.2211727648973465,-0.07923028618097305;0.016609933227300644,-0.06442291289567947,0.057953737676143646,-0.019830796867609024
;3.5908267498016357;-2.458283159960427e-15,0.012363845482468605,-0.9506288766860962,0.3826703727245331;0.03565928339958191,0.3803093731403351,0.2215505689382553,-0.0793386772274971;0.016679629683494568,-0.06445886194705963,0.05792241171002388,-0.019844485446810722
;3.54343318939209;-2.521982790451029e-15,0.012379910796880722,-0.9500637054443359,0.38321322202682495;0.035367224365472794,0.3802834749221802,0.22192944586277008,-0.07944800704717636;0.01674986444413662,-0.06449490785598755,0.057891055941581726,-0.01985822059214115
;3.495868682861328;-2.587568128040456e-15,0.01239605899900198,-0.9494968056678772,0.383754700422287;0.03507645055651665,0.38025742769241333,0.2223094403743744,-0.07955817878246307;0.016820643097162247,-0.06453107297420502,0.057859666645526886,-0.01987200602889061
;3.4481325149536133;-2.6550971944855947e-15,0.012412290088832378,-0.9489282965660095,0.38429537415504456;0.03478696197271347,0.3802313804626465,0.22269050776958466,-0.07966926693916321;0.016891978681087494,-0.06456734240055084,0.05782824754714966,-0.019885843619704247
;3.4002246856689453;-2.724633517257489e-15,0.012428599409759045,-0.9483581781387329,0.3848346769809723;0.03449876233935356,0.38020506501197815,0.22307276725769043,-0.07978122681379318;0.016963861882686615,-0.06460371613502502,0.05779680237174034,-0.019899727776646614
;3.352144718170166;-2.79624951767313e-15,0.012444993481040001,-0.9477863311767578,0.38537314534187317;0.03421187028288841,0.3801787793636322,0.22345612943172455,-0.0798940509557724;0.017036305740475655,-0.06464021652936935,0.057765327394008636,-0.01991366408765316
;3.3038923740386963;-2.870008299687087e-15,0.012461470440030098,-0.9472127556800842,0.38591066002845764;0.033926282078027725,0.38015231490135193,0.2238406091928482,-0.08000780642032623;0.017109325155615807,-0.06467681378126144,0.05773381516337395,-0.019927648827433586
;3.255466938018799;-2.945979955275746e-15,0.012478028424084187,-0.9466376900672913,0.38644683361053467;0.033641986548900604,0.3801257014274597,0.2242261916399002,-0.08012248575687408;0.017182914540171623,-0.06471351534128189,0.057702284306287766,-0.01994168572127819
;3.2068681716918945;-3.024239446854939e-15,0.012494671158492565,-0.946060836315155,0.3869820833206177;0.033359020948410034,0.38009893894195557,0.2246129959821701,-0.08023801445960999;0.01725706458091736,-0.06475034356117249,0.0576707161962986,-0.019955771043896675
;3.1580958366394043;-3.104861736840498e-15,0.01251139584928751,-0.9454824924468994,0.38751640915870667;0.03307735547423363,0.38007208704948425,0.22500093281269073,-0.08035443723201752;0.0173318050801754,-0.06478727608919144,0.057639118283987045,-0.01996990665793419
;3.10914945602417;-3.1879241169888595e-15,0.012528205290436745,-0.944902777671814,0.3880491554737091;0.03279701992869377,0.3800451159477234,0.2253900170326233,-0.08047181367874146;0.01740712858736515,-0.06482431292533875,0.0576074942946434,-0.019984092563390732
;3.0600287914276123;-3.2735091730123813e-15,0.01254509761929512,-0.9443213939666748,0.38858136534690857;0.03251799941062927,0.380018025636673,0.22578024864196777,-0.08059004694223404;0.017483051866292953,-0.0648614689707756,0.057575833052396774,-0.019998330622911453
;3.0107333660125732;-3.361699914139894e-15,0.012562074698507786,-0.9437382817268372,0.38911181688308716;0.03224032372236252,0.379990816116333,0.22617165744304657,-0.08070920407772064;0.017559565603733063,-0.06489873677492142,0.05754414573311806,-0.020012617111206055
;2.9612629413604736;-3.452583796523202e-15,0.012579135596752167,-0.9431537389755249,0.389641672372818;0.031963981688022614,0.3799634575843811,0.22656424343585968,-0.08082926273345947;0.01763669215142727,-0.06493611633777618,0.05751242861151695,-0.020026955753564835
;2.9116170406341553;-3.5462512409294242e-15,0.012596283107995987,-0.9425674676895142,0.3901703357696533;0.031688980758190155,0.37993595004081726,0.2269580215215683,-0.08095020055770874;0.01771441474556923,-0.0649736076593399,0.05748068541288376,-0.020041344687342644
;2.861795425415039;-3.642800291422206e-15,0.012613516300916672,-0.9419799447059631,0.39069798588752747;0.03141530975699425,0.37990835309028625,0.2273530215024948,-0.08107204735279083;0.017792748287320137,-0.06501121073961258,0.05744889751076698,-0.02005578577518463
;2.8117973804473877;-3.74232242755985e-15,0.012630833312869072,-0.9413909316062927,0.3912242352962494;0.031143000349402428,0.3798806071281433,0.22774918377399445,-0.08119480311870575;0.017871705815196037,-0.0650489330291748,0.057417094707489014,-0.0200702752918005
;2.761622905731201;-3.8449150581312905e-15,0.012648236006498337,-0.9408003687858582,0.39174947142601013;0.03087202087044716,0.3798527717590332,0.22814658284187317,-0.08131849765777588;0.01795129105448723,-0.06508675962686539,0.05738525465130806,-0.020084818825125694
;2.7112715244293213;-3.9506904150020394e-15,0.01266572903841734,-0.9402080178260803,0.3922736644744873;0.030602410435676575,0.3798246681690216,0.2285451740026474,-0.08144306391477585;0.018031509593129158,-0.06512469798326492,0.05735338479280472,-0.02009941264986992
;2.660742998123169;-4.059753530257556e-15,0.012683304958045483,-0.9396142959594727,0.39279669523239136;0.030334163457155228,0.3797965347766876,0.2289450615644455,-0.08156855404376984;0.01811235584318638,-0.06516275554895401,0.05732147768139839,-0.020114056766033173
;2.610036611557007;-4.172210283016247e-15,0.01270096655935049,-0.9390192031860352,0.3933182656764984;0.030067263171076775,0.3797682821750641,0.2293461114168167,-0.08169497549533844;0.018193857744336128,-0.06520092487335205,0.057289548218250275,-0.020128753036260605
;2.559152126312256;-4.2881877282202e-15,0.012718718498945236,-0.938422441482544,0.3938390910625458;0.029801741242408752,0.3797399401664734,0.22974839806556702,-0.08182229101657867;0.018275994807481766,-0.06523920595645905,0.05725758522748947,-0.020143501460552216
;2.508089303970337;-4.407800215317295e-15,0.012736557051539421,-0.937824547290802,0.39435872435569763;0.02953757718205452,0.3797113299369812,0.23015196621418,-0.08195053786039352;0.018358789384365082,-0.065277598798275,0.05722559243440628,-0.020158298313617706
;2.456847667694092;-4.531174375733147e-15,0.012754485942423344,-0.9372248649597168,0.3948771059513092;0.029274778440594673,0.379682719707489,0.23055680096149445,-0.08207966387271881;0.018442243337631226,-0.0653161108493805,0.0571935661137104,-0.020173151046037674
;2.4054269790649414;-4.6584351468274745e-15,0.012772499583661556,-0.9366239905357361,0.395394504070282;0.029013365507125854,0.3796539008617401,0.2309628427028656,-0.08220972865819931;0.01852637715637684,-0.06535474210977554,0.05716151371598244,-0.02018805406987667
;2.3538267612457275;-4.7897235595859965e-15,0.012790604494512081,-0.936021625995636,0.39591047167778015;0.02875332161784172,0.37962496280670166,0.2313702255487442,-0.08234072476625443;0.01861116848886013,-0.06539347767829895,0.05712943151593208,-0.020203009247779846
;2.302046775817871;-4.925174292247326e-15,0.012808797881007195,-0.935417652130127,0.39642494916915894;0.028494663536548615,0.37959590554237366,0.23177887499332428,-0.08247260749340057;0.018696634098887444,-0.06543233245611191,0.057097308337688446,-0.0202180165797472
;2.250087022781372;-5.064929222830129e-15,0.012827079743146896,-0.9348124265670776,0.3969385325908661;0.02823738008737564,0.3795666992664337,0.23218877613544464,-0.08260927349328995;0.01878279261291027,-0.06547116488218307,0.057065699249506,-0.02023307792842388
;2.197946786880493;-5.2091475935284876e-15,0.01284545473754406,-0.9342056512832642,0.39745092391967773;0.02798149548470974,0.37953731417655945,0.23260000348091125,-0.08274301886558533;0.018869644030928612,-0.06551024317741394,0.05703352764248848,-0.020248189568519592
;2.1456263065338135;-5.357977211591699e-15,0.012863918207585812,-0.9335973262786865,0.3979618549346924;0.027727002277970314,0.3795078694820404,0.23301255702972412,-0.08288150280714035;0.018957186490297318,-0.06554931402206421,0.05700185149908066,-0.02026335336267948
;2.0931248664855957;-5.5115705429502684e-15,0.012882471084594727,-0.9329877495765686,0.39847227931022644;0.027473879978060722,0.37947824597358704,0.23342636227607727,-0.08302096277475357;0.01904543861746788,-0.06558848172426224,0.05697014927864075,-0.02027856931090355
;2.040442705154419;-5.670115628918487e-15,0.012901117093861103,-0.932376503944397,0.3989812731742859;0.027222177013754845,0.3794485032558441,0.23384150862693787,-0.08316516876220703;0.0191344004124403,-0.06562764197587967,0.056938957422971725,-0.020293837413191795
;1.987579584121704;-5.833767476525701e-15,0.012919857166707516,-0.9317640066146851,0.3994889557361603;0.026971863582730293,0.3794185519218445,0.2342579960823059,-0.08331028372049332;0.019224071875214577,-0.06566691398620605,0.05690773203969002,-0.02030915953218937
;1.934535264968872;-6.002709468404992e-15,0.012938684783875942,-0.9311501383781433,0.3999953269958496;0.026722947135567665,0.3793885409832001,0.234675794839859,-0.0834563747048378;0.019314469769597054,-0.0657062977552414,0.05687648057937622,-0.02032453380525112
;1.8813093900680542;-6.1771338810353866e-15,0.012957608327269554,-0.930534839630127,0.40050044655799866;0.0264754481613636,0.3793583810329437,0.23509499430656433,-0.08360343426465988;0.01940559782087803,-0.06574580073356628,0.056845199316740036,-0.020339960232377052
;1.8279014825820923;-6.357227485181754e-15,0.012976621277630329,-0.9299179911613464,0.40100401639938354;0.026229340583086014,0.3793281018733978,0.23551549017429352,-0.08375140279531479;0.01949746161699295,-0.06578541547060013,0.05681389197707176,-0.02035543881356716
;1.7743113040924072;-6.543188063037279e-15,0.012995729222893715,-0.9292998313903809,0.40150681138038635;0.025984646752476692,0.3792976140975952,0.23593734204769135,-0.08390031009912491;0.019590064883232117,-0.06582514941692352,0.056782547384500504,-0.0203709714114666
;1.7205382585525513;-6.73523626668472e-15,0.013014929369091988,-0.9286802411079407,0.40200838446617126;0.025741368532180786,0.3792670667171478,0.2363605797290802,-0.08405015617609024;0.01968342252075672,-0.06586499512195587,0.05675118416547775,-0.020386556163430214
;1.6665819883346558;-6.9335902071079956e-15,0.013034223578870296,-0.9280593991279602,0.40250876545906067;0.025499491021037102,0.37923628091812134,0.23678520321846008,-0.08420099318027496;0.019777527078986168,-0.06590496003627777,0.05671977996826172,-0.020402194932103157
;1.6124422550201416;-7.138462489576867e-15,0.013053609989583492,-0.9274370074272156,0.40300750732421875;0.025259029120206833,0.3792053759098053,0.2372111678123474,-0.08435268700122833;0.019872400909662247,-0.06594504415988922,0.056688349694013596,-0.02041788585484028
;1.5581185817718506;-7.350093671448354e-15,0.013073091395199299,-0.9268133640289307,0.40350526571273804;0.02501997910439968,0.3791743516921997,0.23763854801654816,-0.08450542390346527;0.019968057051301003,-0.06598524004220963,0.056656889617443085,-0.02043362893164158
;1.5036104917526245;-7.568723886563003e-15,0.013092669658362865,-0.9261878132820129,0.40400171279907227;0.024782337248325348,0.3791431784629822,0.23806734383106232,-0.08465906232595444;0.020064471289515495,-0.06602556258440018,0.05662541091442108,-0.020449427887797356
;1.4489177465438843;-7.794600468541413e-15,0.013112341985106468,-0.9255611300468445,0.404496967792511;0.024546120315790176,0.3791118562221527,0.23849749565124512,-0.08481363952159882;0.020161697641015053,-0.06606599688529968,0.056593891233205795,-0.020465277135372162
;1.3940398693084717;-8.027995314959652e-15,0.013132110238075256,-0.9249330759048462,0.4049907326698303;0.024311307817697525,0.3790804147720337,0.23892910778522491,-0.08496920764446259;0.020259693264961243,-0.06610654294490814,0.05656234174966812,-0.020481184124946594
;1.338976502418518;-8.269176088229052e-15,0.013151973485946655,-0.9243033528327942,0.40548303723335266;0.02407791279256344,0.37904876470565796,0.23936210572719574,-0.08512572944164276;0.020358504727482796,-0.06614721566438675,0.05653076246380806,-0.020497141405940056
;1.2837272882461548;-8.518417227024525e-15,0.01317193266004324,-0.9236722588539124,0.405974417924881;0.023845940828323364,0.37901705503463745,0.23979654908180237,-0.08528319746255875;0.020458118990063667,-0.06618800759315491,0.05649916082620621,-0.020513154566287994
;1.2282917499542236;-8.77601773397645e-15,0.013191989623010159,-0.9230396747589111,0.40646442770957947;0.023615384474396706,0.3789851665496826,0.2402324229478836,-0.08544162660837173;0.0205585528165102,-0.06622891128063202,0.05646752938628197,-0.02052921988070011
;1.1726694107055664;-9.042296940505942e-15,0.013212143443524837,-0.9224055409431458,0.4069533944129944;0.02338624745607376,0.37895306944847107,0.24066969752311707,-0.08560097962617874;0.020659804344177246,-0.06626994162797928,0.056435856968164444,-0.020545342937111855
;1.116860032081604;-9.317551308144541e-15,0.013232395984232426,-0.9217702150344849,0.407440721988678;0.023158526048064232,0.37892085313796997,0.2411084771156311,-0.08576136082410812;0.020761899650096893,-0.06631109118461609,0.05640416964888573,-0.020561516284942627
;1.0608630180358887;-9.602128120400621e-15,0.013252743519842625,-0.921133279800415,0.40792667865753174;0.02293221279978752,0.3788885474205017,0.24154868721961975,-0.08592264354228973;0.02086481638252735,-0.06635235249996185,0.056372445076704025,-0.020577743649482727
;1.0046780109405518;-9.896352637925928e-15,0.013273190706968307,-0.9204947352409363,0.4084113836288452;0.02270733006298542,0.37885597348213196,0.24199038743972778,-0.08608495444059372;0.02096860483288765,-0.06639373302459717,0.05634068697690964,-0.020594028756022453
;0.9483050107955933;-1.0200572991261782e-14,0.013293731957674026,-0.9198545217514038,0.40889468789100647;0.022483855485916138,0.3788233697414398,0.2424335777759552,-0.0862521380186081;0.021073246374726295,-0.06643509864807129,0.05630945414304733,-0.020610366016626358
;0.8917434811592102;-1.0515184744794553e-14,0.01331437285989523,-0.9192131161689758,0.4093770384788513;0.022261807695031166,0.3787905275821686,0.24287822842597961,-0.0864163264632225;0.02117873914539814,-0.0664767175912857,0.05627763271331787,-0.02062675915658474
;0.8349937200546265;-1.084056398115282e-14,0.013335117138922215,-0.9185700416564941,0.40985769033432007;0.02204117551445961,0.37875762581825256,0.2433243691921234,-0.08658935129642487;0.02128511294722557,-0.06651818752288818,0.05624689161777496,-0.02064320631325245
;0.7780553102493286;-1.1177096947360531e-14,0.013355957344174385,-0.917925238609314,0.4103369414806366;0.021821970120072365,0.3787245452404022,0.2437720000743866,-0.08675932884216309;0.02139236405491829,-0.06655990332365036,0.056215569376945496,-0.020659705623984337
;0.7209276556968689;-1.1525209700990156e-14,0.013376900926232338,-0.9172787666320801,0.4108150005340576;0.021604176610708237,0.37869134545326233,0.24422121047973633,-0.08693426847457886;0.021500494331121445,-0.06660160422325134,0.05618476867675781,-0.0206762608140707
;0.6636108160018921;-1.1885333381811847e-14,0.01339794136583805,-0.9166306257247925,0.4112916886806488;0.02138781175017357,0.3786579668521881,0.24467189610004425,-0.08711028099060059;0.021609541028738022,-0.06664342433214188,0.05615393444895744,-0.020692871883511543
;0.6061042547225952;-1.2257892353332179e-14,0.013419083319604397,-0.915981113910675,0.4117669463157654;0.021172862499952316,0.37862443923950195,0.24512414634227753,-0.08728721737861633;0.02171948365867138,-0.06668536365032196,0.05612307786941528,-0.020709538832306862
;0.5484074950218201;-1.2643382976858242e-14,0.013440324924886227,-0.9153298139572144,0.41224101185798645;0.02095932513475418,0.37859079241752625,0.24557790160179138,-0.08746510744094849;0.021830350160598755,-0.0667274221777916,0.056092195212841034,-0.02072625607252121
;0.4905201196670532;-1.3042277896774604e-14,0.013461667113006115,-0.9146766662597656,0.412713885307312;0.020747216418385506,0.37855690717697144,0.2460331916809082,-0.0876440703868866;0.021942123770713806,-0.06676960736513138,0.0560612790286541,-0.020743031054735184
;0.4324415922164917;-1.345508787394846e-14,0.013483109883964062,-0.9140218496322632,0.41318532824516296;0.0205365139991045,0.37852293252944946,0.24649006128311157,-0.08782397210597992;0.022054847329854965,-0.06681191176176071,0.056030336767435074,-0.020759861916303635
;0.37417149543762207;-1.388233722177416e-14,0.013504654169082642,-0.9133651852607727,0.4136553108692169;0.020327230915427208,0.3784887492656708,0.2469484806060791,-0.08800489455461502;0.02216849848628044,-0.0668543353676796,0.05599936470389366,-0.02077675051987171
;0.31570932269096375;-1.4324577358700366e-14,0.01352629903703928,-0.9127067923545837,0.4141238331794739;0.02011936902999878,0.37845441699028015,0.24740849435329437,-0.08818680047988892;0.022283118218183517,-0.06689687818288803,0.05596836283802986,-0.020793691277503967
;0.2570546865463257;-1.4782341068450902e-14,0.013548046350479126,-0.9120466709136963,0.41459083557128906;0.019912905991077423,0.3784199655056,0.24787001311779022,-0.08836972713470459;0.02239869348704815,-0.06693954765796661,0.05593733862042427,-0.0208106879144907
;0.19820711016654968;-1.525626616683505e-14,0.013569897972047329,-0.9113847017288208,0.4150564670562744;0.01970786601305008,0.3783853054046631,0.2483331710100174,-0.08855365961790085;0.022515229880809784,-0.06698233634233475,0.055906280875205994,-0.02082774229347706
;0.13916611671447754;-1.574695404724536e-14,0.013591849245131016,-0.9107205867767334,0.4155203104019165;0.019504228606820107,0.37835046648979187,0.24879789352416992,-0.0887385904788971;0.02263275720179081,-0.06702524423599243,0.055875200778245926,-0.020844850689172745
;0.07993123680353165;-1.6255033208128697e-14,0.01361390296369791,-0.9100546836853027,0.4159826636314392;0.0193020012229681,0.3783155381679535,0.24926425516605377,-0.08892453461885452;0.022751277312636375,-0.06706827878952026,0.055844083428382874,-0.020862016826868057
;0.020501943305134773;-1.6781182969908756e-14,0.013636061921715736,-0.9093866944313049,0.41644400358200073;0.019101180136203766,0.3782804310321808,0.24973222613334656,-0.08911149203777313;0.022870788350701332,-0.06711144000291824,0.055812936276197433,-0.020879238843917847
;-0.03912230208516121;-1.732610975806355e-14,0.013658319599926472,-0.9087166786193848,0.4169037640094757;0.018901759758591652,0.37824511528015137,0.2502017915248871,-0.08929946273565292;0.022991325706243515,-0.06715472042560577,0.0557817667722702,-0.020896516740322113
;-0.09894195199012756;-1.7890509833675718e-14,0.013680683448910713,-0.908044695854187,0.41736194491386414;0.01870374009013176,0.3782096207141876,0.25067299604415894,-0.0894884467124939;0.023112846538424492,-0.06719812005758286,0.055750567466020584,-0.020913850516080856
;-0.1589575856924057;-1.8475147220463686e-14,0.013703151606023312,-0.9073705673217773,0.4178188741207123;0.01850711926817894,0.3781740069389343,0.2511458992958069,-0.08967843651771545;0.023235440254211426,-0.06724165380001068,0.055719342082738876,-0.020931243896484375
;-0.2191697210073471;-1.908081304720019e-14,0.013725723139941692,-0.9066941142082214,0.41827404499053955;0.01831190288066864,0.37813815474510193,0.25162041187286377,-0.08986948430538177;0.023359045386314392,-0.06728530675172806,0.05568809062242508,-0.02094869129359722
;-0.27957883477211;-1.9708328935844066e-14,0.013748396188020706,-0.9060155749320984,0.4187277853488922;0.018118076026439667,0.37810218334198,0.25209659337997437,-0.09006153047084808;0.023483719676733017,-0.06732907891273499,0.0556568019092083,-0.020966198295354843
;-0.3401855528354645;-2.0358536837144885e-14,0.013771175406873226,-0.9053348898887634,0.41918012499809265;0.017925642430782318,0.3780660629272461,0.2525744140148163,-0.09025457501411438;0.02360946126282215,-0.06737299263477325,0.055625490844249725,-0.020983761176466942
;-0.40099039673805237;-2.1032312583170107e-14,0.013794057071208954,-0.9046516418457031,0.4196309447288513;0.017734603956341743,0.3780297636985779,0.2530539035797119,-0.09044867753982544;0.023736262694001198,-0.06741701811552048,0.055594149976968765,-0.021001381799578667
;-0.46199390292167664;-2.173059807455708e-14,0.013817042112350464,-0.9039660692214966,0.4200800657272339;0.017544951289892197,0.37799322605133057,0.25353512167930603,-0.09064382314682007;0.02386416308581829,-0.06746117025613785,0.05556277930736542,-0.02101905830204487
;-0.5231966376304626;-2.2454336906009044e-14,0.013840132392942905,-0.903278112411499,0.4205278158187866;0.01735668070614338,0.3779565691947937,0.25401797890663147,-0.09083995968103409;0.02399315871298313,-0.06750544905662537,0.055531375110149384,-0.021036794409155846
;-0.5845991969108582;-2.3204576010248806e-14,0.013863328844308853,-0.9025874733924866,0.4209739863872528;0.017169790342450142,0.3779197335243225,0.2545025944709778,-0.09103716164827347;0.02412324771285057,-0.06754985451698303,0.05549994856119156,-0.02105458825826645
;-0.6462021470069885;-2.398234199120844e-14,0.013886626809835434,-0.9018945097923279,0.4214184880256653;0.016984282061457634,0.377882719039917,0.2549889087677002,-0.0912354588508606;0.024254463613033295,-0.06759439408779144,0.055468492209911346,-0.02107243798673153
;-0.7080054879188538;-2.4788673311281276e-14,0.013910030946135521,-0.9011985659599304,0.4218618869781494;0.016800150275230408,0.3778455853462219,0.2554769217967987,-0.09143877774477005;0.024386821314692497,-0.06763890385627747,0.055437568575143814,-0.021090349182486534
;-0.7700104713439941;-2.5624754122527578e-14,0.01393354032188654,-0.9005002379417419,0.4223034679889679;0.016617393121123314,0.37780818343162537,0.2559666931629181,-0.09163916110992432;0.024520287290215492,-0.06768369674682617,0.05540604889392853,-0.021108316257596016
;-0.8322166204452515;-2.6491760106678135e-14,0.01395715307444334,-0.8997989296913147,0.4227433502674103;0.016436005011200905,0.3777706027030945,0.25645819306373596,-0.0918486937880516;0.024654937908053398,-0.06772831827402115,0.055375635623931885,-0.021126342937350273
;-0.8946243524551392;-2.7390904214913414e-14,0.013980871066451073,-0.8990948796272278,0.4231817424297333;0.01625598780810833,0.37773290276527405,0.2569515109062195,-0.09205935150384903;0.02479073405265808,-0.06777307391166687,0.055345188826322556,-0.021144427359104156
;-0.9572349190711975;-2.8323492572038082e-14,0.014004694297909737,-0.8983876705169678,0.4236186444759369;0.016077330335974693,0.3776949644088745,0.2574464976787567,-0.09226696193218231;0.024927731603384018,-0.06781809777021408,0.05531414970755577,-0.021162569522857666
;-1.0200483798980713;-2.9290853325713434e-14,0.014028622768819332,-0.8976773619651794,0.424053817987442;0.01590004563331604,0.3776569366455078,0.257943332195282,-0.09247977286577225;0.025065887719392776,-0.0678630992770195,0.055283647030591965,-0.02118077501654625
;-1.0830652713775635;-3.0294394244697806e-14,0.014052655547857285,-0.8969642519950867,0.42448726296424866;0.015724120661616325,0.3776186406612396,0.2584419250488281,-0.09269362688064575;0.025205284357070923,-0.06790823489427567,0.05525312200188637,-0.02119903452694416
;-1.1462863683700562;-3.1335560367199214e-14,0.014076794497668743,-0.8962477445602417,0.4249192178249359;0.015549546107649803,0.3775802254676819,0.25894227623939514,-0.09290856122970581;0.025345873087644577,-0.06795349717140198,0.05522257462143898,-0.021217353641986847
;-1.2097123861312866;-3.241586618812735e-14,0.014101037755608559,-0.8955279588699341,0.4253496527671814;0.01537631917744875,0.37754160165786743,0.2594444453716278,-0.09312459081411362;0.02548767812550068,-0.06799889355897903,0.05519198998808861,-0.021235734224319458
;-1.2733443975448608;-3.353693123447736e-14,0.014125384390354156,-0.8948047757148743,0.42577841877937317;0.01520444918423891,0.3775027394294739,0.2599484324455261,-0.09333759546279907;0.025630740448832512,-0.06804456561803818,0.05516081675887108,-0.021254172548651695
;-1.3371829986572266;-3.4700358092585454e-14,0.014149836264550686,-0.8940783143043518,0.42620524764060974;0.01503391657024622,0.37746378779411316,0.26045429706573486,-0.09355580061674118;0.025775056332349777,-0.06809021532535553,0.055130183696746826,-0.021272672340273857
;-1.4012285470962524;-3.5907918755377286e-14,0.014174392446875572,-0.8933481574058533,0.42663049697875977;0.01486472599208355,0.37742453813552856,0.26096194982528687,-0.09377508610486984;0.02592063508927822,-0.06813599169254303,0.055099520832300186,-0.021291229873895645
;-1.4654818773269653;-3.7161436037755347e-14,0.01419905386865139,-0.8926143050193787,0.42705395817756653;0.014696871861815453,0.37738513946533203,0.2614714503288269,-0.09399549663066864;0.026067491620779037,-0.06818190962076187,0.05506882816553116,-0.021309848874807358
;-1.529943585395813;-3.8462776800335385e-14,0.014223819598555565,-0.8918766975402832,0.4274756908416748;0.01453035045415163,0.37734559178352356,0.261982798576355,-0.09421703219413757;0.026215635240077972,-0.06822795420885086,0.05503810942173004,-0.021328529343008995
;-1.594614863395691;-3.9813855337578197e-14,0.014248691499233246,-0.8911352157592773,0.427896112203598;0.014365156181156635,0.37730586528778076,0.26249605417251587,-0.09443964809179306;0.02636510692536831,-0.0682741329073906,0.055007368326187134,-0.021347269415855408
;-1.6594961881637573;-4.121671808108435e-14,0.014273665845394135,-0.8903898000717163,0.42831477522850037;0.014201279729604721,0.37726590037345886,0.2630111575126648,-0.09466337412595749;0.026515893638134003,-0.06832043826580048,0.05497658997774124,-0.021366069093346596
;-1.724588394165039;-4.267359103343922e-14,0.01429874449968338,-0.8896403312683105,0.42873138189315796;0.014038726687431335,0.37722572684288025,0.26352813839912415,-0.09488824009895325;0.026668019592761993,-0.0683668777346611,0.05494578555226326,-0.02138493023812771
;-1.789892315864563;-4.4186649375251366e-14,0.014323924668133259,-0.8888866901397705,0.42914658784866333;0.013877488672733307,0.3771853744983673,0.2640469968318939,-0.09511423856019974;0.026821497827768326,-0.06841345131397247,0.05491495877504349,-0.021403854712843895
;-1.855408787727356;-4.575821736492805e-14,0.01434920821338892,-0.8881285786628723,0.4295598566532135;0.013717561028897762,0.37714481353759766,0.2645677924156189,-0.09534135460853577;0.026976345106959343,-0.06846016645431519,0.054884109646081924,-0.021422840654850006
;-1.9211387634277344;-4.7390768338675254e-14,0.014374594204127789,-0.8873662948608398,0.42997127771377563;0.013558939099311829,0.37710410356521606,0.2650904655456543,-0.09556960314512253;0.027132589370012283,-0.06850700080394745,0.05485322326421738,-0.021441886201500893
;-1.9870829582214355;-4.9086900993575155e-14,0.014400084502995014,-0.8865991830825806,0.4303809106349945;0.013401609845459461,0.377063125371933,0.2656150758266449,-0.09579895436763763;0.027290210127830505,-0.06855397671461105,0.05482231080532074,-0.021460993215441704
;-2.0532422065734863;-5.084914626407415e-14,0.014425676316022873,-0.8858276009559631,0.43078914284706116;0.01324558351188898,0.37702202796936035,0.2661416530609131,-0.09602951258420944;0.027449268847703934,-0.068601094186306,0.054791368544101715,-0.021480165421962738
;-2.1196177005767822;-5.268042133164258e-14,0.014451371505856514,-0.8850513696670532,0.431195467710495;0.013090847991406918,0.376980721950531,0.2666701376438141,-0.0962611734867096;0.027609750628471375,-0.0686483383178711,0.0547604076564312,-0.021499397233128548
;-2.1862103939056396;-5.458353834566533e-14,0.014477171003818512,-0.8842701315879822,0.4315997064113617;0.012937393970787525,0.37693914771080017,0.26720064878463745,-0.09649401903152466;0.027771668508648872,-0.06869573146104813,0.054729413241147995,-0.02151869423687458
;-2.253020763397217;-5.656153307222536e-14,0.014503070153295994,-0.8834834694862366,0.43200185894966125;0.012785227037966251,0.3768973648548126,0.2677331268787384,-0.09672798961400986;0.027935046702623367,-0.0687432512640953,0.054698389023542404,-0.021538052707910538
;-2.3200502395629883;-5.861765472970834e-14,0.01452906895428896,-0.8826920986175537,0.43240246176719666;0.012634329497814178,0.37685540318489075,0.26826757192611694,-0.09696318209171295;0.028099924325942993,-0.06879090517759323,0.054667338728904724,-0.02155747450888157
;-2.3872995376586914;-6.075517286529067e-14,0.01455516554415226,-0.8818951845169067,0.43280136585235596;0.012484711594879627,0.37681329250335693,0.26880404353141785,-0.09719949960708618;0.028266293928027153,-0.0688387006521225,0.05463625490665436,-0.021576963365077972
;-2.4547693729400635;-6.297754337339714e-14,0.014581367373466492,-0.8810926079750061,0.4331985116004944;0.012336347252130508,0.37677088379859924,0.2693425118923187,-0.09744122624397278;0.02843417599797249,-0.06888648867607117,0.05460573360323906,-0.021596509963274002
;-2.522460699081421;-6.52884593176778e-14,0.014607665129005909,-0.8802846074104309,0.4335936903953552;0.012189256958663464,0.3767283260822296,0.2698829770088196,-0.09768418967723846;0.028603576123714447,-0.06893441081047058,0.054575175046920776,-0.021616123616695404
;-2.590374231338501;-6.769163409057338e-14,0.014634063467383385,-0.8794708251953125,0.43398675322532654;0.012043418362736702,0.37668555974960327,0.2704254984855652,-0.09792831540107727;0.02877453900873661,-0.06898247450590134,0.054544586688280106,-0.02163580246269703
;-2.6585114002227783;-7.019109956891284e-14,0.014660559594631195,-0.8786512017250061,0.4343777298927307;0.011898825876414776,0.3766425549983978,0.27097010612487793,-0.09816940873861313;0.028947066515684128,-0.06903082877397537,0.05451340228319168,-0.021655546501278877
;-2.7268738746643066;-7.279096216842446e-14,0.014687156304717064,-0.8778252005577087,0.4347669780254364;0.011755481362342834,0.37659937143325806,0.27151674032211304,-0.09841164946556091;0.029121169820427895,-0.06907932460308075,0.05448218435049057,-0.02167535573244095
;-2.7954623699188232;-7.549559257911606e-14,0.014713844284415245,-0.8769931793212891,0.4351540505886078;0.011613378301262856,0.3765558898448944,0.2720654010772705,-0.09865515679121017;0.029296888038516045,-0.06912796199321747,0.05445093661546707,-0.021695228293538094
;-2.8642783164978027;-7.830953089758494e-14,0.01474063191562891,-0.8761547803878784,0.43553924560546875;0.011472510173916817,0.3765122592449188,0.2726162075996399,-0.09889988601207733;0.029474228620529175,-0.06917674094438553,0.05441966652870178,-0.02171516790986061
;-2.9333221912384033;-8.123752050833571e-14,0.014767516404390335,-0.8753097057342529,0.4359225630760193;0.011332866735756397,0.37646833062171936,0.2731691598892212,-0.09915011376142502;0.02965320460498333,-0.0692255049943924,0.05438894033432007,-0.02173517271876335
;-3.0025956630706787;-8.428453518883466e-14,0.014794494956731796,-0.8744581341743469,0.43630358576774597;0.011194445192813873,0.37642425298690796,0.27372413873672485,-0.09939727187156677;0.029833843931555748,-0.06927457451820374,0.0543576180934906,-0.021755242720246315
;-3.0720996856689453;-8.745574522819183e-14,0.014821566641330719,-0.8735995888710022,0.4366828501224518;0.011057243682444096,0.37637993693351746,0.2742813229560852,-0.09964996576309204;0.03001619316637516,-0.06932363659143448,0.05432683974504471,-0.0217753816395998
;-3.1418352127075195;-9.075678847770413e-14,0.014848732389509678,-0.8727339506149292,0.43705984950065613;0.010921255685389042,0.37633541226387024,0.2748406231403351,-0.09989961236715317;0.030200207605957985,-0.0693729892373085,0.05429545417428017,-0.02179558575153351
;-3.211803913116455;-9.419319436845125e-14,0.014875990338623524,-0.8718612194061279,0.4374351501464844;0.01078647281974554,0.3762906491756439,0.2754020690917969,-0.10015483945608139;0.030385974794626236,-0.06942234188318253,0.0542646199464798,-0.021815862506628036
;-3.28200626373291;-9.777102088007195e-14,0.014903340488672256,-0.8709810376167297,0.4378078579902649;0.010652889497578144,0.3762456476688385,0.27596569061279297,-0.10041135549545288;0.030573474243283272,-0.06947183609008789,0.05423376336693764,-0.02183620259165764
;-3.3524434566497803;-1.0149639375484076e-13,0.014930780977010727,-0.8700931668281555,0.43817853927612305;0.010520501993596554,0.376200407743454,0.27653151750564575,-0.10067345947027206;0.03076273389160633,-0.06952133029699326,0.05420346185564995,-0.021856609731912613
;-3.423116445541382;-1.0537605537501785e-13,0.01495831087231636,-0.8691976070404053,0.43854740262031555;0.010389304719865322,0.37615492939949036,0.27709951996803284,-0.10093680769205093;0.030953774228692055,-0.06957096606492996,0.05417313054203987,-0.02187708579003811
;-3.4940266609191895;-1.0941677522791765e-13,0.014985932037234306,-0.8682937622070312,0.43891391158103943;0.010259294882416725,0.3761093020439148,0.277669757604599,-0.10120150446891785;0.031146639958024025,-0.0696207582950592,0.054142773151397705,-0.021897630766034126
;-3.5651752948760986;-1.136257632579872e-13,0.015013642609119415,-0.8673820495605469,0.43927809596061707;0.010130463168025017,0.3760633170604706,0.27824223041534424,-0.10146751999855042;0.031341303139925,-0.06967069208621979,0.05411239340901375,-0.021918246522545815
;-3.636563777923584;-1.1801054111779813e-13,0.015041436068713665,-0.8664620518684387,0.4396401345729828;0.01000280398875475,0.3760172128677368,0.2788168787956238,-0.10173483937978745;0.03153784200549126,-0.0697207823395729,0.054081980139017105,-0.021938929334282875
;-3.708193778991699;-1.225790438120003e-13,0.015069317072629929,-0.8655332922935486,0.43999993801116943;0.009876311756670475,0.3759707510471344,0.2793938219547272,-0.10200351476669312;0.03173625096678734,-0.06977100670337677,0.05405154451727867,-0.021959682926535606
;-3.78006649017334;-1.273395451584225e-13,0.015097280964255333,-0.8645959496498108,0.44035762548446655;0.009750980883836746,0.37592411041259766,0.2799730598926544,-0.10227348655462265;0.03193652629852295,-0.06982140243053436,0.05402108654379845,-0.02198050543665886
;-3.8521835803985596;-1.3230063745928167e-13,0.015125326812267303,-0.8636496663093567,0.440713107585907;0.009626801125705242,0.3758772909641266,0.28055456280708313,-0.10254479944705963;0.03213876113295555,-0.0698719397187233,0.053990598767995834,-0.022001400589942932
;-3.924546241760254;-1.3747159064315256e-13,0.015153455547988415,-0.862694263458252,0.4410661458969116;0.009503773413598537,0.37583011388778687,0.2811383903026581,-0.10281754285097122;0.032342929393053055,-0.06992262601852417,0.053960081189870834,-0.022022366523742676
;-3.9971561431884766;-1.4286185082146297e-13,0.015181663446128368,-0.8617293238639832,0.4414168894290924;0.009381886571645737,0.37578269839286804,0.2817244827747345,-0.10309156775474548;0.03254905715584755,-0.06997347623109818,0.05392953380942345,-0.02204340323805809
;-4.0700154304504395;-1.4848129778650965e-13,0.015209950506687164,-0.8607549071311951,0.4417652189731598;0.009261134080588818,0.3757351338863373,0.28231292963027954,-0.10336707532405853;0.032757215201854706,-0.07002448290586472,0.05389896780252457,-0.022064510732889175
;-4.143125057220459;-1.5434084132265324e-13,0.015238314867019653,-0.8597708344459534,0.4421113133430481;0.009141514077782631,0.37568727135658264,0.2829037308692932,-0.10364390909671783;0.032967373728752136,-0.0700756311416626,0.0538683757185936,-0.02208569273352623
;-4.21648645401001;-1.6045118792634705e-13,0.015266754664480686,-0.8587766289710999,0.44245490431785583;0.009023015387356281,0.3756391406059265,0.2834969162940979,-0.10392210632562637;0.03317956626415253,-0.07012694329023361,0.05383775383234024,-0.022106945514678955
;-4.290101528167725;-1.6682395211336382e-13,0.015295268036425114,-0.8577722311019897,0.44279608130455017;0.008905638940632343,0.3755907714366913,0.2840924859046936,-0.10420172661542892;0.033393844962120056,-0.07017841935157776,0.053807105869054794,-0.02212827280163765
;-4.363972187042236;-1.7347124984298107e-13,0.015323853120207787,-0.8567575216293335,0.44313502311706543;0.008789369836449623,0.3755421042442322,0.2846904397010803,-0.10448279976844788;0.033610228449106216,-0.07023004442453384,0.05377642810344696,-0.022149672731757164
;-4.4380998611450195;-1.8040607798874148e-13,0.01535250898450613,-0.8557319641113281,0.4434715211391449;0.008674205280840397,0.37549319863319397,0.28529083728790283,-0.10476528853178024;0.03382875770330429,-0.07028184086084366,0.05374572426080704,-0.022171149030327797
;-4.512486457824707;-1.8764135210902477e-13,0.015381233766674995,-0.8546956777572632,0.44380539655685425;0.00856014434248209,0.3754440248012543,0.28589364886283875,-0.10504921525716782;0.034049417823553085,-0.07033378630876541,0.053714994341135025,-0.0221926998347044
;-4.587133884429932;-1.9519157340788795e-13,0.015410024672746658,-0.8536479473114014,0.44413644075393677;0.00844717025756836,0.3753946125507355,0.28649893403053284,-0.10533458739519119;0.034272272139787674,-0.0703858956694603,0.053684234619140625,-0.02221432514488697
;-4.662044048309326;-2.0307128374696948e-13,0.015438880771398544,-0.8525891304016113,0.4444649815559387;0.008335287682712078,0.3753449320793152,0.2871066927909851,-0.10562144219875336;0.03449731692671776,-0.07043816894292831,0.053653452545404434,-0.02223602496087551
;-4.737217903137207;-2.1129605497997167e-13,0.01546779926866293,-0.8515185117721558,0.4447909891605377;0.008224481716752052,0.3752949833869934,0.28771692514419556,-0.10590977966785431;0.0347246453166008,-0.07049061357975006,0.053622640669345856,-0.02225780300796032
;-4.812658309936523;-2.1988204171926456e-13,0.01549677923321724,-0.8504362106323242,0.44511452317237854;0.008114749565720558,0.37524476647377014,0.2883296310901642,-0.10619958490133286;0.034954216331243515,-0.07054321467876434,0.05359180271625519,-0.022279657423496246
;-4.888366222381592;-2.2884661830466224e-13,0.015525816939771175,-0.849341869354248,0.44543543457984924;0.00800608191639185,0.3751941919326782,0.28894492983818054,-0.10649093240499496;0.035186100751161575,-0.07059598714113235,0.05356093868613243,-0.02230159007012844
;-4.964344501495361;-2.3820751144168484e-13,0.015554910525679588,-0.8482351899147034,0.44575342535972595;0.007898478768765926,0.375143438577652,0.28956273198127747,-0.10678376257419586;0.03542032837867737,-0.0706489235162735,0.05353005230426788,-0.022323600947856903
;-5.04059362411499;-2.4798341006528057e-13,0.01558405440300703,-0.847115695476532,0.4460689425468445;0.007791930343955755,0.37509238719940186,0.29018303751945496,-0.10708712041378021;0.03565693646669388,-0.0707017183303833,0.05350031703710556,-0.022345688194036484
;-5.117115497589111;-2.581945345459663e-13,0.0156132522970438,-0.8459833264350891,0.44638165831565857;0.007686431519687176,0.37504106760025024,0.29080602526664734,-0.10738754272460938;0.03589591383934021,-0.07075484097003937,0.05346996709704399,-0.02236785553395748
;-5.193912506103516;-2.6886167446039944e-13,0.015642497688531876,-0.8448378443717957,0.446691632270813;0.007581973448395729,0.37498939037323,0.29143157601356506,-0.1076894998550415;0.03613732382655144,-0.07080812752246857,0.05343959107995033,-0.022390102967619896
;-5.270987033843994;-2.8000624280148656e-13,0.01567178964614868,-0.8436789512634277,0.44699862599372864;0.007478552404791117,0.374937504529953,0.2920597791671753,-0.10799753665924072;0.03638121858239174,-0.07086143642663956,0.05340978130698204,-0.022412428632378578
;-5.348340034484863;-2.916521733321853e-13,0.01570112630724907,-0.8425062298774719,0.44730281829833984;0.007376160938292742,0.37488532066345215,0.292690634727478,-0.10830725729465485;0.036627572029829025,-0.07091490924358368,0.05337994918227196,-0.022434838116168976
;-5.425973892211914;-3.038231016598558e-13,0.01573050022125244,-0.8413197994232178,0.4476042091846466;0.007274795789271593,0.3748328387737274,0.29332414269447327,-0.10861854255199432;0.03687647730112076,-0.07096856832504272,0.053350094705820084,-0.02245732583105564
;-5.503890514373779;-3.1654447943049724e-13,0.015759915113449097,-0.8401190042495728,0.44790270924568176;0.00717444671317935,0.37477999925613403,0.2939603328704834,-0.10893148928880692;0.03712793067097664,-0.0710223913192749,0.05332021042704582,-0.022479897364974022
;-5.582092761993408;-3.2984338459336737e-13,0.01578936167061329,-0.8389036059379578,0.4481983780860901;0.007075108587741852,0.3747269809246063,0.2945992052555084,-0.10924597829580307;0.037382010370492935,-0.071076400578022,0.05329030379652977,-0.02250254712998867
;-5.660583019256592;-3.437481690352767e-13,0.015818839892745018,-0.8376736044883728,0.44849127531051636;0.0069767748937010765,0.37467366456985474,0.2952408492565155,-0.10956213623285294;0.03763871267437935,-0.07113057374954224,0.05326037481427193,-0.022525280714035034
;-5.739363670349121;-3.5828826884520826e-13,0.015848346054553986,-0.8364285230636597,0.44878092408180237;0.006879442371428013,0.37462007999420166,0.29588520526885986,-0.10987541824579239;0.03789810463786125,-0.07118508964776993,0.053229812532663345,-0.022548099979758263
;-5.8184380531311035;-3.7349555956703306e-13,0.015877878293395042,-0.8351681232452393,0.4490674138069153;0.006783096585422754,0.37456610798835754,0.29653236269950867,-0.11018577218055725;0.03816021606326103,-0.07123994082212448,0.05319862812757492,-0.022571003064513206
;-5.897807598114014;-3.894023233204369e-13,0.01590742915868759,-0.8338920474052429,0.4493509531021118;0.006687736604362726,0.37451183795928955,0.2971822917461395,-0.11050248146057129;0.038425084203481674,-0.07129481434822083,0.05316801741719246,-0.022593991830945015
;-5.977474689483643;-4.060442303568945e-13,0.015937000513076782,-0.8325998187065125,0.4496312737464905;0.006593354046344757,0.3744572699069977,0.29783502221107483,-0.11082540452480316;0.03869269788265228,-0.07134971767663956,0.05313797667622566,-0.022617066279053688
;-6.057441234588623;-4.2345730329358677e-13,0.01596658304333687,-0.8312914371490479,0.4499083161354065;0.006499943323433399,0.3744024336338043,0.29849061369895935,-0.1111501082777977;0.038963206112384796,-0.07140481472015381,0.05310791730880737,-0.022640228271484375
;-6.137709617614746;-4.4167994999247395e-13,0.01599617674946785,-0.8299663066864014,0.4501822292804718;0.0064074997790157795,0.3743472099304199,0.2991490960121155,-0.1114765927195549;0.03923656418919563,-0.07146009057760239,0.053077831864356995,-0.022663475945591927
;-6.218282699584961;-4.607528551400786e-13,0.01602577418088913,-0.8286242485046387,0.45045286417007446;0.006316015962511301,0.37429168820381165,0.29981040954589844,-0.11180480569601059;0.03951283544301987,-0.07151555269956589,0.05304771661758423,-0.022686811164021492
;-6.299162864685059;-4.807190886677026e-13,0.016055375337600708,-0.8272651433944702,0.45072031021118164;0.0062254853546619415,0.3742358386516571,0.3004746735095978,-0.11213485151529312;0.03979207202792168,-0.07157120108604431,0.05301757529377937,-0.02271023578941822
;-6.3803534507751465;-5.016240244362646e-13,0.016084974631667137,-0.8258883357048035,0.45098477602005005;0.006135900039225817,0.3741797208786011,0.3011418879032135,-0.1124667078256607;0.04007428511977196,-0.07162704318761826,0.05298740789294243,-0.022733749821782112
;-6.461856365203857;-5.235146083998332e-13,0.01611456461250782,-0.8244936466217041,0.45124557614326477;0.00604725768789649,0.37412315607070923,0.3018120527267456,-0.11280037462711334;0.040359579026699066,-0.07168307900428772,0.052957214415073395,-0.022757355123758316
;-6.543674945831299;-5.464410933291031e-13,0.016144145280122757,-0.8230805993080139,0.45150309801101685;0.005959546659141779,0.3740663230419159,0.3024851679801941,-0.11313595622777939;0.0406479611992836,-0.0717393010854721,0.05292700603604317,-0.022781051695346832
;-6.625811576843262;-5.704566593406346e-13,0.01617370918393135,-0.821648895740509,0.45175716280937195;0.005872763693332672,0.3740091621875763,0.30316129326820374,-0.1134733259677887;0.04093947261571884,-0.07179573178291321,0.052896760404109955,-0.02280483767390251
;-6.708268642425537;-5.95616980215985e-13,0.016203248873353004,-0.8201984167098999,0.45200759172439575;0.005786903668195009,0.37395164370536804,0.3038404881954193,-0.1138126328587532;0.041234180331230164,-0.07185234874486923,0.05286649614572525,-0.0228287186473608
;-6.791049957275391;-6.219813618139891e-13,0.016232766211032867,-0.8187285661697388,0.4522545337677002;0.005701955873519182,0.37389370799064636,0.30452272295951843,-0.11415384709835052;0.04153212532401085,-0.07190916687250137,0.05283620208501816,-0.022852692753076553
;-6.874157905578613;-6.496113326079356e-13,0.016262250021100044,-0.8172392845153809,0.45249778032302856;0.005617918446660042,0.3738355338573456,0.3052080571651459,-0.11449699103832245;0.0418333038687706,-0.07196618616580963,0.052805881947278976,-0.022876761853694916
;-6.957595348358154;-6.785730831404546e-13,0.016291696578264236,-0.8157297372817993,0.45273756980895996;0.00553478067740798,0.37377697229385376,0.305896520614624,-0.11484207212924957;0.04213787615299225,-0.072023406624794,0.052775539457798004,-0.02290092408657074
;-7.041365623474121;-7.089357855101508e-13,0.016321102157235146,-0.8141999840736389,0.4529736042022705;0.005452542565762997,0.3737179636955261,0.3065881133079529,-0.11518912017345428;0.04244580492377281,-0.0720808357000351,0.05274515971541405,-0.022925181314349174
;-7.125471591949463;-7.407728402041014e-13,0.016350461170077324,-0.8126493096351624,0.4532057046890259;0.005371190141886473,0.373658686876297,0.3072829246520996,-0.11553820222616196;0.04275717958807945,-0.0721384659409523,0.0527147613465786,-0.02294953726232052
;-7.209916591644287;-7.741609545260097e-13,0.016379764303565025,-0.8110777735710144,0.4534341096878052;0.005290723871439695,0.37359902262687683,0.30798089504241943,-0.11588926613330841;0.04307203367352486,-0.07219630479812622,0.05268433690071106,-0.02297399193048477
;-7.294703960418701;-8.091828531016365e-13,0.01640900783240795,-0.809484601020813,0.45365867018699646;0.005211133975535631,0.3735389709472656,0.30868208408355713,-0.11624237149953842;0.043390460312366486,-0.07225435227155685,0.05265389010310173,-0.022998545318841934
;-7.379836559295654;-8.459231579105442e-13,0.016438186168670654,-0.8078693747520447,0.45387956500053406;0.005132414400577545,0.37347859144210815,0.30938658118247986,-0.11659753322601318;0.04371248185634613,-0.0723126083612442,0.05262341722846031,-0.023023197427392006
;-7.465317249298096;-8.844754898103269e-13,0.016467293724417686,-0.8062320947647095,0.4540962874889374;0.005054561421275139,0.37341776490211487,0.31009432673454285,-0.1169547587633133;0.04403811693191528,-0.07237108796834946,0.05259291082620621,-0.023047950118780136
;-7.551150321960449;-9.249340659697736e-13,0.0164963211864233,-0.8045721054077148,0.45430928468704224;0.00497756153345108,0.3733566105365753,0.31080541014671326,-0.11731412261724472;0.04436750337481499,-0.07242977619171143,0.05256238207221031,-0.023072803393006325
;-7.637338638305664;-9.674024819064653e-13,0.016525262966752052,-0.8028887510299683,0.45451807975769043;0.004901416599750519,0.37329503893852234,0.3115198612213135,-0.1176755428314209;0.044700633734464645,-0.0724886879324913,0.052531830966472626,-0.02309776097536087
;-7.723886013031006;-1.0119875857445004e-12,0.016554109752178192,-0.801182210445404,0.45472270250320435;0.004826116841286421,0.3732330799102783,0.3122376501560211,-0.11803919076919556;0.045037638396024704,-0.0725478008389473,0.05250124633312225,-0.023122822865843773
;-7.810795307159424;-1.0588037608130763e-12,0.016582857817411423,-0.7994518280029297,0.45492300391197205;0.004751658067107201,0.37317073345184326,0.31295886635780334,-0.11840498447418213;0.04537847638130188,-0.07260715216398239,0.05247064307332039,-0.023147987201809883
;-7.898070335388184;-1.107971028292687e-12,0.016611497849225998,-0.797697126865387,0.4551193118095398;0.004678033757954836,0.37310799956321716,0.31368353962898254,-0.118772953748703;0.04572334885597229,-0.0726667270064354,0.052440010011196136,-0.0231732577085495
;-7.985714912414551;-1.1596182998216409e-12,0.01664002239704132,-0.7959174513816833,0.45531126856803894;0.004605235066264868,0.3730447590351105,0.3144116997718811,-0.11914318799972534;0.04607218876481056,-0.07272651791572571,0.052409347146749496,-0.023198634386062622
;-8.073732376098633;-1.2138803417299782e-12,0.016668424010276794,-0.794113039970398,0.45549899339675903;0.004533255938440561,0.3729812204837799,0.3151433765888214,-0.11951568722724915;0.04642514884471893,-0.07278653979301453,0.052378661930561066,-0.02322412095963955
;-8.162126541137695;-1.270899943443815e-12,0.016696693375706673,-0.7922828793525696,0.4556823968887329;0.004462095443159342,0.3729172348976135,0.31587857007980347,-0.11989039182662964;0.04678225889801979,-0.07284680008888245,0.052347950637340546,-0.023249713703989983
;-8.25090217590332;-1.330828676426865e-12,0.01672481931746006,-0.7904269099235535,0.4558611214160919;0.004391742870211601,0.3728528618812561,0.31661731004714966,-0.12026751786470413;0.04714358225464821,-0.07290729135274887,0.052317213267087936,-0.02327541820704937
;-8.340060234069824;-1.393828303643263e-12,0.01675279811024666,-0.7885445356369019,0.456035315990448;0.004322194494307041,0.3727879822254181,0.31735971570014954,-0.12065654247999191;0.04750921577215195,-0.07296768575906754,0.05228767544031143,-0.023301230743527412
;-8.429604530334473;-1.4600688279936547e-12,0.01678062044084072,-0.7866353988647461,0.4562053084373474;0.004253446590155363,0.37272268533706665,0.3181057870388031,-0.1210479587316513;0.0478791669011116,-0.0730283185839653,0.052258118987083435,-0.023327158764004707
;-8.519540786743164;-1.5297275165332413e-12,0.016808275133371353,-0.784699022769928,0.45637020468711853;0.004185487981885672,0.37265703082084656,0.31885552406311035,-0.1214369535446167;0.04825354740023613,-0.0730893537402153,0.052227918058633804,-0.023353196680545807
;-8.609872817993164;-1.6029987667115497e-12,0.01683575101196766,-0.7827350497245789,0.45653054118156433;0.004118314478546381,0.3725908696651459,0.31960901618003845,-0.12183321267366409;0.048632457852363586,-0.07315047085285187,0.05219831317663193,-0.02337934821844101
;-8.700602531433105;-1.6800819633080999e-12,0.01686304435133934,-0.7807431221008301,0.4566860795021057;0.004051924683153629,0.372524231672287,0.320366233587265,-0.12223194539546967;0.04901597276329994,-0.07321181893348694,0.05216867849230766,-0.023405617102980614
;-8.791735649108887;-1.7611940551776062e-12,0.016890138387680054,-0.7787227034568787,0.45683711767196655;0.00398631114512682,0.37245720624923706,0.3211272656917572,-0.12262831628322601;0.04940413311123848,-0.07327359169721603,0.05213840305805206,-0.02343200147151947
;-8.883275985717773;-1.846562833196508e-12,0.016917027533054352,-0.7766736149787903,0.4569825828075409;0.003921459894627333,0.37238970398902893,0.3218921422958374,-0.1230321004986763;0.04979698359966278,-0.0733354315161705,0.05210871994495392,-0.02345850132405758
;-8.975227355957031;-1.9364275807842724e-12,0.01694369688630104,-0.7745952606201172,0.45712336897850037;0.0038573776837438345,0.3723217248916626,0.3226608633995056,-0.12343844026327133;0.05019471421837807,-0.07339753210544586,0.05207901820540428,-0.023485124111175537
;-9.067594528198242;-2.0310467717388203e-12,0.016970138996839523,-0.7724873423576355,0.45725885033607483;0.0037940486799925566,0.37225332856178284,0.323433518409729,-0.1238473579287529;0.05059730261564255,-0.07345987856388092,0.05204928293824196,-0.023511862382292747
;-9.160381317138672;-2.1306942755289215e-12,0.016996338963508606,-0.770349383354187,0.4573897421360016;0.0037314705550670624,0.3721843957901001,0.32421019673347473,-0.12425890564918518;0.05100491642951965,-0.07352248579263687,0.052019525319337845,-0.023538723587989807
;-9.253592491149902;-2.2356532857620293e-12,0.017022287473082542,-0.7681810259819031,0.45751509070396423;0.0036696421448141336,0.37211501598358154,0.32499074935913086,-0.12467308342456818;0.05141758918762207,-0.07358535379171371,0.05198974534869194,-0.023565707728266716
;-9.347232818603516;-2.3462347516212123e-12,0.017047973349690437,-0.7659817337989807,0.4576351046562195;0.003608551574870944,0.3720451593399048,0.3257754147052765,-0.12508997321128845;0.051835402846336365,-0.07364847511053085,0.051959943026304245,-0.023592814803123474
;-9.441305160522461;-2.462764150598651e-12,0.017073379829525948,-0.763751745223999,0.4577501118183136;0.0035481941886246204,0.37197476625442505,0.32656410336494446,-0.125509575009346;0.05225847288966179,-0.07371185719966888,0.051930107176303864,-0.02362004667520523
;-9.535816192626953;-2.5855882105491057e-12,0.017098499462008476,-0.7614901065826416,0.45785969495773315;0.003488564398139715,0.3719038963317871,0.3273569345474243,-0.12593191862106323;0.05268687754869461,-0.0737755075097084,0.05190026015043259,-0.023647405207157135
;-9.630768775939941;-2.715073391806877e-12,0.01712331548333168,-0.7591963410377502,0.45796340703964233;0.003429659642279148,0.37183254957199097,0.3281538784503937,-0.1263570636510849;0.053120728582143784,-0.07383942604064941,0.051870375871658325,-0.023674892261624336
;-9.726168632507324;-2.8516095734731906e-12,0.017147816717624664,-0.7568705677986145,0.45806172490119934;0.0033714717719703913,0.37176066637039185,0.32895511388778687,-0.126785010099411;0.053560078144073486,-0.07390362024307251,0.05184047669172287,-0.023702505975961685
;-9.822019577026367;-2.995617209150536e-12,0.017171986401081085,-0.7545121312141418,0.45815446972846985;0.0033139968290925026,0.37168824672698975,0.3297605514526367,-0.12721578776836395;0.05400511994957924,-0.0739680826663971,0.05181054770946503,-0.02373025380074978
;-9.918327331542969;-3.147535183878336e-12,0.017195813357830048,-0.752120852470398,0.45824119448661804;0.0032572257332503796,0.37161538004875183,0.3305702805519104,-0.1276494562625885;0.05445582792162895,-0.07403282821178436,0.051780592650175095,-0.02375812828540802
;-10.015096664428711;-3.307834908761187e-12,0.01721927896142006,-0.7496963739395142,0.4583221971988678;0.003201159415766597,0.371541827917099,0.3313843011856079,-0.12808607518672943;0.054912421852350235,-0.07409784942865372,0.051750607788562775,-0.023786138743162155
;-10.11233139038086;-3.477016417841039e-12,0.017242372035980225,-0.7472383379936218,0.4583973288536072;0.003145783208310604,0.37146785855293274,0.3322027623653412,-0.12852565944194794;0.0553748793900013,-0.07416314631700516,0.05172060430049896,-0.023814285174012184
;-10.210037231445312;-3.655612704905886e-12,0.01726507768034935,-0.7447463870048523,0.4584665894508362;0.003091100137680769,0.37139323353767395,0.33302560448646545,-0.1289682239294052;0.055843453854322433,-0.07422873377799988,0.05169057473540306,-0.02384256385266781
;-10.308218955993652;-3.844191458213242e-12,0.01728738099336624,-0.7422204613685608,0.45852965116500854;0.0030371027532964945,0.3713182508945465,0.33385300636291504,-0.12941376864910126;0.05631813034415245,-0.07429461181163788,0.05166051909327507,-0.023870980367064476
;-10.406881332397461;-4.043353325766663e-12,0.017309261485934258,-0.7396602034568787,0.4585864543914795;0.002983781276270747,0.37124255299568176,0.3346848487854004,-0.12986241281032562;0.056799087673425674,-0.07436078041791916,0.05163044109940529,-0.023899538442492485
;-10.50602912902832;-4.253743624699213e-12,0.017330706119537354,-0.7370650172233582,0.45863690972328186;0.002931135706603527,0.3711663782596588,0.33552128076553345,-0.1303141564130783;0.05728641524910927,-0.07442723959684372,0.05160033702850342,-0.023928234353661537
;-10.605667114257812;-4.476050172869117e-12,0.017351696267724037,-0.7344350814819336,0.4586810767650604;0.0028791597578674555,0.37108948826789856,0.336362361907959,-0.1307690441608429;0.05778023228049278,-0.07449400424957275,0.051570210605859756,-0.02395707182586193
;-10.705801010131836;-4.710998084689333e-12,0.017372215166687965,-0.7317696809768677,0.4587189257144928;0.002827847609296441,0.3710121512413025,0.3372081220149994,-0.13122710585594177;0.05828068032860756,-0.07456105202436447,0.051540058106184006,-0.023986052721738815
;-10.806436538696289;-4.959373623575347e-12,0.017392244189977646,-0.7290691137313843,0.4587501585483551;0.0027771922759711742,0.37093421816825867,0.33805862069129944,-0.1316884160041809;0.058787811547517776,-0.07462841272354126,0.05150987580418587,-0.02401517704129219
;-10.907577514648438;-5.221993844284345e-12,0.017411760985851288,-0.7263328433036804,0.4587748646736145;0.0027271921280771494,0.3708556890487671,0.33891376852989197,-0.13215284049510956;0.05930182710289955,-0.07469608634710312,0.05147967115044594,-0.024044450372457504
;-11.009228706359863;-5.4997521294064544e-12,0.017430754378437996,-0.7235607504844666,0.45879271626472473;0.002677838085219264,0.37077656388282776,0.33977383375167847,-0.13262061774730682;0.059822820127010345,-0.07476405799388885,0.05144944041967392,-0.02407386712729931
;-11.111396789550781;-5.793590433789131e-12,0.01744920201599598,-0.7207524180412292,0.4588037431240082;0.0026291289832443,0.3706968426704407,0.34063878655433655,-0.13309162855148315;0.060350917279720306,-0.07483234256505966,0.05141918361186981,-0.024103432893753052
;-11.214086532592773;-6.104513596005834e-12,0.017467085272073746,-0.7179082036018372,0.45880788564682007;0.002581058070063591,0.37061646580696106,0.3415086269378662,-0.13356609642505646;0.06088629364967346,-0.07490094751119614,0.05138890817761421,-0.024133149534463882
;-11.317302703857422;-6.433599313016014e-12,0.017484381794929504,-0.7150273323059082,0.4588049650192261;0.0025336185935884714,0.3705354928970337,0.3423834443092346,-0.13404393196105957;0.06142899766564369,-0.07496986538171768,0.05135859549045563,-0.02416301891207695
;-11.421051025390625;-6.781993803356423e-12,0.017501071095466614,-0.7121102213859558,0.45879483222961426;0.0024868082255125046,0.3704538941383362,0.34326329827308655,-0.13452523946762085;0.061979249119758606,-0.07503911107778549,0.05132826045155525,-0.024193041026592255
;-11.525336265563965;-7.150919613396756e-12,0.01751713454723358,-0.7091561555862427,0.4587774872779846;0.0024406220763921738,0.37037163972854614,0.34414827823638916,-0.1350099891424179;0.06253713369369507,-0.07510867714881897,0.051297906786203384,-0.024223217740654945
;-11.63016414642334;-7.541687760403981e-12,0.01753254607319832,-0.7061653137207031,0.45875284075737;0.0023950531613081694,0.3702887296676636,0.34503835439682007,-0.1354983001947403;0.06310281902551651,-0.07517857104539871,0.05126752331852913,-0.02425355091691017
;-11.735539436340332;-7.955695997818868e-12,0.01754728890955448,-0.7031376361846924,0.45872068405151367;0.0023500982206314802,0.3702051639556885,0.3459337651729584,-0.13599014282226562;0.06367645412683487,-0.07524879276752472,0.051237113773822784,-0.02428404428064823
;-11.84146785736084;-8.394433585745542e-12,0.01756133884191513,-0.7000730633735657,0.4586811363697052;0.0023057537619024515,0.3701208829879761,0.3468343913555145,-0.13648562133312225;0.06425818055868149,-0.07531935721635818,0.05120668187737465,-0.024314694106578827
;-11.947955131530762;-8.859500806590592e-12,0.017574669793248177,-0.6969714164733887,0.4586338996887207;0.002262011170387268,0.37003597617149353,0.3477402329444885,-0.1369846910238266;0.0648481622338295,-0.07539024949073792,0.051176223903894424,-0.024345505982637405
;-12.05500602722168;-9.352605495616118e-12,0.01758725941181183,-0.6938324570655823,0.45857903361320496;0.0022188692819327116,0.36995041370391846,0.3486515283584595,-0.1374875009059906;0.06544651836156845,-0.0754614919424057,0.05114573612809181,-0.024376483634114265
;-12.162626266479492;-9.875564775663204e-12,0.017599085345864296,-0.6906566023826599,0.4585161805152893;0.002176320645958185,0.3698641061782837,0.34956827759742737,-0.13799403607845306;0.06605347990989685,-0.07553306967020035,0.05111522972583771,-0.02440762147307396
;-12.270821571350098;-1.0430342353706656e-11,0.01761012338101864,-0.6874433755874634,0.4584454596042633;0.0021343627013266087,0.369777113199234,0.350490540266037,-0.13850434124469757;0.06666913628578186,-0.07560499757528305,0.051084693521261215,-0.024438926950097084
;-12.379596710205078;-1.101901469374722e-11,0.017620347440242767,-0.6841928362846375,0.4583665728569031;0.0020929898601025343,0.36968937516212463,0.3514183461666107,-0.1390184611082077;0.067293681204319,-0.07567727565765381,0.051054131239652634,-0.02447040006518364
;-12.488956451416016;-1.1643816119621953e-11,0.01762973517179489,-0.680905282497406,0.4582795202732086;0.00205219560302794,0.36960098147392273,0.35235175490379333,-0.13953641057014465;0.0679272785782814,-0.07574990391731262,0.05102354660630226,-0.024502040818333626
;-12.598907470703125;-1.2307157896962462e-11,0.017638256773352623,-0.6775801181793213,0.45818406343460083;0.002011979464441538,0.36951175332069397,0.3532908260822296,-0.14005820453166962;0.0685701072216034,-0.07582288235425949,0.0509929321706295,-0.02453385479748249
;-12.709454536437988;-1.30115961408106e-11,0.01764589175581932,-0.6742181777954102,0.4580802917480469;0.0019723328296095133,0.3694218695163727,0.3542356491088867,-0.14058399200439453;0.06922240555286407,-0.0758962333202362,0.05096229165792465,-0.024565840139985085
;-12.820603370666504;-1.3759869112173195e-11,0.017652608454227448,-0.6708189845085144,0.45796793699264526;0.0019332526717334986,0.36933115124702454,0.35518625378608704,-0.1411137729883194;0.06988426297903061,-0.07596994936466217,0.05093162879347801,-0.024597998708486557
;-12.932358741760254;-1.4554919769427244e-11,0.017658377066254616,-0.6673826575279236,0.45784690976142883;0.0018947370117530227,0.3692397475242615,0.3561428189277649,-0.1416475772857666;0.07055587321519852,-0.07604401558637619,0.05090093985199928,-0.024630332365632057
;-13.044727325439453;-1.539988969678774e-11,0.017663178965449333,-0.6639092564582825,0.4577171802520752;0.0018567764200270176,0.36914756894111633,0.3571052551269531,-0.14218538999557495;0.07123743742704391,-0.07611846178770065,0.050870224833488464,-0.024662841111421585
;-13.157712936401367;-1.6298191962693664e-11,0.017666976898908615,-0.6603989005088806,0.45757853984832764;0.0018193696159869432,0.36905455589294434,0.3580736517906189,-0.142727330327034;0.0719292089343071,-0.07619328051805496,0.05083948001265526,-0.02469553053379059
;-13.271320343017578;-1.7253415710016817e-11,0.01766975410282612,-0.6568519473075867,0.45743119716644287;0.0017825113609433174,0.36896079778671265,0.35904812812805176,-0.14327877759933472;0.07263125479221344,-0.07626830041408539,0.0508093498647213,-0.024728398770093918
;-13.3855562210083;-1.8269460597131193e-11,0.01767146959900856,-0.6532680988311768,0.4572744369506836;0.0017461971146985888,0.3688662648200989,0.3600287437438965,-0.1438344568014145;0.07334389537572861,-0.07634370028972626,0.050779204815626144,-0.024761449545621872
;-13.5004243850708;-1.9350472613144376e-11,0.017672099173069,-0.6496477127075195,0.4571085572242737;0.0017104235012084246,0.36877086758613586,0.36101552844047546,-0.14439979195594788;0.07406727224588394,-0.07641932368278503,0.05074966698884964,-0.0247946809977293
;-13.61592960357666;-2.0500953365476526e-11,0.0176716186106205,-0.6459907293319702,0.45693323016166687;0.001675184816122055,0.368674635887146,0.362008661031723,-0.1449693888425827;0.07480163127183914,-0.07649530470371246,0.050720106810331345,-0.024828096851706505
;-13.732078552246094;-2.1725675078410056e-11,0.01766998879611492,-0.6422978043556213,0.4567485749721527;0.0016404768684878945,0.36857759952545166,0.3630080819129944,-0.14553794264793396;0.07554712146520615,-0.07657186686992645,0.05068988353013992,-0.02486169897019863
;-13.848877906799316;-2.3029798554285996e-11,0.017667187377810478,-0.6385688185691833,0.4565544128417969;0.001606294885277748,0.36847975850105286,0.3640138506889343,-0.14610545337200165;0.07630399614572525,-0.07664898037910461,0.05065898597240448,-0.02489549107849598
;-13.966331481933594;-2.4418864499886617e-11,0.01766318269073963,-0.6348040103912354,0.4563503861427307;0.00157263595610857,0.36838099360466003,0.3650260269641876,-0.1466773897409439;0.07707254588603973,-0.07672648876905441,0.050628066062927246,-0.0249294675886631
;-14.08444595336914;-2.5898819547287566e-11,0.017657937481999397,-0.6310036182403564,0.4561365842819214;0.0015394933288916945,0.36828139424324036,0.3660447597503662,-0.14725372195243835;0.07785291969776154,-0.07680439203977585,0.05059712380170822,-0.024963637813925743
;-14.203226089477539;-2.7476049213603915e-11,0.017651431262493134,-0.6271679997444153,0.4559127688407898;0.0015068635111674666,0.3681809604167938,0.3670700788497925,-0.14783456921577454;0.07864532619714737,-0.07688269764184952,0.05056615173816681,-0.024997998028993607
;-14.322677612304688;-2.915741606490663e-11,0.017643628641963005,-0.6232972145080566,0.45567891001701355;0.0014747430104762316,0.36807963252067566,0.3681020736694336,-0.14841993153095245;0.07945013046264648,-0.07696140557527542,0.05053514987230301,-0.02503255568444729
;-14.442804336547852;-3.095032563571465e-11,0.017634497955441475,-0.6193916201591492,0.45543479919433594;0.0014431251911446452,0.36797741055488586,0.36914071440696716,-0.14900986850261688;0.08026742190122604,-0.07704052329063416,0.05050412192940712,-0.02506730891764164
;-14.563612937927246;-3.286266397894977e-11,0.017624005675315857,-0.6154516339302063,0.4551803767681122;0.0014120076084509492,0.3678742051124573,0.37018612027168274,-0.1496044248342514;0.08109753578901291,-0.07712005078792572,0.05047307536005974,-0.02510225586593151
;-14.685108184814453;-3.490302491471198e-11,0.01761212944984436,-0.6114773154258728,0.454915314912796;0.001381385256536305,0.36777013540267944,0.37123849987983704,-0.15020917356014252;0.08194069564342499,-0.07719982415437698,0.0504426471889019,-0.0251374002546072
;-14.807294845581055;-3.7080557374613576e-11,0.017598824575543404,-0.6074690222740173,0.45463958382606506;0.0013512542936950922,0.3676651418209076,0.3722977340221405,-0.15081314742565155;0.08279719203710556,-0.0772801861166954,0.050411541014909744,-0.025172747671604156
;-14.93017864227295;-3.9405152751914585e-11,0.017584070563316345,-0.6034274697303772,0.4543531835079193;0.0013216101797297597,0.3675592541694641,0.37336400151252747,-0.15142178535461426;0.08366728574037552,-0.07736095786094666,0.050380412489175797,-0.02520829439163208
;-15.053764343261719;-4.188747612654531e-11,0.0175678338855505,-0.5993527173995972,0.4540559947490692;0.0012924475595355034,0.36745235323905945,0.37443727254867554,-0.15203523635864258;0.08455122262239456,-0.07744216173887253,0.05034925416111946,-0.02524404786527157
;-15.178056716918945;-4.4538959326212435e-11,0.017550082877278328,-0.5952450633049011,0.4537477195262909;0.0012637627078220248,0.367344468832016,0.37551772594451904,-0.1526591181755066;0.08544924110174179,-0.0775236114859581,0.05031871795654297,-0.025280000641942024
;-15.303059577941895;-4.737195358206492e-11,0.017530784010887146,-0.591105043888092,0.4534284472465515;0.0012355510843917727,0.3672356903553009,0.37660539150238037,-0.153287872672081;0.08636164665222168,-0.07760550081729889,0.050288163125514984,-0.025316160172224045
;-15.428779602050781;-5.0399701773118366e-11,0.017509909346699715,-0.5869330167770386,0.4530978500843048;0.0012078089639544487,0.36712586879730225,0.3777002692222595,-0.15391598641872406;0.08728879690170288,-0.07768797874450684,0.05025693029165268,-0.02535252645611763
;-15.555221557617188;-5.363657781809472e-11,0.017487429082393646,-0.5827298760414124,0.4527558386325836;0.0011805323883891106,0.3670150339603424,0.3788025379180908,-0.15454904735088348;0.08823083341121674,-0.0777709037065506,0.05022566765546799,-0.025389105081558228
;-15.682390213012695;-5.709795483643809e-11,0.017463309690356255,-0.5784953832626343,0.4524022340774536;0.0011537154205143452,0.36690324544906616,0.3799121379852295,-0.15518702566623688;0.08918824046850204,-0.07785426080226898,0.050194378942251205,-0.02542588859796524
;-15.81028938293457;-6.080055209300994e-11,0.0174375269562006,-0.5742304921150208,0.45203697681427;0.0011273541022092104,0.3667904734611511,0.381029337644577,-0.15583573281764984;0.09016112238168716,-0.07793789356946945,0.050163716077804565,-0.025462886318564415
;-15.938924789428711;-6.476228581187016e-11,0.017410043627023697,-0.5699355006217957,0.4516599476337433;0.0011014449410140514,0.3666766583919525,0.3821539580821991,-0.15648949146270752;0.0911499410867691,-0.07802195847034454,0.050133030861616135,-0.025500090792775154
;-16.068300247192383;-6.900249122088198e-11,0.017380839213728905,-0.5656111240386963,0.45127105712890625;0.0010759835131466389,0.36656180024147034,0.3832862675189972,-0.1571427434682846;0.09215497225522995,-0.07810663431882858,0.05010166019201279,-0.025537513196468353
;-16.19841957092285;-7.354204051290836e-11,0.017349880188703537,-0.5612576603889465,0.45086991786956787;0.0010509643470868468,0.3664458394050598,0.3844262659549713,-0.15781256556510925;0.0931764543056488,-0.07819142937660217,0.05007157847285271,-0.025575151666998863
;-16.329288482666016;-7.840345733756138e-11,0.017317140474915504,-0.5568757653236389,0.45045655965805054;0.0010263844160363078,0.3663288950920105,0.38557401299476624,-0.15848764777183533;0.09421483427286148,-0.07827666401863098,0.05004147067666054,-0.025613008067011833
;-16.460912704467773;-8.361109721244375e-11,0.01728259027004242,-0.5524660348892212,0.45003077387809753;0.001002238830551505,0.36621078848838806,0.38672953844070435,-0.15916801989078522;0.09527042508125305,-0.0783623531460762,0.05001133680343628,-0.025651078671216965
;-16.593294143676758;-8.919120997319396e-11,0.017246205359697342,-0.5480290651321411,0.449592649936676;0.0009785217698663473,0.36609166860580444,0.38789302110671997,-0.15984798967838287;0.0963435247540474,-0.07844867557287216,0.049980517476797104,-0.025689370930194855
;-16.7264404296875;-9.51720161013192e-11,0.017207961529493332,-0.5435652732849121,0.4491417706012726;0.0009552314295433462,0.3659713566303253,0.3890645205974579,-0.1605275273323059;0.09743451327085495,-0.07853563129901886,0.04994902014732361,-0.025727884843945503
;-16.860355377197266;-1.0158445612473699e-10,0.01716783083975315,-0.5390756726264954,0.4486781656742096;0.0009323611157014966,0.36584991216659546,0.3902439773082733,-0.16121824085712433;0.09854374080896378,-0.07862286269664764,0.04991815611720085,-0.025766616687178612
;-16.995040893554688;-1.084613301949311e-10,0.01712578721344471,-0.5345607995986938,0.44820159673690796;0.0009099078015424311,0.3657274544239044,0.3914315104484558,-0.1619144082069397;0.09967155009508133,-0.07871057838201523,0.04988725855946541,-0.025805573910474777
;-17.130504608154297;-1.1583858872121766e-10,0.017081808298826218,-0.5300211906433105,0.4477120339870453;0.0008878664812073112,0.3656037449836731,0.3926272690296173,-0.16262184083461761;0.1008184552192688,-0.0787985697388649,0.049856998026371,-0.02584475837647915
;-17.266748428344727;-1.23754770320339e-10,0.01703588105738163,-0.5254577994346619,0.4472092092037201;0.0008662330801598728,0.3654788136482239,0.3938312828540802,-0.16332897543907166;0.10198454558849335,-0.0788872167468071,0.04982605576515198,-0.025884166359901428
;-17.403778076171875;-1.3225173733921736e-10,0.01698797568678856,-0.5208708643913269,0.44669315218925476;0.0008450022432953119,0.3653528392314911,0.39504358172416687,-0.16404756903648376;0.1031704917550087,-0.07897615432739258,0.04979575052857399,-0.025923801586031914
;-17.541595458984375;-1.4137464809937939e-10,0.016938071697950363,-0.516261637210846,0.44616350531578064;0.0008241715258918703,0.3652256429195404,0.3962642550468445,-0.16477176547050476;0.1043766513466835,-0.07906556874513626,0.049765411764383316,-0.025963665917515755
;-17.680206298828125;-1.5117253282515009e-10,0.016886159777641296,-0.5116305947303772,0.4456203281879425;0.0008037342340685427,0.3650972247123718,0.39749330282211304,-0.16549576818943024;0.10560334473848343,-0.07915563136339188,0.049734391272068024,-0.02600375935435295
;-17.819612503051758;-1.6169807159904792e-10,0.01683221571147442,-0.506978452205658,0.44506338238716125;0.0007836876320652664,0.36496755480766296,0.39873093366622925,-0.16623130440711975;0.10685089975595474,-0.07924599945545197,0.04970400407910347,-0.026044080033898354
;-17.959819793701172;-1.7300878785153628e-10,0.016776228323578835,-0.5023061633110046,0.44449254870414734;0.0007640260155312717,0.3648366928100586,0.3999772071838379,-0.1669725924730301;0.10811985284090042,-0.07933684438467026,0.04967359080910683,-0.02608463540673256
;-18.100833892822266;-1.8516646549393556e-10,0.016718178987503052,-0.4976145923137665,0.4439077079296112;0.0007447462412528694,0.36470457911491394,0.4012320339679718,-0.16771966218948364;0.10941068083047867,-0.07942818105220795,0.04964315891265869,-0.02612542361021042
;-18.242656707763672;-1.9823837016375023e-10,0.016658056527376175,-0.4929044842720032,0.443308562040329;0.000725842546671629,0.364571213722229,0.4024955928325653,-0.16847261786460876;0.1107238158583641,-0.07952000200748444,0.04961270093917847,-0.02616644650697708
;-18.385290145874023;-2.1229708269121517e-10,0.016595851629972458,-0.48817652463912964,0.44269508123397827;0.0007073114393278956,0.36443662643432617,0.4037679433822632,-0.1692313402891159;0.11205964535474777,-0.07961231470108032,0.049582213163375854,-0.026207702234387398
;-18.52873992919922;-2.2742124849983725e-10,0.016531549394130707,-0.4834315776824951,0.44206711649894714;0.000689147796947509,0.3643006682395935,0.40504905581474304,-0.16999605298042297;0.11341862380504608,-0.07970510423183441,0.04955170303583145,-0.026249196380376816
;-18.673009872436523;-2.436961465956955e-10,0.01646515354514122,-0.47867080569267273,0.441424697637558;0.000671347719617188,0.36416345834732056,0.4063391089439392,-0.1707667112350464;0.11480125784873962,-0.07979840040206909,0.04952116683125496,-0.026290927082300186
;-18.818103790283203;-2.6121435570125584e-10,0.016396645456552505,-0.47389501333236694,0.44076740741729736;0.0006539063178934157,0.36402490735054016,0.4076381027698517,-0.17154324054718018;0.11620799452066422,-0.07989218086004257,0.049490608274936676,-0.02633289434015751
;-18.964025497436523;-2.800759346666126e-10,0.01632603257894516,-0.46910497546195984,0.44009527564048767;0.0006368187605403364,0.3638850450515747,0.40894612669944763,-0.17232590913772583;0.11763934791088104,-0.07998646050691605,0.049460023641586304,-0.026375101879239082
;-19.11077880859375;-3.003896575926035e-10,0.016253303736448288,-0.4643016457557678,0.43940815329551697;0.0006200809148140252,0.3637438714504242,0.4102632999420166,-0.17311453819274902;0.11909578740596771,-0.08008124679327011,0.049429409205913544,-0.026417551562190056
;-19.258365631103516;-3.222729860752338e-10,0.016178468242287636,-0.45948588848114014,0.43870580196380615;0.0006036889390088618,0.3636011779308319,0.41158947348594666,-0.17390930652618408;0.1205778568983078,-0.08017652481794357,0.04939877241849899,-0.02646024338901043
;-19.406787872314453;-3.4585398434039405e-10,0.016101520508527756,-0.45465895533561707,0.4379882216453552;0.0005876376526430249,0.3634573221206665,0.41292494535446167,-0.174710214138031;0.12208611518144608,-0.08027231693267822,0.04936810955405235,-0.026503175497055054
;-19.556053161621094;-3.712707086211964e-10,0.016022466123104095,-0.4498215615749359,0.4372551143169403;0.0005719226901419461,0.3633119761943817,0.4142695963382721,-0.1755172461271286;0.12362108379602432,-0.08036860823631287,0.049337420612573624,-0.026546349748969078
;-19.70616340637207;-3.9867406598226296e-10,0.01594131626188755,-0.4449746012687683,0.4365064799785614;0.0005565393948927522,0.3631651997566223,0.41562363505363464,-0.17633050680160522;0.12518310546875,-0.0804654136300087,0.0493067130446434,-0.0265897698700428
;-19.857120513916016;-4.282265653188233e-10,0.01585806906223297,-0.44011905789375305,0.4357421398162842;0.0005414833431132138,0.3630170524120331,0.4169870615005493,-0.17715001106262207;0.12677304446697235,-0.08056271821260452,0.04927597567439079,-0.026633433997631073
;-20.008926391601562;-4.601057868036662e-10,0.01577274315059185,-0.43525612354278564,0.43496188521385193;0.0005267508095130324,0.36286747455596924,0.4183598756790161,-0.17797574400901794;0.12839122116565704,-0.08066052943468094,0.049245208501815796,-0.026677347719669342
;-20.16158676147461;-4.945035492198713e-10,0.01568535342812538,-0.43038681149482727,0.43416574597358704;0.0005123359733261168,0.3627164661884308,0.41974225640296936,-0.17880776524543762;0.1300382912158966,-0.08075886219739914,0.04921442270278931,-0.02672150358557701
;-20.31510353088379;-5.316284634737656e-10,0.015595903620123863,-0.42551207542419434,0.43335339426994324;0.0004982357495464385,0.36256399750709534,0.4211341440677643,-0.17964611947536469;0.13171501457691193,-0.08085771650075912,0.04918360710144043,-0.026765907183289528
;-20.469480514526367;-5.717075146627337e-10,0.015504421666264534,-0.42063286900520325,0.4325248599052429;0.0004844444338232279,0.3624100387096405,0.42253556847572327,-0.18049083650112152;0.13342168927192688,-0.0809570699930191,0.049152765423059464,-0.02681056223809719
;-20.62472152709961;-6.14986561675579e-10,0.015410920605063438,-0.4157503545284271,0.4316800534725189;0.00047095841728150845,0.36225461959838867,0.42394667863845825,-0.18134206533432007;0.13515911996364594,-0.08105695992708206,0.049121905118227005,-0.02685546688735485
;-20.780826568603516;-6.617332792835384e-10,0.015315423719584942,-0.41086545586586,0.4308185875415802;0.00045777251943945885,0.3620976209640503,0.4253675043582916,-0.18219968676567078;0.13692790269851685,-0.08115735650062561,0.04909101128578186,-0.026900621131062508
;-20.937801361083984;-7.122386014302151e-10,0.01521795429289341,-0.40597936511039734,0.42994049191474915;0.00044488313142210245,0.36193913221359253,0.426798015832901,-0.18306377530097961;0.13872867822647095,-0.08125828206539154,0.04906009882688522,-0.02694602683186531
;-21.095645904541016;-7.66817220831939e-10,0.015118538402020931,-0.4010929465293884,0.42904558777809143;0.000432285392889753,0.3617790937423706,0.4282383620738983,-0.18393439054489136;0.14056207239627838,-0.08135972172021866,0.0490291565656662,-0.02699168398976326
;-21.254365921020508;-8.258135841821002e-10,0.015017202123999596,-0.3962074816226959,0.42813387513160706;0.0004199750837869942,0.3616175353527069,0.4296884834766388,-0.18481163680553436;0.14242887496948242,-0.08146169781684875,0.048998188227415085,-0.027037596330046654
;-21.413963317871094;-8.896002268166114e-10,0.014913979917764664,-0.3913240134716034,0.42720499634742737;0.0004079471982549876,0.36145421862602234,0.43114855885505676,-0.18569546937942505;0.1443295180797577,-0.08156420290470123,0.04896719753742218,-0.027083760127425194
;-21.574438095092773;-9.585827687175197e-10,0.014808903448283672,-0.38644370436668396,0.4262591302394867;0.000396197778172791,0.36128953099250793,0.43261852860450745,-0.18658584356307983;0.14626489579677582,-0.0816672295331955,0.04893617704510689,-0.02713017910718918
;-21.735795974731445;-1.0332029676263232e-9,0.01470200065523386,-0.38156741857528687,0.42529600858688354;0.00038472251617349684,0.3611229956150055,0.4340985417366028,-0.18748290836811066;0.14823570847511292,-0.08177079260349274,0.048905134201049805,-0.027176855131983757
;-21.898038864135742;-1.1139396072223917e-9,0.014593317173421383,-0.3766964077949524,0.4243153929710388;0.0003735168429557234,0.36095499992370605,0.4355885684490204,-0.1883866786956787;0.15024258196353912,-0.08187487721443176,0.04887406527996063,-0.02722378633916378
;-22.061168670654297;-1.2013152694834162e-9,0.014482886530458927,-0.3718315362930298,0.4233173131942749;0.0003625763929449022,0.3607853055000305,0.43708857893943787,-0.18929721415042877;0.1522863805294037,-0.08197949826717377,0.04884297028183937,-0.027270974591374397
;-22.225187301635742;-1.2958971673526776e-9,0.014370751567184925,-0.3669740557670593,0.42230159044265747;0.00035189694608561695,0.36061394214630127,0.43859875202178955,-0.19021448493003845;0.15436773002147675,-0.08208465576171875,0.04881184920668602,-0.027318421751260757
;-22.390098571777344;-1.3983042501664045e-9,0.01425695139914751,-0.3621252179145813,0.421268105506897;0.0003414740494918078,0.36044082045555115,0.4401189684867859,-0.19113858044147491;0.15648747980594635,-0.08219035714864731,0.04878069832921028,-0.02736612595617771
;-22.555906295776367;-1.5092077587652852e-9,0.014141533523797989,-0.35728588700294495,0.42021676898002625;0.0003313032793812454,0.3602661192417145,0.44164934754371643,-0.19206948578357697;0.15864644944667816,-0.08229658752679825,0.04874952509999275,-0.027414090931415558
;-22.722612380981445;-1.6293392191002454e-9,0.014024541713297367,-0.352457195520401,0.41914746165275574;0.00032138085225597024,0.36008957028388977,0.44318991899490356,-0.19300726056098938;0.16084538400173187,-0.08240335434675217,0.048718325793743134,-0.027462312951683998
;-22.89021873474121;-1.7594957713029657e-9,0.0139060253277421,-0.3476402163505554,0.41806015372276306;0.00031170155853033066,0.35991135239601135,0.44474080204963684,-0.19395194947719574;0.16308516263961792,-0.08251067250967026,0.048687100410461426,-0.02751079760491848
;-23.058727264404297;-1.9005437223995614e-9,0.013786033727228642,-0.3428361117839813,0.41695454716682434;0.0003022621385753155,0.3597313463687897,0.4463018774986267,-0.19490362703800201;0.16536661982536316,-0.08261852711439133,0.04865584895014763,-0.027559543028473854
;-23.228139877319336;-2.0534263178717538e-9,0.013664619997143745,-0.33804580569267273,0.4158306419849396;0.0002930578775703907,0.3595496118068695,0.44787323474884033,-0.19586218893527985;0.16769056022167206,-0.08272692561149597,0.04862457141280174,-0.02760855108499527
;-23.398460388183594;-2.2191719573072533e-9,0.01354183629155159,-0.33327049016952515,0.4146884083747864;0.00028408446814864874,0.3593659996986389,0.44945499300956726,-0.19682782888412476;0.17005786299705505,-0.08283586800098419,0.04859326779842377,-0.027657821774482727
;-23.569690704345703;-2.398899967559487e-9,0.013417733833193779,-0.32851114869117737,0.41352757811546326;0.000275337923085317,0.35918059945106506,0.45104700326919556,-0.19780050218105316;0.17246948182582855,-0.08294536918401718,0.0485619381070137,-0.027707356959581375
;-23.741832733154297;-2.5938249326173946e-9,0.013292369432747364,-0.32376882433891296,0.4123481512069702;0.0002668143715709448,0.3589933216571808,0.45264941453933716,-0.19878022372722626;0.1749262511730194,-0.08305539935827255,0.04853058606386185,-0.027757154777646065
;-23.91489028930664;-2.805277343753687e-9,0.013165799900889397,-0.3190447688102722,0.4111499488353729;0.00025850915699265897,0.35880422592163086,0.4542621374130249,-0.1997671276330948;0.17742919921875,-0.08316599577665329,0.048499200493097305,-0.027807217091321945
;-24.088865280151367;-3.0347029333910314e-9,0.013038086704909801,-0.314339816570282,0.4099330008029938;0.0002504184958525002,0.3586132228374481,0.4558853805065155,-0.2007610946893692;0.17997926473617554,-0.083277128636837,0.04846779257059097,-0.027857545763254166
;-24.26375961303711;-3.283672667109272e-9,0.012909281998872757,-0.30965518951416016,0.4086970388889313;0.0002425381971988827,0.35842040181159973,0.45751896500587463,-0.20176225900650024;0.18257737159729004,-0.08338882774114609,0.04843635857105255,-0.027908138930797577
;-24.439577102661133;-3.5539058362843434e-9,0.012779446318745613,-0.30499154329299927,0.407442182302475;0.0002348641719436273,0.35822564363479614,0.4591629207134247,-0.2027706503868103;0.18522465229034424,-0.08350107073783875,0.04840489849448204,-0.027959000319242477
;-24.616321563720703;-3.8472660612853815e-9,0.012648644857108593,-0.30035024881362915,0.4061681926250458;0.0002273928257636726,0.35802894830703735,0.4608173370361328,-0.20378628373146057;0.1879219114780426,-0.08361387997865677,0.04837341606616974,-0.028010129928588867
;-24.793994903564453;-4.165793932031647e-9,0.012516935355961323,-0.29573214054107666,0.4048750400543213;0.00022011961846146733,0.35783031582832336,0.462482213973999,-0.20480923354625702;0.19067032635211945,-0.08372724801301956,0.04834190011024475,-0.028061527758836746
;-24.972599029541016;-4.511706119814107e-9,0.012384377419948578,-0.291138231754303,0.4035626947879791;0.0002130409120582044,0.35762959718704224,0.4641575217247009,-0.20583955943584442;0.1934709995985031,-0.08384115993976593,0.04831036180257797,-0.028113197535276413
;-25.152135848999023;-4.887414917220667e-9,0.01225103810429573,-0.2865694761276245,0.40223097801208496;0.00020615274843294173,0.3574269413948059,0.46584320068359375,-0.20687726140022278;0.19632497429847717,-0.08395565301179886,0.048278797417879105,-0.02816513366997242
;-25.332611083984375;-5.295558658247046e-9,0.012116977013647556,-0.2820267379283905,0.400879830121994;0.0001994512276723981,0.3572222590446472,0.46753934025764465,-0.20792238414287567;0.199233278632164,-0.08407069742679596,0.04824720695614815,-0.028217343613505363
;-25.51402473449707;-5.739003494653616e-9,0.011982256546616554,-0.2775111794471741,0.39950916171073914;0.00019293263903819025,0.3570154905319214,0.46924591064453125,-0.2089749574661255;0.20219719409942627,-0.08418630063533783,0.0482155866920948,-0.028269823640584946
;-25.696382522583008;-6.220880255369821e-9,0.011846939101815224,-0.2730235457420349,0.3981189429759979;0.0001865931408246979,0.3568066656589508,0.4709630012512207,-0.210035040974617;0.20521776378154755,-0.08430247753858566,0.04818394035100937,-0.028322579339146614
;-25.87968635559082;-6.744589775564691e-9,0.011711087077856064,-0.26856473088264465,0.3967091143131256;0.00018042893498204648,0.3565956950187683,0.4726904332637787,-0.2111027091741562;0.20829634368419647,-0.08441922813653946,0.048152271658182144,-0.02837560698390007
;-26.06393814086914;-7.313853522816771e-9,0.011574766598641872,-0.26413580775260925,0.39527955651283264;0.0001744363398756832,0.3563826382160187,0.47442832589149475,-0.21217796206474304;0.21143390238285065,-0.08453653752803802,0.04812057316303253,-0.02842891216278076
;-26.249143600463867;-7.932705159419129e-9,0.011438039131462574,-0.25973743200302124,0.39383023977279663;0.00016861183394212276,0.35616743564605713,0.4761766493320465,-0.21326085925102234;0.2146318554878235,-0.08465443551540375,0.04808884486556053,-0.02848248928785324
;-26.435304641723633;-8.605560708474513e-9,0.011300962418317795,-0.2553706765174866,0.392361044883728;0.0001629515754757449,0.3559500277042389,0.4779353439807892,-0.2143513560295105;0.21789148449897766,-0.08477289229631424,0.04805709421634674,-0.028536347672343254
;-26.62242317199707;-9.337224327055083e-9,0.011163601651787758,-0.251036137342453,0.39087194204330444;0.00015745186829008162,0.3557303845882416,0.4797044098377228,-0.21544970571994781;0.22121396660804749,-0.08489193022251129,0.04802531749010086,-0.028590481728315353
;-26.81050682067871;-1.0132936267837067e-8,0.011026020161807537,-0.2467348575592041,0.3893629312515259;0.00015210946730803698,0.35550862550735474,0.4814837872982025,-0.21655575931072235;0.22460074722766876,-0.0850115492939949,0.04799351468682289,-0.02864489145576954
;-26.999557495117188;-1.0998394195382843e-8,0.010888275690376759,-0.2424674928188324,0.38783395290374756;0.00014692082186229527,0.35528451204299927,0.4832735061645508,-0.21766963601112366;0.22805316746234894,-0.08513173460960388,0.04796168580651283,-0.028699586167931557
;-27.189579010009766;-1.193982157587925e-8,0.010750429704785347,-0.2382347285747528,0.38628482818603516;0.00014188232307787985,0.3550581932067871,0.4850735664367676,-0.2187914103269577;0.23157258331775665,-0.08525252342224121,0.047929827123880386,-0.02875455841422081
;-27.380577087402344;-1.2963977447100206e-8,0.010612541809678078,-0.23403744399547577,0.38471564650535583;0.00013699046394322067,0.35482949018478394,0.48688387870788574,-0.21992112696170807;0.2351604551076889,-0.0853738933801651,0.04789793863892555,-0.028809813782572746
;-27.572553634643555;-1.4078256782568133e-8,0.010474670678377151,-0.22987639904022217,0.3831263482570648;0.00013224223221186548,0.3545985221862793,0.4887044131755829,-0.22105878591537476;0.2388181835412979,-0.08549583703279495,0.04786602407693863,-0.028865352272987366
;-27.765514373779297;-1.5290680721591343e-8,0.01033687125891447,-0.2257523089647293,0.3815169632434845;0.00012763406266458333,0.35436511039733887,0.49053511023521423,-0.2222045660018921;0.24254727363586426,-0.08561838418245316,0.047834087163209915,-0.02892117388546467
;-27.95946502685547;-1.6610028907848573e-8,0.01019920315593481,-0.22166578471660614,0.37988728284835815;0.00012316266656853259,0.3541293740272522,0.49237602949142456,-0.22335834801197052;0.24634920060634613,-0.08574152737855911,0.047802120447158813,-0.0289772842079401
;-28.154407501220703;-1.8045826166712686e-8,0.010061720386147499,-0.2176177054643631,0.3782373368740082;0.00011882482067449018,0.3538912534713745,0.49422702193260193,-0.22452029585838318;0.25022566318511963,-0.08586525171995163,0.04777012765407562,-0.029033681377768517
;-28.35034942626953;-1.9608471291121532e-8,0.009924478828907013,-0.21360845863819122,0.3765670955181122;0.00011461754911579192,0.35365065932273865,0.4960881173610687,-0.22569042444229126;0.25417816638946533,-0.08598959445953369,0.04773811623454094,-0.029090363532304764
;-28.54729461669922;-2.1309269016001053e-8,0.009787529706954956,-0.2096388041973114,0.3748765289783478;0.00011053736670874059,0.3534075915813446,0.49795910716056824,-0.22686885297298431;0.25820836424827576,-0.08611452579498291,0.04770606756210327,-0.02914733998477459
;-28.745248794555664;-2.3160550810530367e-8,0.00965092796832323,-0.20570939779281616,0.3731656074523926;0.00010658147220965475,0.3531619906425476,0.49984011054039,-0.22805562615394592;0.26231786608695984,-0.08624006807804108,0.04767399653792381,-0.029204605147242546
;-28.944217681884766;-2.517571573434907e-8,0.009514722973108292,-0.2018207162618637,0.37143442034721375;0.00010274671512888744,0.35291385650634766,0.5017309188842773,-0.22925078868865967;0.2665084898471832,-0.086366206407547,0.04764189571142197,-0.02926216647028923
;-29.144208908081055;-2.7369372546104387e-8,0.009378964081406593,-0.19797344505786896,0.36968281865119934;0.00009903014870360494,0.35266318917274475,0.5036316514015198,-0.23045438528060913;0.27078187465667725,-0.08649297058582306,0.04760976880788803,-0.029320018365979195
;-29.345226287841797;-2.9757433850363668e-8,0.009243696928024292,-0.19416818022727966,0.36791086196899414;0.00009542865154799074,0.35240980982780457,0.5055420398712158,-0.23166659474372864;0.2751398980617523,-0.08662034571170807,0.04757761210203171,-0.029378173872828484
;-29.547279357910156;-3.235718537553112e-8,0.009108972735702991,-0.19040535390377045,0.36611852049827576;0.00009193956793751568,0.35215383768081665,0.5074621438980103,-0.23288744688034058;0.2795843183994293,-0.08674834668636322,0.047545433044433594,-0.02943662367761135
;-29.7503719329834;-3.518746538588857e-8,0.0089748315513134,-0.18668551743030548,0.36430567502975464;0.00008855983469402418,0.35189515352249146,0.5093917846679688,-0.23411692678928375;0.28411704301834106,-0.08687695860862732,0.04751322418451309,-0.029495377093553543
;-29.954511642456055;-3.826874461765328e-8,0.008841322734951973,-0.18300917744636536,0.3624725639820099;0.00008528687612852082,0.35163378715515137,0.5113309621810913,-0.2353551685810089;0.28873997926712036,-0.08700621128082275,0.0474809892475605,-0.02955443039536476
;-30.159706115722656;-4.162326661116822e-8,0.00870848260819912,-0.17937685549259186,0.3606189787387848;0.00008211777458200231,0.3513696491718292,0.5132796168327332,-0.2366022914648056;0.2934551239013672,-0.08713608980178833,0.04744872450828552,-0.029613791033625603
;-30.365962982177734;-4.527529640085959e-8,0.008576354943215847,-0.17578895390033722,0.3587449789047241;0.00007904985250206664,0.35110270977020264,0.5152374505996704,-0.237858384847641;0.29826465249061584,-0.08726660162210464,0.047416433691978455,-0.029673457145690918
;-30.57328987121582;-4.925115604237362e-8,0.008444977924227715,-0.17224590480327606,0.35685065388679504;0.00007608051964780316,0.35083290934562683,0.5172046422958374,-0.2391234040260315;0.30317017436027527,-0.08739776164293289,0.0473841167986393,-0.029733432456851006
;-30.781694412231445;-5.357944132811099e-8,0.008314388804137707,-0.16874827444553375,0.3549359142780304;0.0000732071275706403,0.3505602777004242,0.519180953502655,-0.2403976023197174;0.30817416310310364,-0.08752956241369247,0.04735177010297775,-0.029793718829751015
;-30.991188049316406;-5.8291281135325335e-8,0.008184627629816532,-0.16529640555381775,0.35300078988075256;0.00007042707147775218,0.3502846658229828,0.5211662650108337,-0.24168097972869873;0.31327876448631287,-0.08766201883554459,0.04731939733028412,-0.029854319989681244
;-31.20177459716797;-6.342042979667895e-8,0.008055724203586578,-0.16189081966876984,0.35104531049728394;0.00006773795757908374,0.3500061333179474,0.5231605172157288,-0.24297362565994263;0.3184860348701477,-0.08779512345790863,0.047286998480558395,-0.02991523966193199
;-31.413467407226562;-6.90036259243243e-8,0.007927712984383106,-0.15853185951709747,0.3490694463253021;0.000065137333876919,0.3497246205806732,0.5251635313034058,-0.24427568912506104;0.32379835844039917,-0.0879288837313652,0.047254569828510284,-0.02997647598385811
;-31.62627601623535;-7.508061372618613e-8,0.007800622843205929,-0.15522000193595886,0.34707340598106384;0.00006262261740630493,0.3494400382041931,0.5271750688552856,-0.24558721482753754;0.3292181193828583,-0.0880633294582367,0.047222111374139786,-0.030038032680749893
;-31.840208053588867;-8.169474341457317e-8,0.007674488704651594,-0.15195558965206146,0.34505701065063477;0.000060191581724211574,0.34915244579315186,0.5291953086853027,-0.2469082921743393;0.3347473442554474,-0.08819843083620071,0.047189630568027496,-0.030099913477897644
;-32.055274963378906;-8.889273317436164e-8,0.007549334317445755,-0.14873909950256348,0.3430202901363373;0.000057841913076117635,0.3488616645336151,0.5312239527702332,-0.24823908507823944;0.34038886427879333,-0.08833422511816025,0.04715712368488312,-0.03016212396323681
;-32.271488189697266;-9.67255857631244e-8,0.007425190415233374,-0.14557087421417236,0.3409634232521057;0.000055571301345480606,0.3485677242279053,0.5332607626914978,-0.24957969784736633;0.34614497423171997,-0.0884706899523735,0.04712458327412605,-0.030224662274122238
;-32.48885726928711;-1.0524840377001965e-7,0.007302076555788517,-0.1424514651298523,0.33888643980026245;0.00005337758921086788,0.34827056527137756,0.5353057384490967,-0.25093021988868713;0.352018266916275,-0.08860785514116287,0.047092024236917496,-0.03028753586113453
;-32.7073974609375;-1.1452075909801351e-7,0.0071800206787884235,-0.13938114047050476,0.3367892801761627;0.00005125852476339787,0.3479700982570648,0.5373586416244507,-0.2522907853126526;0.3580114245414734,-0.08874571323394775,0.04705943167209625,-0.03035074844956398
;-32.92711639404297;-1.246075242988809e-7,0.007059044204652309,-0.1363605260848999,0.3346720039844513;0.00004921197978546843,0.34766629338264465,0.5394192337989807,-0.253661572933197;0.3641270101070404,-0.08888428658246994,0.04702680930495262,-0.03041430003941059
;-33.14802932739258;-1.35578545723547e-7,0.006939167156815529,-0.13338994979858398,0.3325345814228058;0.00004723595702671446,0.34735915064811707,0.5414875149726868,-0.2550426423549652;0.37036770582199097,-0.08902356773614883,0.0469941608607769,-0.03047819621860981
;-33.370147705078125;-1.4750972354704572e-7,0.0068204100243747234,-0.1304699331521988,0.33037713170051575;0.000045328350097406656,0.34704849123954773,0.5435631275177002,-0.2564341425895691;0.3767365515232086,-0.08916356414556503,0.04696148633956909,-0.030542440712451935
;-33.593482971191406;-1.6048279860569892e-7,0.006702789105474949,-0.1276009976863861,0.3281997740268707;0.00004348719085101038,0.3467344343662262,0.5456459522247314,-0.25783613324165344;0.3832361102104187,-0.08930429071187973,0.046928782016038895,-0.030607033520936966
;-33.818050384521484;-1.7458646084378415e-7,0.0065863230265676975,-0.12478373944759369,0.3260025084018707;0.00004171057298663072,0.346416711807251,0.5477359294891357,-0.25924891233444214;0.38986945152282715,-0.08944575488567352,0.04689604789018631,-0.03067198395729065
;-34.04386520385742;-1.89916136150714e-7,0.006471026223152876,-0.12201867997646332,0.3237854242324829;0.00003999656837549992,0.3460955023765564,0.5498326420783997,-0.2606724500656128;0.39663952589035034,-0.08958794921636581,0.046863287687301636,-0.030737295746803284
;-34.27094268798828;-2.0657500954257557e-7,0.006356913596391678,-0.11930635571479797,0.3215484917163849;0.00003834329982055351,0.3457704782485962,0.5519360303878784,-0.2621070146560669;0.40354958176612854,-0.08973091095685959,0.04683050140738487,-0.03080296888947487
;-34.49929428100586;-2.2467449412033602e-7,0.006243997253477573,-0.11664748191833496,0.3192919194698334;0.000036748970160260797,0.3454418480396271,0.5540457367897034,-0.2635527551174164;0.4106024503707886,-0.08987463265657425,0.04679768532514572,-0.030869008973240852
;-34.72893524169922;-2.4433441581095394e-7,0.006132286973297596,-0.1140427514910698,0.3170156478881836;0.00003521180042298511,0.34510931372642517,0.5561615824699402,-0.26500970125198364;0.4178015887737274,-0.0900191217660904,0.04676483944058418,-0.03093542344868183
;-34.95988464355469;-2.6568386601866223e-7,0.006021794863045216,-0.11149289458990097,0.3147198557853699;0.00003373009531060234,0.3447730243206024,0.558283269405365,-0.26647812128067017;0.42515021562576294,-0.09016438573598862,0.04673197120428085,-0.031002212315797806
;-35.19215774536133;-2.88861855324285e-7,0.005912529304623604,-0.10899867117404938,0.31240448355674744;0.00003230216316296719,0.3444328308105469,0.5604106783866882,-0.2679581642150879;0.43265146017074585,-0.09031044691801071,0.04669906944036484,-0.031069383025169373
;-35.42577362060547;-3.1401771138916956e-7,0.005804499611258507,-0.10656096786260605,0.3100696802139282;0.000030926315957913175,0.344088613986969,0.5625433921813965,-0.26945000886917114;0.44030898809432983,-0.09045729786157608,0.046666137874126434,-0.03113693743944168
;-35.66074752807617;-3.4131184634134115e-7,0.005697711370885372,-0.10418063402175903,0.3077155351638794;0.0000296009675366804,0.3437403440475464,0.5646812319755554,-0.2709537744522095;0.4481262266635895,-0.09060496091842651,0.04663318395614624,-0.031204886734485626
;-35.897098541259766;-3.709165810050763e-7,0.00559216970577836,-0.10185854136943817,0.3053421080112457;0.00002832455538737122,0.3433879315853119,0.5668239593505859,-0.27246972918510437;0.4561067819595337,-0.0907534509897232,0.04660020023584366,-0.03127323091030121
;-36.13484573364258;-4.030166564916726e-7,0.005487882997840643,-0.09959561377763748,0.3029495179653168;0.000027095567929791287,0.3430313169956207,0.5689710974693298,-0.2739979326725006;0.4642541706562042,-0.09090276062488556,0.04656718671321869,-0.031341977417469025
;-36.37400817871094;-4.3780894998235453e-7,0.005384849384427071,-0.09739284217357635,0.30053776502609253;0.00002591249176475685,0.3426704406738281,0.5711224675178528,-0.27553877234458923;0.4725724458694458,-0.09105291962623596,0.04653414711356163,-0.03141112998127937
;-36.614601135253906;-4.75505430586054e-7,0.005283076781779528,-0.09525114297866821,0.29810696840286255;0.000024773906261543743,0.342305064201355,0.5732777118682861,-0.2770922780036926;0.4810647964477539,-0.09120392799377441,0.046501077711582184,-0.03148069977760315
;-36.856651306152344;-5.163314540368447e-7,0.005182565189898014,-0.09317127615213394,0.29565733671188354;0.00002367839806538541,0.341935396194458,0.5754363536834717,-0.2786586880683899;0.48973557353019714,-0.0913558155298233,0.04646797850728035,-0.031550683081150055
;-37.10017013549805;-5.605277806353115e-7,0.005083316005766392,-0.0911540687084198,0.29318884015083313;0.000022624553821515292,0.34156110882759094,0.5775980949401855,-0.2802470326423645;0.4985884428024292,-0.09150836616754532,0.046435579657554626,-0.031621094793081284
;-37.345184326171875;-6.083507742005168e-7,0.004985329695045948,-0.08920012414455414,0.29070162773132324;0.000021611085685435683,0.34118223190307617,0.5797628164291382,-0.28183993697166443;0.5076274871826172,-0.09166200459003448,0.04640242084860802,-0.031691934913396835
;-37.591712951660156;-6.600725441785471e-7,0.004888606257736683,-0.08730995655059814,0.28819581866264343;0.000020636678527807817,0.3407987058162689,0.5819298028945923,-0.2834551930427551;0.5168566703796387,-0.09181634336709976,0.04636996611952782,-0.03176321089267731
;-37.83978271484375;-7.159825372582418e-7,0.00479314336553216,-0.08548363298177719,0.2856714427471161;0.000019700039047165774,0.34041035175323486,0.5840988755226135,-0.28507545590400696;0.5262801051139832,-0.09197180718183517,0.04633675515651703,-0.031834930181503296
;-38.08941650390625;-7.76386968937004e-7,0.004698938690125942,-0.08372107893228531,0.2831287384033203;0.000018799926692736335,0.3400171101093292,0.5862693190574646,-0.2867097556591034;0.5359025001525879,-0.09212817996740341,0.04630351811647415,-0.0319070965051651
;-38.340633392333984;-8.416100740760157e-7,0.004605990368872881,-0.08202164620161057,0.28056755661964417;0.000017935153664438985,0.3396189212799072,0.5884408354759216,-0.288376122713089;0.545727550983429,-0.09228511154651642,0.04627169668674469,-0.031979724764823914
;-38.59346008300781;-9.1199450480417e-7,0.004514292348176241,-0.08038421720266342,0.2779882848262787;0.000017104544895119034,0.3392156958580017,0.5906128287315369,-0.2900572419166565;0.555759847164154,-0.09244300425052643,0.04623985290527344,-0.03205281123518944
;-38.847923278808594;-9.87899170468154e-7,0.004423842299729586,-0.0788072943687439,0.2753908932209015;0.00001630695624044165,0.3388073444366455,0.5927848219871521,-0.2917531728744507;0.5660044550895691,-0.09260186553001404,0.0462079793214798,-0.03212637081742287
;-39.104042053222656;-0.0000010697041261664708,0.004334637895226479,-0.07728864997625351,0.2727755606174469;0.000015541309039690532,0.3383936583995819,0.594956636428833,-0.2934642732143402;0.5764642357826233,-0.09276169538497925,0.04617607966065407,-0.0322004035115242
;-39.361854553222656;-0.0000011578047178772977,0.004246670752763748,-0.07582557201385498,0.27014225721359253;0.000014806496437813621,0.3379746675491333,0.5971272587776184,-0.2951725423336029;0.5871450304985046,-0.09292294085025787,0.04614270478487015,-0.03227492421865463
;-39.62138748168945;-0.0000012526154478109675,0.004159936681389809,-0.0744147077202797,0.26749128103256226;0.000014101437955105212,0.33755016326904297,0.5992963314056396,-0.2969055771827698;0.5980514883995056,-0.09308499097824097,0.04611002653837204,-0.03234994038939476
;-39.88267135620117;-0.0000013545670753956074,0.00407442869618535,-0.07305208593606949,0.2648226022720337;0.000013425168617686722,0.33712002635002136,0.6014630794525146,-0.29864534735679626;0.6091875433921814,-0.09324828535318375,0.04607659578323364,-0.03242545947432518
;-40.1457405090332;-0.0000014629547422373435,0.003990138415247202,-0.07173340767621994,0.2621362507343292;0.000012776657968061045,0.3366841673851013,0.6036267876625061,-0.30040135979652405;0.6205590963363647,-0.09341264516115189,0.04604313150048256,-0.03250148892402649
;-40.41062545776367;-0.0000015758508880026056,0.0039070588536560535,-0.07045397162437439,0.2594323754310608;0.00001215492648043437,0.3362424373626709,0.6057869791984558,-0.3021738529205322;0.632170557975769,-0.09357807785272598,0.04600964114069939,-0.03257804363965988
;-40.677364349365234;-0.0000016940724663072615,0.003825182095170021,-0.06920889765024185,0.25671106576919556;0.000011559057384147309,0.3357947766780853,0.6079428791999817,-0.30396318435668945;0.6440268158912659,-0.09374460577964783,0.045976120978593826,-0.032655131071805954
;-40.94599151611328;-0.000001818038867895666,0.003744501154869795,-0.06799325346946716,0.2539724111557007;0.000010988138456013985,0.3353409767150879,0.6100937128067017,-0.30576974153518677;0.6561325192451477,-0.09391224384307861,0.04594257473945618,-0.0327327586710453
;-41.2165412902832;-0.000001948141061802744,0.0036650041583925486,-0.06680219620466232,0.25121647119522095;0.000010441275662742555,0.33488088846206665,0.6122385859489441,-0.3076033294200897;0.6684938669204712,-0.0940808355808258,0.04590972885489464,-0.032810937613248825
;-41.48905563354492;-0.000002084740117425099,0.00358668458648026,-0.06563112139701843,0.2484433501958847;0.000009917615898302756,0.33441439270973206,0.6143767833709717,-0.3094644546508789;0.6811147332191467,-0.09425037354230881,0.04587758332490921,-0.03288968279957771
;-41.763572692871094;-0.000002228173116236576,0.003509530099108815,-0.06447578966617584,0.245652973651886;0.000009416341526957694,0.33394142985343933,0.6165075302124023,-0.31134411692619324;0.6940005421638489,-0.09442110359668732,0.04584541544318199,-0.032969001680612564
;-42.04013442993164;-0.0000023787515601725318,0.003433533478528261,-0.06333237141370773,0.2428455948829651;0.000008936629456002265,0.33346182107925415,0.6186295747756958,-0.31324270367622375;0.7071570754051208,-0.09459304064512253,0.045813217759132385,-0.03304890915751457
;-42.318782806396484;-0.0000025367585294588935,0.003358683316037059,-0.062197551131248474,0.240021213889122;0.00000847769024403533,0.332975298166275,0.6207422614097595,-0.3151606619358063;0.720588743686676,-0.09476620703935623,0.04578099399805069,-0.033129412680864334
;-42.59956359863281;-0.000002702461188164307,0.003284969599917531,-0.0610685758292675,0.23717983067035675;0.000008038784471864346,0.3324817717075348,0.6228445768356323,-0.3170790374279022;0.7343007922172546,-0.09494103491306305,0.04574727639555931,-0.033210527151823044
;-42.88252258300781;-0.0000028760912300640484,0.003212381387129426,-0.059943195432424545,0.23432156443595886;0.000007619157258886844,0.3319810926914215,0.6249352693557739,-0.3190270960330963;0.7482991814613342,-0.09511695802211761,0.04571426287293434,-0.033292267471551895
;-43.16770935058594;-0.000003057850562981912,0.0031409068033099174,-0.05881970748305321,0.23144635558128357;0.000007218107839435106,0.33147305250167847,0.6270132660865784,-0.32099589705467224;0.7625885009765625,-0.09529418498277664,0.04568122699856758,-0.03337464854121208
;-43.45516586303711;-0.000003247918584747822,0.00307053723372519,-0.05769679322838783,0.228554368019104;0.000006834936357336119,0.33095741271972656,0.6290775537490845,-0.32299569249153137;0.7771731019020081,-0.095472551882267,0.04564889520406723,-0.0334576778113842
;-43.74494171142578;-0.000003446432401688071,0.003001258708536625,-0.05657363682985306,0.22564564645290375;0.000006468977062468184,0.330434113740921,0.6311267018318176,-0.3250170946121216;0.792059063911438,-0.09565229713916779,0.04561653733253479,-0.03354137763381004
;-44.037086486816406;-0.000003653489557109424,0.0029330600518733263,-0.05544973909854889,0.2227201610803604;0.000006119601493992377,0.32990285754203796,0.6331595778465271,-0.3270507752895355;0.8072506785392761,-0.09583363682031631,0.04558340832591057,-0.03362575173377991
;-44.33164978027344;-0.0000038691396184731275,0.002865932649001479,-0.05432499945163727,0.21977801620960236;0.0000057861648201651406,0.32936349511146545,0.6351750493049622,-0.3291170001029968;0.8227515816688538,-0.09601619094610214,0.04555099830031395,-0.033710822463035583
;-44.6286735534668;-0.000004093382813152857,0.0027998629957437515,-0.05319945141673088,0.21681930124759674;0.000005468080416903831,0.3288158178329468,0.6371715068817139,-0.331206351518631;0.8385674357414246,-0.09620021283626556,0.04551855847239494,-0.03379660099744797
;-44.92821502685547;-0.000004326169346313691,0.0027348394505679607,-0.052073441445827484,0.21384412050247192;0.000005164764843357261,0.3282597064971924,0.6391476988792419,-0.33330923318862915;0.8547014594078064,-0.09638591855764389,0.045485347509384155,-0.033883098512887955
;-45.230323791503906;-0.000004567384621623205,0.002670852467417717,-0.05094749107956886,0.2108524888753891;0.0000048756360229162965,0.3276948928833008,0.6411020755767822,-0.33544641733169556;0.871157169342041,-0.09657292813062668,0.04545285180211067,-0.03397033363580704
;-45.53505325317383;-0.000004816867658519186,0.0026078885421156883,-0.04982221871614456,0.20784437656402588;0.0000046001623559277505,0.32712119817733765,0.6430327892303467,-0.33760836720466614;0.887939453125,-0.09676148742437363,0.0454203337430954,-0.03405832499265671
;-45.84245300292969;-0.000005074334694654681,0.0025459364987909794,-0.04869828373193741,0.20482005178928375;0.000004337807240517577,0.32653820514678955,0.6449384689331055,-0.3397749364376068;0.9050500392913818,-0.09695203602313995,0.04538630321621895,-0.03414708003401756
;-46.15257263183594;-0.000005339467406884069,0.0024849860928952694,-0.04757649824023247,0.20177942514419556;0.000004088055902684573,0.3259458839893341,0.6468173265457153,-0.3419879376888275;0.9224922060966492,-0.09714377671480179,0.0453537255525589,-0.034236617386341095
;-46.46546173095703;-0.000005611818778561428,0.002425025450065732,-0.046457670629024506,0.1987227499485016;0.000003850429038720904,0.3253440260887146,0.6486678123474121,-0.3442167043685913;0.9402669668197632,-0.09733736515045166,0.04532037675380707,-0.0343269482254982
;-46.78117370605469;-0.000005890880402148468,0.0023660417646169662,-0.04534266144037247,0.19564996659755707;0.000003624438477345393,0.32473233342170715,0.6504874229431152,-0.34648287296295166;0.9583768844604492,-0.09753239899873734,0.04528774693608284,-0.03441809117794037
;-47.099754333496094;-0.000006176020178827457,0.0023080259561538696,-0.0442323200404644,0.1925613433122635;0.000003409625378480996,0.32411056756973267,0.6522747874259949,-0.34877637028694153;0.9768214225769043,-0.0977291464805603,0.04525509104132652,-0.034510061144828796
;-47.4212532043457;-0.000006466487775469432,0.0022509642876684666,-0.04312753677368164,0.18945695459842682;0.0000032055468182079494,0.32347846031188965,0.65402752161026,-0.35109779238700867;0.9956019520759583,-0.09792760759592056,0.04522240534424782,-0.03460286930203438
;-47.74571990966797;-0.000006761454187653726,0.002194847445935011,-0.042029108852148056,0.18633699417114258;0.0000030117591904854635,0.32283586263656616,0.6557434797286987,-0.3534478545188904;1.0147165060043335,-0.0981278270483017,0.045189689844846725,-0.03469653055071831
;-48.07320022583008;-0.0000070599126047454774,0.002139664487913251,-0.04093790054321289,0.18320156633853912;0.0000028278559511818457,0.3221825659275055,0.6574203372001648,-0.35582682490348816;1.0341641902923584,-0.0983298197388649,0.045156944543123245,-0.03479105979204178
;-48.403743743896484;-0.000007360759354924085,0.0020854054018855095,-0.039854709059000015,0.180050790309906;0.0000026534289645496756,0.321518212556839,0.6590558886528015,-0.35823532938957214;1.0539405345916748,-0.09853362292051315,0.04512418061494827,-0.03488646820187569
;-48.737396240234375;-0.000007662739335501101,0.0020320573821663857,-0.038780320435762405,0.17688493430614471;0.00000248808169089898,0.3208426535129547,0.6606473922729492,-0.3606738746166229;1.0740433931350708,-0.09873927384614944,0.045091383159160614,-0.034982770681381226
;-49.074195861816406;-0.000007964471478771884,0.0019796115811914206,-0.03771546110510826,0.17370416224002838;0.0000023314382815442514,0.320155531167984,0.662192165851593,-0.36314308643341064;1.0944666862487793,-0.09894677251577377,0.045058559626340866,-0.03507998213171959
;-49.4141845703125;-0.000008264442840300035,0.0019280571723356843,-0.03666085749864578,0.17050863802433014;0.000002183134256483754,0.3194566071033478,0.6636877059936523,-0.36564332246780396;1.1152032613754272,-0.09915616363286972,0.04502571001648903,-0.035178110003471375
;-49.75740432739258;-0.00000856101542012766,0.0018773841438814998,-0.03561722859740257,0.16729873418807983;0.0000020428146854101215,0.31874576210975647,0.6651309728622437,-0.3681749999523163;1.136245846748352,-0.09936746954917908,0.044992830604314804,-0.035277172923088074
;-50.10388946533203;-0.000008852389328239951,0.0018275822512805462,-0.03458521142601967,0.16407464444637299;0.0000019101396446785657,0.31802257895469666,0.6665188670158386,-0.3707387447357178;1.1575841903686523,-0.09958070516586304,0.04495992511510849,-0.035377174615859985
;-50.453678131103516;-0.000009136617336480413,0.0017786422977223992,-0.033565424382686615,0.16083668172359467;0.0000017847740991783212,0.3172869086265564,0.6678482294082642,-0.3733349144458771;1.1792068481445312,-0.09979590028524399,0.04492698982357979,-0.0354781299829483
;-50.806793212890625;-0.000009411659448232967,0.001730554853565991,-0.03255847468972206,0.15758520364761353;0.0000016663976794006885,0.31653860211372375,0.6691160202026367,-0.37596380710601807;1.2010998725891113,-0.10001305490732193,0.044894035905599594,-0.035580046474933624
;-51.163265228271484;-0.000009675394721853081,0.0016833108384162188,-0.03156495466828346,0.15432053804397583;0.0000015547063867416,0.3157772421836853,0.6703183650970459,-0.3786259591579437;1.2232481241226196,-0.10023220628499985,0.044861044734716415,-0.03568292781710625
;-51.52312088012695;-0.000009925593985826708,0.0016369011718779802,-0.030585380271077156,0.1510430872440338;0.0000014493903108814266,0.3150026798248291,0.671451985836029,-0.3813216984272003;1.245633602142334,-0.10045336931943893,0.044828031212091446,-0.035786792635917664
;-51.88636779785156;-0.00001015996440401068,0.0015913167735561728,-0.029620276764035225,0.14775322377681732;0.000001350171032754588,0.31421464681625366,0.6725126504898071,-0.38405123353004456;1.2682366371154785,-0.10067654401063919,0.04479498788714409,-0.035891637206077576
;-52.25302505493164;-0.000010376150385127403,0.0015465496107935905,-0.02867012843489647,0.14445152878761292;0.000001256761493095837,0.31341299414634705,0.6734969615936279,-0.3868148922920227;1.2910338640213013,-0.10090175271034241,0.04476191848516464,-0.03599747270345688
;-52.62309646606445;-0.000010571855455054902,0.001502591883763671,-0.02773539535701275,0.14113835990428925;0.0000011688955510180676,0.312597393989563,0.674400806427002,-0.3896128535270691;1.3139989376068115,-0.1011289730668068,0.04472881928086281,-0.03610428795218468
;-52.996585845947266;-0.000010744755854830146,0.0014594349777325988,-0.026816515251994133,0.13781437277793884;0.000001086310021491954,0.3117677867412567,0.6752194762229919,-0.39244523644447327;1.3371059894561768,-0.10135823488235474,0.044695693999528885,-0.03621210157871246
;-53.37348175048828;-0.000010892672435147688,0.0014170714421197772,-0.02591390535235405,0.13448016345500946;0.0000010087526334245922,0.31092384457588196,0.6759488582611084,-0.39531227946281433;1.36032235622406,-0.10158953815698624,0.044662535190582275,-0.03632090240716934
;-53.75377655029297;-0.000011013465154974256,0.0013754949904978275,-0.0250279288738966,0.13113640248775482;9.359808927911217e-7,0.3100655674934387,0.6765846014022827,-0.39821380376815796;1.3836129903793335,-0.1018228605389595,0.044629354029893875,-0.03643069043755531
;-54.13744354248047;-0.000011105178600701038,0.001334698055870831,-0.024158982560038567,0.12778374552726746;8.677574783177988e-7,0.3091926872730255,0.6771215200424194,-0.4011498987674713;1.4069414138793945,-0.10205818712711334,0.04459614306688309,-0.03654145821928978
;-54.524452209472656;-0.000011166159310960211,0.0012946742353960872,-0.023307407274842262,0.12442295998334885;8.038566079449083e-7,0.308305025100708,0.6775552034378052,-0.40412041544914246;1.4302663803100586,-0.10229552537202835,0.04456290602684021,-0.03665320202708244
;-54.91476821899414;-0.000011194852959306445,0.0012554170098155737,-0.022473545745015144,0.12105491012334824;7.440606850650511e-7,0.3074026107788086,0.6778802871704102,-0.4071251153945923;1.4535436630249023,-0.10253484547138214,0.04452964663505554,-0.03676591068506241
;-55.30833435058594;-0.000011190072655153926,0.0012169210240244865,-0.021657690405845642,0.11768044531345367;6.881559215798916e-7,0.30648523569107056,0.6780920028686523,-0.4101637303829193;1.4767253398895264,-0.10277611017227173,0.04449635371565819,-0.03687956929206848
;-55.7050895690918;-0.000011150947102578357,0.0011791797587648034,-0.02086012437939644,0.11430063098669052;6.359396138577722e-7,0.3055528700351715,0.6781846880912781,-0.41323578357696533;1.4997605085372925,-0.10301929712295532,0.044463030993938446,-0.03699415922164917
;-56.10496139526367;-0.000011077048839069903,0.0011421889066696167,-0.02008109912276268,0.11091643571853638;5.872170731890947e-7,0.3046055734157562,0.6781532764434814,-0.41634073853492737;1.5225934982299805,-0.10326435416936874,0.044429678469896317,-0.03710966929793358
;-56.507869720458984;-0.000010968410606437828,0.0011059422977268696,-0.019320862367749214,0.1075289398431778;5.417969646259735e-7,0.30364322662353516,0.6779919266700745,-0.41947802901268005;1.5451682806015015,-0.1035112515091896,0.044396303594112396,-0.03722606971859932
;-56.91371154785156;-0.000010825413482962176,0.0010704357409849763,-0.0185796320438385,0.10413939505815506;4.995001177121594e-7,0.30266597867012024,0.6776951551437378,-0.4226468503475189;1.5674220323562622,-0.10375992953777313,0.04436289891600609,-0.037343330681324005
;-57.322383880615234;-0.000010648989700712264,0.0010356646962463856,-0.01785760000348091,0.10074906051158905;4.601502894274745e-7,0.3016737997531891,0.6772571802139282,-0.42584630846977234;1.5892912149429321,-0.10401032119989395,0.044329460710287094,-0.03746143355965614
;-57.73375701904297;-0.000010440458936500363,0.0010016253218054771,-0.017154917120933533,0.09735925495624542;4.235798201079888e-7,0.30066683888435364,0.6766725778579712,-0.42907533049583435;1.6107083559036255,-0.10426237434148788,0.04429600387811661,-0.03758033737540245
;-58.1476936340332;-0.000010201589248026721,0.0009683128446340561,-0.016471724957227707,0.09397147595882416;3.8962684811849613e-7,0.2996453642845154,0.6759350895881653,-0.4323328733444214;1.6316038370132446,-0.10451597720384598,0.044262517243623734,-0.03770000487565994
;-58.56404113769531;-0.000009934603440342471,0.0009357241215184331,-0.015808146446943283,0.09058721363544464;3.5813772569781577e-7,0.2986094355583191,0.6750392317771912,-0.4356175363063812;1.651906132698059,-0.10477107763290405,0.04422899708151817,-0.03782039135694504
;-58.98263168334961;-0.000009642042641644366,0.0009038553107529879,-0.015164236538112164,0.08720795810222626;3.2896357993195124e-7,0.2975594699382782,0.6739792227745056,-0.43891480565071106;1.6715408563613892,-0.10502777248620987,0.04419468343257904,-0.03794145584106445
;-59.403282165527344;-0.000009326916369900573,0.000872702628839761,-0.014540056698024273,0.08383549749851227;3.0196267175597313e-7,0.2964957058429718,0.6727489829063416,-0.4422489106655121;1.6904336214065552,-0.10528554767370224,0.044161107391119,-0.03806314617395401
;-59.8257942199707;-0.000008992384209705051,0.0008422630489803851,-0.01393562275916338,0.08047156780958176;2.7699888960341923e-7,0.29541853070259094,0.6713429093360901,-0.4456053674221039;1.7085087299346924,-0.10554450005292892,0.044127508997917175,-0.038185399025678635
;-60.24995422363281;-0.000008641953172627836,0.0008125336025841534,-0.013350917026400566,0.07711805403232574;2.5394334102202265e-7,0.2943283021450043,0.6697559952735901,-0.44895532727241516;1.725689172744751,-0.1058049201965332,0.04409234598278999,-0.03830816596746445
;-60.675533294677734;-0.000008278939276351593,0.0007835105643607676,-0.012785885483026505,0.07377676665782928;2.3267102733370848e-7,0.29322558641433716,0.6679822206497192,-0.45233646035194397;1.741901159286499,-0.10606604814529419,0.04405791684985161,-0.038431376218795776
;-61.1022834777832;-0.000007907165127107874,0.0007551906746812165,-0.012240449897944927,0.07044980674982071;2.1306557584921393e-7,0.2921108901500702,0.666016697883606,-0.4557468593120575;1.7570691108703613,-0.10632774233818054,0.04402422532439232,-0.03855496272444725
;-61.52994918823242;-0.0000075299926720617805,0.0007275713142007589,-0.011714487336575985,0.06713923811912537;1.9501399606269842e-7,0.2909849286079407,0.663854718208313,-0.45915687084198;1.7711213827133179,-0.10659028589725494,0.043989744037389755,-0.0386788547039032
;-61.95825958251953;-0.000007150901637942297,0.0007006481173448265,-0.011207849718630314,0.06384706497192383;1.784096639312338e-7,0.2898482084274292,0.6614911556243896,-0.4625774919986725;1.7839884757995605,-0.10685330629348755,0.04395522549748421,-0.038802970200777054
;-62.386924743652344;-0.000006773216682631755,0.0006744181155227125,-0.010720338672399521,0.06057555601000786;1.6315169659719686e-7,0.288701593875885,0.6589215993881226,-0.46600595116615295;1.7956041097640991,-0.10711663216352463,0.04392067715525627,-0.03892723098397255
;-62.815650939941406;-0.0000063999359554145485,0.0006488775252364576,-0.010251745581626892,0.05732687562704086;1.4914404289356753e-7,0.2875458002090454,0.6561427116394043,-0.4694533348083496;1.8059074878692627,-0.10737986862659454,0.04388687014579773,-0.03905155509710312
;-63.24413299560547;-0.00000603368243901059,0.0006240218644961715,-0.009801807813346386,0.0541033037006855;1.3629670547743444e-7,0.2863817512989044,0.6531503796577454,-0.47288891673088074;1.814841628074646,-0.10764328390359879,0.043852269649505615,-0.039175845682621
;-63.672054290771484;-0.000005676943146681879,0.0005998468841426075,-0.009370241314172745,0.050907060503959656;1.2452316866529145e-7,0.28521013259887695,0.6499414443969727,-0.4763232171535492;1.8223563432693481,-0.10790647566318512,0.043817631900310516,-0.03930002450942993
;-64.09908294677734;-0.000005331741249392508,0.000576348218601197,-0.008956721052527428,0.04774046689271927;1.1374390140872492e-7,0.2840321660041809,0.6465139985084534,-0.4797672629356384;1.8284072875976562,-0.10816903412342072,0.04378373920917511,-0.03942399471998215
;-64.52488708496094;-0.000004999888005841058,0.0005535203963518143,-0.008560903370380402,0.04460581764578819;1.0388257010163215e-7,0.2828487455844879,0.6428654789924622,-0.48320361971855164;1.8329581022262573,-0.10843098163604736,0.043749816715717316,-0.03954765573143959
;-64.94913482666016;-0.000004682556664192816,0.0005313576548360288,-0.008182411082088947,0.04150537773966789;9.486795704560791e-8,0.28166088461875916,0.6389948129653931,-0.48662906885147095;1.8359795808792114,-0.10869210958480835,0.043715864419937134,-0.0396709106862545
;-65.37146759033203;-0.000004380840891826665,0.0005098542314954102,-0.00782084185630083,0.038441434502601624;8.663372597084162e-8,0.280469685792923,0.6349014639854431,-0.4900400638580322;1.8374507427215576,-0.10895223170518875,0.043681882321834564,-0.03979366645216942
;-65.79156494140625;-0.000004095316853636177,0.0004890038981102407,-0.007475774269551039,0.035416267812252045;7.91174343817147e-8,0.2792763113975525,0.6305856108665466,-0.493432879447937;1.8373591899871826,-0.10921112447977066,0.043647874146699905,-0.039915818721055984
;-66.20907592773438;-0.000003826492047664942,0.00046879862202331424,-0.007146759424358606,0.0324319489300251;7.226059040021937e-8,0.2780818045139313,0.6260472536087036,-0.4968040883541107;1.8357019424438477,-0.10946860909461975,0.04361383616924286,-0.04003727063536644
;-66.6236572265625;-0.0000035743832995649427,0.00044923159293830395,-0.006833335384726524,0.029490604996681213;6.600899382647185e-8,0.276887446641922,0.6212884187698364,-0.5001504421234131;1.8324840068817139,-0.10972446948289871,0.043579764664173126,-0.040157925337553024
;-67.03498077392578;-0.0000033388585052307462,0.00043029410880990326,-0.006535021588206291,0.026594368740916252;6.031223875879732e-8,0.27569442987442017,0.6163111925125122,-0.5034530162811279;1.8277193307876587,-0.10997872799634933,0.04354489594697952,-0.04027767851948738
;-67.44271850585938;-0.000003119650045846356,0.0004119774675928056,-0.006251330487430096,0.02374514564871788;5.512340095492618e-8,0.27450382709503174,0.6111186146736145,-0.5067083239555359;1.8214306831359863,-0.1102311909198761,0.04350921884179115,-0.04039643704891205
;-67.84654998779297;-0.0000029162090413592523,0.00039427229785360396,-0.005981753580272198,0.020944776013493538;5.039903072656671e-8,0.273316890001297,0.6057146191596985,-0.5099277496337891;1.8136495351791382,-0.11048144847154617,0.043473511934280396,-0.04051411524415016
;-68.24617004394531;-0.0000027279793357593007,0.00037716852966696024,-0.005725782830268145,0.01819496788084507;4.609891490758855e-8,0.27213484048843384,0.6001036763191223,-0.5131232142448425;1.8044151067733765,-0.11072909086942673,0.04343855008482933,-0.04063061252236366
;-68.64126586914062;-0.000002554322463765857,0.0003606562677305192,-0.005482904147356749,0.01549746934324503;4.218616567186473e-8,0.270958811044693,0.5942916870117188,-0.5162610411643982;1.7937735319137573,-0.11097438633441925,0.0434027761220932,-0.04074583947658539
;-69.03155517578125;-0.0000023943837277329294,0.00034472421975806355,-0.005252602975815535,0.012853735126554966;3.862645314711699e-8,0.2697898745536804,0.5882843136787415,-0.5193532705307007;1.781778335571289,-0.11121692508459091,0.04336697235703468,-0.04085971415042877
;-69.4167709350586;-0.0000022474443994724425,0.00032936155912466347,-0.0050343601033091545,0.010265223681926727;3.538843174055728e-8,0.26862937211990356,0.582089364528656,-0.5224123597145081;1.7684903144836426,-0.11145633459091187,0.04333191365003586,-0.040972158312797546
;-69.79664611816406;-0.0000021126593310327735,0.0003145562659483403,-0.004827670753002167,0.007733148988336325;3.2443228548117986e-8,0.26747825741767883,0.5757140517234802,-0.5254202485084534;1.7539736032485962,-0.11169267445802689,0.043296828866004944,-0.041083090007305145
;-70.17093658447266;-0.000001989256134038442,0.00030029649497009814,-0.004632022697478533,0.00525871105492115;2.9764438025381423e-8,0.26633763313293457,0.5691671967506409,-0.5283740162849426;1.73829984664917,-0.11192578077316284,0.04326171055436134,-0.0411924384534359
;-70.53942108154297;-0.0000018763887510431232,0.00028657016810029745,-0.004446918144822121,0.0028428821824491024;2.7327798690635063e-8,0.26520851254463196,0.5624584555625916,-0.5312871932983398;1.721543312072754,-0.11215532571077347,0.043227341026067734,-0.041300129145383835
;-70.90189361572266;-0.0000017733360664351494,0.00027336430503055453,-0.0042718686163425446,0.0004864573711529374;2.5111129176025315e-8,0.2640919089317322,0.5555969476699829,-0.5341416001319885;1.7037808895111084,-0.11238136887550354,0.04319294914603233,-0.04140610992908478
;-71.2581558227539;-0.0000016793189843156142,0.0002606663038022816,-0.004106392618268728,-0.0018098070286214352;2.3094216317076643e-8,0.2629886865615845,0.5485931634902954,-0.5369349718093872;1.6850932836532593,-0.1126038059592247,0.04315852373838425,-0.04151032119989395
;-71.60804748535156;-0.0000015936456065901439,0.00024846356245689094,-0.0039500221610069275,-0.004045393783599138;2.1258637517007628e-8,0.26189982891082764,0.5414587259292603,-0.5396656394004822;1.665562391281128,-0.1128225326538086,0.04312406852841377,-0.04161269962787628
;-71.951416015625;-0.0000015156286963247112,0.00023674256226513535,-0.0038023036904633045,-0.006219859700649977;1.9587542254839718e-8,0.260826051235199,0.5342037677764893,-0.5423315167427063;1.645269751548767,-0.11303745210170746,0.04308957979083061,-0.041713207960128784
;-72.28813934326172;-0.0000014446532077272423,0.00022549036657437682,-0.0036627952940762043,-0.008332997560501099;1.806563076911516e-8,0.25976818799972534,0.5268403887748718,-0.5449312329292297;1.62429940700531,-0.11324848979711533,0.04305506497621536,-0.041811808943748474
;-72.61810302734375;-0.0000013801019349557464,0.00021469384955707937,-0.0035310701932758093,-0.010384772904217243;1.6678995962138288e-8,0.25872674584388733,0.5193802714347839,-0.5474633574485779;1.602732539176941,-0.11345556378364563,0.04302052780985832,-0.041908469051122665
;-72.94120788574219;-0.0000013214889804658014,0.00020433975441846997,-0.0034067153465002775,-0.0123750614002347;1.5415036358490397e-8,0.257702499628067,0.5118352770805359,-0.5499267578125;1.5806504487991333,-0.11365862190723419,0.042985949665308,-0.042003147304058075
;-73.25738525390625;-0.0000012683209433816955,0.00019441523181740195,-0.0032893375027924776,-0.014304032549262047;1.4262275804810542e-8,0.25669601559638977,0.5042178630828857,-0.5523204803466797;1.5581326484680176,-0.11385760456323624,0.042951349169015884,-0.04209582880139351
;-73.56657409667969;-0.0000012200960100017255,0.0001849073014454916,-0.0031785559840500355,-0.016172006726264954;1.3210375016114995e-8,0.255707710981369,0.49654054641723633,-0.5546436905860901;1.5352578163146973,-0.11405247449874878,0.042916715145111084,-0.042186491191387177
;-73.86874389648438;-0.0000011763955853894004,0.0001758029538905248,-0.0030740101356059313,-0.01797926425933838;1.2249906866657057e-8,0.25473812222480774,0.48881494998931885,-0.5568624138832092;1.5120993852615356,-0.11424365639686584,0.042880479246377945,-0.042275119572877884
;-74.16387176513672;-0.000001136818241320725,0.00016708931070752442,-0.002975352108478546,-0.019726410508155823;1.1372314645541337e-8,0.25378748774528503,0.4810529053211212,-0.5590261220932007;1.4887282848358154,-0.11443047225475311,0.042844999581575394,-0.04236171022057533
;-74.45195007324219;-0.0000011010478146999958,0.00015875388635322452,-0.002882252214476466,-0.0214140135794878;1.0569907615831653e-8,0.25285622477531433,0.47326672077178955,-0.5611011385917664;1.4652138948440552,-0.11461334675550461,0.042808692902326584,-0.042446259409189224
;-74.73298645019531;-0.0000010687311942092492,0.0001507843699073419,-0.0027943947352468967,-0.023042691871523857;9.835727787788073e-9,0.25194454193115234,0.4654683768749237,-0.5631208419799805;1.4416226148605347,-0.11479184776544571,0.04277314618229866,-0.04252875968813896
;-75.00700378417969;-0.000001039582684825291,0.00014316818851511925,-0.0027114832773804665,-0.02461331896483898;9.163426462066582e-9,0.2510526180267334,0.457668274641037,-0.5650857090950012;1.4180127382278442,-0.11496596783399582,0.04273835942149162,-0.04260922223329544
;-75.27403259277344;-0.0000010133269370271591,0.0001358936569886282,-0.0026332326233386993,-0.02612658590078354;8.547366370237341e-9,0.2501806318759918,0.44987884163856506,-0.5669620037078857;1.3944448232650757,-0.11513617634773254,0.042702753096818924,-0.04268765449523926
;-75.53413391113281;-9.897379413814633e-7,0.00012894855171907693,-0.0025593778118491173,-0.027583524584770203;7.982332128619873e-9,0.24932873249053955,0.44210943579673767,-0.5687670111656189;1.370969533920288,-0.11530227214097977,0.04266711696982384,-0.04276406392455101
;-75.78736114501953;-9.685739996712073e-7,0.0001223212166223675,-0.0024896624963730574,-0.028985176235437393;7.463653695083394e-9,0.24849675595760345,0.4343704879283905,-0.5705184936523438;1.3476368188858032,-0.11546408385038376,0.04263224080204964,-0.042838480323553085
;-76.0337905883789;-9.496442885392753e-7,0.00011600031575653702,-0.0024238470941781998,-0.03033246472477913;6.987134426594821e-9,0.24768492579460144,0.42667222023010254,-0.5722000598907471;1.3244929313659668,-0.11562184989452362,0.04259733110666275,-0.04291090741753578
;-76.27349853515625;-9.327631005362491e-7,0.00010997446224791929,-0.0023617043625563383,-0.03162657096982002;6.548961817287591e-9,0.2468930035829544,0.4190233647823334,-0.5738121867179871;1.3015782833099365,-0.11577562242746353,0.042562395334243774,-0.04298137500882149
;-76.50657653808594;-9.177713877761562e-7,0.00010423274216009304,-0.002303022425621748,-0.032868582755327225;6.145686182179588e-9,0.24612106382846832,0.4114331007003784,-0.5753560066223145;1.2789314985275269,-0.11592546850442886,0.04252742975950241,-0.04304990544915199
;-76.73312377929688;-9.045151045938837e-7,0.0000987641979008913,-0.0022475984878838062,-0.03405967354774475;5.774184685947148e-9,0.2453688681125641,0.4039090573787689,-0.5768322944641113;1.2565840482711792,-0.1160714253783226,0.04249243065714836,-0.04311652481555939
;-76.95323944091797;-8.92858565748611e-7,0.00009355836664326489,-0.00219524372369051,-0.035201095044612885;5.431634697572463e-9,0.24463622272014618,0.3964591324329376,-0.5782422423362732;1.234567642211914,-0.11621355265378952,0.04245740547776222,-0.04318126663565636
;-77.16703796386719;-8.826808084450022e-7,0.00008860480011207983,-0.002145780250430107,-0.03629404306411743;5.115484036366524e-9,0.24392305314540863,0.38909000158309937,-0.5795866847038269;1.212907075881958,-0.11635192483663559,0.0424223467707634,-0.04324416071176529
;-77.37464141845703;-8.738652468309738e-7,0.00008389335562242195,-0.0020990383345633745,-0.03733976185321808;4.82343098795468e-9,0.24322901666164398,0.38180816173553467,-0.5808668732643127;1.1916252374649048,-0.11648660153150558,0.04238726571202278,-0.04330524057149887
;-77.576171875;-8.663119501761685e-7,0.0000794142615632154,-0.0020548615138977766,-0.03833954408764839;4.553367016768561e-9,0.24255384504795074,0.3746196925640106,-0.5820842385292053;1.1707417964935303,-0.11661765724420547,0.04235214740037918,-0.04336453974246979
;-77.77174377441406;-8.599366196904157e-7,0.00007515778270317242,-0.002013100078329444,-0.03929464891552925;4.303401190952627e-9,0.2418973594903946,0.3675294518470764,-0.583239734172821;1.1502724885940552,-0.11674516648054123,0.042316995561122894,-0.043422091752290726
;-77.96149444580078;-8.546543313059374e-7,0.0000711145403329283,-0.001973614562302828,-0.04020632430911064;4.071816661621597e-9,0.24125918745994568,0.36054226756095886,-0.5843347907066345;1.13023042678833,-0.11686920374631882,0.04228182137012482,-0.04347794130444527
;-78.14554595947266;-8.503868684783811e-7,0.00006727561412844807,-0.0019362748134881258,-0.041075848042964935;3.857068442414402e-9,0.24063904583454132,0.35366326570510864,-0.585370659828186;1.110628604888916,-0.11698984354734421,0.042246609926223755,-0.0435321182012558
;-78.32404327392578;-8.470746024613618e-7,0.00006363187276292592,-0.0019009571988135576,-0.0419045090675354;3.6577232354062517e-9,0.24003659188747406,0.3468949794769287,-0.5863488912582397;1.0914723873138428,-0.11710715293884277,0.042211368680000305,-0.043584659695625305
;-78.49710845947266;-8.446463084510469e-7,0.00006017482519382611,-0.001867546234279871,-0.042693570256233215;3.4725062825202713e-9,0.23945145308971405,0.3402409553527832,-0.5872707366943359;1.072768211364746,-0.11722123622894287,0.04217609763145447,-0.04363561421632767
;-78.66487884521484;-8.430500315625977e-7,0.000056896205933298916,-0.0018359347013756633,-0.04344421997666359;3.3002602872755915e-9,0.238883376121521,0.3337046205997467,-0.5881373882293701;1.0545216798782349,-0.11733215302228928,0.04214080423116684,-0.04368501156568527
;-78.82748413085938;-8.422474024882831e-7,0.000053787854994880036,-0.0018060198053717613,-0.04415767639875412;3.139928539397374e-9,0.23833192884922028,0.32728782296180725,-0.5889504551887512;1.0367332696914673,-0.11743998527526855,0.04210547357797623,-0.043732885271310806
;-78.98506927490234;-8.42180895688216e-7,0.00005084191434434615,-0.0017777079483494163,-0.04483523219823837;2.990534708757764e-9,0.23779673874378204,0.32099220156669617,-0.5897111296653748;1.0194025039672852,-0.11754482239484787,0.042070113122463226,-0.043779291212558746
;-79.13776397705078;-8.428121418546652e-7,0.00004805094067705795,-0.001750907744280994,-0.04547799751162529;2.851212599352948e-9,0.23727743327617645,0.31481999158859253,-0.5904210209846497;1.0025293827056885,-0.117646723985672,0.04203471913933754,-0.04382425546646118
;-79.28569793701172;-8.441065801889636e-7,0.000045407468860503286,-0.0017255359562113881,-0.04608723148703575;2.721155301088629e-9,0.23677368462085724,0.3087712526321411,-0.591081440448761;0.9861087799072266,-0.11774580180644989,0.041999295353889465,-0.043867819011211395
;-79.42900848388672;-8.460281719635532e-7,0.000042904553993139416,-0.001701513072475791,-0.04666398838162422;2.599643611489455e-9,0.23628509044647217,0.3028472065925598,-0.5916938185691833;0.9701374769210815,-0.11784210801124573,0.041963841766119,-0.04391002282500267
;-79.56782531738281;-8.485494049637055e-7,0.0000405354039685335,-0.0016787658678367734,-0.047209449112415314;2.486012506963675e-9,0.235811248421669,0.2970484793186188,-0.5922592878341675;0.9546107053756714,-0.11793571710586548,0.041928354650735855,-0.04395090416073799
;-79.70227813720703;-8.516374805367377e-7,0.00003829351771855727,-0.001657224609516561,-0.04772472381591797;2.3796526971153753e-9,0.23535184562206268,0.29137516021728516,-0.5927793979644775;0.9395222067832947,-0.1180267259478569,0.041892845183610916,-0.04399050399661064
;-79.83248901367188;-8.552667054573249e-7,0.00003617253969423473,-0.001636823988519609,-0.04821089282631874;2.280014177458156e-9,0.2349063605070114,0.28582653403282166,-0.5932555198669434;0.9248638153076172,-0.11811519414186478,0.04185730218887329,-0.04402885586023331
;-79.95858001708984;-8.594171276854468e-7,0.00003416656545596197,-0.0016175024211406708,-0.048668891191482544;2.186598457853961e-9,0.2344745397567749,0.280403196811676,-0.5936887264251709;0.9106295704841614,-0.11820121109485626,0.04182172566652298,-0.044065989553928375
;-80.08067321777344;-8.640701025797171e-7,0.00003226977787562646,-0.0015992046101018786,-0.049099791795015335;2.098939910766262e-9,0.2340560257434845,0.2751041054725647,-0.5940804481506348;0.8968107104301453,-0.11828482896089554,0.04178611561655998,-0.04410194605588913
;-80.19889068603516;-8.69204711761995e-7,0.000030476623578579165,-0.0015818742103874683,-0.049504604190588;2.0166148750888624e-9,0.23365038633346558,0.26992836594581604,-0.5944501161575317;0.8833983540534973,-0.11836590617895126,0.04175128787755966,-0.04413677006959915
;-80.31334686279297;-8.748025379645696e-7,0.000028781776563846506,-0.001565461978316307,-0.049884285777807236;1.9392329964063038e-9,0.2332572489976883,0.26487478613853455,-0.5947808623313904;0.8703827261924744,-0.11844474077224731,0.041716426610946655,-0.04417048394680023
;-80.42415618896484;-8.808522125036689e-7,0.000027180209144717082,-0.0015499201836064458,-0.05023972690105438;1.866445442644249e-9,0.23287640511989594,0.25994256138801575,-0.5950737595558167;0.857755720615387,-0.11852137744426727,0.04168153926730156,-0.04420311748981476
;-80.53143310546875;-8.873337833392725e-7,0.000025667022782727145,-0.0015352036571130157,-0.05057188495993614;1.7979218114305695e-9,0.2325073480606079,0.2551299035549164,-0.5953482985496521;0.845506489276886,-0.1185956820845604,0.04164743795990944,-0.04423471540212631
;-80.63528442382812;-8.94241338755819e-7,0.00002423762998660095,-0.0015212707221508026,-0.05088156461715698;1.7333678936637398e-9,0.23214983940124512,0.25043582916259766,-0.5955507159233093;0.8336266875267029,-0.11866839975118637,0.041611675173044205,-0.04426530376076698
;-80.7358169555664;-9.015515729515755e-7,0.00002288755240442697,-0.0015080815646797419,-0.051169704645872116;1.6725005824724803e-9,0.23180349171161652,0.24585796892642975,-0.5957555174827576;0.822104811668396,-0.11873866617679596,0.04157751053571701,-0.04429491236805916
;-80.83313751220703;-9.092585742109804e-7,0.000021612589989672415,-0.0014955989317968488,-0.05143709108233452;1.6150696335870407e-9,0.23146794736385345,0.24139496684074402,-0.5959271788597107;0.8109316229820251,-0.11880701780319214,0.041543323546648026,-0.044323574751615524
;-80.92733764648438;-9.173530202133406e-7,0.000020408744603628293,-0.0014837875496596098,-0.05168451368808746;1.5608424552837619e-9,0.23114293813705444,0.23704512417316437,-0.5960666537284851;0.8000974059104919,-0.11887350678443909,0.04150910675525665,-0.04435132071375847
;-81.01851654052734;-9.258322961613885e-7,0.000019272214558441192,-0.0014726149383932352,-0.051912691444158554;1.509609548477897e-9,0.2308281660079956,0.2328067421913147,-0.5961748957633972;0.7895936369895935,-0.11893818527460098,0.041474856436252594,-0.04437817260622978
;-81.10677337646484;-9.346791784992092e-7,0.000018199318219558336,-0.0014620497822761536,-0.05212240666151047;1.461166299066008e-9,0.23052328824996948,0.22867752611637115,-0.596252977848053;0.7794094085693359,-0.1190011203289032,0.041440580040216446,-0.04440416395664215
;-81.19220733642578;-9.438816732654232e-7,0.000017186572222271934,-0.0014520628610625863,-0.052314430475234985;1.4153277438921918e-9,0.2302279770374298,0.2246551215648651,-0.5963019132614136;0.7695345878601074,-0.11906236410140991,0.04140628129243851,-0.04442933201789856
;-81.27490234375;-9.534371656627627e-7,0.00001623071511858143,-0.0014426260022446513,-0.05248938873410225;1.3719303471049216e-9,0.2299419790506363,0.22073785960674286,-0.5963226556777954;0.759960412979126,-0.1191219761967659,0.041371945291757584,-0.04445368051528931
;-81.35494995117188;-9.633347417548066e-7,0.00001532861278974451,-0.0014337132452055812,-0.052647992968559265;1.3308136814771387e-9,0.22966502606868744,0.21692344546318054,-0.5963160991668701;0.7506775856018066,-0.11918001621961594,0.04133757948875427,-0.044477254152297974
;-81.43242645263672;-9.735722414916381e-7,0.000014477303921012208,-0.0014252994442358613,-0.05279085412621498;1.291835527439389e-9,0.22939680516719818,0.213209867477417,-0.5962830185890198;0.7416774034500122,-0.11923650652170181,0.04130319133400917,-0.044500067830085754
;-81.5074234008789;-9.841411383604282e-7,0.00001367397271678783,-0.0014173618983477354,-0.052918609231710434;1.2548627692510195e-9,0.22913703322410583,0.20959490537643433,-0.5962245464324951;0.7329508662223816,-0.1192915290594101,0.04126876965165138,-0.044522155076265335
;-81.58001708984375;-9.95033929029887e-7,0.00001291594253416406,-0.0014098782557994127,-0.053031858056783676;1.219767842286501e-9,0.22888551652431488,0.2060762643814087,-0.5961412191390991;0.7244889736175537,-0.11934511363506317,0.041234325617551804,-0.04454352706670761
;-81.6502914428711;-0.0000010062415185529971,0.000012200671335449442,-0.0014028276782482862,-0.05313122645020485;1.186434173128248e-9,0.22864191234111786,0.2026514708995819,-0.5960341691970825;0.7162830829620361,-0.11939730495214462,0.04119984433054924,-0.04456422105431557
;-81.71831512451172;-0.0000010177633384955698,0.000011525784429977648,-0.0013961902586743236,-0.053217243403196335;1.1547595102356922e-9,0.22840599715709686,0.19931870698928833,-0.5959039926528931;0.7083255052566528,-0.11944816261529922,0.041165340691804886,-0.0445842482149601
;-81.7841567993164;-0.0000010295934771420434,0.000010889006262004841,-0.0013899473706260324,-0.05329044163227081;1.1246432674028028e-9,0.22817757725715637,0.1960756629705429,-0.5957514643669128;0.700608491897583,-0.11949773132801056,0.041130807250738144,-0.044603634625673294
;-81.84789276123047;-0.00000104172784176626,0.000010288199518981855,-0.001384081202559173,-0.05335132032632828;1.0959938512300482e-9,0.22795641422271729,0.19292029738426208,-0.5955772399902344;0.6931241750717163,-0.11954602599143982,0.04109624773263931,-0.04462239891290665
;-81.90959930419922;-0.0000010541591564106056,0.000009721316018840298,-0.00137857545632869,-0.0534004308283329;1.0687232210315756e-9,0.22774216532707214,0.1898500919342041,-0.5953822135925293;0.685865044593811,-0.11959312111139297,0.0410616509616375,-0.04464056342840195
;-81.96932983398438;-0.0000010668862842067028,0.000009186449460685253,-0.0013734133681282401,-0.0534382127225399;1.0427523289280316e-9,0.227534681558609,0.18686319887638092,-0.5951669216156006;0.6788240671157837,-0.11963903903961182,0.04102703183889389,-0.04465814679861069
;-82.02715301513672;-0.0000010799012670759112,0.00000868177812662907,-0.001368580386042595,-0.053465139120817184;1.0180077891774886e-9,0.22733381390571594,0.1839572936296463,-0.5949697494506836;0.6719939112663269,-0.11968333274126053,0.040994029492139816,-0.04467516764998436
;-82.0831298828125;-0.0000010932012628472876,0.000008205591257137712,-0.0013640621909871697,-0.05348164960741997;9.944191026178828e-10,0.22713932394981384,0.18113042414188385,-0.5947161912918091;0.665368378162384,-0.11972701549530029,0.04095935449004173,-0.044691648334264755
;-82.13732147216797;-0.0000011067812692999723,0.000007756264494673815,-0.0013598459772765636,-0.053488217294216156;9.719208771130639e-10,0.22695095837116241,0.17838042974472046,-0.5944631695747375;0.658940851688385,-0.11976940184831619,0.04092546924948692,-0.04470759630203247
;-82.18978881835938;-0.0000011206373073946452,0.000007332267159654293,-0.0013559181243181229,-0.0534852109849453;9.504544928873315e-10,0.22676850855350494,0.175705224275589,-0.5941736698150635;0.6527047753334045,-0.11981099843978882,0.040890734642744064,-0.044723037630319595
;-82.24059295654297;-0.0000011347647159709595,0.000006932144515303662,-0.0013522664085030556,-0.053473085165023804;9.299596648304487e-10,0.22659191489219666,0.17310254275798798,-0.5938672423362732;0.6466533541679382,-0.11985160410404205,0.04085597023367882,-0.04473798722028732
;-82.28978729248047;-0.0000011491534905871958,0.000006554526862601051,-0.0013488782569766045,-0.053452227264642715;9.103813813915451e-10,0.22642077505588531,0.17057017982006073,-0.5935444235801697;0.640780508518219,-0.11989124864339828,0.04082117974758148,-0.044752463698387146
;-82.33740997314453;-0.0000011638101113931043,0.0000061981518229003996,-0.0013457435416057706,-0.05342293903231621;8.916770655176265e-10,0.22625505924224854,0.16810688376426697,-0.5932245254516602;0.6350820064544678,-0.1199297308921814,0.04078718274831772,-0.04476647824048996
;-82.38352966308594;-0.0000011787248013206408,0.000005861791123606963,-0.0013428516685962677,-0.05338562652468681;8.73796368594526e-10,0.22609461843967438,0.16571030020713806,-0.5929080843925476;0.6295514702796936,-0.11996707320213318,0.04075399413704872,-0.044780049473047256
;-82.42818450927734;-0.0000011938959687540773,0.000005544306532101473,-0.0013401922769844532,-0.053340617567300797;8.566972686807617e-10,0.22593918442726135,0.16337868571281433,-0.5925579071044922;0.6241843700408936,-0.12000378966331482,0.04071994498372078,-0.04479318484663963
;-82.47142791748047;-0.0000012093167924831505,0.000005244609383225907,-0.0013377561699599028,-0.05328824743628502;8.403370777010366e-10,0.2257886528968811,0.1611100733280182,-0.5922123193740845;0.6189746260643005,-0.1200394332408905,0.040686700493097305,-0.04480590671300888
;-82.51329803466797;-0.0000012249925021023955,0.000004961696049576858,-0.0013355342671275139,-0.053228795528411865;8.246827665203682e-10,0.22564290463924408,0.15890292823314667,-0.5918529629707336;0.6139184236526489,-0.12007424980401993,0.040653426200151443,-0.044818226248025894
;-82.55384826660156;-0.0000012409086593834218,0.000004694592007581377,-0.0013335178373381495,-0.05316261947154999;8.096928127976355e-10,0.2255016714334488,0.1567552238702774,-0.5914800763130188;0.6090103387832642,-0.12010829150676727,0.04062012955546379,-0.04483015462756157
;-82.5931167602539;-0.0000012570689023050363,0.000004442401859705569,-0.0013316987315192819,-0.053089965134859085;7.953356861989391e-10,0.22536495327949524,0.15466541051864624,-0.5910943746566772;0.6042462587356567,-0.12014155834913254,0.04058680310845375,-0.0448417067527771
;-82.63115692138672;-0.000001273461066375603,0.000004204258402751293,-0.0013300685677677393,-0.053011178970336914;7.815783020781453e-10,0.22523246705532074,0.15263135731220245,-0.5906962156295776;0.5996204018592834,-0.1201741173863411,0.04055345430970192,-0.04485289007425308
;-82.66799926757812;-0.0000012900826504846918,0.000003979361281380989,-0.0013286200119182467,-0.05292652174830437;7.683889635679009e-10,0.2251041680574417,0.1506514996290207,-0.5902860164642334;0.595129132270813,-0.12020596116781235,0.0405200719833374,-0.04486372321844101
;-82.70368194580078;-0.0000013069402484688908,0.000003766964482565527,-0.001327345846220851,-0.05283619090914726;7.557454106965622e-10,0.22497989237308502,0.14872467517852783,-0.5898640751838684;0.5907689929008484,-0.12023711204528809,0.040486667305231094,-0.04487421736121178
;-82.73824310302734;-0.0000013240228327049408,0.0000035663456401380245,-0.001326239318586886,-0.05274048447608948;7.43616612730591e-10,0.22485947608947754,0.1468489170074463,-0.5894308090209961;0.5865354537963867,-0.1202676072716713,0.0404532365500927,-0.04488437995314598
;-82.771728515625;-0.0000013413252872851444,0.000003376831500645494,-0.0013252936769276857,-0.052639659494161606;7.319779782299918e-10,0.2247428447008133,0.1450227051973343,-0.5889866948127747;0.5824244022369385,-0.12029746919870377,0.04041977971792221,-0.04489422217011452
;-82.8041763305664;-0.0000013588402225650498,0.0000031977874641597737,-0.0013245025184005499,-0.05253395065665245;7.208052488216765e-10,0.22462980449199677,0.1432444304227829,-0.5885321497917175;0.5784317851066589,-0.1203267052769661,0.040386296808719635,-0.04490375891327858
;-82.83561706542969;-0.0000013765592257186654,0.0000030286064429674298,-0.0013238592073321342,-0.052423615008592606;7.100721677311128e-10,0.22452032566070557,0.1415121853351593,-0.5880674719810486;0.5745527744293213,-0.12035536020994186,0.04035278037190437,-0.044913001358509064
;-82.86608123779297;-0.0000013944892316430924,0.000002868744559236802,-0.0013233576901257038,-0.05230878293514252;6.997650237039466e-10,0.2244141846895218,0.13982531428337097,-0.5875930190086365;0.5707859992980957,-0.12038342654705048,0.04031923785805702,-0.04492195323109627
;-82.8956069946289;-0.000001412621941199177,0.000002717660663620336,-0.0013229933101683855,-0.05218975618481636;6.898593363224848e-10,0.22431130707263947,0.1381818652153015,-0.5871090888977051;0.5671265721321106,-0.12041094899177551,0.04028567299246788,-0.044930629432201385
;-82.92422485351562;-0.0000014309429161585285,0.000002574858172010863,-0.001322759548202157,-0.05206670984625816;6.803357321949477e-10,0.224211648106575,0.13658054172992706,-0.586616039276123;0.5635714530944824,-0.12043793499469757,0.04025208204984665,-0.044939037412405014
;-82.95196533203125;-0.000001449458750357735,0.0000024398675577685935,-0.001322651281952858,-0.051939841359853745;6.711774469536635e-10,0.2241150140762329,0.13502006232738495,-0.5861143469810486;0.5601171255111694,-0.12046439945697784,0.04021846130490303,-0.04494718462228775
;-82.9788589477539;-0.000001468163418394397,0.000002312245669600088,-0.0013226636219769716,-0.05180931091308594;6.623679382755654e-10,0.2240213304758072,0.13349908590316772,-0.5856039524078369;0.5567606687545776,-0.12049037218093872,0.040184810757637024,-0.04495508223772049
;-83.00493621826172;-0.0000014870438462821767,0.0000021915766410529613,-0.0013227915624156594,-0.05167533829808235;6.538890540142006e-10,0.22393053770065308,0.13201628625392914,-0.585085391998291;0.5534986257553101,-0.1205158531665802,0.04015113413333893,-0.044962745159864426
;-83.03022003173828;-0.0000015060974192238064,0.0000020774650693056174,-0.0013230310287326574,-0.05153807997703552;6.457264167814003e-10,0.22384247183799744,0.13057038187980652,-0.5845590829849243;0.5503278970718384,-0.12054088711738586,0.04011743515729904,-0.04497016966342926
;-83.05474090576172;-0.0000015253326637321152,0.0000019695505670824787,-0.001323377713561058,-0.0513976514339447;6.378685912800108e-10,0.2237570881843567,0.12916065752506256,-0.584024965763092;0.5472471117973328,-0.12056545913219452,0.04008370265364647,-0.04497736319899559
;-83.07852172851562;-0.000001544732867841958,0.0000018674768398341257,-0.0013238273095339537,-0.0512542799115181;6.302988131423604e-10,0.22367431223392487,0.12778545916080475,-0.5834835171699524;0.5442519783973694,-0.12058959901332855,0.040049951523542404,-0.044984348118305206
;-83.1015853881836;-0.0000015642909829693963,0.0000017709174926494597,-0.001324375974945724,-0.05110809952020645;6.230040927590608e-10,0.22359398007392883,0.1264437884092331,-0.5829349756240845;0.541340172290802,-0.12061332911252975,0.04001616686582565,-0.04499111697077751
;-83.12397003173828;-0.0000015840080322959693,0.0000016795646615719306,-0.0013250194024294615,-0.05095924437046051;6.159734389221683e-10,0.2235160768032074,0.12513461709022522,-0.5823795795440674;0.53850919008255,-0.12063665688037872,0.039982352405786514,-0.0449976846575737
;-83.14569091796875;-0.0000016038748071878217,0.0000015931243524391903,-0.001325753633864224,-0.0508078895509243;6.091929738438751e-10,0.223440483212471,0.12385664880275726,-0.5818175077438354;0.5357558131217957,-0.12065959721803665,0.039948515594005585,-0.04500405490398407
;-83.16676330566406;-0.0000016238888065345236,0.0000015113263316379744,-0.0013265750603750348,-0.05065414682030678;6.026540932957403e-10,0.2233671396970749,0.12260913848876953,-0.5812680721282959;0.5330783724784851,-0.12068191170692444,0.03991549834609032,-0.04501023888587952
;-83.18721771240234;-0.0000016440484387203469,0.0000014339117342387908,-0.0013274807715788484,-0.050498124212026596;5.963467497593911e-10,0.22329597175121307,0.12139108777046204,-0.5806934833526611;0.5304746627807617,-0.12070411443710327,0.03988160938024521,-0.04501623660326004
;-83.20706939697266;-0.000001664339265516901,0.000001360632950309082,-0.0013284670421853662,-0.050340015441179276;5.902563993132048e-10,0.2232269048690796,0.12020116299390793,-0.5801510810852051;0.527941107749939,-0.12072547525167465,0.03984938561916351,-0.045022062957286835
;-83.22633361816406;-0.0000016847759525262518,0.0000012912702231915318,-0.001329531311057508,-0.05017983913421631;5.843814876449471e-10,0.22315987944602966,0.11903930455446243,-0.579602837562561;0.5254780054092407,-0.12074647843837738,0.03981713578104973,-0.045027706772089005
;-83.24504089355469;-0.0000017053446299541974,0.0000012256022046130965,-0.0013306704349815845,-0.050017740577459335;5.787088586117761e-10,0.22309482097625732,0.11790420860052109,-0.5790490508079529;0.5230819582939148,-0.12076717615127563,0.03978486359119415,-0.04503319039940834
;-83.26319885253906;-0.000001726036657601071,0.000001163423462458013,-0.001331881619989872,-0.0498538613319397;5.732287977622263e-10,0.223031684756279,0.11679478734731674,-0.5784898400306702;0.5207505226135254,-0.12078754603862762,0.03975256532430649,-0.04503851383924484
;-83.28083038330078;-0.0000017468610167270526,0.0000011045464134440408,-0.001333162421360612,-0.049688249826431274;5.679372527822579e-10,0.22297033667564392,0.11571069061756134,-0.577925443649292;0.5184828639030457,-0.12080761045217514,0.03972024470567703,-0.04504368081688881
;-83.29795837402344;-0.0000017677938330962206,0.0000010487844974704785,-0.0013345095794647932,-0.0495210736989975;5.628224553078098e-10,0.2229108214378357,0.11465060710906982,-0.5773561000823975;0.5162757635116577,-0.12082737684249878,0.03968789801001549,-0.04504869878292084
;-83.3145980834961;-0.0000017888498859974789,9.95970822259551e-7,-0.001335920998826623,-0.049352388828992844;5.578791872906663e-10,0.22285301983356476,0.11361413449048996,-0.5767818689346313;0.5141281485557556,-0.12084686756134033,0.039655525237321854,-0.045053571462631226
;-83.33076477050781;-0.0000018099988210451556,9.459391208110901e-7,-0.0013373930705711246,-0.049182336777448654;5.530977342793619e-10,0.22279685735702515,0.11259996891021729,-0.5762029886245728;0.5120368003845215,-0.1208660751581192,0.03962312638759613,-0.04505830630660057
;-83.34647369384766;-0.0000018312546217202907,8.985406907413562e-7,-0.0013389242812991142,-0.04901096224784851;5.484723786253198e-10,0.22274227440357208,0.11160773783922195,-0.5756195783615112;0.5100008249282837,-0.12088503688573837,0.039590708911418915,-0.04506290331482887
;-83.36174774169922;-0.00000185261001206527,8.536323434782389e-7,-0.0013405117206275463,-0.04883839190006256;5.439976247245681e-10,0.22268924117088318,0.11063674092292786,-0.5750318765640259;0.5080186128616333,-0.12090373039245605,0.03955826163291931,-0.045067377388477325
;-83.37659454345703;-0.0000018740515770332422,8.110763474178384e-7,-0.0013421528274193406,-0.048664696514606476;5.39664868348666e-10,0.22263765335083008,0.10968594998121262,-0.5744400024414062;0.5060874223709106,-0.12092218548059464,0.03952578455209732,-0.04507172480225563
;-83.39103698730469;-0.0000018955818177346373,7.707473059781478e-7,-0.0013438458554446697,-0.04848993569612503;5.354704457616322e-10,0.22258755564689636,0.10875504463911057,-0.5738440752029419;0.5042067170143127,-0.12094040960073471,0.039493292570114136,-0.045075949281454086
;-83.40508270263672;-0.0000019171920939697884,7.325226647481031e-7,-0.0013455884763970971,-0.04831421747803688;5.314060858019332e-10,0.2225387841463089,0.10784296691417694,-0.5732442736625671;0.5023736357688904,-0.12095839530229568,0.03946077078580856,-0.04508006200194359
;-83.41874694824219;-0.0000019388721739233006,6.962903285057109e-7,-0.001347378478385508,-0.0481376126408577;5.274690129120074e-10,0.22249135375022888,0.10694939643144608,-0.5726407766342163;0.5005874633789062,-0.12097617238759995,0.0394282229244709,-0.04508405551314354
;-83.43203735351562;-0.0000019606372916314285,6.619445684918901e-7,-0.0013492141151800752,-0.047960150986909866;5.236547861997565e-10,0.22244524955749512,0.10607394576072693,-0.5720335841178894;0.4988473951816559,-0.12099374830722809,0.03939564898610115,-0.045087940990924835
;-83.44497680664062;-0.0000019824656192213297,6.293816454672196e-7,-0.001351094339042902,-0.04778195172548294;5.199558561486128e-10,0.22240036725997925,0.1052156388759613,-0.571422815322876;0.4971507489681244,-0.12101110816001892,0.03936305269598961,-0.04509172588586807
;-83.45757293701172;-0.0000020043564745719777,5.985069719827152e-7,-0.0013530158903449774,-0.04760304465889931;5.16368725556049e-10,0.2223566472530365,0.10437408834695816,-0.5708087682723999;0.4954967200756073,-0.12102826684713364,0.03933043032884598,-0.04509540647268295
;-83.46983337402344;-0.000002026303945967811,5.692297122550372e-7,-0.001354977604933083,-0.047423508018255234;5.128887869965126e-10,0.22231417894363403,0.10354863852262497,-0.5702297687530518;0.4938836097717285,-0.12104474753141403,0.03929949924349785,-0.04509899020195007
;-83.48178100585938;-0.000002048309625024558,5.414654538071773e-7,-0.001356978202238679,-0.047243401408195496;5.095128208232325e-10,0.22227278351783752,0.10273890197277069,-0.5696093440055847;0.4923103153705597,-0.1210615411400795,0.039266832172870636,-0.045102477073669434
;-83.49342346191406;-0.0000020703500922536477,5.151312620910176e-7,-0.0013590148882940412,-0.047062814235687256;5.062326668969774e-10,0.22223246097564697,0.10194393247365952,-0.569005012512207;0.49077439308166504,-0.12107791751623154,0.03923499584197998,-0.04510588198900223
;-83.5047607421875;-0.0000020924362615915015,4.901534680357145e-7,-0.001361086848191917,-0.04688176140189171;5.030481586842939e-10,0.2221931666135788,0.10116364061832428,-0.5684170126914978;0.4892757534980774,-0.12109386175870895,0.03920399770140648,-0.04510919004678726
;-83.51580047607422;-0.000002114576545864111,4.664618984406843e-7,-0.0013631926849484444,-0.04670026898384094;4.999577973840985e-10,0.22215496003627777,0.1003980040550232,-0.5678260326385498;0.48781466484069824,-0.12110964208841324,0.03917297348380089,-0.04511241242289543
;-83.52656555175781;-0.0000021367582121456508,4.439862948402151e-7,-0.0013653312344104052,-0.04651841148734093;4.969550881916973e-10,0.22211770713329315,0.09964603185653687,-0.5672322511672974;0.48638826608657837,-0.12112526595592499,0.039141930639743805,-0.04511555656790733
;-83.53705596923828;-0.000002158968754883972,4.2266265154466964e-7,-0.0013675012160092592,-0.046336229890584946;4.940371445272262e-10,0.22208142280578613,0.09890737384557724,-0.5666359663009644;0.4849957823753357,-0.1211407333612442,0.03911086544394493,-0.04511861875653267
;-83.54728698730469;-0.0000021812090835737763,4.024307145300554e-7,-0.0013697008835151792,-0.04615378379821777;4.912004136770065e-10,0.22204603254795074,0.09818170219659805,-0.5660371780395508;0.48363620042800903,-0.12115605920553207,0.03907977417111397,-0.04512160271406174
;-83.55726623535156;-0.0000022034826088201953,3.832332424735796e-7,-0.0013719294220209122,-0.0459710955619812;4.884428972395938e-10,0.22201156616210938,0.09746862202882767,-0.5654357075691223;0.48230883479118347,-0.12117123603820801,0.03904866427183151,-0.04512450844049454
;-83.56700134277344;-0.00000222576932173979,3.650148130418529e-7,-0.0013741852017119527,-0.045788247138261795;4.857603208563432e-10,0.22197794914245605,0.09676752239465714,-0.5648320317268372;0.4810115694999695,-0.1211862862110138,0.03901752457022667,-0.045127350836992264
;-83.57649993896484;-0.0000022480826373794116,3.47725546134825e-7,-0.0013764670584350824,-0.045605242252349854;4.831509081704155e-10,0.2219451367855072,0.09607833623886108,-0.564225971698761;0.4797447919845581,-0.12120120227336884,0.03898636996746063,-0.04513011500239372
;-83.58576965332031;-0.0000022704089133185335,3.313156753392832e-7,-0.0013787737116217613,-0.04542214423418045;4.80610440334317e-10,0.22191312909126282,0.09540040045976639,-0.5636176466941833;0.4785063862800598,-0.12121599167585373,0.03895518556237221,-0.04513281583786011
;-83.5948257446289;-0.000002292739054610138,3.1573952696817287e-7,-0.0013811044627800584,-0.045238982886075974;4.781365303685448e-10,0.2218818962574005,0.09473340958356857,-0.5630074143409729;0.47729557752609253,-0.12123066186904907,0.03892398253083229,-0.04513545334339142
;-83.60366821289062;-0.0000023150710148911458,3.0095364422777493e-7,-0.0013834574492648244,-0.045055799186229706;4.757264582266885e-10,0.2218513935804367,0.09407699108123779,-0.5623949766159058;0.476111501455307,-0.12124521285295486,0.03889275714755058,-0.045138027518987656
;-83.61231231689453;-0.0000023374066131509608,2.8691687248283415e-7,-0.0013858324382454157,-0.04487261921167374;4.733778369292452e-10,0.22182157635688782,0.09343082457780838,-0.5617805123329163;0.4749529957771301,-0.1212596520781517,0.038861505687236786,-0.045140545815229416
;-83.62075805664062;-0.000002359734708079486,2.735903024131403e-7,-0.001388226868584752,-0.044689472764730453;4.710880019409558e-10,0.22179244458675385,0.09279457479715347,-0.561164140701294;0.47381946444511414,-0.12127399444580078,0.0388302318751812,-0.0451430007815361
;-83.62901306152344;-0.0000023820628030080115,2.609378668694262e-7,-0.00139064178802073,-0.04450639337301254;4.688566757060642e-10,0.22176405787467957,0.09216818958520889,-0.5605459809303284;0.4727107286453247,-0.12128821760416031,0.03879893571138382,-0.04514540359377861
;-83.6370849609375;-0.000002404377028142335,2.489238681846473e-7,-0.0013930745190009475,-0.04432341828942299;4.666799169328328e-10,0.22173622250556946,0.0915510505437851,-0.5599260330200195;0.47162503004074097,-0.12130234390497208,0.03876761719584465,-0.04514775052666664
;-83.64498901367188;-0.0000024266687432827894,2.3751513822389825e-7,-0.0013955251779407263,-0.04414060711860657;4.6455420066315867e-10,0.22170908749103546,0.09094282239675522,-0.5593042969703674;0.47056129574775696,-0.12131638079881668,0.03873627632856369,-0.045150045305490494
;-83.65272521972656;-0.0000024489331735821906,2.266804699502245e-7,-0.001397991320118308,-0.043957971036434174;4.624782223849877e-10,0.22168247401714325,0.09034319221973419,-0.558681070804596;0.4695187211036682,-0.12133032828569412,0.03870491310954094,-0.045152295380830765
;-83.6603012084961;-0.0000024711823698453372,2.1639078795487876e-7,-0.0014004732947796583,-0.043775513768196106;4.604511771866271e-10,0.2216564565896988,0.08975212275981903,-0.5580561757087708;0.4684973359107971,-0.121344193816185,0.0386735238134861,-0.04515449330210686
;-83.66770935058594;-0.0000024933945041993866,2.0661798316723434e-7,-0.0014029701706022024,-0.04359326884150505;4.584713719779643e-10,0.22163096070289612,0.08916927129030228,-0.5574297308921814;0.4674961268901825,-0.12135796993970871,0.03864211216568947,-0.04515664651989937
;-83.67498016357422;-0.0000025155791263387073,1.9733541023470025e-7,-0.001405480201356113,-0.04341127350926399;4.5653519853416924e-10,0.22160601615905762,0.08859430998563766,-0.5568018555641174;0.46651408076286316,-0.12137167900800705,0.03861067444086075,-0.0451587550342083
;-83.68209838867188;-0.000002537722821216448,1.8851768857075513e-7,-0.0014080036198720336,-0.043229538947343826;4.546414911210661e-10,0.2215816229581833,0.08802692592144012,-0.5561726093292236;0.46555042266845703,-0.12138529121875763,0.03857921436429024,-0.045160818845033646
;-83.68907928466797;-0.0000025598308184271445,1.8014151237366605e-7,-0.0014105389127507806,-0.04304807260632515;4.527902219830793e-10,0.2215576320886612,0.08746709674596786,-0.5555418133735657;0.4646051228046417,-0.12139883637428284,0.038547735661268234,-0.04516284540295601
;-83.6959228515625;-0.000002581893795650103,1.7218411585417925e-7,-0.001413085963577032,-0.04286692664027214;4.509778106509543e-10,0.22153419256210327,0.08691449463367462,-0.5549098253250122;0.4636772572994232,-0.12141232192516327,0.03851623088121414,-0.04516482725739479
;-83.70263671875;-0.000002603917891974561,1.646245237907351e-7,-0.0014156438410282135,-0.042686089873313904;4.492052285698378e-10,0.22151121497154236,0.08636907488107681,-0.5542765855789185;0.46276676654815674,-0.12142573297023773,0.03848470374941826,-0.04516677185893059
;-83.709228515625;-0.0000026258858270011842,1.5744174675091926e-7,-0.0014182120794430375,-0.042505618184804916;4.4746825689223613e-10,0.2214886099100113,0.08583028614521027,-0.5536419749259949;0.4618716835975647,-0.12143906950950623,0.038453150540590286,-0.0451686792075634
;-83.7156982421875;-0.0000026477928258827887,1.506168985088152e-7,-0.0014207889325916767,-0.04232551157474518;4.457661739731833e-10,0.22146651148796082,0.08529806137084961,-0.5530255436897278;0.4609921872615814,-0.12145210057497025,0.03842245414853096,-0.04517055302858353
;-83.7220458984375;-0.0000026696559416450327,1.4413210180919123e-7,-0.001423374400474131,-0.042145777493715286;4.440986189901963e-10,0.221444770693779,0.08477236330509186,-0.5524270534515381;0.46012821793556213,-0.1214647963643074,0.03839261084794998,-0.04517239332199097
;-83.728271484375;-0.0000026914758564089425,1.3797030362638907e-7,-0.0014259685995057225,-0.04196641594171524;4.4246625807708995e-10,0.2214234620332718,0.08425316959619522,-0.55180823802948;0.4592798352241516,-0.12147770076990128,0.038361869752407074,-0.04517419636249542
;-83.73438262939453;-0.000002713248022701009,1.3211536042945227e-7,-0.0014285714132711291,-0.04178743064403534;4.4086811978871765e-10,0.22140255570411682,0.08374042809009552,-0.5511882305145264;0.458447128534317,-0.12149053812026978,0.038331106305122375,-0.045175958424806595
;-83.74038696289062;-0.000002734964937189943,1.265510718440055e-7,-0.0014311817940324545,-0.041608866304159164;4.3930073467812747e-10,0.2213820368051529,0.08323356509208679,-0.550586462020874;0.45762789249420166,-0.1215030625462532,0.03830120339989662,-0.04517769813537598
;-83.74628448486328;-0.0000027566163680603495,1.2126297121994867e-7,-0.0014337997417896986,-0.04143073409795761;4.3776385294513886e-10,0.22136187553405762,0.08273257315158844,-0.5499836206436157;0.4568224251270294,-0.12151554226875305,0.03827127814292908,-0.04517940431833267
;-83.75208282470703;-0.000002778198677333421,1.1623686901884867e-7,-0.0014364244416356087,-0.04125304892659187;4.3625433820970727e-10,0.22134210169315338,0.0822371393442154,-0.5493798851966858;0.4560295641422272,-0.12152796238660812,0.03824133053421974,-0.04518108069896698
;-83.75778198242188;-0.0000027997307370242197,1.1146010336915424e-7,-0.0014390555443242192,-0.04107578098773956;4.3477565991878464e-10,0.22132264077663422,0.08174748718738556,-0.5487751364707947;0.45525047183036804,-0.12154032289981842,0.038211364299058914,-0.0451827272772789
;-83.76338958740234;-0.0000028211909466335783,1.0691952212482647e-7,-0.0014416923513635993,-0.04089899733662605;4.3332260002415524e-10,0.2213035374879837,0.08126306533813477,-0.5481693148612976;0.4544829726219177,-0.12155264616012573,0.038181375712156296,-0.04518434405326843
;-83.76890563964844;-0.000002842575895556365,1.026033871198706e-7,-0.0014443338150158525,-0.040722694247961044;4.31895019747941e-10,0.22128476202487946,0.08078384399414062,-0.5475627779960632;0.45372721552848816,-0.12156493216753006,0.03815136104822159,-0.045185938477516174
;-83.77433013916016;-0.0000028638996809604578,9.850053572790785e-8,-0.001446980400942266,-0.04054686799645424;4.3049344644607856e-10,0.2212662398815155,0.08030980080366135,-0.5469552874565125;0.4529832601547241,-0.12157716602087021,0.03812133148312569,-0.04518750682473183
;-83.7796630859375;-0.000002885151388909435,9.460035244046594e-8,-0.0014496316434815526,-0.040371526032686234;4.291177413406899e-10,0.2212480753660202,0.07984088361263275,-0.54634690284729;0.4522510766983032,-0.12158935517072678,0.038091279566287994,-0.04518904536962509
;-83.78491973876953;-0.000002906333293140051,9.089245622817543e-8,-0.001452287775464356,-0.040196698158979416;4.2776512887421347e-10,0.2212301790714264,0.07937683165073395,-0.5457377433776855;0.4515296220779419,-0.12160150706768036,0.03806120902299881,-0.04519055783748627
;-83.79010009765625;-0.0000029274328881001566,8.736703449585548e-8,-0.0014549465849995613,-0.04002239927649498;4.264342767790197e-10,0.22121252119541168,0.07891733199357986,-0.5451279282569885;0.4508179724216461,-0.12161362916231155,0.038031116127967834,-0.04519205540418625
;-83.79520416259766;-0.000002948445626316243,8.401503492905249e-8,-0.0014576091198250651,-0.03984863683581352;4.2512501852165485e-10,0.22119519114494324,0.0784623771905899,-0.5445172786712646;0.4501161277294159,-0.12162571400403976,0.03800099715590477,-0.04519352689385414
;-83.80023193359375;-0.00000296938446808781,8.08278386443817e-8,-0.001460274332202971,-0.03967539966106415;4.2383674347945544e-10,0.22117802500724792,0.07801194489002228,-0.5439058542251587;0.44942399859428406,-0.12163776904344559,0.03797086328268051,-0.04519497975707054
;-83.80519104003906;-0.0000029902412279625423,7.779729571666394e-8,-0.0014629418728873134,-0.03950268775224686;4.225698957416313e-10,0.22116120159626007,0.0775659903883934,-0.543293833732605;0.4487418234348297,-0.12164977937936783,0.037940703332424164,-0.045196402817964554
;-83.8100814819336;-0.000003010996579178027,7.491514253388232e-8,-0.0014656115090474486,-0.03933056443929672;4.213198678826302e-10,0.22114454209804535,0.07712401449680328,-0.5426811575889587;0.44806724786758423,-0.12166176736354828,0.037910524755716324,-0.04519781470298767
;-83.81490325927734;-0.0000030316878110170364,7.217452946406411e-8,-0.0014682834735140204,-0.03915897011756897;4.2009171141721424e-10,0.22112813591957092,0.07668645679950714,-0.5420676469802856;0.4474027752876282,-0.12167371809482574,0.037880320101976395,-0.045199204236269
;-83.81966400146484;-0.0000030522742235916667,6.956797449220176e-8,-0.0014709563693031669,-0.03898794576525688;4.188803193194701e-10,0.2211119830608368,0.07625282555818558,-0.5414535999298096;0.44674596190452576,-0.12168565392494202,0.03785010054707527,-0.04520057141780853
;-83.8243637084961;-0.0000030727696866961196,6.708885535999798e-8,-0.0014736303128302097,-0.038817502558231354;4.1768558056709537e-10,0.22109603881835938,0.07582306116819382,-0.5408388376235962;0.4460970461368561,-0.1216975525021553,0.03781985491514206,-0.04520192742347717
;-83.8290023803711;-0.0000030931801120459568,6.47308837642413e-8,-0.0014763049548491836,-0.0386476144194603;4.165085498719634e-10,0.22108028829097748,0.07539716362953186,-0.5402429103851318;0.445455938577652,-0.12170915305614471,0.037790484726428986,-0.04520326107740402
;-83.83358001708984;-0.000003113497768936213,6.248808404052397e-8,-0.0014789799461141229,-0.038478318601846695;4.153480337443227e-10,0.2210647612810135,0.07497512549161911,-0.5396655201911926;0.44482266902923584,-0.12172047793865204,0.037761982530355453,-0.04520457983016968
;-83.83809661865234;-0.000003133727886961424,6.035472921439577e-8,-0.0014816559851169586,-0.038309596478939056;4.1420461505126127e-10,0.22104942798614502,0.07455692440271378,-0.5390875935554504;0.44419732689857483,-0.12173175811767578,0.03773346170783043,-0.04520587623119354
;-83.8425521850586;-0.000003153876150463475,5.832544758277436e-8,-0.0014843328390270472,-0.038141440600156784;4.1307754439223743e-10,0.22103431820869446,0.07414250075817108,-0.5385090708732605;0.44357988238334656,-0.12174302339553833,0.03770492225885391,-0.04520716145634651
;-83.84695434570312;-0.0000031739482437842526,5.639509126353914e-8,-0.0014870099257677794,-0.037973854690790176;4.1196798750142705e-10,0.2210194170475006,0.07373186945915222,-0.5379300117492676;0.44297027587890625,-0.1217542514204979,0.037676360458135605,-0.04520842805504799
;-83.85130310058594;-0.0000031939025575411506,5.4558391582304466e-8,-0.0014896868960931897,-0.03780688717961311;4.1087086510849247e-10,0.2210046648979187,0.07332448661327362,-0.5373503565788269;0.4423666298389435,-0.12176547199487686,0.037647783756256104,-0.04520967975258827
;-83.85560607910156;-0.0000032137741072801873,5.281093606868126e-8,-0.001492363982833922,-0.0376405194401741;4.0978806459257555e-10,0.22099009156227112,0.07292059808969498,-0.5367509126663208;0.4417698383331299,-0.12177693843841553,0.03761829063296318,-0.04521091282367706
;-83.85986328125;-0.0000032335408377548447,5.1148141722023865e-8,-0.0014950407203286886,-0.03747475519776344;4.087186977752566e-10,0.22097571194171906,0.0725199431180954,-0.5361319184303284;0.44117891788482666,-0.12178865075111389,0.037587881088256836,-0.04521213471889496
;-83.86407470703125;-0.0000032532016120967455,4.9565841209187056e-8,-0.0014977158280089498,-0.03730960935354233;4.076621817894477e-10,0.22096145153045654,0.0721224993467331,-0.5355316400527954;0.4405939280986786,-0.12180008739233017,0.03755835443735123,-0.04521334171295166
;-83.86824035644531;-0.000003272768935858039,4.806007325441897e-8,-0.0015003896551206708,-0.037145063281059265;4.066179337680609e-10,0.22094735503196716,0.07172824442386627,-0.5349308252334595;0.44001469016075134,-0.12181149423122406,0.03752880170941353,-0.045214541256427765
;-83.87236022949219;-0.0000032922366699494887,4.662707553393375e-8,-0.001503062667325139,-0.03698112815618515;4.0558645331145726e-10,0.2209334373474121,0.07133716344833374,-0.5343489050865173;0.4394414722919464,-0.12182262539863586,0.03750012442469597,-0.04521572217345238
;-83.8764419555664;-0.000003311604814371094,4.5263249148774776e-8,-0.0015057341661304235,-0.03681778907775879;4.045677126640612e-10,0.220919668674469,0.0709492489695549,-0.533766508102417;0.43887409567832947,-0.12183372676372528,0.037471428513526917,-0.045216891914606094
;-83.88047790527344;-0.0000033308672300336184,4.396506270154532e-8,-0.0015084035694599152,-0.03665509074926376;4.0355924157964296e-10,0.22090604901313782,0.07056421786546707,-0.5331836938858032;0.43831154704093933,-0.1218448281288147,0.03744271397590637,-0.045218050479888916
;-83.88447570800781;-0.000003350021643200307,4.272927256465664e-8,-0.0015110712265595794,-0.03649301826953888;4.0256201150334903e-10,0.2208925038576126,0.07018208503723145,-0.5326005816459656;0.4377538859844208,-0.12185589969158173,0.03741397708654404,-0.04521919786930084
;-83.88843536376953;-0.0000033690887448756257,4.1552969065605794e-8,-0.001513737253844738,-0.03633154183626175;4.0157679959129666e-10,0.22087916731834412,0.06980304419994354,-0.532016932964325;0.43720218539237976,-0.12186696380376816,0.03738522529602051,-0.04522033408284187
;-83.89234924316406;-0.0000033880503451655386,4.04330826597743e-8,-0.0015164015349000692,-0.03617069125175476;4.006022735758563e-10,0.22086594998836517,0.06942685693502426,-0.5314329862594604;0.4366554617881775,-0.1218780130147934,0.037356454879045486,-0.04522145539522171
;-83.89623260498047;-0.000003406915311643388,3.9366838677779015e-8,-0.0015190636040642858,-0.03601045906543732;3.9963837794587675e-10,0.22085288166999817,0.0690535232424736,-0.5308485627174377;0.4361135959625244,-0.12188905477523804,0.03732766583561897,-0.04522256925702095
;-83.90008544921875;-0.0000034256622711836826,3.8351466002950474e-8,-0.0015217235777527094,-0.03585086390376091;3.986826702107038e-10,0.22083988785743713,0.06868275254964828,-0.5302637815475464;0.43557557463645935,-0.12190008163452148,0.03729885071516037,-0.045223671942949295
;-83.90390014648438;-0.00000344429531651258,3.738447773571352e-8,-0.0015243799425661564,-0.03569190204143524;3.9773614957105963e-10,0.22082702815532684,0.0683145597577095,-0.5296787619590759;0.4350414574146271,-0.12191110104322433,0.03727002069354057,-0.045224763453006744
;-83.90767669677734;-0.0000034628528737812303,3.646374935328822e-8,-0.0015270339790731668,-0.03553352877497673;3.9680153607335455e-10,0.22081433236598969,0.06794939190149307,-0.529093325138092;0.43451330065727234,-0.12192210555076599,0.03724117577075958,-0.0452258437871933
;-83.91142272949219;-0.0000034812940157280536,3.558676198167632e-8,-0.0015296860365197062,-0.03537578508257866;3.95876054160027e-10,0.2208016961812973,0.0675867572426796,-0.5285075306892395;0.4339890480041504,-0.12193309515714645,0.0372123047709465,-0.045226920396089554
;-83.91514587402344;-0.000003499628064673743,3.475136267638845e-8,-0.0015323351835832,-0.03521868214011192;3.9495864911920364e-10,0.22078917920589447,0.06722666323184967,-0.5279214382171631;0.43346863985061646,-0.12194408476352692,0.03718341886997223,-0.045227982103824615
;-83.9188461303711;-0.0000035178238704247633,3.395528835881123e-8,-0.001534980838187039,-0.03506224974989891;3.940459347706593e-10,0.2207767367362976,0.0668686032295227,-0.5273351669311523;0.43295007944107056,-0.12195507436990738,0.03715451434254646,-0.04522904008626938
;-83.92251586914062;-0.000003535919859132264,3.319683017366515e-8,-0.0015376225346699357,-0.03490642458200455;3.931418524061314e-10,0.2207643836736679,0.0665130466222763,-0.5267484784126282;0.4324353337287903,-0.12196604907512665,0.037125587463378906,-0.045230086892843246
;-83.92615509033203;-0.0000035539051168598235,3.247415847340562e-8,-0.0015402607386931777,-0.03475123643875122;3.922457358918052e-10,0.22075212001800537,0.06615999341011047,-0.5261616706848145;0.4319245219230652,-0.12197702378034592,0.03709664195775986,-0.04523112624883652
;-83.92976379394531;-0.000003571793286027969,3.178551111204797e-8,-0.0015428951010107994,-0.034596674144268036;3.913586121839785e-10,0.22074000537395477,0.06580942124128342,-0.5255743861198425;0.4314177334308624,-0.12198798358440399,0.037067677825689316,-0.04523216187953949
;-83.93335723876953;-0.0000035895670862373663,3.112911528546647e-8,-0.0015455264365300536,-0.034442756325006485;3.9047806654757267e-10,0.22072793543338776,0.06546107679605484,-0.5249869227409363;0.43091365694999695,-0.12199894338846207,0.03703869506716728,-0.045233190059661865
;-83.93692016601562;-0.000003607223561630235,3.050339003607405e-8,-0.0015481531154364347,-0.034289468079805374;3.8960357162665105e-10,0.2207159698009491,0.06511496007442474,-0.5243991613388062;0.4304125905036926,-0.12200989574193954,0.03700968995690346,-0.045234207063913345
;-83.94046783447266;-0.000003624757027864689,2.990683256598459e-8,-0.001550776418298483,-0.034136813133955;3.8873565477715033e-10,0.2207040637731552,0.06477106362581253,-0.5238112211227417;0.4299142062664032,-0.12202084809541702,0.03698066622018814,-0.04523522034287453
;-83.94398498535156;-0.0000036421906770556234,2.9338021789726554e-8,-0.0015533952973783016,-0.03398478776216507;3.8787473233270475e-10,0.22069226205348969,0.06442936509847641,-0.5232229828834534;0.4294188320636749,-0.1220317929983139,0.03695162758231163,-0.04523622617125511
;-83.9474868774414;-0.0000036595092751667835,2.8795586359819936e-8,-0.0015560102183371782,-0.03383340314030647;3.8701983284816777e-10,0.22068050503730774,0.06408985704183578,-0.5226345062255859;0.4289262890815735,-0.12204274535179138,0.03692256659269333,-0.0452372245490551
;-83.95096588134766;-0.0000036767216897715116,2.8278252628410883e-8,-0.001558621064759791,-0.033682648092508316;3.861713726571736e-10,0.22066888213157654,0.06375253200531006,-0.5220457315444946;0.4284366965293884,-0.12205368280410767,0.03689348325133324,-0.04523821547627449
;-83.95442962646484;-0.000003693807457239018,2.7784682998799326e-8,-0.0015612273709848523,-0.03353254497051239;3.853276031584585e-10,0.22065724432468414,0.06341715902090073,-0.5214568972587585;0.42794883251190186,-0.12206462025642395,0.03686438128352165,-0.04523920267820358
;-83.95787048339844;-0.0000037107693060534075,2.731371395725546e-8,-0.001563828787766397,-0.033383071422576904;3.8448785821820763e-10,0.2206457257270813,0.0630837082862854,-0.5208871364593506;0.4274628758430481,-0.12207528948783875,0.0368361733853817,-0.04524018615484238
;-83.96129608154297;-0.0000037276204238878563,2.686434008580818e-8,-0.001566426013596356,-0.03323422372341156;3.836550799274363e-10,0.22063423693180084,0.06275241822004318,-0.520317018032074;0.42697978019714355,-0.12208595126867294,0.03680794686079025,-0.045241162180900574
;-83.9646987915039;-0.0000037443794553837506,2.643549912306753e-8,-0.0015690186992287636,-0.03308599442243576;3.828287131746322e-10,0.22062280774116516,0.06242326274514198,-0.5197274088859558;0.4264995753765106,-0.12209688127040863,0.03677878901362419,-0.045242130756378174
;-83.96807861328125;-0.0000037610109302477213,2.6026102162290954e-8,-0.0015716067282482982,-0.0329383984208107;3.8200639873586795e-10,0.22061148285865784,0.06209602206945419,-0.5191762447357178;0.4260212182998657,-0.12210725992918015,0.036751437932252884,-0.04524310305714607
;-83.971435546875;-0.000003777562369577936,2.5635383593680672e-8,-0.0015741904499009252,-0.03279140591621399;3.8119282730342263e-10,0.22060027718544006,0.06177110970020294,-0.5186247229576111;0.4255468547344208,-0.12211763113737106,0.036724064499139786,-0.04524405673146248
;-83.97477722167969;-0.0000037939989852020517,2.5262245628709934e-8,-0.0015767704462632537,-0.03264504671096802;3.803832804294416e-10,0.2205890566110611,0.061448078602552414,-0.5180538296699524;0.4250743091106415,-0.12212827801704407,0.03669576346874237,-0.045245010405778885
;-83.97809600830078;-0.0000038103196402516915,2.4905837392452668e-8,-0.001579345902428031,-0.03249930217862129;3.7957822995871027e-10,0.2205779105424881,0.06112692132592201,-0.517501950263977;0.424603670835495,-0.12213864922523499,0.036668356508016586,-0.04524596035480499
;-83.98139190673828;-0.000003826561624009628,2.456551229101933e-8,-0.0015819169348105788,-0.03235413879156113;3.7878186698314664e-10,0.22056683897972107,0.06080806627869606,-0.5169497728347778;0.4241369664669037,-0.1221490129828453,0.03664093464612961,-0.045246899127960205
;-83.98467254638672;-0.000003842686965072062,2.4240312868073488e-8,-0.0015844849403947592,-0.0322096012532711;3.779895563216229e-10,0.22055581212043762,0.06049105525016785,-0.5163975358009338;0.4236721098423004,-0.12215936183929443,0.03661349415779114,-0.04524783790111542
;-83.98793029785156;-0.000003858703166770283,2.3929509040954144e-8,-0.0015870481729507446,-0.032065682113170624;3.772016310410464e-10,0.22054488956928253,0.06017589941620827,-0.515845000743866;0.42320913076400757,-0.12216972559690475,0.03658603876829147,-0.04524876922369003
;-83.99117279052734;-0.0000038746270547562744,2.363247908476751e-8,-0.0015896075638011098,-0.031922366470098495;3.7642006178728593e-10,0.22053398191928864,0.059862785041332245,-0.5152924060821533;0.42274919152259827,-0.12218007445335388,0.03655856102705002,-0.04524969309568405
;-83.99440002441406;-0.0000038904440771148074,2.334846982421368e-8,-0.0015921626472845674,-0.03177966922521591;3.7564240606968724e-10,0.2205231636762619,0.059551484882831573,-0.514739453792572;0.42229101061820984,-0.1221904382109642,0.03653107210993767,-0.04525061696767807
;-83.99761199951172;-0.000003906159690814093,2.307684177083047e-8,-0.0015947131905704737,-0.03163759037852287;3.748696353333969e-10,0.22051234543323517,0.05924201011657715,-0.514186441898346;0.4218347370624542,-0.12220078706741333,0.03650356084108353,-0.04525152966380119
;-84.00080871582031;-0.0000039217616176756565,2.281700339779036e-8,-0.001597258960828185,-0.03149612247943878;3.741013887559319e-10,0.22050167620182037,0.05893433094024658,-0.5136331915855408;0.42138031125068665,-0.12221115082502365,0.03647603467106819,-0.045252442359924316
;-84.00399017333984;-0.000003937263045372674,2.2568370283693184e-8,-0.001599800423718989,-0.03135526180267334;3.7333697244790187e-10,0.22049102187156677,0.058628443628549576,-0.513079822063446;0.42092788219451904,-0.12222149223089218,0.036448489874601364,-0.04525335133075714
;-84.00715637207031;-0.0000039526544242107775,2.233040419241661e-8,-0.0016023366479203105,-0.031215010210871696;3.725774411211802e-10,0.22048039734363556,0.05832434818148613,-0.5125262141227722;0.4204772412776947,-0.1222318559885025,0.03642093017697334,-0.04525425285100937
;-84.01030731201172;-0.000003967949396610493,2.2102584651406687e-8,-0.0016048686811700463,-0.031075358390808105;3.718223229309814e-10,0.22046981751918793,0.05802202969789505,-0.5119723677635193;0.4200284779071808,-0.12224220484495163,0.03639335185289383,-0.0452551506459713
;-84.01344299316406;-0.000003983144324593013,2.1884416057105227e-8,-0.0016073962906375527,-0.030936311930418015;3.7107103501021754e-10,0.22045931220054626,0.057721491903066635,-0.5114185214042664;0.4195815920829773,-0.12225256115198135,0.036365754902362823,-0.04525604471564293
;-84.01656341552734;-0.000003998235570179531,2.1675429451306627e-8,-0.001609919243492186,-0.03079785406589508;3.703241602259766e-10,0.22044886648654938,0.0574227049946785,-0.5108643770217896;0.4191366136074066,-0.12226291745901108,0.036338143050670624,-0.04525693878531456
;-84.0196762084961;-0.0000040132267713488545,2.1475184297514716e-8,-0.00161243777256459,-0.030660010874271393;3.6958214266746836e-10,0.22043848037719727,0.05712566897273064,-0.5103101134300232;0.41869357228279114,-0.1222732737660408,0.03631051257252693,-0.045257817953825
;-84.02277374267578;-0.000004028100192954298,2.1283174334030264e-8,-0.0016149511793628335,-0.030522769317030907;3.6884209575482885e-10,0.22042803466320038,0.05683016777038574,-0.5097556710243225;0.41825124621391296,-0.12228363007307053,0.03628286346793175,-0.04525870457291603
;-84.0258560180664;-0.000004042881300847512,2.109907804026534e-8,-0.0016174601623788476,-0.030386129394173622;3.6810635095640976e-10,0.22041772305965424,0.05653640627861023,-0.509201169013977;0.4178108870983124,-0.12229399383068085,0.03625519946217537,-0.04525958374142647
;-84.0289306640625;-0.000004057545083924197,2.092243533979854e-8,-0.0016199639067053795,-0.03025008738040924;3.673731596709473e-10,0.22040744125843048,0.05624416097998619,-0.5086464881896973;0.41737136244773865,-0.12230435758829117,0.0362275131046772,-0.045260459184646606
;-84.03199768066406;-0.000004072122010256862,2.07529549101082e-8,-0.0016224633436650038,-0.030114633962512016;3.6664427049970527e-10,0.2203972190618515,0.055953629314899445,-0.5080916881561279;0.41693368554115295,-0.12231471389532089,0.03619981184601784,-0.04526133090257645
;-84.03504943847656;-0.000004086580702278297,2.0590222860050744e-8,-0.0016249571926891804,-0.029979778453707695;3.6591785157469303e-10,0.22038698196411133,0.05566461384296417,-0.5075366497039795;0.4164968729019165,-0.12232508510351181,0.03617209568619728,-0.04526220262050629
;-84.03809356689453;-0.00000410092525271466,2.04339070108972e-8,-0.0016274459194391966,-0.029845528304576874;3.651939306514862e-10,0.22037678956985474,0.05537709966301918,-0.5069816708564758;0.41606080532073975,-0.12233546376228333,0.036144357174634933,-0.04526307061314583
;-84.04113006591797;-0.000004115187948627863,2.0283769330831092e-8,-0.0016299295239150524,-0.029711853712797165;3.644743118424998e-10,0.2203666716814041,0.05509126931428909,-0.5064263939857483;0.41562676429748535,-0.12234583497047424,0.03611660376191139,-0.04526393488049507
;-84.04415893554688;-0.0000041293133108410984,2.0139363954285727e-8,-0.001632407889701426,-0.029578790068626404;3.637553036561769e-10,0.2203565090894699,0.05480673909187317,-0.5058711171150208;0.4151923656463623,-0.12235622107982635,0.03608883544802666,-0.045264799147844315
;-84.04718017578125;-0.000004143354090047069,2.0000559430854992e-8,-0.0016348809003829956,-0.029446303844451904;3.6304054207292324e-10,0.22034643590450287,0.054523877799510956,-0.5053156614303589;0.41475987434387207,-0.12236659973859787,0.03606104478240013,-0.04526565596461296
;-84.05018615722656;-0.000004157287094130879,1.986701114731204e-8,-0.0016373484395444393,-0.02931441180408001;3.62328278491475e-10,0.22033633291721344,0.054242491722106934,-0.5047987103462219;0.4143282473087311,-0.12237641960382462,0.036035094410181046,-0.04526651278138161
;-84.05317687988281;-0.0000041711405174282845,1.9738537915259258e-8,-0.0016398110892623663,-0.02918309159576893;3.616197619127348e-10,0.22032633423805237,0.053962770849466324,-0.5042815804481506;0.4138985872268677,-0.12238623946905136,0.03600912541151047,-0.045267362147569656
;-84.05615234375;-0.000004184899353276705,1.9614898150166482e-8,-0.0016422694316133857,-0.02905232273042202;3.609159637818493e-10,0.22031641006469727,0.05368471145629883,-0.5037450790405273;0.4134708046913147,-0.1223963275551796,0.03598221763968468,-0.045268215239048004
;-84.05912017822266;-0.00000419855768996058,1.9495786318657338e-8,-0.0016447232337668538,-0.02892214246094227;3.60214608141618e-10,0.22030645608901978,0.05340808257460594,-0.5032083988189697;0.4130437970161438,-0.12240643799304962,0.035955287516117096,-0.04526905715465546
;-84.06208038330078;-0.000004212131898384541,1.9381056759470994e-8,-0.0016471727285534143,-0.028792528435587883;3.595170272596704e-10,0.22029660642147064,0.053133103996515274,-0.5026715397834778;0.41261881589889526,-0.12241654843091965,0.03592834249138832,-0.04526989907026291
;-84.06502532958984;-0.000004225609245622763,1.9270432360940504e-8,-0.0016496171010658145,-0.028663495555520058;3.588223329575868e-10,0.2202867567539215,0.05285955220460892,-0.5021538734436035;0.4121946394443512,-0.12242636829614639,0.03590231388807297,-0.04527074098587036
;-84.06796264648438;-0.000004238980636728229,1.9163710618386176e-8,-0.0016520568169653416,-0.028535034507513046;3.5812960930137194e-10,0.22027693688869476,0.052587419748306274,-0.5016362071037292;0.4117712676525116,-0.12243619561195374,0.03587626665830612,-0.04527157545089722
;-84.07088470458984;-0.000004252281087246956,1.906077784497029e-8,-0.0016544921090826392,-0.028407126665115356;3.574415485818605e-10,0.2202671319246292,0.05231691151857376,-0.5011182427406311;0.411349892616272,-0.12244601547718048,0.03585020452737808,-0.04527240991592407
;-84.07379913330078;-0.0000042654896788008045,1.8961451075938385e-8,-0.001656923210248351,-0.02827976644039154;3.5675717935390594e-10,0.2202574461698532,0.05204800143837929,-0.5006002187728882;0.4109303653240204,-0.12245584279298782,0.03582412749528885,-0.04527323693037033
;-84.07669830322266;-0.000004278606411389774,1.8865495832187662e-8,-0.0016593494219705462,-0.02815297804772854;3.560756967058154e-10,0.22024773061275482,0.05178049951791763,-0.5000819563865662;0.4105118215084076,-0.12246566265821457,0.03579803928732872,-0.04527406394481659
;-84.07958984375;-0.000004291632194508566,1.8772746912532057e-8,-0.0016617713263258338,-0.0280267633497715;3.5539612919244234e-10,0.22023802995681763,0.0515143908560276,-0.49956369400024414;0.4100939929485321,-0.12247548997402191,0.0357719287276268,-0.04527488723397255
;-84.08247375488281;-0.000004304578396840952,1.8683119051843278e-8,-0.0016641889233142138,-0.02790108509361744;3.5472072501541163e-10,0.2202284336090088,0.05124986544251442,-0.4990452527999878;0.4096781611442566,-0.12248532474040985,0.03574580326676369,-0.04527570679783821
;-84.08534240722656;-0.000004317425009503495,1.8596399087300597e-8,-0.0016666015144437551,-0.027775967493653297;3.5404768006230825e-10,0.22021886706352234,0.05098671838641167,-0.4985267221927643;0.40926313400268555,-0.12249515950679779,0.03571966663002968,-0.045276518911123276
;-84.08820343017578;-0.000004330184310674667,1.851245023942738e-8,-0.0016690099146217108,-0.027651414275169373;3.533770498442834e-10,0.2202093005180359,0.05072494223713875,-0.4980081021785736;0.40884900093078613,-0.12250499427318573,0.035693515092134476,-0.04527733847498894
;-84.09105682373047;-0.000004342867214290891,1.8431199677593213e-8,-0.0016714142402634025,-0.027527395635843277;3.527105274514497e-10,0.2201998084783554,0.05046473443508148,-0.49748921394348145;0.4084368944168091,-0.12251482903957367,0.03566734120249748,-0.045278146862983704
;-84.0938949584961;-0.000004355453711468726,1.8352462660686797e-8,-0.001673813909292221,-0.0274039376527071;3.520468638829044e-10,0.22019028663635254,0.05020587518811226,-0.49697038531303406;0.4080255329608917,-0.1225246712565422,0.035641156136989594,-0.04527895152568817
;-84.09673309326172;-0.000004367954261397244,1.8276118396443053e-8,-0.001676208688877523,-0.027281027287244797;3.513850044267741e-10,0.22018083930015564,0.049948371946811676,-0.49645137786865234;0.4076150953769684,-0.12253451347351074,0.03561495617032051,-0.045279763638973236
;-84.09955596923828;-0.000004380368864076445,1.820204964531058e-8,-0.00167859869543463,-0.027158662676811218;3.507255597057224e-10,0.22017142176628113,0.04969222843647003,-0.4959322512149811;0.4072054624557495,-0.12254436314105988,0.035588737577199936,-0.045280564576387405
;-84.10237884521484;-0.000004392688879306661,1.8130153378592695e-8,-0.001680984627455473,-0.027036841958761215;3.500679468526613e-10,0.2201620191335678,0.04943741112947464,-0.49541300535202026;0.4067966938018799,-0.12255421280860901,0.035562507808208466,-0.045281365513801575
;-84.10518646240234;-0.00000440492340203491,1.8060317685808513e-8,-0.0016833654372021556,-0.02691556140780449;3.49413165068313e-10,0.2201526015996933,0.04918393865227699,-0.49489372968673706;0.40638887882232666,-0.12256407737731934,0.0355362594127655,-0.045282166451215744
;-84.10799407958984;-0.0000044170669752929825,1.7992455525472906e-8,-0.0016857414739206433,-0.026794832199811935;3.487607147523164e-10,0.22014328837394714,0.0489317961037159,-0.49437427520751953;0.4059818983078003,-0.12257394194602966,0.03550999239087105,-0.045282963663339615
;-84.11078643798828;-0.000004429123691807035,1.7926470974316544e-8,-0.0016881122719496489,-0.026674631983041763;3.481105403935203e-10,0.2201339602470398,0.04868097975850105,-0.49385473132133484;0.4055757224559784,-0.1225837990641594,0.035483717918395996,-0.04528375342488289
;-84.11357879638672;-0.000004441092187335016,1.786227343814062e-8,-0.0016904789954423904,-0.026554981246590614;3.474626975030759e-10,0.22012463212013245,0.048431478440761566,-0.49333518743515015;0.4051704704761505,-0.12259367108345032,0.03545742109417915,-0.04528455063700676
;-84.11636352539062;-0.000004452963821677258,1.779971547932746e-8,-0.0016928404802456498,-0.02643587626516819;3.468153819685682e-10,0.22011533379554749,0.048183102160692215,-0.4928155541419983;0.40476495027542114,-0.12260354310274124,0.03543110936880112,-0.04528534412384033
;-84.119140625;-0.0000044647626964433584,1.773885038858225e-8,-0.0016951970756053925,-0.026317287236452103;3.4617170241446615e-10,0.2201061248779297,0.04793621599674225,-0.4922957122325897;0.404361367225647,-0.12261342257261276,0.035404786467552185,-0.04528613016009331
;-84.12191772460938;-0.000004476463800529018,1.767946322672742e-8,-0.0016975488979369402,-0.026199238374829292;3.455290498166619e-10,0.2200968861579895,0.04769045114517212,-0.49177584052085876;0.4039575755596161,-0.12262330949306488,0.03537844121456146,-0.04528691992163658
;-84.12468719482422;-0.000004488053946261061,1.7621486492203076e-8,-0.0016998953651636839,-0.026081733405590057;3.448868690636431e-10,0.22008764743804932,0.047445788979530334,-0.49125587940216064;0.40355348587036133,-0.122633196413517,0.035352084785699844,-0.04528770595788956
;-84.12744903564453;-0.000004499589522310998,1.7564985910212272e-8,-0.0017022367101162672,-0.02596474066376686;3.442487961358154e-10,0.22007842361927032,0.04720260947942734,-0.49073585867881775;0.4031515121459961,-0.12264309078454971,0.03532571345567703,-0.045288488268852234
;-84.13021087646484;-0.000004511026872933144,1.7509758976075318e-8,-0.0017045726999640465,-0.025848278775811195;3.436107509635633e-10,0.22006918489933014,0.046960532665252686,-0.4902157485485077;0.402749240398407,-0.12265300005674362,0.03529932349920273,-0.04528927057981491
;-84.13296508789062;-0.000004522350536717568,1.7455748846373353e-8,-0.0017069035675376654,-0.02573234587907791;3.42973732747609e-10,0.22005997598171234,0.04671954736113548,-0.48969563841819763;0.402346670627594,-0.12266290932893753,0.03527291864156723,-0.045290060341358185
;-84.13571166992188;-0.000004533623268798692,1.7403030128093633e-8,-0.0017092300113290548,-0.02561691217124462;3.423402672453335e-10,0.22005081176757812,0.04648001492023468,-0.48917534947395325;0.40194612741470337,-0.12267281860113144,0.03524649888277054,-0.04529083892703056
;-84.13845825195312;-0.0000045447968659573235,1.7351407421983822e-8,-0.0017115516820922494,-0.025502007454633713;3.4170780094378017e-10,0.22004163265228271,0.04624156653881073,-0.4886550307273865;0.40154534578323364,-0.12268273532390594,0.03522006422281265,-0.04529162123799324
;-84.14120483398438;-0.000004555861323751742,1.7300830990052418e-8,-0.0017138675320893526,-0.025387628003954887;3.410758064870123e-10,0.2200324386358261,0.04600420594215393,-0.4881346821784973;0.40114426612854004,-0.12269266694784164,0.035193610936403275,-0.04529239982366562
;-84.14393615722656;-0.000004566863026411738,1.7251320372224654e-8,-0.0017161781433969736,-0.02527376264333725;3.404456716538107e-10,0.2200232893228531,0.04576810076832771,-0.48765286803245544;0.40074414014816284,-0.12270199507474899,0.03516903147101402,-0.045293178409338
;-84.14666748046875;-0.000004577781965053873,1.720281872508167e-8,-0.0017184840980917215,-0.0251604113727808;3.398182568670194e-10,0.22001415491104126,0.04553323984146118,-0.48713231086730957;0.4003448784351349,-0.12271194159984589,0.035142552107572556,-0.045293956995010376
;-84.14938354492188;-0.000004588620868162252,1.7155288745129837e-8,-0.001720784930512309,-0.025047559291124344;3.391926461926431e-10,0.2200050801038742,0.045299630612134933,-0.48661163449287415;0.3999464511871338,-0.12272188067436218,0.035116054117679596,-0.045294731855392456
;-84.152099609375;-0.000004599388830683893,1.7108684247091333e-8,-0.0017230820376425982,-0.024935219436883926;3.3856975556467717e-10,0.21999600529670715,0.04506724327802658,-0.48611021041870117;0.3995489776134491,-0.1227315291762352,0.03509048372507095,-0.04529550299048424
;-84.15481567382812;-0.000004610060386767145,1.706290042591263e-8,-0.0017253737896680832,-0.024823399260640144;3.3794692044786245e-10,0.2199869602918625,0.04483592137694359,-0.48560869693756104;0.39915117621421814,-0.12274117022752762,0.035064905881881714,-0.04529627785086632
;-84.15751647949219;-0.000004620654181053396,1.7017960374232644e-8,-0.001727661001496017,-0.024712074548006058;3.3732674986630684e-10,0.21997790038585663,0.04460581764578819,-0.4851265251636505;0.398754358291626,-0.12275052815675735,0.03504025936126709,-0.0452970489859581
;-84.16020965576172;-0.000004631188858184032,1.6973828564914584e-8,-0.0017299436731263995,-0.024601247161626816;3.367084389083175e-10,0.21996885538101196,0.04437693580985069,-0.48464417457580566;0.39835840463638306,-0.12275990098714828,0.03501559793949127,-0.045297812670469284
;-84.16289520263672;-0.0000046416612349275965,1.693053519602472e-8,-0.0017322226194664836,-0.024490898475050926;3.3609412475321676e-10,0.21995989978313446,0.04414943978190422,-0.4841616749763489;0.3979644179344177,-0.12276925891637802,0.03499091789126396,-0.04529857262969017
;-84.16556549072266;-0.000004652069037547335,1.6887984344293727e-8,-0.001734497374854982,-0.024381043389439583;3.3548247513337515e-10,0.21995092928409576,0.04392314329743385,-0.4836791455745697;0.397571325302124,-0.12277862429618835,0.034966230392456055,-0.045299336314201355
;-84.1682357788086;-0.000004662402716348879,1.6846142258941654e-8,-0.001736768172122538,-0.024271680042147636;3.3487262962594855e-10,0.21994203329086304,0.04369805008172989,-0.4831964671611786;0.39717912673950195,-0.12278798967599869,0.034941527992486954,-0.04530009627342224
;-84.17089080810547;-0.000004672667728300439,1.6804976965545393e-8,-0.0017390348948538303,-0.024162806570529938;3.3426506007572243e-10,0.2199331372976303,0.043474141508340836,-0.4827137291431427;0.3967878222465515,-0.12279736250638962,0.03491681069135666,-0.04530085250735283
;-84.17354583740234;-0.000004682858616433805,1.676446537146603e-8,-0.0017412978922948241,-0.02405441924929619;3.3365965546039433e-10,0.21992431581020355,0.04325142502784729,-0.4822309613227844;0.3963973820209503,-0.12280673533678055,0.03489208221435547,-0.04530160501599312
;-84.17618560791016;-0.000004692988568422152,1.672457372592362e-8,-0.0017435563495382667,-0.02394651621580124;3.330565268022667e-10,0.2199154794216156,0.04302988201379776,-0.48174795508384705;0.39600783586502075,-0.12281611561775208,0.034867335110902786,-0.04530235752463341
;-84.17882537841797;-0.000004703051672549918,1.6685278936279246e-8,-0.0017458116635680199,-0.023839090019464493;3.324555630790371e-10,0.21990664303302765,0.042809516191482544,-0.48126494884490967;0.3956192433834076,-0.122825488448143,0.03484257683157921,-0.0453031100332737
;-84.18144989013672;-0.000004713043381343596,1.6646557909894e-8,-0.0017480629030615091,-0.023732151836156845;3.318572638910666e-10,0.21989788115024567,0.042590320110321045,-0.48078182339668274;0.3952314853668213,-0.12283487617969513,0.034817807376384735,-0.04530385881662369
;-84.18407440185547;-0.000004722964604297886,1.660838400141529e-8,-0.0017503099516034126,-0.02362568862736225;3.3126076881551114e-10,0.21988911926746368,0.04237227886915207,-0.48029854893684387;0.3948446810245514,-0.12284427136182785,0.03479302302002907,-0.04530460014939308
;-84.18669128417969;-0.000004732808065455174,1.657067016935798e-8,-0.0017525526927784085,-0.02351972460746765;3.306647178291655e-10,0.2198803573846817,0.04215523600578308,-0.4798153340816498;0.3944575786590576,-0.12285365164279938,0.03476822376251221,-0.04530534893274307
;-84.18930053710938;-0.000004742606051877374,1.6533528324202962e-8,-0.0017547912430018187,-0.023414209485054016;3.3007266364570853e-10,0.21987168490886688,0.04193951189517975,-0.4793318510055542;0.39407259225845337,-0.1228630468249321,0.034743405878543854,-0.04530608654022217
;-84.19190979003906;-0.000004752310815092642,1.649680214654836e-8,-0.0017570258351042867,-0.02330918423831463;3.2948099804031017e-10,0.21986298263072968,0.04172477126121521,-0.4788484275341034;0.39368730783462524,-0.12287244945764542,0.034718580543994904,-0.04530683159828186
;-84.19450378417969;-0.000004761962827615207,1.6460541374385684e-8,-0.001759255537763238,-0.023204637691378593;3.288910810361756e-10,0.21985428035259247,0.0415111780166626,-0.47836488485336304;0.39330294728279114,-0.12288185954093933,0.03469374030828476,-0.04530756548047066
;-84.19709777832031;-0.000004771548447024543,1.6424730020503375e-8,-0.001761481980793178,-0.02310054749250412;3.2830388407845135e-10,0.21984565258026123,0.04129871353507042,-0.4778812825679779;0.39291948080062866,-0.12289126217365265,0.03466888517141342,-0.04530830308794975
;-84.1996841430664;-0.000004781049028679263,1.6389281043416304e-8,-0.0017637036507949233,-0.022996939718723297;3.277170479432101e-10,0.21983695030212402,0.04108722135424614,-0.4773975908756256;0.3925357460975647,-0.12290067970752716,0.03464401513338089,-0.04530904069542885
;-84.20226287841797;-0.00000479050731883035,1.635430990631903e-8,-0.0017659214790910482,-0.02289377897977829;3.271342086108575e-10,0.21982836723327637,0.04087701439857483,-0.476913720369339;0.39215415716171265,-0.12291009724140167,0.034619130194187164,-0.045309774577617645
;-84.20484161376953;-0.000004799873295269208,1.6319669171593887e-8,-0.0017681352328509092,-0.022791095077991486;3.265517301009879e-10,0.2198197841644287,0.040667757391929626,-0.47642987966537476;0.3917723000049591,-0.12291951477527618,0.03459423780441284,-0.045310504734516144
;-84.2074203491211;-0.000004809167421626626,1.6285346404742995e-8,-0.0017703445628285408,-0.022688888013362885;3.259697511914794e-10,0.21981118619441986,0.040459465235471725,-0.4759460389614105;0.3913901746273041,-0.12292894721031189,0.03456932678818703,-0.04531123861670494
;-84.2099838256836;-0.0000048184042498178314,1.625138956740102e-8,-0.0017725493526086211,-0.022587137296795845;3.253899094612933e-10,0.2198026180267334,0.04025227949023247,-0.47546201944351196;0.39100900292396545,-0.1229383796453476,0.03454440087080002,-0.04531196877360344
;-84.2125473022461;-0.000004827576958632562,1.6217786225070085e-8,-0.0017747503006830812,-0.022485826164484024;3.248118440879466e-10,0.21979404985904694,0.04004620388150215,-0.47497791051864624;0.3906286656856537,-0.1229478195309639,0.03451946750283241,-0.04531269520521164
;-84.2151107788086;-0.000004836669177166186,1.6184459994406097e-8,-0.0017769463593140244,-0.022384990006685257;3.24234639137444e-10,0.21978554129600525,0.03984106704592705,-0.47449374198913574;0.39024817943573,-0.1229572668671608,0.034494511783123016,-0.04531342536211014
;-84.2176742553711;-0.000004845678176934598,1.61513948881975e-8,-0.001779138226993382,-0.022284625098109245;3.236578782761512e-10,0.21977698802947998,0.03963686153292656,-0.4740096628665924;0.38986751437187195,-0.1229667142033577,0.034469544887542725,-0.04531415179371834
;-84.22022247314453;-0.000004854635335505009,1.6118645973506318e-8,-0.0017813253216445446,-0.022184697911143303;3.230827827493954e-10,0.2197684496641159,0.039433758705854416,-0.47352534532546997;0.38948768377304077,-0.1229761615395546,0.03444456681609154,-0.04531487450003624
;-84.22277069091797;-0.0000048635320126777515,1.6086200815834673e-8,-0.0017835083417594433,-0.022085223346948624;3.225103795134743e-10,0.2197599709033966,0.039231736212968826,-0.4730410575866699;0.3891087472438812,-0.12298563122749329,0.034419573843479156,-0.04531560093164444
;-84.2253189086914;-0.000004872345016337931,1.605398658455215e-8,-0.0017856871709227562,-0.021986206993460655;3.2193833710003616e-10,0.2197514772415161,0.039030637592077255,-0.4725566804409027;0.38872963190078735,-0.12299509346485138,0.03439456224441528,-0.04531632363796234
;-84.22786712646484;-0.000004881092536379583,1.6021989068804032e-8,-0.001787861343473196,-0.021887648850679398;3.213667387758079e-10,0.21974296867847443,0.038830459117889404,-0.4720722734928131;0.38835033774375916,-0.12300457060337067,0.034369539469480515,-0.04531705006957054
;-84.23040771484375;-0.000004889747742709005,1.5990202939519804e-8,-0.0017900305101647973,-0.021789545193314552;3.2079514045157964e-10,0.21973447501659393,0.038631197065114975,-0.4716072380542755;0.38797077536582947,-0.12301374971866608,0.03434547036886215,-0.045317769050598145
;-84.23294067382812;-0.000004898374754702672,1.5958747212607705e-8,-0.001792195369489491,-0.021691862493753433;3.202278719971474e-10,0.2197260707616806,0.03843315690755844,-0.4711613059043884;0.38759323954582214,-0.12302260845899582,0.0343223474919796,-0.04531848803162575
;-84.23546600341797;-0.000004906924004899338,1.592748333223426e-8,-0.001794356037862599,-0.02159462869167328;3.196605757871396e-10,0.21971763670444489,0.03823602944612503,-0.4706766903400421;0.3872155547142029,-0.1230321079492569,0.03429728373885155,-0.04531920701265335
;-84.23798370361328;-0.000004915450062981108,1.589653209066455e-8,-0.001796513213776052,-0.02149781957268715;3.1909752618020093e-10,0.21970921754837036,0.03804010525345802,-0.47019195556640625;0.3868398666381836,-0.12304159253835678,0.0342722088098526,-0.04531991854310036
;-84.2405014038086;-0.000004923891538055614,1.586575848477878e-8,-0.001798666431568563,-0.021401459351181984;3.1853494841804775e-10,0.21970082819461823,0.03784508630633354,-0.4697265028953552;0.3864639401435852,-0.12305078655481339,0.03424808382987976,-0.04532063752412796
;-84.2430191040039;-0.00000493226662001689,1.5835151856435914e-8,-0.0018008159240707755,-0.021305538713932037;3.1797237065589457e-10,0.2196924239397049,0.037650950253009796,-0.4692609906196594;0.38608789443969727,-0.12305997312068939,0.03422394394874573,-0.045321349054574966
;-84.24552154541016;-0.000004940585768054007,1.580477260176849e-8,-0.0018029609927907586,-0.02121005207300186;3.17412346406698e-10,0.21968406438827515,0.03745785728096962,-0.46879544854164124;0.3857126533985138,-0.12306917458772659,0.0341997928917408,-0.04532206058502197
;-84.2480239868164;-0.000004948843979946105,1.5774613615349153e-8,-0.001805102452635765,-0.02111499197781086;3.168539874920384e-10,0.21967574954032898,0.037265799939632416,-0.4683491885662079;0.3853383958339691,-0.12307806313037872,0.03417659550905228,-0.04532277584075928
;-84.2505111694336;-0.0000049570603550819214,1.5744671344464223e-8,-0.0018072399543598294,-0.021020356565713882;3.1629820984591106e-10,0.219667449593544,0.03707478195428848,-0.4679027199745178;0.38496503233909607,-0.12308697402477264,0.03415338322520256,-0.045323483645915985
;-84.25299835205078;-0.000004965227617503842,1.5714935130972663e-8,-0.0018093743128702044,-0.020926138386130333;3.157441530454719e-10,0.21965916454792023,0.03688478469848633,-0.46745628118515015;0.3845926821231842,-0.12309586256742477,0.03413016349077225,-0.045324187725782394
;-84.2554702758789;-0.000004973340310243657,1.5685403198517633e-8,-0.0018115050625056028,-0.020832348614931107;3.1519215015762825e-10,0.21965087950229645,0.036695800721645355,-0.46700966358184814;0.3842211365699768,-0.1231047660112381,0.03410693258047104,-0.045324888080358505
;-84.25794219970703;-0.000004981409801985137,1.5656068441671778e-8,-0.0018136323196813464,-0.020738977938890457;3.1464272853831687e-10,0.21964266896247864,0.03650784119963646,-0.4665631055831909;0.3838506042957306,-0.12311367690563202,0.034083686769008636,-0.045325592160224915
;-84.2603988647461;-0.000004989425633539213,1.5626925531364577e-8,-0.0018157563172280788,-0.020646026358008385;3.1409500000911805e-10,0.21963445842266083,0.03632088005542755,-0.466116338968277;0.3834809958934784,-0.12312258034944534,0.03406042605638504,-0.04532628878951073
;-84.26285552978516;-0.000004997396445105551,1.5597972691239192e-8,-0.0018178772879764438,-0.02055349387228489;3.13549380903666e-10,0.2196262925863266,0.036134928464889526,-0.46566954255104065;0.3831122815608978,-0.12313149124383926,0.03403715789318085,-0.04532698541879654
;-84.26529693603516;-0.000005005323600926204,1.5569204592225105e-8,-0.0018199947662651539,-0.020461373031139374;3.1300581571080954e-10,0.21961815655231476,0.03594997525215149,-0.46522262692451477;0.3827444911003113,-0.12314039468765259,0.03401387482881546,-0.04532768204808235
;-84.26773834228516;-0.000005013198006054154,1.554061412889496e-8,-0.0018221091013401747,-0.020369667559862137;3.1246485954206094e-10,0.21960999071598053,0.03576601296663284,-0.4647756516933441;0.3823776841163635,-0.1231493130326271,0.03399058058857918,-0.04532837122678757
;-84.27017211914062;-0.000005021001925342716,1.5512133799688854e-8,-0.0018242195947095752,-0.020278384909033775;3.1192379235100987e-10,0.21960189938545227,0.03558289259672165,-0.4643285870552063;0.38201063871383667,-0.12315822392702103,0.033967275172472,-0.04532906785607338
;-84.27259826660156;-0.0000050287835620110855,1.548388794958555e-8,-0.0018263277597725391,-0.020187493413686752;3.1138655542939375e-10,0.2195938229560852,0.03540090098977089,-0.46388140320777893;0.38164570927619934,-0.12316714972257614,0.03394395858049393,-0.045329757034778595
;-84.2750244140625;-0.000005036498350818874,1.5455746904535772e-8,-0.0018284323159605265,-0.020097024738788605;3.1084967933026064e-10,0.21958576142787933,0.03521974757313728,-0.4634341597557068;0.3812805414199829,-0.12317606806755066,0.03392062708735466,-0.04533044248819351
;-84.2774429321289;-0.000005044139015808469,1.542770355911216e-8,-0.0018305322155356407,-0.020006971433758736;3.103132473203374e-10,0.21957767009735107,0.035039421170949936,-0.4629869759082794;0.3809151351451874,-0.12318500876426697,0.0338972844183445,-0.04533112794160843
;-84.27985382080078;-0.000005051759217167273,1.5399885811007152e-8,-0.0018326292047277093,-0.019917309284210205;3.097805345575466e-10,0.2195696383714676,0.034860216081142426,-0.4625396132469177;0.38055190443992615,-0.12319393455982208,0.03387393057346344,-0.045331813395023346
;-84.28226470947266;-0.000005059312570665497,1.5372160433457793e-8,-0.001834722701460123,-0.019828062504529953;3.0924821037281447e-10,0.21956156194210052,0.03468182682991028,-0.46209219098091125;0.38018837571144104,-0.1232028678059578,0.03385056555271149,-0.04533249884843826
;-84.28466796875;-0.000005066806807008106,1.5344525650107244e-8,-0.0018368122400715947,-0.019739223644137383;3.087162470105653e-10,0.21955354511737823,0.034504253417253494,-0.4616447985172272;0.3798246681690216,-0.1232118234038353,0.03382718935608864,-0.04533318057656288
;-84.28706359863281;-0.000005074272394267609,1.5317098700506904e-8,-0.001838897936977446,-0.019650774076581;3.0818811391775114e-10,0.21954555809497833,0.034327782690525055,-0.46119722723960876;0.3794631063938141,-0.1232207641005516,0.0338037945330143,-0.0453338623046875
;-84.28945922851562;-0.000005081666131445672,1.5289760568748534e-8,-0.0018409804906696081,-0.019562726840376854;3.0766031389184434e-10,0.21953751146793365,0.03415212780237198,-0.46074965596199036;0.37910139560699463,-0.12322971224784851,0.03378039225935936,-0.04533454403281212
;-84.29185485839844;-0.000005089008027425734,1.5262500596691098e-8,-0.001843059086240828,-0.01947508566081524;3.0713290244399616e-10,0.21952952444553375,0.03397727385163307,-0.4603019952774048;0.37873929738998413,-0.12323866784572601,0.03375697880983353,-0.04533522576093674
;-84.29423522949219;-0.000005096289896755479,1.5235380956823974e-8,-0.0018451337236911058,-0.01938783749938011;3.0660754490874353e-10,0.21952156722545624,0.03380336984992027,-0.45985424518585205;0.3783781826496124,-0.12324763089418411,0.0337335504591465,-0.04533590376377106
;-84.29661560058594;-0.000005103547209728276,1.5208401649147163e-8,-0.0018472060328349471,-0.01930098421871662;3.060842690416621e-10,0.21951356530189514,0.03363039717078209,-0.45940643548965454;0.3780181407928467,-0.12325658649206161,0.03371011093258858,-0.04533658176660538
;-84.29899597167969;-0.000005110725396662019,1.5181496948457607e-8,-0.0018492736853659153,-0.019214525818824768;3.05561326241488e-10,0.2195056527853012,0.033458221703767776,-0.4589586853981018;0.37765783071517944,-0.12326555699110031,0.03368665650486946,-0.0453372560441494
;-84.30137634277344;-0.000005117851742397761,1.5154661525684787e-8,-0.0018513378454372287,-0.01912846602499485;3.0503877201937257e-10,0.2194977104663849,0.033286843448877335,-0.4585108160972595;0.3772972524166107,-0.1232745349407196,0.03366319462656975,-0.04533793404698372
;-84.30374145507812;-0.000005124929430166958,1.5127957553318083e-8,-0.0018533975817263126,-0.01904279738664627;3.045182717098527e-10,0.21948976814746857,0.03311638906598091,-0.4580628275871277;0.37693771719932556,-0.1232835203409195,0.03363971784710884,-0.04533860832452774
;-84.30610656738281;-0.000005131965281179873,1.5101383255000655e-8,-0.0018554539419710636,-0.018957508727908134;3.0399982531292835e-10,0.21948184072971344,0.032946858555078506,-0.45761483907699585;0.37657904624938965,-0.12329250574111938,0.03361622616648674,-0.045339278876781464
;-84.3084716796875;-0.000005138943379279226,1.5074872905529446e-8,-0.0018575071590021253,-0.018872614949941635;3.03481739738487e-10,0.21947400271892548,0.03277809917926788,-0.45716676115989685;0.3762202858924866,-0.12330149114131927,0.03359272703528404,-0.045339953154325485
;-84.31083679199219;-0.0000051458505367918406,1.5048422952190776e-8,-0.0018595554865896702,-0.018788110464811325;3.0296359865289446e-10,0.21946606040000916,0.032610125839710236,-0.45671868324279785;0.3758612275123596,-0.12331049144268036,0.03356921300292015,-0.04534061998128891
;-84.31320190429688;-0.000005152703124622349,1.5022031618627807e-8,-0.0018616003217175603,-0.018703997135162354;3.0244626247899475e-10,0.2194581925868988,0.032442931085824966,-0.4562705457210541;0.37550193071365356,-0.12331948429346085,0.033545687794685364,-0.04534129425883293
;-84.3155517578125;-0.000005159513420949224,1.4995761077329917e-8,-0.001863640733063221,-0.018620260059833527;3.0193089695096376e-10,0.21945029497146606,0.032276637852191925,-0.4558223783969879;0.3751436471939087,-0.12332849949598312,0.03352215141057968,-0.045341964811086655
;-84.31790161132812;-0.000005166289611224784,1.4969614881010784e-8,-0.001865678234025836,-0.018536899238824844;3.0141761309110393e-10,0.2194424569606781,0.03211124986410141,-0.4553740322589874;0.37478628754615784,-0.1233375072479248,0.033498603850603104,-0.04534262791275978
;-84.32025146484375;-0.000005172993951418903,1.4943518422683155e-8,-0.0018677118932828307,-0.018453922122716904;3.009047178093027e-10,0.21943463385105133,0.03194662556052208,-0.4549257755279541;0.37442877888679504,-0.12334652245044708,0.03347504138946533,-0.045343298465013504
;-84.32260131835938;-0.000005179646450415021,1.4917477031417548e-8,-0.0018697421764954925,-0.018371328711509705;3.0039173926077467e-10,0.21942676603794098,0.03178275749087334,-0.4544773995876312;0.37407106161117554,-0.12335556000471115,0.033451467752456665,-0.04534396529197693
;-84.324951171875;-0.00000518623801326612,1.4891485378143443e-8,-0.0018717674538493156,-0.01828911527991295;2.9987953786836385e-10,0.21941892802715302,0.03161964938044548,-0.45402905344963074;0.3737131357192993,-0.12336459010839462,0.033427879214286804,-0.04534463584423065
;-84.32728576660156;-0.000005192786829866236,1.486560741170706e-8,-0.0018737890059128404,-0.01820726878941059;2.99369362632973e-10,0.21941114962100983,0.03145742416381836,-0.4536193311214447;0.3733561336994171,-0.12337297946214676,0.033406250178813934,-0.04534529894590378
;-84.32962036132812;-0.000005199306542635895,1.4839844908465238e-8,-0.0018758075311779976,-0.01812579296529293;2.9886121355460205e-10,0.21940332651138306,0.031296078115701675,-0.4531901478767395;0.3730001151561737,-0.12338169664144516,0.03338362276554108,-0.045345962047576904
;-84.33195495605469;-0.0000052057625907764304,1.4814127702322821e-8,-0.0018778217490762472,-0.018044685944914818;2.983530089650799e-10,0.2193955034017563,0.03113548271358013,-0.4527416527271271;0.37264391779899597,-0.12339074909687042,0.03335999697446823,-0.04534662514925003
;-84.33428192138672;-0.000005212149972066982,1.4788457569636648e-8,-0.0018798328237608075,-0.017963962629437447;2.9784558153167495e-10,0.2193877100944519,0.030975624918937683,-0.4523124396800995;0.37228748202323914,-0.12339947372674942,0.03333735093474388,-0.04534728825092316
;-84.33660125732422;-0.000005218537808104884,1.4762957967207058e-8,-0.0018818406388163567,-0.017883585765957832;2.973418178342513e-10,0.21938002109527588,0.03081677295267582,-0.4519023001194;0.37193313241004944,-0.12340788543224335,0.03331567719578743,-0.045347943902015686
;-84.33891296386719;-0.000005224864253250416,1.4737505438233711e-8,-0.0018838450778275728,-0.017803579568862915;2.968379986256764e-10,0.21937225759029388,0.030658651143312454,-0.4514729976654053;0.3715786635875702,-0.12341662496328354,0.03329300507903099,-0.045348603278398514
;-84.34121704101562;-0.000005231182967690984,1.4712221663160108e-8,-0.0018858464900404215,-0.017723919823765755;2.963382872422926e-10,0.21936453878879547,0.03050151839852333,-0.4510628581047058;0.3712262511253357,-0.12342504411935806,0.03327130898833275,-0.04534925892949104
;-84.34351348876953;-0.000005237440745986532,1.468698229700749e-8,-0.0018878456903621554,-0.017644627019762993;2.95838492592182e-10,0.21935686469078064,0.030345112085342407,-0.4506526589393616;0.37087368965148926,-0.12343346327543259,0.03324960172176361,-0.04534991458058357
;-84.3458023071289;-0.0000052436926125665195,1.4661914349289873e-8,-0.0018898417474702,-0.017565680667757988;2.9534275025611123e-10,0.21934926509857178,0.030189691111445427,-0.45024240016937256;0.37052324414253235,-0.12344187498092651,0.03322788327932358,-0.045350562781095505
;-84.34808349609375;-0.000005249885816738242,1.4636888145957982e-8,-0.0018918351270258427,-0.017487093806266785;2.948470079200405e-10,0.21934162080287933,0.030034979805350304,-0.44983208179473877;0.3701726198196411,-0.12345029413700104,0.03320615738630295,-0.045351214706897736
;-84.35035705566406;-0.0000052560772019205615,1.4612032472882674e-8,-0.001893826643936336,-0.01740885339677334;2.94355290142434e-10,0.21933402121067047,0.029881244525313377,-0.44942161440849304;0.3698241114616394,-0.12345871329307556,0.033184416592121124,-0.04535185545682907
;-84.35263061523438;-0.0000052622053772211075,1.4587214991479414e-8,-0.0018958149012178183,-0.017330974340438843;2.9386348909810067e-10,0.219326451420784,0.02972821518778801,-0.4490111172199249;0.36947542428970337,-0.12346715480089188,0.033162668347358704,-0.045352503657341
;-84.35488891601562;-0.000005268303539196495,1.4562503203308097e-8,-0.0018978007137775421,-0.017253445461392403;2.933741027888459e-10,0.21931889653205872,0.0295760165899992,-0.4486005902290344;0.36912769079208374,-0.123475581407547,0.03314090892672539,-0.04535314440727234
;-84.35714721679688;-0.000005274367140373215,1.4537896220190305e-8,-0.0018997834995388985,-0.01717626303434372;2.9288632630297684e-10,0.21931137144565582,0.029424652457237244,-0.448189914226532;0.3687809705734253,-0.12348400801420212,0.033119138330221176,-0.04535378888249397
;-84.3593978881836;-0.000005280372533889022,1.451332831692298e-8,-0.0019017631420865655,-0.01709943823516369;2.9239885512843955e-10,0.21930383145809174,0.02927398309111595,-0.4477792978286743;0.3684340715408325,-0.12349244952201843,0.03309736028313637,-0.04535442590713501
;-84.36164093017578;-0.000005286384748615092,1.4488926503020139e-8,-0.001903740456327796,-0.01702294871211052;2.919153807567909e-10,0.21929633617401123,0.02912425994873047,-0.44736841320991516;0.3680892586708069,-0.12350088357925415,0.033075567334890366,-0.04535506293177605
;-84.36388397216797;-0.000005292326022754423,1.4464559328075666e-8,-0.001905715325847268,-0.016946809366345406;2.914319341407179e-10,0.2192889004945755,0.02897522784769535,-0.4469575583934784;0.3677442967891693,-0.12350931763648987,0.033053770661354065,-0.045355699956417084
;-84.3661117553711;-0.0000052982454690209124,1.4440295181827878e-8,-0.0019076872849836946,-0.0168710146099329;2.9095043041493795e-10,0.2192814201116562,0.028827009722590446,-0.44654667377471924;0.3674003779888153,-0.12351776659488678,0.03303195536136627,-0.04535633325576782
;-84.36833953857422;-0.000005304138085193699,1.4416133176098356e-8,-0.0019096559844911098,-0.016795549541711807;2.904708418238755e-10,0.21927401423454285,0.02867959812283516,-0.4461356997489929;0.36705729365348816,-0.12352621555328369,0.03301013261079788,-0.04535696655511856
;-84.37056732177734;-0.00000530996612724266,1.4392007585684041e-8,-0.0019116216572001576,-0.01672043278813362;2.8999200263335467e-10,0.2192665934562683,0.02853286638855934,-0.4457246661186218;0.3667140603065491,-0.1235346570611,0.032988302409648895,-0.0453575998544693
;-84.3727798461914;-0.000005315779162629042,1.4367978806717474e-8,-0.0019135847687721252,-0.016645658761262894;2.8951474551064393e-10,0.21925918757915497,0.028386937454342842,-0.44531357288360596;0.36637189984321594,-0.12354311347007751,0.03296646103262901,-0.04535822942852974
;-84.37499237060547;-0.000005321550816006493,1.4344052168269172e-8,-0.0019155445042997599,-0.01657121255993843;2.890394312782263e-10,0.219251811504364,0.028241805732250214,-0.4449023902416229;0.36603066325187683,-0.12355156987905502,0.03294460475444794,-0.04535885527729988
;-84.37720489501953;-0.000005327277904143557,1.432015928060082e-8,-0.0019175021443516016,-0.016497114673256874;2.8856445011271603e-10,0.21924443542957306,0.02809734456241131,-0.4444912374019623;0.3656892478466034,-0.12356003373861313,0.03292274475097656,-0.04535948485136032
;-84.37940979003906;-0.000005332947694114409,1.4296301031890835e-8,-0.0019194560591131449,-0.016423355787992477;2.8808977425853755e-10,0.2192370742559433,0.027953552082180977,-0.4440799653530121;0.36534765362739563,-0.12356849759817123,0.032900869846343994,-0.045360106974840164
;-84.38160705566406;-0.0000053386070248961914,1.4272601767117976e-8,-0.001921406714245677,-0.01634991727769375;2.876187066291891e-10,0.21922975778579712,0.02781066857278347,-0.4436686336994171;0.365008145570755,-0.12357696890830994,0.03287898376584053,-0.045360732823610306
;-84.38380432128906;-0.00000534422360942699,1.4248939805838745e-8,-0.0019233543425798416,-0.016276821494102478;2.871479443111724e-10,0.21922244131565094,0.02766844443976879,-0.4432571828365326;0.36466851830482483,-0.12358543276786804,0.03285708650946617,-0.04536135494709015
;-84.38600158691406;-0.000005349788807507139,1.4225308042625784e-8,-0.0019252995261922479,-0.01620406284928322;2.866778758825461e-10,0.21921513974666595,0.027526874095201492,-0.44284579157829285;0.3643287122249603,-0.12359391897916794,0.032835181802511215,-0.04536198079586029
;-84.38819122314453;-0.000005355297616915777,1.4201707365657512e-8,-0.0019272406352683902,-0.01613163761794567;2.862077519427686e-10,0.21920783817768097,0.02738596498966217,-0.4424343407154083;0.3639886975288391,-0.12360239773988724,0.032813265919685364,-0.045362602919340134
;-84.39037322998047;-0.000005360805971577065,1.4178266560804786e-8,-0.001929178717546165,-0.016059530898928642;2.857412084722455e-10,0.21920058131217957,0.02724594809114933,-0.44202274084091187;0.3636508882045746,-0.12361088395118713,0.03279133886098862,-0.04536322504281998
;-84.3925552368164;-0.000005366264304029755,1.415485595401833e-8,-0.0019311143551021814,-0.015987755730748177;2.8527497031305415e-10,0.21919327974319458,0.027106577530503273,-0.4416111409664154;0.36331284046173096,-0.12361937016248703,0.032769400626420975,-0.04536383971571922
;-84.39473724365234;-0.000005371659426600672,1.4131476433476564e-8,-0.0019330469658598304,-0.015916308388113976;2.84809009709619e-10,0.2191859930753708,0.026967855170369148,-0.44119951128959656;0.36297470331192017,-0.12362787127494812,0.03274745121598244,-0.04536445811390877
;-84.39691925048828;-0.000005377015440899413,1.4108127111001068e-8,-0.0019349755020812154,-0.015845194458961487;2.8434335441751557e-10,0.21917878091335297,0.02682977356016636,-0.4407878518104553;0.3626362681388855,-0.12363637238740921,0.032725490629673004,-0.04536507651209831
;-84.39909362792969;-0.0000053823182497581,1.408480798659184e-8,-0.0019369000801816583,-0.015774406492710114;2.8387803219231955e-10,0.21917149424552917,0.026692330837249756,-0.4403761625289917;0.3622976839542389,-0.1236448809504509,0.032703522592782974,-0.045365698635578156
;-84.40126037597656;-0.000005387621058616787,1.4061643405227642e-8,-0.0019388218643143773,-0.015703927725553513;2.834162349252267e-10,0.21916426718235016,0.02655576355755329,-0.43996432423591614;0.36196133494377136,-0.12365338206291199,0.03268154338002205,-0.0453663133084774
;-84.40342712402344;-0.0000053928747547615785,1.4038508133751293e-8,-0.0019407413201406598,-0.015633776783943176;2.829547984806169e-10,0.21915704011917114,0.026419829577207565,-0.43955251574516296;0.3616247773170471,-0.12366189807653427,0.03265954926609993,-0.04536692425608635
;-84.40559387207031;-0.0000053980775192030706,1.4015401283984374e-8,-0.0019426570506766438,-0.015563949942588806;2.824932510137046e-10,0.21914982795715332,0.02628452517092228,-0.439140647649765;0.3612879514694214,-0.12367042154073715,0.03263755142688751,-0.045367538928985596
;-84.40776062011719;-0.000005403229351941263,1.3992321967748467e-8,-0.0019445688230916858,-0.01549444254487753;2.820323974361827e-10,0.21914264559745789,0.026149848476052284,-0.43872877955436707;0.3609510064125061,-0.12367894500494003,0.0326155386865139,-0.04536815360188484
;-84.40992736816406;-0.000005408333436207613,1.396927107322199e-8,-0.0019464780343696475,-0.015425256453454494;2.8157179365884133e-10,0.21913540363311768,0.026015793904662132,-0.43831685185432434;0.3606138527393341,-0.12368748337030411,0.032593514770269394,-0.04536876827478409
;-84.4120864868164;-0.000005413387043518014,1.3946246824048103e-8,-0.0019483829382807016,-0.015356387943029404;2.8111152294840736e-10,0.21912822127342224,0.025882365182042122,-0.4379049241542816;0.36027655005455017,-0.12369602173566818,0.03257148340344429,-0.045369382947683334
;-84.41423797607422;-0.000005418451564764837,1.3923372677027146e-8,-0.0019502844661474228,-0.015287814661860466;2.806548049516522e-10,0.2191210389137268,0.025749793276190758,-0.43751224875450134;0.35994139313697815,-0.1237042173743248,0.03255043923854828,-0.04536999389529228
;-84.41638946533203;-0.0000054234601520875,1.390052695171562e-8,-0.001952183316461742,-0.01521956454962492;2.801983922662288e-10,0.21911391615867615,0.025617830455303192,-0.4371195435523987;0.3596060574054718,-0.1237124353647232,0.03252938762307167,-0.04537060111761093
;-84.41853332519531;-0.000005428416898212163,1.3877706983578264e-8,-0.001954079372808337,-0.015151627361774445;2.797422293809859e-10,0.21910671889781952,0.02548648603260517,-0.436726838350296;0.35927048325538635,-0.12372065335512161,0.032508328557014465,-0.04537121206521988
;-84.42066955566406;-0.000005433377737062983,1.3855039782129097e-8,-0.001955972518771887,-0.015083990059792995;2.792896747205731e-10,0.21909964084625244,0.025355976074934006,-0.4363340437412262;0.35893726348876953,-0.12372887134552002,0.032487258315086365,-0.04537181556224823
;-84.42279815673828;-0.0000054382908274419606,1.3832398337854102e-8,-0.001957863336429,-0.015016662888228893;2.788370090378578e-10,0.21909253299236298,0.025226067751646042,-0.435960590839386;0.35860371589660645,-0.12373676896095276,0.032467182725667953,-0.04537242278456688
;-84.42491912841797;-0.000005443216195999412,1.3809909660267294e-8,-0.001959751360118389,-0.014949630945920944;2.783882291357287e-10,0.2190854698419571,0.025096992030739784,-0.43554815649986267;0.3582724332809448,-0.12374531477689743,0.032445088028907776,-0.04537302628159523
;-84.42704010009766;-0.000005448084721138002,1.3787446739854659e-8,-0.0019616377539932728,-0.014882903546094894;2.77939782300507e-10,0.2190784215927124,0.02496851608157158,-0.4351745545864105;0.3579409718513489,-0.12375320494174957,0.03242499381303787,-0.045373622328042984
;-84.42915344238281;-0.000005452905043057399,1.3765009576616194e-8,-0.0019635215867310762,-0.01481649000197649;2.774916130210414e-10,0.21907135844230652,0.02484063245356083,-0.43480098247528076;0.35760927200317383,-0.12376110255718231,0.03240488842129707,-0.04537422955036163
;-84.43125915527344;-0.000005457738552649971,1.3742726956422757e-8,-0.001965402625501156,-0.014750361442565918;2.770465801216204e-10,0.21906428039073944,0.024713566526770592,-0.4344271719455719;0.35727980732917786,-0.12376900017261505,0.03238477557897568,-0.04537482559680939
;-84.43335723876953;-0.000005462518402055139,1.3720467428868233e-8,-0.0019672811031341553,-0.014684541150927544;2.766022133560142e-10,0.21905727684497833,0.02458708919584751,-0.4340534210205078;0.35695019364356995,-0.12377690523862839,0.032364655286073685,-0.04537542536854744
;-84.4354476928711;-0.000005467308710649377,1.3698362444358736e-8,-0.001969157485291362,-0.014619005843997002;2.7616134379293555e-10,0.21905027329921722,0.024461422115564346,-0.4336795210838318;0.35662272572517395,-0.12378479540348053,0.032344523817300797,-0.045376017689704895
;-84.43753814697266;-0.000005472045813803561,1.3676282328844991e-8,-0.001971032004803419,-0.01455377321690321;2.7572041871870567e-10,0.21904325485229492,0.02433633804321289,-0.43330565094947815;0.3562951385974884,-0.12379270046949387,0.03232438489794731,-0.04537661001086235
;-84.43961334228516;-0.000005476773367263377,1.3654291919351635e-8,-0.00197290419600904,-0.014488833025097847;2.7528171409052504e-10,0.21903632581233978,0.02421194314956665,-0.4329316318035126;0.35596856474876404,-0.1238006129860878,0.03230423480272293,-0.045377202332019806
;-84.44168853759766;-0.000005481469543155981,1.363239121587867e-8,-0.0019747742917388678,-0.014424184337258339;2.7484453601900327e-10,0.21902938187122345,0.024088231846690178,-0.43253812193870544;0.35564297437667847,-0.1238088458776474,0.03228307142853737,-0.04537779092788696
;-84.44376373291016;-0.000005486125246534357,1.3610516269579875e-8,-0.0019766418263316154,-0.014359831809997559;2.744080240812963e-10,0.2190224826335907,0.023965096101164818,-0.4321640431880951;0.35531723499298096,-0.12381676584482193,0.032262906432151794,-0.04537837952375412
;-84.4458236694336;-0.000005490760031534592,1.3588727476587792e-8,-0.0019785063341259956,-0.014295770786702633;2.7397303870024814e-10,0.21901555359363556,0.023842642083764076,-0.4317898750305176;0.3549925684928894,-0.12382467091083527,0.032242730259895325,-0.04537896811962128
;-84.44788360595703;-0.000005495380264619598,1.3567030165972938e-8,-0.0019803689792752266,-0.01423199288547039;2.7354024600967364e-10,0.2190086990594864,0.023720860481262207,-0.4314156472682953;0.35466882586479187,-0.1238325834274292,0.03222254663705826,-0.045379552990198135
;-84.44993591308594;-0.000005499955022969516,1.3545357724353835e-8,-0.0019822288304567337,-0.014168508350849152;2.731073978079479e-10,0.21900182962417603,0.02359965071082115,-0.431041419506073;0.3543449342250824,-0.12384050339460373,0.032202351838350296,-0.045380137860774994
;-84.45198059082031;-0.000005504536147782346,1.3523834496709242e-8,-0.001984087284654379,-0.014105304144322872;2.7267807456432536e-10,0.21899498999118805,0.023479215800762177,-0.43066704273223877;0.3540233075618744,-0.12384841591119766,0.03218214958906174,-0.045380715280771255
;-84.45402526855469;-0.000005509074526344193,1.3502339690774079e-8,-0.001985942479223013,-0.014042391441762447;2.722493064322151e-10,0.21898816525936127,0.023359334096312523,-0.430292546749115;0.35370147228240967,-0.12385634332895279,0.03216193616390228,-0.045381296426057816
;-84.45606231689453;-0.000005513566065928899,1.3480868865656248e-8,-0.0019877958111464977,-0.013979770243167877;2.7182048278895365e-10,0.2189813256263733,0.023240013048052788,-0.42991822957992554;0.3533795475959778,-0.12386427074670792,0.03214171901345253,-0.045381881296634674
;-84.45809173583984;-0.000005518063517229166,1.3459548142691347e-8,-0.0019896463491022587,-0.01391742005944252;2.7139548941512714e-10,0.2189745455980301,0.023121457546949387,-0.4295436441898346;0.3530597388744354,-0.12387219071388245,0.03212149068713188,-0.04538245499134064
;-84.46012115478516;-0.000005522521405509906,1.3438254065079036e-8,-0.0019914947915822268,-0.01385535765439272;2.7097038501899817e-10,0.21896779537200928,0.023003455251455307,-0.42916905879974365;0.3527398407459259,-0.12388012558221817,0.03210125118494034,-0.0453830286860466
;-84.46214294433594;-0.000005526932454813505,1.3416983968284057e-8,-0.001993340440094471,-0.01379358023405075;2.7054558593420097e-10,0.21896103024482727,0.022885996848344803,-0.4287944734096527;0.3524197041988373,-0.12388806790113449,0.032081007957458496,-0.04538360610604286
;-84.46415710449219;-0.000005531353963306174,1.3395865749998848e-8,-0.001995184225961566,-0.01373207475990057;2.701242007852045e-10,0.21895429491996765,0.022769296541810036,-0.42841970920562744;0.3521018624305725,-0.12389598786830902,0.03206074982881546,-0.04538417607545853
;-84.46617126464844;-0.000005535730451811105,1.337477151253097e-8,-0.0019970249850302935,-0.013670849613845348;2.697034540144472e-10,0.21894757449626923,0.022653136402368546,-0.42804503440856934;0.35178378224372864,-0.12390393018722534,0.03204048424959183,-0.04538474977016449
;-84.46818542480469;-0.000005540063284570351,1.3353702144058843e-8,-0.0019988634157925844,-0.013609908521175385;2.692825684658118e-10,0.218940868973732,0.022537514567375183,-0.4276701509952545;0.35146564245224,-0.12391187995672226,0.032020214945077896,-0.04538532346487045
;-84.4701919555664;-0.000005544354280573316,1.333265498004721e-8,-0.002000698819756508,-0.01354924961924553;2.6886196047293254e-10,0.21893413364887238,0.022422432899475098,-0.427295446395874;0.35114723443984985,-0.12391982227563858,0.03199993073940277,-0.04538589343428612
;-84.4721908569336;-0.000005548662556975614,1.3311757030010085e-8,-0.002002531895413995,-0.01348885614424944;2.6844482192700525e-10,0.21892744302749634,0.022308092564344406,-0.42692050337791443;0.3508310914039612,-0.1239277645945549,0.03197963535785675,-0.045386459678411484
;-84.47418975830078;-0.000005552920811169315,1.3290885725325552e-8,-0.002004362177103758,-0.013428740203380585;2.680279054256829e-10,0.21892081201076508,0.022194281220436096,-0.4265455901622772;0.35051485896110535,-0.12393572181463242,0.03195933997631073,-0.04538702592253685
;-84.47618865966797;-0.000005557133590627927,1.3270035736923091e-8,-0.002006189664825797,-0.01336890272796154;2.676116273025997e-10,0.21891412138938904,0.022081002593040466,-0.4261706471443176;0.350198358297348,-0.12394367903470993,0.031939029693603516,-0.045387592166662216
;-84.47817993164062;-0.000005561308171309065,1.3249208841159543e-8,-0.002008014591410756,-0.013309339992702007;2.67195238157214e-10,0.2189074605703354,0.02196824923157692,-0.42579564452171326;0.34988173842430115,-0.12395165115594864,0.031918711960315704,-0.04538816213607788
;-84.48016357421875;-0.00000556550185137894,1.3228529383013665e-8,-0.0020098371896892786,-0.013250037096440792;2.667822629476291e-10,0.21890084445476532,0.02185622788965702,-0.42542049288749695;0.34956735372543335,-0.12395960837602615,0.031898383051157,-0.04538872465491295
;-84.48214721679688;-0.000005569640507019358,1.3207874793863539e-8,-0.002011657226830721,-0.013191009871661663;2.663695930493759e-10,0.21889424324035645,0.021744724363088608,-0.4250454008579254;0.3492527902126312,-0.12396757304668427,0.031878046691417694,-0.045389287173748016
;-84.484130859375;-0.000005573741873377003,1.3187242409173905e-8,-0.002013474702835083,-0.013132251799106598;2.6595708968457643e-10,0.21888761222362518,0.021633736789226532,-0.4246702790260315;0.3489380478858948,-0.12397554516792297,0.031857702881097794,-0.045389849692583084
;-84.48611450195312;-0.000005577810043178033,1.3166631340766344e-8,-0.0020152886863797903,-0.01307376567274332;2.6554489163110873e-10,0.21888099610805511,0.02152327075600624,-0.4242950975894928;0.3486231565475464,-0.12398351728916168,0.031837347894907,-0.04539041221141815
;-84.48809814453125;-0.000005581826826528413,1.3146044253176115e-8,-0.0020170994102954865,-0.013015550561249256;2.6513291562224595e-10,0.21887439489364624,0.021413318812847137,-0.4239199459552765;0.34830817580223083,-0.12399150431156158,0.031816985458135605,-0.04539097473025322
;-84.49006652832031;-0.000005585837243415881,1.3125539766178917e-8,-0.0020189073402434587,-0.012957598082721233;2.647227992369494e-10,0.21886777877807617,0.02130398340523243,-0.4235447347164154;0.3479941189289093,-0.12399949133396149,0.03179661184549332,-0.04539153352379799
;-84.49203491210938;-0.0000055898362916195765,1.3105120544310012e-8,-0.002020713174715638,-0.012899904511868954;2.643144869640679e-10,0.21886123716831207,0.02119525335729122,-0.4231693148612976;0.3476811647415161,-0.12400747835636139,0.03177623078227043,-0.04539209231734276
;-84.49400329589844;-0.000005593780315393815,1.3084720862366339e-8,-0.002022516680881381,-0.01284247636795044;2.639064244913669e-10,0.21885466575622559,0.021087029948830605,-0.4227939546108246;0.347368061542511,-0.12401546537876129,0.03175584226846695,-0.045392654836177826
;-84.4959716796875;-0.0000055976988733164035,1.3064343384883159e-8,-0.0020243164617568254,-0.012785312719643116;2.634986118188465e-10,0.2188480943441391,0.020979315042495728,-0.42241862416267395;0.3470548093318939,-0.12402345985174179,0.03173544257879257,-0.045393213629722595
;-84.49794006347656;-0.000005601566044788342,1.3043986335503632e-8,-0.002026113448664546,-0.012728415429592133;2.6309102119093097e-10,0.2188415676355362,0.020872097462415695,-0.4220432639122009;0.34674131870269775,-0.12403147667646408,0.0317150317132473,-0.045393768697977066
;-84.49990844726562;-0.000005605394107988104,1.3023649714227759e-8,-0.0020279069431126118,-0.012671777978539467;2.62683680363196e-10,0.2188349813222885,0.020765382796525955,-0.42166781425476074;0.34642770886421204,-0.12403947860002518,0.03169461712241173,-0.045394327491521835
;-84.50186920166016;-0.000005609191703115357,1.3003333521055538e-8,-0.002029698109254241,-0.012615402229130268;2.622765893356416e-10,0.21882842481136322,0.02065916731953621,-0.42129239439964294;0.346113920211792,-0.12404750287532806,0.03167419135570526,-0.045394886285066605
;-84.50382232666016;-0.000005613000666926382,1.2983160324608889e-8,-0.0020314855501055717,-0.012559274211525917;2.618729399994635e-10,0.2188219130039215,0.020553642883896828,-0.4209167957305908;0.3458024561405182,-0.12405551224946976,0.0316537506878376,-0.04539543762803078
;-84.50577545166016;-0.000005616763246507617,1.2963008444444313e-8,-0.002033271361142397,-0.01250340323895216;2.614694571967391e-10,0.218815416097641,0.020448612049221992,-0.4205412268638611;0.3454907238483429,-0.12406353652477264,0.03163330629467964,-0.04539599269628525
;-84.50772857666016;-0.000005620498995995149,1.294287610420497e-8,-0.0020350543782114983,-0.01244779210537672;2.6106627970534646e-10,0.21880891919136047,0.020344067364931107,-0.4201655983924866;0.34517884254455566,-0.12407155334949493,0.031612854450941086,-0.04539654776453972
;-84.50968170166016;-0.000005624180175800575,1.292276596842612e-8,-0.0020368334371596575,-0.012392435222864151;2.6066326874740753e-10,0.21880236268043518,0.02024001255631447,-0.41978999972343445;0.34486690163612366,-0.12407958507537842,0.031592391431331635,-0.04539710283279419
;-84.51163482666016;-0.000005627833616017597,1.2902672708037244e-8,-0.00203861016780138,-0.012337337248027325;2.6026053534522475e-10,0.21879585087299347,0.02013644576072693,-0.4194338023662567;0.3445546627044678,-0.12408728152513504,0.031572941690683365,-0.04539765417575836
;-84.5135726928711;-0.000005631470230582636,1.288266116006298e-8,-0.0020403838716447353,-0.012282484211027622;2.598596338110326e-10,0.21878939867019653,0.02003345638513565,-0.4190775156021118;0.344243586063385,-0.12409497052431107,0.0315534882247448,-0.04539820924401283
;-84.51551055908203;-0.00000563509911444271,1.286272865996807e-8,-0.002042155945673585,-0.012227877043187618;2.5946050863367986e-10,0.21878290176391602,0.019931044429540634,-0.41870173811912537;0.34393349289894104,-0.12410300970077515,0.03153299540281296,-0.04539875686168671
;-84.51744842529297;-0.000005638692073262064,1.2842818364333652e-8,-0.002043924992904067,-0.01217352133244276;2.5906163325650766e-10,0.21877650916576385,0.01982911303639412,-0.41832593083381653;0.34362325072288513,-0.12411105632781982,0.03151249885559082,-0.04539930447936058
;-84.5193862915039;-0.000005642235464620171,1.2822927608624468e-8,-0.0020456910133361816,-0.012119417078793049;2.58663007679516e-10,0.21877004206180573,0.019727660343050957,-0.4179695248603821;0.3433128893375397,-0.12411876022815704,0.031493015587329865,-0.04539985582232475
;-84.52132415771484;-0.000005645751571137225,1.2803053728305258e-8,-0.0020474540069699287,-0.012065558694303036;2.5826457639155365e-10,0.2187635749578476,0.0196266807615757,-0.41759365797042847;0.3430022895336151,-0.12412682175636292,0.03147250413894653,-0.04540040343999863
;-84.52326202392578;-0.000005649227659887401,1.2783198499732862e-8,-0.0020492137409746647,-0.012011952698230743;2.5786642265934745e-10,0.21875709295272827,0.019526168704032898,-0.41721779108047485;0.3426916003227234,-0.12413489073514938,0.03145197406411171,-0.0454009510576725
;-84.52519226074219;-0.000005652660547639243,1.276336103472886e-8,-0.002050970448181033,-0.011958590708673;2.574681301492632e-10,0.21875065565109253,0.01942613534629345,-0.4168613851070404;0.3423807621002197,-0.1241426095366478,0.03143247216939926,-0.04540150612592697
;-84.52711486816406;-0.000005656114353769226,1.2743666566450429e-8,-0.0020527245942503214,-0.011905460618436337;2.570735291307358e-10,0.21874423325061798,0.019326752051711082,-0.41650480031967163;0.34207209944725037,-0.12415032833814621,0.03141295164823532,-0.04540205001831055
;-84.52903747558594;-0.000005659530415869085,1.2723988973561973e-8,-0.0020544773433357477,-0.011852576397359371;2.5667920566796454e-10,0.21873782575130463,0.019227834418416023,-0.41614818572998047;0.34176337718963623,-0.12415804713964462,0.03139343112707138,-0.04540259391069412
;-84.53096008300781;-0.0000056629132814123295,1.270433180877717e-8,-0.002056226832792163,-0.011799936182796955;2.562850764942226e-10,0.21873140335083008,0.019129382446408272,-0.4157916009426117;0.3414543867111206,-0.12416578084230423,0.031373895704746246,-0.0454031378030777
;-84.53286743164062;-0.0000056662779570615385,1.26847528036933e-8,-0.002057974459603429,-0.011747532524168491;2.558928069440469e-10,0.2187250703573227,0.019031479954719543,-0.41545432806015015;0.3411465287208557,-0.12417316436767578,0.03135538473725319,-0.04540368169546127
;-84.53477478027344;-0.000005669641268468695,1.2665255511024043e-8,-0.00205971859395504,-0.01169536355882883;2.5550195292822764e-10,0.21871870756149292,0.018934126943349838,-0.4151170551776886;0.3408397436141968,-0.12418054789304733,0.031336866319179535,-0.04540422186255455
;-84.53666687011719;-0.000005672997303918237,1.2645837266234139e-8,-0.0020614617969840765,-0.011643427424132824;2.5511323609173076e-10,0.21871238946914673,0.01883731782436371,-0.4147796630859375;0.340533971786499,-0.12418793886899948,0.031318340450525284,-0.04540476202964783
;-84.53855895996094;-0.000005676336513715796,1.2626500733858848e-8,-0.002063203137367964,-0.01159172598272562;2.5472629561207327e-10,0.21870607137680054,0.018741054460406303,-0.414442241191864;0.3402293622493744,-0.12419532239437103,0.031299807131290436,-0.045405298471450806
;-84.54044342041016;-0.0000056796434364514425,1.260718196505195e-8,-0.0020649428479373455,-0.01154025923460722;2.5433927186568894e-10,0.21869978308677673,0.01864524371922016,-0.414104700088501;0.33992457389831543,-0.12420270591974258,0.03128126263618469,-0.045405831187963486
;-84.54232025146484;-0.000005682965820597019,1.2588008857505883e-8,-0.0020666811615228653,-0.011489021591842175;2.539559396108615e-10,0.21869352459907532,0.018550053238868713,-0.4137671887874603;0.33962202072143555,-0.12421009689569473,0.03126271441578865,-0.045406363904476166
;-84.54419708251953;-0.000005686250460712472,1.2568853513528211e-8,-0.0020684178452938795,-0.011438016779720783;2.5357280164506335e-10,0.2186872810125351,0.01845531165599823,-0.4134295582771301;0.3393193483352661,-0.12421748787164688,0.03124415874481201,-0.04540689289569855
;-84.54605865478516;-0.000005689533281838521,1.2549778993786731e-8,-0.00207015173509717,-0.011387239210307598;2.531911069691972e-10,0.21868105232715607,0.018361099064350128,-0.4130919277667999;0.33901774883270264,-0.12422488629817963,0.031225595623254776,-0.04540742561221123
;-84.54792022705078;-0.000005692799732059939,1.2530786186459864e-8,-0.002071884460747242,-0.011336691677570343;2.528115494726535e-10,0.21867486834526062,0.018267417326569557,-0.4127541184425354;0.3387172222137451,-0.12423227727413177,0.031207025051116943,-0.04540795087814331
;-84.54977416992188;-0.000005696035259461496,1.2511814695415069e-8,-0.0020736155565828085,-0.011286377906799316;2.524318809538073e-10,0.21866868436336517,0.018174175173044205,-0.41241636872291565;0.33841651678085327,-0.12423966079950333,0.031188445165753365,-0.04540847986936569
;-84.55162048339844;-0.000005699292614735896,1.2492984424739006e-8,-0.0020753454882651567,-0.011236282996833324;2.520558761709424e-10,0.21866253018379211,0.01808154210448265,-0.41207852959632874;0.33811819553375244,-0.12424705922603607,0.03116985782980919,-0.04540900141000748
;-84.553466796875;-0.000005702508133254014,1.2474176358523437e-8,-0.002077073324471712,-0.011186418123543262;2.51679760365775e-10,0.21865640580654144,0.01798934116959572,-0.41174066066741943;0.3378196358680725,-0.12425445765256882,0.031151266768574715,-0.04540952667593956
;-84.55530548095703;-0.000005705688636226114,1.2455385167697841e-8,-0.0020787983667105436,-0.011136786080896854;2.513041441609687e-10,0.21865028142929077,0.017897574231028557,-0.41140270233154297;0.33752092719078064,-0.12426185607910156,0.031132662668824196,-0.045410048216581345
;-84.55713653564453;-0.000005708896878786618,1.2436738749954657e-8,-0.0020805224776268005,-0.011087369173765182;2.5093152555832887e-10,0.21864421665668488,0.017806407064199448,-0.41106468439102173;0.3372246325016022,-0.1242692694067955,0.031114056706428528,-0.04541056603193283
;-84.55896759033203;-0.0000057120587371173315,1.2418111872136706e-8,-0.002082244260236621,-0.011038181371986866;2.505595175783526e-10,0.218638077378273,0.017715664580464363,-0.4107266366481781;0.3369280993938446,-0.12427667528390884,0.031095439568161964,-0.04541108384728432
;-84.56079864501953;-0.000005715200586564606,1.2399504534243988e-8,-0.0020839639473706484,-0.010989219881594181;2.50187315309347e-10,0.21863198280334473,0.017625344917178154,-0.4103884696960449;0.3366314470767975,-0.12428408116102219,0.031076816841959953,-0.0454116053879261
;-84.56261444091797;-0.000005718324246117845,1.2380978908765883e-8,-0.002085680840536952,-0.010940480045974255;2.4981688939718083e-10,0.21862593293190002,0.017535537481307983,-0.4100504219532013;0.3363358676433563,-0.12429148703813553,0.031058184802532196,-0.04541211947798729
;-84.5644302368164;-0.000005721451543649891,1.236253321934555e-8,-0.0020873963367193937,-0.010891956277191639;2.4944857290876143e-10,0.2186199128627777,0.017446232959628105,-0.40971213579177856;0.3360414206981659,-0.12429889291524887,0.031039545312523842,-0.04541263356804848
;-84.56624603271484;-0.000005724530183215393,1.2344109734385711e-8,-0.002089109970256686,-0.010843654163181782;2.4908008988688835e-10,0.2186138778924942,0.017357349395751953,-0.40937402844429016;0.33574673533439636,-0.12430631369352341,0.03102090023458004,-0.045413147658109665
;-84.56806182861328;-0.000005727583811676595,1.2325704012994265e-8,-0.002090821508318186,-0.010795578360557556;2.487118566651958e-10,0.2186078131198883,0.01726888306438923,-0.4090357720851898;0.33545196056365967,-0.12431373447179794,0.031002245843410492,-0.04541366547346115
;-84.56986236572266;-0.000005730628799938131,1.2307378227660593e-8,-0.002092530019581318,-0.010747716762125492;2.483457051116744e-10,0.21860185265541077,0.0171809121966362,-0.4087168574333191;0.3351582884788513,-0.12432079762220383,0.03098462149500847,-0.04541417211294174
;-84.57166290283203;-0.000005733670604968211,1.2289135931098372e-8,-0.002094237133860588,-0.010700070299208164;2.4798096909250944e-10,0.21859584748744965,0.017093438655138016,-0.408397912979126;0.33486565947532654,-0.1243278756737709,0.030966993421316147,-0.04541468620300293
;-84.57345581054688;-0.000005736668299505254,1.2270908733569286e-8,-0.0020959419198334217,-0.010652647353708744;2.4761642736237377e-10,0.21858984231948853,0.017006371170282364,-0.40805959701538086;0.3345729112625122,-0.12433529645204544,0.030948316678404808,-0.04541519656777382
;-84.57524108886719;-0.000005739696916862158,1.2252825420944191e-8,-0.002097644843161106,-0.01060542557388544;2.47255216301312e-10,0.21858394145965576,0.016919881105422974,-0.40772107243537903;0.33428245782852173,-0.12434271723031998,0.03092963434755802,-0.04541569948196411
;-84.5770263671875;-0.0000057426955208939034,1.223475987188749e-8,-0.0020993466023355722,-0.010558423586189747;2.468941717737039e-10,0.2185780107975006,0.016833797097206116,-0.4073825776576996;0.3339919149875641,-0.1243501529097557,0.030910944566130638,-0.0454162061214447
;-84.57881164550781;-0.000005745656835642876,1.2216713862756023e-8,-0.002101046033203602,-0.010511638596653938;2.4653362684645685e-10,0.21857202053070068,0.016748111695051193,-0.40704408288002014;0.3337012231349945,-0.12435758113861084,0.03089224547147751,-0.04541671276092529
;-84.58059692382812;-0.000005748584499087883,1.219868828172821e-8,-0.002102743135765195,-0.010465068742632866;2.46172998652483e-10,0.21856608986854553,0.016662828624248505,-0.4067055583000183;0.3334103524684906,-0.12436501681804657,0.03087354078888893,-0.045417219400405884
;-84.5823745727539;-0.00000575148123971303,1.218068046426879e-8,-0.0021044376771897078,-0.01041871402412653;2.458125092363872e-10,0.218560129404068,0.0165779460221529,-0.4063669443130493;0.33311939239501953,-0.1243724599480629,0.030854828655719757,-0.045417722314596176
;-84.58414459228516;-0.000005754390258516651,1.2162812090821262e-8,-0.0021061301231384277,-0.01037256233394146;2.454553504893653e-10,0.21855421364307404,0.016493624076247215,-0.40602824091911316;0.3328307867050171,-0.12437989562749863,0.030836107209324837,-0.04541822895407677
;-84.5859146118164;-0.0000057572747209633235,1.2144962369120549e-8,-0.0021078200079500675,-0.010326622053980827;2.450983860313727e-10,0.21854829788208008,0.016409695148468018,-0.4056895077228546;0.33254188299179077,-0.12438734620809555,0.03081738017499447,-0.04541873186826706
;-84.58768463134766;-0.0000057601264416007325,1.2127133075523489e-8,-0.002109508030116558,-0.010280894115567207;2.447416158624094e-10,0.21854236721992493,0.016326159238815308,-0.40535083413124084;0.33225294947624207,-0.12439478933811188,0.030798645690083504,-0.04541923105716705
;-76.6478500366211;-0.00006907698116265237,4.4815188005031814e-8,-0.002336735837161541,-0.007267287001013756;1.7304782051752454e-9,0.23230229318141937,0.058398760855197906,-0.37892743945121765;0.8330868482589722,-0.12203424423933029,0.030779901891946793,-0.04425973445177078
;-68.90617370605469;-0.006966250017285347,1.2434827567631146e-7,-0.004045751877129078,-0.0014487572479993105;1.5502417127777335e-8,0.25798502564430237,0.13611175119876862,-0.3282430171966553;1.5822503566741943,-0.11740372329950333,0.030763236805796623,-0.04198860377073288
;-61.234901428222656;-0.31762006878852844,2.8018442321808834e-7,-0.008562585338950157,0.004213113337755203;8.819430519224625e-8,0.28094103932380676,0.20452308654785156,-0.2799431383609772;1.8372851610183716,-0.11286304146051407,0.030746564269065857,-0.039761483669281006
;-52.99301528930664;-4.723743915557861,7.514482831538771e-7,-0.018609626218676567,0.009927032515406609;4.4465500081969367e-7,0.30151861906051636,0.26613718271255493,-0.2328842133283615;1.5982518196105957,-0.10825668275356293,0.030730927363038063,-0.03750235587358475
;-39.84479522705078;-40.11258316040039,0.000003001835693794419,-0.042136989533901215,0.016946999356150627;0.0000029319460281840293,0.3228473961353302,0.33573418855667114,-0.17826858162879944;1.0230220556259155,-0.10259900987148285,0.03071632981300354,-0.03472822904586792
;-6.893704414367676;-224.7941131591797,0.00005802100713481195,-0.14697414636611938,0.030616970732808113;0.00009455774124944583,0.3527078628540039,0.4695999324321747,-0.0834880918264389;0.2762441337108612,-0.09169396758079529,0.03070381097495556,-0.029382742941379547
;21.12343978881836;-84.70954895019531,0.2249249815940857,-3.2629661560058594,0.06191849708557129;0.16032974421977997,0.38496050238609314,0.7746822237968445,0.09335271269083023;0.007486492395401001,-0.06691066920757294,0.030694423243403435,-0.01723669283092022
;25.839086532592773;-14.349275588989258,2.145378828048706,-3.826552391052246,0.07134697586297989;0.7776700258255005,0.3895034193992615,0.8456595540046692,0.14015823602676392;0.0025288579054176807,-0.059822168201208115,0.03068711794912815,-0.013761946000158787
;26.094491958618164;-2.6106956005096436,4.30418062210083,-4.168087482452393,0.07315818220376968;0.9008532762527466,0.3900386095046997,0.8420741558074951,0.14661133289337158;0.002178391208872199,-0.058857135474681854,0.030680855736136436,-0.013287991285324097
;25.337135314941406;-0.4972902536392212,5.94821834564209,-4.4746294021606445,0.0734371468424797;0.869859516620636,0.38990822434425354,0.8208349347114563,0.14501546323299408;0.0022612684406340122,-0.059101179242134094,0.03067459538578987,-0.013406484387814999
;24.257856369018555;-0.09858569502830505,7.058462619781494,-4.733823299407959,0.07327964901924133;0.7976901531219482,0.38959723711013794,0.7921974658966064,0.1412634402513504;0.0024677703622728586,-0.059669919312000275,0.03066832944750786,-0.013684063218533993
;23.055330276489258;-0.020327741280198097,7.731017589569092,-4.9655256271362305,0.07294328510761261;0.7122915983200073,0.3892134726047516,0.7594758868217468,0.13673986494541168;0.002742152428254485,-0.06035640463232994,0.030662067234516144,-0.014019323512911797
;21.820573806762695;-0.0043534706346690655,8.068853378295898,-5.18071174621582,0.07252407819032669;0.6252108216285706,0.3887956738471985,0.7245965003967285,0.1319488286972046;0.0030664235819131136,-0.06108500808477402,0.03065579943358898,-0.014375218190252781
;20.60824966430664;-0.000966008345130831,8.161774635314941,-5.380705833435059,0.07207630574703217;0.5431064367294312,0.3883664011955261,0.6889477968215942,0.12716108560562134;0.0034290854819118977,-0.06181468069553375,0.030649535357952118,-0.014731635339558125
;19.45293617248535;-0.0002214097185060382,8.082490921020508,-5.5623064041137695,0.07163616269826889;0.4697040021419525,0.38794073462486267,0.6535323262214661,0.12254469841718674;0.0038195422384887934,-0.0625196322798729,0.030643267557024956,-0.015075944364070892
;18.37535285949707;-0.000052249310101615265,7.887206554412842,-5.721186637878418,0.07122791558504105;0.40650007128715515,0.387529581785202,0.6190347671508789,0.11819760501384735;0.004227370955049992,-0.06318312138319016,0.03063909150660038,-0.015400291420519352
;17.3862361907959;-0.000012655119462579023,7.617844104766846,-5.853209972381592,0.07086653262376785;0.3534576892852783,0.3871402442455292,0.5858896374702454,0.11417955160140991;0.004642625339329243,-0.06379643827676773,0.030635954812169075,-0.015700234100222588
;16.48929786682129;-0.000003136760824418161,7.304741859436035,-5.955580234527588,0.07056077569723129;0.30966630578041077,0.3867770731449127,0.5543458461761475,0.11051248013973236;0.005056291818618774,-0.06435514241456985,0.030634909868240356,-0.015973778441548347
;15.683756828308105;-7.93559422618273e-7,6.969268798828125,-6.02913761138916,0.07031434774398804;0.2738517224788666,0.38644281029701233,0.524522066116333,0.10718821734189987;0.005460605025291443,-0.0648571103811264,0.0306401327252388,-0.01622057892382145
;14.966111183166504;-2.044477156459834e-7,6.6261091232299805,-6.075822353363037,0.0701286792755127;0.2446986436843872,0.38613811135292053,0.4964503347873688,0.10419619828462601;0.00584911834448576,-0.06530369818210602,0.030651623383164406,-0.016441306099295616
;14.331149101257324;-5.355639487447661e-8,6.285084247589111,-6.0970964431762695,0.07000205665826797;0.22100421786308289,0.38586318492889404,0.47010692954063416,0.10151500254869461;0.00621677003800869,-0.06569720059633255,0.030670415610074997,-0.016637250781059265
;13.772697448730469;-1.4266982262256533e-8,5.952545642852783,-6.09478235244751,0.0699315294623375;0.20173455774784088,0.38561686873435974,0.4454325735569,0.09912718087434769;0.006559925619512796,-0.0660417452454567,0.030694423243403435,-0.016810091212391853
;13.28417682647705;-3.884625954242438e-9,5.63242244720459,-6.070876598358154,0.06991426646709442;0.18603475391864777,0.38539794087409973,0.4223477840423584,0.09700445830821991;0.006876233499497175,-0.06634079664945602,0.030724670737981796,-0.016961688175797462
;12.858948707580566;-1.1021002999100915e-9,5.326977252960205,-6.027524471282959,0.06994568556547165;0.1732122302055359,0.38520461320877075,0.4007635712623596,0.09512081742286682;0.007164486683905125,-0.0665983036160469,0.030761152505874634,-0.017093969509005547
;12.49053955078125;-3.4400812753965226e-10,5.037341594696045,-5.966811180114746,0.07002254575490952;0.16271275281906128,0.38503503799438477,0.3805868327617645,0.09345055371522903;0.0074244472198188305,-0.06681814789772034,0.030803851783275604,-0.017208844423294067
;12.172764778137207;-1.3161224887703327e-10,4.763895034790039,-5.8906569480896,0.07014017552137375;0.15409426391124725,0.3848869204521179,0.36172476410865784,0.09196903556585312;0.007656634785234928,-0.06700411438941956,0.030852748081088066,-0.017308149486780167
;11.899782180786133;-6.809335734159205e-11,4.506523132324219,-5.800698757171631,0.07029476761817932;0.14700384438037872,0.3847584128379822,0.3440879285335541,0.09065289050340652;0.007862224243581295,-0.06715976446866989,0.030907830223441124,-0.017393631860613823
;11.666096687316895;-4.5892754874099495e-11,4.264794826507568,-5.698203086853027,0.07048216462135315;0.1411583423614502,0.3846473693847656,0.32759055495262146,0.08947710692882538;0.008042828179895878,-0.0672881230711937,0.030970104038715363,-0.01746693067252636
;11.466536521911621;-3.560591405049607e-11,4.038083553314209,-5.583983421325684,0.07069896906614304;0.13632799685001373,0.3845517635345459,0.3121524751186371,0.08841793239116669;0.00820046104490757,-0.0673920214176178,0.031040584668517113,-0.017529595643281937
;11.296184539794922;-2.9126902278964195e-11,3.8256428241729736,-5.458285808563232,0.07094137370586395;0.13232381641864777,0.38446956872940063,0.29769831895828247,0.0874527096748352;0.008337405510246754,-0.06747408956289291,0.031120259314775467,-0.017583085224032402
;11.150296211242676;-2.4188441180572617e-11,3.626660108566284,-5.3206329345703125,0.07120570540428162;0.12898693978786469,0.3843989372253418,0.2841576933860779,0.08655953407287598;0.00845622830092907,-0.06753688305616379,0.031210118904709816,-0.01762879639863968
;11.02417278289795;-2.012718290644866e-11,3.4402918815612793,-5.169588565826416,0.07148852944374084;0.12617988884449005,0.384337842464447,0.2714653015136719,0.08571066707372665;0.008559679612517357,-0.06758217513561249,0.03131319209933281,-0.017668092623353004
;10.912991523742676;-1.6718420051131666e-11,3.2656750679016113,-5.002470016479492,0.07178592681884766;0.12377860397100449,0.3842843472957611,0.25955983996391296,0.08487803488969803;0.008650877512991428,-0.06761178374290466,0.03143247216939926,-0.01770235039293766
;10.811605453491211;-1.385640820833478e-11,3.1019392013549805,-4.815098762512207,0.07209359854459763;0.12166547775268555,0.3842361569404602,0.2483840137720108,0.0840231403708458;0.008733285591006279,-0.06762667000293732,0.03157396614551544,-0.017733003944158554
;10.714343070983887;-1.146811985652807e-11,2.9482078552246094,-4.602022171020508,0.07240729033946991;0.11972283571958542,0.38419109582901,0.23788359761238098,0.08309274166822433;0.008810910396277905,-0.06762673705816269,0.03174768388271332,-0.01776161789894104
;10.615010261535645;-9.490952294910482e-12,2.803598165512085,-4.358361721038818,0.07272185385227203;0.1178293451666832,0.3841463625431061,0.228007510304451,0.08200875669717789;0.008888352662324905,-0.0676099881529808,0.03197050467133522,-0.017789920791983604
;10.50744915008545;-7.867497452129779e-12,2.667236328125,-4.084528923034668,0.073031485080719;0.11586412787437439,0.38409918546676636,0.2187083661556244,0.08066544681787491;0.008970671333372593,-0.06757226586341858,0.03226693719625473,-0.017819738015532494
;10.387003898620605;-6.543916016704676e-12,2.5382931232452393,-3.7928521633148193,0.07333081215620041;0.11372604966163635,0.3840470016002655,0.20994441211223602,0.07890722155570984;0.009062567725777626,-0.06750430166721344,0.03267654404044151,-0.01785270683467388
;10.252433776855469;-5.4691594135458654e-12,2.4160585403442383,-3.508939504623413,0.07361695915460587;0.11136731505393982,0.3839883506298065,0.20168273150920868,0.07659919559955597;0.009166914969682693,-0.06739796698093414,0.03323281928896904,-0.01788974180817604
;10.10515308380127;-4.595668463835967e-12,2.299985408782959,-3.246569871902466,0.07389020919799805;0.10880884528160095,0.3839232623577118,0.19389986991882324,0.07368879020214081;0.009283807128667831,-0.0672515407204628,0.033944930881261826,-0.017930738627910614
;9.949823379516602;-3.88188613198448e-12,2.189671039581299,-3.0288941860198975,0.07415273785591125;0.10611763596534729,0.3838531970977783,0.18657830357551575,0.07024867832660675;0.009411158971488476,-0.06707379221916199,0.03478538990020752,-0.01797482743859291
;9.79098892211914;-3.2929238762829938e-12,2.0848429203033447,-2.8487346172332764,0.07440939545631409;0.10339183360338211,0.3837803304195404,0.1797042340040207,0.0664098933339119;0.009545049630105495,-0.0668761134147644,0.03571312874555588,-0.018020547926425934
;9.631941795349121;-2.8020962286601225e-12,1.98526132106781,-2.69710111618042,0.07466331124305725;0.10070255398750305,0.3837064504623413,0.17326126992702484,0.06230087950825691;0.009682297706604004,-0.0666690468788147,0.03668936714529991,-0.0180667657405138
;9.47488784790039;-2.389665939087071e-12,1.8906959295272827,-2.5667293071746826,0.07491759210824966;0.09809469431638718,0.38363271951675415,0.16723071038722992,0.05801199749112129;0.009820596314966679,-0.06645924597978592,0.03768796846270561,-0.01811268739402294
;9.321260452270508;-2.0409565964357723e-12,1.800923228263855,-2.4524967670440674,0.07517342269420624;0.09559400379657745,0.3835600018501282,0.1615925133228302,0.053611673414707184;0.009958363138139248,-0.0662512332201004,0.03869009017944336,-0.018157804384827614
;9.171981811523438;-1.74480861616505e-12,1.7157261371612549,-2.350926399230957,0.07543213665485382;0.09321395307779312,0.38348886370658875,0.15632633864879608,0.04914088174700737;0.01009446568787098,-0.06604710966348648,0.03968534246087074,-0.01820177584886551
;9.02763843536377;-1.4925134695850661e-12,1.6348918676376343,-2.2596397399902344,0.07569451630115509;0.09096015244722366,0.38341960310935974,0.15141189098358154,0.04462962597608566;0.010228121653199196,-0.06584810465574265,0.04066673666238785,-0.018244391307234764
;8.888596534729004;-1.277111988211288e-12,1.5582149028778076,-2.1769630908966064,0.075961172580719;0.08883364498615265,0.38335251808166504,0.14682939648628235,0.040100712329149246;0.010358739644289017,-0.06565487384796143,0.04162956401705742,-0.018285518512129784
;8.755075454711914;-1.0929336862613992e-12,1.485494613647461,-2.1016674041748047,0.07623229920864105;0.08683249354362488,0.38328784704208374,0.14255976676940918,0.035563331097364426;0.010485916398465633,-0.06546714156866074,0.04257272183895111,-0.018325068056583405
;8.627191543579102;-9.352931840470036e-13,1.4165387153625488,-2.032810688018799,0.07650802284479141;0.0849532037973404,0.38322556018829346,0.13858464360237122,0.03103271871805191;0.010609311051666737,-0.06528513133525848,0.04349369555711746,-0.018362998962402344
;8.504985809326172;-8.00277162246732e-13,1.3511601686477661,-1.9696418046951294,0.07678890228271484;0.08319112658500671,0.38316574692726135,0.1348864734172821,0.026510776951909065;0.010728703811764717,-0.06510821729898453,0.04439326748251915,-0.01839928701519966
;8.388447761535645;-6.845918146605734e-13,1.2891794443130493,-1.91154146194458,0.0770750567317009;0.08154115825891495,0.3831084370613098,0.1314486712217331,0.02200574241578579;0.010843900963664055,-0.06493627279996872,0.045270681381225586,-0.01843392662703991
;8.27752685546875;-5.854524222186075e-13,1.230423927307129,-1.857984185218811,0.07736621797084808;0.0799979418516159,0.38305366039276123,0.12825533747673035,0.01752232015132904;0.010954790748655796,-0.06476900726556778,0.04612600803375244,-0.018466927111148834
;8.172140121459961;-5.004897321234103e-13,1.1747280359268188,-1.8085204362869263,0.07766278088092804;0.07855597883462906,0.3830013871192932,0.12529154121875763,0.013061766512691975;0.01106126606464386,-0.0646059587597847,0.04696006700396538,-0.018498312681913376
;8.072183609008789;-4.2768441782872757e-13,1.121932864189148,-1.7627537250518799,0.07796434313058853;0.07720985263586044,0.3829517066478729,0.12254306674003601,0.008625133894383907;0.011163284070789814,-0.06444676220417023,0.047773610800504684,-0.018528103828430176
;7.977533340454102;-3.6530969763949594e-13,1.0718868970870972,-1.7203357219696045,0.07827103137969971;0.07595427334308624,0.3829043507575989,0.11999648064374924,0.0042166695930063725;0.011260823346674442,-0.06429124623537064,0.04856671020388603,-0.018556339666247368
;7.8880534172058105;-3.118867197924452e-13,1.0244450569152832,-1.6809576749801636,0.07858292013406754;0.07478407770395279,0.3828595280647278,0.11763917654752731,-0.0001628585159778595;0.011353877373039722,-0.06413912028074265,0.04934009164571762,-0.018583053722977638
;7.803598403930664;-2.661481061580484e-13,0.9794688820838928,-1.644343376159668,0.07890010625123978;0.0736943706870079,0.382816880941391,0.11545912176370621,-0.004509374964982271;0.01144246757030487,-0.0639902725815773,0.050093818455934525,-0.018608292564749718
;7.724013805389404;-2.2700484341667965e-13,0.9368265867233276,-1.6102460622787476,0.07922227680683136;0.07268048822879791,0.3827766478061676,0.11344513297080994,-0.008822345174849033;0.011526641435921192,-0.0638444572687149,0.050828587263822556,-0.01863209344446659
;7.649143218994141;-1.9352157680160853e-13,0.8963927030563354,-1.5784447193145752,0.07954932004213333;0.07173793762922287,0.3827386796474457,0.11158657819032669,-0.013101148419082165;0.011606454849243164,-0.06370146572589874,0.05154507979750633,-0.018654504790902138
;7.5788254737854;-1.6489431619182843e-13,0.8580482602119446,-1.5487394332885742,0.07988107949495316;0.07086252421140671,0.38270288705825806,0.10987354069948196,-0.017348777502775192;0.011681967414915562,-0.06356093287467957,0.05224456265568733,-0.01867557317018509
;7.512899875640869;-1.4043203178017855e-13,0.821679949760437,-1.5209519863128662,0.08021759986877441;0.07005026191473007,0.3826691806316376,0.10829661041498184,-0.021561672911047935;0.011753274127840996,-0.06342285871505737,0.05292700603604317,-0.018695341423153877
;7.451204776763916;-1.195404316983381e-13,0.7871801853179932,-1.4949206113815308,0.08055877685546875;0.0692974403500557,0.38263753056526184,0.10684699565172195,-0.0257393978536129;0.01182045228779316,-0.06328709423542023,0.0535929873585701,-0.01871386356651783
;7.393579006195068;-1.0170881606548499e-13,0.7544472217559814,-1.4705002307891846,0.08090474456548691;0.06860057264566422,0.3826078176498413,0.10551640391349792,-0.02987506613135338;0.011883599683642387,-0.06315381079912186,0.05424191430211067,-0.01873117871582508
;7.339865207672119;-8.649764932089354e-14,0.7233843803405762,-1.4475589990615845,0.0812549814581871;0.06795631349086761,0.3825799822807312,0.10429704189300537,-0.0339752659201622;0.011942827142775059,-0.06302256882190704,0.054875534027814865,-0.01874733716249466
;7.289907455444336;-7.352972397622892e-14,0.6939003467559814,-1.4259785413742065,0.08160974830389023;0.06736161559820175,0.3825540244579315,0.1031816154718399,-0.03803302347660065;0.011998232454061508,-0.0628935694694519,0.05549321323633194,-0.018762383610010147
;7.243553161621094;-6.248093134455374e-14,0.665908694267273,-1.4056509733200073,0.08196873962879181;0.06681357324123383,0.3825298845767975,0.10216331481933594,-0.04205166548490524;0.012049920856952667,-0.06276652961969376,0.05609605088829994,-0.018776362761855125
;7.200654983520508;-5.3072929623136644e-14,0.639327347278595,-1.3864794969558716,0.08233192563056946;0.06630950421094894,0.38250747323036194,0.10123565047979355,-0.04603128507733345;0.012098030187189579,-0.06264138966798782,0.05668456107378006,-0.018789317458868027
;7.161069393157959;-4.506697749359634e-14,0.6140788793563843,-1.3683757781982422,0.08269909024238586;0.06584689021110535,0.38248658180236816,0.100392647087574,-0.04996833577752113;0.01214264240115881,-0.06251819431781769,0.05725865066051483,-0.018801290541887283
;7.124655723571777;-3.825818107412379e-14,0.5900901556015015,-1.3512591123580933,0.08307024836540222;0.06542336940765381,0.3824673295021057,0.09962864965200424,-0.05386292561888695;0.012183905579149723,-0.062396854162216187,0.05781881511211395,-0.018812324851751328
;7.091279983520508;-3.247101480925718e-14,0.5672920942306519,-1.3350577354431152,0.0834452286362648;0.06503674387931824,0.38244956731796265,0.09893835335969925,-0.057715121656656265;0.012221909128129482,-0.06227730214595795,0.058365512639284134,-0.018822457641363144
;7.060811519622803;-2.7555155761847284e-14,0.5456193089485168,-1.3197050094604492,0.08382421731948853;0.06468498706817627,0.382433146238327,0.09831681102514267,-0.061524923890829086;0.012256773188710213,-0.062159474939107895,0.058899156749248505,-0.018831728026270866
;7.033124923706055;-2.3381892193361127e-14,0.5250100493431091,-1.305140495300293,0.08420665562152863;0.06436611711978912,0.3824182450771332,0.09775935113430023,-0.06529248505830765;0.01228863000869751,-0.06204330548644066,0.059420183300971985,-0.018840176984667778
;7.0081000328063965;-1.9841096268128494e-14,0.5054063200950623,-1.2913092374801636,0.08459275960922241;0.0640784278512001,0.3824046850204468,0.09726165235042572,-0.0690179094672203;0.01231756154447794,-0.061928749084472656,0.05992898344993591,-0.018847830593585968
;6.985693454742432;-1.683858639274418e-14,0.48675286769866943,-1.2788411378860474,0.08498217165470123;0.0638204962015152,0.38239237666130066,0.09681970626115799,-0.07269422709941864;0.012343661859631538,-0.06181597337126732,0.06042496860027313,-0.01885472610592842
;6.965808868408203;-1.4293786017001778e-14,0.4689985513687134,-1.2669320106506348,0.08537545800209045;0.06359148770570755,0.3823813498020172,0.09642967581748962,-0.0763280987739563;0.012366973794996738,-0.061704643070697784,0.06090950220823288,-0.018860872834920883
;6.948329448699951;-1.2138093095470214e-14,0.45209452509880066,-1.2555509805679321,0.08577200770378113;0.06338980048894882,0.38237154483795166,0.09608802199363708,-0.07991278916597366;0.012387600727379322,-0.06159496679902077,0.0613819919526577,-0.01886630244553089
;6.933143138885498;-1.0313007297647371e-14,0.4359944760799408,-1.244667887687683,0.08617191761732101;0.06321399658918381,0.3823627829551697,0.09579138457775116,-0.08345188945531845;0.01240566186606884,-0.061486776918172836,0.061843279749155045,-0.01887105219066143
;6.9201436042785645;-8.76871546293817e-15,0.4206549823284149,-1.2342549562454224,0.08657503128051758;0.06306271255016327,0.3823552429676056,0.09553661942481995,-0.08693892508745193;0.01242125779390335,-0.06138027086853981,0.06229279562830925,-0.018875151872634888
;6.9092302322387695;-7.462715172115286e-15,0.4060347080230713,-1.2242873907089233,0.08698129653930664;0.06293462961912155,0.3823486864566803,0.09532076865434647,-0.09038085490465164;0.012434517964720726,-0.0612751767039299,0.0627317801117897,-0.01887863129377365
;6.900307655334473;-6.358813130859014e-15,0.3920949697494507,-1.2147408723831177,0.08739087730646133;0.06282856315374374,0.38234320282936096,0.09514110535383224,-0.0937744677066803;0.012445515021681786,-0.061171576380729675,0.06316012889146805,-0.018881522119045258
;6.893284320831299;-5.4262158798884e-15,0.37879905104637146,-1.2055926322937012,0.08780338615179062;0.06274346262216568,0.38233864307403564,0.09499506652355194,-0.09711659699678421;0.012454365380108356,-0.0610695518553257,0.06357771158218384,-0.018883846700191498
;6.888073921203613;-4.6387047848706064e-15,0.3661123812198639,-1.1968227624893188,0.08821873366832733;0.062678262591362,0.38233500719070435,0.09488025307655334,-0.1004074290394783;0.012461150996387005,-0.06096905469894409,0.06398484110832214,-0.01888563297688961
;6.884594440460205;-3.9740045733587404e-15,0.35400235652923584,-1.1884114742279053,0.08863705396652222;0.06263203918933868,0.3823322057723999,0.09479445964097977,-0.10365073382854462;0.012465977109968662,-0.060869958251714706,0.06438226252794266,-0.018886907026171684
;6.882767200469971;-3.4131937998605616e-15,0.34243810176849365,-1.1803414821624756,0.08905822783708572;0.06260384619235992,0.38233035802841187,0.0947355329990387,-0.10683981329202652;0.012468918226659298,-0.060772430151700974,0.06476939469575882,-0.018887687474489212
;6.882517337799072;-2.9402161078279174e-15,0.33139070868492126,-1.1725951433181763,0.08948231488466263;0.06259287148714066,0.38232919573783875,0.09470158815383911,-0.1099749431014061;0.012470067478716373,-0.0606764480471611,0.0651465430855751,-0.018888002261519432
;6.883774280548096;-2.5414323609858824e-15,0.3208326995372772,-1.165157675743103,0.08990918099880219;0.0625983253121376,0.3823288679122925,0.09469078481197357,-0.11305632442235947;0.012469502165913582,-0.06058197841048241,0.06551400572061539,-0.018887870013713837
;6.886470317840576;-2.2052998296039853e-15,0.3107382357120514,-1.1580142974853516,0.09033828973770142;0.06261949986219406,0.38232913613319397,0.09470143914222717,-0.1160842627286911;0.012467293068766594,-0.0604889914393425,0.06587204337120056,-0.018887309357523918
;6.8905415534973145;-1.9220291421525714e-15,0.3010829985141754,-1.1511509418487549,0.09077019989490509;0.06265565752983093,0.3823302388191223,0.09473198652267456,-0.11905888468027115;0.01246351096779108,-0.0603974424302578,0.06622091680765152,-0.018886342644691467
;6.895926475524902;-1.6833329282757046e-15,0.29184389114379883,-1.1445558071136475,0.09120455384254456;0.06270618736743927,0.3823319673538208,0.09478092193603516,-0.1219770759344101;0.012458240613341331,-0.06030743196606636,0.06656049191951752,-0.01888498291373253
;6.902566432952881;-1.4821995551151323e-15,0.2829992175102234,-1.138216495513916,0.09164127707481384;0.06277050077915192,0.38233432173728943,0.09484682232141495,-0.12483551353216171;0.012451553717255592,-0.06021901220083237,0.06689062714576721,-0.018883252516388893
;6.91040563583374;-1.3127032860509816e-15,0.27452853322029114,-1.1321228742599487,0.09208054095506668;0.06284797191619873,0.38233739137649536,0.09492848813533783,-0.12763458490371704;0.012443493120372295,-0.06013215333223343,0.0672115758061409,-0.018881162628531456
;6.91939115524292;-1.1698309565849282e-15,0.26641249656677246,-1.1262640953063965,0.0925222858786583;0.06293811649084091,0.3823409080505371,0.09502464532852173,-0.13037793338298798;0.012434149160981178,-0.0600467287003994,0.06752397865056992,-0.018878735601902008
;6.92947244644165;-1.0493526959366208e-15,0.2586328685283661,-1.1206315755844116,0.09296604245901108;0.06304039061069489,0.382345050573349,0.09513424336910248,-0.13305895030498505;0.012423567473888397,-0.0599629171192646,0.06782728433609009,-0.018875984475016594
;6.940601348876953;-9.476972014421984e-16,0.2511725127696991,-1.1152164936065674,0.09341225773096085;0.06315435469150543,0.3823496699333191,0.09525620192289352,-0.13568298518657684;0.012411805801093578,-0.05988053232431412,0.06812231242656708,-0.018872922286391258
;6.952731609344482;-8.618521063038695e-16,0.24401508271694183,-1.1100114583969116,0.09386083483695984;0.06327953934669495,0.38235482573509216,0.09538953751325607,-0.13824346661567688;0.012398921884596348,-0.059799738228321075,0.06840851902961731,-0.018869560211896896
;6.965818405151367;-7.892770528337002e-16,0.2371453046798706,-1.1050089597702026,0.09431162476539612;0.06341550499200821,0.3823604881763458,0.09553337842226028,-0.14073890447616577;0.012384961359202862,-0.05972056835889816,0.06868594139814377,-0.018865916877985
;6.9798197746276855;-7.278332299003141e-16,0.230548694729805,-1.1002031564712524,0.0947648361325264;0.06356189399957657,0.3823665380477905,0.0956868976354599,-0.14316953718662262;0.012369995005428791,-0.059642985463142395,0.06895481795072556,-0.018862003460526466
;6.994696140289307;-6.757209571885917e-16,0.22421158850193024,-1.0955878496170044,0.09522030502557755;0.0637182891368866,0.38237306475639343,0.09584927558898926,-0.14553391933441162;0.012354046106338501,-0.05956701561808586,0.06921516358852386,-0.01885782741010189
;7.0104079246521;-6.314251574536913e-16,0.21812108159065247,-1.0911582708358765,0.09567753225564957;0.06388431042432785,0.38238000869750977,0.09601979702711105,-0.14783048629760742;0.012337187305092812,-0.059492677450180054,0.06946700811386108,-0.018853401765227318
;7.026918888092041;-5.936715225660278e-16,0.21226496994495392,-1.0869109630584717,0.09613700211048126;0.06405968964099884,0.3823873698711395,0.09619779139757156,-0.1500561684370041;0.012319456785917282,-0.059420034289360046,0.06971019506454468,-0.018848741427063942
;7.044193744659424;-5.6139019697366e-16,0.20663174986839294,-1.0828417539596558,0.0965983048081398;0.06424404680728912,0.3823952376842499,0.09638262540102005,-0.15221115946769714;0.012300877831876278,-0.05934906005859375,0.06994494050741196,-0.01884385384619236
;7.062199115753174;-5.336822669613141e-16,0.20121055841445923,-1.0789477825164795,0.09706208854913712;0.06443709135055542,0.38240334391593933,0.09657372534275055,-0.15429241955280304;0.012281517498195171,-0.05927981436252594,0.07017107307910919,-0.018838748335838318
;7.080903053283691;-5.097946143597628e-16,0.1959911584854126,-1.0752273797988892,0.0975276380777359;0.06463851034641266,0.38241180777549744,0.0967705100774765,-0.156301811337471;0.012261404655873775,-0.05921224132180214,0.07038897275924683,-0.01883343607187271
;7.100275039672852;-4.890958819859462e-16,0.19096384942531586,-1.071679711341858,0.09799540042877197;0.06484811007976532,0.3824206292629242,0.0969725027680397,-0.1582310050725937;0.012240569107234478,-0.05914653092622757,0.07059794664382935,-0.018827930092811584
;7.120285987854004;-4.710564624895938e-16,0.18611940741539001,-1.0683035850524902,0.0984647274017334;0.06506556272506714,0.38242971897125244,0.09717924147844315,-0.16008205711841583;0.012219066731631756,-0.05908261612057686,0.0707983672618866,-0.01882222853600979
;7.140909194946289;-4.55232722364581e-16,0.18144923448562622,-1.0651003122329712,0.09893624484539032;0.06529064476490021,0.38243919610977173,0.09739027172327042,-0.16185173392295837;0.01219690777361393,-0.05902055278420448,0.07099006325006485,-0.018816350027918816
;7.162118434906006;-4.4125519642722734e-16,0.17694512009620667,-1.0620709657669067,0.09940947592258453;0.06552311033010483,0.38244888186454773,0.0976051613688469,-0.163536936044693;0.012174151837825775,-0.05896041542291641,0.07117288559675217,-0.018810296431183815
;7.183888912200928;-4.288145058935482e-16,0.17259925603866577,-1.0592180490493774,0.09988481551408768;0.06576281785964966,0.3824588358402252,0.09782357513904572,-0.1651361733675003;0.012150801718235016,-0.05890221521258354,0.07134681940078735,-0.018804075196385384
;7.206197738647461;-4.176520939563942e-16,0.16840443015098572,-1.0565451383590698,0.10036199539899826;0.06600947678089142,0.382469117641449,0.09804516285657883,-0.1666463166475296;0.01212691143155098,-0.058846015483140945,0.07151172310113907,-0.01879769377410412
;7.229024887084961;-4.075531848240772e-16,0.16435366868972778,-1.0540555715560913,0.10084075480699539;0.06626298278570175,0.38247960805892944,0.09826962649822235,-0.1680641621351242;0.012102494947612286,-0.058791883289813995,0.07166741043329239,-0.018791161477565765
;7.252349853515625;-3.9833807516288127e-16,0.16044043004512787,-1.0517553091049194,0.10132167488336563;0.06652313470840454,0.3824903666973114,0.09849661588668823,-0.16938838362693787;0.012077578343451023,-0.05873982980847359,0.07181387394666672,-0.018784482032060623
;7.276154041290283;-3.89857263657616e-16,0.15665854513645172,-1.0496500730514526,0.1018042266368866;0.06678979843854904,0.3825012743473053,0.09872589260339737,-0.17061564326286316;0.012052184902131557,-0.05868992581963539,0.07195094972848892,-0.01877766102552414
;7.300421714782715;-3.8198700408864346e-16,0.15300218760967255,-1.047746181488037,0.10228858888149261;0.0670628473162651,0.38251250982284546,0.09895720332860947,-0.17174290120601654;0.012026333250105381,-0.058642223477363586,0.07207844406366348,-0.018770702183246613
;7.325138568878174;-3.7462401137595784e-16,0.14946573972702026,-1.0460505485534668,0.10277477651834488;0.06734216958284378,0.38252395391464233,0.09919027984142303,-0.17276690900325775;0.012000053189694881,-0.05859679728746414,0.07219619303941727,-0.01876360923051834
;7.350290775299072;-3.676831587083601e-16,0.1460440307855606,-1.044569730758667,0.10326297581195831;0.0676276683807373,0.38253557682037354,0.09942495077848434,-0.17368456721305847;0.011973351240158081,-0.05855370685458183,0.07230398058891296,-0.018756389617919922
;7.375866413116455;-3.6109356001607685e-16,0.14273206889629364,-1.0433095693588257,0.10375269502401352;0.06791923940181732,0.3825474679470062,0.09966099262237549,-0.17449268698692322;0.011946259997785091,-0.058513008058071136,0.07240162044763565,-0.018749045208096504
;7.401854991912842;-3.547971670724416e-16,0.13952518999576569,-1.0422742366790771,0.10424435138702393;0.06821686029434204,0.38255953788757324,0.09989820420742035,-0.17519156634807587;0.011918773874640465,-0.058474693447351456,0.07248923927545547,-0.018741579726338387
;7.428247451782227;-3.4874498431541163e-16,0.13641893863677979,-1.0414650440216064,0.10473772138357162;0.06852047145366669,0.382571816444397,0.1001364141702652,-0.17577970027923584;0.011890915222465992,-0.05843878537416458,0.07256676256656647,-0.018733995035290718
;7.455034255981445;-3.4289741295470276e-16,0.13340914249420166,-1.040878415107727,0.10523279011249542;0.06883002072572708,0.38258427381515503,0.10037551075220108,-0.1762557029724121;0.011862706393003464,-0.058405302464962006,0.07263412326574326,-0.018726292997598648
;7.482206344604492;-3.372213392960333e-16,0.13049180805683136,-1.0405076742172241,0.10572957992553711;0.06914544105529785,0.3825969398021698,0.10061532258987427,-0.17662154138088226;0.011834141798317432,-0.05837419629096985,0.07269155979156494,-0.018718481063842773
;7.5097551345825195;-3.3169050531803833e-16,0.12766312062740326,-1.0403374433517456,0.1062280461192131;0.0694667175412178,0.3826097249984741,0.10085569322109222,-0.1768791526556015;0.011805249378085136,-0.05834541469812393,0.07273931056261063,-0.018710555508732796
;7.537668704986572;-3.262831793316649e-16,0.12491952627897263,-1.0403478145599365,0.1067284345626831;0.06979379802942276,0.3826226592063904,0.1010964885354042,-0.17703396081924438;0.011776036582887173,-0.05831883102655411,0.0727778822183609,-0.018702523782849312
;7.565934181213379;-3.2098210304061265e-16,0.12225759774446487,-1.0405116081237793,0.10723041743040085;0.07012662291526794,0.38263586163520813,0.10133759677410126,-0.17708615958690643;0.011746513657271862,-0.05829444155097008,0.07280731201171875,-0.01869438774883747
;7.594535827636719;-3.157730621732355e-16,0.11967409402132034,-1.0407977104187012,0.10773409157991409;0.07046506553888321,0.38264912366867065,0.10157891362905502,-0.17704471945762634;0.011716712266206741,-0.058272041380405426,0.07282843440771103,-0.01868615299463272
;7.623454570770264;-3.106457070457092e-16,0.1171659454703331,-1.0411732196807861,0.10823961347341537;0.07080894708633423,0.3826625347137451,0.10182031244039536,-0.1769150048494339;0.011686630547046661,-0.0582515113055706,0.07284172624349594,-0.01867782324552536
;7.652669429779053;-3.0559249377084727e-16,0.11473016440868378,-1.0416063070297241,0.10874676704406738;0.07115813344717026,0.3826761245727539,0.10206175595521927,-0.17670582234859467;0.011656318791210651,-0.05823265016078949,0.07284796983003616,-0.018669404089450836
;7.682157039642334;-3.0060667255485125e-16,0.11236394941806793,-1.042067527770996,0.10925568640232086;0.0715123787522316,0.38268986344337463,0.10230307281017303,-0.17642267048358917;0.011625777930021286,-0.05821535736322403,0.07284766435623169,-0.018660904839634895
;7.711892127990723;-2.9568498761483014e-16,0.11006461828947067,-1.042533278465271,0.10976637899875641;0.07187144458293915,0.3827036917209625,0.10254418104887009,-0.17607784271240234;0.011595059186220169,-0.05819934979081154,0.07284187525510788,-0.018652325496077538
;7.741848468780518;-2.90825109610179e-16,0.10782959312200546,-1.0429861545562744,0.11027862876653671;0.07223512977361679,0.3827176094055176,0.10278505831956863,-0.17567670345306396;0.011564157903194427,-0.05818452313542366,0.07283109426498413,-0.018643679097294807
;7.772000789642334;-2.860255032936809e-16,0.10565640032291412,-1.043413519859314,0.1107923835515976;0.07260305434465408,0.382731556892395,0.10302560776472092,-0.17522810399532318;0.011533142067492008,-0.05817068740725517,0.07281608134508133,-0.018634973093867302
;7.802324295043945;-2.8128603631643787e-16,0.10354267805814743,-1.0438095331192017,0.11130740493535995;0.07297506183385849,0.3827457129955292,0.10326575487852097,-0.17474085092544556;0.011502009816467762,-0.058157652616500854,0.07279761135578156,-0.018626216799020767
;7.832796096801758;-2.7660636457131507e-16,0.1014862060546875,-1.044171929359436,0.111824169754982;0.07335083931684494,0.38275983929634094,0.1035054624080658,-0.17422203719615936;0.011470797471702099,-0.058145273476839066,0.07277631014585495,-0.018617410212755203
;7.863393306732178;-2.7198704392368414e-16,0.09948481619358063,-1.044500708580017,0.11234240978956223;0.07373014092445374,0.38277411460876465,0.10374466329813004,-0.1736736297607422;0.011439532972872257,-0.05813351646065712,0.07275233417749405,-0.018608566373586655
;7.8940958976745605;-2.6742876258781473e-16,0.09753645956516266,-1.0447993278503418,0.11286228895187378;0.07411273568868637,0.3827883303165436,0.10398338735103607,-0.17310261726379395;0.011408224701881409,-0.05812223255634308,0.0727262869477272,-0.01859968714416027
;7.9248857498168945;-2.6293215583841727e-16,0.0956391841173172,-1.0450705289840698,0.11338330060243607;0.07449842989444733,0.3828026354312897,0.10422151535749435,-0.17251436412334442;0.011376914568245411,-0.058111317455768585,0.07269863784313202,-0.018590779975056648
;7.955745697021484;-2.5849862657381065e-16,0.09379115700721741,-1.0453187227249146,0.11390595883131027;0.07488701492547989,0.3828168511390686,0.10445905476808548,-0.17190910875797272;0.01134559977799654,-0.05810077115893364,0.0726693868637085,-0.018581854179501534
;7.986660480499268;-2.541286512500277e-16,0.09199055284261703,-1.0455480813980103,0.11443023383617401;0.07527829706668854,0.3828312158584595,0.10469602048397064,-0.17129366099834442;0.011314312927424908,-0.0580904483795166,0.07263916730880737,-0.018572907894849777
;8.01761531829834;-2.498231298395749e-16,0.09023569524288177,-1.0457618236541748,0.11495543271303177;0.07567211240530014,0.3828454613685608,0.10493236035108566,-0.17066998779773712;0.011283067986369133,-0.05808030813932419,0.0726081132888794,-0.018563948571681976
;8.048598289489746;-2.4558256526826464e-16,0.08852498978376389,-1.0459637641906738,0.11548199504613876;0.07606831938028336,0.38285982608795166,0.10516808927059174,-0.17003977298736572;0.011251861229538918,-0.05807032808661461,0.07257639616727829,-0.01855497993528843
;8.079597473144531;-2.414078575086034e-16,0.0868568867444992,-1.0461556911468506,0.11600998044013977;0.07646676152944565,0.38287410140037537,0.10540322959423065,-0.16940321028232574;0.011220727115869522,-0.05806051194667816,0.07254400104284286,-0.018546005710959435
;8.110603332519531;-2.372989800908116e-16,0.08522992581129074,-1.0463401079177856,0.11653950065374374;0.07686734199523926,0.3828883767127991,0.10563775151968002,-0.16876211762428284;0.011189663782715797,-0.058050815016031265,0.07251109182834625,-0.01853702776134014
;8.14160442352295;-2.3325630359180365e-16,0.08364269137382507,-1.0465179681777954,0.11707036197185516;0.07726990431547165,0.3829026222229004,0.10587162524461746,-0.16811655461788177;0.01115868054330349,-0.05804125964641571,0.07247766852378845,-0.0185280479490757
;8.172590255737305;-2.2928038387695117e-16,0.08209387958049774,-1.0466911792755127,0.11760248243808746;0.07767429202795029,0.3829169273376465,0.10610489547252655,-0.1674683839082718;0.011127800680696964,-0.058031801134347916,0.0724438801407814,-0.018519071862101555
;8.203553199768066;-2.2537111506713576e-16,0.08058220893144608,-1.0468602180480957,0.11813598871231079;0.07808045297861099,0.382931113243103,0.10633756965398788,-0.16681930422782898;0.011097016744315624,-0.058022405952215195,0.07240988314151764,-0.01851010136306286
;8.234484672546387;-2.2152856333680643e-16,0.07910647243261337,-1.0470261573791504,0.1186710074543953;0.07848825305700302,0.38294535875320435,0.10656964778900146,-0.16616776585578918;0.011066345497965813,-0.05801312252879143,0.07237553596496582,-0.01850114017724991
;8.265376091003418;-2.1775235810904875e-16,0.07766549289226532,-1.0471888780593872,0.11920679360628128;0.07889755815267563,0.3829595446586609,0.10680112987756729,-0.1655171811580658;0.011035791598260403,-0.05800387263298035,0.07234113663434982,-0.018492186442017555
;8.296219825744629;-2.1404283025610774e-16,0.07625820487737656,-1.0473488569259644,0.11974406987428665;0.07930830866098404,0.38297370076179504,0.10703204572200775,-0.16486427187919617;0.011005362495779991,-0.05799473822116852,0.07230637222528458,-0.018483247607946396
;8.327009201049805;-2.1039955626150978e-16,0.07488353550434113,-1.0475069284439087,0.1202825978398323;0.07972043752670288,0.3829878270626068,0.10726239532232285,-0.1642124205827713;0.010975069366395473,-0.05798564478754997,0.07227156311273575,-0.01847432367503643
;8.35773754119873;-2.0682213907856085e-16,0.07354044169187546,-1.0476624965667725,0.12082234025001526;0.08013374358415604,0.3830018937587738,0.10749217122793198,-0.16356173157691956;0.010944915935397148,-0.05797659605741501,0.07223670929670334,-0.01846541464328766
;8.388397216796875;-2.0331036694902412e-16,0.07222802937030792,-1.0478153228759766,0.1213633194565773;0.0805482342839241,0.3830159604549408,0.10772142559289932,-0.1629122793674469;0.010914900340139866,-0.057967592030763626,0.07220179587602615,-0.01845652610063553
;8.418981552124023;-1.9986352518885036e-16,0.07094532996416092,-1.0479657649993896,0.12190569192171097;0.08096370100975037,0.383029967546463,0.1079501286149025,-0.1622641682624817;0.010885046795010567,-0.05795865133404732,0.07216684520244598,-0.01844765804708004
;8.449484825134277;-1.9648107116755772e-16,0.0696914792060852,-1.0481140613555908,0.12244917452335358;0.08138017356395721,0.3830438554286957,0.10817833244800568,-0.16161730885505676;0.010855340398848057,-0.05794976279139519,0.07213184237480164,-0.018438812345266342
;8.479900360107422;-1.931628593013584e-16,0.06846562772989273,-1.0482597351074219,0.12299381196498871;0.08179745078086853,0.3830578029155731,0.10840602219104767,-0.1609686017036438;0.01082580629736185,-0.057941023260354996,0.07209647446870804,-0.018429990857839584
;8.510222434997559;-1.8990800285263574e-16,0.06726696342229843,-1.0484027862548828,0.12353973835706711;0.08221554756164551,0.3830716609954834,0.10863324999809265,-0.16032297909259796;0.01079642679542303,-0.057932302355766296,0.0720612183213234,-0.018421197310090065
;8.540446281433105;-1.867159062513487e-16,0.06609474122524261,-1.0485432147979736,0.12408673018217087;0.08263428509235382,0.3830853998661041,0.10885998606681824,-0.15968048572540283;0.010767219588160515,-0.057923607528209686,0.0720260739326477,-0.018412429839372635
;8.570565223693848;-1.8358594745767666e-16,0.0649481788277626,-1.0486801862716675,0.12463509291410446;0.08305363357067108,0.38309913873672485,0.10908625274896622,-0.15903952717781067;0.010738193988800049,-0.05791497975587845,0.07199087738990784,-0.018403692170977592
;8.60057544708252;-1.8051727943867234e-16,0.06382657587528229,-1.0488144159317017,0.12518449127674103;0.08347348868846893,0.3831128180027008,0.10931211709976196,-0.15840016305446625;0.010709339752793312,-0.05790642648935318,0.07195563614368439,-0.018394986167550087
;8.630470275878906;-1.775092933894049e-16,0.06272926926612854,-1.048945426940918,0.12573491036891937;0.08389373868703842,0.3831263780593872,0.1095375120639801,-0.15776248276233673;0.010680676437914371,-0.05789795517921448,0.07192035019397736,-0.018386313691735268
;8.660245895385742;-1.7456126139093532e-16,0.06165558099746704,-1.0490729808807373,0.126286581158638;0.08431434631347656,0.3831399977207184,0.10976250469684601,-0.15712638199329376;0.010652201250195503,-0.05788956210017204,0.07188501209020615,-0.018377672880887985
;8.689895629882812;-1.716721114171897e-16,0.060604896396398544,-1.0491976737976074,0.12683959305286407;0.08473515510559082,0.38315340876579285,0.10998709499835968,-0.15649208426475525;0.010623914189636707,-0.05788125470280647,0.07184963673353195,-0.018369067460298538
;8.719415664672852;-1.6884131407257603e-16,0.05957658588886261,-1.049318790435791,0.1273932158946991;0.08515612781047821,0.3831668496131897,0.11021129786968231,-0.15585951507091522;0.010595819912850857,-0.05787302553653717,0.07181420177221298,-0.018360501155257225
;8.748802185058594;-1.6606818114282465e-16,0.058570075780153275,-1.0494362115859985,0.1279485523700714;0.08557719737291336,0.383180171251297,0.11043516546487808,-0.15522871911525726;0.010567930527031422,-0.057864896953105927,0.07177872210741043,-0.018351972103118896
;8.778048515319824;-1.633514553134045e-16,0.057584818452596664,-1.04954993724823,0.1285049468278885;0.08599821478128433,0.3831934630870819,0.11065865308046341,-0.15460138022899628;0.010540231131017208,-0.057856809347867966,0.07174335420131683,-0.01834348402917385
;8.80715274810791;-1.6069062042361332e-16,0.05662026256322861,-1.0496596097946167,0.12906229496002197;0.08641914278268814,0.38320663571357727,0.11088182032108307,-0.15397430956363678;0.010512747801840305,-0.05784885957837105,0.07170777767896652,-0.01833503320813179
;8.836109161376953;-1.5808456474270785e-16,0.05567587912082672,-1.049765706062317,0.12962065637111664;0.08683991432189941,0.38321977853775024,0.11110465228557587,-0.15335240960121155;0.01048546377569437,-0.057840920984745026,0.0716724768280983,-0.01832662895321846
;8.864913940429688;-1.5553269270064706e-16,0.054751183837652206,-1.0498677492141724,0.130180224776268;0.0872604101896286,0.3832327127456665,0.11132718622684479,-0.1527324616909027;0.010458390228450298,-0.05783308297395706,0.0716371238231659,-0.018318265676498413
;8.893563270568848;-1.5303395874113668e-16,0.05384567379951477,-1.0499658584594727,0.13074082136154175;0.08768056333065033,0.38324567675590515,0.11154941469430923,-0.15211445093154907;0.010431530885398388,-0.05782535299658775,0.0716017335653305,-0.0183099452406168
;8.922052383422852;-1.5058754230100904e-16,0.0529589019715786,-1.0500600337982178,0.13130266964435577;0.08810030668973923,0.38325855135917664,0.1117713674902916,-0.1514984667301178;0.010404884815216064,-0.0578177236020565,0.07156629115343094,-0.018301673233509064
;8.950377464294434;-1.4819271546132512e-16,0.05209039896726608,-1.05014967918396,0.1318657398223877;0.08851948380470276,0.38327133655548096,0.11199308186769485,-0.1508844643831253;0.010378462262451649,-0.05781019851565361,0.0715307965874672,-0.01829344779253006
;8.978535652160645;-1.4584840619601103e-16,0.0512397363781929,-1.050235629081726,0.13242962956428528;0.08893810212612152,0.3832840025424957,0.11221452057361603,-0.15027423202991486;0.010352249257266521,-0.05780273303389549,0.0714954286813736,-0.018285270780324936
;9.006523132324219;-1.4355362188833172e-16,0.05040649324655533,-1.0503172874450684,0.13299450278282166;0.08935604244470596,0.3832966387271881,0.1124357283115387,-0.1496676653623581;0.010326268151402473,-0.05779534950852394,0.07146016508340836,-0.018277140334248543
;9.03433609008789;-1.4130787284736456e-16,0.04959026724100113,-1.0503950119018555,0.13356062769889832;0.0897732600569725,0.38330912590026855,0.11265670508146286,-0.14906318485736847;0.010300503112375736,-0.057788074016571045,0.07142485678195953,-0.018269062042236328
;9.061972618103027;-1.3911016645637447e-16,0.04879067465662956,-1.05046808719635,0.13412770628929138;0.09018964320421219,0.38332149386405945,0.1128774955868721,-0.14846087992191315;0.01027496624737978,-0.057780902832746506,0.07138950377702713,-0.018261034041643143
;9.08942699432373;-1.369595100986264e-16,0.0480073019862175,-1.0505369901657104,0.13469600677490234;0.09060510993003845,0.3833339214324951,0.11309807747602463,-0.14786067605018616;0.01024965662509203,-0.057773858308792114,0.07135410606861115,-0.018253060057759285
;9.116697311401367;-1.3485503027139349e-16,0.04723980650305748,-1.0506014823913574,0.13526500761508942;0.09101958572864532,0.3833461105823517,0.11331846565008163,-0.14726266264915466;0.010224576108157635,-0.057766929268836975,0.07131865620613098,-0.018245136365294456
;9.143779754638672;-1.3279595935106729e-16,0.046487823128700256,-1.0506619215011597,0.135835200548172;0.09143302589654922,0.3833582401275635,0.1135387048125267,-0.14666685461997986;0.010199718177318573,-0.057760123163461685,0.07128315418958664,-0.018237268552184105
;9.170671463012695;-1.3078145030470054e-16,0.045750997960567474,-1.050718069076538,0.13640622794628143;0.09184529632329941,0.3833702802658081,0.11375878006219864,-0.14607489109039307;0.010175094939768314,-0.05775340273976326,0.07124777883291245,-0.018229452893137932
;9.197369575500488;-1.28810788448244e-16,0.04502900317311287,-1.0507698059082031,0.13697849214076996;0.0922563448548317,0.3833821713924408,0.11397873610258102,-0.14548684656620026;0.010150712914764881,-0.057746753096580505,0.0712125226855278,-0.018221696838736534
;9.223872184753418;-1.2688280911139522e-16,0.044321510940790176,-1.0508171319961548,0.1375514268875122;0.09266611188650131,0.3833939731121063,0.11419855058193207,-0.14490114152431488;0.010126554407179356,-0.057740237563848495,0.07117721438407898,-0.018213996663689613
;9.250174522399902;-1.2499715495212953e-16,0.043628208339214325,-1.0508604049682617,0.1381254643201828;0.0930745080113411,0.3834057152271271,0.11441823840141296,-0.144317626953125;0.010102644562721252,-0.057733841240406036,0.07114186137914658,-0.01820635423064232
;9.276275634765625;-1.2315254218613628e-16,0.042948778718709946,-1.0508997440338135,0.13870063424110413;0.09348146617412567,0.3834172785282135,0.1146378293633461,-0.14373643696308136;0.010078956373035908,-0.05772758275270462,0.07110645622015,-0.01819876953959465
;9.30217170715332;-1.2134860023650104e-16,0.04228293523192406,-1.0509345531463623,0.13927669823169708;0.09388692677021027,0.383428692817688,0.11485729366540909,-0.1431591659784317;0.010055518709123135,-0.05772140249609947,0.07107117772102356,-0.018191244453191757
;9.327860832214355;-1.1958424384226013e-16,0.04163039103150368,-1.0509650707244873,0.139853835105896;0.09429075568914413,0.3834400773048401,0.1150767132639885,-0.142585888504982;0.01003231480717659,-0.057715319097042084,0.07103601843118668,-0.01818377710878849
;9.353340148925781;-1.178586392053561e-16,0.04099085554480553,-1.050991415977478,0.14043189585208893;0.09469293802976608,0.3834514021873474,0.11529604345560074,-0.14201495051383972;0.01000935398042202,-0.05770936980843544,0.07100080698728561,-0.018176373094320297
;9.378608703613281;-1.1617133633953574e-16,0.04036404937505722,-1.051013708114624,0.14101086556911469;0.09509340673685074,0.3834625482559204,0.11551533639431,-0.1414462774991989;0.009986626915633678,-0.05770355463027954,0.07096555083990097,-0.01816902868449688
;9.40366268157959;-1.1452123674894556e-16,0.03974971920251846,-1.0510320663452148,0.14159062504768372;0.09549206495285034,0.38347363471984863,0.11573458462953568,-0.1408800631761551;0.009964145720005035,-0.05769786983728409,0.07093024253845215,-0.018161745741963387
;9.428499221801758;-1.1290770515887512e-16,0.039147596806287766,-1.0510462522506714,0.14217162132263184;0.09588883817195892,0.3834845721721649,0.11595377326011658,-0.14031778275966644;0.009941901080310345,-0.05769228935241699,0.07089506834745407,-0.018154524266719818
;9.453117370605469;-1.113301327643936e-16,0.03855743631720543,-1.0510562658309937,0.14275340735912323;0.09628364443778992,0.3834954798221588,0.11617293208837509,-0.1397596150636673;0.009919899515807629,-0.05768679827451706,0.07086000591516495,-0.018147367984056473
;9.47751522064209;-1.097876460627741e-16,0.03797898814082146,-1.0510625839233398,0.14333631098270416;0.09667646884918213,0.383506178855896,0.1163920983672142,-0.1392020881175995;0.00989814754575491,-0.05768149346113205,0.07082472741603851,-0.0181402750313282
;9.501689910888672;-1.0827953698741232e-16,0.03741201385855675,-1.0510644912719727,0.14391958713531494;0.09706719219684601,0.383516788482666,0.11661124229431152,-0.13864871859550476;0.009876629337668419,-0.0576762855052948,0.07078957557678223,-0.018133245408535004
;9.525639533996582;-1.0680513717637331e-16,0.0368562750518322,-1.051063060760498,0.1445038765668869;0.09745576232671738,0.38352733850479126,0.11683037877082825,-0.13809770345687866;0.009855357930064201,-0.05767122656106949,0.07075437903404236,-0.01812628284096718
;9.549363136291504;-1.0536393708639972e-16,0.0363115556538105,-1.0510574579238892,0.14508916437625885;0.09784212708473206,0.38353773951530457,0.11704951524734497,-0.13754907250404358;0.00983433984220028,-0.05766630545258522,0.07071913033723831,-0.018119383603334427
;9.572857856750488;-1.039550301275402e-16,0.035777609795331955,-1.051047921180725,0.14567527174949646;0.09822618216276169,0.3835480511188507,0.11726867407560349,-0.13700295984745026;0.009813561104238033,-0.05766152963042259,0.07068383693695068,-0.018112551420927048
;9.596122741699219;-1.0257783396464351e-16,0.03525425121188164,-1.0510354042053223,0.14626260101795197;0.09860791265964508,0.3835582435131073,0.11748789250850677,-0.13645926117897034;0.00979301705956459,-0.0576569065451622,0.07064849883317947,-0.01810578443109989
;9.619154930114746;-1.012315809741012e-16,0.034741245210170746,-1.0510185956954956,0.14685064554214478;0.09898721426725388,0.38356834650039673,0.11770713329315186,-0.13591799139976501;0.00977272354066372,-0.05765242129564285,0.07061310112476349,-0.018099086359143257
;9.641953468322754;-9.991581455221516e-17,0.03423840180039406,-1.050998330116272,0.14743950963020325;0.0993640348315239,0.3835783302783966,0.11792640388011932,-0.13538247346878052;0.009752674959599972,-0.05764800310134888,0.07057800889015198,-0.018092455342411995
;9.66451644897461;-9.862976045793201e-17,0.033745501190423965,-1.0509744882583618,0.14802944660186768;0.09973827749490738,0.38358816504478455,0.11814568936824799,-0.1348493993282318;0.00973287969827652,-0.05764373391866684,0.07054287940263748,-0.018085891380906105
;9.686842918395996;-9.737281650376583e-17,0.03326236456632614,-1.0509473085403442,0.14862008392810822;0.10010995715856552,0.38359785079956055,0.1183651015162468,-0.1343187838792801;0.009713326580822468,-0.05763961002230644,0.07050768285989761,-0.018079394474625587
;9.708930969238281;-9.614450623368379e-17,0.03278879076242447,-1.0509165525436401,0.14921164512634277;0.10047896206378937,0.38360750675201416,0.11858458817005157,-0.13379064202308655;0.009694011881947517,-0.05763564631342888,0.07047245651483536,-0.01807297021150589
;9.730778694152832;-9.494410172874684e-17,0.03232460096478462,-1.0508824586868286,0.14980384707450867;0.10084522515535355,0.3836170434951782,0.11880413442850113,-0.13326500356197357;0.009674940258264542,-0.057631827890872955,0.07043717056512833,-0.018066613003611565
;9.752386093139648;-9.377108021080784e-17,0.031869590282440186,-1.0508451461791992,0.1503971517086029;0.10120868682861328,0.38362643122673035,0.11902374774217606,-0.1327434927225113;0.00965612381696701,-0.05762811750173569,0.07040201872587204,-0.01806032657623291
;9.773751258850098;-9.262487919705026e-17,0.031423602253198624,-1.0508042573928833,0.1509913057088852;0.10156931728124619,0.38363566994667053,0.11924348026514053,-0.13222604990005493;0.009637543000280857,-0.05762451887130737,0.0703669860959053,-0.018054109066724777
;9.794873237609863;-9.150508840589027e-17,0.030986446887254715,-1.050760269165039,0.1515856683254242;0.10192705690860748,0.3836449086666107,0.11946328729391098,-0.13171112537384033;0.009619218297302723,-0.057621076703071594,0.07033190876245499,-0.018047962337732315
;9.815750122070312;-9.041072845548262e-17,0.030557960271835327,-1.050713062286377,0.1521809995174408;0.10228181630373001,0.3836539387702942,0.11968319118022919,-0.1311986893415451;0.00960111990571022,-0.057617783546447754,0.07029678672552109,-0.018041886389255524
;9.836380958557129;-8.934166699692928e-17,0.03013797104358673,-1.0506629943847656,0.15277741849422455;0.10263356566429138,0.38366279006004333,0.11990323662757874,-0.13068872690200806;0.009583279490470886,-0.05761464685201645,0.0702616274356842,-0.018035883083939552
;9.856765747070312;-8.829723566829533e-17,0.029726311564445496,-1.050609827041626,0.15337449312210083;0.10298221558332443,0.3836716115474701,0.12012343108654022,-0.1301828771829605;0.009565676562488079,-0.057611629366874695,0.07022657990455627,-0.018029948696494102
;9.87690258026123;-8.727683228209481e-17,0.029322829097509384,-1.0505536794662476,0.1539722979068756;0.10332777351140976,0.3836803734302521,0.12034373730421066,-0.12968112528324127;0.009548318572342396,-0.0576087161898613,0.07019166648387909,-0.018024086952209473
;9.896790504455566;-8.628013920097252e-17,0.028927356004714966,-1.0504945516586304,0.15457122027873993;0.1036701425909996,0.38368889689445496,0.12056417763233185,-0.12918028235435486;0.009531209245324135,-0.057606007903814316,0.0701565369963646,-0.018018297851085663
;9.916428565979004;-8.530656747233231e-17,0.02853974513709545,-1.0504326820373535,0.15517078340053558;0.10400927066802979,0.3836973309516907,0.12078475207090378,-0.1286819577217102;0.009514336474239826,-0.05760345980525017,0.07012136280536652,-0.018012579530477524
;9.935816764831543;-8.435558108313724e-17,0.02815984934568405,-1.0503677129745483,0.15577130019664764;0.10434512048959732,0.3837057054042816,0.12100549042224884,-0.12818773090839386;0.009497708640992641,-0.05760101601481438,0.07008630782365799,-0.018006935715675354
;9.95495319366455;-8.34268226913627e-17,0.02778751030564308,-1.0503004789352417,0.15637290477752686;0.10467761754989624,0.3837139308452606,0.12122637778520584,-0.12769602239131927;0.009481326676905155,-0.05759873986244202,0.07005120813846588,-0.018001364544034004
;9.973836898803711;-8.251982907586566e-17,0.02742258831858635,-1.0502305030822754,0.15697495639324188;0.10500676184892654,0.3837220072746277,0.12144740670919418,-0.12720678746700287;0.009465181268751621,-0.05759662389755249,0.07001606374979019,-0.017995864152908325
;9.992467880249023;-8.163401790149487e-17,0.027064945548772812,-1.0501576662063599,0.15757764875888824;0.10533244162797928,0.3837299942970276,0.12166862189769745,-0.12672168016433716;0.009449275210499763,-0.057594627141952515,0.06998104602098465,-0.017990440130233765
;10.010845184326172;-8.076915755767883e-17,0.02671443670988083,-1.0500829219818115,0.1581810563802719;0.10565464198589325,0.38373786211013794,0.12189000099897385,-0.12624065577983856;0.00943361222743988,-0.057592734694480896,0.06994616240262985,-0.017985086888074875
;10.028968811035156;-7.992458629992749e-17,0.026370925828814507,-1.0500050783157349,0.15878529846668243;0.10597329586744308,0.38374558091163635,0.12211152911186218,-0.12576211988925934;0.009418189525604248,-0.05759100988507271,0.06991122663021088,-0.017979808151721954
;10.04683780670166;-7.910005928277953e-17,0.0260342825204134,-1.0499252080917358,0.15939012169837952;0.10628842562437057,0.3837532103061676,0.12233325093984604,-0.12528611719608307;0.009403007104992867,-0.057589441537857056,0.06987625360488892,-0.017974603921175003
;10.064451217651367;-7.829510666764703e-17,0.02570437081158161,-1.0498425960540771,0.15999586880207062;0.10659990459680557,0.3837607800960541,0.12255515158176422,-0.12481255829334259;0.009388061240315437,-0.057588037103414536,0.06984123587608337,-0.017969472333788872
;10.081809043884277;-7.750931155550125e-17,0.025381064042448997,-1.0497580766677856,0.16060243546962738;0.10690774023532867,0.38376811146736145,0.12277726083993912,-0.12434154748916626;0.009373355656862259,-0.05758679285645485,0.06980616599321365,-0.01796441525220871
;10.09891128540039;-7.674237616132169e-17,0.025064243003726006,-1.0496712923049927,0.16120953857898712;0.1072118952870369,0.38377538323402405,0.12299955636262894,-0.12387299537658691;0.009358882904052734,-0.057585708796978,0.06977105140686035,-0.017959432676434517
;10.115756034851074;-7.59938107941857e-17,0.024753769859671593,-1.0495822429656982,0.1618175506591797;0.10751225799322128,0.3837825357913971,0.12322202324867249,-0.12341009825468063;0.009344654157757759,-0.057584699243307114,0.06973624229431152,-0.017954526469111443
;10.132344245910645;-7.526329781673807e-17,0.024449538439512253,-1.0494909286499023,0.16242632269859314;0.10780885815620422,0.3837895691394806,0.12344471365213394,-0.1229480654001236;0.009330651722848415,-0.057583898305892944,0.06970121711492538,-0.01794969104230404
;10.148674964904785;-7.455046665206437e-17,0.02415141463279724,-1.0493974685668945,0.16303585469722748;0.10810163617134094,0.38379642367362976,0.12366759777069092,-0.12249013781547546;0.009316890500485897,-0.05758321285247803,0.0696663185954094,-0.017944931983947754
;10.164748191833496;-7.385492025347058e-17,0.02385929599404335,-1.0493018627166748,0.16364575922489166;0.10839053988456726,0.38380327820777893,0.1238907128572464,-0.12203467637300491;0.009303363040089607,-0.057582687586545944,0.06963137537240982,-0.017940247431397438
;10.180563926696777;-7.317638068827088e-17,0.02357306331396103,-1.0492042303085327,0.16425618529319763;0.10867556184530258,0.3838099539279938,0.1241140142083168,-0.12158167362213135;0.009290077723562717,-0.05758232623338699,0.06959639489650726,-0.01793563738465309
;10.196121215820312;-7.251443105743655e-17,0.023292601108551025,-1.049105167388916,0.1648673415184021;0.10895659774541855,0.3838164806365967,0.12433752417564392,-0.12113109230995178;0.00927701871842146,-0.05758213251829147,0.06956135481595993,-0.017931103706359863
;10.211420059204102;-7.186885960273076e-17,0.023017803207039833,-1.0490036010742188,0.16547921299934387;0.10923372954130173,0.38382288813591003,0.12456131726503372,-0.12068462371826172;0.009264186024665833,-0.057582058012485504,0.06952645629644394,-0.017926642671227455
;10.226461410522461;-7.12392825123493e-17,0.022748559713363647,-1.048900842666626,0.16609179973602295;0.10950683057308197,0.3838292360305786,0.12478528916835785,-0.12024218589067459;0.009251595474779606,-0.05758209154009819,0.06949169188737869,-0.017922258004546165
;10.241244316101074;-7.062532920937774e-17,0.022484762594103813,-1.0487959384918213,0.16670487821102142;0.10977590084075928,0.38383546471595764,0.12500949203968048,-0.11980214715003967;0.009239223785698414,-0.057582296431064606,0.06945687532424927,-0.017917947843670845
;10.255768775939941;-7.002686072747318e-17,0.022226309403777122,-1.048689842224121,0.16731888055801392;0.11004088073968887,0.38384148478507996,0.12523390352725983,-0.11936457455158234;0.009227095171809196,-0.057582657784223557,0.06942202150821686,-0.017913712188601494
;10.270034790039062;-6.944334767104357e-17,0.021973101422190666,-1.048581600189209,0.16793356835842133;0.11030177772045135,0.38384735584259033,0.12545855343341827,-0.11892951279878616;0.009215188212692738,-0.05758319050073624,0.06938711553812027,-0.01790955290198326
;10.284042358398438;-6.887459151674191e-17,0.021725034341216087,-1.0484718084335327,0.16854895651340485;0.11055854707956314,0.38385310769081116,0.12568345665931702,-0.11849839985370636;0.009203515015542507,-0.05758383125066757,0.06935235112905502,-0.017905468121170998
;10.297791481018066;-6.832045329822529e-17,0.021482009440660477,-1.048360824584961,0.16916464269161224;0.11081115901470184,0.3838587701320648,0.12590859830379486,-0.11806981265544891;0.009192063473165035,-0.05758463591337204,0.0693175420165062,-0.017901461571455002
;10.31128215789795;-6.778049626413027e-17,0.021243933588266373,-1.0482478141784668,0.16978083550930023;0.11105956882238388,0.3838643729686737,0.126133993268013,-0.11764518171548843;0.009180842898786068,-0.05758555978536606,0.06928285956382751,-0.017897525802254677
;10.324515342712402;-6.725445571666085e-17,0.021010713651776314,-1.0481337308883667,0.17039765417575836;0.11130379885435104,0.3838697373867035,0.12635961174964905,-0.11722288280725479;0.00916984397917986,-0.057586655020713806,0.06924813240766525,-0.01789366640150547
;10.33749008178711;-6.67421265150251e-17,0.02078225091099739,-1.048017978668213,0.171015202999115;0.11154376715421677,0.3838750422000885,0.1265854835510254,-0.11680303514003754;0.00915907509624958,-0.05758789926767349,0.0692133679986,-0.017889881506562233
;10.35020637512207;-6.624319763931272e-17,0.02055845595896244,-1.047900676727295,0.17163336277008057;0.11177948862314224,0.3838801681995392,0.12681159377098083,-0.11638551205396652;0.009148528799414635,-0.057589318603277206,0.06917855888605118,-0.017886172980070114
;10.362665176391602;-6.575751688829099e-17,0.0203392393887043,-1.047782301902771,0.17225222289562225;0.1120109111070633,0.3838852643966675,0.12703797221183777,-0.11597038805484772;0.009138201363384724,-0.057590894401073456,0.06914370507001877,-0.017882538959383965
;10.374865531921387;-6.528479971182918e-17,0.020124511793255806,-1.0476622581481934,0.17287154495716095;0.11223800480365753,0.3838902413845062,0.12726455926895142,-0.11555762588977814;0.009128102101385593,-0.057592637836933136,0.06910879909992218,-0.017878977581858635
;10.386808395385742;-6.48248343516905e-17,0.019914189353585243,-1.0475411415100098,0.17349165678024292;0.11246076971292496,0.38389500975608826,0.12749144434928894,-0.11514883488416672;0.009118223562836647,-0.05759448930621147,0.06907403469085693,-0.017875492572784424
;10.398493766784668;-6.43772369960707e-17,0.019708186388015747,-1.0474191904067993,0.1741124540567398;0.11267917603254318,0.3838997185230255,0.12771858274936676,-0.11474238336086273;0.009108567610383034,-0.05759650841355324,0.0690392255783081,-0.017872082069516182
;10.40992259979248;-6.39420341147494e-17,0.019506417214870453,-1.0472956895828247,0.17473386228084564;0.11289321631193161,0.38390427827835083,0.1279459297657013,-0.11433987319469452;0.00909913145005703,-0.057598646730184555,0.06900455802679062,-0.01786874607205391
;10.42109489440918;-6.351885513081217e-17,0.019308805465698242,-1.0471711158752441,0.1753559112548828;0.11310285329818726,0.38390877842903137,0.1281736046075821,-0.11393968015909195;0.009089909493923187,-0.05760094150900841,0.06896983832120895,-0.017865484580397606
;10.432010650634766;-6.310757431280591e-17,0.0191152635961771,-1.0470457077026367,0.1759786307811737;0.11330808699131012,0.3839131295681,0.128401517868042,-0.11354178190231323;0.009080912917852402,-0.05760340020060539,0.0689350813627243,-0.01786229759454727
;10.442669868469238;-6.270784755359578e-17,0.01892571896314621,-1.0469186305999756,0.17660175263881683;0.11350888013839722,0.3839173913002014,0.1286296844482422,-0.11314621567726135;0.009072128683328629,-0.05760602280497551,0.06890027225017548,-0.017859185114502907
;10.453073501586914;-6.231956235661849e-17,0.0187400933355093,-1.0467907190322876,0.17722511291503906;0.11370522528886795,0.38392147421836853,0.12885810434818268,-0.11275456845760345;0.009063562378287315,-0.05760875716805458,0.06886560469865799,-0.01785614714026451
;10.46322250366211;-6.194262607764543e-17,0.018558308482170105,-1.0466620922088623,0.17784908413887024;0.11389709264039993,0.38392549753189087,0.12908680737018585,-0.11236519366502762;0.00905520748347044,-0.05761165916919708,0.06883089989423752,-0.017853181809186935
;10.473116874694824;-6.157664166998256e-17,0.018380289897322655,-1.0465320348739624,0.17847368121147156;0.11408450454473495,0.38392937183380127,0.12931577861309052,-0.1119796633720398;0.009047071449458599,-0.05761466920375824,0.0687963217496872,-0.01785029098391533
;10.482756614685059;-6.12216223685197e-17,0.01820596680045128,-1.0464011430740356,0.17909888923168182;0.11426743865013123,0.3839331269264221,0.12954501807689667,-0.11159639805555344;0.009039144963026047,-0.05761784315109253,0.06876170635223389,-0.017847474664449692
;10.492142677307129;-6.087723068356693e-17,0.018035264685750008,-1.0462689399719238,0.17972469329833984;0.11444586515426636,0.3839368224143982,0.12977451086044312,-0.1112154871225357;0.009031432680785656,-0.057621173560619354,0.068727046251297,-0.017844732850790024
;10.501275062561035;-6.054335411856092e-17,0.01786811091005802,-1.0461361408233643,0.18035107851028442;0.11461978405714035,0.38394027948379517,0.13000430166721344,-0.11083674430847168;0.009023933671414852,-0.05762466788291931,0.06869234889745712,-0.017842061817646027
;10.510153770446777;-6.021988017693839e-17,0.017704438418149948,-1.0460026264190674,0.18097805976867676;0.11478916555643082,0.3839437663555145,0.13023431599140167,-0.11046027392148972;0.009016649797558784,-0.057628318667411804,0.06865759193897247,-0.017839465290308
;10.518780708312988;-5.99066103353523e-17,0.017544182017445564,-1.0458683967590332,0.18160498142242432;0.11495401710271835,0.3839470446109772,0.13046462833881378,-0.11008599400520325;0.009009570814669132,-0.05763213336467743,0.06862280517816544,-0.01783694326877594
;10.527155876159668;-5.960328651345156e-17,0.01738727279007435,-1.045733094215393,0.1822325736284256;0.11511433124542236,0.38395026326179504,0.13069522380828857,-0.10971398651599884;0.00900270789861679,-0.05763610824942589,0.06858796626329422,-0.0178344938904047
;10.535279273986816;-5.930997488568516e-17,0.017233645543456078,-1.0455970764160156,0.18286073207855225;0.11527009308338165,0.383953332901001,0.13092610239982605,-0.10934416949748993;0.008996041491627693,-0.05764023959636688,0.06855309009552002,-0.017832117155194283
;10.543150901794434;-5.902637104958768e-17,0.01708323508501053,-1.04546058177948,0.18348944187164307;0.11542128771543503,0.38395631313323975,0.13115723431110382,-0.10897974669933319;0.008989588357508183,-0.05764443054795265,0.06851853430271149,-0.017829813063144684
;10.550772666931152;-5.875232280392641e-17,0.016935978084802628,-1.0453225374221802,0.18411876261234283;0.11556793004274368,0.3839591443538666,0.1313886195421219,-0.10861425846815109;0.008983347564935684,-0.057648882269859314,0.06848356872797012,-0.017827581614255905
;10.558143615722656;-5.848775735680745e-17,0.0167918112128973,-1.0451842546463013,0.18474864959716797;0.11570996791124344,0.38396185636520386,0.13162033259868622,-0.10825424641370773;0.008977302350103855,-0.05765339732170105,0.06844892352819443,-0.017825424671173096
;10.565265655517578;-5.823254897677769e-17,0.016650676727294922,-1.0450453758239746,0.1853790432214737;0.11584744602441788,0.38396450877189636,0.13185228407382965,-0.1078963428735733;0.008971468545496464,-0.05765806511044502,0.06841424107551575,-0.017823338508605957
;10.572138786315918;-5.798655208004932e-17,0.016512511298060417,-1.044905424118042,0.18601006269454956;0.11598031967878342,0.38396701216697693,0.13208453357219696,-0.10753743350505829;0.00896583404392004,-0.05766299366950989,0.06837914884090424,-0.01782132498919964
;10.578763961791992;-5.774954829094062e-17,0.01637725718319416,-1.0447653532028198,0.18664155900478363;0.11610864102840424,0.3839694559574127,0.13231703639030457,-0.10718230903148651;0.008960412815213203,-0.05766802653670311,0.06834419071674347,-0.01781938411295414
;10.5851411819458;-5.752155084434141e-17,0.016244860365986824,-1.0446242094039917,0.18727292120456696;0.11623234301805496,0.3839717507362366,0.13254985213279724,-0.10683245211839676;0.008955183438956738,-0.05767311900854111,0.06830955296754837,-0.017817514017224312
;10.59127140045166;-5.730240753901896e-17,0.016115259379148483,-1.0444828271865845,0.1879049390554428;0.11635147035121918,0.38397395610809326,0.1327829211950302,-0.10648470371961594;0.008950160816311836,-0.05767837166786194,0.06827487051486969,-0.017815716564655304
;10.597156524658203;-5.709193308651607e-17,0.015988405793905258,-1.0443404912948608,0.18853750824928284;0.11646600067615509,0.383976012468338,0.13301625847816467,-0.10613908618688583;0.008945336565375328,-0.057683784514665604,0.06824015080928802,-0.017813988029956818
;10.602795600891113;-5.689008116471843e-17,0.015864234417676926,-1.0441975593566895,0.18917067348957062;0.11657595634460449,0.3839779496192932,0.13324987888336182,-0.10579398274421692;0.008940717205405235,-0.05768939480185509,0.06820520758628845,-0.0178123340010643
;10.608189582824707;-5.669667972005863e-17,0.015742702409625053,-1.0440545082092285,0.1898043155670166;0.1166813001036644,0.38397982716560364,0.13348375260829926,-0.1054573655128479;0.008936289697885513,-0.057694967836141586,0.06817096471786499,-0.017810748890042305
;10.613341331481934;-5.651168243042237e-17,0.015623752027750015,-1.0439103841781616,0.19043849408626556;0.11678207665681839,0.3839815557003021,0.13371792435646057,-0.10512279719114304;0.008932066150009632,-0.05770069360733032,0.06813666969537735,-0.01780923642218113
;10.61824893951416;-5.633496356435654e-17,0.015507333911955357,-1.0437662601470947,0.19107262790203094;0.11687828600406647,0.38398319482803345,0.13395236432552338,-0.10478710383176804;0.008928033523261547,-0.057706672698259354,0.06810196489095688,-0.017807792872190475
;10.622915267944336;-5.616645032996724e-17,0.015393397770822048,-1.04362154006958,0.19170726835727692;0.11696991324424744,0.3839847147464752,0.13418708741664886,-0.10445667803287506;0.008924196474254131,-0.05771271139383316,0.06806759536266327,-0.01780642196536064
;10.627339363098145;-5.600599714346665e-17,0.015281889587640762,-1.0434757471084595,0.19234241545200348;0.11705697327852249,0.38398608565330505,0.13442210853099823,-0.10412508249282837;0.008920561522245407,-0.057718999683856964,0.06803280860185623,-0.01780511811375618
;10.631523132324219;-5.585354444785068e-17,0.015172768384218216,-1.0433298349380493,0.19297806918621063;0.11713948100805283,0.3839873969554901,0.1346573829650879,-0.10379873216152191;0.008917111903429031,-0.057725343853235245,0.06799834966659546,-0.017803886905312538
;10.635466575622559;-5.570909886056422e-17,0.015065979212522507,-1.0431832075119019,0.19361425936222076;0.11721742153167725,0.3839885890483856,0.13489292562007904,-0.10347434133291245;0.008913864381611347,-0.057731837034225464,0.0679638460278511,-0.01780272275209427
;10.63917064666748;-5.557244862337046e-17,0.014961480163037777,-1.0430363416671753,0.1942509561777115;0.11729078739881516,0.38398972153663635,0.13512876629829407,-0.1031520739197731;0.008910808712244034,-0.05773848295211792,0.06792929768562317,-0.01780163124203682
;10.6426362991333;-5.5443570575212245e-17,0.014859224669635296,-1.0428889989852905,0.1948881298303604;0.11735963821411133,0.38399067521095276,0.13536489009857178,-0.10283175855875015;0.008907944895327091,-0.05774528160691261,0.06789471209049225,-0.017800606787204742
;10.64586353302002;-5.532231913230177e-17,0.014759166166186333,-1.0427409410476685,0.19552581012248993;0.11742394417524338,0.3839914798736572,0.13560128211975098,-0.10251496732234955;0.008905267342925072,-0.05775218456983566,0.06786026060581207,-0.017799651250243187
;10.64885425567627;-5.5208654589969635e-17,0.01466126088052988,-1.0425928831100464,0.1961633861064911;0.11748369038105011,0.3839923143386841,0.13583791255950928,-0.1022002100944519;0.008902783505618572,-0.05775923281908035,0.06782577931880951,-0.017798764631152153
;10.65160846710205;-5.5102563713326034e-17,0.014565465040504932,-1.042443871498108,0.19680146872997284;0.1175389215350151,0.383992999792099,0.13607484102249146,-0.10188739001750946;0.00890048686414957,-0.05776643753051758,0.06779124587774277,-0.01779794692993164
;10.65412712097168;-5.500395054941991e-17,0.014471737667918205,-1.042294979095459,0.1974400132894516;0.11758964508771896,0.38399356603622437,0.13631202280521393,-0.10157659649848938;0.008898385800421238,-0.05777379125356674,0.06775668263435364,-0.0177972000092268
;10.656411170959473;-5.4912729071467564e-17,0.014380037784576416,-1.0421454906463623,0.19807904958724976;0.11763586848974228,0.3839939832687378,0.13654950261116028,-0.10126610100269318;0.008896466344594955,-0.057781338691711426,0.0677218809723854,-0.01779651828110218
;10.65846061706543;-5.482886950096694e-17,0.014290322549641132,-1.0419951677322388,0.1987185925245285;0.11767756938934326,0.38399434089660645,0.1367872804403305,-0.10095750540494919;0.008894741535186768,-0.05778903514146805,0.0676870346069336,-0.017795905470848083
;10.660277366638184;-5.475226265007718e-17,0.01420255284756422,-1.0418448448181152,0.1993580460548401;0.1177147924900055,0.3839944899082184,0.13702529668807983,-0.10065406560897827;0.008893199265003204,-0.05779678374528885,0.06765252351760864,-0.01779535971581936
;10.661861419677734;-5.468288866646358e-17,0.014116687700152397,-1.0416940450668335,0.1999979019165039;0.11774756759405136,0.3839947283267975,0.13726361095905304,-0.10035572946071625;0.008891837671399117,-0.05780458077788353,0.06761835515499115,-0.017794882878661156
;10.663214683532715;-5.4620727697791445e-17,0.014032690785825253,-1.0415432453155518,0.20063818991184235;0.11777586489915848,0.3839947283267975,0.13750222325325012,-0.10005926340818405;0.008890666998922825,-0.05781253054738045,0.06758414208889008,-0.017794471234083176
;10.664338111877441;-5.456575989172607e-17,0.013950523920357227,-1.0413914918899536,0.20127898454666138;0.11779970675706863,0.3839946389198303,0.1377410739660263,-0.09976464509963989;0.008889682590961456,-0.05782061815261841,0.06754988431930542,-0.017794130370020866
;10.66523265838623;-5.451781319470005e-17,0.013870150782167912,-1.0412392616271973,0.20191994309425354;0.1178191527724266,0.3839944899082184,0.13798022270202637,-0.09947189688682556;0.008888875134289265,-0.057828862220048904,0.06751558929681778,-0.01779385283589363
;10.665898323059082;-5.4476880989268474e-17,0.01379153411835432,-1.0410869121551514,0.20256102085113525;0.11783420294523239,0.3839942216873169,0.13821960985660553,-0.09918107837438583;0.0088882464915514,-0.057837244123220444,0.06748124957084656,-0.017793642356991768
;10.666335105895996;-5.4442900409704795e-17,0.013714639469981194,-1.0409339666366577,0.20320259034633636;0.1178448423743248,0.38399383425712585,0.13845929503440857,-0.09889205545186996;0.00888781063258648,-0.05784577131271362,0.06744687259197235,-0.017793497070670128
;10.666544914245605;-5.4415901234511064e-17,0.013639427721500397,-1.0407806634902954,0.2038445621728897;0.11785107105970383,0.38399335741996765,0.1386992335319519,-0.09860488772392273;0.00888755638152361,-0.05785444378852844,0.06741245090961456,-0.01779342070221901
;10.666528701782227;-5.439585037646278e-17,0.013565871864557266,-1.040626883506775,0.20448702573776245;0.11785292625427246,0.3839927017688751,0.13893945515155792,-0.09831956773996353;0.008887478150427341,-0.0578632615506649,0.0673779845237732,-0.017793407663702965
;10.666287422180176;-5.4382684969833385e-17,0.013493932783603668,-1.040473222732544,0.20512989163398743;0.11785043776035309,0.3839920461177826,0.13917994499206543,-0.09803612530231476;0.008887577801942825,-0.057872224599123,0.06734347343444824,-0.017793459817767143
;10.665821075439453;-5.4376302444226926e-17,0.01342357974499464,-1.0403187274932861,0.20577257871627808;0.1178436204791069,0.3839913010597229,0.13942070305347443,-0.09775754064321518;0.00888785719871521,-0.05788123235106468,0.06730930507183075,-0.017793577164411545
;10.665130615234375;-5.437685500087611e-17,0.013354779221117496,-1.0401641130447388,0.20641571283340454;0.11783245950937271,0.3839903771877289,0.13966171443462372,-0.09747763723134995;0.008888320997357368,-0.057890478521585464,0.06727471947669983,-0.017793763428926468
;10.664216995239258;-5.4384114337931877e-17,0.013287502340972424,-1.040008783340454,0.20705927908420563;0.11781700700521469,0.3839893937110901,0.1399029940366745,-0.09719953685998917;0.00888895895332098,-0.05789986625313759,0.06724008172750473,-0.017794011160731316
;10.663081169128418;-5.439818964323508e-17,0.013221712782979012,-1.0398533344268799,0.20770327746868134;0.11779724061489105,0.3839883506298065,0.14014455676078796,-0.09692315757274628;0.00888978224247694,-0.05790940299630165,0.06720541417598724,-0.017794322222471237
;10.661723136901855;-5.441906768189592e-17,0.01315738633275032,-1.039697527885437,0.20834708213806152;0.11777321994304657,0.3839871287345886,0.14038638770580292,-0.09664861857891083;0.008890772238373756,-0.05791907012462616,0.06717069447040558,-0.01779470033943653
;10.660144805908203;-5.4446662427130686e-17,0.013094490393996239,-1.0395413637161255,0.20899131894111633;0.11774490773677826,0.38398581743240356,0.14062847197055817,-0.09637583047151566;0.00889194943010807,-0.05792888253927231,0.06713593006134033,-0.0177951417863369
;10.658347129821777;-5.448103343594349e-17,0.01303299330174923,-1.0393847227096558,0.20963594317436218;0.11771239340305328,0.38398441672325134,0.1408708244562149,-0.09610792249441147;0.008893294259905815,-0.05793874338269234,0.06710151582956314,-0.01779564842581749
;10.656330108642578;-5.452208806410572e-17,0.012972871772944927,-1.0392279624938965,0.2102811634540558;0.11767568439245224,0.3839830160140991,0.14111343026161194,-0.09583858400583267;0.00889482069760561,-0.05794883519411087,0.06706666946411133,-0.017796216532588005
;10.654094696044922;-5.4569852781396984e-17,0.01291409507393837,-1.0390704870224,0.2109266072511673;0.11763472110033035,0.3839814066886902,0.14135631918907166,-0.09557411074638367;0.008896518498659134,-0.05795896798372269,0.06703216582536697,-0.017796849831938744
;10.651642799377441;-5.4624311044205025e-17,0.012856635265052319,-1.0389130115509033,0.21157248318195343;0.11758962273597717,0.3839797377586365,0.14159946143627167,-0.09531460702419281;0.008898385800421238,-0.057969141751527786,0.06699801981449127,-0.017797542735934258
;10.648975372314453;-5.468540991297064e-17,0.012800467200577259,-1.038754940032959,0.2122187316417694;0.1175404042005539,0.3839779198169708,0.14184284210205078,-0.09505674242973328;0.008900430053472519,-0.05797945335507393,0.06696382164955139,-0.017798300832509995
;10.646092414855957;-5.475322879703264e-17,0.012745563872158527,-1.0385963916778564,0.21286478638648987;0.11748700588941574,0.3839760720729828,0.14208653569221497,-0.09480056166648865;0.008902646601200104,-0.057989902794361115,0.06692958623170853,-0.017799122259020805
;10.64299488067627;-5.4827724682999165e-17,0.01269189827144146,-1.0384377241134644,0.21351124346256256;0.11742951720952988,0.38397416472435,0.14233046770095825,-0.09454606473445892;0.008905034512281418,-0.058000486344099045,0.06689530611038208,-0.01780000515282154
;10.639683723449707;-5.4908864483645717e-17,0.012639448046684265,-1.038278341293335,0.2141580581665039;0.1173679530620575,0.38397207856178284,0.14257466793060303,-0.09429320693016052;0.008907596580684185,-0.05801120772957802,0.06686098128557205,-0.0178009495139122
;10.636160850524902;-5.49966945210866e-17,0.01258818618953228,-1.0381187200546265,0.21480529010295868;0.11730233579874039,0.38396984338760376,0.1428191065788269,-0.0940420925617218;0.008910328149795532,-0.058022063225507736,0.06682662665843964,-0.017801957204937935
;10.632425308227539;-5.509115854704015e-17,0.01253808755427599,-1.0379583835601807,0.21545225381851196;0.11723266541957855,0.3839675784111023,0.14306381344795227,-0.09379255026578903;0.008913230150938034,-0.058033060282468796,0.06679221987724304,-0.017803024500608444
;10.62847900390625;-5.5192425306351345e-17,0.012489132583141327,-1.037798285484314,0.21609963476657867;0.11715900152921677,0.38396528363227844,0.14330878853797913,-0.09354464709758759;0.00891630258411169,-0.0580441914498806,0.06675777584314346,-0.017804153263568878
;10.624321937561035;-5.5300355832677264e-17,0.012441294267773628,-1.0376372337341309,0.21674731373786926;0.11708130687475204,0.3839628994464874,0.14355403184890747,-0.09330157935619354;0.008919544517993927,-0.058055344969034195,0.06672368198633194,-0.017805343493819237
;10.619956970214844;-5.5415009683022014e-17,0.012394551187753677,-1.0374759435653687,0.2173951268196106;0.11699966341257095,0.3839603066444397,0.1437995433807373,-0.09306006878614426;0.008922957815229893,-0.05806664749979973,0.06668955087661743,-0.01780659519135952
;10.615384101867676;-5.553633722654884e-17,0.012348880060017109,-1.0373139381408691,0.2180429995059967;0.11691410094499588,0.3839576840400696,0.14404532313346863,-0.09282024204730988;0.008926530368626118,-0.05807807296514511,0.06665537506341934,-0.01780790649354458
;10.610602378845215;-5.566435831559245e-17,0.012304261326789856,-1.0371519327163696,0.21869122982025146;0.11682460457086563,0.3839549422264099,0.14429134130477905,-0.09257874637842178;0.008930286392569542,-0.058089740574359894,0.06662075966596603,-0.01780928112566471
;10.60561466217041;-5.57992615473325e-17,0.012260672636330128,-1.0369892120361328,0.21933980286121368;0.1167311891913414,0.3839521110057831,0.14453759789466858,-0.09234204143285751;0.008934195153415203,-0.058101434260606766,0.06658650934696198,-0.01781071163713932
;10.600420951843262;-5.594087486820158e-17,0.012218091636896133,-1.0368260145187378,0.21998845040798187;0.11663393676280975,0.3839491903781891,0.1447841376066208,-0.09210704267024994;0.008938276208937168,-0.058113258332014084,0.06655220687389374,-0.017812205478549004
;10.59502124786377;-5.608929753987319e-17,0.012176498770713806,-1.0366624593734741,0.22063708305358887;0.1165328174829483,0.3839460611343384,0.1450309157371521,-0.09187352657318115;0.008942524902522564,-0.058125220239162445,0.06651786714792252,-0.017813758924603462
;10.589417457580566;-5.624453617979224e-17,0.012135875411331654,-1.0364984273910522,0.2212861329317093;0.11642787605524063,0.3839429020881653,0.1452779620885849,-0.09164158999919891;0.008946938440203667,-0.058137308806180954,0.06648349016904831,-0.017815371975302696
;10.583610534667969;-5.640669004963224e-17,0.012096199207007885,-1.0363341569900513,0.2219354808330536;0.11631910502910614,0.3839396834373474,0.1455252468585968,-0.09141445904970169;0.008951524272561073,-0.05814942345023155,0.06644946336746216,-0.017817044630646706
;10.577601432800293;-5.657569959238907e-17,0.012057454325258732,-1.0361688137054443,0.2225847840309143;0.11620660126209259,0.3839363157749176,0.1457727998495102,-0.09118878096342087;0.008956272155046463,-0.058161672204732895,0.06641539186239243,-0.017818773165345192
;10.571390151977539;-5.675163098251175e-17,0.012019617483019829,-1.0360033512115479,0.22323456406593323;0.11609034240245819,0.3839329481124878,0.14602060616016388,-0.0909646600484848;0.008961188606917858,-0.058174047619104385,0.0663812905550003,-0.017820563167333603
;10.56497859954834;-5.693453054211457e-17,0.011982674710452557,-1.0358372926712036,0.22388431429862976;0.11597038060426712,0.38392940163612366,0.14626865088939667,-0.09074200689792633;0.008966260589659214,-0.05818655341863632,0.0663471445441246,-0.01782241091132164
;10.558366775512695;-5.712437180141794e-17,0.011946605518460274,-1.035670518875122,0.22453439235687256;0.11584670841693878,0.38392573595046997,0.14651696383953094,-0.09052090346813202;0.008971501141786575,-0.058199189603328705,0.06631294637918472,-0.017824316397309303
;10.551555633544922;-5.732128710931987e-17,0.011911391280591488,-1.0355035066604614,0.22518455982208252;0.11571939289569855,0.3839220702648163,0.14676551520824432,-0.0903012752532959;0.00897690374404192,-0.058211952447891235,0.06627872586250305,-0.017826279625296593
;10.544546127319336;-5.752530955304485e-17,0.011877017095685005,-1.0353360176086426,0.2258346825838089;0.11558841913938522,0.38391822576522827,0.14701434969902039,-0.09008315205574036;0.008982473984360695,-0.05822484567761421,0.0662444531917572,-0.01782830059528351
;10.537338256835938;-5.773633325347448e-17,0.011843466199934483,-1.035167932510376,0.22648513317108154;0.11545383930206299,0.38391435146331787,0.14726339280605316,-0.08986644446849823;0.008988209068775177,-0.05823785811662674,0.06621013581752777,-0.01783037930727005
;10.52993392944336;-5.795460305607007e-17,0.011810719966888428,-1.0349994897842407,0.22713588178157806;0.11531568318605423,0.3839104175567627,0.14751271903514862,-0.08965125679969788;0.008994094096124172,-0.05825100094079971,0.06617578864097595,-0.017832515761256218
;10.522334098815918;-5.818004616893772e-17,0.011778764426708221,-1.0348299741744995,0.2277863323688507;0.11517393589019775,0.3839063346385956,0.14776228368282318,-0.0894438624382019;0.009000156074762344,-0.05826406925916672,0.06614219397306442,-0.017834708094596863
;10.51453971862793;-5.841277508864074e-17,0.011747581884264946,-1.0346601009368896,0.2284371554851532;0.11502872407436371,0.3839021623134613,0.14801208674907684,-0.08923789113759995;0.009006367065012455,-0.05827725678682327,0.06610856205224991,-0.017836958169937134
;10.506550788879395;-5.865284275473833e-17,0.011717157438397408,-1.034489631652832,0.2290879338979721;0.11487998813390732,0.38389793038368225,0.1482621282339096,-0.08903338760137558;0.00901275034993887,-0.058290570974349976,0.066074900329113,-0.01783926412463188
;10.498369216918945;-5.890015652300188e-17,0.011687475256621838,-1.0343190431594849,0.22973912954330444;0.11472780257463455,0.38389357924461365,0.14851245284080505,-0.08883029967546463;0.009019289165735245,-0.05830400809645653,0.06604118645191193,-0.017841625958681107
;10.489994049072266;-5.915505388312132e-17,0.011658521369099617,-1.0341475009918213,0.23039083182811737;0.11457213759422302,0.38388919830322266,0.1487630158662796,-0.08862226456403732;0.009025988169014454,-0.058317773044109344,0.06600663810968399,-0.01784404367208481
;10.481426239013672;-5.941735616408434e-17,0.011630281805992126,-1.0339752435684204,0.23104287683963776;0.1144130751490593,0.3838846981525421,0.14901383221149445,-0.08841563761234283;0.00903285387903452,-0.05833166837692261,0.06597203016281128,-0.017846517264842987
;10.47266674041748;-5.968714277522974e-17,0.011602739803493023,-1.0338022708892822,0.2316945195198059;0.11425062268972397,0.383880078792572,0.14926491677761078,-0.08821361511945724;0.009039879776537418,-0.058345578610897064,0.06593780219554901,-0.017849048599600792
;10.463715553283691;-5.996464532712903e-17,0.011575884185731411,-1.0336291790008545,0.23234646022319794;0.11408478021621704,0.38387542963027954,0.14951622486114502,-0.08801296353340149;0.009047054685652256,-0.05835961177945137,0.06590352952480316,-0.017851632088422775
;10.454574584960938;-6.024983735000261e-17,0.011549700051546097,-1.0334552526474,0.23299838602542877;0.1139155775308609,0.3838706612586975,0.14976778626441956,-0.08781687915325165;0.009054402820765972,-0.058373671025037766,0.06586961448192596,-0.017854273319244385
;10.445244789123535;-6.054277840085459e-17,0.011524172499775887,-1.0332810878753662,0.23365028202533722;0.11374308913946152,0.3838658332824707,0.15001961588859558,-0.08762221783399582;0.009061912074685097,-0.05838784575462341,0.06583566963672638,-0.017856968566775322
;10.435726165771484;-6.084360744602787e-17,0.01149929128587246,-1.033105492591858,0.23430247604846954;0.11356731504201889,0.38386091589927673,0.1502716839313507,-0.08742885291576385;0.009069573134183884,-0.05840214341878891,0.06580168008804321,-0.017859719693660736
;10.426020622253418;-6.115231786807756e-17,0.011475042439997196,-1.032929539680481,0.23495449125766754;0.1133882999420166,0.3838558495044708,0.15052399039268494,-0.08723689615726471;0.00907740369439125,-0.05841656029224396,0.06576764583587646,-0.017862524837255478
;10.416128158569336;-6.146904201590167e-17,0.011451414786279202,-1.0327532291412354,0.23560725152492523;0.11320607364177704,0.3838507831096649,0.15077657997608185,-0.08704628795385361;0.00908538419753313,-0.05843110382556915,0.06573357433080673,-0.017865382134914398
;10.406048774719238;-6.179374680227568e-17,0.011428393423557281,-1.0325757265090942,0.23625962436199188;0.1130206435918808,0.38384559750556946,0.15102937817573547,-0.08685699850320816;0.00909352209419012,-0.0584457628428936,0.06569946557283401,-0.017868295311927795
;10.395783424377441;-6.212667045521602e-17,0.01140596717596054,-1.0323976278305054,0.23691226541996002;0.11283203214406967,0.38384026288986206,0.1512824296951294,-0.08666907250881195;0.009101824834942818,-0.0584605447947979,0.06566531956195831,-0.01787126250565052
;10.385333061218262;-6.24678394445023e-17,0.011384126730263233,-1.0322189331054688,0.2375648319721222;0.11264029890298843,0.3838348984718323,0.15153571963310242,-0.08648242801427841;0.009110284969210625,-0.05847543850541115,0.06563112884759903,-0.017874283716082573
;10.374698638916016;-6.28173795015876e-17,0.011362857185304165,-1.032039761543274,0.23821735382080078;0.11244545876979828,0.3838295042514801,0.15178927779197693,-0.08629709482192993;0.009118905290961266,-0.058490458875894547,0.06559689342975616,-0.017877358943223953
;10.363880157470703;-6.317537003581075e-17,0.011342148296535015,-1.0318597555160522,0.2388698011636734;0.11224749684333801,0.3838239908218384,0.15204307436943054,-0.08611633628606796;0.009127684868872166,-0.05850549042224884,0.06556303054094315,-0.017880486324429512
;10.35287857055664;-6.354185075184115e-17,0.011321992613375187,-1.0316787958145142,0.23952242732048035;0.1120464950799942,0.3838183283805847,0.15229712426662445,-0.08593360334634781;0.009136619977653027,-0.05852074176073074,0.06552872061729431,-0.0178836677223444
;10.341694831848145;-6.39169870858013e-17,0.011302374303340912,-1.0314972400665283,0.24017535150051117;0.11184246838092804,0.38381263613700867,0.15255142748355865,-0.08575542271137238;0.00914571899920702,-0.05853601172566414,0.06549477577209473,-0.017886903136968613
;10.330330848693848;-6.430067977601769e-17,0.011283284053206444,-1.0313149690628052,0.2408282458782196;0.1116354838013649,0.38380682468414307,0.15280596911907196,-0.08558165282011032;0.009154964238405228,-0.05855129286646843,0.06546121090650558,-0.017890188843011856
;10.31878662109375;-6.469331263429456e-17,0.011264713481068611,-1.0311317443847656,0.24148103594779968;0.11142551898956299,0.3838009834289551,0.15306076407432556,-0.08540917932987213;0.009164380840957165,-0.05856668949127197,0.06542759388685226,-0.017893528565764427
;10.307063102722168;-6.509490551296661e-17,0.011246650479733944,-1.0309479236602783,0.24213378131389618;0.11121265590190887,0.38379499316215515,0.15331579744815826,-0.08523798733949661;0.009173949249088764,-0.058582205325365067,0.06539394706487656,-0.017896918579936028
;10.295159339904785;-6.550555767370733e-17,0.011229087598621845,-1.0307631492614746,0.2427867203950882;0.11099685728549957,0.3837890326976776,0.15357111394405365,-0.08506486564874649;0.009183668531477451,-0.05859793350100517,0.06535984575748444,-0.017900362610816956
;10.283077239990234;-6.592536837819025e-17,0.01121201366186142,-1.0305776596069336,0.2434396892786026;0.11077819764614105,0.3837829530239105,0.15382665395736694,-0.08489616215229034;0.009193557314574718,-0.05861367657780647,0.06532611697912216,-0.017903856933116913
;10.270816802978516;-6.635435086130515e-17,0.011195420287549496,-1.0303910970687866,0.24409310519695282;0.1105566918849945,0.3837767243385315,0.15408244729042053,-0.08472872525453568;0.009203597903251648,-0.058629538863897324,0.0652923509478569,-0.017907405272126198
;10.258378982543945;-6.679284261274196e-17,0.011179297231137753,-1.0302040576934814,0.24474680423736572;0.11033236980438232,0.3837704360485077,0.15433849394321442,-0.08456253260374069;0.009213794954121113,-0.05864550918340683,0.06525854766368866,-0.017911002039909363
;10.24576473236084;-6.724090318950478e-17,0.01116363424807787,-1.030016303062439,0.24540001153945923;0.11010528355836868,0.3837640881538391,0.1545947939157486,-0.0843975618481636;0.009224151261150837,-0.05866159498691559,0.06522470712661743,-0.017914652824401855
;10.2329740524292;-6.769849950436912e-17,0.011148425750434399,-1.0298272371292114,0.24605344235897064;0.1098753958940506,0.383757621049881,0.15485133230686188,-0.08423379808664322;0.009234670549631119,-0.0586777962744236,0.06519081443548203,-0.017918353900313377
;10.22000789642334;-6.816589625513098e-17,0.011133660562336445,-1.0296376943588257,0.24670645594596863;0.10964278876781464,0.38375112414360046,0.15510810911655426,-0.08407127857208252;0.009245339781045914,-0.05869411304593086,0.06515689939260483,-0.01792210526764393
;10.206866264343262;-6.864327211280268e-17,0.011119330301880836,-1.029447078704834,0.24735987186431885;0.10940747708082199,0.3837445080280304,0.15536515414714813,-0.08390997350215912;0.009256171062588692,-0.05871053785085678,0.06512293219566345,-0.017925908789038658
;10.193550109863281;-6.913075280883733e-17,0.011105427518486977,-1.0292555093765259,0.24801330268383026;0.10916947573423386,0.38373780250549316,0.1556224226951599,-0.08374983817338943;0.009267156943678856,-0.05872708186507225,0.06508893519639969,-0.017929762601852417
;10.180059432983398;-6.962829202112063e-17,0.011091946624219418,-1.029063105583191,0.2486666440963745;0.1089288592338562,0.38373109698295593,0.15587995946407318,-0.08359090983867645;0.00927829835563898,-0.058743733912706375,0.06505488604307175,-0.017933666706085205
;10.166396141052246;-7.013624047423229e-17,0.01107887551188469,-1.0288699865341187,0.24931980669498444;0.10868559032678604,0.3837242126464844,0.15613774955272675,-0.08343634754419327;0.009289601817727089,-0.058760397136211395,0.06502122431993484,-0.017937621101737022
;10.15256118774414;-7.065471728218053e-17,0.011066206730902195,-1.028676152229309,0.2499731481075287;0.10843975841999054,0.38371729850769043,0.1563958078622818,-0.08328300714492798;0.009301063604652882,-0.05877716839313507,0.06498751789331436,-0.01794162392616272
;10.13855266571045;-7.118387464619805e-17,0.011053935624659061,-1.0284807682037354,0.2506268322467804;0.1081913560628891,0.38371023535728455,0.15665411949157715,-0.08313082158565521;0.009312688373029232,-0.058794055134058,0.06495378166437149,-0.017945678904652596
;10.124374389648438;-7.172382506284817e-17,0.011042054742574692,-1.0282847881317139,0.2512805759906769;0.1079404354095459,0.38370317220687866,0.1569126844406128,-0.08298302441835403;0.009324459359049797,-0.05881093814969063,0.06492041051387787,-0.0179497841745615
;10.110025405883789;-7.227469426358398e-17,0.01103055477142334,-1.028088092803955,0.2519342005252838;0.10768701136112213,0.383696049451828,0.15717150270938873,-0.08283638209104538;0.009336400777101517,-0.05882793664932251,0.06488701701164246,-0.017953937873244286
;10.09550666809082;-7.283672047642191e-17,0.011019429191946983,-1.0278899669647217,0.2525876760482788;0.10743115097284317,0.3836887776851654,0.15743055939674377,-0.08269091695547104;0.009348488412797451,-0.05884504318237305,0.06485357135534286,-0.01795814000070095
;10.080818176269531;-7.341006913748446e-17,0.011008672416210175,-1.02769136428833,0.2532406747341156;0.10717283934354782,0.3836814761161804,0.1576899141073227,-0.08254656195640564;0.00936073623597622,-0.05886226147413254,0.06482009589672089,-0.017962392419576645
;10.065960884094238;-7.399477995144105e-17,0.010998276062309742,-1.0274919271469116,0.2538940906524658;0.10691213607788086,0.38367408514022827,0.1579495072364807,-0.08240332454442978;0.009373144246637821,-0.05887959152460098,0.06478659063577652,-0.01796669326722622
;10.050934791564941;-7.459112423353258e-17,0.010988232679665089,-1.02729070186615,0.2545473873615265;0.1066490113735199,0.38366663455963135,0.15820932388305664,-0.0822613313794136;0.009385714307427406,-0.058897025883197784,0.06475303322076797,-0.017971044406294823
;10.035740852355957;-7.519941962111427e-17,0.010978537611663342,-1.0270886421203613,0.25520059466362;0.1063835546374321,0.3836590349674225,0.15846943855285645,-0.08211714774370193;0.00939843337982893,-0.0589146763086319,0.06471901386976242,-0.017975443974137306
;10.020379066467285;-7.581963302696163e-17,0.010969184339046478,-1.0268856287002563,0.2558535933494568;0.10611578077077866,0.38365137577056885,0.15872980654239655,-0.08197735249996185;0.009411321021616459,-0.05893233045935631,0.0646853893995285,-0.01797989197075367
;10.004850387573242;-7.645213502798908e-17,0.0109601691365242,-1.0266820192337036,0.2565069794654846;0.10584567487239838,0.3836437463760376,0.15899041295051575,-0.08183866739273071;0.009424358606338501,-0.058950088918209076,0.064651720225811,-0.017984386533498764
;9.989154815673828;-7.709697856375582e-17,0.010951481759548187,-1.0264770984649658,0.2571603059768677;0.10557333379983902,0.38363590836524963,0.15925128757953644,-0.08170107752084732;0.009437555447220802,-0.058967962861061096,0.06461800634860992,-0.017988933250308037
;9.97329330444336;-7.775453421117627e-17,0.010943115688860416,-1.026270866394043,0.25781312584877014;0.1052987203001976,0.3836280107498169,0.1595124453306198,-0.08156460523605347;0.009450915269553661,-0.05898594111204147,0.06458427011966705,-0.01799352467060089
;9.957265853881836;-7.842482844003004e-17,0.010935068130493164,-1.0260639190673828,0.2584657073020935;0.10502190887928009,0.38362011313438416,0.1597738415002823,-0.08142921328544617;0.00946443434804678,-0.059004027396440506,0.06455048173666,-0.017998166382312775
;9.941073417663574;-7.910824506212135e-17,0.010927332565188408,-1.0258558988571167,0.25911861658096313;0.10474289208650589,0.3836120665073395,0.16003552079200745,-0.0812949389219284;0.009478118270635605,-0.059022221714258194,0.06451665610074997,-0.01800285466015339
;9.924715995788574;-7.980492304379312e-17,0.01091990526765585,-1.0256465673446655,0.25977182388305664;0.10446172207593918,0.38360390067100525,0.1602974534034729,-0.08116175979375839;0.009491956792771816,-0.05904052034020424,0.06448280066251755,-0.018007593229413033
;9.908193588256836;-8.051508737817194e-17,0.010912776924669743,-1.025436520576477,0.26042455434799194;0.10417839884757996,0.383595734834671,0.16055962443351746,-0.08102962374687195;0.00950595736503601,-0.05905893072485924,0.06444890052080154,-0.018012378364801407
;9.891508102416992;-8.123883732693134e-17,0.010905944742262363,-1.0252251625061035,0.2610774040222168;0.103892982006073,0.38358744978904724,0.16082210838794708,-0.08090183883905411;0.009520112536847591,-0.05907733738422394,0.06441538035869598,-0.01801721192896366
;9.874659538269043;-8.197653684954083e-17,0.01089940220117569,-1.0250126123428345,0.26173025369644165;0.1036054939031601,0.3835791051387787,0.16108481585979462,-0.08077184855937958;0.009534434415400028,-0.05909595638513565,0.06438140571117401,-0.018022090196609497
;9.857647895812988;-8.272853005313524e-17,0.010893145576119423,-1.0247993469238281,0.26238271594047546;0.10331595689058304,0.38357073068618774,0.16134782135486603,-0.08064614236354828;0.009548913687467575,-0.05911457538604736,0.06434781104326248,-0.018027015030384064
;9.840474128723145;-8.349483679004926e-17,0.010887169279158115,-1.024584412574768,0.26303523778915405;0.103024423122406,0.38356220722198486,0.16161112487316132,-0.08052478730678558;0.009563549421727657,-0.05913318693637848,0.06431461125612259,-0.01803199015557766
;9.823139190673828;-8.427582101975243e-17,0.010881470516324043,-1.0243682861328125,0.26368725299835205;0.1027308776974678,0.3835536539554596,0.1618746519088745,-0.08040446043014526;0.009578357450664043,-0.05915191024541855,0.06428137421607971,-0.018037011846899986
;9.805643081665039;-8.507185331915916e-17,0.01087604183703661,-1.0241515636444092,0.2643395662307739;0.10243535786867142,0.38354501128196716,0.16213849186897278,-0.08028516918420792;0.00959332287311554,-0.05917073413729668,0.06424809992313385,-0.018042080104351044
;9.787986755371094;-8.588286751382045e-17,0.010870879516005516,-1.0239330530166626,0.264991819858551;0.10213795304298401,0.38353627920150757,0.16240258514881134,-0.08016694337129593;0.009608443826436996,-0.05918966233730316,0.0642147809267044,-0.018047193065285683
;9.770170211791992;-8.670937976443854e-17,0.010865979827940464,-1.0237135887145996,0.2656434178352356;0.10183863341808319,0.38352739810943604,0.1626669466495514,-0.08004974573850632;0.009623730555176735,-0.059208691120147705,0.06418142467737198,-0.0180523544549942
;9.752193450927734;-8.755154888969103e-17,0.010861335322260857,-1.0234928131103516,0.26629531383514404;0.10153742134571075,0.3835185468196869,0.16293160617351532,-0.07993358373641968;0.009639183059334755,-0.059227827936410904,0.06414803862571716,-0.01805756241083145
;9.734057426452637;-8.840971899671274e-17,0.010856944136321545,-1.023271083831787,0.2669471502304077;0.10123437643051147,0.38350963592529297,0.16319651901721954,-0.07981842756271362;0.009654797613620758,-0.05924706906080246,0.06411461532115936,-0.018062815070152283
;9.7157621383667;-8.9284267279863e-17,0.010852803476154804,-1.023047924041748,0.26759907603263855;0.10092950612306595,0.3835006058216095,0.16346171498298645,-0.07970429956912994;0.009670569561421871,-0.05926641449332237,0.06408114731311798,-0.018068114295601845
;9.697307586669922;-9.017531285315003e-17,0.010848906822502613,-1.0228233337402344,0.2682506740093231;0.10062281042337418,0.3834914267063141,0.16372717916965485,-0.07959121465682983;0.009686507284641266,-0.059285860508680344,0.06404764950275421,-0.018073461949825287
;9.678694725036621;-9.108327261560253e-17,0.010845250450074673,-1.0225979089736938,0.26890212297439575;0.10031437128782272,0.3834822475910187,0.1639929562807083,-0.07947910577058792;0.009702611714601517,-0.05930541455745697,0.06401411443948746,-0.01807885244488716
;9.659923553466797;-9.200852376157985e-17,0.010841830633580685,-1.0223710536956787,0.2695533037185669;0.1000041663646698,0.38347306847572327,0.16425900161266327,-0.07936800271272659;0.009718873538076878,-0.05932506546378136,0.06398054212331772,-0.018084289506077766
;9.64099407196045;-9.295107290852687e-17,0.010838644579052925,-1.022143006324768,0.27020421624183655;0.09969224780797958,0.38346371054649353,0.1645253300666809,-0.07925798743963242;0.009735308587551117,-0.0593448244035244,0.0639469176530838,-0.01808977499604225
;9.621908187866211;-9.391168768005205e-17,0.010835687629878521,-1.0219136476516724,0.2708553373813629;0.09937865287065506,0.38345420360565186,0.16479195654392242,-0.07914888858795166;0.009751901030540466,-0.0593646839261055,0.0639132633805275,-0.01809530518949032
;9.60266399383545;-9.489037469360029e-17,0.0108329551294446,-1.0216830968856812,0.2715063989162445;0.09906335920095444,0.38344475626945496,0.16505886614322662,-0.07904082536697388;0.009768667630851269,-0.05938464403152466,0.0638795793056488,-0.018100878223776817
;9.583263397216797;-9.588755746564522e-17,0.010830443352460861,-1.0214511156082153,0.2721571922302246;0.09874643385410309,0.3834352195262909,0.1653260439634323,-0.0789337158203125;0.009785594418644905,-0.059404708445072174,0.06384585052728653,-0.018106499686837196
;9.563706398010254;-9.690362642543595e-17,0.010828150436282158,-1.0212178230285645,0.27280792593955994;0.0984278991818428,0.3834255337715149,0.16559351980686188,-0.0788276419043541;0.009802691638469696,-0.05942487344145775,0.06381208449602127,-0.018112163990736008
;9.54399299621582;-9.793889259288282e-17,0.01082607265561819,-1.0209832191467285,0.27345848083496094;0.09810777008533478,0.3834158480167389,0.16586129367351532,-0.0787225142121315;0.009819944389164448,-0.05944514274597168,0.06377828866243362,-0.0181178767234087
;9.524123191833496;-9.899373316234514e-17,0.010824205353856087,-1.0207473039627075,0.2741084098815918;0.097786083817482,0.38340598344802856,0.16612936556339264,-0.07862162590026855;0.00983737874776125,-0.059465400874614716,0.06374487280845642,-0.018123634159564972
;9.504096984863281;-1.0006857826774145e-16,0.010822545737028122,-1.020510196685791,0.27475860714912415;0.09746284037828445,0.3833961486816406,0.16639772057533264,-0.07851847261190414;0.009854973293840885,-0.059485871344804764,0.06371099501848221,-0.018129436299204826
;9.483916282653809;-1.0116383819065556e-16,0.010821090079843998,-1.0202717781066895,0.2754082977771759;0.09713806211948395,0.38338619470596313,0.16666638851165771,-0.078419528901577;0.009872745722532272,-0.05950633063912392,0.06367751210927963,-0.018135283142328262
;9.463581085205078;-1.022797842463284e-16,0.010819836519658566,-1.0200318098068237,0.2760576605796814;0.09681182354688644,0.3833761513233185,0.16693533957004547,-0.07832156866788864;0.009890676476061344,-0.059526897966861725,0.06364399194717407,-0.01814117468893528
;9.44309139251709;-1.034168598035683e-16,0.0108187822625041,-1.0197906494140625,0.27670717239379883;0.09648412466049194,0.38336607813835144,0.1672046184539795,-0.07822780311107635;0.00990877952426672,-0.05954745039343834,0.06361087411642075,-0.01814711093902588
;9.42244815826416;-1.0457548176140397e-16,0.010817920789122581,-1.0195481777191162,0.2773565948009491;0.09615501016378403,0.38335591554641724,0.1674741506576538,-0.07813502103090286;0.009927057661116123,-0.059568099677562714,0.06357771158218384,-0.01815309375524521
;9.401651382446289;-1.0575592805252125e-16,0.010817253962159157,-1.0193040370941162,0.2780056297779083;0.0958244800567627,0.38334569334983826,0.16774405539035797,-0.07804317772388458;0.009945492260158062,-0.05958886072039604,0.06354451924562454,-0.01815911941230297
;9.380701065063477;-1.0695893321330407e-16,0.010816776193678379,-1.0190587043762207,0.27865445613861084;0.09549258649349213,0.3833353519439697,0.16801422834396362,-0.0779523178935051;0.009964109398424625,-0.059609707444906235,0.06351128965616226,-0.018165189772844315
;9.359598159790039;-1.0818463621009534e-16,0.010816484689712524,-1.0188117027282715,0.2793029248714447;0.09515933692455292,0.38332492113113403,0.16828472912311554,-0.07786233723163605;0.009982895106077194,-0.05963066220283508,0.0634780153632164,-0.01817130483686924
;9.338342666625977;-1.0943365908271571e-16,0.010816376656293869,-1.0185635089874268,0.27995187044143677;0.09482475370168686,0.3833143711090088,0.16855552792549133,-0.0777733102440834;0.010001853108406067,-0.05965171381831169,0.06344471871852875,-0.018177464604377747
;9.316934585571289;-1.107064054953041e-16,0.010816450230777264,-1.0183136463165283,0.28060033917427063;0.09448888152837753,0.38330385088920593,0.1688266545534134,-0.07768529653549194;0.01002098061144352,-0.059672869741916656,0.06341136991977692,-0.018183669075369835
;9.295373916625977;-1.1200336513878315e-16,0.01081670168787241,-1.018062710762024,0.2812485098838806;0.09415171295404434,0.3832933008670807,0.1690981090068817,-0.07759816944599152;0.010040283203125,-0.059694115072488785,0.0633779913187027,-0.018189914524555206
;9.273660659790039;-1.1332498799940607e-16,0.010817129164934158,-1.0178099870681763,0.28189659118652344;0.09381329268217087,0.38328251242637634,0.1693698614835739,-0.07751195877790451;0.010059759952127934,-0.05971546471118927,0.06334458291530609,-0.018196208402514458
;9.251794815063477;-1.1467183655998941e-16,0.01081772893667221,-1.0175559520721436,0.28254398703575134;0.0934736356139183,0.38327181339263916,0.16964194178581238,-0.07742670178413391;0.010079416446387768,-0.05973692238330841,0.0633111298084259,-0.018202543258666992
;9.229778289794922;-1.160444137463456e-16,0.010818499140441418,-1.0173006057739258,0.28319135308265686;0.09313278645277023,0.38326090574264526,0.1699143499135971,-0.07734234631061554;0.010099241510033607,-0.059758465737104416,0.06327763944864273,-0.018208924680948257
;9.207609176635742;-1.1744330189362588e-16,0.010819438844919205,-1.0170434713363647,0.2838384211063385;0.09279071539640427,0.3832499384880066,0.1701870709657669,-0.07725893706083298;0.010119241662323475,-0.05978011339902878,0.06324411183595657,-0.018215348944067955
;9.18528938293457;-1.1886880540429567e-16,0.010820543393492699,-1.0167855024337769,0.2844855785369873;0.09244751185178757,0.38323894143104553,0.17046010494232178,-0.07717645168304443;0.01013942714780569,-0.0598018616437912,0.06321054697036743,-0.018221816048026085
;9.16281795501709;-1.203217051368532e-16,0.010821809992194176,-1.0165255069732666,0.2851323187351227;0.09210315346717834,0.3832278251647949,0.1707334965467453,-0.07709486037492752;0.010159778408706188,-0.05982371047139168,0.0631769523024559,-0.018228327855467796
;9.140195846557617;-1.2180246431244153e-16,0.01082324143499136,-1.0162639617919922,0.2857789695262909;0.09175770729780197,0.3832166790962219,0.17100724577903748,-0.07701417803764343;0.010180313140153885,-0.05984565615653992,0.0631433054804802,-0.01823488436639309
;9.117422103881836;-1.2331162556154248e-16,0.010824830271303654,-1.0160011053085327,0.2864251434803009;0.09141116589307785,0.38320544362068176,0.17128127813339233,-0.07693442702293396;0.010201030410826206,-0.05986769497394562,0.0631096363067627,-0.018241483718156815
;9.094497680664062;-1.248498638635359e-16,0.010826574638485909,-1.0157368183135986,0.2870710790157318;0.09106352925300598,0.3831941783428192,0.17155568301677704,-0.07685553282499313;0.010221918113529682,-0.059889841824769974,0.06307592242956161,-0.018248125910758972
;9.071423530578613;-1.264178541978016e-16,0.010828475467860699,-1.0154708623886108,0.28771665692329407;0.09071486443281174,0.3831828236579895,0.17183038592338562,-0.07678085565567017;0.010242994874715805,-0.05991196632385254,0.06304261088371277,-0.01825481466948986
;9.048199653625488;-1.2801604655059286e-16,0.010830528102815151,-1.0152034759521484,0.28836214542388916;0.0903652012348175,0.38317131996154785,0.17210544645786285,-0.07671037316322327;0.010264250449836254,-0.05993407964706421,0.06300971657037735,-0.018261544406414032
;9.024826049804688;-1.296451026663997e-16,0.010832730680704117,-1.0149343013763428,0.28900739550590515;0.09001453220844269,0.38315969705581665,0.17238083481788635,-0.07664080709218979;0.010285681113600731,-0.05995628982782364,0.06297678500413895,-0.018268318846821785
;9.001303672790527;-1.3130556517570394e-16,0.010835083201527596,-1.014663577079773,0.28965243697166443;0.08966291695833206,0.3831481635570526,0.1726565808057785,-0.07657212764024734;0.010307297110557556,-0.05997859686613083,0.06294381618499756,-0.01827513426542282
;8.977632522583008;-1.3299825464167326e-16,0.010837581939995289,-1.014391541481018,0.29029664397239685;0.08931036293506622,0.38313645124435425,0.1729326844215393,-0.07650431245565414;0.010329099372029305,-0.06000100076198578,0.06291081011295319,-0.01828199438750744
;8.953812599182129;-1.3472380633901808e-16,0.010840225033462048,-1.01411771774292,0.29094114899635315;0.08895686268806458,0.3831246793270111,0.17320911586284637,-0.07643739879131317;0.010351086966693401,-0.06002350151538849,0.06287777423858643,-0.018288899213075638
;8.92984390258789;-1.3648288201222844e-16,0.010843011550605297,-1.0138421058654785,0.29158490896224976;0.08860252052545547,0.3831128478050232,0.17348594963550568,-0.07637131214141846;0.010373248718678951,-0.06004609912633896,0.06284469366073608,-0.01829584501683712
;8.905726432800293;-1.3827634192914142e-16,0.010845936834812164,-1.0135654211044312,0.2922290861606598;0.08824729174375534,0.3831008970737457,0.17376311123371124,-0.07630617916584015;0.010395598597824574,-0.06006879359483719,0.06281158328056335,-0.018302835524082184
;8.881460189819336;-1.4010451696200201e-16,0.010849002748727798,-1.01328706741333,0.2928723394870758;0.08789120614528656,0.3830889165401459,0.17404063045978546,-0.07624190300703049;0.010418138466775417,-0.06009158492088318,0.06277844309806824,-0.01830986887216568
;8.85704517364502;-1.4196863795556172e-16,0.010852206498384476,-1.0130066871643066,0.29351571202278137;0.08753427118062973,0.38307687640190125,0.17431852221488953,-0.07617852091789246;0.01044086180627346,-0.06011447310447693,0.06274524331092834,-0.01831694506108761
;8.832481384277344;-1.4386916813096355e-16,0.010855545289814472,-1.012724757194519,0.29415813088417053;0.08717655390501022,0.3830646872520447,0.17459675669670105,-0.07611600309610367;0.010463777929544449,-0.06013745814561844,0.06271202862262726,-0.01832406409084797
;8.807770729064941;-1.4580704716538338e-16,0.010859020985662937,-1.0124413967132568,0.29480066895484924;0.08681805431842804,0.3830524981021881,0.1748753786087036,-0.07605433464050293;0.010486878454685211,-0.06016054376959801,0.06267876923084259,-0.018331225961446762
;8.78291130065918;-1.4778309562198886e-16,0.010862624272704124,-1.01215660572052,0.2954425513744354;0.08645880222320557,0.3830402195453644,0.17515435814857483,-0.07599355280399323;0.010510173626244068,-0.06018371880054474,0.06264547258615494,-0.018338430672883987
;8.757903099060059;-1.4979802818482923e-16,0.010866360738873482,-1.0118695497512817,0.2960847020149231;0.08609878271818161,0.3830277919769287,0.17543372511863708,-0.07593365758657455;0.010533647611737251,-0.060207001864910126,0.0626121461391449,-0.018345680087804794
;8.732748031616211;-1.5185273159152115e-16,0.010870227590203285,-1.011581301689148,0.2967260181903839;0.08573807030916214,0.38301533460617065,0.1757134199142456,-0.07587458193302155;0.010557319037616253,-0.060230374336242676,0.06257878243923187,-0.018352968618273735
;8.707444190979004;-1.5394798670056287e-16,0.010874221101403236,-1.0112910270690918,0.2973674237728119;0.08537666499614716,0.3830028474330902,0.17599354684352875,-0.07581641525030136;0.010581186972558498,-0.06025383993983269,0.06254538148641586,-0.018360303714871407
;8.681992530822754;-1.5608506406137527e-16,0.010878339409828186,-1.0109994411468506,0.2980077564716339;0.08501454442739487,0.3829902410507202,0.17627403140068054,-0.07575910538434982;0.010605252347886562,-0.060277409851551056,0.06251194328069687,-0.01836767978966236
;8.656393051147461;-1.5826437395554218e-16,0.010882583446800709,-1.0107059478759766,0.29864880442619324;0.08465180546045303,0.38297754526138306,0.17655490338802338,-0.07570262253284454;0.010629496537148952,-0.060301072895526886,0.06247847154736519,-0.018375100567936897
;8.630644798278809;-1.6048700164402726e-16,0.010886951349675655,-1.0104109048843384,0.29928886890411377;0.08428839594125748,0.3829648196697235,0.17683616280555725,-0.07564704865217209;0.010653946548700333,-0.06032484024763107,0.062444962561130524,-0.018382562324404716
;8.60474967956543;-1.627542573809208e-16,0.010891439393162727,-1.010114312171936,0.2999286949634552;0.08392437547445297,0.3829519748687744,0.17711782455444336,-0.07559560984373093;0.010678598657250404,-0.060348574072122574,0.06241186708211899,-0.018390068784356117
;8.578707695007324;-1.6506660438736585e-16,0.010896047577261925,-1.0098156929016113,0.3005681037902832;0.0835597813129425,0.38293910026550293,0.17739982903003693,-0.0755416750907898;0.01070344541221857,-0.06037253141403198,0.062378279864788055,-0.0183976162225008
;8.552517890930176;-1.6742564408502828e-16,0.010900775901973248,-1.009515404701233,0.301207035779953;0.08319462835788727,0.3829260468482971,0.1776822805404663,-0.07549195736646652;0.010728481225669384,-0.0603964626789093,0.06234510987997055,-0.018405206501483917
;8.526180267333984;-1.6983193233927974e-16,0.010905622504651546,-1.0092136859893799,0.30184561014175415;0.08282892405986786,0.3829129636287689,0.17796511948108673,-0.0754430741071701;0.010753721930086613,-0.06042049825191498,0.06231191009283066,-0.018412839621305466
;8.499696731567383;-1.722865808808635e-16,0.010910584591329098,-1.0089101791381836,0.3024838864803314;0.08246267586946487,0.3828998804092407,0.1782483607530594,-0.07539834827184677;0.010779166594147682,-0.060444507747888565,0.062279123812913895,-0.018420517444610596
;8.473065376281738;-1.7479089996386984e-16,0.010915661230683327,-1.008604645729065,0.3031219244003296;0.08209595829248428,0.3828866481781006,0.17853201925754547,-0.07535117864608765;0.010804805904626846,-0.060468729585409164,0.06224584951996803,-0.01842823438346386
;8.446287155151367;-1.773456307421276e-16,0.010920854285359383,-1.0082975625991821,0.3037591874599457;0.08172871172428131,0.3828732967376709,0.1788160800933838,-0.07530484348535538;0.01083065290004015,-0.060493048280477524,0.06221254542469978,-0.018435997888445854
;8.41936206817627;-1.7995228199307412e-16,0.010926157236099243,-1.0079885721206665,0.30439674854278564;0.08136101812124252,0.3828599750995636,0.17910052835941315,-0.07526268064975739;0.010856701992452145,-0.06051735207438469,0.062179651111364365,-0.018443800508975983
;8.392291069030762;-1.8261192574278322e-16,0.010931573808193207,-1.0076777935028076,0.3050335645675659;0.0809929221868515,0.38284653425216675,0.17938542366027832,-0.07522130757570267;0.01088295504450798,-0.06054174527525902,0.06214673072099686,-0.018451647832989693
;8.365073204040527;-1.853258060708962e-16,0.010937100276350975,-1.0073652267456055,0.30566996335983276;0.08062438666820526,0.38283300399780273,0.17967072129249573,-0.07518081367015839;0.010909410193562508,-0.06056623533368111,0.062113769352436066,-0.018459536135196686
;8.337708473205566;-1.880949023592583e-16,0.010942736640572548,-1.00705087184906,0.3063056170940399;0.08025545626878738,0.38281935453414917,0.17995643615722656,-0.07514116913080215;0.010936080478131771,-0.06059081479907036,0.062080781906843185,-0.01846746914088726
;8.310196876525879;-1.9092064397596806e-16,0.010948480106890202,-1.006734848022461,0.3069409430027008;0.07988610863685608,0.38280564546585083,0.18024258315563202,-0.07510236650705338;0.01096295565366745,-0.060615502297878265,0.062047746032476425,-0.018475443124771118
;8.282539367675781;-1.9380451322868313e-16,0.01095433160662651,-1.006417155265808,0.30757614970207214;0.0795164406299591,0.3827919661998749,0.1805291622877121,-0.07506433129310608;0.010990031063556671,-0.06064027547836304,0.062014684081077576,-0.018483459949493408
;8.254734992980957;-1.9674772772726521e-16,0.010960289277136326,-1.006097674369812,0.30821090936660767;0.07914643734693527,0.3827780783176422,0.1808161735534668,-0.0750272125005722;0.011017329059541225,-0.060665152966976166,0.06198158115148544,-0.01849151961505413
;8.226783752441406;-1.9975147861179637e-16,0.010966352187097073,-1.005776286125183,0.3088448941707611;0.07877609133720398,0.38276413083076477,0.18110360205173492,-0.07499084621667862;0.01104483101516962,-0.06069011986255646,0.06194844841957092,-0.018499620258808136
;8.198685646057129;-2.028172217201547e-16,0.010972519405186176,-1.0054529905319214,0.30947911739349365;0.0784054771065712,0.38275012373924255,0.18139150738716125,-0.07495537400245667;0.011072546243667603,-0.06071518361568451,0.06191527470946312,-0.018507765606045723
;8.170440673828125;-2.0594654523911632e-16,0.010978788137435913,-1.005128264427185,0.31011295318603516;0.07803454250097275,0.38273605704307556,0.18167978525161743,-0.0749206617474556;0.011100486852228642,-0.06074034422636032,0.06188207119703293,-0.018515951931476593
;8.142048835754395;-2.091409711810083e-16,0.010985160246491432,-1.0048011541366577,0.31074589490890503;0.0776633694767952,0.3827219009399414,0.1819685697555542,-0.07488682121038437;0.011128629557788372,-0.06076560169458389,0.061848822981119156,-0.018524182960391045
;8.113510131835938;-2.1240198185348835e-16,0.010991632007062435,-1.0044727325439453,0.31137850880622864;0.07729193568229675,0.3827076852321625,0.1822577714920044,-0.0748538076877594;0.011156991124153137,-0.060790952295064926,0.0618155412375927,-0.01853245310485363
;8.084824562072754;-2.1573119191311218e-16,0.010998204350471497,-1.004142165184021,0.3120107352733612;0.07692026346921921,0.3826932907104492,0.1825474053621292,-0.07482161372900009;0.01118557807058096,-0.06081640347838402,0.06178222969174385,-0.018540767952799797
;8.05599308013916;-2.1912995131863946e-16,0.011004878208041191,-1.0038098096847534,0.3126426935195923;0.07654839009046555,0.38267895579338074,0.18283754587173462,-0.07479361444711685;0.011214375495910645,-0.06084183230996132,0.06174934282898903,-0.018549125641584396
;8.02701473236084;-2.225998879615157e-16,0.011011647991836071,-1.003475546836853,0.3132738471031189;0.07617635279893875,0.3826645016670227,0.18312813341617584,-0.0747697651386261;0.011243398301303387,-0.06086723878979683,0.06171688437461853,-0.018557526171207428
;7.997890949249268;-2.2614276208208443e-16,0.01101851649582386,-1.0031393766403198,0.3139043152332306;0.07580412924289703,0.38264989852905273,0.18341916799545288,-0.07474678009748459;0.011272642761468887,-0.0608927346765995,0.061684392392635345,-0.018565967679023743
;7.968621253967285;-2.2976049273936675e-16,0.011025483720004559,-1.002801537513733,0.314534455537796;0.07543181627988815,0.3826352059841156,0.1837107241153717,-0.07472459971904755;0.011302103288471699,-0.060918331146240234,0.061651866883039474,-0.01857445202767849
;7.939205169677734;-2.3345458871079996e-16,0.011032543145120144,-1.0024611949920654,0.315164715051651;0.07505935430526733,0.38262057304382324,0.18400271236896515,-0.07470320165157318;0.011331796646118164,-0.06094401702284813,0.06161930784583092,-0.01858297921717167
;7.909642696380615;-2.372270616996338e-16,0.011039701290428638,-1.0021196603775024,0.3157941997051239;0.07468678802251816,0.38260579109191895,0.1842951625585556,-0.07468265295028687;0.011361710727214813,-0.060969799757003784,0.061586715281009674,-0.01859154738485813
;7.879933834075928;-2.4107957930198317e-16,0.01104695163667202,-1.0017759799957275,0.3164227604866028;0.07431413233280182,0.3825908899307251,0.18458810448646545,-0.07465952634811401;0.011391849257051945,-0.06099580228328705,0.061553627252578735,-0.018600158393383026
;7.850078105926514;-2.45014338509555e-16,0.011054296977818012,-1.001430630683899,0.3170514404773712;0.0739414170384407,0.38257595896720886,0.1848815232515335,-0.07464060932397842;0.011422214098274708,-0.06102178245782852,0.06152096390724182,-0.018608814105391502
;7.820075035095215;-2.4903300691846424e-16,0.011061734519898891,-1.0010828971862793,0.31767934560775757;0.07356862723827362,0.3825609087944031,0.18517546355724335,-0.0746191143989563;0.011452817358076572,-0.06104797124862671,0.061487797647714615,-0.01861751079559326
;7.789925575256348;-2.531379932786546e-16,0.011069266125559807,-1.000733494758606,0.31830689311027527;0.07319582998752594,0.3825458288192749,0.1854698657989502,-0.07459843903779984;0.011483647860586643,-0.061074260622262955,0.061454594135284424,-0.018626248463988304
;7.759628772735596;-2.573309387164614e-16,0.011076887138187885,-1.0003821849822998,0.3189336359500885;0.07282296568155289,0.3825305998325348,0.18576475977897644,-0.07458193600177765;0.011514711193740368,-0.06110052019357681,0.06142183020710945,-0.018635030835866928
;7.729185104370117;-2.616143843307264e-16,0.01108460035175085,-1.0000289678573608,0.3195604383945465;0.07245012372732162,0.3825153112411499,0.18606016039848328,-0.0745663195848465;0.011546005494892597,-0.06112688034772873,0.061389029026031494,-0.018643854185938835
;7.698594570159912;-2.659903947642585e-16,0.01109240297228098,-0.9996739029884338,0.3201863765716553;0.07207731157541275,0.38249993324279785,0.18635603785514832,-0.07455146312713623;0.011577541939914227,-0.061153337359428406,0.06135619059205055,-0.018652722239494324
;7.6678571701049805;-2.7046121994832393e-16,0.011100295931100845,-0.9993170499801636,0.3208118975162506;0.07170450687408447,0.382484495639801,0.18665245175361633,-0.07453741133213043;0.011609308421611786,-0.061179887503385544,0.061323318630456924,-0.018661631271243095
;7.636971950531006;-2.7502884511639274e-16,0.0111082773655653,-0.9989580512046814,0.32143694162368774;0.07133176177740097,0.38246893882751465,0.18694937229156494,-0.07452418655157089;0.011641323566436768,-0.06120653450489044,0.06129041314125061,-0.0186705831438303
;7.605939865112305;-2.7969615547444155e-16,0.011116346344351768,-0.998597264289856,0.3220612406730652;0.07095910608768463,0.38245341181755066,0.18724682927131653,-0.07451173663139343;0.01167356502264738,-0.0612332783639431,0.06125747412443161,-0.018679579719901085
;7.5747599601745605;-2.844652686048385e-16,0.0111245047301054,-0.9982345104217529,0.3226851224899292;0.07058651745319366,0.38243770599365234,0.1875447779893875,-0.07450016587972641;0.011706058867275715,-0.06126011908054352,0.061224501579999924,-0.018688619136810303
;7.54343318939209;-2.8933914912289893e-16,0.011132747866213322,-0.997869610786438,0.32330822944641113;0.07021402567625046,0.38242194056510925,0.18784326314926147,-0.07449276000261307;0.011738795787096024,-0.061286937445402145,0.06119196489453316,-0.018697697669267654
;7.511959075927734;-2.943197028527542e-16,0.011141078546643257,-0.9975026845932007,0.32393112778663635;0.069841668009758,0.382406085729599,0.18814225494861603,-0.0744861364364624;0.01177178230136633,-0.061313848942518234,0.061159390956163406,-0.018706822767853737
;7.480337619781494;-2.994097885306013e-16,0.011149495840072632,-0.9971340894699097,0.32455331087112427;0.06946946680545807,0.3823901414871216,0.18844176828861237,-0.074480339884758;0.011805006302893162,-0.061340853571891785,0.06112678721547127,-0.018715988844633102
;7.448568820953369;-3.046130589860253e-16,0.011157998815178871,-0.9967633485794067,0.32517486810684204;0.06909740716218948,0.382374107837677,0.18874181807041168,-0.07447534054517746;0.011838482692837715,-0.061367955058813095,0.06109415367245674,-0.0187251977622509
;7.416652202606201;-3.099308377080062e-16,0.0111665865406394,-0.9963904619216919,0.3257961869239807;0.06872551143169403,0.38235804438591003,0.18904244899749756,-0.07447121292352676;0.011872208677232265,-0.061395153403282166,0.06106147542595863,-0.01873444765806198
;7.38458776473999;-3.153672275123823e-16,0.011175258085131645,-0.9960156679153442,0.32641658186912537;0.0683538168668747,0.38234177231788635,0.1893436163663864,-0.07446781545877457;0.011906190775334835,-0.061422452330589294,0.061028771102428436,-0.018743744120001793
;7.3523759841918945;-3.2092416069306453e-16,0.01118401437997818,-0.9956390261650085,0.32703641057014465;0.06798233091831207,0.38232553005218506,0.18964530527591705,-0.074468694627285;0.01194041408598423,-0.061449721455574036,0.06099650263786316,-0.01875307969748974
;7.320016860961914;-3.2660534301919713e-16,0.01119285263121128,-0.9952603578567505,0.3276560306549072;0.06761108338832855,0.3823091685771942,0.18994756042957306,-0.07447037100791931;0.011974899098277092,-0.06147708743810654,0.060964204370975494,-0.018762461841106415
;7.287509918212891;-3.324137126363159e-16,0.011201774701476097,-0.9948800206184387,0.3282749056816101;0.06724005937576294,0.382292777299881,0.19025038182735443,-0.07447284460067749;0.012009642086923122,-0.0615045540034771,0.060931865125894547,-0.018771881237626076
;7.254855155944824;-3.383523400388546e-16,0.011210780590772629,-0.9944970607757568,0.32889324426651;0.06686929613351822,0.3822762668132782,0.19055378437042236,-0.07447611540555954;0.012044637463986874,-0.06153210997581482,0.06089950352907181,-0.018781349062919617
;7.222052097320557;-3.444248780563983e-16,0.011219865642488003,-0.9941123127937317,0.32951071858406067;0.06649880856275558,0.38225963711738586,0.19085770845413208,-0.07448016852140427;0.012079894542694092,-0.0615597628057003,0.060867100954055786,-0.01879085600376129
;7.189100742340088;-3.5063410601580513e-16,0.011229034513235092,-0.9937258958816528,0.33012765645980835;0.06612861156463623,0.38224294781684875,0.19116222858428955,-0.07448505610227585;0.012115411460399628,-0.06158751994371414,0.06083466485142708,-0.018800411373376846
;7.156001567840576;-3.5698436496092983e-16,0.011238284409046173,-0.993337094783783,0.33074384927749634;0.06575872004032135,0.38222622871398926,0.19146728515625,-0.0744907334446907;0.0121512021869421,-0.061615366488695145,0.06080220639705658,-0.018810003995895386
;7.122753620147705;-3.6347864597686735e-16,0.01124761626124382,-0.9929465055465698,0.33135977387428284;0.06538915634155273,0.38220930099487305,0.1917729526758194,-0.07449720799922943;0.012187251821160316,-0.06164330616593361,0.0607697032392025,-0.018819641321897507
;7.089356899261475;-3.7012060189320275e-16,0.011257028207182884,-0.9925534725189209,0.33197513222694397;0.06501989811658859,0.38219234347343445,0.19207917153835297,-0.0745045468211174;0.012223567813634872,-0.06167135015130043,0.06073717027902603,-0.01882932148873806
;7.055810451507568;-3.7691441493511307e-16,0.011266518384218216,-0.9921585917472839,0.332590252161026;0.0646510049700737,0.38217535614967346,0.19238604605197906,-0.07451264560222626;0.012260157614946365,-0.06169948726892471,0.06070460006594658,-0.018839046359062195
;7.022115230560303;-3.83864029099759e-16,0.011276088654994965,-0.9917618632316589,0.3332047760486603;0.06428249180316925,0.38215821981430054,0.19269345700740814,-0.07452154904603958;0.012297016568481922,-0.06172772869467735,0.06067200005054474,-0.018848814070224762
;6.988270282745361;-3.909728060491499e-16,0.011285738088190556,-0.991362988948822,0.3338180184364319;0.06391433626413345,0.38214099407196045,0.19300146400928497,-0.07453124970197678;0.012334144674241543,-0.06175605580210686,0.06063936650753021,-0.01885862462222576
;6.954276084899902;-3.9824556328317334e-16,0.011295465752482414,-0.9909621477127075,0.3344307243824005;0.06354659050703049,0.382123738527298,0.19331006705760956,-0.07454178482294083;0.01237155869603157,-0.06178448721766472,0.060606699436903,-0.018868476152420044
;6.920131683349609;-4.0568645655722675e-16,0.01130527351051569,-0.9905592799186707,0.3350427448749542;0.06317921727895737,0.38210630416870117,0.1936192810535431,-0.07455311715602875;0.012409243732690811,-0.06181301549077034,0.0605739951133728,-0.018878376111388206
;6.885837078094482;-4.132998533849444e-16,0.011315158568322659,-0.9901543259620667,0.33565452694892883;0.06281228363513947,0.38208892941474915,0.19392910599708557,-0.07456523180007935;0.01244721096009016,-0.06184164062142372,0.06054125726222992,-0.018888317048549652
;6.85139274597168;-4.2109017421951983e-16,0.01132512278854847,-0.9897475242614746,0.33626559376716614;0.06244579702615738,0.38207128643989563,0.1942395716905594,-0.07457815855741501;0.01248545479029417,-0.06187036260962486,0.06050849333405495,-0.01889829896390438
;6.816797733306885;-4.2906197186304447e-16,0.011335164308547974,-0.9893383383750916,0.3368758261203766;0.06207975372672081,0.3820537030696869,0.19455064833164215,-0.07459190487861633;0.012523976154625416,-0.061899181455373764,0.06047568470239639,-0.01890832930803299
;6.782052040100098;-4.372203814527611e-16,0.011345281265676022,-0.9889271855354309,0.3374854326248169;0.06171417608857155,0.38203588128089905,0.19486232101917267,-0.07460644841194153;0.01256280206143856,-0.061928100883960724,0.06044284999370575,-0.01891840063035488
;6.747155666351318;-4.45570299897896e-16,0.011355476453900337,-0.9885141849517822,0.33809471130371094;0.061349060386419296,0.38201817870140076,0.19517464935779572,-0.07462523877620697;0.012601908296346664,-0.061956994235515594,0.06041046604514122,-0.018928512930870056
;6.712109088897705;-4.541164388192182e-16,0.011365748941898346,-0.9880990386009216,0.3387027680873871;0.060984477400779724,0.382000207901001,0.1954876333475113,-0.07464485615491867;0.01264129113405943,-0.061985988169908524,0.06037804111838341,-0.01893867366015911
;6.676911354064941;-4.62863906884191e-16,0.01137609500437975,-0.9876818656921387,0.33931049704551697;0.06062035635113716,0.3819822072982788,0.195801243185997,-0.07466530799865723;0.012680979445576668,-0.062015075236558914,0.06034558638930321,-0.01894887536764145
;6.6415629386901855;-4.718183156860898e-16,0.011386520229279995,-0.987262487411499,0.3399175703525543;0.06025679409503937,0.38196417689323425,0.19611549377441406,-0.07469000667333603;0.012720960192382336,-0.062044139951467514,0.06031358242034912,-0.018959123641252518
;6.606063365936279;-4.809853297577495e-16,0.011397021822631359,-0.9868412017822266,0.34052395820617676;0.059893783181905746,0.38194599747657776,0.19643040001392365,-0.07471200078725815;0.012761225923895836,-0.06207342445850372,0.06028106436133385,-0.01896941103041172
;6.5704121589660645;-4.903701901155311e-16,0.011407597921788692,-0.9864178895950317,0.34113001823425293;0.059531308710575104,0.3819276988506317,0.19674596190452576,-0.07473490387201309;0.012801801785826683,-0.06210280582308769,0.06024851277470589,-0.018979746848344803
;6.534609317779541;-4.999788789296247e-16,0.011418248526751995,-0.9859923124313354,0.341735303401947;0.05916940048336983,0.3819093704223633,0.1970621645450592,-0.07475505769252777;0.01284268032759428,-0.06213241070508957,0.060215435922145844,-0.018990125507116318
;6.498653888702393;-5.098180665844899e-16,0.01142897643148899,-0.9855647087097168,0.34233978390693665;0.058808062225580215,0.3818908631801605,0.19737903773784637,-0.07477954030036926;0.012883856892585754,-0.062161993235349655,0.06018281728029251,-0.019000548869371414
;6.462545871734619;-5.198926764591325e-16,0.011439776979386806,-0.9851351380348206,0.3429436683654785;0.05844732001423836,0.38187238574028015,0.19769659638404846,-0.07480479031801224;0.012925339862704277,-0.0621916726231575,0.06015016511082649,-0.019011013209819794
;6.426286220550537;-5.30210596547874e-16,0.01145065389573574,-0.9847037196159363,0.3435467779636383;0.05808718129992485,0.38185369968414307,0.19801484048366547,-0.07483436167240143;0.0129671236500144,-0.06222132593393326,0.06011795997619629,-0.019021524116396904
;6.38987398147583;-5.40777491383549e-16,0.01146160438656807,-0.984269917011261,0.3441489338874817;0.057727668434381485,0.3818349540233612,0.1983337104320526,-0.07486475259065628;0.013009224086999893,-0.06225107982754707,0.060085728764534,-0.019032079726457596
;6.353309154510498;-5.515998195923803e-16,0.011472633108496666,-0.9838341474533081,0.34475088119506836;0.05736878886818886,0.38181614875793457,0.19865334033966064,-0.07489590346813202;0.013051637448370457,-0.06228093430399895,0.06005346402525902,-0.01904267817735672
;6.316591739654541;-5.62685098591775e-16,0.011483734473586082,-0.9833964109420776,0.34535151720046997;0.05701054260134697,0.38179731369018555,0.1989736407995224,-0.07492794841527939;0.013094361871480942,-0.06231088563799858,0.06002116575837135,-0.019053321331739426
;6.279721260070801;-5.740405281617845e-16,0.011494909413158894,-0.9829567670822144,0.34595149755477905;0.05665298178792,0.3817782700061798,0.19929461181163788,-0.07496073842048645;0.013137401081621647,-0.062340933829545975,0.059988833963871,-0.019064009189605713
;6.242697715759277;-5.856728845659871e-16,0.011506158858537674,-0.9825147390365601,0.34655049443244934;0.05629606544971466,0.3817591667175293,0.19961631298065186,-0.07499435544013977;0.013180764392018318,-0.06237108260393143,0.059956468641757965,-0.01907474175095558
;6.2055206298828125;-5.975905322547367e-16,0.011517482809722424,-0.9820707440376282,0.3471492826938629;0.055939868092536926,0.381740003824234,0.19993871450424194,-0.07502879202365875;0.013224448077380657,-0.06240132823586464,0.05992406979203224,-0.019085517153143883
;6.168189525604248;-6.098009886454402e-16,0.011528880335390568,-0.9816247224807739,0.34774690866470337;0.055584345012903214,0.38172072172164917,0.20026181638240814,-0.0750640481710434;0.013268450275063515,-0.06243167445063591,0.05989164113998413,-0.019096337258815765
;6.130704402923584;-6.223123534906559e-16,0.011540352366864681,-0.9811767339706421,0.34834393858909607;0.055229552090168,0.38170135021209717,0.20058563351631165,-0.07510010898113251;0.01331278495490551,-0.06246212124824524,0.05985918268561363,-0.01910720393061638
;6.09306526184082;-6.351324089055865e-16,0.011551895178854465,-0.9807267189025879,0.3489404320716858;0.05487547069787979,0.3816818296909332,0.20091016590595245,-0.07513698190450668;0.013357450254261494,-0.06249266862869263,0.05982668697834015,-0.019118113443255424
;6.055271148681641;-6.482708957691256e-16,0.011563514359295368,-0.9802742004394531,0.3495360016822815;0.05452211946249008,0.3816622793674469,0.20123542845249176,-0.07517460733652115;0.013402440585196018,-0.06252332031726837,0.05979416146874428,-0.019129067659378052
;6.017322063446045;-6.617367608667784e-16,0.011575207114219666,-0.9798200130462646,0.3501307964324951;0.054169513285160065,0.3816426694393158,0.20156145095825195,-0.07521319389343262;0.013447770848870277,-0.06255406886339188,0.059761594980955124,-0.01914006844162941
;5.979218006134033;-6.75537521615952e-16,0.011586971580982208,-0.9793639779090881,0.35072454810142517;0.05381767451763153,0.38162291049957275,0.20188818871974945,-0.07525250315666199;0.01349344290792942,-0.06258492171764374,0.05972900241613388,-0.01915111392736435
;5.940958499908447;-6.896841894449605e-16,0.011598809622228146,-0.9789055585861206,0.3513181805610657;0.053466591984033585,0.38160306215286255,0.20221570134162903,-0.07529263198375702;0.013539447449147701,-0.06261586397886276,0.05969637632369995,-0.01916220225393772
;5.902543067932129;-7.041852346832765e-16,0.011610720306634903,-0.9784451127052307,0.35191085934638977;0.053116295486688614,0.38158315420150757,0.20254391431808472,-0.07533357292413712;0.013585798442363739,-0.06264691799879074,0.05966371297836304,-0.019173337146639824
;5.863971710205078;-7.190512981822999e-16,0.011622706428170204,-0.9779826402664185,0.352502703666687;0.05276679992675781,0.38156312704086304,0.20287293195724487,-0.07537535578012466;0.013632492162287235,-0.06267806887626648,0.059631019830703735,-0.019184518605470657
;5.825243949890137;-7.342930207934306e-16,0.011634765192866325,-0.9775181412696838,0.3530940115451813;0.05241809040307999,0.38154295086860657,0.20320270955562592,-0.07541794329881668;0.013679537922143936,-0.06270932406187057,0.05959828943014145,-0.019195744767785072
;5.7863593101501465;-7.49920143395562e-16,0.011646895669400692,-0.9770517349243164,0.35368412733078003;0.05207020416855812,0.38152268528938293,0.20353321731090546,-0.07546134293079376;0.013726934790611267,-0.06274067610502243,0.059565529227256775,-0.01920701563358307
;5.747317790985107;-7.659437832961268e-16,0.011659099720418453,-0.9765831828117371,0.3542731702327728;0.05172314867377281,0.3815023899078369,0.20386449992656708,-0.0755055695772171;0.013774682767689228,-0.06277212500572205,0.059532735496759415,-0.019218329340219498
;5.708118915557861;-7.823770695058075e-16,0.011671378277242184,-0.976112425327301,0.3548620939254761;0.05137692391872406,0.38148200511932373,0.20419661700725555,-0.0755506232380867;0.01382277812808752,-0.06280369311571121,0.05949991196393967,-0.019229693338274956
;5.66876220703125;-7.99229107628787e-16,0.01168372854590416,-0.975639820098877,0.35544997453689575;0.05103157088160515,0.38146141171455383,0.20452946424484253,-0.07559648156166077;0.013871243223547935,-0.06283535063266754,0.059467047452926636,-0.019241100177168846
;5.629248142242432;-8.165131325548662e-16,0.01169615052640438,-0.9751649498939514,0.35603728890419006;0.0506870411336422,0.38144078850746155,0.20486310124397278,-0.07564674317836761;0.013920074328780174,-0.06286698579788208,0.05943465232849121,-0.019252555444836617
;5.5895771980285645;-8.342409498057475e-16,0.011708647944033146,-0.9746885299682617,0.35662344098091125;0.05034339427947998,0.3814201056957245,0.2051975280046463,-0.07570132613182068;0.013969271443784237,-0.06289859116077423,0.059402722865343094,-0.01926405355334282
;5.549747943878174;-8.524266942437381e-16,0.011721216142177582,-0.9742096662521362,0.3572090268135071;0.050000667572021484,0.3813992738723755,0.20553278923034668,-0.07574969530105591;0.014018830843269825,-0.06293056160211563,0.059369757771492004,-0.019275598227977753
;5.509760856628418;-8.710813772971524e-16,0.011733858846127987,-0.9737290143966675,0.357793927192688;0.04965880140662193,0.38137832283973694,0.20586882531642914,-0.07580594718456268;0.014068758115172386,-0.0629623755812645,0.059337761253118515,-0.019287187606096268
;5.469615459442139;-8.90221039652429e-16,0.011746575124561787,-0.9732460975646973,0.3583778142929077;0.0493178591132164,0.3813572824001312,0.20620574057102203,-0.0758630782365799;0.014119064435362816,-0.06299429386854172,0.059305742383003235,-0.019298825412988663
;5.429311752319336;-9.098567456774414e-16,0.011759364046156406,-0.9727612733840942,0.3589608669281006;0.0489778146147728,0.38133618235588074,0.206543430685997,-0.07592099159955978;0.014169751666486263,-0.0630263090133667,0.05927367880940437,-0.01931050792336464
;5.38884973526001;-9.300051183937794e-16,0.011772227473556995,-0.9722743630409241,0.3595428168773651;0.048638712614774704,0.3813149333000183,0.20688194036483765,-0.07597975432872772;0.014220811426639557,-0.06305842846632004,0.05924158915877342,-0.019322236999869347
;5.348228454589844;-9.506800279659544e-16,0.011785164475440979,-0.9717857837677002,0.36012446880340576;0.04830058291554451,0.3812936246395111,0.20722131431102753,-0.07603934407234192;0.014272247441112995,-0.06309065222740173,0.059209469705820084,-0.019334008917212486
;5.307448387145996;-9.718982032946746e-16,0.011798172257840633,-0.9712948203086853,0.36070477962493896;0.04796336218714714,0.38127219676971436,0.20756147801876068,-0.07609973847866058;0.014324073679745197,-0.06312297284603119,0.05917731672525406,-0.019345831125974655
;5.26650857925415;-9.936738321818066e-16,0.011811253614723682,-0.9708019495010376,0.36128467321395874;0.04762713238596916,0.38125061988830566,0.20790252089500427,-0.07616106420755386;0.014376303181052208,-0.0631554052233696,0.05914512649178505,-0.019357696175575256
;5.225409030914307;-1.016023749407177e-15,0.0118244094774127,-0.9703070521354675,0.3618638217449188;0.04729186370968819,0.3812290132045746,0.2082444131374359,-0.07622311264276505;0.014428908005356789,-0.06318793445825577,0.05911291018128395,-0.019369611516594887
;5.184149265289307;-1.0389653191462045e-15,0.011837638914585114,-0.9698101282119751,0.36244165897369385;0.046957578510046005,0.38120731711387634,0.2085871398448944,-0.07628607004880905;0.014481917954981327,-0.0632205680012703,0.059080660343170166,-0.01938156969845295
;5.142728328704834;-1.0625150585413605e-15,0.011850942857563496,-0.9693111777305603,0.3630189895629883;0.046624284237623215,0.3811854422092438,0.20893077552318573,-0.07634978741407394;0.014535314403474331,-0.06325330585241318,0.059048376977443695,-0.019393574446439743
;5.101146697998047;-1.086692449350432e-15,0.011864319443702698,-0.9688104391098022,0.36359524726867676;0.04629196599125862,0.3811635375022888,0.2092752456665039,-0.07641438394784927;0.014589129947125912,-0.06328614801168442,0.059016063809394836,-0.019405629485845566
;5.059403896331787;-1.1115158086609034e-15,0.011877769604325294,-0.9683077335357666,0.36417070031166077;0.04596066102385521,0.38114145398139954,0.20962059497833252,-0.07647983729839325;0.01464333850890398,-0.06331910192966461,0.05898372083902359,-0.01941772736608982
;5.0174994468688965;-1.137002924164667e-15,0.01189129427075386,-0.9678029417991638,0.36474525928497314;0.04563039541244507,0.3811193108558655,0.20996680855751038,-0.07654614001512527;0.014697970822453499,-0.06335214525461197,0.05895134061574936,-0.019429873675107956
;4.975433349609375;-1.163174759927167e-15,0.011904893442988396,-0.9672961235046387,0.3653191328048706;0.045301150530576706,0.3810970187187195,0.21031391620635986,-0.07661326229572296;0.014752999879419804,-0.06338530033826828,0.058918923139572144,-0.019442066550254822
;4.9332051277160645;-1.190052915288559e-15,0.0119185671210289,-0.9667874574661255,0.3658919036388397;0.04497293755412102,0.3810746669769287,0.21066194772720337,-0.0766812339425087;0.014808443374931812,-0.06341855973005295,0.05888647958636284,-0.01945430412888527
;4.890813827514648;-1.2176565543692741e-15,0.011932316236197948,-0.9662768840789795,0.36646345257759094;0.044645756483078,0.3810521960258484,0.21101084351539612,-0.0767500028014183;0.014864319935441017,-0.06345192342996597,0.058854006230831146,-0.019466591998934746
;4.848259925842285;-1.24600844117977e-15,0.011946137063205242,-0.9657642245292664,0.3670344054698944;0.04431963339447975,0.3810296356678009,0.21136066317558289,-0.07681965827941895;0.01492062397301197,-0.06348539143800735,0.05882149562239647,-0.019478928297758102
;4.805543422698975;-1.2751323985216883e-15,0.011960034258663654,-0.9652498960494995,0.36760470271110535;0.043994586914777756,0.3810068964958191,0.21171139180660248,-0.07689738273620605;0.01497733499854803,-0.0635187104344368,0.058789972215890884,-0.01949130930006504
;4.7626633644104;-1.3050489669439998e-15,0.011974005959928036,-0.9647334218025208,0.36817407608032227;0.043670617043972015,0.3809841573238373,0.2120630294084549,-0.0769687071442604;0.015034491196274757,-0.0635523870587349,0.05875740200281143,-0.01950373686850071
;4.719620704650879;-1.3357837691933589e-15,0.011988050304353237,-0.9642150402069092,0.36874204874038696;0.04334770515561104,0.38096123933792114,0.21241559088230133,-0.07704814523458481;0.015092074871063232,-0.06358591467142105,0.058725811541080475,-0.01951621286571026
;4.6764140129089355;-1.3673614751043544e-15,0.012002171017229557,-0.9636948108673096,0.3693093955516815;0.0430259145796299,0.38093820214271545,0.21276909112930298,-0.07712117582559586;0.015150087885558605,-0.06361980736255646,0.05869317799806595,-0.019528735429048538
;4.6330437660217285;-1.3998083426983512e-15,0.01201636902987957,-0.9631727337837219,0.369875967502594;0.04270520806312561,0.3809151351451874,0.21312350034713745,-0.07720226794481277;0.01520855724811554,-0.06365353614091873,0.058661527931690216,-0.019541308283805847
;4.5895094871521;-1.4331488300517014e-15,0.012030640617012978,-0.9626486301422119,0.370441734790802;0.04238562658429146,0.380891889333725,0.21347889304161072,-0.07728425413370132;0.015267460606992245,-0.06368736922740936,0.058629851788282394,-0.019553925842046738
;4.545811176300049;-1.4674124774384403e-15,0.012044988572597504,-0.9621228575706482,0.37100619077682495;0.04206714779138565,0.380868524312973,0.2138351947069168,-0.07736709713935852;0.015326811000704765,-0.06372132152318954,0.05859813466668129,-0.019566591829061508
;4.501948356628418;-1.5026250134843409e-15,0.012059411033987999,-0.961594820022583,0.37156978249549866;0.04174981266260147,0.3808450698852539,0.2141924649477005,-0.07745083421468735;0.015386625193059444,-0.06375537812709808,0.05856639891862869,-0.01957930624485016
;4.457920551300049;-1.5388174607710962e-15,0.012073911726474762,-0.9610651135444641,0.37213239073753357;0.04143360257148743,0.3808215260505676,0.2145506888628006,-0.07753533869981766;0.015446887351572514,-0.06378952413797379,0.05853462591767311,-0.01959206722676754
;4.413727760314941;-1.576020947759518e-15,0.01208848599344492,-0.9605333209037781,0.3726942241191864;0.041118547320365906,0.3807978928089142,0.21490991115570068,-0.0776207372546196;0.015507600270211697,-0.06382378935813904,0.05850282683968544,-0.019604874774813652
;4.369369029998779;-1.6142656499983522e-15,0.012103138491511345,-0.9599999189376831,0.3732547461986542;0.04080463945865631,0.3807741701602936,0.21527010202407837,-0.07770703732967377;0.015568775124847889,-0.06385815888643265,0.058470990508794785,-0.019617732614278793
;4.324844837188721;-1.6535843900143047e-15,0.012117867358028889,-0.9594643712043762,0.3738146722316742;0.04049188643693924,0.38075020909309387,0.21563130617141724,-0.07779419422149658;0.01563042774796486,-0.06389263272285461,0.05843912437558174,-0.019630638882517815
;4.280154228210449;-1.6940091433011346e-15,0.012132672592997551,-0.9589270353317261,0.37437400221824646;0.04018029570579529,0.380726158618927,0.21599343419075012,-0.07788215577602386;0.015692558139562607,-0.06392721086740494,0.05840722844004631,-0.019643591716885567
;4.235297203063965;-1.7355767557920474e-15,0.012147552333772182,-0.958388090133667,0.37493202090263367;0.03986987844109535,0.38070207834243774,0.21635663509368896,-0.07797103375196457;0.015755152329802513,-0.06396190822124481,0.05837529897689819,-0.0196565929800272
;4.190273284912109;-1.7783187794643282e-15,0.012162513099610806,-0.9578472375869751,0.37548884749412537;0.03956065699458122,0.38067784905433655,0.2167207896709442,-0.07806075364351273;0.01581822708249092,-0.06399670243263245,0.05834334343671799,-0.01966964267194271
;4.145081520080566;-1.8222749189873797e-15,0.012177549302577972,-0.9573045969009399,0.3760449290275574;0.039252594113349915,0.380653440952301,0.21708594262599945,-0.07815134525299072;0.015881802886724472,-0.06403160840272903,0.058311350643634796,-0.019682742655277252
;4.099721908569336;-1.8674861495800252e-15,0.012192664667963982,-0.9567602276802063,0.376600056886673;0.0389457531273365,0.3806290328502655,0.21745212376117706,-0.07824280858039856;0.015945853665471077,-0.06406661123037338,0.058279331773519516,-0.019695889204740524
;4.054194450378418;-1.9139867760766286e-15,0.012207857333123684,-0.9562140703201294,0.377154141664505;0.038640089333057404,0.38060444593429565,0.21781933307647705,-0.07833512872457504;0.01601039618253708,-0.06410173326730728,0.05824727937579155,-0.019709086045622826
;4.0084991455078125;-1.961823385289289e-15,0.01222312729805708,-0.955666184425354,0.3777073323726654;0.0383356474339962,0.38057979941368103,0.21818755567073822,-0.07842833548784256;0.016075443476438522,-0.06413696706295013,0.058215197175741196,-0.019722329452633858
;3.962634801864624;-2.0110326113929747e-15,0.012238477356731892,-0.9551163911819458,0.37825921177864075;0.038032423704862595,0.3805549740791321,0.21855682134628296,-0.07852240651845932;0.016140982508659363,-0.06417229771614075,0.05818307772278786,-0.01973562501370907
;3.9166014194488525;-2.061661041199785e-15,0.012253903783857822,-0.9545648097991943,0.378810316324234;0.03773040696978569,0.3805299997329712,0.21892711520195007,-0.07861733436584473;0.016207030043005943,-0.06420774012804031,0.05815093219280243,-0.01974896527826786
;3.870398759841919;-2.113751026357083e-15,0.01226941030472517,-0.9540114998817444,0.37936046719551086;0.03742961212992668,0.3805049955844879,0.21929846704006195,-0.07871314138174057;0.01627359166741371,-0.06424329429864883,0.058118753135204315,-0.01976235769689083
;3.824026107788086;-2.1673540241164135e-15,0.012284996919333935,-0.9534564018249512,0.37990954518318176;0.03713007643818855,0.3804798722267151,0.21967089176177979,-0.07880982756614685;0.01634066179394722,-0.06427896022796631,0.058086544275283813,-0.019775796681642532
;3.7774832248687744;-2.222514503707508e-15,0.012300661765038967,-0.9528999328613281,0.38045734167099;0.03683176636695862,0.38045454025268555,0.2200443297624588,-0.07890740782022476;0.016408253461122513,-0.06431473046541214,0.058054305613040924,-0.019789287820458412
;3.7307701110839844;-2.2792845576566226e-15,0.012316404841840267,-0.9523412585258484,0.3810040056705475;0.03653470054268837,0.38042914867401123,0.22041888535022736,-0.07900585234165192;0.01647637039422989,-0.06435061246156693,0.05802203342318535,-0.019802827388048172
;3.6838865280151367;-2.337714160907645e-15,0.012332231737673283,-0.9517810344696045,0.3815499246120453;0.036238893866539,0.38040366768836975,0.22079448401927948,-0.0791088342666626;0.016545003280043602,-0.06438647210597992,0.05799024552106857,-0.019816415384411812
;3.6368327140808105;-2.3978623940086466e-15,0.012348135933279991,-0.9512190818786621,0.38209500908851624;0.03594435006380081,0.38037803769111633,0.22117115557193756,-0.07921644300222397;0.016614194959402084,-0.06442230194807053,0.05795895308256149,-0.01983005367219448
;3.5896077156066895;-2.45977690256291e-15,0.012364122085273266,-0.9506558179855347,0.3826389014720917;0.0356510728597641,0.38035228848457336,0.22154895961284637,-0.07931746542453766;0.016683898866176605,-0.06445851176977158,0.057926591485738754,-0.01984374225139618
;3.5422115325927734;-2.5235161318437963e-15,0.012380187399685383,-0.9500903487205505,0.3831816613674164;0.035359058529138565,0.38032636046409607,0.22192783653736115,-0.07942686229944229;0.016754165291786194,-0.06449456512928009,0.0578952319920063,-0.01985747739672661
;3.4946441650390625;-2.5891442445970594e-15,0.012396334670484066,-0.9495234489440918,0.38372310996055603;0.0350683331489563,0.380300372838974,0.22230784595012665,-0.07953719794750214;0.016824956983327866,-0.06453072279691696,0.057863857597112656,-0.019871264696121216
;3.4469056129455566;-2.6567207448872443e-15,0.01241256482899189,-0.9489548206329346,0.38426369428634644;0.0347789004445076,0.38027429580688477,0.2226889431476593,-0.07964833080768585;0.016896313056349754,-0.06456699222326279,0.057832442224025726,-0.019885100424289703
;3.3989949226379395;-2.726304501504185e-15,0.01242887694388628,-0.9483845829963684,0.38480299711227417;0.03449075296521187,0.3802480399608612,0.22307118773460388,-0.07976038008928299;0.01696821302175522,-0.06460337340831757,0.05780100077390671,-0.01989898830652237
;3.35091233253479;-2.797969206314293e-15,0.012445270083844662,-0.9478127360343933,0.3853413462638855;0.03420390188694,0.3802216351032257,0.2234545350074768,-0.07987334579229355;0.017040684819221497,-0.0646398663520813,0.057769525796175,-0.019912922754883766
;3.302657127380371;-2.8717760574480068e-15,0.012461746111512184,-0.9472391605377197,0.3858788311481476;0.033918365836143494,0.3801952004432678,0.22383901476860046,-0.07998719811439514;0.017113735899329185,-0.06467645615339279,0.05773802101612091,-0.01992691121995449
;3.2542285919189453;-2.947797687980554e-15,0.012478305026888847,-0.9466638565063477,0.3864149749279022;0.03363411873579025,0.3801685869693756,0.22422462701797485,-0.08009819686412811;0.0171873290091753,-0.06471330672502518,0.057705964893102646,-0.019940946251153946
;3.2056264877319336;-3.0261096956024766e-15,0.012494946829974651,-0.9460870027542114,0.38695019483566284;0.03335119038820267,0.38014182448387146,0.22461141645908356,-0.08021384477615356;0.01726151816546917,-0.06475013494491577,0.05767440050840378,-0.01995503343641758
;3.156850814819336;-3.1067861956966597e-15,0.012511670589447021,-0.9455088376998901,0.38748443126678467;0.03306957334280014,0.38011497259140015,0.2249993085861206,-0.08033037185668945;0.017336277291178703,-0.06478706747293472,0.057642802596092224,-0.019969169050455093
;3.1079013347625732;-3.1899053270524873e-15,0.012528480030596256,-0.9449290037155151,0.3880171477794647;0.03278929367661476,0.3800879716873169,0.22538837790489197,-0.08044780790805817;0.017411639913916588,-0.06482410430908203,0.05761118233203888,-0.019983358681201935
;3.058777332305908;-3.275549675382317e-15,0.012545373290777206,-0.9443474411964417,0.3885492980480194;0.032510317862033844,0.38006091117858887,0.22577863931655884,-0.08056611567735672;0.017487583681941032,-0.06486126780509949,0.05757952481508255,-0.019997596740722656
;3.009478807449341;-3.363800132332611e-15,0.012562351301312447,-0.943764328956604,0.38907966017723083;0.03223268315196037,0.3800336718559265,0.22617006301879883,-0.08068539947271347;0.017564119771122932,-0.0648985281586647,0.05754784867167473,-0.020011885091662407
;2.960005044937134;-3.454746271637542e-15,0.012579414062201977,-0.9431796669960022,0.38960909843444824;0.03195638954639435,0.38000625371932983,0.22656269371509552,-0.08080552518367767;0.017641263082623482,-0.06493590772151947,0.057516131550073624,-0.020026223734021187
;2.910355806350708;-3.54847914933894e-15,0.012596560642123222,-0.942593514919281,0.3901377022266388;0.03168141841888428,0.37997880578041077,0.22695647180080414,-0.0809265747666359;0.017719009891152382,-0.06497340649366379,0.05748438835144043,-0.020040612667798996
;2.8605308532714844;-3.645092362577476e-15,0.012613790109753609,-0.9420056939125061,0.39066529273986816;0.03140779957175255,0.3799511790275574,0.22735144197940826,-0.08104854077100754;0.017797382548451424,-0.06501100957393646,0.05745260789990425,-0.020055055618286133
;2.810529947280884;-3.744680567285006e-15,0.012631110846996307,-0.9414165019989014,0.39119142293930054;0.03113553114235401,0.37992340326309204,0.22774763405323029,-0.08117137104272842;0.01787637174129486,-0.06504872441291809,0.05742080882191658,-0.020069545134902
;2.760352373123169;-3.847349007305226e-15,0.012648516334593296,-0.940825879573822,0.3917166590690613;0.030864616855978966,0.37989556789398193,0.22814501821994781,-0.08129514008760452;0.017955979332327843,-0.06508655101060867,0.057388968765735626,-0.020084090530872345
;2.7099978923797607;-3.953195938460018e-15,0.012666006572544575,-0.9402336478233337,0.39224082231521606;0.030595047399401665,0.3798675537109375,0.22854363918304443,-0.08141984045505524;0.01803620345890522,-0.0651244968175888,0.05735710263252258,-0.02009868435561657
;2.659466028213501;-4.062335710197261e-15,0.012683583423495293,-0.9396398663520813,0.39276376366615295;0.030326833948493004,0.3798394203186035,0.22894352674484253,-0.0815454050898552;0.018117094412446022,-0.0651625469326973,0.05732520669698715,-0.020113328471779823
;2.6087565422058105;-4.174873778118888e-15,0.01270124688744545,-0.939044713973999,0.39328521490097046;0.03005998767912388,0.3798111379146576,0.22934459149837494,-0.08167190849781036;0.01819860376417637,-0.06520072370767593,0.05729327350854874,-0.020128026604652405
;2.5578691959381104;-4.290932114969304e-15,0.012718998827040195,-0.9384480714797974,0.3938060402870178;0.02979450672864914,0.37978270649909973,0.22974692285060883,-0.08179930597543716;0.018280772492289543,-0.06523900479078293,0.05726132169365883,-0.020142775028944016
;2.506803274154663;-4.410631846459966e-15,0.01273683737963438,-0.9378497004508972,0.3943256437778473;0.02953038364648819,0.3797541558742523,0.23015046119689941,-0.08192766457796097;0.018363602459430695,-0.06527740508317947,0.05722932517528534,-0.020157575607299805
;2.455559253692627;-4.534091133687017e-15,0.012754766270518303,-0.9372500777244568,0.39484351873397827;0.02926764264702797,0.37972551584243774,0.23055528104305267,-0.08206072449684143;0.01844707690179348,-0.06531577557325363,0.05719783902168274,-0.02017243020236492
;2.4041364192962646;-4.661439996207859e-15,0.01277278084307909,-0.936648964881897,0.39536091685295105;0.02900627627968788,0.37969669699668884,0.23096142709255219,-0.08219467848539352;0.018531229346990585,-0.06535425782203674,0.05716632306575775,-0.02018733136355877
;2.352534294128418;-4.7928177709423165e-15,0.012790885753929615,-0.9360466003417969,0.39587682485580444;0.028746282681822777,0.379667729139328,0.2313687950372696,-0.0823257714509964;0.018616054207086563,-0.06539300084114075,0.057134248316287994,-0.020202288404107094
;2.3007524013519287;-4.9283612537113705e-15,0.012809081934392452,-0.9354425668716431,0.39639127254486084;0.02848767675459385,0.379638671875,0.23177744448184967,-0.0824577584862709;0.018701542168855667,-0.0654318630695343,0.05710213631391525,-0.020217295736074448
;2.2487902641296387;-5.068215710665475e-15,0.012827365659177303,-0.9348371624946594,0.39690476655960083;0.0282304584980011,0.37960946559906006,0.23218736052513123,-0.08259068429470062;0.018787724897265434,-0.06547082215547562,0.05706999450922012,-0.02023235708475113
;2.1966476440429688;-5.212529796086874e-15,0.012845737859606743,-0.9342303276062012,0.39741718769073486;0.02797461859881878,0.3795800805091858,0.23259858787059784,-0.08272450417280197;0.018874607980251312,-0.06550991535186768,0.05703781917691231,-0.02024746686220169
;2.14432430267334;-5.3614602110708086e-15,0.012864201329648495,-0.9336221814155579,0.39792802929878235;0.027720168232917786,0.37955063581466675,0.23301111161708832,-0.08286315947771072;0.01896217279136181,-0.06554897874593735,0.057006146758794785,-0.02026263251900673
;2.091820001602173;-5.5151645037454684e-15,0.01288275420665741,-0.9330123662948608,0.39843833446502686;0.02746710181236267,0.37952104210853577,0.23342496156692505,-0.08300270140171051;0.01905044913291931,-0.06558815389871597,0.05697444826364517,-0.020277850329875946
;2.039135456085205;-5.673817162897988e-15,0.012901400215923786,-0.9324012398719788,0.3989473581314087;0.027215436100959778,0.37949129939079285,0.23384009301662445,-0.08314695954322815;0.019139444455504417,-0.06562730669975281,0.05694326013326645,-0.020293118432164192
;1.986269474029541;-5.837582512920134e-15,0.012920140288770199,-0.9317886829376221,0.3994549810886383;0.026965176686644554,0.3794613480567932,0.23425662517547607,-0.08328837156295776;0.019229141995310783,-0.06566672027111053,0.05691150575876236,-0.020308440551161766
;1.9332220554351807;-6.0066481716097245e-15,0.0129389688372612,-0.9311745762825012,0.3999612629413605;0.02671630308032036,0.37943127751350403,0.23467443883419037,-0.08343455195426941;0.0193195603787899,-0.06570610404014587,0.05688025429844856,-0.020323816686868668
;1.8799930810928345;-6.181194980500997e-15,0.012957890518009663,-0.9305592775344849,0.40046632289886475;0.026468845084309578,0.3794010877609253,0.23509365320205688,-0.08358167856931686;0.019410720095038414,-0.06574560701847076,0.056848976761102676,-0.0203392431139946
;1.8265820741653442;-6.361424533435399e-15,0.012976904399693012,-0.9299424886703491,0.4009700417518616;0.02622278779745102,0.3793708086013794,0.23551414906978607,-0.08372976630926132;0.019502611830830574,-0.0657852292060852,0.056817665696144104,-0.020354723557829857
;1.7729887962341309;-6.547525295243694e-15,0.012996012344956398,-0.929324209690094,0.4014729857444763;0.025978149846196175,0.37934035062789917,0.2359360307455063,-0.0838787779211998;0.019595246762037277,-0.065824955701828,0.05678632855415344,-0.020370256155729294
;1.7192126512527466;-6.7397086006462225e-15,0.013015213422477245,-0.9287046194076538,0.40197452902793884;0.025734907016158104,0.379309743642807,0.23635926842689514,-0.0840287134051323;0.01968863047659397,-0.06586480885744095,0.05675496160984039,-0.02038584277033806
;1.6652532815933228;-6.938198066341059e-15,0.01303450670093298,-0.928083598613739,0.4024748206138611;0.025493066757917404,0.3792790174484253,0.23678387701511383,-0.08417966216802597;0.019782785326242447,-0.06590477377176285,0.056723568588495255,-0.020401481539011
;1.6111104488372803;-7.143217732542752e-15,0.013053896836936474,-0.9274611473083496,0.4029735326766968;0.025252657011151314,0.37924811244010925,0.23720985651016235,-0.0843314528465271;0.019877681508660316,-0.0659448578953743,0.05669214576482773,-0.020417172461748123
;1.556783676147461;-7.355002227377692e-15,0.01307337824255228,-0.926837146282196,0.4034711718559265;0.025013651698827744,0.37921708822250366,0.2376372367143631,-0.0844842717051506;0.01997336558997631,-0.0659850612282753,0.056660693138837814,-0.02043291926383972
;1.502272605895996;-7.573788296554636e-15,0.013092956505715847,-0.9262116551399231,0.40396758913993835;0.02477606013417244,0.37918585538864136,0.23806601762771606,-0.08463805913925171;0.02006981335580349,-0.06602537631988525,0.056629206985235214,-0.0204487182199955
;1.4475767612457275;-7.799831744023655e-15,0.013112630695104599,-0.9255849719047546,0.4044628441333771;0.02453988417983055,0.3791545331478119,0.23849619925022125,-0.08479273319244385;0.02016705460846424,-0.06606581062078476,0.056597694754600525,-0.020464569330215454
;1.3926959037780762;-8.033390914833662e-15,0.013132398948073387,-0.9249567985534668,0.40495648980140686;0.02430512011051178,0.37912315130233765,0.23892779648303986,-0.08494839072227478;0.020265085622668266,-0.06610636413097382,0.05656615272164345,-0.020480474457144737
;1.3376294374465942;-8.274749565021985e-15,0.01315226312726736,-0.9243271946907043,0.4054487347602844;0.02407177910208702,0.3790914714336395,0.23936079442501068,-0.08510498702526093;0.020363932475447655,-0.06614703685045242,0.05653458088636398,-0.020496433600783348
;1.2823771238327026;-8.52417535699996e-15,0.013172224164009094,-0.9236957430839539,0.40594014525413513;0.02383984625339508,0.37905973196029663,0.2397952824831009,-0.08526254445314407;0.020463578402996063,-0.06618782132863998,0.05650297924876213,-0.020512448623776436
;1.2269384860992432;-8.781963905266175e-15,0.013192282058298588,-0.923063337802887,0.4064300060272217;0.023609327152371407,0.3790278136730194,0.24023114144802094,-0.08542107790708542;0.020564047619700432,-0.06622873246669769,0.05647134408354759,-0.020528515800833702
;1.1713131666183472;-9.048438776406483e-15,0.013212436810135841,-0.9224293231964111,0.40691879391670227;0.023380234837532043,0.37899574637413025,0.24066849052906036,-0.08558058738708496;0.020665325224399567,-0.06626975536346436,0.056439682841300964,-0.020544636994600296
;1.1155006885528564;-9.323893043820634e-15,0.013232686556875706,-0.9217937588691711,0.4074060618877411;0.023152558133006096,0.37896353006362915,0.24110724031925201,-0.08574100583791733;0.020767459645867348,-0.06631090492010117,0.05640799552202225,-0.020560814067721367
;1.0595006942749023;-9.608672296951108e-15,0.013253036886453629,-0.9211568236351013,0.40789180994033813;0.022926297038793564,0.3789311349391937,0.24154751002788544,-0.08590243011713028;0.020870406180620193,-0.06635217368602753,0.056376274675130844,-0.020577043294906616
;1.0033128261566162;-9.903106031614387e-15,0.013273481279611588,-0.9205182194709778,0.40837639570236206;0.02270144782960415,0.37889865040779114,0.24198919534683228,-0.08606480807065964;0.020974231883883476,-0.06639355421066284,0.056344520300626755,-0.020593326538801193
;0.9469372630119324;-1.0207566095274314e-14,0.013294026255607605,-0.9198781847953796,0.4088596701622009;0.022478029131889343,0.3788659870624542,0.2424323707818985,-0.08623210340738297;0.021078895777463913,-0.06643491983413696,0.05631329119205475,-0.020609667524695396
;0.8903728723526001;-1.0522409088801685e-14,0.013314670883119106,-0.9192366003990173,0.409341961145401;0.022256020456552505,0.37883317470550537,0.2428770661354065,-0.08639643341302872;0.021184423938393593,-0.06647653877735138,0.056281477212905884,-0.02062605880200863
;0.8336195349693298;-1.0848015329989816e-14,0.013335413299500942,-0.9185935258865356,0.4098227620124817;0.02203543484210968,0.3788002133369446,0.24332323670387268,-0.08656557649374008;0.021290834993124008,-0.0665181428194046,0.056250184774398804,-0.020642507821321487
;0.7766771912574768;-1.118481595860886e-14,0.013356253504753113,-0.917948842048645,0.41030195355415344;0.02181626670062542,0.378767192363739,0.24377089738845825,-0.08673567324876785;0.02139812894165516,-0.06655986607074738,0.056218866258859634,-0.020659008994698524
;0.7195454239845276;-1.1533173504760241e-14,0.013377194292843342,-0.917302668094635,0.4107799530029297;0.021598516032099724,0.37873393297195435,0.24422010779380798,-0.086906798183918;0.021506300196051598,-0.0666017085313797,0.05618751794099808,-0.02067556418478489
;0.6622243523597717;-1.1893574165355685e-14,0.01339823566377163,-0.9166543483734131,0.4112565815448761;0.02138218842446804,0.3787005543708801,0.2446707934141159,-0.08708285540342331;0.02161535993218422,-0.06664353609085083,0.056156691163778305,-0.02069217339158058
;0.6047135591506958;-1.2266420281045135e-14,0.013419377617537975,-0.9160047173500061,0.4117319881916046;0.02116728015244007,0.37866702675819397,0.2451230138540268,-0.08725989609956741;0.021725347265601158,-0.06668547540903091,0.056125834584236145,-0.0207088440656662
;0.5470126867294312;-1.2652203977970948e-14,0.01344062015414238,-0.9153535962104797,0.4122057855129242;0.020953789353370667,0.3786333501338959,0.24557678401470184,-0.0874379351735115;0.021836252883076668,-0.06672753393650055,0.056094951927661896,-0.020725563168525696
;0.4891211986541748;-1.305141992337432e-14,0.013461961410939693,-0.9147002696990967,0.4126783609390259;0.020741714164614677,0.37859949469566345,0.24603211879730225,-0.0876169502735138;0.0219480711966753,-0.06676972657442093,0.05606404319405556,-0.02074233815073967
;0.43103858828544617;-1.3464534832409187e-14,0.01348340604454279,-0.9140454530715942,0.4131496846675873;0.020531056448817253,0.3785655200481415,0.24648898839950562,-0.08779696375131607;0.022060835734009743,-0.06681202352046967,0.056033097207546234,-0.02075917087495327
;0.3727644383907318;-1.389211621715021e-14,0.013504952192306519,-0.913388729095459,0.4136196970939636;0.020321814343333244,0.3785313665866852,0.24694742262363434,-0.08797799795866013;0.022174518555402756,-0.06685444712638855,0.05600213259458542,-0.020776059478521347
;0.31429821252822876;-1.4334687543958793e-14,0.013526597060263157,-0.9127300977706909,0.41408810019493103;0.020113985985517502,0.3784969747066498,0.24740742146968842,-0.08816002309322357;0.022289182990789413,-0.06689699739217758,0.05597113445401192,-0.0207930039614439
;0.25563955307006836;-1.479280870161307e-14,0.013548345305025578,-0.9120699167251587,0.4145549237728119;0.01990756392478943,0.3784624934196472,0.24786897003650665,-0.0883430689573288;0.022404789924621582,-0.06693966686725616,0.05594010651111603,-0.020810000598430634
;0.1967879682779312;-1.526711327075759e-14,0.013570195995271206,-0.9114078283309937,0.4150204062461853;0.019702566787600517,0.37842780351638794,0.2483321726322174,-0.08852708339691162;0.0225213672965765,-0.0669824555516243,0.05590905621647835,-0.02082705684006214
;0.13774298131465912;-1.575817723379648e-14,0.013592150993645191,-0.9107436537742615,0.4154840409755707;0.01949896849691868,0.3783930540084839,0.24879692494869232,-0.08871214836835861;0.022638928145170212,-0.06702537089586258,0.05587797239422798,-0.020844165235757828
;0.07850410044193268;-1.6266646029835553e-14,0.013614208437502384,-0.9100775718688965,0.4159463942050934;0.019296780228614807,0.3783580958843231,0.24926328659057617,-0.08889815956354141;0.022757481783628464,-0.06706840544939041,0.05584685876965523,-0.02086133323609829
;0.01907082460820675;-1.6793214225891556e-14,0.013636365532875061,-0.909409761428833,0.4164077937602997;0.01909599080681801,0.37832292914390564,0.24973125755786896,-0.08908524364233017;0.022877031937241554,-0.06711156666278839,0.05581572279334068,-0.020878557115793228
;-0.04055742546916008;-1.733854758986103e-14,0.013658626936376095,-0.9087396860122681,0.41686752438545227;0.018896615132689476,0.37828758358955383,0.25020086765289307,-0.08927329629659653;0.022997604683041573,-0.06715484708547592,0.05578455328941345,-0.020895835012197495
;-0.10038110613822937;-1.7903389816671667e-14,0.013680988922715187,-0.9080675840377808,0.41732561588287354;0.018698643893003464,0.3782520890235901,0.2506721019744873,-0.08946237713098526;0.02311920002102852,-0.0671982541680336,0.05575336143374443,-0.020913172513246536
;-0.16040077805519104;-1.8488496459712414e-14,0.01370345801115036,-0.9073932766914368,0.41778263449668884;0.01850205659866333,0.378216415643692,0.2511449456214905,-0.08965252339839935;0.02324182353913784,-0.06724178791046143,0.05572213605046272,-0.020930564031004906
;-0.22061693668365479;-1.9094629848635802e-14,0.01372602954506874,-0.9067168831825256,0.4182377755641937;0.018306879326701164,0.3781806528568268,0.25161951780319214,-0.08984363079071045;0.02336546592414379,-0.0672854408621788,0.05569087713956833,-0.02094801515340805
;-0.2810300886631012;-1.9722645486718558e-14,0.013748704455792904,-0.9060384631156921,0.41869139671325684;0.018113093450665474,0.37814465165138245,0.25209566950798035,-0.09003577381372452;0.023490186780691147,-0.06732922047376633,0.055659595876932144,-0.020965520292520523
;-0.34164080023765564;-2.037335483152415e-14,0.013771484605967999,-0.905357301235199,0.41914376616477966;0.017920706421136856,0.37810850143432617,0.25257351994514465,-0.09022894501686096;0.023615963757038116,-0.067373126745224,0.05562828853726387,-0.02098308503627777
;-0.4024496078491211;-2.1047667596437933e-14,0.0137943672016263,-0.904674232006073,0.419594407081604;0.01772969961166382,0.37807217240333557,0.25305303931236267,-0.09042318910360336;0.023742811754345894,-0.06741715222597122,0.05559694394469261,-0.021000707522034645
;-0.4634570777416229;-2.1746532458360827e-14,0.01381735410541296,-0.9039886593818665,0.42004337906837463;0.017540086060762405,0.3780357241630554,0.2535342574119568,-0.09061840176582336;0.02387075126171112,-0.06746131181716919,0.05556558072566986,-0.021018385887145996
;-0.5246637463569641;-2.2470859130678186e-14,0.013840445317327976,-0.9033005237579346,0.42049112915992737;0.01735185645520687,0.37799903750419617,0.254017174243927,-0.09081465005874634;0.023999778553843498,-0.0675055980682373,0.055534180253744125,-0.021036121994256973
;-0.58607017993927;-2.3221689463915132e-14,0.01386364083737135,-0.9026100635528564,0.42093712091445923;0.01716500334441662,0.3779621720314026,0.2545017600059509,-0.09101196378469467;0.02412993274629116,-0.06755000352859497,0.0555027537047863,-0.021053917706012726
;-0.6476770639419556;-2.4000061920465e-14,0.013886939734220505,-0.9019166827201843,0.42138174176216125;0.016979532316327095,0.37792515754699707,0.2549881041049957,-0.09121030569076538;0.02426118031144142,-0.06759453564882278,0.05547130107879639,-0.021071771159768105
;-0.7094846367835999;-2.4807035291511854e-14,0.013910346664488316,-0.9012209177017212,0.42182493209838867;0.016795434057712555,0.3778879642486572,0.2554761469364166,-0.09141383320093155;0.02439357526600361,-0.0676390528678894,0.055440377444028854,-0.02108968049287796
;-0.7714935541152954;-2.5643802199445433e-14,0.013933856971561909,-0.9005224704742432,0.4222666621208191;0.016612721607089043,0.37785059213638306,0.255965918302536,-0.09161426872015;0.024527106434106827,-0.06768384575843811,0.055408868938684464,-0.02110764943063259
;-0.8337047100067139;-2.6511489198085582e-14,0.01395746972411871,-0.8998211622238159,0.4227065145969391;0.01643136888742447,0.3778130114078522,0.25645744800567627,-0.09181573987007141;0.024661796167492867,-0.06772875785827637,0.05537732318043709,-0.02112567611038685
;-0.8961187601089478;-2.7411378695314445e-14,0.013981188647449017,-0.8991166949272156,0.42314475774765015;0.01625138334929943,0.37777531147003174,0.2569506764411926,-0.09201826900243759;0.024797655642032623,-0.06777381151914597,0.05534575134515762,-0.02114376425743103
;-0.9587352871894836;-2.8344727688025748e-14,0.01400501187890768,-0.8984096646308899,0.42358142137527466;0.01607276313006878,0.3777373731136322,0.257445752620697,-0.09223008155822754;0.024934690445661545,-0.06781868636608124,0.055315278470516205,-0.02116190828382969
;-1.0215545892715454;-2.931293039245067e-14,0.01402894128113985,-0.8976994156837463,0.4240163564682007;0.015895506367087364,0.37769925594329834,0.2579425871372223,-0.09244301170110703;0.025072896853089333,-0.06786369532346725,0.055284783244132996,-0.021180113777518272
;-1.0845774412155151;-3.0317284463064406e-14,0.014052974060177803,-0.8969859480857849,0.42444974184036255;0.015719618648290634,0.37766098976135254,0.2584412395954132,-0.09265698492527008;0.025212334468960762,-0.06790883839130402,0.0552542582154274,-0.021198375150561333
;-1.1478044986724854;-3.135935182862169e-14,0.014077113009989262,-0.8962692618370056,0.42488157749176025;0.015545071102678776,0.3776225447654724,0.2589416205883026,-0.0928720086812973;0.025352973490953445,-0.06795410066843033,0.055223703384399414,-0.021216697990894318
;-1.2112364768981934;-3.244058260952823e-14,0.014101354405283928,-0.895549476146698,0.4253118634223938;0.015371883288025856,0.37758392095565796,0.25944384932518005,-0.09308818727731705;0.02549484558403492,-0.06799950450658798,0.05519312247633934,-0.02123507857322693
;-1.274873971939087;-3.356257261585664e-14,0.014125702902674675,-0.8948260545730591,0.42574042081832886;0.015200044959783554,0.3775450587272644,0.25994783639907837,-0.09330538660287857;0.02563796564936638,-0.06804502010345459,0.055162519216537476,-0.021253518760204315
;-1.3387176990509033;-3.4727002360974285e-14,0.014150156639516354,-0.8940994143486023,0.4261676073074341;0.015029547736048698,0.3775061070919037,0.2604537010192871,-0.09352371096611023;0.025782320648431778,-0.06809067726135254,0.055131882429122925,-0.021272018551826477
;-1.4027684926986694;-3.593561334462071e-14,0.014174713753163815,-0.8933691382408142,0.42659294605255127;0.01486038789153099,0.3774668276309967,0.2609613835811615,-0.09374313056468964;0.02592795342206955,-0.06813646852970123,0.055101219564676285,-0.021290579810738564
;-1.467027187347412;-3.7190197888512314e-14,0.014199377037584782,-0.89263516664505,0.4270166754722595;0.014692571945488453,0.37742745876312256,0.2614709138870239,-0.09396367520093918;0.026074865832924843,-0.06818237900733948,0.055070534348487854,-0.021309200674295425
;-1.531494379043579;-3.8492599136342315e-14,0.014224144630134106,-0.8918976187705994,0.4274388253688812;0.01452607847750187,0.3773879110813141,0.2619822919368744,-0.09418527036905289;0.026223065331578255,-0.06822843104600906,0.055039819329977036,-0.021327881142497063
;-1.5961709022521973;-3.98448262502616e-14,0.014249014668166637,-0.8911560773849487,0.4278588593006134;0.014360921457409859,0.3773481249809265,0.2624955475330353,-0.09440799057483673;0.026372579857707024,-0.0682746097445488,0.05500907078385353,-0.021346623077988625
;-1.6610575914382935;-4.1248922273738955e-14,0.0142739899456501,-0.8904105424880981,0.42827749252319336;0.014197081327438354,0.3773081600666046,0.2630106210708618,-0.0946318507194519;0.026523439213633537,-0.06832092255353928,0.054978299885988235,-0.021365424618124962
;-1.7261550426483154;-4.2707055611119343e-14,0.014299069531261921,-0.8896608352661133,0.42869389057159424;0.014034559950232506,0.3772679567337036,0.26352763175964355,-0.09485680609941483;0.02667560614645481,-0.0683673620223999,0.05494750291109085,-0.021384289488196373
;-1.7914643287658691;-4.422141838367026e-14,0.014324253425002098,-0.8889070153236389,0.42910897731781006;0.013873356394469738,0.37722763419151306,0.2640465199947357,-0.09508293122053146;0.026829147711396217,-0.06841393560171127,0.05491667240858078,-0.02140321396291256
;-1.856986165046692;-4.579434840232613e-14,0.014349537901580334,-0.888148844242096,0.42952224612236023;0.01371346227824688,0.3771871328353882,0.2645673155784607,-0.09531015902757645;0.026984069496393204,-0.06846065074205399,0.05488581955432892,-0.02142219804227352
;-1.9227215051651;-4.742834949647903e-14,0.014374927617609501,-0.88738614320755,0.4299335479736328;0.013554871082305908,0.37714633345603943,0.26509004831314087,-0.09553848952054977;0.027140356600284576,-0.06850749254226685,0.05485494062304497,-0.021441245451569557
;-1.988671064376831;-4.9125932271784634e-14,0.014400419779121876,-0.8866190910339355,0.43034306168556213;0.01339758187532425,0.37710538506507874,0.26561468839645386,-0.09576798975467682;0.027298033237457275,-0.06855447590351105,0.05482402816414833,-0.021460358053445816
;-2.0548360347747803;-5.0889769964224466e-14,0.014426014386117458,-0.885847270488739,0.4307510554790497;0.013241585344076157,0.3770642578601837,0.2661413252353668,-0.09599864482879639;0.027457142248749733,-0.0686015859246254,0.0547930933535099,-0.02147953025996685
;-2.1212167739868164;-5.2722569691097954e-14,0.014451711438596249,-0.8850706219673157,0.4311571419239044;0.013086884282529354,0.37702295184135437,0.2666698694229126,-0.09623043984174728;0.027617666870355606,-0.06864884495735168,0.05476212501525879,-0.02149876393377781
;-2.187814712524414;-5.4627343501565534e-14,0.014477509073913097,-0.8842892646789551,0.4315614402294159;0.012933465652167797,0.37698137760162354,0.26720041036605835,-0.09646334499120712;0.02777964621782303,-0.06869622319936752,0.05473113805055618,-0.021518060937523842
;-2.2546298503875732;-5.660708989226049e-14,0.01450340822339058,-0.8835026025772095,0.4319641590118408;0.012781328521668911,0.376939594745636,0.2677328586578369,-0.09670168906450272;0.027943100780248642,-0.06874360144138336,0.054700687527656555,-0.021537423133850098
;-2.3216640949249268;-5.866504114090954e-14,0.014529409818351269,-0.8827108144760132,0.432364821434021;0.012630467303097248,0.3768976330757141,0.26826733350753784,-0.09693696349859238;0.028108028694987297,-0.06879126280546188,0.054669640958309174,-0.021556846797466278
;-2.388918399810791;-6.080444307776656e-14,0.014555511064827442,-0.8819136619567871,0.4327637553215027;0.012480881065130234,0.37685543298721313,0.2688038647174835,-0.09717337787151337;0.028274446725845337,-0.06883905827999115,0.0546385683119297,-0.021576333791017532
;-2.4563937187194824;-6.302882613615571e-14,0.01458171010017395,-0.8811111450195312,0.4331607222557068;0.012332555837929249,0.3768130838871002,0.2693423628807068,-0.09741100668907166;0.0284423865377903,-0.06888699531555176,0.05460745841264725,-0.02159588411450386
;-2.524089813232422;-6.534176140698261e-14,0.014608009718358517,-0.8803026080131531,0.4335557520389557;0.012185495346784592,0.3767704963684082,0.26988285779953003,-0.09765833616256714;0.028611870482563972,-0.06893477588891983,0.054577477276325226,-0.02161549963057041
;-2.592008352279663;-6.774711136048675e-14,0.014634411782026291,-0.8794886469841003,0.43394866585731506;0.012039688415825367,0.3767277002334595,0.270425409078598,-0.09790258854627609;0.028782883659005165,-0.06898284703493118,0.05454690009355545,-0.021635178476572037
;-2.6601505279541016;-7.024882655833412e-14,0.014660908840596676,-0.8786687850952148,0.43434008955955505;0.011895131319761276,0.37668469548225403,0.27097004652023315,-0.0981437936425209;0.028955455869436264,-0.06903120130300522,0.05451571196317673,-0.021654926240444183
;-2.728517770767212;-7.285097275867153e-14,0.014687505550682545,-0.8778427243232727,0.4347292184829712;0.01175182219594717,0.3766414523124695,0.27151671051979065,-0.09838615357875824;0.029129626229405403,-0.0690796971321106,0.054484497755765915,-0.021674733608961105
;-2.7971112728118896;-7.555801551919691e-14,0.014714199118316174,-0.8770104646682739,0.4351164400577545;0.011609749868512154,0.3765980005264282,0.2720654308795929,-0.09862978756427765;0.029305413365364075,-0.06912833452224731,0.05445325747132301,-0.02169460989534855
;-2.8659324645996094;-7.837452881782545e-14,0.014740985818207264,-0.8761718273162842,0.43550175428390503;0.011468912474811077,0.37655431032180786,0.27261626720428467,-0.09887460619211197;0.029482821002602577,-0.06917711347341537,0.054421983659267426,-0.021714547649025917
;-2.9349820613861084;-8.130516117137165e-14,0.014767870306968689,-0.8753266334533691,0.4358847737312317;0.011329300701618195,0.37651047110557556,0.27316921949386597,-0.09912065416574478;0.029661865904927254,-0.06922604143619537,0.05439068377017975,-0.021734556183218956
;-3.004260778427124;-8.435491346235613e-14,0.0147948507219553,-0.874474823474884,0.4362654983997345;0.011190913617610931,0.3764663338661194,0.2737242579460144,-0.09937222301959991;0.029842596501111984,-0.06927495449781418,0.054359935224056244,-0.021754629909992218
;-3.073770046234131;-8.752901018999754e-14,0.014821924269199371,-0.8736161589622498,0.43664440512657166;0.011053747497498989,0.3764220178127289,0.27428147196769714,-0.0996207669377327;0.030024969950318336,-0.06932416558265686,0.05432858318090439,-0.021774768829345703
;-3.1435108184814453;-9.08330282192206e-14,0.014849093742668629,-0.8727504014968872,0.4370217025279999;0.010917787440121174,0.3763774633407593,0.274840772151947,-0.0998748242855072;0.030209079384803772,-0.06937338411808014,0.05429777503013611,-0.02179497666656971
;-3.2134838104248047;-9.427257829626792e-14,0.014876354485750198,-0.8718773722648621,0.43739670515060425;0.010783037170767784,0.37633270025253296,0.2754022777080536,-0.10013450682163239;0.030394883826375008,-0.06942258030176163,0.054267529398202896,-0.02181525155901909
;-3.2836902141571045;-9.785366419066965e-14,0.014903707429766655,-0.8709966540336609,0.4377695322036743;0.010649489238858223,0.3762877285480499,0.27596595883369446,-0.10039543360471725;0.030582446604967117,-0.06947192549705505,0.05423726141452789,-0.02183559164404869
;-3.354130983352661;-1.0158246585480896e-13,0.01493115071207285,-0.8701087236404419,0.43814024329185486;0.010517134331166744,0.376242458820343,0.27653178572654724,-0.10065766423940659;0.030771780759096146,-0.06952141970396042,0.054206959903240204,-0.021856002509593964
;-3.4248077869415283;-1.0546567146083735e-13,0.014958683401346207,-0.8692129254341125,0.43850892782211304;0.010385972447693348,0.3761969804763794,0.2770998477935791,-0.10092117637395859;0.03096289560198784,-0.06957106292247772,0.05417662858963013,-0.02187647856771946
;-3.4957215785980225;-1.0951002339101498e-13,0.014986307360231876,-0.8683090209960938,0.438875287771225;0.010255998000502586,0.37615126371383667,0.27767011523246765,-0.10118597745895386;0.031155800446867943,-0.06962084770202637,0.05414627492427826,-0.021897027269005775
;-3.5668740272521973;-1.1372279257616108e-13,0.015014015138149261,-0.867396891117096,0.4392393231391907;0.010127201676368713,0.3761053681373596,0.2782425880432129,-0.10145210474729538;0.031350571662187576,-0.06967078894376755,0.0541158989071846,-0.021917641162872314
;-3.6382663249969482;-1.1811158876027378e-13,0.015041813254356384,-0.8664767146110535,0.43960142135620117;0.009999576956033707,0.3760591745376587,0.2788172960281372,-0.10171958059072495;0.031547147780656815,-0.06972087174654007,0.054085493087768555,-0.021938325837254524
;-3.709900140762329;-1.226842114227314e-13,0.015069691464304924,-0.8655480146408081,0.439961314201355;0.00987311452627182,0.37601280212402344,0.279394268989563,-0.10198835283517838;0.031745634973049164,-0.06977111101150513,0.05405506119132042,-0.021959079429507256
;-3.7817766666412354;-1.2744913089300647e-13,0.015097657218575478,-0.8646103143692017,0.4403190016746521;0.009747816249728203,0.3759661316871643,0.27997347712516785,-0.10225847363471985;0.03194601088762283,-0.06982149928808212,0.0540245957672596,-0.021979903802275658
;-3.8538975715637207;-1.3241479039551723e-13,0.015125703997910023,-0.8636636137962341,0.44067415595054626;0.009623673744499683,0.3759191930294037,0.28055500984191895,-0.10252995043992996;0.03214827924966812,-0.06987203657627106,0.05399411544203758,-0.02200080081820488
;-3.9262640476226807;-1.375905005164199e-13,0.015153832733631134,-0.862707793712616,0.44102704524993896;0.009500677697360516,0.37587204575538635,0.2811388671398163,-0.10280273854732513;0.03235252946615219,-0.06992273032665253,0.05396360158920288,-0.022021766752004623
;-3.998878002166748;-1.4298559894692503e-13,0.015182043425738811,-0.8617426156997681,0.44137781858444214;0.009378823451697826,0.3758247196674347,0.2817250192165375,-0.10307696461677551;0.032558735460042953,-0.06997358053922653,0.05393306538462639,-0.022042803466320038
;-4.071740627288818;-1.4861037205514405e-13,0.015210329554975033,-0.8607679605484009,0.44172602891921997;0.009258104488253593,0.37577709555625916,0.2823135256767273,-0.10335693508386612;0.032766953110694885,-0.07002443075180054,0.05390308424830437,-0.022063912823796272
;-4.144853115081787;-1.5447525528698713e-13,0.015238693915307522,-0.8597835898399353,0.44207173585891724;0.009138518944382668,0.37572917342185974,0.28290435671806335,-0.10363388806581497;0.03297717496752739,-0.07007558643817902,0.053872495889663696,-0.022085094824433327
;-4.218217849731445;-1.6059113132176062e-13,0.015267135575413704,-0.8587889671325684,0.4424152672290802;0.009020053781569004,0.3756810426712036,0.28349757194519043,-0.10391227155923843;0.03318944573402405,-0.07012689858675003,0.05384187772870064,-0.0221063494682312
;-4.291836261749268;-1.6696976375303596e-13,0.015295647084712982,-0.8577844500541687,0.4427564740180969;0.008902707137167454,0.3756326735019684,0.2840931713581085,-0.10419202595949173;0.03340380638837814,-0.07017837464809418,0.05381122976541519,-0.022127676755189896
;-4.365710258483887;-1.7362340406536225e-13,0.015324232168495655,-0.8567694425582886,0.44309505820274353;0.008786472491919994,0.37558403611183167,0.28469118475914,-0.10447324812412262;0.03362025320529938,-0.07022999972105026,0.053780555725097656,-0.02214907854795456
;-4.439841270446777;-1.8056437150592436e-13,0.01535288617014885,-0.8557435870170593,0.44343140721321106;0.008671339601278305,0.37553510069847107,0.2852915823459625,-0.10475584864616394;0.03383884206414223,-0.07028178870677948,0.05374985933303833,-0.02217055670917034
;-4.514231204986572;-1.8780644899484e-13,0.01538161002099514,-0.8547071218490601,0.44376522302627563;0.008557313121855259,0.37548592686653137,0.2858944535255432,-0.10503990948200226;0.03405958041548729,-0.07033373415470123,0.053719133138656616,-0.022192105650901794
;-4.588881492614746;-1.9536356853002562e-13,0.015410398133099079,-0.8536592125892639,0.4440961480140686;0.008444370701909065,0.3754364848136902,0.2864997088909149,-0.10532543063163757;0.03428252786397934,-0.07038585096597672,0.053688377141952515,-0.022213734686374664
;-4.66379451751709;-2.032505159186085e-13,0.015439257025718689,-0.8526000380516052,0.44442471861839294;0.008332516998052597,0.3753868341445923,0.2871074974536896,-0.10561241209506989;0.03450765460729599,-0.07043813169002533,0.05365759879350662,-0.022235436365008354
;-4.738972187042236;-2.1148286301429092e-13,0.01546817272901535,-0.8515293598175049,0.4447508454322815;0.008221741765737534,0.3753368556499481,0.28771770000457764,-0.10590090602636337;0.034735050052404404,-0.07049056887626648,0.05362679064273834,-0.022257214412093163
;-4.814415454864502;-2.200767508769158e-13,0.01549715269356966,-0.8504467606544495,0.44507408142089844;0.008112039417028427,0.3752865791320801,0.28833046555519104,-0.10619084537029266;0.03496471419930458,-0.07054317742586136,0.05359596014022827,-0.02227906882762909
;-4.890127182006836;-2.2904958095135153e-13,0.015526188537478447,-0.8493520617485046,0.445394903421402;0.008003405295312405,0.3752360939979553,0.2889457643032074,-0.10648229718208313;0.03519667685031891,-0.07059594988822937,0.053565096110105515,-0.022301005199551582
;-4.966108322143555;-2.3841922902091695e-13,0.015555279329419136,-0.8482449650764465,0.44571274518966675;0.007895834743976593,0.3751852214336395,0.2895635962486267,-0.10677976906299591;0.03543096035718918,-0.07064872980117798,0.053534798324108124,-0.022323014214634895
;-5.042360782623291;-2.482045602034133e-13,0.015584423206746578,-0.8471253514289856,0.4460280239582062;0.00778931612148881,0.3751341700553894,0.29018399119377136,-0.10707426071166992;0.03566763922572136,-0.07070183753967285,0.053503889590501785,-0.022345105186104774
;-5.118886470794678;-2.5842487329751085e-13,0.015613620169460773,-0.8459928631782532,0.4463408291339874;0.007683845236897469,0.3750828802585602,0.29080697894096375,-0.10737931728363037;0.035906702280044556,-0.07075480371713638,0.05347413569688797,-0.022367272526025772
;-5.1956868171691895;-2.6910196076687654e-13,0.015642864629626274,-0.8448468446731567,0.4466504752635956;0.00757941510528326,0.3750312030315399,0.29143255949020386,-0.10768590867519379;0.03614820912480354,-0.07080794125795364,0.053444359451532364,-0.022389521822333336
;-5.272764205932617;-2.802571271841997e-13,0.01567215658724308,-0.8436877727508545,0.44695785641670227;0.007476029917597771,0.37497931718826294,0.2920607626438141,-0.10798964649438858;0.036392148584127426,-0.07086139917373657,0.053413957357406616,-0.022411847487092018
;-5.350121021270752;-2.919138997366233e-13,0.01570149138569832,-0.8425148725509644,0.44726189970970154;0.0073736668564379215,0.3749270737171173,0.29269158840179443,-0.10829944163560867;0.036638595163822174,-0.07091487944126129,0.05338412895798683,-0.022434256970882416
;-5.427758693695068;-3.0409604955677905e-13,0.01573086529970169,-0.8413280844688416,0.4475632905960083;0.007272329647094011,0.3748745620250702,0.29332512617111206,-0.10861091315746307;0.03688759356737137,-0.07096853852272034,0.05335427448153496,-0.02245674654841423
;-5.505679130554199;-3.168295974968066e-13,0.015760276466608047,-0.8401268720626831,0.4478619396686554;0.0071720099076628685,0.3748217225074768,0.2939613461494446,-0.10892395675182343;0.037139151245355606,-0.07102236151695251,0.053324393928050995,-0.02247931808233261
;-5.583885192871094;-3.3014105229982327e-13,0.01578972302377224,-0.838911235332489,0.44815754890441895;0.007072699721902609,0.37476876378059387,0.2946002781391144,-0.1092386469244957;0.03739330172538757,-0.07107636332511902,0.05329449474811554,-0.022501973435282707
;-5.662378787994385;-3.4405884716780244e-13,0.01581919752061367,-0.8376809358596802,0.44845035672187805;0.006974393967539072,0.3747153580188751,0.2952418923377991,-0.1095549464225769;0.037650104612112045,-0.07113054394721985,0.0532645620405674,-0.02252470701932907
;-5.741163730621338;-3.586128789756504e-13,0.01584870181977749,-0.8364354968070984,0.4487401843070984;0.006877089384943247,0.37466171383857727,0.2958862781524658,-0.10986383259296417;0.037909578531980515,-0.07118521630764008,0.05323340743780136,-0.0225475262850523
;-5.820242404937744;-3.738348877419667e-13,0.015878228470683098,-0.835174560546875,0.44902661442756653;0.0067807710729539394,0.37460777163505554,0.296533465385437,-0.11017435044050217;0.03817177563905716,-0.07124006748199463,0.05320223048329353,-0.022570431232452393
;-5.8996171951293945;-3.8975702006116553e-13,0.015907781198620796,-0.8338980674743652,0.4493101239204407;0.006685436703264713,0.37455353140830994,0.29718339443206787,-0.11049116402864456;0.03843672573566437,-0.07129494845867157,0.05317161604762077,-0.0225934199988842
;-5.979289531707764;-4.0641481065945007e-13,0.01593734696507454,-0.8326056599617004,0.4495903253555298;0.0065910834819078445,0.3744989037513733,0.29783615469932556,-0.11080965399742126;0.03870446979999542,-0.07135001569986343,0.05314098671078682,-0.022616494446992874
;-6.059261322021484;-4.238446074146529e-13,0.015966927632689476,-0.8312967419624329,0.44986721873283386;0.006497697904706001,0.37444406747817993,0.2984917461872101,-0.11113452166318893;0.038975078612565994,-0.07140510529279709,0.05311092734336853,-0.02263965830206871
;-6.139536380767822;-4.420849266089516e-13,0.015996519476175308,-0.8299712538719177,0.450141042470932;0.006405278574675322,0.3743888735771179,0.2991502285003662,-0.11145652085542679;0.03924853354692459,-0.0714605376124382,0.0530802384018898,-0.02266290970146656
;-6.220115661621094;-4.611765613490859e-13,0.01602611504495144,-0.8286288380622864,0.4504116475582123;0.0063138194382190704,0.37433332204818726,0.29981160163879395,-0.1117849051952362;0.0395248718559742,-0.0715159997344017,0.05305012688040733,-0.022686246782541275
;-6.301002502441406;-4.811625273562492e-13,0.01605571061372757,-0.8272691965103149,0.45067936182022095;0.006223311182111502,0.3742774426937103,0.3004758954048157,-0.11211509257555008;0.039804235100746155,-0.07157165557146072,0.053019993007183075,-0.022709671407938004
;-6.382198810577393;-5.020877919155453e-13,0.01608530804514885,-0.8258919715881348,0.4509434998035431;0.006133750081062317,0.37422123551368713,0.301143079996109,-0.1124470978975296;0.04008656367659569,-0.07162750512361526,0.05298982560634613,-0.022733187302947044
;-6.46370792388916;-5.239999515023464e-13,0.016114898025989532,-0.8244967460632324,0.4512041509151459;0.006045129615813494,0.37416476011276245,0.3018132150173187,-0.11278090626001358;0.04037195444107056,-0.07168354094028473,0.052959635853767395,-0.022756796330213547
;-6.5455322265625;-5.46949258887347e-13,0.016144471243023872,-0.8230835795402527,0.4514617323875427;0.005957445595413446,0.37410786747932434,0.3024863600730896,-0.11311657726764679;0.04066045209765434,-0.07173977047204971,0.05292942374944687,-0.022780491039156914
;-6.6276750564575195;-5.709888941871077e-13,0.016174031421542168,-0.8216514587402344,0.4517154395580292;0.005870686378329992,0.37405067682266235,0.303162544965744,-0.11345414817333221;0.04095207527279854,-0.07179620116949081,0.052899181842803955,-0.02280428074300289
;-6.71013879776001;-5.961745311831856e-13,0.016203569248318672,-0.8202003836631775,0.451965868473053;0.0057848477736115456,0.3739931285381317,0.303841769695282,-0.11379359662532806;0.041246894747018814,-0.07185281813144684,0.05286891385912895,-0.02282816544175148
;-6.79292631149292;-6.22565421524307e-13,0.016233084723353386,-0.8187300562858582,0.4522125720977783;0.005699926055967808,0.3739352822303772,0.3045240044593811,-0.11413494497537613;0.041544921696186066,-0.07190964370965958,0.05283862352371216,-0.022852137684822083
;-6.876040935516357;-6.502233647343036e-13,0.016262566670775414,-0.8172402381896973,0.4524558484554291;0.005615910980850458,0.37387704849243164,0.3052093982696533,-0.1144782230257988;0.041846249252557755,-0.07196666300296783,0.05280830338597298,-0.022876210510730743
;-6.959485054016113;-6.792140092547194e-13,0.016292009502649307,-0.8157302141189575,0.45269539952278137;0.005532797891646624,0.37381842732429504,0.3058978319168091,-0.11482349783182144;0.042150937020778656,-0.0720238909125328,0.052777960896492004,-0.022900372743606567
;-7.043262004852295;-7.096080450672004e-13,0.016321415081620216,-0.8142001032829285,0.45293116569519043;0.00545057887211442,0.37375950813293457,0.3065894842147827,-0.1151706799864769;0.042458973824977875,-0.0720813199877739,0.05274759232997894,-0.0229246336966753
;-7.127374649047852;-7.414769210949135e-13,0.016350768506526947,-0.8126489520072937,0.4531632661819458;0.005369249265640974,0.37370020151138306,0.30728429555892944,-0.11551988124847412;0.042770471423864365,-0.0721389502286911,0.052717193961143494,-0.022948991507291794
;-7.211826324462891;-7.748992962054724e-13,0.0163800697773695,-0.8110766410827637,0.4533916115760803;0.0052888039499521255,0.3736404776573181,0.30798229575157166,-0.11587109416723251;0.04308544844388962,-0.07219679653644562,0.052686773240566254,-0.022973448038101196
;-7.2966203689575195;-8.09956702402248e-13,0.016409313306212425,-0.809482991695404,0.45361611247062683;0.005209237337112427,0.3735803961753845,0.30868351459503174,-0.11622434854507446;0.04340397194027901,-0.07225485146045685,0.052656326442956924,-0.022998003289103508
;-7.3817596435546875;-8.467357674388221e-13,0.01643848605453968,-0.8078672289848328,0.4538367986679077;0.005130541045218706,0.37352001667022705,0.30938804149627686,-0.11657962948083878;0.043726108968257904,-0.0723131075501442,0.052625853568315506,-0.02302265726029873
;-7.467247486114502;-8.853273474572487e-13,0.016467588022351265,-0.8062294125556946,0.4540535509586334;0.0050527057610452175,0.3734591603279114,0.3100958466529846,-0.11693701893091202;0.04405190050601959,-0.07237158715724945,0.0525953508913517,-0.023047413676977158
;-7.55308723449707;-9.258280990812051e-13,0.01649661362171173,-0.8045687675476074,0.45426619052886963;0.004975730087608099,0.3733980059623718,0.31080693006515503,-0.11729656159877777;0.04438140615820885,-0.07243028283119202,0.0525648258626461,-0.023072268813848495
;-7.639282703399658;-9.683400999452307e-13,0.016525551676750183,-0.8028849363327026,0.45447471737861633;0.004899606574326754,0.37333640456199646,0.31152135133743286,-0.11765815317630768;0.04471469670534134,-0.0724891945719719,0.05253427475690842,-0.02309722825884819
;-7.725836753845215;-1.0129717160564655e-12,0.016554394736886024,-0.8011779189109802,0.45467913150787354;0.004824330098927021,0.37327444553375244,0.3122391700744629,-0.11802192032337189;0.04505179822444916,-0.07254831492900848,0.05250369757413864,-0.023122288286685944
;-7.812753200531006;-1.0598366802228032e-12,0.016583139076828957,-0.7994467616081238,0.45487964153289795;0.00474989227950573,0.373212069272995,0.3129604458808899,-0.118387870490551;0.045392777770757675,-0.07260767370462418,0.05247309058904648,-0.023147456347942352
;-7.900035381317139;-1.1090558809864759e-12,0.016611773520708084,-0.7976913452148438,0.45507577061653137;0.00467628613114357,0.3731493353843689,0.3136851191520691,-0.11875605583190918;0.045737769454717636,-0.07266724109649658,0.052442457526922226,-0.023172730579972267
;-7.987687110900879;-1.1607573626240542e-12,0.01664029434323311,-0.795911431312561,0.4552674889564514;0.004603510722517967,0.3730860650539398,0.3144133388996124,-0.11912642419338226;0.04608677327632904,-0.07272704690694809,0.05241180211305618,-0.023198110982775688
;-8.075711250305176;-1.2150765419868814e-12,0.016668690368533134,-0.7941064238548279,0.45545512437820435;0.004531553480774164,0.37302249670028687,0.31514501571655273,-0.11949906498193741;0.04643983766436577,-0.07278706878423691,0.05238111689686775,-0.023223595693707466
;-8.16411304473877;-1.2721563169212913e-12,0.016696954146027565,-0.7922754883766174,0.45563822984695435;0.0044604139402508736,0.3729584813117981,0.31588026881217957,-0.11987395584583282;0.04679708927869797,-0.07284732908010483,0.05235040560364723,-0.023249192163348198
;-8.252894401550293;-1.332150318875125e-12,0.016725078225135803,-0.790418803691864,0.4558170735836029;0.004390079528093338,0.3728940784931183,0.3166191279888153,-0.12025599926710129;0.047158557921648026,-0.07290765643119812,0.05232028663158417,-0.023274898529052734
;-8.342060089111328;-1.3952164076846962e-12,0.016753051429986954,-0.7885358333587646,0.4559912085533142;0.004320553969591856,0.37282925844192505,0.3173615634441376,-0.12063553929328918;0.04752432182431221,-0.07296838611364365,0.05228952318429947,-0.023300712928175926
;-8.43161392211914;-1.4615262125539097e-12,0.01678086817264557,-0.786625862121582,0.45616090297698975;0.0042518251575529575,0.3727639615535736,0.31810763478279114,-0.1210222989320755;0.04789441078901291,-0.07302918285131454,0.052259352058172226,-0.02332664281129837
;-8.521559715270996;-1.5312605784051359e-12,0.016808517277240753,-0.7846890687942505,0.4563256800174713;0.004183883313089609,0.37269818782806396,0.318857342004776,-0.12141145765781403;0.04826900362968445,-0.07309022545814514,0.052229151129722595,-0.02335268445312977
;-8.611899375915527;-1.6046111921824702e-12,0.01683598756790161,-0.7827243208885193,0.4564860165119171;0.004116732161492109,0.3726320266723633,0.3196108937263489,-0.12180785834789276;0.04864805191755295,-0.07315134257078171,0.05219954624772072,-0.02337883971631527
;-8.702638626098633;-1.6817786312878225e-12,0.016863273456692696,-0.780731737613678,0.4566414952278137;0.004050360061228275,0.3725654184818268,0.3203681409358978,-0.12220676243305206;0.049031682312488556,-0.07321269810199738,0.05216991528868675,-0.023405110463500023
;-8.793781280517578;-1.7629791940546036e-12,0.01689036190509796,-0.7787107825279236,0.45679229497909546;0.0039847600273787975,0.37249839305877686,0.3211292028427124,-0.12260332703590393;0.04942002147436142,-0.07327447086572647,0.05213964357972145,-0.02343149669468403
;-8.885331153869629;-1.8484413218805562e-12,0.016917243599891663,-0.7766609191894531,0.4569380283355713;0.003919932991266251,0.37243086099624634,0.321894109249115,-0.12300721555948257;0.04981309175491333,-0.07333632558584213,0.05210995674133301,-0.023458002135157585
;-8.97729206085205;-1.9384066834299274e-12,0.016943905502557755,-0.7745818495750427,0.4570787250995636;0.0038558675441890955,0.37236288189888,0.3226628601551056,-0.12341368943452835;0.05021091550588608,-0.07339842617511749,0.05208025500178337,-0.023484623059630394
;-9.069668769836426;-2.0331306083143375e-12,0.01697033829987049,-0.772473156452179,0.4572142958641052;0.003792555071413517,0.37229442596435547,0.32343554496765137,-0.12382280081510544;0.05061371996998787,-0.07346078753471375,0.05205051973462105,-0.023511366918683052
;-9.162466049194336;-2.1328871828429907e-12,0.016996534541249275,-0.7703344821929932,0.4573448896408081;0.0037299985997378826,0.37222549319267273,0.3242122530937195,-0.12423447519540787;0.05102148652076721,-0.0735233947634697,0.05202076956629753,-0.02353822998702526
;-9.255687713623047;-2.237966756357679e-12,0.017022473737597466,-0.7681651711463928,0.45747020840644836;0.0036681846249848604,0.372156023979187,0.3249928653240204,-0.12464886903762817;0.051434312015771866,-0.07358626276254654,0.05199098959565163,-0.023565219715237617
;-9.349337577819824;-2.3486746401901737e-12,0.017048150300979614,-0.7659655213356018,0.45759037137031555;0.003607109421864152,0.37208622694015503,0.3257775604724884,-0.12506592273712158;0.05185232684016228,-0.07364939153194427,0.051961179822683334,-0.023592328652739525
;-9.443421363830566;-2.4653363118326554e-12,0.017073549330234528,-0.7637345194816589,0.4577051103115082;0.0035467713605612516,0.3720157742500305,0.3265663683414459,-0.12548568844795227;0.05227554962038994,-0.0737127810716629,0.05193135514855385,-0.02361956238746643
;-9.537942886352539;-2.5882987159803195e-12,0.01709865964949131,-0.7614719271659851,0.4578145444393158;0.0034871597308665514,0.37194493412971497,0.3273591697216034,-0.1259082406759262;0.052704185247421265,-0.07377643883228302,0.051901500672101974,-0.023646924644708633
;-9.632905960083008;-2.7179328666165903e-12,0.017123466357588768,-0.7591774463653564,0.4579182267189026;0.00342827127315104,0.37187349796295166,0.32815617322921753,-0.12633349001407623;0.05313820391893387,-0.07384036481380463,0.05187162011861801,-0.023674413561820984
;-9.728317260742188;-2.854628859683128e-12,0.017147956416010857,-0.7568510174751282,0.458016574382782;0.0033700992353260517,0.37180161476135254,0.3289574682712555,-0.12675663828849792;0.05357775464653969,-0.07390472292900085,0.05184109881520271,-0.02370203286409378
;-9.824179649353027;-2.9988025951332986e-12,0.01717211864888668,-0.7544917464256287,0.45810914039611816;0.003312640590593219,0.37172919511795044,0.32976293563842773,-0.1271875947713852;0.05402296781539917,-0.07396920025348663,0.05181116983294487,-0.023729782551527023
;-9.920499801635742;-3.1508981621769516e-12,0.017195936292409897,-0.7520995140075684,0.4581957757472992;0.0032558853272348642,0.371656209230423,0.3305726647377014,-0.12761647999286652;0.0544738806784153,-0.07403410971164703,0.051780592650175095,-0.023757662624120712
;-10.017281532287598;-3.311384803514339e-12,0.01721939444541931,-0.7496742010116577,0.45827651023864746;0.003199833445250988,0.3715827465057373,0.3313867747783661,-0.12805326282978058;0.0549306645989418,-0.07409913837909698,0.051750607788562775,-0.023785674944519997
;-10.11452865600586;-3.4807666731556663e-12,0.01724248193204403,-0.7472152709960938,0.4583515524864197;0.0031444751657545567,0.37150877714157104,0.33220526576042175,-0.12849296629428864;0.055393368005752563,-0.07416445016860962,0.05172060430049896,-0.023813823238015175
;-10.212247848510742;-3.659574813325017e-12,0.01726517826318741,-0.7447225451469421,0.4584205448627472;0.0030898076947778463,0.37143412232398987,0.3330281674861908,-0.12893569469451904;0.05586211755871773,-0.07423004508018494,0.05169057473540306,-0.023842107504606247
;-10.310441970825195;-3.84837908068425e-12,0.017287470400333405,-0.7421956658363342,0.4584832787513733;0.003035824280232191,0.37135908007621765,0.3338555693626404,-0.1293814480304718;0.056337010115385056,-0.07429592311382294,0.05166051909327507,-0.023870529606938362
;-10.409116744995117;-4.047778171673011e-12,0.017309339717030525,-0.7396342754364014,0.45854005217552185;0.0029825204983353615,0.3712833821773529,0.3346874713897705,-0.1298302561044693;0.056818194687366486,-0.07436210662126541,0.05163044109940529,-0.02389908954501152
;-10.508277893066406;-4.25842781176522e-12,0.017330773174762726,-0.7370383143424988,0.458590567111969;0.0029298884328454733,0.3712071180343628,0.33552396297454834,-0.1302821934223175;0.057305771857500076,-0.07442857325077057,0.05160033702850342,-0.02392778918147087
;-10.607929229736328;-4.481006277839983e-12,0.017351752147078514,-0.7344073057174683,0.45863449573516846;0.0028779287822544575,0.3711302876472473,0.33636510372161865,-0.13073721528053284;0.05779982730746269,-0.0744953379034996,0.051570210605859756,-0.023956630378961563
;-10.708076477050781;-4.716239117991128e-12,0.017372261732816696,-0.7317412495613098,0.4586721658706665;0.0028266303706914186,0.3710528314113617,0.33721092343330383,-0.13119548559188843;0.05830047279596329,-0.07456240057945251,0.051540058106184006,-0.023985616862773895
;-10.808725357055664;-4.964918233485438e-12,0.017392277717590332,-0.7290393710136414,0.45870301127433777;0.0027759901713579893,0.37097492814064026,0.3380614221096039,-0.13165691494941711;0.058807868510484695,-0.0746297687292099,0.05150987580418587,-0.02401474490761757
;-10.909879684448242;-5.2278628474844435e-12,0.017411787062883377,-0.7263022065162659,0.45872732996940613;0.0027260039933025837,0.3708963394165039,0.33891671895980835,-0.13212154805660248;0.059322092682123184,-0.07469744235277176,0.05147967115044594,-0.024044018238782883
;-11.011545181274414;-5.505966776259141e-12,0.01743076927959919,-0.7235291600227356,0.4587452709674835;0.002676665550097823,0.3708171844482422,0.33977681398391724,-0.13258947432041168;0.05984333157539368,-0.07476542890071869,0.05144944041967392,-0.024073440581560135
;-11.113727569580078;-5.800172842018725e-12,0.01744920015335083,-0.7207199931144714,0.4587557315826416;0.0026279694866389036,0.3707374632358551,0.3406418263912201,-0.13306070864200592;0.060371726751327515,-0.07483372092247009,0.05141918361186981,-0.024103010073304176
;-11.2164306640625;-6.111486750698392e-12,0.017467070370912552,-0.7178746461868286,0.4587596356868744;0.002579914638772607,0.3706570863723755,0.3415117859840393,-0.13353535532951355;0.06090732663869858,-0.07490233331918716,0.05138890817761421,-0.024132732301950455
;-11.319661140441895;-6.440991837108889e-12,0.017484350129961967,-0.7149927616119385,0.4587564170360565;0.0025324898306280375,0.37057608366012573,0.3423866629600525,-0.134013369679451;0.06145027279853821,-0.0749712586402893,0.05135859549045563,-0.02416260354220867
;-11.423422813415527;-6.789829115616541e-12,0.017501024529337883,-0.7120746970176697,0.4587462246417999;0.00248569343239069,0.3704944849014282,0.34326663613319397,-0.1344948559999466;0.062000758945941925,-0.07504051178693771,0.05132826045155525,-0.024192629382014275
;-11.527722358703613;-7.1592272041232086e-12,0.017517073079943657,-0.7091197967529297,0.45872870087623596;0.0024395205546170473,0.3704121708869934,0.34415167570114136,-0.13497981429100037;0.06255892664194107,-0.07511008530855179,0.051297906786203384,-0.024222811684012413
;-11.632564544677734;-7.550492349406301e-12,0.0175324697047472,-0.7061280012130737,0.4587038457393646;0.0023939672391861677,0.3703291714191437,0.3450419008731842,-0.1354682743549347;0.063124880194664,-0.07517998665571213,0.05126752331852913,-0.024253150448203087
;-11.737955093383789;-7.965035749013527e-12,0.01754719391465187,-0.7030994296073914,0.45867154002189636;0.002349025337025523,0.37024563550949097,0.3459373116493225,-0.13596031069755554;0.06369881331920624,-0.07525022327899933,0.051237113773822784,-0.024283645674586296
;-11.84389877319336;-8.404342326240322e-12,0.017561228945851326,-0.7000337839126587,0.458631694316864;0.00230469461530447,0.37016135454177856,0.34683799743652344,-0.1364559531211853;0.06428077816963196,-0.07532079517841339,0.05120668187737465,-0.02431429922580719
;-11.950400352478027;-8.870017567663702e-12,0.017574544996023178,-0.696931004524231,0.4585842490196228;0.0022609669249504805,0.37007638812065125,0.3477439880371094,-0.13695530593395233;0.06487102806568146,-0.07539169490337372,0.051176223903894424,-0.024345118552446365
;-12.057466506958008;-9.363761502290124e-12,0.017587117850780487,-0.6937911510467529,0.45852911472320557;0.002217838540673256,0.36999085545539856,0.3486553728580475,-0.13745824992656708;0.06546969711780548,-0.0754629448056221,0.05114573612809181,-0.024376098066568375
;-12.165102005004883;-9.88741120228065e-12,0.01759892702102661,-0.6906140446662903,0.45846614241600037;0.002175303176045418,0.3699045181274414,0.34957215189933777,-0.13796497881412506;0.06607694923877716,-0.07553452998399734,0.05111522972583771,-0.024407241493463516
;-12.273311614990234;-1.0442925170439654e-11,0.01760994642972946,-0.6873997449874878,0.4583950936794281;0.0021333571057766676,0.36981743574142456,0.3504944443702698,-0.1384754776954651;0.06669294834136963,-0.07560646533966064,0.051084693521261215,-0.02443855069577694
;-12.382102012634277;-1.1032379870767883e-11,0.017620155587792397,-0.6841483116149902,0.4583160877227783;0.002091999165713787,0.3697297275066376,0.35142236948013306,-0.13898973166942596;0.06731776148080826,-0.075678750872612,0.051054131239652634,-0.024470029398798943
;-12.491477012634277;-1.1658021770166727e-11,0.017629526555538177,-0.6808595657348633,0.4582289159297943;0.0020512195769697428,0.3696412444114685,0.3523559272289276,-0.1395079344511032;0.06795166432857513,-0.07575138658285141,0.05102354660630226,-0.024501673877239227
;-12.60144329071045;-1.2322264736353006e-11,0.017638033255934715,-0.6775335669517517,0.45813339948654175;0.0020110150799155235,0.3695520758628845,0.35329511761665344,-0.14002995193004608;0.06859482824802399,-0.07582438737154007,0.0509929321706295,-0.02453349344432354
;-12.712005615234375;-1.3027643200325123e-11,0.017645642161369324,-0.6741703152656555,0.45802947878837585;0.0019713821820914745,0.3694620728492737,0.35423994064331055,-0.14055591821670532;0.06924744695425034,-0.07589774578809738,0.05096229165792465,-0.024565480649471283
;-12.823169708251953;-1.3776930984921165e-11,0.01765233837068081,-0.6707700490951538,0.4579169750213623;0.0019323162268847227,0.3693713843822479,0.3551907539367676,-0.14108584821224213;0.06990960240364075,-0.07597145438194275,0.05093162879347801,-0.024597642943263054
;-12.934941291809082;-1.4573066711709437e-11,0.017658088356256485,-0.6673325896263123,0.45779579877853394;0.0018938123248517513,0.3692799210548401,0.3561473488807678,-0.14161989092826843;0.07058153301477432,-0.07604554295539856,0.05090093985199928,-0.024629980325698853
;-13.047325134277344;-1.5419212781586644e-11,0.01766286790370941,-0.6638579964637756,0.45766595005989075;0.0018558648880571127,0.36918768286705017,0.3571099042892456,-0.1421579122543335;0.07126346230506897,-0.07611999660730362,0.050870224833488464,-0.024662496522068977
;-13.160326957702637;-1.6318744966437038e-11,0.017666643485426903,-0.6603468060493469,0.457527220249176;0.0018184721702709794,0.36909469962120056,0.35807836055755615,-0.14270003139972687;0.07195555418729782,-0.07619483023881912,0.05083948001265526,-0.02469518966972828
;-13.273951530456543;-1.727530098138974e-11,0.017669392749667168,-0.6567984819412231,0.45737946033477783;0.0017816266044974327,0.3690008819103241,0.35905295610427856,-0.1432517021894455;0.0726580023765564,-0.07626985758543015,0.0508093498647213,-0.024728063493967056
;-13.388204574584961;-1.8292764872307465e-11,0.017671087756752968,-0.6532136797904968,0.45722270011901855;0.0017453241162002087,0.36890628933906555,0.36003363132476807,-0.14380761981010437;0.07337098568677902,-0.07634526491165161,0.050779204815626144,-0.02476111799478531
;-13.503089904785156;-1.9375308649149936e-11,0.017671693116426468,-0.6495923399925232,0.45705658197402954;0.0017095631919801235,0.36881083250045776,0.3610205352306366,-0.1443731188774109;0.074094757437706,-0.07642089575529099,0.05074966698884964,-0.024794355034828186
;-13.618612289428711;-2.0527414837379077e-11,0.01767118275165558,-0.6459346413612366,0.4568811357021332;0.0016743361484259367,0.3687146306037903,0.36201372742652893,-0.14494293928146362;0.07482944428920746,-0.0764968991279602,0.050720106810331345,-0.024827776476740837
;-13.734777450561523;-2.175386780434163e-11,0.01766953244805336,-0.6422405242919922,0.4566962718963623;0.0016396421706303954,0.36861759424209595,0.36301323771476746,-0.14551174640655518;0.07557529211044312,-0.0765734538435936,0.05068988353013992,-0.02486138418316841
;-13.851593971252441;-2.3059866516295102e-11,0.017666704952716827,-0.6385104656219482,0.45650172233581543;0.0016054718289524317,0.3685196340084076,0.36401912569999695,-0.1460794359445572;0.07633262127637863,-0.07665058225393295,0.05065898597240448,-0.02489517815411091
;-13.969064712524414;-2.4450911781381812e-11,0.017662672325968742,-0.6347445249557495,0.45629751682281494;0.0015718252398073673,0.36842089891433716,0.3650314211845398,-0.14665159583091736;0.07710152864456177,-0.07672810554504395,0.050628066062927246,-0.024929160252213478
;-14.087196350097656;-2.593299359976431e-11,0.017657402902841568,-0.6309431195259094,0.4560834765434265;0.001538695185445249,0.3683212399482727,0.3660503327846527,-0.1472281664609909;0.07788227498531342,-0.07680601626634598,0.05059712380170822,-0.024963337928056717
;-14.205994606018066;-2.7512506162175043e-11,0.017650863155722618,-0.627106249332428,0.4558594822883606;0.0015060766600072384,0.36822080612182617,0.36707574129104614,-0.1478091925382614;0.07867515087127686,-0.07688432931900024,0.05056615173816681,-0.024997703731060028
;-14.32546329498291;-2.9196322443025835e-11,0.017643030732870102,-0.6232344508171082,0.4556253254413605;0.0014739675680175424,0.36811941862106323,0.36810779571533203,-0.14839482307434082;0.07948034256696701,-0.07696304470300674,0.05053514987230301,-0.025032266974449158
;-14.445609092712402;-3.099184797683563e-11,0.017633868381381035,-0.6193277835845947,0.45538100600242615;0.0014423622051253915,0.36801713705062866,0.36914658546447754,-0.14898498356342316;0.08029801398515701,-0.07704217731952667,0.05050412192940712,-0.02506702020764351
;-14.566435813903809;-3.290703126657135e-11,0.01762334629893303,-0.6153866648674011,0.4551262855529785;0.0014112567296251655,0.36791396141052246,0.37019217014312744,-0.14957977831363678;0.08112859725952148,-0.07712172716856003,0.05047307536005974,-0.025101974606513977
;-14.687948226928711;-3.495041409062871e-11,0.017611434683203697,-0.6114113926887512,0.4548611044883728;0.0013806454371660948,0.36780983209609985,0.3712445795536041,-0.1501847505569458;0.08197218924760818,-0.07720150798559189,0.0504426471889019,-0.025137126445770264
;-14.81015396118164;-3.7131187013983435e-11,0.017598100006580353,-0.6074020862579346,0.45458537340164185;0.001350526581518352,0.3677047789096832,0.3723039925098419,-0.15078887343406677;0.08282909542322159,-0.07728186249732971,0.050411541014909744,-0.025172477588057518
;-14.933055877685547;-3.9459262246577254e-11,0.017583312466740608,-0.6033594012260437,0.45429885387420654;0.0013208927121013403,0.36759883165359497,0.37337028980255127,-0.15139783918857574;0.08369971066713333,-0.07736265659332275,0.050380412489175797,-0.02520803175866604
;-15.056659698486328;-4.194532221557523e-11,0.017567040398716927,-0.5992835164070129,0.45400142669677734;0.0012917411513626575,0.3674919307231903,0.3744437098503113,-0.15201151371002197;0.0845840647816658,-0.07744387537240982,0.05034925416111946,-0.025243785232305527
;-15.180970191955566;-4.4600812626471864e-11,0.01754925400018692,-0.5951749682426453,0.4536929726600647;0.0012630674755200744,0.36738401651382446,0.37552425265312195,-0.1526356041431427;0.08548256009817123,-0.07752534002065659,0.05031871795654297,-0.02527974545955658
;-15.305992126464844;-4.7438098588203914e-11,0.0175299234688282,-0.5910339951515198,0.45337343215942383;0.0012348684249445796,0.367275208234787,0.3766120374202728,-0.15326464176177979;0.08639545738697052,-0.07760722190141678,0.050288163125514984,-0.025315912440419197
;-15.431731224060059;-5.047046461315041e-11,0.017509015277028084,-0.5868611335754395,0.453042596578598;0.0012071371311321855,0.36716535687446594,0.37770700454711914,-0.15389294922351837;0.08732305467128754,-0.07768972218036652,0.05025693029165268,-0.02535228431224823
;-15.558192253112793;-5.371229502837416e-11,0.01748649775981903,-0.582656741142273,0.45270031690597534;0.0011798705672845244,0.3670544922351837,0.3788094222545624,-0.1545262187719345;0.08826564252376556,-0.07777265459299088,0.05022566765546799,-0.025388864800333977
;-15.685379981994629;-5.717908091451562e-11,0.017462339252233505,-0.578421413898468,0.45234665274620056;0.0011530643096193671,0.3669426739215851,0.3799191415309906,-0.15516449511051178;0.0892234519124031,-0.07785602658987045,0.050194378942251205,-0.025425657629966736
;-15.813300132751465;-6.088743398358076e-11,0.017436517402529716,-0.5741555094718933,0.45198115706443787;0.0011267145164310932,0.36682984232902527,0.3810364007949829,-0.15581341087818146;0.09019696712493896,-0.07793966680765152,0.050163716077804565,-0.02546265721321106
;-15.94195556640625;-6.485534331801546e-11,0.01740899868309498,-0.569859504699707,0.45160382986068726;0.0011008158326148987,0.3667159974575043,0.3821612000465393,-0.15646745264530182;0.09118632227182388,-0.0780237466096878,0.050133030861616135,-0.025499872863292694
;-16.071352005004883;-6.910220312628113e-11,0.017379751428961754,-0.5655339360237122,0.4512145519256592;0.0010753643000498414,0.3666010797023773,0.38329365849494934,-0.1571209579706192;0.09219183027744293,-0.07810843735933304,0.05010166019201279,-0.02553729899227619
;-16.201494216918945;-7.364893417349805e-11,0.017348753288388252,-0.5611793398857117,0.4508131742477417;0.001050355494953692,0.3664850890636444,0.3844337463378906,-0.15779098868370056;0.09321391582489014,-0.07819323241710663,0.05007157847285271,-0.0255749449133873
;-16.33238410949707;-7.85180392925966e-11,0.017315970733761787,-0.5567967295646667,0.45039963722229004;0.0010257853427901864,0.3663681149482727,0.3855815827846527,-0.1584663689136505;0.09425286948680878,-0.07827848941087723,0.05004147067666054,-0.025612803176045418
;-16.464027404785156;-8.373395726790633e-11,0.01728138141334057,-0.5523859262466431,0.44997358322143555;0.001001650234684348,0.3662499189376831,0.3867373466491699,-0.1591469794511795;0.09530897438526154,-0.07836418598890305,0.05001133680343628,-0.025650883093476295
;-16.5964298248291;-8.932301426289868e-11,0.01724495179951191,-0.5479480028152466,0.44953519105911255;0.000977943534962833,0.3661307990550995,0.3879009783267975,-0.15982721745967865;0.09638271480798721,-0.0784505158662796,0.049980517476797104,-0.025689180940389633
;-16.729597091674805;-9.531352096470158e-11,0.017206665128469467,-0.5434834957122803,0.4490840435028076;0.0009546633227728307,0.3660104274749756,0.38907256722450256,-0.16050700843334198;0.09747426956892014,-0.0785374864935875,0.04994902014732361,-0.02572769857943058
;-16.86353302001953;-1.0173634851229352e-10,0.017166487872600555,-0.5389928817749023,0.4486200213432312;0.0009318030206486583,0.36588895320892334,0.39025214314460754,-0.16119801998138428;0.09858410060405731,-0.07862474024295807,0.04991815611720085,-0.025766439735889435
;-16.998241424560547;-1.0862445665171805e-10,0.017124401405453682,-0.5344770550727844,0.44814324378967285;0.0009093597182072699,0.36576637625694275,0.39143988490104675,-0.16189441084861755;0.09971258044242859,-0.07871246337890625,0.04988725855946541,-0.025805404409766197
;-17.133724212646484;-1.1601371252556447e-10,0.017080379649996758,-0.5299367308616638,0.44765329360961914;0.0008873278857208788,0.3656426668167114,0.3926357626914978,-0.16260208189487457;0.10086002945899963,-0.07880047708749771,0.049856998026371,-0.025844592601060867
;-17.269989013671875;-1.2394293924522515e-10,0.01703440397977829,-0.5253722667694092,0.4471501410007477;0.0008657042635604739,0.3655177652835846,0.39383992552757263,-0.1633095145225525;0.10202683508396149,-0.07888912409543991,0.04982605576515198,-0.025884006172418594
;-17.40703773498535;-1.3245386731863817e-10,0.016986452043056488,-0.5207846164703369,0.44663378596305847;0.0008444832055829465,0.36539170145988464,0.39505240321159363,-0.1640283614397049;0.10321348905563354,-0.07897807657718658,0.04979575052857399,-0.025923648849129677
;-17.544876098632812;-1.4159191874529853e-10,0.01693650707602501,-0.5161744952201843,0.44610387086868286;0.0008236616849899292,0.3652644157409668,0.3962731957435608,-0.1647528111934662;0.1044202446937561,-0.07906750589609146,0.049765411764383316,-0.025963518768548965
;-17.683509826660156;-1.5140606823838e-10,0.016884541139006615,-0.511542558670044,0.44556036591529846;0.0008032339392229915,0.3651359975337982,0.39750242233276367,-0.16547705233097076;0.10564758628606796,-0.07915758341550827,0.049734391272068024,-0.02600361593067646
;-17.822938919067383;-1.6194941221403525e-10,0.016830548644065857,-0.506889820098877,0.44500309228897095;0.0007831969414837658,0.36500629782676697,0.3987402319908142,-0.16621288657188416;0.10689590126276016,-0.07924795895814896,0.04970400407910347,-0.026043947786092758
;-17.96316909790039;-1.732790994024569e-10,0.016774510964751244,-0.5022167563438416,0.444431871175766;0.0007635447545908391,0.3648753762245178,0.39998659491539,-0.16695444285869598;0.10816554725170135,-0.07933882623910904,0.04967359080910683,-0.026084506884217262
;-18.104204177856445;-1.8545734392638735e-10,0.01671641319990158,-0.4975243806838989,0.4438466727733612;0.0007442736532539129,0.3647432327270508,0.40124157071113586,-0.1677018254995346;0.10945714265108109,-0.07943017035722733,0.04964315891265869,-0.02612530253827572
;-18.246047973632812;-1.9855145305669453e-10,0.016656244173645973,-0.4928133487701416,0.4432472288608551;0.0007253787480294704,0.3646097779273987,0.40250521898269653,-0.16845504939556122;0.11077098548412323,-0.07952199876308441,0.04961270093917847,-0.02616632916033268
;-18.388704299926758;-2.1263407701255232e-10,0.016593990847468376,-0.48808473348617554,0.4426335096359253;0.0007068564300425351,0.3644751310348511,0.4037776589393616,-0.16921409964561462;0.1121075302362442,-0.07961432635784149,0.049582213163375854,-0.026207594200968742
;-18.532176971435547;-2.2778424979552625e-10,0.016529640182852745,-0.48333925008773804,0.44200533628463745;0.0006887017516419291,0.364339143037796,0.40505897998809814,-0.1699790209531784;0.11346732079982758,-0.07970713824033737,0.04955170303583145,-0.026249095797538757
;-18.676469802856445;-2.440873614339978e-10,0.01646319217979908,-0.47857773303985596,0.441362589597702;0.000670909765176475,0.3642018437385559,0.40634918212890625,-0.17074991762638092;0.1148507222533226,-0.07980044186115265,0.04952116683125496,-0.026290830224752426
;-18.82158660888672;-2.6163582411697917e-10,0.016394639387726784,-0.4738011956214905,0.4407050609588623;0.0006534773856401443,0.3640632927417755,0.40764835476875305,-0.17152681946754456;0.11625822633504868,-0.07989422976970673,0.049490608274936676,-0.026332806795835495
;-18.967531204223633;-2.8053023792828924e-10,0.01632397621870041,-0.4690103828907013,0.4400326609611511;0.0006363981519825757,0.3639233410358429,0.4089565575122833,-0.17230971157550812;0.11769039183855057,-0.07998853176832199,0.049460023641586304,-0.026375018060207367
;-19.114307403564453;-3.008794602354925e-10,0.016251198947429657,-0.46420639753341675,0.43934521079063416;0.0006196689209900796,0.3637821078300476,0.4102737605571747,-0.17309866845607758;0.11914776265621185,-0.08008332550525665,0.049429409205913544,-0.026417475193738937
;-19.261917114257812;-3.228013134570773e-10,0.016176313161849976,-0.45939019322395325,0.43864259123802185;0.0006032850942574441,0.3636394739151001,0.41160014271736145,-0.1738937497138977;0.12063069641590118,-0.0801786258816719,0.04939877241849899,-0.02646017260849476
;-19.410362243652344;-3.4642388957450976e-10,0.016099315136671066,-0.4545624554157257,0.43792465329170227;0.0005872415495105088,0.36349543929100037,0.4129358232021332,-0.17469489574432373;0.12213978171348572,-0.08027443289756775,0.04936810955405235,-0.02650311030447483
;-19.559650421142578;-3.718859109547168e-10,0.016020214185118675,-0.44972434639930725,0.43719130754470825;0.0005715350271202624,0.3633500635623932,0.4142806828022003,-0.1755022406578064;0.12367555499076843,-0.08037073165178299,0.049337420612573624,-0.0265462938696146
;-19.70978355407715;-3.993379793509888e-10,0.015939010307192802,-0.4448769986629486,0.4364422559738159;0.0005561595316976309,0.3632032573223114,0.4156349003314972,-0.1763157993555069;0.1252385675907135,-0.08046754449605942,0.0493067130446434,-0.02658971957862377
;-19.860763549804688;-4.2894343632582377e-10,0.015855714678764343,-0.4400210678577423,0.43567758798599243;0.0005411117454059422,0.363055020570755,0.4169984459877014,-0.17713558673858643;0.1268293857574463,-0.08056486397981644,0.04927597567439079,-0.02663339301943779
;-20.01259422302246;-4.6087983429643486e-10,0.01577034220099449,-0.4351576864719391,0.4348970353603363;0.0005263863713480532,0.3629054129123688,0.4183714687824249,-0.17796161770820618;0.1284485161304474,-0.08066269755363464,0.049245208501815796,-0.026677312329411507
;-20.1652774810791;-4.953396581797165e-10,0.015682902187108994,-0.43028780817985535,0.4341006278991699;0.0005119798006489873,0.36275434494018555,0.4197539985179901,-0.17879392206668854;0.13009652495384216,-0.08076103776693344,0.04921442270278931,-0.026721473783254623
;-20.318819046020508;-5.325317964377518e-10,0.015593407675623894,-0.425412654876709,0.43328800797462463;0.0004978865035809577,0.3626018464565277,0.421146035194397,-0.17963263392448425;0.1317741721868515,-0.08085989952087402,0.04918360710144043,-0.026765884831547737
;-20.473220825195312;-5.726839003017403e-10,0.01550187636166811,-0.42053303122520447,0.43245914578437805;0.0004841029876843095,0.3624477982521057,0.4225476086139679,-0.18047766387462616;0.13348184525966644,-0.08095928281545639,0.049152765423059464,-0.026810545474290848
;-20.62848472595215;-6.160421617273926e-10,0.015408328734338284,-0.41565006971359253,0.431613951921463;0.0004706243344116956,0.3622923195362091,0.4239589273929596,-0.18132911622524261;0.13522033393383026,-0.08105918020009995,0.049121905118227005,-0.026855457574129105
;-20.78461456298828;-6.628749771309117e-10,0.015312784351408482,-0.4107649028301239,0.4307522177696228;0.00045744568342342973,0.36213529109954834,0.42537984251976013,-0.18218708038330078;0.13699018955230713,-0.08115959167480469,0.04909101128578186,-0.02690061926841736
;-20.941612243652344;-7.134728918778421e-10,0.01521526463329792,-0.405878484249115,0.42987382411956787;0.0004445634549483657,0.3619767427444458,0.4268105626106262,-0.18305151164531708;0.1387920081615448,-0.08126053214073181,0.04906009882688522,-0.02694603055715561
;-21.099483489990234;-7.68153263219773e-10,0.01511580403894186,-0.40099188685417175,0.4289786219596863;0.00043197281775064766,0.3618166446685791,0.42825108766555786,-0.18392249941825867;0.1406264752149582,-0.08136199414730072,0.0490291565656662,-0.026991697028279305
;-21.258228302001953;-8.272592610936158e-10,0.015014423057436943,-0.39610615372657776,0.4280664324760437;0.0004196689696982503,0.36165496706962585,0.4297013580799103,-0.1847999542951584;0.1424943059682846,-0.08146398514509201,0.048998188227415085,-0.027037614956498146
;-21.417848587036133;-8.911644200360058e-10,0.014911157079041004,-0.3912225067615509,0.4271373450756073;0.0004076482728123665,0.36149168014526367,0.43116164207458496,-0.18568411469459534;0.144396111369133,-0.08156649768352509,0.04896719753742218,-0.027083788067102432
;-21.578350067138672;-9.602768580307952e-10,0.014806034974753857,-0.38634192943573,0.42619115114212036;0.0003959056339226663,0.3613268733024597,0.4326317608356476,-0.1865748018026352;0.14633268117904663,-0.08166953921318054,0.04893617704510689,-0.027130214497447014
;-21.739734649658203;-1.0350369450407015e-9,0.014699093997478485,-0.38146552443504333,0.425227552652359;0.0003844368038699031,0.36116036772727966,0.4341118633747101,-0.18747220933437347;0.14830464124679565,-0.08177310973405838,0.048905134201049805,-0.02717689797282219
;-21.90200424194336;-1.1159267954141683e-9,0.014590369537472725,-0.37659430503845215,0.42424657940864563;0.0003732375043909997,0.3609922230243683,0.43560200929641724,-0.18837635219097137;0.15031279623508453,-0.0818772166967392,0.04887406527996063,-0.02722383849322796
;-22.065160751342773;-1.2034684360173742e-9,0.014479897916316986,-0.37172943353652954,0.42324820160865784;0.0003623033408075571,0.3608224391937256,0.4371022582054138,-0.18928717076778412;0.1523577719926834,-0.08198186010122299,0.04884297028183937,-0.027271034196019173
;-22.229206085205078;-1.2982310781950446e-9,0.01436772383749485,-0.3668719232082367,0.42223209142684937;0.0003516302676871419,0.36065104603767395,0.43861255049705505,-0.19020479917526245;0.15444035828113556,-0.08208703249692917,0.04881184920668602,-0.02731848508119583
;-22.39414405822754;-1.4008345594618277e-9,0.014253884553909302,-0.3620227873325348,0.4211982786655426;0.0003412134828977287,0.36047786474227905,0.4401329755783081,-0.1911291927099228;0.156561478972435,-0.08219274133443832,0.04878069832921028,-0.02736619859933853
;-22.559978485107422;-1.5119510088368315e-9,0.014138425700366497,-0.3571834862232208,0.42014655470848083;0.0003310487372800708,0.36030304431915283,0.441663533449173,-0.1920604705810547;0.1587217152118683,-0.08229898661375046,0.04874952509999275,-0.027414171025156975
;-22.72671127319336;-1.6323150608954506e-9,0.014021399430930614,-0.35235485434532166,0.4190768897533417;0.0003211319854017347,0.3601264953613281,0.4432043135166168,-0.19299857318401337;0.16092200577259064,-0.08240577578544617,0.048718325793743134,-0.027462400496006012
;-22.89434242248535;-1.762723189635551e-9,0.013902847655117512,-0.3475378453731537,0.4179891049861908;0.0003114591527264565,0.35994818806648254,0.44475534558296204,-0.19394361972808838;0.16316311061382294,-0.08251310139894485,0.048687100410461426,-0.02751089073717594
;-23.062875747680664;-1.904045809908439e-9,0.013782822526991367,-0.3427336812019348,0.4168831706047058;0.0003020252916030586,0.3597681224346161,0.4463166296482086,-0.19489556550979614;0.16544590890407562,-0.08262097835540771,0.04865584895014763,-0.027559645473957062
;-23.232315063476562;-2.0572270553742555e-9,0.01366137433797121,-0.3379434645175934,0.41575887799263;0.00029282670584507287,0.35958626866340637,0.44788822531700134,-0.1958545297384262;0.16777123510837555,-0.08272939175367355,0.04862457141280174,-0.027608662843704224
;-23.40266227722168;-2.2232964358437357e-9,0.013538560830056667,-0.3331682085990906,0.414616197347641;0.0002838590880855918,0.3594025671482086,0.44947007298469543,-0.1968204528093338;0.17014002799987793,-0.08283834904432297,0.04859326779842377,-0.02765793912112713
;-23.57391929626465;-2.4033770529285903e-9,0.013414427638053894,-0.32840895652770996,0.41345489025115967;0.0002751183928921819,0.3592171370983124,0.45106226205825806,-0.19779352843761444;0.17255312204360962,-0.08294785767793655,0.0485619381070137,-0.027707483619451523
;-23.7460880279541;-2.5986879315098577e-9,0.013289036229252815,-0.32366684079170227,0.412275105714798;0.00026659996365197003,0.3590297996997833,0.4526648223400116,-0.1987735629081726;0.17501142621040344,-0.08305791020393372,0.04853058606386185,-0.02775728702545166
;-23.919172286987305;-2.810558452637224e-9,0.013162440620362759,-0.3189428746700287,0.41107651591300964;0.00025830010417848825,0.3588406443595886,0.45427772402763367,-0.1997607797384262;0.1775158792734146,-0.08316851407289505,0.048499200493097305,-0.027807360514998436
;-24.093175888061523;-3.04043856758085e-9,0.01303469855338335,-0.3142381012439728,0.4098590910434723;0.00025021476903930306,0.3586495816707611,0.45590099692344666,-0.20075516402721405;0.18006755411624908,-0.08327967673540115,0.04846779257059097,-0.027857694774866104
;-24.268098831176758;-3.2899065693925422e-9,0.012905871495604515,-0.3095535635948181,0.4086228013038635;0.00024233944714069366,0.35845670104026794,0.45753470063209534,-0.20175668597221375;0.18266722559928894,-0.08339139074087143,0.04843635857105255,-0.02790829725563526
;-24.443944931030273;-3.5606795290021864e-9,0.01277601532638073,-0.3048902153968811,0.4073675870895386;0.00023467066057492048,0.3582618236541748,0.4591788053512573,-0.20276539027690887;0.18531614542007446,-0.08350365608930588,0.04840489849448204,-0.02795916609466076
;-24.620716094970703;-3.854630836741535e-9,0.012645191513001919,-0.3002491593360901,0.40609318017959595;0.00022720392735209316,0.35806506872177124,0.4608334004878998,-0.20378144085407257;0.18801511824131012,-0.0836164727807045,0.04837341606616974,-0.028010305017232895
;-24.798416137695312;-4.173799528217614e-9,0.012513461522758007,-0.2956312894821167,0.4047996699810028;0.00021993572590872645,0.3578662872314453,0.46249833703041077,-0.2048047035932541;0.19076520204544067,-0.08372985571622849,0.04834190011024475,-0.02806171029806137
;-24.977046966552734;-4.52040582743507e-9,0.012380885891616344,-0.29103758931159973,0.4034869074821472;0.00021286177798174322,0.3576655685901642,0.464173823595047,-0.20583537220954895;0.19356760382652283,-0.08384378999471664,0.04831036180257797,-0.028113385662436485
;-25.156612396240234;-4.896877570104152e-9,0.012247526086866856,-0.2864692211151123,0.40215474367141724;0.0002059783146250993,0.3574628233909607,0.46585968136787415,-0.20687344670295715;0.19642330706119537,-0.08395829051733017,0.048278797417879105,-0.028165331110358238
;-25.337114334106445;-5.305850869774531e-9,0.012113449163734913,-0.28192687034606934,0.40080317854881287;0.00019928152323700488,0.35725805163383484,0.46755602955818176,-0.2079189121723175;0.19933347404003143,-0.08407334983348846,0.04824720695614815,-0.02821754850447178
;-25.518556594848633;-5.750195875009467e-9,0.011978711932897568,-0.2774115800857544,0.39943215250968933;0.00019276731472928077,0.35705119371414185,0.4692628085613251,-0.20897187292575836;0.20229919254779816,-0.08418897539377213,0.0482155866920948,-0.028270039707422256
;-25.70094108581543;-6.2330594019499586e-9,0.011843383312225342,-0.27292436361312866,0.3980415463447571;0.00018643232760950923,0.3568423390388489,0.47098004817962646,-0.21003231406211853;0.20532163977622986,-0.08430517464876175,0.04818394035100937,-0.028322800993919373
;-25.8842716217041;-6.757842285765037e-9,0.011707519181072712,-0.2684660851955414,0.3966312110424042;0.00018027250189334154,0.35663121938705444,0.47270768880844116,-0.21110031008720398;0.2084021270275116,-0.08442193269729614,0.048152271658182144,-0.028375837951898575
;-26.068552017211914;-7.3282735435498125e-9,0.011571185663342476,-0.2640376091003418,0.3952012062072754;0.0001742841413943097,0.3564181625843048,0.4744457006454468,-0.21217593550682068;0.21154171228408813,-0.0845392644405365,0.04812057316303253,-0.028429150581359863
;-26.2537841796875;-7.948395719381551e-9,0.011434449814260006,-0.259639710187912,0.3937514126300812;0.0001684637099970132,0.35620278120040894,0.4761941730976105,-0.21325919032096863;0.21474163234233856,-0.08465716987848282,0.04808884486556053,-0.02848273515701294
;-26.439973831176758;-8.622637714950088e-9,0.011297366581857204,-0.25527340173721313,0.392281711101532;0.0001628074242034927,0.3559853434562683,0.47795307636260986,-0.2143501490354538;0.21800321340560913,-0.0847756490111351,0.04805709421634674,-0.0285365991294384
;-26.62712287902832;-9.355820118628344e-9,0.011160003021359444,-0.25093936920166016,0.39079219102859497;0.00015731182065792382,0.355765700340271,0.4797222912311554,-0.2154487818479538;0.22132790088653564,-0.08489470928907394,0.04802531749010086,-0.028590742498636246
;-26.815235137939453;-1.0153180518557292e-8,0.0110224150121212,-0.24663862586021423,0.389282763004303;0.00015197336324490607,0.35554373264312744,0.48150181770324707,-0.21655525267124176;0.22471678256988525,-0.08501434326171875,0.04799351468682289,-0.028645161539316177
;-27.004316329956055;-1.1020434342867702e-8,0.010884666815400124,-0.24237170815467834,0.38775333762168884;0.00014678844308946282,0.3553195893764496,0.4832916855812073,-0.2176695168018341;0.2281714379787445,-0.08513454347848892,0.04796168580651283,-0.028699861839413643
;-27.194368362426758;-1.196381393953061e-8,0.010746820829808712,-0.23813951015472412,0.3862038850784302;0.00014175362593960017,0.3550931513309479,0.4850918650627136,-0.2187916487455368;0.23169298470020294,-0.08525534719228745,0.047929827123880386,-0.02875484526157379
;-27.38539695739746;-1.2990112097099882e-8,0.010608932934701443,-0.23394285142421722,0.3846343159675598;0.00013686544843949378,0.35486435890197754,0.48690229654312134,-0.2199217826128006;0.23528318107128143,-0.08537672460079193,0.04789793863892555,-0.028810109943151474
;-27.577404022216797;-1.4106724677276361e-8,0.010471063666045666,-0.22978246212005615,0.383044570684433;0.00013212072371970862,0.35463330149650574,0.4887230098247528,-0.2210598587989807;0.2389431744813919,-0.08549870550632477,0.04786602407693863,-0.02886565774679184
;-27.770395278930664;-1.532170301743463e-8,0.010333266109228134,-0.22565893828868866,0.3814346194267273;0.00012751600297633559,0.35439980030059814,0.4905538558959961,-0.22220604121685028;0.2426747977733612,-0.08562126755714417,0.047834087163209915,-0.028921490535140038
;-27.96437644958496;-1.6643824096718163e-8,0.010195601731538773,-0.221573144197464,0.3798045217990875;0.00012304795382078737,0.3541639745235443,0.4923948645591736,-0.22336019575595856;0.24647916853427887,-0.08574442565441132,0.047802120447158813,-0.02897760644555092
;-28.159351348876953;-1.8082648267636614e-8,0.01005812268704176,-0.2175256311893463,0.37815412878990173;0.00011871352035086602,0.3539257347583771,0.4942460358142853,-0.22452254593372345;0.2503581643104553,-0.08586817234754562,0.04777012765407562,-0.02903401292860508
;-28.35532569885254;-1.9648593863053065e-8,0.009920887649059296,-0.21351712942123413,0.3764835298061371;0.00011450933379819617,0.35368502140045166,0.49610722064971924,-0.22569315135478973;0.25431323051452637,-0.08599252998828888,0.04773811623454094,-0.029090706259012222
;-28.55230140686035;-2.1352988710532372e-8,0.00978394690901041,-0.2095482051372528,0.37479260563850403;0.00011043237464036793,0.35344186425209045,0.49797841906547546,-0.22687198221683502;0.25834599137306213,-0.08611747622489929,0.04770606756210327,-0.029147690162062645
;-28.750288009643555;-2.3208192700963082e-8,0.009647355414927006,-0.20561951398849487,0.3730812668800354;0.00010647957242326811,0.3531962037086487,0.4998595416545868,-0.22805918753147125;0.2624581456184387,-0.08624304085969925,0.04767399653792381,-0.029204966500401497
;-28.949291229248047;-2.5227651079262614e-8,0.009511159732937813,-0.2017315924167633,0.37134960293769836;0.00010264784941682592,0.3529479503631592,0.5017505288124084,-0.22925472259521484;0.266651451587677,-0.08636920154094696,0.04764189571142197,-0.029262535274028778
;-29.149314880371094;-2.742598859128975e-8,0.009375411085784435,-0.19788509607315063,0.3695976138114929;0.00009893416427075863,0.35269710421562195,0.5036513209342957,-0.2304587960243225;0.27092769742012024,-0.08649598807096481,0.04760976880788803,-0.029320400208234787
;-29.350366592407227;-2.981914448696443e-8,0.009240157902240753,-0.19408057630062103,0.36782512068748474;0.00009533560660202056,0.3524436950683594,0.505561888217926,-0.23167137801647186;0.27528858184814453,-0.08662337809801102,0.04757761210203171,-0.029378563165664673
;-29.55245018005371;-3.242445956175288e-8,0.009105446748435497,-0.1903185397386551,0.3660323917865753;0.00009184930240735412,0.3521875739097595,0.5074821710586548,-0.23289267718791962;0.279735803604126,-0.08675139397382736,0.047545433044433594,-0.029437022283673286
;-29.755577087402344;-3.52607791853643e-8,0.008971319533884525,-0.18659955263137817,0.36421918869018555;0.00008847232675179839,0.35192883014678955,0.5094118714332581,-0.23412258923053741;0.28427156805992126,-0.08688003569841385,0.04751322418451309,-0.029495785012841225
;-29.95975112915039;-3.83486629118579e-8,0.008837825618684292,-0.18292400240898132,0.362385630607605;0.00008520200935890898,0.3516673743724823,0.5113512873649597,-0.2353612631559372;0.28889766335487366,-0.08700929582118988,0.0474809892475605,-0.02955484762787819
;-30.164979934692383;-4.17103969141408e-8,0.00870500411838293,-0.1792924851179123,0.3605315685272217;0.00008203547622542828,0.35140305757522583,0.5133000016212463,-0.23660887777805328;0.2936158776283264,-0.08713920414447784,0.04744872450828552,-0.029614219442009926
;-30.37127113342285;-4.5370260437493926e-8,0.008572894148528576,-0.17570547759532928,0.35865718126296997;0.00007897013711044565,0.35113605856895447,0.5152580142021179,-0.23786534368991852;0.298428475856781,-0.08726973086595535,0.047416433691978455,-0.029673894867300987
;-30.578632354736328;-4.9354699882542263e-8,0.00844153854995966,-0.17216339707374573,0.3567624092102051;0.00007600325625389814,0.3508661687374115,0.5172253251075745,-0.23913080990314484;0.30333736538887024,-0.08740091323852539,0.0473841167986393,-0.02973388135433197
;-30.787071228027344;-5.369227551454969e-8,0.008310971781611443,-0.16866670548915863,0.3548472821712494;0.00007313227979466319,0.35059332847595215,0.5192017555236816,-0.24040549993515015;0.30834460258483887,-0.08753273636102676,0.04735177010297775,-0.029794177040457726
;-30.996599197387695;-5.841427608288541e-8,0.00818122923374176,-0.16521577537059784,0.35291174054145813;0.00007035457383608446,0.35031771659851074,0.5211871862411499,-0.2416893094778061;0.31345251202583313,-0.08766520768404007,0.04731939733028412,-0.02985478937625885
;-31.207223892211914;-6.355445947292537e-8,0.008052347227931023,-0.1618112027645111,0.35095587372779846;0.00006766773731214926,0.350039005279541,0.5231814384460449,-0.24298246204853058;0.31866341829299927,-0.0877983421087265,0.047286998480558395,-0.029915716499090195
;-31.41895294189453;-6.914970640536922e-8,0.007924358360469341,-0.15845319628715515,0.3489797115325928;0.00006506930367322639,0.3497573435306549,0.5251845121383667,-0.24428501725196838;0.3239792287349701,-0.08793213218450546,0.047254569828510284,-0.029976963996887207
;-31.63179588317871;-7.523983924784261e-8,0.007797292899340391,-0.15514226257801056,0.3469831645488739;0.00006255681364564225,0.34947270154953003,0.5271962881088257,-0.24559693038463593;0.32940247654914856,-0.08806657791137695,0.047222111374139786,-0.030038531869649887
;-31.845766067504883;-8.186821531808164e-8,0.0076711829751729965,-0.15187886357307434,0.34496644139289856;0.00006012790618115105,0.34918496012687683,0.5292165875434875,-0.24691852927207947;0.3349354863166809,-0.08820170909166336,0.047189630568027496,-0.030100425705313683
;-32.06087112426758;-8.908176596378325e-8,0.007546054199337959,-0.14866334199905396,0.3429293632507324;0.00005778026388725266,0.34889402985572815,0.5312452912330627,-0.248249813914299;0.34058091044425964,-0.08833751827478409,0.04715712368488312,-0.030162643641233444
;-32.277122497558594;-9.693152946965711e-8,0.007421933580189943,-0.14549614489078522,0.3408720791339874;0.00005551166759687476,0.34860000014305115,0.5332821607589722,-0.2495908886194229;0.34634095430374146,-0.08847401291131973,0.04712458327412605,-0.030225196853280067
;-32.494529724121094;-1.0547269368998968e-7,0.0072988467290997505,-0.14237767457962036,0.33879467844963074;0.00005331989086698741,0.3483026921749115,0.535327136516571,-0.2509419023990631;0.3522181808948517,-0.08861120045185089,0.047092024236917496,-0.030288079753518105
;-32.71310806274414;-1.1476517158826027e-7,0.007176817394793034,-0.13930845260620117,0.33669713139533997;0.00005120271453051828,0.3480021357536316,0.5373801589012146,-0.25230297446250916;0.35821524262428284,-0.08874908089637756,0.04705943167209625,-0.0303513016551733
;-32.932865142822266;-1.248736793968419e-7,0.007055866997689009,-0.1362888067960739,0.3345794081687927;0.000049158046749653295,0.3476981818675995,0.5394407510757446,-0.2536742389202118;0.36433500051498413,-0.08888767659664154,0.04702680930495262,-0.030414864420890808
;-33.15381622314453;-1.358683334728994e-7,0.006936017423868179,-0.13331934809684753,0.3324415981769562;0.00004718381751445122,0.34739089012145996,0.5415090322494507,-0.2550557851791382;0.37057986855506897,-0.08902698010206223,0.0469941608607769,-0.030478771775960922
;-33.375972747802734;-1.4782521873257792e-7,0.006817286368459463,-0.13040049374103546,0.3302837610244751;0.000045277953176992014,0.3470801115036011,0.5435847640037537,-0.25644782185554504;0.376953125,-0.08916700631380081,0.04696148633956909,-0.030543027445673943
;-33.59934997558594;-1.6082636022929364e-7,0.006699695251882076,-0.12753264605998993,0.3281060457229614;0.000043438529246486723,0.3467658758163452,0.5456677079200745,-0.2578502893447876;0.3834570050239563,-0.0893077477812767,0.046928782016038895,-0.03060763329267502
;-33.82395935058594;-1.7496044790732412e-7,0.006583258509635925,-0.12471648305654526,0.325908362865448;0.00004166353028267622,0.34644803404808044,0.547757625579834,-0.2592635750770569;0.39009496569633484,-0.08944924175739288,0.04689604789018631,-0.030672594904899597
;-34.04981231689453;-1.9032309239719325e-7,0.006467989645898342,-0.12195254862308502,0.32369089126586914;0.00003995112274424173,0.34612658619880676,0.5498542785644531,-0.2606876790523529;0.3968696892261505,-0.08959146589040756,0.046863287687301636,-0.030737917870283127
;-34.27692794799805;-2.0701791925148427e-7,0.006353906821459532,-0.1192413717508316,0.32145360112190247;0.00003829941852018237,0.34580153226852417,0.5519576668739319,-0.2621228098869324;0.4037843346595764,-0.08973444253206253,0.04683050140738487,-0.030803600326180458
;-34.50532150268555;-2.2515611419748893e-7,0.006241019815206528,-0.1165836751461029,0.31919658184051514;0.000036706616810988635,0.34547269344329834,0.5540673732757568,-0.2635689675807953;0.4108419418334961,-0.08987818658351898,0.04679768532514572,-0.030869653448462486
;-34.735008239746094;-2.4485808580720914e-7,0.006129341199994087,-0.11398014426231384,0.31691989302635193;0.000035170935007045045,0.3451400697231293,0.5561831593513489,-0.2650265097618103;0.41804611682891846,-0.09002270549535751,0.04676483944058418,-0.03093608096241951
;-34.96600341796875;-2.6625329496710037e-7,0.00601887796074152,-0.11143151670694351,0.3146236836910248;0.0000336906268785242,0.3448036015033722,0.5583049654960632,-0.26649558544158936;0.4253997206687927,-0.09016799926757812,0.04673197120428085,-0.03100288286805153
;-35.19832229614258;-2.8948082331226033e-7,0.005909644067287445,-0.1089385449886322,0.3123078942298889;0.00003226405897294171,0.3444632291793823,0.5604323148727417,-0.26797613501548767;0.4329063296318054,-0.09031407535076141,0.04669906944036484,-0.03107006661593914
;-35.431983947753906;-3.1469031114284007e-7,0.005801643710583448,-0.10650207102298737,0.30997273325920105;0.000030889565096003935,0.3441188633441925,0.5625652074813843,-0.2694685459136963;0.440569132566452,-0.09046096354722977,0.046666137874126434,-0.031137635931372643
;-35.66700744628906;-3.4204276744276285e-7,0.005694887600839138,-0.10412301123142242,0.3076181411743164;0.00002956550451926887,0.34377041459083557,0.5647029280662537,-0.27097287774086;0.448391854763031,-0.09060865640640259,0.04663318395614624,-0.031205596402287483
;-35.90340805053711;-3.7171025724092033e-7,0.005589377135038376,-0.1018022894859314,0.3052442967891693;0.00002829034929163754,0.34341785311698914,0.5668455958366394,-0.27248942852020264;0.4563780128955841,-0.09075717628002167,0.04660020023584366,-0.03127395734190941
;-36.14120101928711;-4.0387791955254215e-7,0.005485121626406908,-0.09954074770212173,0.30285128951072693;0.000027062567824032158,0.34306105971336365,0.5689926743507385,-0.2740183472633362;0.4645313024520874,-0.09090650826692581,0.04656718671321869,-0.03134271875023842
;-36.380409240722656;-4.3874393895748653e-7,0.005382120609283447,-0.09733939915895462,0.30043911933898926;0.000025880703105940484,0.34269994497299194,0.5711439847946167,-0.2755596935749054;0.47285524010658264,-0.0910566970705986,0.04653414711356163,-0.03141188248991966
;-36.62105178833008;-4.765195171785308e-7,0.005280380602926016,-0.0951990857720375,0.2980079650878906;0.000024743272660998628,0.34233447909355164,0.5732991099357605,-0.27711379528045654;0.4813535213470459,-0.09120773524045944,0.046501077711582184,-0.031481463462114334
;-36.8631477355957;-5.174310331312881e-7,0.0051799011416733265,-0.09312068670988083,0.29555797576904297;0.000023648874048376456,0.34196463227272034,0.575457751750946,-0.27868080139160156;0.4900302290916443,-0.09135964512825012,0.04646797850728035,-0.03155146539211273
;-37.106719970703125;-5.617190481643775e-7,0.005080683622509241,-0.09110498428344727,0.2930890917778015;0.000022596124836127274,0.34159016609191895,0.5776194334030151,-0.28026971220970154;0.49888941645622253,-0.09151222556829453,0.046435579657554626,-0.031621888279914856
;-37.35178756713867;-6.096407219047251e-7,0.004982728511095047,-0.08915256708860397,0.2906014323234558;0.000021583702618954703,0.34121111035346985,0.5797839164733887,-0.2818633019924164;0.5079348087310791,-0.09166589379310608,0.04640242084860802,-0.0316927433013916
;-37.59836959838867;-6.614687322326063e-7,0.004886035807430744,-0.08726388216018677,0.2880952060222626;0.000020610283172572963,0.3408273458480835,0.5819507837295532,-0.2834792733192444;0.5171706080436707,-0.09182026982307434,0.04636996611952782,-0.03176403418183327
;-37.846492767333984;-7.174930942710489e-7,0.004790604114532471,-0.08543913066387177,0.28557053208351135;0.000019674635041155852,0.3404388129711151,0.5841196179389954,-0.28510016202926636;0.5266007781028748,-0.09197576344013214,0.04633675515651703,-0.03183576837182045
;-38.0961799621582;-7.780215582897654e-7,0.004696430638432503,-0.08367805182933807,0.28302738070487976;0.00001877548493212089,0.34004539251327515,0.5862898826599121,-0.28673505783081055;0.53622967004776,-0.09213217347860336,0.04630351811647415,-0.031907957047224045
;-38.347450256347656;-8.433768812210474e-7,0.004603512119501829,-0.0819801464676857,0.28046587109565735;0.000017911628674482927,0.33964699506759644,0.5884611010551453,-0.2884022295475006;0.5460622906684875,-0.09228913486003876,0.04627169668674469,-0.031980596482753754
;-38.60033416748047;-9.139029089055839e-7,0.004511846229434013,-0.08034425228834152,0.27788612246513367;0.00001708192030491773,0.3392435908317566,0.5906329154968262,-0.2900838851928711;0.5561015605926514,-0.09244704991579056,0.04623985290527344,-0.03205369785428047
;-38.85485076904297;-9.899603128360468e-7,0.004421429242938757,-0.07876880466938019,0.2752883732318878;0.00001628521022212226,0.3388350009918213,0.5928049683570862,-0.2917805314064026;0.5663530230522156,-0.09260594844818115,0.0462079793214798,-0.03212727606296539
;-39.11103057861328;-0.0000010719271585912793,0.004332255572080612,-0.07725156843662262,0.2726726531982422;0.000015520396118517965,0.33842113614082336,0.5949764847755432,-0.2934923768043518;0.5768206119537354,-0.09276581555604935,0.04617607966065407,-0.03220132365822792
;-39.36890411376953;-0.0000011602022595980088,0.004244321491569281,-0.07578975707292557,0.27003899216651917;0.000014786382962483913,0.33800190687179565,0.5971469879150391,-0.2952013909816742;0.5875087380409241,-0.09292709082365036,0.04614270478487015,-0.032275862991809845
;-39.62849426269531;-0.0000012551968211482745,0.004157618153840303,-0.07438008487224579,0.2673875689506531;0.00001408212847309187,0.33757713437080383,0.5993157029151917,-0.29693514108657837;0.5984229445457458,-0.09308918565511703,0.04611002653837204,-0.032350894063711166
;-39.88983917236328;-0.0000013573459227700369,0.004072141367942095,-0.07301854342222214,0.2647184729576111;0.000013406619473244064,0.3371467888355255,0.6014822125434875,-0.29867562651634216;0.6095672249794006,-0.0932525172829628,0.04607659578323364,-0.03242643177509308
;-40.15296936035156;-0.0000014658982081527938,0.003987882751971483,-0.07170087099075317,0.26203176379203796;0.000012758825505443383,0.33671075105667114,0.6036458611488342,-0.300432413816452;0.6209463477134705,-0.09341690689325333,0.04604313150048256,-0.03250247985124588
;-40.41791915893555;-0.0000015789308918101597,0.003904833924025297,-0.07042223960161209,0.2593275308609009;0.000012137802514189389,0.33626875281333923,0.6058058738708496,-0.3022056519985199;0.6325660347938538,-0.09358237683773041,0.04600964114069939,-0.032579053193330765
;-40.684722900390625;-0.0000016973006040643668,0.0038229867350310087,-0.06917791813611984,0.256605863571167;0.000011542629181349184,0.3358208239078522,0.6079613566398621,-0.3039957582950592;0.6444308161735535,-0.09374894201755524,0.045976120978593826,-0.03265615552663803
;-40.95341110229492;-0.000001821426849346608,0.003742334432899952,-0.06796284765005112,0.2538667917251587;0.00001097236145142233,0.335366815328598,0.6101117134094238,-0.3058030903339386;0.6565454006195068,-0.0939166247844696,0.04594257473945618,-0.03273380175232887
;-41.224029541015625;-0.0000019516994598234305,0.003662868170067668,-0.06677228212356567,0.2511104643344879;0.000010426160770293791,0.3349064886569977,0.6122564077377319,-0.3076375126838684;0.6689148545265198,-0.09408524632453918,0.04590972885489464,-0.032812003046274185
;-41.496612548828125;-0.000002088475184791605,0.003584577701985836,-0.06560157239437103,0.24833692610263824;0.0000099031203717459,0.33443978428840637,0.6143942475318909,-0.30949944257736206;0.6815447807312012,-0.09425482898950577,0.04587758332490921,-0.032890766859054565
;-41.77119827270508;-0.0000022320957668853225,0.0035074534825980663,-0.06444647908210754,0.24554622173309326;0.000009402440809935797,0.33396652340888977,0.6165245771408081,-0.31137996912002563;0.6944397687911987,-0.09442559629678726,0.04584541544318199,-0.03297010809183121
;-42.047828674316406;-0.0000023828656594560016,0.0034314850345253944,-0.06330319494009018,0.2427384853363037;0.00000892330444912659,0.3334866166114807,0.6186462044715881,-0.3132793605327606;0.7076055407524109,-0.09459757804870605,0.045813217759132385,-0.03305003046989441
;-42.32654571533203;-0.000002541072490203078,0.0033566642086952925,-0.06216846778988838,0.2399137318134308;0.000008464936399832368,0.3329998850822449,0.6207584142684937,-0.3151981234550476;0.7210466265678406,-0.09477078914642334,0.04578099399805069,-0.03313055634498596
;-42.607398986816406;-0.0000027069854695582762,0.0032829793635755777,-0.06103954091668129,0.23707205057144165;0.000008026559044083115,0.33250612020492554,0.6228601336479187,-0.3171173334121704;0.7347685098648071,-0.09494565427303314,0.04574727639555931,-0.033211689442396164
;-42.89043426513672;-0.0000028808287879655836,0.003210419323295355,-0.05991412326693535,0.23421339690685272;0.000007607457064295886,0.3320050835609436,0.6249502301216125,-0.3190663754940033;0.7487762570381165,-0.09512162208557129,0.04571426287293434,-0.033293455839157104
;-43.175697326660156;-0.000003062808218601276,0.0031389726791530848,-0.05879054591059685,0.23133781552314758;0.000007206904683698667,0.3314967453479767,0.6270275712013245,-0.32103604078292847;0.763075590133667,-0.0952988862991333,0.04568122699856758,-0.033375855535268784
;-43.463233947753906;-0.0000032531011129321996,0.003068629652261734,-0.05766754969954491,0.22844550013542175;0.000006824214324296918,0.3309808373451233,0.6290910840034485,-0.3230367600917816;0.7776708602905273,-0.09547731280326843,0.04564889520406723,-0.033458907157182693
;-43.753089904785156;-0.0000034518436677899444,0.002999379299581051,-0.05654425546526909,0.22553636133670807;0.000006458739335357677,0.3304572105407715,0.6311398148536682,-0.32505911588668823;0.7925666570663452,-0.09565708786249161,0.04561653733253479,-0.03354262933135033
;-44.04531478881836;-0.0000036591270600183634,0.0029312095139175653,-0.05542021244764328,0.2226104885339737;0.0000061097989600966685,0.32992565631866455,0.6331719756126404,-0.3270937204360962;0.8077682852745056,-0.09583847969770432,0.04558340832591057,-0.03362702950835228
;-44.339962005615234;-0.000003875001766573405,0.0028641093522310257,-0.05429532378911972,0.21966801583766937;0.000005776798388978932,0.32938599586486816,0.6351867318153381,-0.3291609287261963;0.8232802748680115,-0.09602108597755432,0.04555099830031395,-0.03371212258934975
;-44.6370735168457;-0.000004099482794117648,0.0027980669401586056,-0.05316966399550438,0.21670900285243988;0.000005459136900753947,0.32883796095848083,0.6371824741363525,-0.3312411904335022;0.8391064405441284,-0.09620536118745804,0.04551781713962555,-0.03379792720079422
;-44.93670654296875;-0.000004332505795900943,0.0027330699376761913,-0.05204353109002113,0.21373344957828522;0.0000051562083172029816,0.3282814621925354,0.639157772064209,-0.33334511518478394;0.8552517890930176,-0.09639111906290054,0.04548460990190506,-0.033884450793266296
;-45.23890686035156;-0.000004573959813569672,0.0026691085658967495,-0.05091745778918266,0.21074138581752777;0.000004867474217462586,0.3277163505554199,0.6411110758781433,-0.3354731500148773;0.8717193007469177,-0.09657838940620422,0.04545137286186218,-0.03397171571850777
;-45.54372787475586;-0.000004823657491215272,0.0026061711832880974,-0.04979206994175911,0.20773296058177948;0.0000045923648031021,0.32714220881462097,0.6430409550666809,-0.33763599395751953;0.8885120153427124,-0.09676700830459595,0.04541885107755661,-0.03405972942709923
;-45.851219177246094;-0.000005081327344669262,0.0025442454498261213,-0.048668067902326584,0.2047082483768463;0.000004330366664362373,0.326558917760849,0.6449455618858337,-0.33981388807296753;0.9056339859962463,-0.09695740044116974,0.045385561883449554,-0.03414851054549217
;-46.16143798828125;-0.000005346641046344303,0.002483318792656064,-0.04754624143242836,0.20166730880737305;0.000004080972303199815,0.3259662985801697,0.6468233466148376,-0.3420279026031494;0.9230874180793762,-0.09714920073747635,0.045352984219789505,-0.03423807770013809
;-46.47442626953125;-0.000005619183866656385,0.002423382829874754,-0.0464274138212204,0.19861018657684326;0.0000038436737668234855,0.32536402344703674,0.6486725211143494,-0.34425783157348633;0.9408738613128662,-0.0973428413271904,0.04531963914632797,-0.034328438341617584
;-46.79023742675781;-0.000005898389645153657,0.002364424057304859,-0.04531240835785866,0.19553707540035248;0.0000036180010738462443,0.32475194334983826,0.6504912376403809,-0.3465145528316498;0.9589953422546387,-0.09753814339637756,0.045286260545253754,-0.03441961109638214
;-47.10892105102539;-0.000006183678578963736,0.0023064317647367716,-0.044202134013175964,0.19244803488254547;0.000003403494019948994,0.32412973046302795,0.6522772312164307,-0.3488091230392456;0.9774520397186279,-0.0977349504828453,0.045253604650497437,-0.03451160714030266
;-47.43052673339844;-0.0000064742785070848186,0.002249394776299596,-0.04309740290045738,0.18934325873851776;0.0000031997080895962426,0.3234972357749939,0.6540286540985107,-0.35113176703453064;0.9962435364723206,-0.09793347865343094,0.04522091895341873,-0.034604448825120926
;-47.75510025024414;-0.0000067693226810661145,0.00219330214895308,-0.04199906066060066,0.1862228661775589;0.000003006209908562596,0.32285425066947937,0.6557431221008301,-0.3534828722476959;1.0153701305389404,-0.09813375025987625,0.04518819972872734,-0.03469813987612724
;-48.08268737792969;-0.000007067848400765797,0.002138142939656973,-0.04090796038508415,0.1830870658159256;0.0000028225749701960012,0.3222004771232605,0.6574184894561768,-0.35586294531822205;1.0348289012908936,-0.09833581745624542,0.04515545815229416,-0.0347926989197731
;-48.41333770751953;-0.000007368725619016914,0.0020839062053710222,-0.039824891835451126,0.17993590235710144;0.0000026484103727852926,0.32153570652008057,0.6590523719787598,-0.35827258229255676;1.054617166519165,-0.09853968769311905,0.04512268677353859,-0.0348881371319294
;-48.74709701538086;-0.000007670702871109825,0.00203058123588562,-0.03875064104795456,0.1767696738243103;0.0000024833198040141724,0.3208596706390381,0.6606423854827881,-0.36071228981018066;1.074730634689331,-0.09874539077281952,0.04508989304304123,-0.03498447313904762
;-49.08401107788086;-0.000007972413186507765,0.001978157553821802,-0.037685953080654144,0.1735885888338089;0.0000023269199118658435,0.32017210125923157,0.6621854305267334,-0.3631826639175415;1.0951651334762573,-0.09895296394824982,0.04505706951022148,-0.035081714391708374
;-49.42411422729492;-0.000008272318154922687,0.0019266249146312475,-0.03663155809044838,0.1703927218914032;0.000002178849626943702,0.3194727599620819,0.6636791229248047,-0.36568403244018555;1.1159130334854126,-0.09916242212057114,0.04502421244978905,-0.035179879516363144
;-49.76744842529297;-0.000008568732482672203,0.0018759745871648192,-0.03558814898133278,0.16718252003192902;0.0000020387558379297843,0.3187614381313324,0.6651206612586975,-0.36821702122688293;1.1369655132293701,-0.09937379509210587,0.04499133676290512,-0.03527897223830223
;-50.114051818847656;-0.000008859863555699121,0.0018261951627209783,-0.034556373953819275,0.1639581322669983;0.000001906294983200496,0.318037748336792,0.6665066480636597,-0.37078192830085754;1.1583138704299927,-0.0995870977640152,0.04495843127369881,-0.03537900745868683
;-50.46395492553711;-0.000009143785064225085,0.0017772766295820475,-0.03353685885667801,0.1607198864221573;0.0000017811344150686637,0.31730160117149353,0.6678339242935181,-0.3733793795108795;1.179946780204773,-0.09980235248804092,0.044925495982170105,-0.03548000007867813
;-50.81719207763672;-0.000009418490662937984,0.0017292109550908208,-0.032530199736356735,0.1574680656194687;0.0000016629577430649078,0.3165527582168579,0.6690995097160339,-0.37600958347320557;1.2018487453460693,-0.10001959651708603,0.044892534613609314,-0.03558194637298584
;-51.17378616333008;-0.000009681813935458194,0.0016819881275296211,-0.031536974012851715,0.15420299768447876;0.000001551451191517117,0.3157908320426941,0.6702994704246521,-0.3786729872226715;1.2240060567855835,-0.10023882240056992,0.044859547168016434,-0.035684868693351746
;-51.533756256103516;-0.0000099315402621869,0.0016355994157493114,-0.03055771067738533,0.15092526376247406;0.0000014463206525761052,0.3150157928466797,0.6714304089546204,-0.3813699781894684;1.2463997602462769,-0.10046004503965378,0.04482652619481087,-0.03578876331448555
;-51.897125244140625;-0.00001016538681142265,0.0015900364378467202,-0.029592931270599365,0.14763517677783966;0.0000013472738373820903,0.31422722339630127,0.6724890470504761,-0.3841007947921753;1.2690093517303467,-0.10068329423666,0.04479347914457321,-0.03589364513754845
;-52.26390838623047;-0.000010380967069067992,0.0015452898805961013,-0.02864312380552292,0.14433316886425018;0.0000012540286888906849,0.3134250342845917,0.6734704971313477,-0.3868541717529297;1.2918133735656738,-0.1009087786078453,0.044759660959243774,-0.03599951043725014
;-52.63410186767578;-0.000010576001841400284,0.0015013524098321795,-0.0277087539434433,0.14101974666118622;0.000001166321339951537,0.312608927488327,0.6743713021278381,-0.38965338468551636;1.314785361289978,-0.10113608092069626,0.04472655802965164,-0.03610636666417122
;-53.007713317871094;-0.000010748222848633304,0.0014582163421437144,-0.02679024077951908,0.1376955658197403;0.0000010838864454854047,0.3117786943912506,0.6751872301101685,-0.3924870491027832;1.3378959894180298,-0.10136541724205017,0.04469343274831772,-0.03621421381831169
;-53.38473892211914;-0.000010895362720475532,0.001415873528458178,-0.02588801272213459,0.13436108827590942;0.0000010064738944493001,0.3109341859817505,0.6759135127067566,-0.39535534381866455;1.36111581325531,-0.10159679502248764,0.04466027766466141,-0.036323051899671555
;-53.76515579223633;-0.000011015279596904293,0.0013743169838562608,-0.025002459064126015,0.13101711869239807;9.338376685263938e-7,0.3100752830505371,0.6765457987785339,-0.39825811982154846;1.3844095468521118,-0.10183018445968628,0.04462709277868271,-0.03643287718296051
;-54.14894485473633;-0.000011106096280855127,0.0013335405383259058,-0.024133950471878052,0.1276642233133316;8.657460739414091e-7,0.3092018663883209,0.6770795583724976,-0.4011955261230469;1.4077383279800415,-0.10206560045480728,0.04459388181567192,-0.03654368221759796
;-54.536075592041016;-0.000011166062904521823,0.001293536159209907,-0.023282822221517563,0.12430328130722046;8.019703159334313e-7,0.30831363797187805,0.6775094866752625,-0.4041552245616913;1.4310632944107056,-0.10230321437120438,0.04455988481640816,-0.03665545955300331
;-54.926509857177734;-0.000011193737918802071,0.0012542987242341042,-0.022449413314461708,0.12093507498502731;7.422922863042913e-7,0.3074105978012085,0.6778308749198914,-0.40716105699539185;1.454338550567627,-0.10254260152578354,0.044526614248752594,-0.03676820173859596
;-55.32019805908203;-0.000011187905329279602,0.0012158219469711185,-0.02163402922451496,0.1175605058670044;6.864993906674499e-7,0.3064925968647003,0.678038477897644,-0.4102008044719696;1.477517008781433,-0.10278394818305969,0.04449332505464554,-0.03688189387321472
;-55.717071533203125;-0.000011147730219818186,0.001178100355900824,-0.020836932584643364,0.1141805350780487;6.343910854411661e-7,0.30555960536003113,0.6781271696090698,-0.41327404975891113;1.5005462169647217,-0.10302718728780746,0.044460002332925797,-0.03699652478098869
;-56.117061614990234;-0.000011072864253947046,0.001141128595918417,-0.020058387890458107,0.1107962504029274;5.857689302501967e-7,0.3046116530895233,0.678091287612915,-0.41638022661209106;1.5233728885650635,-0.10327233374118805,0.04442664980888367,-0.03711206465959549
;-56.520084381103516;-0.000010963228305627126,0.0011049018939957023,-0.019298657774925232,0.10740876197814941;5.404463081504218e-7,0.30364876985549927,0.677925705909729,-0.41951850056648254;1.5459372997283936,-0.10351930558681488,0.04439326748251915,-0.03722849860787392
;-56.92604064941406;-0.00001081925984180998,0.0010694145457819104,-0.018557941541075706,0.1040191799402237;4.982398991160153e-7,0.30267080664634705,0.6776241660118103,-0.4226885139942169;1.568179965019226,-0.10376804322004318,0.04435986280441284,-0.03734579309821129
;-57.33481979370117;-0.000010641835615388118,0.0010346627095714211,-0.017836421728134155,0.10062889009714127;4.589760180806479e-7,0.30167803168296814,0.6771813631057739,-0.4258890748023987;1.5900355577468872,-0.10401850193738937,0.04432642459869385,-0.037463925778865814
;-57.74629592895508;-0.000010432401722937357,0.0010006421944126487,-0.017134273424744606,0.09723915159702301;4.224864085244917e-7,0.3006705045700073,0.6765915155410767,-0.4291190505027771;1.6114368438720703,-0.10427059978246689,0.044292956590652466,-0.03758285939693451
;-58.16032791137695;-0.000010192634363193065,0.0009673493332229555,-0.016451619565486908,0.0938514992594719;3.886108856931969e-7,0.29964837431907654,0.6758489608764648,-0.4323776364326477;1.6323133707046509,-0.10452428460121155,0.04425946623086929,-0.03770255669951439
;-58.57676315307617;-0.000009924846381181851,0.0009347798768430948,-0.015788570046424866,0.0904674232006073;3.5719432389669237e-7,0.2986118495464325,0.6749477386474609,-0.4356631636619568;1.6525944471359253,-0.10477942228317261,0.04422594979405403,-0.03782297298312187
;-58.99543762207031;-0.000009631618922867347,0.0009029300417751074,-0.015145216137170792,0.08708849549293518;3.280889586676494e-7,0.29756128787994385,0.6738819479942322,-0.4389611780643463;1.6722053289413452,-0.1050361841917038,0.0441916361451149,-0.03794405981898308
;-59.416168212890625;-0.00000931589602259919,0.0008717970340512693,-0.0145215829834342,0.08371634781360626;3.011521698681463e-7,0.2964969575405121,0.672646164894104,-0.4422830045223236;1.6910712718963623,-0.10529422014951706,0.04415729641914368,-0.038065772503614426
;-59.83875274658203;-0.000008980910024547484,0.0008413767791353166,-0.013917702250182629,0.0803527683019638;2.7624889753496973e-7,0.2954191565513611,0.6712343096733093,-0.44562679529190063;1.7091172933578491,-0.10555342584848404,0.04412291944026947,-0.03818805143237114
;-60.262977600097656;-0.000008629993317299522,0.0008116662502288818,-0.013333553448319435,0.07699967920780182;2.532493965645699e-7,0.2943284213542938,0.6696410775184631,-0.4489906430244446;1.7262665033340454,-0.10581367462873459,0.04408852010965347,-0.038310837000608444
;-60.6886100769043;-0.000008266793884104118,0.000782662711571902,-0.01276907604187727,0.07365895807743073;2.3203077148536977e-7,0.29322516918182373,0.66786128282547,-0.45238566398620605;1.742443561553955,-0.10607462376356125,0.04405485466122627,-0.038434065878391266
;-61.11540603637695;-0.000007894749614933971,0.0007543621468357742,-0.012224199250340462,0.0703325867652893;2.124748590404124e-7,0.29210996627807617,0.6658894419670105,-0.455796480178833;1.757574200630188,-0.10633635520935059,0.044021159410476685,-0.038557667285203934
;-61.54310607910156;-0.000007517504855059087,0.0007267617038451135,-0.011698802933096886,0.06702263653278351;1.9446943611001188e-7,0.2909834384918213,0.6637206673622131,-0.45920702815055847;1.7715872526168823,-0.10659892112016678,0.04398667439818382,-0.03868156671524048
;-61.97144317626953;-0.000007138485671021044,0.000699858064763248,-0.01119272317737341,0.06373120099306107;1.7790847550713806e-7,0.2898463010787964,0.6613503694534302,-0.4626278877258301;1.7844116687774658,-0.10686195641756058,0.043952155858278275,-0.03880569711327553
;-62.40012741088867;-0.0000067609871621243656,0.0006736471550539136,-0.01070577185600996,0.06046048551797867;1.6269081015707343e-7,0.288699209690094,0.6587740778923035,-0.4660704731941223;1.7959836721420288,-0.10712507367134094,0.04391837492585182,-0.038929957896471024
;-62.828861236572266;-0.00000638791743767797,0.0006481255986727774,-0.010237728245556355,0.05721273273229599;1.4872108522467897e-7,0.28754299879074097,0.6559879779815674,-0.4695180356502533;1.8062405586242676,-0.10738833248615265,0.04388456791639328,-0.03905428573489189
;-63.2573356628418;-0.000006021996796334861,0.0006232892628759146,-0.00978834182024002,0.05399006977677345;1.3590808123353781e-7,0.2863784730434418,0.6529887318611145,-0.4729677438735962;1.8151265382766724,-0.10765153169631958,0.04385073110461235,-0.03917858377099037
;-63.68523406982422;-0.000005665626304107718,0.0005991336074657738,-0.00935731828212738,0.05079490691423416;1.241673430740775e-7,0.2852065861225128,0.6497729420661926,-0.47641611099243164;1.8225914239883423,-0.1079145073890686,0.04381686449050903,-0.039302755147218704
;-64.11222839355469;-0.000005320956006471533,0.0005756538594141603,-0.008944336324930191,0.047629464417696;1.1341785466356669e-7,0.2840282917022705,0.646338164806366,-0.4798603355884552;1.8285908699035645,-0.108177050948143,0.04378296807408333,-0.039426714181900024
;-64.53799438476562;-0.000004989487933926284,0.000552845187485218,-0.008549048565328121,0.04449605569243431;1.035843126828695e-7,0.28284454345703125,0.6426827907562256,-0.48328229784965515;1.833088755607605,-0.10843918472528458,0.04374827444553375,-0.03955036401748657
;-64.9621810913086;-0.000004672700015362352,0.0005307015962898731,-0.008171077817678452,0.04139694198966026;9.459543548473448e-8,0.281656414270401,0.638805091381073,-0.4867073595523834;1.8360565900802612,-0.10870029032230377,0.04371432214975357,-0.039673611521720886
;-65.38445281982422;-0.00000437149674326065,0.0005092171486467123,-0.007810021284967661,0.03833441436290741;8.63848157450775e-8,0.2804650366306305,0.6347045302391052,-0.4901178479194641;1.8374733924865723,-0.10896036028862,0.043680340051651,-0.03979634493589401
;-65.8044662475586;-0.000004086563876626315,0.0004883850924670696,-0.007465452887117863,0.035310667008161545;7.889004649541675e-8,0.2792714536190033,0.6303811073303223,-0.4935101568698883;1.8373279571533203,-0.10921922326087952,0.043646328151226044,-0.03991847485303879
;-66.22188568115234;-0.000003818339791905601,0.00046819905401207507,-0.007136926986277103,0.03232789412140846;7.205333929505287e-8,0.2780768573284149,0.6258358955383301,-0.49688073992729187;1.835616111755371,-0.10947665572166443,0.043612290173769,-0.04003990441560745
;-66.63636779785156;-0.0000035667462725541554,0.00044865033123642206,-0.006823977455496788,0.02938815951347351;6.58200178804691e-8,0.2768824100494385,0.6210699677467346,-0.5002261996269226;1.8323440551757812,-0.10973245650529861,0.043578218668699265,-0.04016052559018135
;-67.04757690429688;-0.0000033317444376734784,0.0004297311243135482,-0.006526123732328415,0.026493577286601067;6.014010267563208e-8,0.27568933367729187,0.6160860061645508,-0.503527820110321;1.8275257349014282,-0.10998666286468506,0.04354334995150566,-0.04028024896979332
;-67.45519256591797;-0.0000031130830393522047,0.00041143238195218146,-0.006242875009775162,0.023646051064133644;5.4966530882438747e-8,0.27449873089790344,0.6108865141868591,-0.5067821741104126;1.821184515953064,-0.11023905128240585,0.04350766912102699,-0.0403989776968956
;-67.85889434814453;-0.0000029101249765517423,0.00039374487823806703,-0.0059737260453403,0.020847411826252937;5.025617610954214e-8,0.2733117938041687,0.6054756045341492,-0.510000467300415;1.8133518695831299,-0.11048923432826996,0.04347195476293564,-0.04051661863923073
;-68.25836944580078;-0.000002722361614360125,0.0003766586596611887,-0.0057181683368980885,0.01809941604733467;4.5968906903226525e-8,0.27212977409362793,0.5998580455780029,-0.5131946802139282;1.8040668964385986,-0.11073679476976395,0.04343699663877487,-0.04063307121396065
;-68.65330505371094;-0.0000025491397082078038,0.00036016377271153033,-0.005475687328726053,0.015403822995722294;4.206783188465124e-8,0.27095383405685425,0.5940399169921875,-0.516331136226654;1.7933768033981323,-0.11098199337720871,0.043401218950748444,-0.04074826091527939
;-69.0434341430664;-0.0000023896541279100347,0.0003442487504798919,-0.005245767068117857,0.012762052938342094;3.851879881722198e-8,0.269785076379776,0.5880264043807983,-0.5194218754768372;1.7813355922698975,-0.11122444272041321,0.043365415185689926,-0.04086209088563919
;-69.428466796875;-0.000002243119752165512,0.0003289027081336826,-0.005027893465012312,0.010175532661378384;3.529058290041576e-8,0.26862481236457825,0.5818256139755249,-0.5224949717521667;1.768002986907959,-0.1114635318517685,0.04333113506436348,-0.04097448289394379
;-69.80815124511719;-0.0000021087232653371757,0.00031411400414071977,-0.004821554757654667,0.007645540405064821;3.235432544101968e-8,0.26747387647628784,0.5754452347755432,-0.5255167484283447;1.7534452676773071,-0.11169954389333725,0.043296828866004944,-0.04108536243438721
;-70.18224334716797;-0.0000019856854578392813,0.00029987041489221156,-0.004626245703548193,0.005173231475055218;2.9683626223686588e-8,0.26633352041244507,0.568893551826477,-0.5284687876701355;1.7377324104309082,-0.11193253844976425,0.04326171055436134,-0.041194651275873184
;-70.55052947998047;-0.0000018731527688942151,0.00028615971677936614,-0.004441466182470322,0.0027594827115535736;2.7254305479118557e-8,0.2652047276496887,0.5621797442436218,-0.5313801765441895;1.7209385633468628,-0.11216195672750473,0.043227341026067734,-0.041302286088466644
;-70.91278839111328;-0.0000017703913499644841,0.000272969453362748,-0.004266725853085518,0.0004052233707625419;2.504432217165231e-8,0.2640884518623352,0.5553141236305237,-0.5342327356338501;1.703142523765564,-0.11238788068294525,0.04319294914603233,-0.04140820726752281
;-71.26883697509766;-0.0000016766634871601127,0.0002602865861263126,-0.004101542290300131,-0.0018889057682827115;2.3033503993019622e-8,0.2629856467247009,0.548306405544281,-0.5370243787765503;1.684423804283142,-0.11261019110679626,0.04315852373838425,-0.04151235148310661
;-71.6185073852539;-0.0000015912384014882264,0.0002480983384884894,-0.003945452161133289,-0.004122322890907526;2.1203382161161244e-8,0.26189717650413513,0.5411677360534668,-0.5397530198097229;1.66486394405365,-0.1128287985920906,0.04312406852841377,-0.04161467030644417
;-71.9616470336914;-0.0000015134648947423557,0.00023639191931579262,-0.003797999583184719,-0.006294600199908018;1.9537280238068888e-8,0.2608238160610199,0.5339099168777466,-0.5424169301986694;1.6445467472076416,-0.11304357647895813,0.04308957979083061,-0.0417151153087616
;-72.29813385009766;-0.0000014427117775994702,0.00022515379532705992,-0.0036587431095540524,-0.008405576460063457;1.8019916225853194e-8,0.2597663700580597,0.5265436172485352,-0.545014500617981;1.62355375289917,-0.11325447261333466,0.04305506497621536,-0.041813649237155914
;-72.62785339355469;-0.0000013783993608740275,0.00021437094255816191,-0.00352725712582469,-0.010455064475536346;1.6637395461316373e-8,0.25872546434402466,0.519081175327301,-0.547544538974762;1.6019675731658936,-0.11346140503883362,0.04302052780985832,-0.041910234838724136
;-72.95071411132812;-0.0000013199583008827176,0.00020403035159688443,-0.0034031320828944445,-0.012443149462342262;1.5377192852383814e-8,0.2577017545700073,0.5115347504615784,-0.5500057339668274;1.5798695087432861,-0.11366432160139084,0.042985949665308,-0.042004846036434174
;-73.26664733886719;-0.0000012669366924455971,0.00019411876564845443,-0.003285969840362668,-0.014369916170835495;1.4227816258483017e-8,0.25669577717781067,0.5039159059524536,-0.5523971319198608;1.5573385953903198,-0.11386316269636154,0.042951349169015884,-0.04209745302796364
;-73.57559204101562;-0.0000012188418168079806,0.0001846232480602339,-0.003175393445417285,-0.016235679388046265;1.317896369812388e-8,0.2557080090045929,0.4962370991706848,-0.5547180771827698;1.5344517230987549,-0.11405789107084274,0.042916715145111084,-0.042188048362731934
;-73.87751770019531;-0.00000117527838483511,0.00017553118232171983,-0.003071041312068701,-0.018040774390101433;1.2221272882584344e-8,0.254738986492157,0.4885111153125763,-0.5569345951080322;1.5112848281860352,-0.11424892395734787,0.042880479246377945,-0.04227660223841667
;-74.17240142822266;-0.0000011358300753272488,0.00016682928253430873,-0.0029725651256740093,-0.019785817712545395;1.1346172890114303e-8,0.25378894805908203,0.48074871301651,-0.5590959787368774;1.4879077672958374,-0.1144355908036232,0.042844999581575394,-0.04236312583088875
;-74.46023559570312;-0.00000110015992049739,0.00015850525232963264,-0.0028796365950256586,-0.021471258252859116;1.0546036932623792e-8,0.2528582811355591,0.47296255826950073,-0.5611687898635864;1.464389443397522,-0.11461832374334335,0.042808692902326584,-0.04244760051369667
;-74.74102783203125;-0.0000010679455044737551,0.00015054663526825607,-0.002791941398754716,-0.02309788204729557;9.813913237621819e-9,0.25194719433784485,0.4651643931865692,-0.5631861090660095;1.4407953023910522,-0.11479667574167252,0.04277314618229866,-0.04253003001213074
;-75.01480102539062;-0.0000010388963573859655,0.00014294123684521765,-0.0027091819792985916,-0.024666449055075645;9.143502843755869e-9,0.25105583667755127,0.4573655426502228,-0.5651487708091736;1.4171866178512573,-0.11497065424919128,0.04273835942149162,-0.042610421776771545
;-75.2815933227539;-0.000001012727921079204,0.00013567681889981031,-0.0026310754474252462,-0.02617770992219448;8.529105421928307e-9,0.25018447637557983,0.4495767056941986,-0.5670227408409119;1.3936197757720947,-0.11514072865247726,0.042702753096818924,-0.04268878698348999
;-75.54145050048828;-9.892129355648649e-7,0.0001287417981075123,-0.002557354746386409,-0.02763267047703266;7.965625492545314e-9,0.2493332028388977,0.4418095350265503,-0.5688255429267883;1.3701494932174683,-0.11530668288469315,0.04266711696982384,-0.04276512563228607
;-75.79444122314453;-9.681349411039264e-7,0.00012212411093059927,-0.0024877667892724276,-0.02903231605887413;7.448355709982479e-9,0.24850189685821533,0.4340727925300598,-0.5705747008323669;1.3468228578567505,-0.1154683455824852,0.04263224080204964,-0.04283946752548218
;-76.04063415527344;-9.492777053310419e-7,0.00011581242142710835,-0.0024220708291977644,-0.0303777065128088;6.9731056484556575e-9,0.2476906180381775,0.4263767600059509,-0.5722538828849792;1.3236862421035767,-0.11562597006559372,0.04259733110666275,-0.0429118312895298
;-76.28011322021484;-9.32465013647743e-7,0.00010979543731082231,-0.0023600414860993624,-0.031669940799474716;6.5360814538450995e-9,0.2468993365764618,0.4187302887439728,-0.5738639235496521;1.3007797002792358,-0.11577960848808289,0.042562395334243774,-0.042982228100299835
;-76.5129623413086;-9.175376476378005e-7,0.00010406228830106556,-0.0023014654871076345,-0.03291012719273567;6.133852537004714e-9,0.24612796306610107,0.41114288568496704,-0.5754055380821228;1.2781426906585693,-0.11592931300401688,0.04252742975950241,-0.04305069148540497
;-76.7392807006836;-9.043396289598604e-7,0.00009860201680567116,-0.002246141666546464,-0.03409945219755173;5.7633013916813525e-9,0.24537640810012817,0.4036219120025635,-0.5768796801567078;1.25580632686615,-0.11607513576745987,0.04249243065714836,-0.04311724752187729
;-76.95918273925781;-8.927357271204528e-7,0.00009340399992652237,-0.0021938816644251347,-0.035239141434431076;5.421612936373776e-9,0.24464435875415802,0.39617490768432617,-0.5782873630523682;1.2338008880615234,-0.11621712893247604,0.04245740547776222,-0.043181926012039185
;-77.17276763916016;-8.825984423310729e-7,0.00008845806587487459,-0.0021445059683173895,-0.03633042424917221;5.10625675076426e-9,0.24393175542354584,0.3888095021247864,-0.5796297788619995;1.2121529579162598,-0.11635537445545197,0.0424223467707634,-0.04324475675821304
;-77.38015747070312;-8.738303449717932e-7,0.00008375393372261897,-0.0020978469401597977,-0.03737449645996094;4.814917797801854e-9,0.24323828518390656,0.38153135776519775,-0.5809080600738525;1.1908844709396362,-0.11648993194103241,0.04238726571202278,-0.04330577701330185
;-77.58147430419922;-8.663249673190876e-7,0.00007928178092697635,-0.002053748117759824,-0.03837266191840172;4.545511078646314e-9,0.24256373941898346,0.3743465840816498,-0.5821232795715332;1.1700146198272705,-0.11662086099386215,0.04235214740037918,-0.043365009129047394
;-77.77684020996094;-8.599865850555943e-7,0.0000750320905353874,-0.0020120604895055294,-0.03932618722319603;4.296156763672343e-9,0.24190783500671387,0.3672608733177185,-0.5832769274711609;1.1495606899261475,-0.11674825102090836,0.042316995561122894,-0.043422505259513855
;-77.96639251708984;-8.54737777444825e-7,0.00007099530193954706,-0.0019726448226720095,-0.040236376225948334;4.0651206845154775e-9,0.24127019941806793,0.36027801036834717,-0.584369957447052;1.1295338869094849,-0.1168721616268158,0.04228182137012482,-0.04347829520702362
;-78.15025329589844;-8.505058417540567e-7,0.00006716240022797137,-0.0019353702664375305,-0.041104476898908615;3.850868068866475e-9,0.24065057933330536,0.3534027934074402,-0.585404098033905;1.1099457740783691,-0.11699268966913223,0.042246609926223755,-0.04353241249918938
;-78.32855224609375;-8.472224521938188e-7,0.00006352465425152332,-0.0019001150503754616,-0.04193165525794029;3.6519918200639268e-9,0.24004870653152466,0.346639484167099,-0.5863803625106812;1.090806484222412,-0.11710987985134125,0.042211368680000305,-0.04358489811420441
;-78.50143432617188;-8.448262747151603e-7,0.00006007322735968046,-0.001866763224825263,-0.042719341814517975;3.4671983062395384e-9,0.2394641786813736,0.33999016880989075,-0.5873003005981445;1.0721185207366943,-0.11722385138273239,0.04217609763145447,-0.04363580048084259
;-78.66902923583984;-8.432658091805934e-7,0.000056799901358317584,-0.001835207105614245,-0.04346867650747299;3.2953373363397986e-9,0.23889659345149994,0.3334580659866333,-0.5881653428077698;1.0538867712020874,-0.11733466386795044,0.04214080423116684,-0.04368513822555542
;-78.83146667480469;-8.42486372221174e-7,0.00005369663631427102,-0.0018053442472591996,-0.04418090730905533;3.1353477591977708e-9,0.23834560811519623,0.3270457983016968,-0.5889766812324524;1.0361138582229614,-0.11744239181280136,0.04210547357797623,-0.04373297095298767
;-78.98887634277344;-8.424468092016468e-7,0.000050755585107253864,-0.001777080469764769,-0.04485716298222542;2.986283886841079e-9,0.2378109246492386,0.3207550048828125,-0.589735746383667;1.0187993049621582,-0.11754712462425232,0.042070113122463226,-0.043779321014881134
;-79.14140319824219;-8.431059086433379e-7,0.00004796917346538976,-0.0017503256676718593,-0.04549876227974892;2.8472546542701593e-9,0.23729214072227478,0.3145870566368103,-0.5904441475868225;1.0019404888153076,-0.11764892935752869,0.04203471913933754,-0.04382424056529999
;-79.28917694091797;-8.44430644519889e-7,0.00004533020546659827,-0.0017249974189326167,-0.046106789261102676;2.7174813510555396e-9,0.23678888380527496,0.3085436224937439,-0.5911028981208801;0.9855368137359619,-0.11774791032075882,0.041999295353889465,-0.04386775568127632
;-79.43232727050781;-8.463783274237358e-7,0.00004283148518879898,-0.0017010163282975554,-0.04668242111802101;2.5962210159491406e-9,0.2363007366657257,0.30262434482574463,-0.5917136073112488;0.9695812463760376,-0.1178441122174263,0.041963841766119,-0.043909914791584015
;-79.57099151611328;-8.489228093822021e-7,0.000040466326026944444,-0.0016783078899607062,-0.04722684249281883;2.482819727589458e-9,0.23582734167575836,0.29683026671409607,-0.5922776460647583;0.954069197177887,-0.11793763190507889,0.041928354650735855,-0.043950747698545456
;-79.70529174804688;-8.520328265149146e-7,0.00003822819053311832,-0.0016568029532209039,-0.04774106293916702;2.3766719703388617e-9,0.23536835610866547,0.29116135835647583,-0.5927963852882385;0.9389949440956116,-0.11802855134010315,0.041892845183610916,-0.043990302830934525
;-79.8353500366211;-8.55686892009544e-7,0.00003611090869526379,-0.0016364370239898562,-0.048226192593574524;2.2772410623872474e-9,0.2349233329296112,0.2856181263923645,-0.593271017074585;0.9243525862693787,-0.11811693757772446,0.04185730218887329,-0.04402860626578331
;-79.9613037109375;-8.598601652920479e-7,0.000034108383260900155,-0.0016171495663002133,-0.04868321120738983;2.184006753225276e-9,0.2344919741153717,0.2801996171474457,-0.5937027931213379;0.9101332426071167,-0.11820286512374878,0.04182172566652298,-0.044065702706575394
;-80.08325958251953;-8.645340017210401e-7,0.000032214833481702954,-0.0015988827217370272,-0.049113184213638306;2.09651784821574e-9,0.23407383263111115,0.27490517497062683,-0.5940932631492615;0.8963284492492676,-0.11828640103340149,0.04178611561655998,-0.04410162568092346
;-80.20135498046875;-8.696892450643645e-7,0.000030424740543821827,-0.0015815821243450046,-0.04951711744070053;2.0143458012711335e-9,0.23366859555244446,0.26973384618759155,-0.5944617390632629;0.8829294443130493,-0.11836740374565125,0.04175128787755966,-0.0441364049911499
;-80.31568908691406;-8.753033853281522e-7,0.000028732776627293788,-0.0015651979483664036,-0.04989597201347351;1.937105365001912e-9,0.23327584564685822,0.2646845281124115,-0.5947911739349365;0.8699266314506531,-0.11844615638256073,0.041716426610946655,-0.044170081615448
;-80.42637634277344;-8.813700560494908e-7,0.000027133959520142525,-0.0015496814157813787,-0.05025060847401619;1.864451482092022e-9,0.23289534449577332,0.2597566843032837,-0.5950828790664673;0.8573123216629028,-0.11852273344993591,0.04168153926730156,-0.04420268535614014
;-80.53353881835938;-8.878715789251146e-7,0.000025623392502893694,-0.001534989452920854,-0.05058196559548378;1.7960514187009835e-9,0.23252668976783752,0.25494852662086487,-0.5953564643859863;0.8450760245323181,-0.11859695613384247,0.04164743795990944,-0.044234246015548706
;-80.63728332519531;-8.94793458883214e-7,0.00002419643169560004,-0.00152108003385365,-0.05089093744754791;1.731607746080499e-9,0.23216943442821503,0.25025832653045654,-0.5955578684806824;0.8332074284553528,-0.11866960674524307,0.041611675173044205,-0.04426479712128639
;-80.73770904541016;-9.021190976454818e-7,0.000022848664229968563,-0.0015079125296324492,-0.05117837339639664;1.67084279745211e-9,0.2318233847618103,0.24568450450897217,-0.5957616567611694;0.8216968178749084,-0.11873981356620789,0.04157751053571701,-0.04429437965154648
;-80.83491516113281;-9.098487225855934e-7,0.00002157593917218037,-0.001495450735092163,-0.05144503712654114;1.6135134339734236e-9,0.23148822784423828,0.24122589826583862,-0.5959321856498718;0.8105356693267822,-0.11880809813737869,0.041543323546648026,-0.04432300850749016
;-80.92901611328125;-9.179615858556645e-7,0.00002037418744293973,-0.0014836599584668875,-0.05169176310300827;1.559380402582633e-9,0.23116353154182434,0.2368801385164261,-0.5960707068443298;0.799713134765625,-0.11887452751398087,0.04150910675525665,-0.044350724667310715
;-81.02010345458984;-9.264522304874845e-7,0.000019239594621467404,-0.0014725058572366834,-0.05191934481263161;1.508226654678424e-9,0.230849027633667,0.23264533281326294,-0.5961779952049255;0.7892192006111145,-0.11893915385007858,0.041474856436252594,-0.04437755420804024
;-81.10826873779297;-9.353101404485642e-7,0.000018168537280871533,-0.0014619583962485194,-0.05212847515940666;1.4598604547444438e-9,0.23054441809654236,0.22851978242397308,-0.5962552428245544;0.7790445685386658,-0.11900202929973602,0.041440580040216446,-0.04440351948142052
;-81.193603515625;-9.445308819522324e-7,0.000017157566617242992,-0.001451988355256617,-0.05231986567378044;1.4140998372269564e-9,0.23024939000606537,0.22450146079063416,-0.5963032841682434;0.7691803574562073,-0.11906322091817856,0.04140628129243851,-0.04442865028977394
;-81.27620697021484;-9.541029157844605e-7,0.00001620337388885673,-0.0014425675617530942,-0.05249425023794174;1.370771052222608e-9,0.22996367514133453,0.22058792412281036,-0.5963230729103088;0.7596161365509033,-0.11912278085947037,0.041371945291757584,-0.0444529764354229
;-81.35616302490234;-9.640220923756715e-7,0.000015302852261811495,-0.0014336707536131144,-0.05265228450298309;1.3297216661101174e-9,0.22968702018260956,0.21677733957767487,-0.5963157415390015;0.7503432631492615,-0.11918075382709503,0.04133757948875427,-0.044476523995399475
;-81.43355560302734;-9.74280396803806e-7,0.000014453038602368906,-0.0014252724358811975,-0.05279459059238434;1.2908061286509565e-9,0.22941911220550537,0.21306756138801575,-0.5962818264961243;0.7413529753684998,-0.11923719942569733,0.04130319133400917,-0.04449931159615517
;-81.50846862792969;-9.848671425061184e-7,0.000013651108019985259,-0.001417350023984909,-0.052921831607818604;1.2538896587699355e-9,0.22915959358215332,0.2094561606645584,-0.5962225198745728;0.7326353788375854,-0.11929216980934143,0.04126876965165138,-0.04452137276530266
;-81.58098602294922;-9.957758493328583e-7,0.000012894383871753234,-0.0014098802348598838,-0.053034622222185135;1.2188469122875745e-9,0.22890828549861908,0.20594075322151184,-0.5961384773254395;0.7241817116737366,-0.11934570968151093,0.041234325617551804,-0.04454272612929344
;-81.65118408203125;-0.0000010070006055684644,0.000012180348676338326,-0.0014028424629941583,-0.05313354358077049;1.1855646464553615e-9,0.22866487503051758,0.2025192379951477,-0.5960307121276855;0.715984046459198,-0.1193978562951088,0.04119984433054924,-0.04456339776515961
;-81.71913146972656;-0.0000010185422070208006,0.000011506636838021223,-0.001396217499859631,-0.05321910232305527;1.1539363908852351e-9,0.22842927277088165,0.19918981194496155,-0.5958998203277588;0.7080348134040833,-0.11944866925477982,0.041165340691804886,-0.04458340257406235
;-81.78489685058594;-0.0000010303946282874676,0.00001087097371055279,-0.0013899868354201317,-0.053291864693164825;1.1238663333301702e-9,0.22820106148719788,0.19595010578632355,-0.5957465171813965;0.7003260254859924,-0.11949819326400757,0.041130807250738144,-0.04460276663303375
;-81.84856414794922;-0.0000010425490017951233,0.00001027122198138386,-0.001384133123792708,-0.05335230007767677;1.0952613260784005e-9,0.22798006236553192,0.19279809296131134,-0.5955716371536255;0.6928501129150391,-0.11954644322395325,0.04109624773263931,-0.044621504843235016
;-81.91020202636719;-0.0000010549989610808552,0.000009705319826025516,-0.0013786379713565111,-0.05340101569890976;1.068028887551975e-9,0.22776605188846588,0.1897309273481369,-0.5953759551048279;0.6855983138084412,-0.11959349364042282,0.0410616509616375,-0.04463965445756912
;-81.9698715209961;-0.0000010677383670554264,0.000009171369129035156,-0.0013734865933656693,-0.053438451141119;1.0420929674737067e-9,0.22755879163742065,0.18674680590629578,-0.595160186290741;0.6785638928413391,-0.11963936686515808,0.04102703183889389,-0.04465721547603607
;-82.02762603759766;-0.000001080769152395078,0.000008667562724440359,-0.0013686633901670575,-0.05346503481268883;1.0173808462354827e-9,0.2273581326007843,0.1838437020778656,-0.5949624180793762;0.6717404127120972,-0.119683638215065,0.040994029492139816,-0.04467422142624855
;-82.08354187011719;-0.0000010940922265945119,0.000008192208952095825,-0.0013641556724905968,-0.053481195122003555;9.938277978349674e-10,0.22716379165649414,0.18101990222930908,-0.5947082042694092;0.6651223301887512,-0.11972728371620178,0.04095935449004173,-0.044690679758787155
;-82.1376724243164;-0.000001107689627133368,0.00000774365798861254,-0.0013599484227597713,-0.053487423807382584;9.713612136863503e-10,0.22697563469409943,0.17827269434928894,-0.5944545865058899;0.6587012410163879,-0.1197696253657341,0.04092546924948692,-0.04470660910010338
;-82.1900863647461;-0.0000011215589665880543,0.000007320380518649472,-0.001356029766611755,-0.053484123200178146;9.499209197016967e-10,0.22679337859153748,0.17559993267059326,-0.5941647291183472;0.6524708867073059,-0.11981119215488434,0.040890734642744064,-0.04472203925251961
;-82.24083709716797;-0.0000011357030871295137,0.000006920941359567223,-0.0013523863162845373,-0.053471699357032776;9.294527369974048e-10,0.22661687433719635,0.17299972474575043,-0.5938577651977539;0.6464253664016724,-0.11985176801681519,0.04085597023367882,-0.04473697394132614
;-82.28997039794922;-0.0000011501117569423513,0.000006543981271533994,-0.0013490060809999704,-0.05345052108168602;9.099032638459903e-10,0.2264459878206253,0.1704702079296112,-0.5935342907905579;0.6405590772628784,-0.11989137530326843,0.04082117974758148,-0.044751428067684174
;-82.3375473022461;-0.0000011647863402686198,0.000006188217412272934,-0.001345879165455699,-0.05342094972729683;8.91223983501277e-10,0.22628043591976166,0.16800940036773682,-0.5932139754295349;0.6348663568496704,-0.11992982029914856,0.04078718274831772,-0.04476543143391609
;-82.38361358642578;-0.0000011797213801401085,0.0000058524333326204214,-0.0013429952086880803,-0.05338336527347565;8.733665457505424e-10,0.22612009942531586,0.16561532020568848,-0.5928969383239746;0.6293418407440186,-0.11996714025735855,0.04075399413704872,-0.044778984040021896
;-82.42822265625;-0.0000011949083500439883,0.000005535483069252223,-0.0013403432676568627,-0.053338099271059036;8.562882625184898e-10,0.22596485912799835,0.16328591108322144,-0.5925464630126953;0.6239795088768005,-0.1200038269162178,0.04071994498372078,-0.04479210823774338
;-82.4714126586914;-0.000001210349410030176,0.000005236303422861965,-0.0013379144947975874,-0.05328546091914177;8.399512196888281e-10,0.22581449151039124,0.16101980209350586,-0.5922004580497742;0.6187756061553955,-0.1200394332408905,0.040686700493097305,-0.04480481520295143
;-82.51323699951172;-0.000001226041831614566,0.000004953867119183997,-0.0013356999261304736,-0.05322577431797981;8.243155047438222e-10,0.22566886246204376,0.15881486237049103,-0.5918405652046204;0.6137245297431946,-0.12007422745227814,0.040653426200151443,-0.04481711983680725
;-82.55374145507812;-0.0000012419782251527067,0.000004687215550802648,-0.0013336902484297752,-0.05315936356782913;8.09344868901718e-10,0.2255278080701828,0.15666934847831726,-0.5914673805236816;0.6088213920593262,-0.1201082393527031,0.04062012955546379,-0.04482903331518173
;-82.59296417236328;-0.0000012581596138261375,0.000004435451955941971,-0.0013318774290382862,-0.05308649316430092;7.950075042728599e-10,0.22539122402668,0.1545817255973816,-0.5910812616348267;0.6040622591972351,-0.12014149129390717,0.04058680310845375,-0.04484057053923607
;-82.6309585571289;-0.0000012745756521326257,0.000004197711405140581,-0.0013302540173754096,-0.053007494658231735;7.812674951424015e-10,0.22525885701179504,0.1525498479604721,-0.5906825661659241;0.5994415283203125,-0.12017400562763214,0.04055345430970192,-0.044851742684841156
;-82.66775512695312;-0.000001291220769417123,0.000003973196271545021,-0.0013288120971992612,-0.05292261764407158;7.680960312228535e-10,0.22513072192668915,0.15057221055030823,-0.5902720093727112;0.5949552655220032,-0.1202058270573616,0.0405200719833374,-0.04486256465315819
;-82.70339965820312;-0.0000013080961025480065,0.0000037611516745528206,-0.0013275441015139222,-0.05283210799098015;7.554664116504739e-10,0.22500653564929962,0.1486472487449646,-0.589849591255188;0.5905994176864624,-0.12023696303367615,0.040486667305231094,-0.04487304389476776
;-82.73793029785156;-0.0000013251949440018507,0.0000035608663893071935,-0.0013264435110613704,-0.05273624137043953;7.433522131172765e-10,0.22488628327846527,0.1467733383178711,-0.5894160866737366;0.5863699316978455,-0.12026742845773697,0.0404532365500927,-0.04488319903612137
;-82.7713851928711;-0.0000013425099041342037,0.0000033716592042765114,-0.0013255029916763306,-0.05263527110219002;7.317252359584359e-10,0.2247696965932846,0.14494869112968445,-0.5889716744422913;0.5822620987892151,-0.12029726803302765,0.04041977971792221,-0.04489303007721901
;-82.80379486083984;-0.0000013600409829450655,0.0000031929052966006566,-0.0013247164897620678,-0.05252942442893982;7.20563886336123e-10,0.22465680539608002,0.14317195117473602,-0.588516891002655;0.5782728791236877,-0.12032648921012878,0.040386296808719635,-0.044902559369802475
;-82.83519744873047;-0.0000013777876120002475,0.0000030240130399761256,-0.001324077951721847,-0.05241888761520386;7.098472365463238e-10,0.2245474010705948,0.14144185185432434,-0.5880518555641174;0.5743990540504456,-0.12035511434078217,0.04035278037190437,-0.044911790639162064
;-82.86563110351562;-0.0000013957346709503327,0.000002864410134861828,-0.0013235819060355425,-0.05230393260717392;6.995510282159501e-10,0.22444139420986176,0.13975650072097778,-0.5875769853591919;0.5706356763839722,-0.12038317322731018,0.04031923785805702,-0.04492073133587837
;-82.89512634277344;-0.0000014138818187348079,0.000002713571575441165,-0.0013232216006144881,-0.05218477174639702;6.896561655089783e-10,0.22433865070343018,0.1381145864725113,-0.5870928764343262;0.5669796466827393,-0.12041067332029343,0.04028567299246788,-0.044929396361112595
;-82.92371368408203;-0.000001432225076314353,0.0000025710000954859424,-0.0013229924952611327,-0.05206158757209778;6.801431640113265e-10,0.2242390215396881,0.1365147829055786,-0.5865995287895203;0.5634278655052185,-0.1204376369714737,0.04025208204984665,-0.044937796890735626
;-82.95142364501953;-0.0000014507568266708404,0.0000024362284420931246,-0.001322888769209385,-0.05193459242582321;6.709952038441713e-10,0.22414252161979675,0.13495583832263947,-0.5860974788665771;0.5599769353866577,-0.12046408653259277,0.04021846130490303,-0.044945936650037766
;-82.97828674316406;-0.0000014694783203594852,0.000002308814146090299,-0.0013229056494310498,-0.051803942769765854;6.621951320617825e-10,0.2240488976240158,0.133436381816864,-0.5855869054794312;0.5566238164901733,-0.12049003690481186,0.040184810757637024,-0.04495382681488991
;-83.00433349609375;-0.00000148838194036216,0.000002188339976783027,-0.0013230378972366452,-0.05166984722018242;6.537263508299418e-10,0.22395819425582886,0.1319551318883896,-0.5850681662559509;0.5533653497695923,-0.12051551043987274,0.04015113413333893,-0.04496147483587265
;-83.02959442138672;-0.0000015074572274897946,0.0000020744134872074937,-0.001323281554505229,-0.05153246968984604;6.455735945820607e-10,0.2238702028989792,0.13051073253154755,-0.5845415592193604;0.5501980781555176,-0.12054052203893661,0.04011743515729904,-0.044968895614147186
;-83.05409240722656;-0.0000015266989521478536,0.0000019666633761517005,-0.0013236317317932844,-0.05139197036623955;6.377207095731308e-10,0.2237849086523056,0.12910185754299164,-0.5840073227882385;0.5471189022064209,-0.12056508660316467,0.04008370265364647,-0.04497608542442322
;-83.07785034179688;-0.000001546115640849166,0.0000018647500610313728,-0.0013240844709798694,-0.05124850198626518;6.30158314418594e-10,0.22370217740535736,0.12772785127162933,-0.5834656953811646;0.5441262722015381,-0.12058921158313751,0.040049951523542404,-0.04498305916786194
;-83.10089874267578;-0.0000015656896721338853,0.0000017683425994619029,-0.0013246361631900072,-0.05110223963856697;6.228708104849545e-10,0.2236219346523285,0.126387357711792,-0.5829169750213623;0.5412169694900513,-0.12061293423175812,0.04001616686582565,-0.044989824295043945
;-83.12325286865234;-0.0000015854275261517614,0.0000016771335822340916,-0.0013252821518108249,-0.05095331370830536;6.158472620754196e-10,0.22354412078857422,0.12507936358451843,-0.5823612809181213;0.5383886098861694,-0.1206362396478653,0.039982352405786514,-0.04499638453125954
;-83.14495086669922;-0.0000016053090803325176,0.00000159082856043824,-0.0013260196428745985,-0.050801876932382584;6.09073902424484e-10,0.22346855700016022,0.12380257248878479,-0.5817990899085999;0.5356377959251404,-0.12065916508436203,0.039948515594005585,-0.04500275105237961
;-83.16600036621094;-0.0000016253410421995795,0.000001509158778389974,-0.0013268444454297423,-0.05064806342124939;6.025419607702531e-10,0.22339528799057007,0.12255623191595078,-0.5812495350837708;0.5329630374908447,-0.12068146467208862,0.03991549834609032,-0.04500892385840416
;-83.18643188476562;-0.0000016455227296319208,0.0000014318658259071526,-0.001327753416262567,-0.050491973757743835;5.962406679493881e-10,0.22332419455051422,0.121339350938797,-0.5806745886802673;0.5303618907928467,-0.12070365250110626,0.03988160938024521,-0.045014914125204086
;-83.20626068115234;-0.0000016658391359669622,0.0000013587051626018365,-0.0013287431793287396,-0.05033374950289726;5.901594213320038e-10,0.2232552170753479,0.12015090882778168,-0.5801320672035217;0.5278319716453552,-0.12072499841451645,0.03984938561916351,-0.045020729303359985
;-83.22550964355469;-0.0000016862867369127343,0.0000012894474821223412,-0.0013298102421686053,-0.050173528492450714;5.842888950446934e-10,0.22318822145462036,0.11898992210626602,-0.5795836448669434;0.5253704786300659,-0.12074600160121918,0.03981713578104973,-0.045026376843452454
;-83.24419403076172;-0.0000017068723536795005,0.0000012238787121532368,-0.0013309523928910494,-0.05001138895750046;5.786206513924697e-10,0.223123237490654,0.11785563081502914,-0.5790296196937561;0.5229762196540833,-0.12076667696237564,0.03978486359119415,-0.04503185302019119
;-83.26233673095703;-0.0000017275840491493,0.0000011617970585575677,-0.0013321663718670607,-0.04984743893146515;5.731472518810676e-10,0.22306011617183685,0.11674737930297852,-0.5784703493118286;0.520647406578064,-0.12078703939914703,0.03975256532430649,-0.0450371690094471
;-83.27995300292969;-0.0000017484215959484573,0.0000011030085715901805,-0.001333449617959559,-0.04968179389834404;5.678599257485928e-10,0.22299888730049133,0.11566411703824997,-0.5779058337211609;0.5183815360069275,-0.12080708891153336,0.03972024470567703,-0.045042332261800766
;-83.29706573486328;-0.000001769372488524823,0.00000104733089756337,-0.0013347991043701768,-0.04951457306742668;5.627494581439407e-10,0.2229394018650055,0.11460486799478531,-0.5773363709449768;0.5161761045455933,-0.120826855301857,0.03968789801001549,-0.045047346502542496
;-83.31369018554688;-0.0000017904442302096868,9.945962347046589e-7,-0.0013362126192077994,-0.049345843493938446;5.578104089742908e-10,0.22288163006305695,0.1135692223906517,-0.5767619609832764;0.5140303373336792,-0.12084633111953735,0.039655525237321854,-0.045052215456962585
;-83.32984161376953;-0.0000018116127193934517,9.446397939427698e-7,-0.0013376870192587376,-0.049175746738910675;5.530323976543627e-10,0.22282551229000092,0.11255589872598648,-0.5761829614639282;0.511940598487854,-0.12086553871631622,0.03962312638759613,-0.045056942850351334
;-83.34553527832031;-0.0000018328853457205696,8.973125318334496e-7,-0.0013392199762165546,-0.049004338681697845;5.48411926981629e-10,0.22277100384235382,0.11156449466943741,-0.5755994319915771;0.5099064707756042,-0.1208844855427742,0.039590708911418915,-0.045061539858579636
;-83.36079406738281;-0.0000018542571069701808,8.524713166480069e-7,-0.0013408090453594923,-0.04883171617984772;5.439405592611024e-10,0.2227180302143097,0.11059428751468658,-0.5750116109848022;0.5079259872436523,-0.12090317159891129,0.03955826163291931,-0.04506600648164749
;-83.37562561035156;-0.000001875718226074241,8.099789852167305e-7,-0.0013424527132883668,-0.04865799471735954;5.396119662215426e-10,0.22266650199890137,0.10964430868625641,-0.5744195580482483;0.5059967041015625,-0.12092161178588867,0.03952578455209732,-0.0450703464448452
;-83.39005279541016;-0.0000018972656334881322,7.697103114878701e-7,-0.001344148302450776,-0.04848318547010422;5.354222620823634e-10,0.22261644899845123,0.10871418565511703,-0.5738234519958496;0.5041177272796631,-0.12093983590602875,0.039493292570114136,-0.04507456719875336
;-83.40408325195312;-0.000001918893985930481,7.315424568332674e-7,-0.0013458930188789964,-0.04830742999911308;5.313620099478555e-10,0.22256766259670258,0.10780291259288788,-0.5732236504554749;0.502286434173584,-0.12095781415700912,0.03946077078580856,-0.04507867619395256
;-83.41773223876953;-0.0000019405983948672656,6.953638376216986e-7,-0.001347685232758522,-0.04813078045845032;5.274282122158525e-10,0.22252030670642853,0.10691015422344208,-0.5726200342178345;0.5005020499229431,-0.12097557634115219,0.0394282229244709,-0.04508266597986221
;-83.43101501464844;-0.0000019623798834800255,6.610691229980148e-7,-0.0013495233142748475,-0.0479532852768898;5.236180378176414e-10,0.22247424721717834,0.10603548586368561,-0.5720126628875732;0.4987638294696808,-0.12099313735961914,0.03939564898610115,-0.04508654773235321
;-83.4439468383789;-0.000001984222762985155,6.28552470516297e-7,-0.001351405051536858,-0.04777507111430168;5.199209396344884e-10,0.22242939472198486,0.10517766326665878,-0.5714018940925598;0.49706801772117615,-0.12101050466299057,0.03936305269598961,-0.04509033262729645
;-83.45653533935547;-0.0000020061261238879524,5.977218506814097e-7,-0.0013533279998227954,-0.04759615659713745;5.163363625548811e-10,0.2223857194185257,0.10433658212423325,-0.570787787437439;0.4954149127006531,-0.12102765589952469,0.03933043032884598,-0.04509400948882103
;-83.46878814697266;-0.0000020280847365938826,5.684860866495001e-7,-0.0013552909949794412,-0.04741661995649338;5.128582003521842e-10,0.22234323620796204,0.10351159423589706,-0.5702086687088013;0.493802547454834,-0.12104412168264389,0.03929949924349785,-0.04509759321808815
;-83.48072052001953;-0.0000020500992832239717,5.407612775343296e-7,-0.0013572925236076117,-0.04723650962114334;5.094833444019287e-10,0.2223018854856491,0.10270233452320099,-0.5695882439613342;0.49223020672798157,-0.12106091529130936,0.039266832172870636,-0.04510108008980751
;-83.49234771728516;-0.0000020721658984257374,5.144658530298329e-7,-0.0013593308394774795,-0.04705588519573212;5.062070762562598e-10,0.22226160764694214,0.1019081249833107,-0.568983793258667;0.4906960725784302,-0.1210772842168808,0.03923499584197998,-0.04510447382926941
;-83.50366973876953;-0.0000020942743503837846,4.895247229796951e-7,-0.0013614044291898608,-0.04687479883432388;5.030265093353137e-10,0.22222240269184113,0.10112863034009933,-0.5683956146240234;0.48919937014579773,-0.12109322100877762,0.03920399770140648,-0.045107778161764145
;-83.51470184326172;-0.000002116430550813675,4.658666057366645e-7,-0.001363512477837503,-0.04669329151511192;4.99937979903109e-10,0.2221841663122177,0.10036347806453705,-0.5678045749664307;0.4877391457557678,-0.1211090013384819,0.03917297348380089,-0.045111000537872314
;-83.52545166015625;-0.0000021386319986049784,4.434238860540063e-7,-0.0013656532391905785,-0.04651141166687012;4.969391564912939e-10,0.22214697301387787,0.0996122807264328,-0.567210853099823;0.4863146245479584,-0.12112461030483246,0.039141930639743805,-0.04511413723230362
;-83.53593444824219;-0.0000021608670977002475,4.2213139295199653e-7,-0.0013678250834345818,-0.046329207718372345;4.940244324735943e-10,0.22211076319217682,0.09887438267469406,-0.5666143298149109;0.4849240481853485,-0.12114007025957108,0.03911086544394493,-0.04511719569563866
;-83.54615783691406;-0.000002183128572141868,4.019276786948467e-7,-0.0013700267300009727,-0.04614676162600517;4.911900886028775e-10,0.22207535803318024,0.09814918041229248,-0.5660154223442078;0.48356539011001587,-0.12115539610385895,0.03907977417111397,-0.045120179653167725
;-83.55612182617188;-0.0000022054150576877873,3.8275692304523545e-7,-0.0013722565490752459,-0.0459640808403492;4.884342375000017e-10,0.22204093635082245,0.09743659198284149,-0.5654138922691345;0.48223885893821716,-0.12117057293653488,0.03904866427183151,-0.045123085379600525
;-83.56584167480469;-0.0000022277276912063826,3.6456501106840733e-7,-0.0013745144242420793,-0.0457812137901783;4.857549362746738e-10,0.22200734913349152,0.09673624485731125,-0.5648101568222046;0.48094356060028076,-0.12118560075759888,0.03901752457022667,-0.045125916600227356
;-83.57533264160156;-0.0000022500580598716624,3.472996468190104e-7,-0.0013767979107797146,-0.045598212629556656;4.831472999455855e-10,0.22197455167770386,0.09604747593402863,-0.5642040371894836;0.4796777069568634,-0.12120051681995392,0.03898636996746063,-0.04512868449091911
;-83.58460235595703;-0.0000022723968413629336,3.3091257023443177e-7,-0.0013791064266115427,-0.04541512578725815;4.806086639774776e-10,0.22194257378578186,0.09537000209093094,-0.5635958313941956;0.47844019532203674,-0.12121529132127762,0.03895518556237221,-0.0451313816010952
;-83.59364318847656;-0.000002294741761943442,3.1535790867565083e-7,-0.0013814379926770926,-0.045231979340314865;4.781364748573935e-10,0.22191135585308075,0.09470344334840775,-0.5629852414131165;0.4772302806377411,-0.12122996151447296,0.03892398253083229,-0.04513401910662651
;-83.60248565673828;-0.000002317096459591994,3.005924043009145e-7,-0.0013837929582223296,-0.045048803091049194;4.757280680500742e-10,0.22188085317611694,0.09404748678207397,-0.5623728036880493;0.4760470688343048,-0.12124450504779816,0.03889275714755058,-0.04513658955693245
;-83.61112213134766;-0.000002339445927646011,2.8657490247496753e-7,-0.0013861682964488864,-0.044865626841783524;4.733811675983191e-10,0.22185109555721283,0.09340176731348038,-0.5617583990097046;0.4748895764350891,-0.12125895172357559,0.038861505687236786,-0.04513910412788391
;-83.61956024169922;-0.0000023617869828740368,2.732666644078563e-7,-0.001388564589433372,-0.044682472944259644;4.710937195895326e-10,0.22182200849056244,0.09276596456766129,-0.5611420273780823;0.47375690937042236,-0.12127327919006348,0.0388302318751812,-0.0451415590941906
;-83.62781524658203;-0.000002384123718002229,2.6063074187732127e-7,-0.0013909799745306373,-0.04449941962957382;4.688620602877336e-10,0.22179359197616577,0.09213975071907043,-0.5605238080024719;0.47264811396598816,-0.121287502348423,0.03879893571138382,-0.04514395818114281
;-83.6358871459961;-0.000002406437715762877,2.4863243197614793e-7,-0.0013934135204181075,-0.044316478073596954;4.666844688472338e-10,0.22176578640937805,0.09152276068925858,-0.5599038600921631;0.47156232595443726,-0.12130164355039597,0.03876761719584465,-0.04514630511403084
;-83.64378356933594;-0.0000024287526230182266,2.372393197447309e-7,-0.0013958642957732081,-0.044133659452199936;4.645610007791845e-10,0.22173862159252167,0.09091497212648392,-0.559282124042511;0.47049954533576965,-0.12131567299365997,0.03873627632856369,-0.04514859989285469
;-83.6515121459961;-0.000002451034106343286,2.2641944497081568e-7,-0.0013983316021040082,-0.043951015919446945;4.6248679885785293e-10,0.22171203792095184,0.09031578153371811,-0.55865877866745;0.4694579243659973,-0.12132962048053741,0.03870491310954094,-0.045150842517614365
;-83.6590805053711;-0.000002473285576343187,2.1614312117890222e-7,-0.0014008140424266458,-0.043768588453531265;4.604595038593118e-10,0.22168603539466858,0.0897248312830925,-0.5580339431762695;0.46843644976615906,-0.1213434711098671,0.0386735238134861,-0.045153044164180756
;-83.66648864746094;-0.0000024955202206911054,2.063835893295618e-7,-0.0014033113839104772,-0.04358634352684021;4.58480781118098e-10,0.2216605544090271,0.08914239704608917,-0.5574074387550354;0.46743619441986084,-0.12135724723339081,0.03864211216568947,-0.04515519365668297
;-83.67374420166016;-0.0000025177230327244615,1.9711359300345066e-7,-0.0014058230444788933,-0.04340435564517975;4.5654693914265465e-10,0.22163566946983337,0.08856786787509918,-0.5567795038223267;0.4664551615715027,-0.12137094140052795,0.03861067444086075,-0.0451572984457016
;-83.68086242675781;-0.0000025398858269909397,1.8830783687917574e-7,-0.0014083476271480322,-0.04322263225913048;4.546549803308153e-10,0.22161124646663666,0.08800090849399567,-0.5561500787734985;0.4654924273490906,-0.12138456106185913,0.03857921436429024,-0.04515936225652695
;-83.68783569335938;-0.000002562009285611566,1.799430009441494e-7,-0.0014108839677646756,-0.04304119572043419;4.528048214158531e-10,0.22158731520175934,0.08744150400161743,-0.5555193424224854;0.4645480811595917,-0.12139810621738434,0.038547735661268234,-0.04516138508915901
;-83.69467163085938;-0.0000025840927264653146,1.7199633361997257e-7,-0.0014134319499135017,-0.04286005347967148;4.509947693076555e-10,0.2215638905763626,0.08688932657241821,-0.5548873543739319;0.4636211395263672,-0.12141158431768417,0.03851623088121414,-0.045163366943597794
;-83.70138549804688;-0.000002606125235615764,1.644463480943159e-7,-0.001415991224348545,-0.04267924651503563;4.492219096707828e-10,0.2215408980846405,0.08634405583143234,-0.5542539954185486;0.4627106189727783,-0.12142498791217804,0.03848470374941826,-0.04516531527042389
;-83.70797729492188;-0.0000026280984002369223,1.5727272284493665e-7,-0.0014185596955940127,-0.04249880090355873;4.474840498147614e-10,0.22151826322078705,0.08580540120601654,-0.5536194443702698;0.4618154764175415,-0.12143833190202713,0.038453150540590286,-0.0451672188937664
;-83.71443939208984;-0.0000026500292733544484,1.504570263932692e-7,-0.001421137829311192,-0.04231869801878929;4.4578368774139676e-10,0.22149614989757538,0.08527358621358871,-0.5530029535293579;0.46093693375587463,-0.12145135551691055,0.03842245414853096,-0.04516909271478653
;-83.72077941894531;-0.0000026719103516370524,1.4398089831502148e-7,-0.001423724228516221,-0.04213897883892059;4.441185197379127e-10,0.22147449851036072,0.08474831283092499,-0.5524044632911682;0.4600740075111389,-0.12146405130624771,0.03839261084794998,-0.04517092928290367
;-83.72700500488281;-0.00000269373686023755,1.3782688768060325e-7,-0.0014263192424550653,-0.041959650814533234;4.4248524289081104e-10,0.22145318984985352,0.08422926068305969,-0.5517856478691101;0.45922553539276123,-0.12147694826126099,0.038361869752407074,-0.04517272859811783
;-83.73311614990234;-0.000002715521532081766,1.319792914955542e-7,-0.0014289221726357937,-0.04178070276975632;4.408874099137705e-10,0.22143231332302094,0.08371666818857193,-0.5511656403541565;0.45839279890060425,-0.12148978561162949,0.038331106305122375,-0.0451744981110096
;-83.73912048339844;-0.0000027372398108127527,1.2642200886148203e-7,-0.0014315336011350155,-0.04160217568278313;4.393192476470631e-10,0.2214117795228958,0.08320996165275574,-0.5505638122558594;0.45757347345352173,-0.12150231748819351,0.03830120339989662,-0.04517623409628868
;-83.7450180053711;-0.000002758898972388124,1.211405304957225e-7,-0.001434151898138225,-0.041424065828323364;4.3778208835831833e-10,0.22139164805412292,0.08270910382270813,-0.5499611496925354;0.45676788687705994,-0.12151478976011276,0.03827127814292908,-0.04517793655395508
;-83.75080871582031;-0.000002780504473776091,1.1612112160719334e-7,-0.001436776714399457,-0.041246384382247925;4.362743222241505e-10,0.2213718444108963,0.08221407234668732,-0.5493572354316711;0.45597603917121887,-0.12152720242738724,0.03824133053421974,-0.045179616659879684
;-83.75650787353516;-0.000002802044946292881,1.1135031741105195e-7,-0.001439408166334033,-0.0410691499710083;4.3479539413304735e-10,0.22135238349437714,0.08172454684972763,-0.5487523674964905;0.45519688725471497,-0.12153957039117813,0.038211364299058914,-0.045181259512901306
;-83.76211547851562;-0.0000028235112949914765,1.0681539208690083e-7,-0.0014420452062040567,-0.04089238494634628;4.33342112193813e-10,0.22133329510688782,0.08124025911092758,-0.5481467247009277;0.45442935824394226,-0.12155190110206604,0.038181375712156296,-0.04518288001418114
;-83.76763153076172;-0.0000028449044293665793,1.0250462878502731e-7,-0.0014446876011788845,-0.04071611911058426;4.3191430987299384e-10,0.22131448984146118,0.08076117187738419,-0.5475402474403381;0.4536736011505127,-0.12156417220830917,0.03815136104822159,-0.04518447443842888
;-83.77305603027344;-0.000002866235035980935,9.840685066819788e-8,-0.0014473345363512635,-0.04054032266139984;4.305124867709509e-10,0.2212960124015808,0.08028724789619446,-0.5469326972961426;0.4529295265674591,-0.12157641351222992,0.03812133148312569,-0.04518603906035423
;-83.77838897705078;-0.0000028874940198875265,9.45115061767865e-8,-0.0014499862445518374,-0.04036502167582512;4.291365041098061e-10,0.22127780318260193,0.07981846481561661,-0.5463244318962097;0.4521973729133606,-0.12158861011266708,0.038091279566287994,-0.0451875776052475
;-83.78364562988281;-0.000002908682290581055,9.080818585971429e-8,-0.001452642260119319,-0.04019021615386009;4.2778372510987595e-10,0.2212599515914917,0.07935454696416855,-0.5457152724266052;0.4514758586883545,-0.12160075455904007,0.03806120902299881,-0.04518909379839897
;-83.788818359375;-0.000002929800530182547,8.728739686603149e-8,-0.0014553016517311335,-0.04001592472195625;4.2645462161594594e-10,0.221242293715477,0.0788954347372055,-0.5451053380966187;0.4507651925086975,-0.12161286920309067,0.038031116127967834,-0.045190583914518356
;-83.79391479492188;-0.00000295083737000823,8.393978134790814e-8,-0.00145796500146389,-0.039842162281274796;4.251470842042693e-10,0.22122494876384735,0.07844086736440659,-0.54449462890625;0.4500642418861389,-0.12162496149539948,0.03800099715590477,-0.04519205540418625
;-83.79894256591797;-0.0000029717834877374116,8.075648594285667e-8,-0.001460630795918405,-0.03966895863413811;4.238585316063137e-10,0.22120784223079681,0.07799055427312851,-0.5438832640647888;0.44937217235565186,-0.1216370016336441,0.03797086328268051,-0.04519350454211235
;-83.80390167236328;-0.0000029926497973065125,7.772964494279222e-8,-0.001463299267925322,-0.0394962839782238;4.2259148957946024e-10,0.22119095921516418,0.07754472643136978,-0.5432711839675903;0.44868984818458557,-0.12164901196956635,0.037940703332424164,-0.04519493505358696
;-83.80878448486328;-0.0000030134294775052695,7.485125053108277e-8,-0.0014659692533314228,-0.03932417184114456;4.2134323807729857e-10,0.22117437422275543,0.07710310816764832,-0.5426583886146545;0.4480164349079132,-0.1216609999537468,0.037910524755716324,-0.04519634321331978
;-83.81360626220703;-0.000003034121618838981,7.211395569584056e-8,-0.001468640984967351,-0.0391526035964489;4.201148873228533e-10,0.221157968044281,0.07666568458080292,-0.5420449376106262;0.4473518133163452,-0.12167295068502426,0.037880320101976395,-0.045197732746601105
;-83.81836700439453;-0.0000030547232654498657,6.951056263915234e-8,-0.001471314812079072,-0.03898162022233009;4.1890324542492863e-10,0.2211417853832245,0.07623216509819031,-0.5414309501647949;0.4466950297355652,-0.12168488651514053,0.03785010054707527,-0.04519910365343094
;-83.82306671142578;-0.000003075227596127661,6.703443489186611e-8,-0.001473989337682724,-0.03881120681762695;4.1770831238352457e-10,0.22112585604190826,0.0758025273680687,-0.5408162474632263;0.44604602456092834,-0.12169677764177322,0.03781985491514206,-0.04520045593380928
;-83.82770538330078;-0.0000030956427963246824,6.467929836162511e-8,-0.0014766639797016978,-0.03864136338233948;4.165310873993633e-10,0.22111009061336517,0.07537677139043808,-0.5402202606201172;0.4454048275947571,-0.12170838564634323,0.037790484726428986,-0.04520178958773613
;-83.83228302001953;-0.000003115967729172553,6.243917027859425e-8,-0.0014793400187045336,-0.038472093641757965;4.153704047382689e-10,0.22109454870224,0.07495485991239548,-0.5396044254302979;0.44477155804634094,-0.12172023952007294,0.03776020184159279,-0.045203108340501785
;-83.83679962158203;-0.000003136207169518457,6.030837340631479e-8,-0.0014820160577073693,-0.03830339387059212;4.1422673624502693e-10,0.22107923030853271,0.0745367705821991,-0.5390264987945557;0.44414621591567993,-0.12173153460025787,0.037731677293777466,-0.04520440846681595
;-83.84127044677734;-0.0000031563458833261393,5.828132287888366e-8,-0.001484692213125527,-0.03813527897000313;4.130975839178319e-10,0.22106410562992096,0.07412222772836685,-0.5384479761123657;0.44352760910987854,-0.12174279987812042,0.03770313411951065,-0.04520569369196892
;-83.8456802368164;-0.000003176397058268776,5.6352881472321315e-8,-0.0014873684849590063,-0.03796777129173279;4.1198394695740603e-10,0.22104912996292114,0.07371121644973755,-0.5378690361976624;0.44291597604751587,-0.12175403535366058,0.03767457604408264,-0.045206960290670395
;-83.85002899169922;-0.0000031963606943463674,5.4518384473567494e-8,-0.0014900449896231294,-0.037800826132297516;4.1088665803101776e-10,0.22103436291217804,0.07330398261547089,-0.5372894406318665;0.44231221079826355,-0.12176525592803955,0.03764599561691284,-0.04520821571350098
;-83.85433959960938;-0.000003216239974790369,5.2773007297446384e-8,-0.0014927214942872524,-0.03763447701931;4.0980419058200823e-10,0.22101981937885284,0.0729002133011818,-0.5366708040237427;0.44171541929244995,-0.1217769980430603,0.03761560842394829,-0.04520944878458977
;-83.85859680175781;-0.0000032359957913286053,5.1112007071196786e-8,-0.0014953971840441227,-0.03746875375509262;4.087321869850058e-10,0.2210053652524948,0.07249943912029266,-0.5360710620880127;0.441123366355896,-0.12178844213485718,0.037586092948913574,-0.04521067440509796
;-83.8628158569336;-0.0000032556715723330854,4.953158239118238e-8,-0.001498072175309062,-0.037303630262613297;4.076755044657432e-10,0.22099116444587708,0.07210210710763931,-0.5354707837104797;0.4405382573604584,-0.12179987132549286,0.03755656257271767,-0.04521188139915466
;-83.86698913574219;-0.0000032752259357948788,4.802742736842447e-8,-0.001500745420344174,-0.03713911399245262;4.066291747761852e-10,0.22097700834274292,0.07170774042606354,-0.5348700284957886;0.43995794653892517,-0.12181128561496735,0.03752700984477997,-0.04521307721734047
;-83.8711166381836;-0.0000032946818464552052,4.6595960867534814e-8,-0.0015034173848107457,-0.03697523474693298;4.055956126514104e-10,0.22096306085586548,0.07131654769182205,-0.5342882871627808;0.4393835961818695,-0.12182242423295975,0.03749832883477211,-0.04521426185965538
;-83.87519836425781;-0.0000033140452160296263,4.5233601753125185e-8,-0.0015060874866321683,-0.0368119478225708;4.045747903358432e-10,0.22094926238059998,0.07092851400375366,-0.5337059497833252;0.4388151466846466,-0.12183353304862976,0.03746963292360306,-0.045215435326099396
;-83.87923431396484;-0.0000033333130886603612,4.3936942972777615e-8,-0.0015087563078850508,-0.036649275571107864;4.0356612496239563e-10,0.22093565762043,0.07054360955953598,-0.533123254776001;0.43825262784957886,-0.12184462696313858,0.037440914660692215,-0.04521659389138222
;-83.88323211669922;-0.0000033524790978844976,4.2702598790356205e-8,-0.0015114236157387495,-0.03648723289370537;4.02568728352648e-10,0.2209220975637436,0.0701615959405899,-0.5325400233268738;0.4376949071884155,-0.1218557134270668,0.03741218149662018,-0.045217741280794144
;-83.88719177246094;-0.000003371551201780676,4.1527670191499055e-8,-0.00151408975943923,-0.03632578253746033;4.015834054182932e-10,0.2209087312221527,0.06978268921375275,-0.5319563746452332;0.4371432065963745,-0.12186677753925323,0.03738342970609665,-0.045218873769044876
;-83.89111328125;-0.0000033905018881341675,4.040894197032685e-8,-0.0015167536912485957,-0.03616498410701752;4.006068532458329e-10,0.22089549899101257,0.06940639764070511,-0.5313724875450134;0.4365953803062439,-0.12187782675027847,0.03735465183854103,-0.04522000253200531
;-83.8949966430664;-0.000003409372993701254,3.934393433269179e-8,-0.0015194156439974904,-0.036004774272441864;3.9964284659355087e-10,0.22088241577148438,0.0690331757068634,-0.5307881236076355;0.43605342507362366,-0.12188887596130371,0.03732586279511452,-0.04522111266851425
;-83.89884948730469;-0.0000034281292755622417,3.832974115880461e-8,-0.0015220746863633394,-0.035845205187797546;3.986874164141341e-10,0.22086946666240692,0.06866253912448883,-0.5302034020423889;0.4355153441429138,-0.12189990282058716,0.03729705139994621,-0.045222215354442596
;-83.90267181396484;-0.0000034467677778593497,3.7363868443662795e-8,-0.001524731400422752,-0.03568626567721367;3.9774025739625074e-10,0.22085656225681305,0.068294458091259,-0.5296183824539185;0.43498116731643677,-0.12191092222929001,0.03726821765303612,-0.04522331431508064
;-83.90646362304688;-0.0000034653010061447276,3.644394297452891e-8,-0.0015273852040991187,-0.03552796319127083;3.9680222996274495e-10,0.22084379196166992,0.06792894750833511,-0.5290330052375793;0.4344508647918701,-0.12192192673683167,0.03723936900496483,-0.0452243909239769
;-83.91022491455078;-0.0000034837141811294714,3.556771233093059e-8,-0.0015300357481464744,-0.03537028282880783;3.958723071573189e-10,0.22083114087581635,0.06756597757339478,-0.5284473896026611;0.43392446637153625,-0.12193293869495392,0.03721050173044205,-0.04522547125816345
;-83.91395568847656;-0.0000035020243558392394,3.473303422651952e-8,-0.0015326825669035316,-0.03521324321627617;3.949509330691825e-10,0.22081859409809113,0.0672055259346962,-0.5278613567352295;0.43340182304382324,-0.12194392830133438,0.037181612104177475,-0.04522653669118881
;-83.91765594482422;-0.0000035202272101741983,3.393786940364407e-8,-0.001535326591692865,-0.035056836903095245;3.940381354539113e-10,0.22080613672733307,0.06684760749340057,-0.5272752046585083;0.43288320302963257,-0.12195492535829544,0.03715270385146141,-0.04522760212421417
;-83.92132568359375;-0.00000353833161170769,3.3180285186062974e-8,-0.0015379672404378653,-0.034901052713394165;3.9313391431150535e-10,0.22079378366470337,0.06649218499660492,-0.5266885161399841;0.43236851692199707,-0.12196590006351471,0.037123776972293854,-0.04522864893078804
;-83.92496490478516;-0.0000035563232358981622,3.2458430609949573e-8,-0.0015406041638925672,-0.034745894372463226;3.9223818637523777e-10,0.22078156471252441,0.06613925844430923,-0.5261016488075256;0.431857705116272,-0.12197686731815338,0.037094831466674805,-0.04522968828678131
;-83.92858123779297;-0.00000357422027263965,3.177056129288758e-8,-0.0015432386426255107,-0.03459135442972183;3.9135092388953296e-10,0.22076939046382904,0.06578879803419113,-0.5255144238471985;0.4313507080078125,-0.12198783457279205,0.037065863609313965,-0.045230720192193985
;-83.93217468261719;-0.000003591981112549547,3.1114794296627224e-8,-0.0015458691632375121,-0.034437477588653564;3.9046790800689735e-10,0.2207573652267456,0.0654403492808342,-0.5249269008636475;0.43084561824798584,-0.12199879437685013,0.03703688085079193,-0.04523174837231636
;-83.93573760986328;-0.000003609643272284302,3.048977248454321e-8,-0.001548496074974537,-0.03428420424461365;3.895937461528831e-10,0.22074533998966217,0.06509435921907425,-0.5243393182754517;0.4303443431854248,-0.1220097541809082,0.03700787574052811,-0.04523276910185814
;-83.93928527832031;-0.000003627193791544414,2.989388292462536e-8,-0.0015511191450059414,-0.03413157910108566;3.8872571828107993e-10,0.22073346376419067,0.06475057452917099,-0.5237512588500977;0.4298460781574249,-0.12202070653438568,0.03697885200381279,-0.04523378238081932
;-83.94281005859375;-0.0000036446269859879976,2.9325704531402152e-8,-0.0015537379076704383,-0.03397957608103752;3.8786421296954643e-10,0.22072164714336395,0.06440899521112442,-0.5231630802154541;0.4293506145477295,-0.12203165143728256,0.03694980964064598,-0.045234788209199905
;-83.9463119506836;-0.000003661938535515219,2.8783768257767406e-8,-0.0015563525957986712,-0.03382823243737221;3.870072873279895e-10,0.22070986032485962,0.06406938284635544,-0.5225746631622314;0.42885705828666687,-0.12204259634017944,0.03692074865102768,-0.04523578658699989
;-83.94979858398438;-0.0000036791357160836924,2.8266899931850276e-8,-0.0015589629765599966,-0.033677518367767334;3.8615691200227786e-10,0.22069816291332245,0.06373194605112076,-0.5219860076904297;0.42836621403694153,-0.12205354869365692,0.03689166530966759,-0.04523678123950958
;-83.95326232910156;-0.000003696228304761462,2.777386498564738e-8,-0.001561568584293127,-0.0335274338722229;3.8531294821453344e-10,0.22068656980991364,0.06339667737483978,-0.5213971138000488;0.4278784394264221,-0.1220644861459732,0.036862559616565704,-0.045237768441438675
;-83.95670318603516;-0.0000037131978842808167,2.7303409311230098e-8,-0.001564169768244028,-0.0333779938519001;3.844736196079168e-10,0.2206750214099884,0.0630633533000946,-0.5208080410957336;0.4273923635482788,-0.12207543849945068,0.036833442747592926,-0.04523875191807747
;-83.96012878417969;-0.000003730055368578178,2.6854518608843136e-8,-0.001566766295582056,-0.03322916850447655;3.83640730294843e-10,0.22066354751586914,0.06273217499256134,-0.520237922668457;0.4269091486930847,-0.12208609282970428,0.03680521249771118,-0.045239727944135666
;-83.96353912353516;-0.000003746799393411493,2.642604712832508e-8,-0.0015693583991378546,-0.03308098390698433;3.828118655402335e-10,0.22065210342407227,0.062402911484241486,-0.5196677446365356;0.4264279007911682,-0.12209675461053848,0.036776963621377945,-0.04524070397019386
;-83.96692657470703;-0.0000037634451928170165,2.6017085374974158e-8,-0.00157194584608078,-0.03293341398239136;3.819899396795279e-10,0.22064074873924255,0.06207577884197235,-0.5190779566764832;0.42594945430755615,-0.12210769206285477,0.03674778714776039,-0.045241668820381165
;-83.97029113769531;-0.000003779962298722239,2.562659595639616e-8,-0.001574528170749545,-0.03278648480772972;3.811725379776476e-10,0.22062945365905762,0.061750538647174835,-0.5185073018074036;0.4254728853702545,-0.12211835384368896,0.03671950101852417,-0.04524262621998787
;-83.97364044189453;-0.0000037963909562677145,2.525376174844496e-8,-0.001577106537297368,-0.03264015167951584;3.803610759689491e-10,0.22061823308467865,0.06142740324139595,-0.5179557800292969;0.4249992370605469,-0.12212872505187988,0.03669210895895958,-0.045243583619594574
;-83.97696685791016;-0.0000038127102470753016,2.4897724770767127e-8,-0.0015796810621395707,-0.0324944444000721;3.7955585896476407e-10,0.22060708701610565,0.0611063614487648,-0.5174039006233215;0.42452847957611084,-0.1221390888094902,0.036664701998233795,-0.04524453356862068
;-83.98027038574219;-0.0000038289222175080795,2.4557571975947212e-8,-0.0015822510467842221,-0.032349344342947006;3.7875524938613125e-10,0.22059597074985504,0.06078718230128288,-0.5168519020080566;0.4240596294403076,-0.12214946001768112,0.03663727641105652,-0.04524547606706619
;-83.98355865478516;-0.000003845041646854952,2.4232624795672564e-8,-0.0015848169568926096,-0.032204851508140564;3.7796141216794865e-10,0.220584899187088,0.06047007814049721,-0.5162996649742126;0.4235937297344208,-0.12215983122587204,0.03660983592271805,-0.045246414840221405
;-83.98682403564453;-0.000003861071945721051,2.3922135383713794e-8,-0.0015873787924647331,-0.03206095099449158;3.7717343137622095e-10,0.22057394683361053,0.060155030339956284,-0.5157472491264343;0.42313066124916077,-0.12217018753290176,0.03658237308263779,-0.04524734988808632
;-83.99007415771484;-0.000003876980827044463,2.3625322143061567e-8,-0.0015899366699159145,-0.03191768005490303;3.763894196318063e-10,0.22056306898593903,0.059841807931661606,-0.5151945948600769;0.42266952991485596,-0.12218055129051208,0.03655489906668663,-0.045248277485370636
;-83.9933090209961;-0.00000389278966395068,2.334151005811691e-8,-0.0015924905892461538,-0.03177502006292343;3.756103483798512e-10,0.2205522060394287,0.05953042209148407,-0.5146417617797852;0.4222102761268616,-0.12219090759754181,0.03652740269899368,-0.045249197632074356
;-83.99652099609375;-0.000003908482995029772,2.3070072074915515e-8,-0.0015950400847941637,-0.03163297846913338;3.74835690264419e-10,0.22054141759872437,0.05922084301710129,-0.5140888094902039;0.42175284028053284,-0.12220126390457153,0.03649989515542984,-0.045250117778778076
;-83.99971771240234;-0.000003924098109564511,2.281048416818976e-8,-0.0015975851565599442,-0.03149152547121048;3.740672771535003e-10,0.2205306738615036,0.058913275599479675,-0.5135355591773987;0.4212983250617981,-0.12221162021160126,0.03647236526012421,-0.0452510304749012
;-84.00289916992188;-0.000003939597718272125,2.2562094414979583e-8,-0.0016001260373741388,-0.03135068714618683;3.733027775787434e-10,0.22052001953125,0.05860751122236252,-0.512982189655304;0.4208459258079529,-0.12222198396921158,0.03644481673836708,-0.045251939445734024
;-84.00606536865234;-0.0000039550018300360534,2.232435569737845e-8,-0.0016026627272367477,-0.031210454180836678;3.725431907408705e-10,0.2205093801021576,0.058303527534008026,-0.5124285817146301;0.4203951358795166,-0.1222323328256607,0.03641725331544876,-0.04525284096598625
;-84.00922393798828;-0.000003970296802435769,2.2096751095546097e-8,-0.001605194411240518,-0.031070826575160027;3.7178796152836924e-10,0.22049885988235474,0.0580013282597065,-0.511874794960022;0.4199463427066803,-0.12224269658327103,0.03638967499136925,-0.04525373876094818
;-84.01236724853516;-0.000003985480816481868,2.1878710398937073e-8,-0.0016077220207080245,-0.030931808054447174;3.710347584728879e-10,0.2204883098602295,0.05770067870616913,-0.5113208889961243;0.41949838399887085,-0.12225305289030075,0.03636207431554794,-0.04525463655591011
;-84.01549530029297;-0.000004000556145911105,2.1669842809046713e-8,-0.0016102438094094396,-0.03079340048134327;3.702859963095051e-10,0.22047781944274902,0.05740179121494293,-0.510766863822937;0.41905224323272705,-0.12226341664791107,0.036334458738565445,-0.04525553062558174
;-84.01860809326172;-0.00000401554325435427,2.1469698907594648e-8,-0.001612761290743947,-0.03065558709204197;3.6954198034955255e-10,0.22046738862991333,0.05710465833544731,-0.5102126598358154;0.41860803961753845,-0.12227378040552139,0.03630682826042175,-0.045256417244672775
;-84.02171325683594;-0.00000403040439778124,2.1277788420093202e-8,-0.001615273766219616,-0.030518388375639915;3.688000738133468e-10,0.22045698761940002,0.05680906027555466,-0.5096583962440491;0.4181646406650543,-0.12228414416313171,0.03627917543053627,-0.04525730013847351
;-84.0248031616211;-0.000004045170044264523,2.109377916781341e-8,-0.00161778146866709,-0.030381783843040466;3.680624138802102e-10,0.2204466313123703,0.056515201926231384,-0.5091038346290588;0.41772305965423584,-0.12229450792074203,0.036251507699489594,-0.045258183032274246
;-84.02788543701172;-0.000004059841103298822,2.0917294563105315e-8,-0.0016202846309170127,-0.03024575300514698;3.6732919483917215e-10,0.22043633460998535,0.056223079562187195,-0.5085492730140686;0.41728344559669495,-0.12230487167835236,0.036223821341991425,-0.04525906220078468
;-84.03095245361328;-0.000004074401658726856,2.0747886964045392e-8,-0.001622782670892775,-0.030110344290733337;3.6659839053321264e-10,0.2204260528087616,0.05593245103955269,-0.5079944133758545;0.4168446660041809,-0.12231524288654327,0.03619612008333206,-0.04525993391871452
;-84.03401184082031;-0.000004088842160854256,2.0585218862834154e-8,-0.001625275588594377,-0.0299755297601223;3.658700564734829e-10,0.22041580080986023,0.055643342435359955,-0.5074396133422852;0.4164067208766937,-0.12232562154531479,0.03616839647293091,-0.04526080563664436
;-84.03706359863281;-0.000004103200808458496,2.0429034464086726e-8,-0.0016277635004371405,-0.029841294512152672;3.6514605228354924e-10,0.22040559351444244,0.05535593256354332,-0.5068845152854919;0.41597065329551697,-0.1223360002040863,0.03614065796136856,-0.045261673629283905
;-84.04010009765625;-0.000004117444404982962,2.027894296929844e-8,-0.001630245940759778,-0.029707670211791992;3.6442449058426973e-10,0.22039547562599182,0.05507002770900726,-0.5063294172286987;0.4155353009700775,-0.12234637886285782,0.03611290454864502,-0.04526254162192345
;-84.04313659667969;-0.0000041315761336591095,2.0134658385018156e-8,-0.0016327239573001862,-0.02957463264465332;3.6370542688679564e-10,0.22038526833057404,0.0547855980694294,-0.5057741403579712;0.41510096192359924,-0.12235675752162933,0.03608512878417969,-0.04526340216398239
;-84.04615783691406;-0.000004145601906202501,1.999588761236737e-8,-0.0016351963859051466,-0.029442191123962402;3.629888056799757e-10,0.2203751653432846,0.05450264737010002,-0.5052380561828613;0.4146673381328583,-0.12236686050891876,0.03605826571583748,-0.045264266431331635
;-84.04916381835938;-0.000004159546733717434,1.9862444133877943e-8,-0.001637663459405303,-0.029310317710042;3.622764588318006e-10,0.22036509215831757,0.05422137677669525,-0.5047018527984619;0.4142356514930725,-0.12237696349620819,0.03603138402104378,-0.04526511952280998
;-84.05216217041016;-0.000004173384240857558,1.973399577082091e-8,-0.0016401259927079082,-0.029179027304053307;3.6156658222985527e-10,0.2203551083803177,0.05394156277179718,-0.5041654109954834;0.413804829120636,-0.12238707393407822,0.03600448742508888,-0.04526597261428833
;-84.05514526367188;-0.000004187130798527505,1.961037376929653e-8,-0.0016425828216597438,-0.029048308730125427;3.608609244754035e-10,0.22034507989883423,0.05366341024637222,-0.5036482214927673;0.4133758842945099,-0.12239689379930496,0.03597850352525711,-0.04526682570576668
;-84.05812072753906;-0.0000042007959564216435,1.9491352531986195e-8,-0.001645035925321281,-0.02891814149916172;3.601590414792355e-10,0.22033515572547913,0.05338690057396889,-0.5030922293663025;0.4129488468170166,-0.12240728735923767,0.035950642079114914,-0.04526767507195473
;-84.06108093261719;-0.000004214352884446271,1.9376635407297726e-8,-0.0016474841395393014,-0.028788557276129723;3.594600450629315e-10,0.22032524645328522,0.05311184003949165,-0.5025747418403625;0.41252264380455017,-0.12241710722446442,0.035924624651670456,-0.04526851326227188
;-84.06403350830078;-0.000004227809768053703,1.9266011008767236e-8,-0.0016499279299750924,-0.028659554198384285;3.587630192924962e-10,0.22031539678573608,0.05283820256590843,-0.5020572543144226;0.41209736466407776,-0.12242693454027176,0.035898592323064804,-0.045269355177879333
;-84.06697082519531;-0.000004241194801579695,1.9159365649557003e-8,-0.0016523669473826885,-0.02853110432624817;3.5807065645876435e-10,0.22030554711818695,0.05256618559360504,-0.5015395283699036;0.4116739332675934,-0.1224367544054985,0.03587254509329796,-0.04527019336819649
;-84.06990051269531;-0.0000042544911593722645,1.9056500377701013e-8,-0.001654801657423377,-0.028403213247656822;3.573820683833162e-10,0.2202957570552826,0.052295781672000885,-0.5010215044021606;0.4112524688243866,-0.12244658172130585,0.03584648296236992,-0.045271024107933044
;-84.07281494140625;-0.000004267691110726446,1.895716827959859e-8,-0.0016572312451899052,-0.02827589400112629;3.566963391321565e-10,0.220286026597023,0.05202678591012955,-0.5005035996437073;0.4108318090438843,-0.12245640903711319,0.03582040220499039,-0.0452718548476696
;-84.07571411132812;-0.000004280814664525678,1.8861276984694086e-8,-0.0016596574569121003,-0.02814912237226963;3.5601430137255363e-10,0.22027632594108582,0.051759395748376846,-0.49998539686203003;0.41041314601898193,-0.12246623635292053,0.03579431027173996,-0.04527268186211586
;-84.07860565185547;-0.000004293844085623277,1.8768581355743663e-8,-0.0016620793612673879,-0.028022922575473785;3.5533470610360496e-10,0.2202666699886322,0.05149339139461517,-0.49946704506874084;0.40999528765678406,-0.12247606366872787,0.03576819971203804,-0.04527350515127182
;-84.08148956298828;-0.000004306787559471559,1.8679008562116906e-8,-0.0016644963761791587,-0.027897268533706665;3.5465969050463286e-10,0.22025707364082336,0.05122896283864975,-0.4989486336708069;0.40957939624786377,-0.12248590588569641,0.03574207052588463,-0.04527432471513748
;-84.08435821533203;-0.000004319648269301979,1.8592341888279407e-8,-0.0016669087344780564,-0.027772177010774612;3.539866455515295e-10,0.22024747729301453,0.05096592381596565,-0.49843019247055054;0.4091643691062927,-0.12249573320150375,0.03571593388915062,-0.045275140553712845
;-84.08721923828125;-0.000004332412572694011,1.8508437449327175e-8,-0.0016693172510713339,-0.02764764055609703;3.533159043112022e-10,0.22023789584636688,0.05070425197482109,-0.4979115426540375;0.4087502062320709,-0.12250557541847229,0.03568977490067482,-0.04527595639228821
;-84.09007263183594;-0.00000434509320257348,1.842723840184135e-8,-0.001671721343882382,-0.027523646131157875;3.5264935416279286e-10,0.220228374004364,0.05044414848089218,-0.4973926544189453;0.4083379805088043,-0.12251541763544083,0.035663604736328125,-0.04527676850557327
;-84.0929183959961;-0.000004357667421572842,1.8348476515939183e-8,-0.0016741205472499132,-0.02740020863711834;3.5198333137032023e-10,0.22021889686584473,0.050185199826955795,-0.49687379598617554;0.4079255163669586,-0.12252525985240936,0.03563741594552994,-0.04527757689356804
;-84.09575653076172;-0.0000043701766117010266,1.8272171331545906e-8,-0.0016765149775892496,-0.02727731317281723;3.5132147191418994e-10,0.22020941972732544,0.04992780461907387,-0.4963548183441162;0.4075149595737457,-0.1225351095199585,0.03561120852828026,-0.04527838155627251
;-84.09857940673828;-0.000004382592123874929,1.819813988390706e-8,-0.001678905333392322,-0.027154957875609398;3.5066194392641137e-10,0.22020001709461212,0.04967175051569939,-0.49583572149276733;0.40710532665252686,-0.12254495918750763,0.03558499366044998,-0.045279186218976974
;-84.10140228271484;-0.0000043949175960733555,1.8126277367969124e-8,-0.0016812909161671996,-0.02703315205872059;3.500047751625601e-10,0.22019053995609283,0.04941704496741295,-0.4953164756298065;0.4066965579986572,-0.12255480885505676,0.035558756440877914,-0.045279987156391144
;-84.10420989990234;-0.000004407156666275114,1.805647897867857e-8,-0.0016836716094985604,-0.026911893859505653;3.493499378670606e-10,0.22018121182918549,0.04916366934776306,-0.4947971999645233;0.4062885344028473,-0.12256466597318649,0.03553250804543495,-0.045280784368515015
;-84.10701751708984;-0.000004419305241754046,1.798864879276607e-8,-0.00168604776263237,-0.026791179552674294;3.4869740428433715e-10,0.22017183899879456,0.04891163110733032,-0.49427783489227295;0.40588152408599854,-0.12257453054189682,0.0355062410235405,-0.045281585305929184
;-84.10981750488281;-0.000004431352863321081,1.7922626938116082e-8,-0.001688418909907341,-0.026671020314097404;3.480453980575504e-10,0.2201625108718872,0.048660729080438614,-0.49375829100608826;0.40547415614128113,-0.12258440256118774,0.03547995910048485,-0.045282378792762756
;-84.11260986328125;-0.000004443327270564623,1.7858457823649587e-8,-0.0016907851677387953,-0.026551371440291405;3.4739705556674494e-10,0.22015319764614105,0.048411328345537186,-0.49323877692222595;0.4050688147544861,-0.12259426712989807,0.035453662276268005,-0.04528317600488663
;-84.11540222167969;-0.000004455192538443953,1.779592651018902e-8,-0.001693146419711411,-0.026432286947965622;3.467497122766616e-10,0.22014391422271729,0.048163045197725296,-0.4927190840244293;0.4046632945537567,-0.12260414659976959,0.03542735427618027,-0.0452839657664299
;-84.11817932128906;-0.000004466978225536877,1.7735015234165985e-8,-0.0016955023165792227,-0.026313723996281624;3.4610470045493e-10,0.22013463079929352,0.04791608080267906,-0.4921993017196655;0.40425851941108704,-0.12261403352022171,0.03540102392435074,-0.045284755527973175
;-84.12095642089844;-0.000004478685241338098,1.7675654717663747e-8,-0.0016978534404188395,-0.026195691898465157;3.454619645903989e-10,0.22012537717819214,0.04767041280865669,-0.49167945981025696;0.40385469794273376,-0.12262391299009323,0.035374678671360016,-0.04528554528951645
;-84.12372589111328;-0.000004490279934543651,1.7617697523064635e-8,-0.0017001997912302613,-0.026078201830387115;3.44819284237019e-10,0.22011610865592957,0.04742585867643356,-0.4911595582962036;0.4034505784511566,-0.12263381481170654,0.0353483185172081,-0.04528633505105972
;-84.1264877319336;-0.000004501820967561798,1.7561220033712743e-8,-0.0017025407869368792,-0.02596122771501541;3.441811557980401e-10,0.22010694444179535,0.04718276858329773,-0.4906395673751831;0.40304845571517944,-0.12264370173215866,0.03532194346189499,-0.0452871173620224
;-84.1292495727539;-0.000004513261046668049,1.7506012639501023e-8,-0.0017048772424459457,-0.025844788178801537;3.4354352695942225e-10,0.22009773552417755,0.04694078117609024,-0.49011942744255066;0.40264609456062317,-0.12265360355377197,0.035295553505420685,-0.04528789967298508
;-84.13200378417969;-0.000004524587438936578,1.7452020273367452e-8,-0.0017072082264348865,-0.025728873908519745;3.4290600914310687e-10,0.22008849680423737,0.046699896454811096,-0.4895993173122406;0.4022434949874878,-0.12266351282596588,0.03526914492249489,-0.045288681983947754
;-84.13475036621094;-0.000004535867901722668,1.7399317542299286e-8,-0.0017095344373956323,-0.0256134495139122;3.4227293221889e-10,0.22007930278778076,0.046460460871458054,-0.4890790283679962;0.40184286236763,-0.12267342954874039,0.035242725163698196,-0.04528946802020073
;-84.13749694824219;-0.000004547046046354808,1.734771082340103e-8,-0.0017118558753281832,-0.02549857087433338;3.416404104061854e-10,0.22007013857364655,0.04622210934758186,-0.48855873942375183;0.4014420509338379,-0.12268335372209549,0.03521628677845001,-0.04529024660587311
;-84.1402359008789;-0.000004558125056064455,1.729715215503802e-8,-0.0017141718417406082,-0.025384211912751198;3.410079441046321e-10,0.22006095945835114,0.04598483443260193,-0.48807698488235474;0.4010410010814667,-0.12269268184900284,0.035191718488931656,-0.045291028916835785
;-84.14295959472656;-0.000004569135398924118,1.724771969691119e-8,-0.0017164830351248384,-0.025270354002714157;3.403799742063285e-10,0.22005179524421692,0.0457489974796772,-0.48759520053863525;0.40064191818237305,-0.12270202487707138,0.0351671427488327,-0.045291803777217865
;-84.14567565917969;-0.0000045801034502801485,1.7199370816456394e-8,-0.0017187902703881264,-0.025156987830996513;3.397555847772793e-10,0.22004278004169464,0.045514579862356186,-0.48707449436187744;0.4002448320388794,-0.12271194905042648,0.03514065966010094,-0.045292578637599945
;-84.14839172363281;-0.000004590971911966335,1.7151922548919174e-8,-0.001721093081869185,-0.025044137611985207;3.3913219454895227e-10,0.2200336903333664,0.04528122767806053,-0.48655375838279724;0.39984750747680664,-0.12272188812494278,0.03511415794491768,-0.04529334604740143
;-84.15110778808594;-0.000004601745786203537,1.7105335814449063e-8,-0.0017233912367373705,-0.024931812658905983;3.3850877656504963e-10,0.22002460062503815,0.04504892975091934,-0.48605233430862427;0.39944988489151,-0.1227315366268158,0.035088591277599335,-0.04529412090778351
;-84.15381622314453;-0.000004612421435012948,1.7059566204125076e-8,-0.0017256838036701083,-0.024820007383823395;3.3788635778186915e-10,0.2200155258178711,0.044817693531513214,-0.4855508804321289;0.39905208349227905,-0.12274118512868881,0.0350630097091198,-0.04529489204287529
;-84.1565170288086;-0.000004623045697371708,1.7014706088502862e-8,-0.001727972412481904,-0.024708682671189308;3.3726746395679186e-10,0.2200065404176712,0.04458785057067871,-0.48506858944892883;0.39865630865097046,-0.12275054305791855,0.03503836318850517,-0.04529565945267677
;-84.1592025756836;-0.000004633601292880485,1.6970654215242575e-8,-0.0017302562482655048,-0.024597855284810066;3.3665084608891505e-10,0.21999751031398773,0.0443592332303524,-0.48458629846572876;0.3982613980770111,-0.12275990098714828,0.035013698041439056,-0.045296426862478256
;-84.16188049316406;-0.000004644078217097558,1.6927376833564267e-8,-0.0017325362423434854,-0.02448752149939537;3.3603689275629733e-10,0.21998856961727142,0.044131819158792496,-0.48410382866859436;0.397867351770401,-0.12276926636695862,0.034989021718502045,-0.04529719054698944
;-84.16455078125;-0.000004654508757084841,1.6884904141534207e-8,-0.0017348119290545583,-0.024377672001719475;3.3542654764850965e-10,0.21997962892055511,0.043905772268772125,-0.48362115025520325;0.3974752724170685,-0.12277862429618835,0.03496433049440384,-0.04529795050621033
;-84.1672134399414;-0.000004664852895075455,1.684307804339369e-8,-0.0017370840068906546,-0.024268321692943573;3.348166188743562e-10,0.21997076272964478,0.04368075728416443,-0.4831385016441345;0.39708301424980164,-0.12278798967599869,0.03493962809443474,-0.045298706740140915
;-84.16986846923828;-0.000004675138370657805,1.680199446241204e-8,-0.0017393521266058087,-0.024159448221325874;3.3421071465866703e-10,0.21996185183525085,0.04345709830522537,-0.48265573382377625;0.39669278264045715,-0.12279736250638962,0.03491491079330444,-0.045299459248781204
;-84.17251586914062;-0.00000468534426545375,1.6761493526473714e-8,-0.0017416160553693771,-0.024051079526543617;3.336057541325488e-10,0.21995298564434052,0.043234460055828094,-0.4821728765964508;0.39630234241485596,-0.12280672788619995,0.034890174865722656,-0.04530021548271179
;-84.17515563964844;-0.000004695493771578185,1.6721680040632236e-8,-0.001743875676766038,-0.023943176493048668;3.330043185645337e-10,0.21994417905807495,0.04301317408680916,-0.4816898703575134;0.39591389894485474,-0.12281610071659088,0.03486543148756027,-0.04530096426606178
;-84.17778778076172;-0.00000470556096843211,1.668239768548574e-8,-0.0017461316892877221,-0.02383577823638916;3.324032993301529e-10,0.21993540227413177,0.042792897671461105,-0.4812067449092865;0.39552515745162964,-0.122825488448143,0.034840673208236694,-0.04530171677470207
;-84.18041229248047;-0.000004715576324088033,1.6643751266087747e-8,-0.0017483833944424987,-0.023728838190436363;3.318062768986607e-10,0.2199266254901886,0.0425739511847496,-0.48072367906570435;0.3951384723186493,-0.12283486872911453,0.03481590002775192,-0.045302458107471466
;-84.18302917480469;-0.000004725510279968148,1.6605589792106912e-8,-0.0017506313743069768,-0.02362239733338356;3.31209726311954e-10,0.219917893409729,0.04235599935054779,-0.48024046421051025;0.39475157856941223,-0.12284424901008606,0.03479111194610596,-0.04530320689082146
;-84.18563842773438;-0.000004735402399091981,1.6568018068596757e-8,-0.0017528753960505128,-0.02351641282439232;3.306170892614091e-10,0.2199091613292694,0.04213936626911163,-0.47975707054138184;0.39436671137809753,-0.12285363674163818,0.0347663089632988,-0.04530394449830055
;-84.18824768066406;-0.000004745196292788023,1.6530886881582774e-8,-0.001755115226842463,-0.023410916328430176;3.3002495181122526e-10,0.2199004739522934,0.04192372411489487,-0.47927361726760864;0.3939816653728485,-0.1228630319237709,0.03474149852991104,-0.045304689556360245
;-84.19084930419922;-0.000004754913334181765,1.649417313842605e-8,-0.0017573506338521838,-0.023305905982851982;3.2943323069467567e-10,0.2198917418718338,0.041709054261446,-0.47879019379615784;0.393596351146698,-0.12287243455648422,0.03471666947007179,-0.04530542716383934
;-84.19344329833984;-0.00000476458581033512,1.6457990525964306e-8,-0.0017595819663256407,-0.02320134826004505;3.2884550638101473e-10,0.21988309919834137,0.04149569198489189,-0.4783066213130951;0.39321303367614746,-0.12288183718919754,0.03469182923436165,-0.045306168496608734
;-84.19603729248047;-0.000004774175067723263,1.6422189830223033e-8,-0.0017618092242628336,-0.02309727482497692;3.2825775431177817e-10,0.21987445652484894,0.04128330200910568,-0.4778229296207428;0.3928295373916626,-0.12289123982191086,0.03466697409749031,-0.04530690237879753
;-84.19861602783203;-0.000004783696567756124,1.6386813683766377e-8,-0.0017640322912484407,-0.022993668913841248;3.276726390222251e-10,0.2198658436536789,0.041072044521570206,-0.4773391783237457;0.39244693517684937,-0.12290065735578537,0.03464210033416748,-0.04530763626098633
;-84.2011947631836;-0.000004793161679117475,1.635185320481014e-8,-0.0017662508180364966,-0.02289053238928318;3.2708968866757004e-10,0.21985724568367004,0.040861912071704865,-0.47685539722442627;0.39206522703170776,-0.12291006743907928,0.03461721912026405,-0.045308370143175125
;-84.20377349853516;-0.000004802539933734806,1.6317223128226033e-8,-0.0017684655031189322,-0.02278786338865757;3.2650721015770046e-10,0.2198486626148224,0.04065273702144623,-0.4763715863227844;0.39168328046798706,-0.1229194849729538,0.03459232300519943,-0.045309100300073624
;-84.20634460449219;-0.00000481183724332368,1.62829074668025e-8,-0.0017706750659272075,-0.022685671225190163;3.259251479814651e-10,0.21984004974365234,0.0404445081949234,-0.4758876860141754;0.39130112528800964,-0.1229289174079895,0.03456740826368332,-0.04530983045697212
;-84.20890808105469;-0.000004821094989893027,1.6249025236447778e-8,-0.0017728806706145406,-0.022583918645977974;3.2534699934139155e-10,0.21983148157596588,0.040237560868263245,-0.47540363669395447;0.3909209966659546,-0.12293834984302521,0.03454248607158661,-0.04531056061387062
;-84.21147155761719;-0.000004830280886380933,1.621543077590104e-8,-0.0017750823171809316,-0.022482631728053093;3.247688784568936e-10,0.2198229432106018,0.0400315523147583,-0.47491955757141113;0.3905407190322876,-0.12294778972864151,0.034517545253038406,-0.04531128704547882
;-84.21403503417969;-0.000004839376742893364,1.618211165066441e-8,-0.0017772788414731622,-0.02238180674612522;3.2419159023966415e-10,0.21981441974639893,0.039826489984989166,-0.474435418844223;0.3901601731777191,-0.12295722961425781,0.03449258953332901,-0.04531201720237732
;-84.21659088134766;-0.000004848389835387934,1.614905364988317e-8,-0.0017794708255678415,-0.022281449288129807;3.236147183560689e-10,0.21980585157871246,0.03962235897779465,-0.4739512801170349;0.38977938890457153,-0.12296668440103531,0.03446762263774872,-0.04531274363398552
;-84.2191390991211;-0.0000048573679123364855,1.6116377565822404e-8,-0.0017816582694649696,-0.022181525826454163;3.230417877642111e-10,0.21979738771915436,0.03941947966814041,-0.47346699237823486;0.3894006609916687,-0.1229761391878128,0.03444264456629753,-0.04531347006559372
;-84.22168731689453;-0.000004866266863245983,1.6083939513578116e-8,-0.0017838424537330866,-0.022082064300775528;3.224688294167777e-10,0.21978887915611267,0.03921753168106079,-0.4729827046394348;0.38902172446250916,-0.1229856014251709,0.03441764786839485,-0.04531418904662132
;-84.22423553466797;-0.000004875086233369075,1.605173416407979e-8,-0.0017860213993117213,-0.021983060985803604;3.2189675924776395e-10,0.21978038549423218,0.039016496390104294,-0.4724983274936676;0.3886425495147705,-0.12299507111310959,0.03439263999462128,-0.045314911752939224
;-84.22676849365234;-0.000004883852852799464,1.6019809478962088e-8,-0.0017881959211081266,-0.021884499117732048;3.2132682625807263e-10,0.21977189183235168,0.03881654888391495,-0.4720332622528076;0.3882642984390259,-0.12300422787666321,0.03436857834458351,-0.045315638184547424
;-84.22930145263672;-0.000004892561719316291,1.5988161905511333e-8,-0.0017903664847835898,-0.021786382421851158;3.207586418696451e-10,0.21976348757743835,0.03861766308546066,-0.4715680181980133;0.3878869116306305,-0.12301339954137802,0.03434450551867485,-0.04531635344028473
;-84.23182678222656;-0.000004901198735751677,1.5956711507669752e-8,-0.0017925332067534328,-0.021688714623451233;3.201912623929104e-10,0.21975500881671906,0.0384196937084198,-0.471122145652771;0.38750937581062317,-0.12302226573228836,0.034321386367082596,-0.04531707614660263
;-84.23434448242188;-0.0000049097970986622386,1.592558795948662e-8,-0.0017946958541870117,-0.02159147709608078;3.1962735236312767e-10,0.2197466343641281,0.03822293505072594,-0.4706374406814575;0.387133926153183,-0.12303175032138824,0.034296318888664246,-0.04531778767704964
;-84.23686218261719;-0.000004918326794722816,1.5894643823344268e-8,-0.0017968550091609359,-0.021494675427675247;3.190642750006134e-10,0.21973823010921478,0.0380270816385746,-0.47015267610549927;0.3867581784725189,-0.12304123491048813,0.0342712439596653,-0.04531849920749664
;-84.2393798828125;-0.000004926770998281427,1.5863879099242695e-8,-0.0017990092746913433,-0.02139832265675068;3.1850119763809914e-10,0.21972987055778503,0.037832122296094894,-0.46966782212257385;0.38638222217559814,-0.1230507344007492,0.03424615040421486,-0.045319218188524246
;-84.24189758300781;-0.0000049351392590324394,1.5833281352684025e-8,-0.0018011592328548431,-0.021302418783307076;3.1793898069842896e-10,0.2197214514017105,0.03763805329799652,-0.4691830277442932;0.38600605726242065,-0.12306024134159088,0.034221045672893524,-0.04531992971897125
;-84.2444076538086;-0.000004943443400406977,1.580284525459774e-8,-0.0018033043015748262,-0.02120695449411869;3.173771523368174e-10,0.21971307694911957,0.03744487464427948,-0.4687175154685974;0.38562971353530884,-0.12306945025920868,0.034196894615888596,-0.04532064497470856
;-84.24691009521484;-0.000004951708433509339,1.5772693373605762e-8,-0.0018054452957585454,-0.021111909300088882;3.168187656665822e-10,0.2197047472000122,0.03725288435816765,-0.4682518243789673;0.3852554261684418,-0.12307865172624588,0.03417272865772247,-0.045321352779865265
;-84.2494125366211;-0.000004959907073498471,1.5742688930231452e-8,-0.001807582564651966,-0.021017299965023994;3.162607953299812e-10,0.21969640254974365,0.03706177696585655,-0.46780556440353394;0.3848809003829956,-0.12308754771947861,0.03414951637387276,-0.04532206803560257
;-84.25189971923828;-0.000004968049779563444,1.5712892320607352e-8,-0.0018097154097631574,-0.020923113450407982;3.1570535075076123e-10,0.21968808770179749,0.03687169775366783,-0.46735912561416626;0.38450729846954346,-0.12309645116329193,0.034126292914152145,-0.04532277584075928
;-84.25437927246094;-0.000004976147010893328,1.5683298215662944e-8,-0.0018118454609066248,-0.020829353481531143;3.151515992616538e-10,0.2196797877550125,0.03668263554573059,-0.4669126570224762;0.38413459062576294,-0.12310536205768585,0.03410305827856064,-0.04532347619533539
;-84.25685119628906;-0.000004984220595360966,1.5653965235173928e-8,-0.0018139717867597938,-0.02073599398136139;3.146020943756156e-10,0.2196715772151947,0.03649473562836647,-0.4664660096168518;0.38376399874687195,-0.12311426550149918,0.034079812467098236,-0.0453241802752018
;-84.25931549072266;-0.0000049922105063160416,1.5624760152377348e-8,-0.001816095202229917,-0.020643064752221107;3.14052617245153e-10,0.21966339647769928,0.03630770370364189,-0.4660193622112274;0.38339316844940186,-0.1231231763958931,0.03405655175447464,-0.04532488062977791
;-84.26177215576172;-0.000005000184501113836,1.5595807312251964e-8,-0.001818215474486351,-0.020550541579723358;3.135068871173985e-10,0.21965515613555908,0.03612181916832924,-0.4655725061893463;0.3830244243144989,-0.12313208729028702,0.03403327986598015,-0.04532558098435402
;-84.26422882080078;-0.00000500808664583019,1.556697171167798e-8,-0.001820332370698452,-0.020458444952964783;3.129620729236393e-10,0.21964697539806366,0.03593679144978523,-0.4651256501674652;0.38265544176101685,-0.12314099818468094,0.03400999307632446,-0.04532627388834953
;-84.26667022705078;-0.000005015936949348543,1.5538317299501614e-8,-0.0018224454252049327,-0.020366765558719635;3.124188407976902e-10,0.21963882446289062,0.035752762109041214,-0.46467867493629456;0.3822874128818512,-0.12314991652965546,0.03398669883608818,-0.045326970517635345
;-84.26911163330078;-0.0000050237445066159125,1.550983341758183e-8,-0.0018245555693283677,-0.02027549035847187;3.1187774585106354e-10,0.21963073313236237,0.03556970879435539,-0.4642316401004791;0.3819202780723572,-0.12315884232521057,0.033963393419981,-0.04532766342163086
;-84.27154541015625;-0.000005031482032791246,1.548145789342925e-8,-0.0018266618717461824,-0.020184636116027832;3.1133701172691985e-10,0.21962259709835052,0.03538749739527702,-0.46378466486930847;0.3815530240535736,-0.12316776812076569,0.03394006937742233,-0.045328352600336075
;-84.27397155761719;-0.000005039205916546052,1.5453313295665794e-8,-0.0018287653801962733,-0.02009418047964573;3.1080013562778674e-10,0.21961450576782227,0.03520641103386879,-0.46333739161491394;0.3811878561973572,-0.1231767013669014,0.033916737884283066,-0.04532904177904129
;-84.27639770507812;-0.0000050468511290091556,1.5425266397528503e-8,-0.0018308646976947784,-0.020004142075777054;3.10263592595561e-10,0.2196064293384552,0.03502615913748741,-0.4628902077674866;0.3808223605155945,-0.12318563461303711,0.0338933952152729,-0.045329730957746506
;-84.27880859375;-0.000005054446319263661,1.5397382924220437e-8,-0.0018329605227336287,-0.01991450972855091;3.0972913123150647e-10,0.2195984125137329,0.03484687954187393,-0.46244293451309204;0.38045793771743774,-0.12319456785917282,0.03387003764510155,-0.04533041641116142
;-84.28121948242188;-0.000005062011950940359,1.536965221760056e-8,-0.0018350535538047552,-0.019825274124741554;3.0919719562483294e-10,0.21959030628204346,0.03466855734586716,-0.46199554204940796;0.38009434938430786,-0.12320350855588913,0.033846668899059296,-0.04533110186457634
;-84.28363037109375;-0.000005069500730314758,1.5342010328822653e-8,-0.001837142976000905,-0.01973644830286503;3.086652322625838e-10,0.21958225965499878,0.03449105843901634,-0.4615480303764343;0.3797306716442108,-0.12321245670318604,0.03382328525185585,-0.04533178731799126
;-84.2860336303711;-0.00000507691993334447,1.5314455481529876e-8,-0.00183922762516886,-0.019648035988211632;3.0813360196724204e-10,0.2195741981267929,0.03431437164545059,-0.46110066771507263;0.3793666362762451,-0.12322140485048294,0.03379989415407181,-0.045332469046115875
;-84.2884292602539;-0.0000050843214012274984,1.528710846798731e-8,-0.0018413097131997347,-0.019560007378458977;3.0760577418575963e-10,0.219566211104393,0.03413877636194229,-0.46065303683280945;0.3790048360824585,-0.12323036044836044,0.03377648815512657,-0.045333150774240494
;-84.29082489013672;-0.000005091665570944315,1.5259843166859355e-8,-0.00184338737744838,-0.019472379237413406;3.070783072267602e-10,0.2195582240819931,0.03396400064229965,-0.46020546555519104;0.3786427974700928,-0.12323931604623795,0.03375307098031044,-0.04533383250236511
;-84.293212890625;-0.000005098930614622077,1.5232654249075495e-8,-0.0018454615492373705,-0.019385159015655518;3.065512010902438e-10,0.21955019235610962,0.03379001095890999,-0.4597577452659607;0.37828049063682556,-0.12324827909469604,0.03372964262962341,-0.04533451423048973
;-84.29559326171875;-0.000005106181106384611,1.5205671388685005e-8,-0.0018475324613973498,-0.019298313185572624;3.060278697120111e-10,0.2195422649383545,0.033617109060287476,-0.45930996537208557;0.37792035937309265,-0.12325724214315414,0.03370620310306549,-0.04533519223332405
;-84.2979736328125;-0.000005113374754728284,1.517875958256809e-8,-0.0018495996482670307,-0.019211869686841965;3.0550451057820283e-10,0.21953432261943817,0.03344500809907913,-0.4588621258735657;0.37755998969078064,-0.12326622009277344,0.033682748675346375,-0.04533586651086807
;-84.30035400390625;-0.000005120494734001113,1.5151915278011074e-8,-0.0018516636919230223,-0.01912582665681839;3.0498190084493615e-10,0.21952636539936066,0.033273693174123764,-0.45841431617736816;0.37719935178756714,-0.12327519804239273,0.033659279346466064,-0.045336540788412094
;-84.302734375;-0.000005127557415107731,1.5125143804084473e-8,-0.0018537233117967844,-0.019040174782276154;3.044596796897281e-10,0.21951840817928314,0.03310316428542137,-0.4579664170742035;0.3768385350704193,-0.12328418344259262,0.03363580256700516,-0.045337218791246414
;-84.30509948730469;-0.000005134572802489856,1.509849489877979e-8,-0.0018557782750576735,-0.01895490474998951;3.0393948469153997e-10,0.21951046586036682,0.032933562994003296,-0.45751848816871643;0.3764787018299103,-0.12329317629337311,0.03361231088638306,-0.04533788934350014
;-84.30746459960938;-0.000005141546807863051,1.5071979220238063e-8,-0.0018578305607661605,-0.018870022147893906;3.034213436059474e-10,0.21950256824493408,0.03276488184928894,-0.45707041025161743;0.37611979246139526,-0.123302161693573,0.03358881175518036,-0.04533856362104416
;-84.30982971191406;-0.0000051484662435541395,1.5045522161472036e-8,-0.0018598794704303145,-0.01878553442656994;3.0290356334283786e-10,0.21949468553066254,0.03259697183966637,-0.45662233233451843;0.37576067447662354,-0.12331116199493408,0.03356529772281647,-0.04533923417329788
;-84.31219482421875;-0.0000051553111006796826,1.501912372248171e-8,-0.0018619237234815955,-0.018701430410146713;3.023861716577869e-10,0.21948681771755219,0.03242984414100647,-0.45617419481277466;0.37540143728256226,-0.12332016229629517,0.03354176878929138,-0.045339908450841904
;-84.31455993652344;-0.000005162105480849277,1.4992783903267082e-8,-0.0018639641348272562,-0.018617719411849976;3.0186911303964337e-10,0.21947890520095825,0.03226348012685776,-0.4557260274887085;0.3750419020652771,-0.12332917749881744,0.0335182286798954,-0.04534057900309563
;-84.31690979003906;-0.0000051688571147678886,1.4966561323603855e-8,-0.0018660001223906875,-0.018534380942583084;3.0135371975603675e-10,0.2194710373878479,0.03209802135825157,-0.45527783036231995;0.37468335032463074,-0.12333819270133972,0.033494677394628525,-0.04534124955534935
;-84.31925964355469;-0.000005175572368898429,1.4940459536205708e-8,-0.0018680334324017167,-0.01845141500234604;3.008407689630843e-10,0.21946316957473755,0.03193346783518791,-0.45482954382896423;0.37432578206062317,-0.123347207903862,0.033471111208200455,-0.045341916382312775
;-84.32160949707031;-0.000005182220775168389,1.4914411039512743e-8,-0.0018700629007071257,-0.018368830904364586;3.0032815123703926e-10,0.2194553166627884,0.03176966309547424,-0.45440056920051575;0.3739680051803589,-0.1233559250831604,0.03344851732254028,-0.0453425869345665
;-84.32394409179688;-0.0000051888441703340504,1.4888478006014338e-8,-0.0018720882944762707,-0.01828662119805813;2.9981758742358977e-10,0.21944749355316162,0.03160674870014191,-0.4539909362792969;0.3736111521720886,-0.12336430698633194,0.03342689946293831,-0.045343250036239624
;-84.32627868652344;-0.000005195414814807009,1.4862659547532076e-8,-0.00187411077786237,-0.01820477843284607;2.99308633433526e-10,0.21943971514701843,0.031444720923900604,-0.4535423219203949;0.37325528264045715,-0.12337334454059601,0.033403296023607254,-0.04534391313791275
;-84.32861328125;-0.0000052019372560607735,1.4836889938862896e-8,-0.00187613011803478,-0.018123308196663857;2.988004288440038e-10,0.21943190693855286,0.031283438205718994,-0.45311322808265686;0.37289920449256897,-0.12338206171989441,0.033380672335624695,-0.045344576239585876
;-84.3309326171875;-0.000005208425136515871,1.4811231352496179e-8,-0.0018781452672556043,-0.01804220862686634;2.982942781670772e-10,0.21942415833473206,0.031123032793402672,-0.4527033567428589;0.3725440204143524,-0.12339045852422714,0.033359017223119736,-0.045345235615968704
;-84.333251953125;-0.0000052148666327411775,1.4785684676610344e-8,-0.0018801583210006356,-0.017961472272872925;2.977897650691119e-10,0.21941642463207245,0.03096349909901619,-0.45229339599609375;0.37218987941741943,-0.12339887022972107,0.03333735093474388,-0.04534589499235153
;-84.33555603027344;-0.000005221284027356887,1.4760247246670133e-8,-0.0018821678822860122,-0.01788109727203846;2.9728761119507396e-10,0.21940869092941284,0.0308048315346241,-0.4518834054470062;0.37183669209480286,-0.1234072744846344,0.03331567719578743,-0.04534655064344406
;-84.33786010742188;-0.000005227665951679228,1.4734921727210804e-8,-0.0018841747660189867,-0.017801079899072647;2.9678745572248033e-10,0.21940098702907562,0.03064703196287155,-0.4514539837837219;0.3714844882488251,-0.1234159991145134,0.03329300507903099,-0.04534720629453659
;-84.34014892578125;-0.000005234003310761182,1.4709703677340258e-8,-0.0018861794378608465,-0.017721423879265785;2.9628899333999925e-10,0.21939337253570557,0.0304900873452425,-0.4510437250137329;0.3711332082748413,-0.12342441082000732,0.03327130898833275,-0.04534785449504852
;-84.34243774414062;-0.000005240325208433205,1.4684593985236916e-8,-0.001888180966489017,-0.017642125487327576;2.957928901814455e-10,0.21938572824001312,0.030333993956446648,-0.4506334960460663;0.3707829415798187,-0.12343282997608185,0.03324960172176361,-0.045348506420850754
;-84.34471893310547;-0.0000052465766202658415,1.4659528702054558e-8,-0.0018901797011494637,-0.017563192173838615;2.952967037561649e-10,0.21937806904315948,0.030178621411323547,-0.4502231180667877;0.37043240666389465,-0.12344123423099518,0.03322788327932358,-0.045349158346652985
;-84.34699249267578;-0.000005252822575130267,1.4634632172771944e-8,-0.0018921755254268646,-0.017484605312347412;2.948042365780168e-10,0.21937046945095062,0.030024224892258644,-0.44981276988983154;0.37008407711982727,-0.1234496533870697,0.03320615738630295,-0.04534980282187462
;-84.34925842285156;-0.000005259006229607621,1.4609780052410315e-8,-0.0018941689049825072,-0.01740637607872486;2.943124632892591e-10,0.21936291456222534,0.029870538040995598,-0.4494023323059082;0.3697355389595032,-0.12345807254314423,0.033184416592121124,-0.045350443571805954
;-84.35151672363281;-0.000005265194886305835,1.458509402141317e-8,-0.0018961592577397823,-0.017328491434454918;2.938239374028484e-10,0.21935538947582245,0.029717814177274704,-0.44899171590805054;0.3693891167640686,-0.12346649169921875,0.033162668347358704,-0.04535108432173729
;-84.35377502441406;-0.000005271313057164662,1.456045239933701e-8,-0.001898147165775299,-0.017250964418053627;2.933361331614037e-10,0.21934781968593597,0.02956579625606537,-0.44858109951019287;0.3690425455570221,-0.12347492575645447,0.03314090892672539,-0.04535172879695892
;-84.35601806640625;-0.000005277410764392698,1.4535912917779115e-8,-0.0019001321634277701,-0.017173785716295242;2.9284996649892037e-10,0.21934033930301666,0.029414605349302292,-0.44817042350769043;0.368696928024292,-0.1234833374619484,0.033119138330221176,-0.04535236582159996
;-84.35826110839844;-0.000005283467089611804,1.4511479129453164e-8,-0.0019021140178665519,-0.017096951603889465;2.923657704823057e-10,0.21933287382125854,0.029264237731695175,-0.44775959849357605;0.3683522939682007,-0.12349177896976471,0.03309736028313637,-0.045353002846241
;-84.3604965209961;-0.000005289477940095821,1.4487083532799261e-8,-0.0019040937768295407,-0.01702047325670719;2.9188187977702285e-10,0.21932539343833923,0.029114559292793274,-0.44734877347946167;0.36800745129585266,-0.12350020557641983,0.033075567334890366,-0.045353639870882034
;-84.36272430419922;-0.000005295474693411961,1.4462852249153002e-8,-0.0019060707418248057,-0.01694432646036148;2.9140204138577985e-10,0.2193179726600647,0.028965825214982033,-0.4469379484653473;0.3676648736000061,-0.12350863963365555,0.033053770661354065,-0.04535427317023277
;-84.36495208740234;-0.0000053014291552244686,1.443866004535721e-8,-0.001908044796437025,-0.016868533566594124;2.9092211972781e-10,0.21931052207946777,0.02881777659058571,-0.4465269446372986;0.36732199788093567,-0.12351708114147186,0.03303195536136627,-0.04535490646958351
;-84.36717987060547;-0.000005307311312208185,1.4414504256876626e-8,-0.001910015707835555,-0.016793088987469673;2.9044250338117195e-10,0.21930313110351562,0.028670409694314003,-0.44611597061157227;0.36697888374328613,-0.12352552264928818,0.03301013261079788,-0.04535553604364395
;-84.36939239501953;-0.00000531317209606641,1.4390449720735887e-8,-0.0019119834760203958,-0.016717975959181786;2.899648576804026e-10,0.21929574012756348,0.028523851186037064,-0.445704847574234;0.36663681268692017,-0.12353397160768509,0.032988302409648895,-0.04535616561770439
;-84.3716049194336;-0.00000531901014255709,1.4366496436934995e-8,-0.0019139483338221908,-0.016643203794956207;2.8948921038107756e-10,0.21928837895393372,0.028378091752529144,-0.44529369473457336;0.36629578471183777,-0.123542420566082,0.03296646103262901,-0.04535679519176483
;-84.37381744384766;-0.0000053247886171448044,1.434257690391405e-8,-0.0019159093499183655,-0.016568772494792938;2.890142014599917e-10,0.21928095817565918,0.028233002871274948,-0.44488251209259033;0.36595451831817627,-0.12355087697505951,0.03294460475444794,-0.045357417315244675
;-84.37601470947266;-0.0000053305361689126585,1.4318753294162434e-8,-0.0019178674556314945,-0.01649467647075653;2.885408023622915e-10,0.2192736715078354,0.028088709339499474,-0.4444712698459625;0.3656141757965088,-0.12355932593345642,0.03292274475097656,-0.045358046889305115
;-84.37821197509766;-0.000005336262802302372,1.4295030048572244e-8,-0.0019198234658688307,-0.016420915722846985;2.8806937391046006e-10,0.21926631033420563,0.027945199981331825,-0.4440598785877228;0.36527493596076965,-0.12356778979301453,0.032900869846343994,-0.04535866901278496
;-84.38040924072266;-0.000005341933501767926,1.4271342330118841e-8,-0.001921775983646512,-0.0163474902510643;2.8759822301438476e-10,0.21925900876522064,0.02780235931277275,-0.4436486065387726;0.36493539810180664,-0.12357625365257263,0.03287898376584053,-0.0453592911362648
;-84.38260650634766;-0.000005347539627109654,1.4247685697910129e-8,-0.001923725358210504,-0.016274405643343925;2.8712743294079246e-10,0.21925166249275208,0.027660178020596504,-0.44323721528053284;0.3645957410335541,-0.12358473241329193,0.03285708650946617,-0.045359913259744644
;-84.38479614257812;-0.000005353105279937154,1.4224060151946105e-8,-0.0019256715895608068,-0.01620165817439556;2.866568926673807e-10,0.21924439072608948,0.027518656104803085,-0.4428257644176483;0.3642559051513672,-0.12359320372343063,0.032835181802511215,-0.045360539108514786
;-84.38697814941406;-0.000005358667749533197,1.4200596254454467e-8,-0.0019276145612820983,-0.016129229217767715;2.86189960618799e-10,0.2192370891571045,0.027378033846616745,-0.44241422414779663;0.3639181852340698,-0.12360168248414993,0.032813265919685364,-0.04536115750670433
;-84.38916015625;-0.000005364179742173292,1.4177163443207519e-8,-0.0019295535748824477,-0.016057133674621582;2.8572336163712464e-10,0.2192298322916031,0.027238061651587486,-0.44200265407562256;0.3635803163051605,-0.12361016869544983,0.03279133886098862,-0.045361775904893875
;-84.39134216308594;-0.000005369640803110087,1.415376083002684e-8,-0.0019314901437610388,-0.01598536968231201;2.8525706796678207e-10,0.2192225605249405,0.027098732069134712,-0.4415910840034485;0.3632422387599945,-0.12361864745616913,0.032769400626420975,-0.04536239802837372
;-84.39352416992188;-0.000005375048658606829,1.4130388414912431e-8,-0.0019334231037646532,-0.015913935378193855;2.8479105185219566e-10,0.21921533346176147,0.02696005068719387,-0.441179484128952;0.36290404200553894,-0.12362714856863022,0.03274745121598244,-0.045363012701272964
;-84.39569091796875;-0.0000053804265007784124,1.4107110146710511e-8,-0.0019353528041392565,-0.015842823311686516;2.8432697862790235e-10,0.21920804679393768,0.026822129264473915,-0.4407678246498108;0.3625667691230774,-0.12363564968109131,0.032725490629673004,-0.04536363109946251
;-84.39785766601562;-0.000005385779331845697,1.4083926025421079e-8,-0.001937279594130814,-0.015772031620144844;2.8386484829390213e-10,0.21920084953308105,0.026684962213039398,-0.44035598635673523;0.362230509519577,-0.1236441507935524,0.032703522592782974,-0.04536424204707146
;-84.4000244140625;-0.000005391086233430542,1.4060768549484237e-8,-0.0019392032409086823,-0.015701565891504288;2.834030232712337e-10,0.21919365227222443,0.026548434048891068,-0.4399441182613373;0.3618941307067871,-0.12365265190601349,0.03268154338002205,-0.0453648567199707
;-84.40219116210938;-0.000005396341293817386,1.4037641271613666e-8,-0.001941123977303505,-0.01563142240047455;2.829414758043214e-10,0.21918639540672302,0.026412535458803177,-0.4395323693752289;0.3615575134754181,-0.12366116791963577,0.03265954926609993,-0.04536547139286995
;-84.40435791015625;-0.000005401545422500931,1.4014542415452524e-8,-0.0019430402899160981,-0.015561605803668499;2.8248023364874086e-10,0.2191792130470276,0.026277270168066025,-0.43912047147750854;0.36122065782546997,-0.12366968393325806,0.03263755142688751,-0.045366086065769196
;-84.40652465820312;-0.00000540670043847058,1.3991469316465555e-8,-0.001944952760823071,-0.015492108650505543;2.8201932456006773e-10,0.21917200088500977,0.026142634451389313,-0.4387085735797882;0.3608836531639099,-0.12367821484804153,0.0326155386865139,-0.04536670073866844
;-84.40867614746094;-0.00000541183544555679,1.3968487699855814e-8,-0.0019468622049316764,-0.015422923490405083;2.8156027509496084e-10,0.21916480362415314,0.026008740067481995,-0.43829667568206787;0.36054763197898865,-0.12368673831224442,0.032593514770269394,-0.04536731168627739
;-84.41082763671875;-0.0000054169427130545955,1.3945595789266463e-8,-0.001948768855072558,-0.015354051254689693;2.811028632088153e-10,0.2191576361656189,0.025875581428408623,-0.437884658575058;0.36021268367767334,-0.1236952692270279,0.03257148340344429,-0.04536792263388634
;-84.41297912597656;-0.000005421999958343804,1.3922731412208122e-8,-0.001950671779923141,-0.015285493806004524;2.8064603418975764e-10,0.21915046870708466,0.025743043050169945,-0.4374919533729553;0.3598775565624237,-0.1237034797668457,0.03255043923854828,-0.045368533581495285
;-84.41513061523438;-0.000005427005817182362,1.3899891015967114e-8,-0.0019525722600519657,-0.015217254869639874;2.80189565993183e-10,0.219143345952034,0.025611115619540215,-0.43709924817085266;0.3595421612262726,-0.12371169030666351,0.03252938762307167,-0.04536914452910423
;-84.41726684570312;-0.000005431996669358341,1.3877142990281754e-8,-0.001954469131305814,-0.015149320475757122;2.797349574201746e-10,0.21913620829582214,0.02547992207109928,-0.4367064833641052;0.35920780897140503,-0.12371990084648132,0.032508328557014465,-0.04536975175142288
;-84.41940307617188;-0.000005436959781945916,1.3854481117903106e-8,-0.0019563634414225817,-0.01508168876171112;2.7928234724861056e-10,0.21912908554077148,0.02534944750368595,-0.4363136887550354;0.35887446999549866,-0.12372812628746033,0.032487258315086365,-0.04537035524845123
;-84.4215316772461;-0.000005441883331513964,1.3831847667233887e-8,-0.0019582551904022694,-0.015014372766017914;2.7882995912165143e-10,0.21912196278572083,0.02521958015859127,-0.4359402358531952;0.35854095220565796,-0.12373601645231247,0.032467182725667953,-0.045370958745479584
;-84.42365264892578;-0.000005446800514619099,1.3809363430539179e-8,-0.001960143679752946,-0.014947347342967987;2.783807628858881e-10,0.21911492943763733,0.0250905379652977,-0.43552786111831665;0.35820960998535156,-0.12374456226825714,0.032445088028907776,-0.045371562242507935
;-84.42577362060547;-0.0000054516690397576895,1.3786905839197061e-8,-0.001962030539289117,-0.014880633912980556;2.7793226053951514e-10,0.21910788118839264,0.024962101131677628,-0.4351541996002197;0.35787805914878845,-0.12375245988368988,0.03242499381303787,-0.04537216201424599
;-84.4278793334961;-0.000005456523012981052,1.3764537953875333e-8,-0.0019639148376882076,-0.014814221300184727;2.774855900611328e-10,0.21910078823566437,0.024834366515278816,-0.4347805380821228;0.3575475215911865,-0.12376035004854202,0.03240488842129707,-0.04537276551127434
;-84.42998504638672;-0.000005461357432068326,1.3742257998217156e-8,-0.001965796109288931,-0.014748107641935349;2.770405016505606e-10,0.21909376978874207,0.024707335978746414,-0.4344068765640259;0.35721802711486816,-0.12376824766397476,0.03238477557897568,-0.04537336155772209
;-84.43207550048828;-0.000005466169113788055,1.3720068636757787e-8,-0.0019676757510751486,-0.014682289212942123;2.7659766144161324e-10,0.21908670663833618,0.024581005796790123,-0.43403300642967224;0.35688960552215576,-0.1237761452794075,0.032364655286073685,-0.045373957604169846
;-84.43416595458984;-0.000005470954874908784,1.3697968093140389e-8,-0.0019695537630468607,-0.014616765081882477;2.76156764122959e-10,0.21907973289489746,0.024455374106764793,-0.433659166097641;0.3565621078014374,-0.12378403544425964,0.032344523817300797,-0.0453745536506176
;-84.43624877929688;-0.000005475701982504688,1.3675895083054002e-8,-0.001971428981050849,-0.01455154363065958;2.7571572802642663e-10,0.21907278895378113,0.024330323562026024,-0.4332852363586426;0.35623452067375183,-0.12379194051027298,0.03232438489794731,-0.045375145971775055
;-84.43832397460938;-0.000005480451818584697,1.3653970398763704e-8,-0.0019733018707484007,-0.014486599713563919;2.752785777104805e-10,0.2190658003091812,0.024206070229411125,-0.4329111874103546;0.3559090197086334,-0.12379984557628632,0.03230423480272293,-0.04537573456764221
;-84.44039916992188;-0.0000054851493587193545,1.3632073248004417e-8,-0.0019751726649701595,-0.014421960338950157;2.748413718833831e-10,0.21905891597270966,0.024082394316792488,-0.43251776695251465;0.355583518743515,-0.12380808591842651,0.03228307142853737,-0.04537632316350937
;-84.44246673583984;-0.000005489810973813292,1.3610201854419302e-8,-0.001977040898054838,-0.014357621781527996;2.7440477667894925e-10,0.21905198693275452,0.023959293961524963,-0.4321436882019043;0.35525768995285034,-0.12381599843502045,0.032262906432151794,-0.045376915484666824
;-84.44452667236328;-0.000005494476681633387,1.3588483227522374e-8,-0.0019789068028330803,-0.014293566346168518;2.7397129009898435e-10,0.21904508769512177,0.023836981505155563,-0.431769460439682;0.3549341559410095,-0.12382390350103378,0.032242730259895325,-0.04537750035524368
;-84.44658660888672;-0.000005499097369465744,1.3566788581442779e-8,-0.001980770146474242,-0.014229802414774895;2.735384418972586e-10,0.2190382331609726,0.02371523529291153,-0.4313952326774597;0.354610413312912,-0.12383181601762772,0.03222254663705826,-0.04537808150053024
;-84.4486312866211;-0.000005503693500941154,1.3545181865026734e-8,-0.001982630928978324,-0.014166325330734253;2.7310714800776736e-10,0.21903137862682343,0.023594161495566368,-0.43102091550827026;0.35428768396377563,-0.12383973598480225,0.032202351838350296,-0.0453786663711071
;-84.45067596435547;-0.000005508278263732791,1.3523664854631079e-8,-0.0019844898488372564,-0.014103126712143421;2.7267774149741797e-10,0.21902453899383545,0.02347375638782978,-0.43064653873443604;0.35396602749824524,-0.12384764850139618,0.03218214958906174,-0.04537924751639366
;-84.45272064208984;-0.000005512816642294638,1.3502175377766434e-8,-0.0019863457418978214,-0.014040222391486168;2.722489178541565e-10,0.21901771426200867,0.023353908210992813,-0.4302721619606018;0.3536441922187805,-0.1238555759191513,0.03216193616390228,-0.04537982493638992
;-84.45475006103516;-0.000005517328645510133,1.3480769389673242e-8,-0.0019881995394825935,-0.013977601192891598;2.718216207675539e-10,0.21901091933250427,0.02323472872376442,-0.429897665977478;0.3533233404159546,-0.12386349588632584,0.03214171901345253,-0.045380402356386185
;-84.45677947998047;-0.00000552183109903126,1.3459453995778858e-8,-0.0019900514744222164,-0.013915261253714561;2.7139621106009315e-10,0.21900413930416107,0.023116204887628555,-0.42952316999435425;0.353003591299057,-0.12387141585350037,0.03212149068713188,-0.045380979776382446
;-84.45880889892578;-0.000005526288987312,1.3438163470880227e-8,-0.0019919013138860464,-0.013853210024535656;2.7097141197529595e-10,0.21899738907814026,0.022998230531811714,-0.4291485548019409;0.3526836037635803,-0.12387935072183609,0.03210125118494034,-0.04538155719637871
;-84.46083068847656;-0.000005530703674594406,1.3416898703155766e-8,-0.0019937464967370033,-0.013791443780064583;2.705465018681963e-10,0.21899059414863586,0.022880805656313896,-0.4287739396095276;0.3523634672164917,-0.12388728559017181,0.032081007957458496,-0.04538213089108467
;-84.46284484863281;-0.000005535134732781444,1.3395780484870556e-8,-0.001995590515434742,-0.013729947619140148;2.7012503345247296e-10,0.21898385882377625,0.022764137014746666,-0.4283992052078247;0.35204559564590454,-0.12389521300792694,0.03206074982881546,-0.045382704585790634
;-84.46485900878906;-0.000005539511676033726,1.3374689800116357e-8,-0.001997432205826044,-0.013668736442923546;2.697042311705644e-10,0.218977153301239,0.022648008540272713,-0.4280245304107666;0.35172751545906067,-0.12390314787626266,0.03204048424959183,-0.0453832745552063
;-84.46687316894531;-0.000005543850875255885,1.335362220800107e-8,-0.001999271335080266,-0.013607805594801903;2.6928326235520217e-10,0.2189704179763794,0.022532420232892036,-0.42764973640441895;0.35140928626060486,-0.12391109764575958,0.032020214945077896,-0.04538384824991226
;-84.4688720703125;-0.000005548170520341955,1.3332641657370914e-8,-0.002001106971874833,-0.013547149486839771;2.688641809189818e-10,0.21896372735500336,0.022417474538087845,-0.4272749423980713;0.35109204053878784,-0.1239190399646759,0.03199993073940277,-0.04538441449403763
;-84.47087097167969;-0.000005552471066039288,1.3311746371869049e-8,-0.0020029402803629637,-0.013486765325069427;2.684470146174789e-10,0.2189570665359497,0.02230316400527954,-0.4269000291824341;0.35077592730522156,-0.12392698973417282,0.03197963535785675,-0.045384980738162994
;-84.47286987304688;-0.000005556730684475042,1.3290876843541355e-8,-0.002004771027714014,-0.013426661491394043;2.680300148494297e-10,0.21895036101341248,0.022189384326338768,-0.4265250861644745;0.35045966506004333,-0.12393493950366974,0.03195933997631073,-0.04538555070757866
;-84.47486877441406;-0.000005560948466154514,1.3270026855138894e-8,-0.002006599912419915,-0.013366836123168468;2.67613625704044e-10,0.2189437299966812,0.022076133638620377,-0.42615020275115967;0.3501431345939636,-0.12394290417432785,0.031939029693603516,-0.045386120676994324
;-84.47686004638672;-0.000005565133506024722,1.3249203512089025e-8,-0.0020084248390048742,-0.013307282701134682;2.671971810475071e-10,0.21893705427646637,0.021963411942124367,-0.4257751405239105;0.34982651472091675,-0.12395086139440536,0.031918711960315704,-0.04538668692111969
;-84.47884368896484;-0.000005569315362663474,1.3228527606656826e-8,-0.0020102469716221094,-0.013247991912066936;2.6678415032677094e-10,0.2189304232597351,0.021851416677236557,-0.4254000782966614;0.3495120704174042,-0.12395881861448288,0.031898383051157,-0.04538724571466446
;-84.48082733154297;-0.000005573459475272102,1.3207873905685119e-8,-0.002012067474424839,-0.01318897120654583;2.663713694062153e-10,0.21892383694648743,0.02173994854092598,-0.42502498626708984;0.3491974472999573,-0.12396679073572159,0.031878046691417694,-0.04538780823349953
;-84.4828109741211;-0.0000055775717555661686,1.3187240632817065e-8,-0.0020138851832598448,-0.013130227103829384;2.659588382858402e-10,0.21891722083091736,0.02162899263203144,-0.42464983463287354;0.3488827645778656,-0.1239747628569603,0.031857702881097794,-0.045388370752334595
;-84.48479461669922;-0.000005581633104156936,1.3166632228944763e-8,-0.002015699865296483,-0.013071754015982151;2.6554655696564566e-10,0.2189106047153473,0.021518554538488388,-0.4242746829986572;0.3485678434371948,-0.1239827424287796,0.031837347894907,-0.04538893327116966
;-84.48677062988281;-0.000005585651706496719,1.3146043364997695e-8,-0.00201751128770411,-0.013013548217713833;2.6513449769005604e-10,0.21890398859977722,0.021408628672361374,-0.42389947175979614;0.3482527434825897,-0.1239907294511795,0.031816985458135605,-0.04538949951529503
;-84.48873901367188;-0.000005589693955698749,1.3125601938668296e-8,-0.002019320148974657,-0.012955596670508385;2.6472590786141836e-10,0.21889743208885193,0.021299421787261963,-0.4235241711139679;0.3479399085044861,-0.12399870157241821,0.03179661184549332,-0.0453900583088398
;-84.49070739746094;-0.0000055936811804713216,1.3105180940442551e-8,-0.002021125750616193,-0.012897912412881851;2.6431751232181e-10,0.21889084577560425,0.021190721541643143,-0.42314887046813965;0.3476269543170929,-0.12400668859481812,0.03177623078227043,-0.04539061337709427
;-84.49267578125;-0.000005597642029897543,1.3084782146677298e-8,-0.002022929722443223,-0.012840496376156807;2.639093943379578e-10,0.21888425946235657,0.021082524210214615,-0.4227735698223114;0.3473137617111206,-0.12401468306779861,0.03175584226846695,-0.04539117217063904
;-84.49464416503906;-0.000005601550583378412,1.3064406445550958e-8,-0.0020247295033186674,-0.01278334204107523;2.635014983987105e-10,0.21887773275375366,0.020974837243556976,-0.4223981499671936;0.34700044989585876,-0.12402267754077911,0.03173544257879257,-0.04539173096418381
;-84.49661254882812;-0.000005605426849797368,1.3044049396171431e-8,-0.0020265267230570316,-0.012726454995572567;2.6309385225964377e-10,0.21887117624282837,0.020867647603154182,-0.4220227897167206;0.346686989068985,-0.1240306869149208,0.0317150317132473,-0.04539228603243828
;-84.49858093261719;-0.000005609257641481236,1.3023713663073977e-8,-0.002028321148827672,-0.012669826857745647;2.6268642816518195e-10,0.21886460483074188,0.02076095901429653,-0.4216473400592804;0.3463732898235321,-0.1240386962890625,0.03169461712241173,-0.045392848551273346
;-84.50054168701172;-0.0000056130552366084885,1.3003395693544917e-8,-0.0020301116164773703,-0.012613464146852493;2.622792538709007e-10,0.21885806322097778,0.020654773339629173,-0.421271950006485;0.34605953097343445,-0.12404671311378479,0.03167419135570526,-0.045393407344818115
;-84.50249481201172;-0.000005616858743451303,1.2983223385276688e-8,-0.0020318999886512756,-0.01255734357982874;2.6187552126799574e-10,0.2188515067100525,0.02054927870631218,-0.42089638113975525;0.3457479476928711,-0.12405472993850708,0.0316537506878376,-0.04539395868778229
;-84.50444793701172;-0.0000056206290537375025,1.2963069728755272e-8,-0.00203368510119617,-0.012501483783125877;2.614720107096957e-10,0.21884500980377197,0.020444272086024284,-0.4205208122730255;0.3454362452030182,-0.12406274676322937,0.03163330629467964,-0.04539451375603676
;-84.50640106201172;-0.000005624363438982982,1.294293738851593e-8,-0.002035468118265271,-0.012445882894098759;2.6106872219600064e-10,0.21883849799633026,0.020339755341410637,-0.4201452434062958;0.34512439370155334,-0.12407077103853226,0.031612854450941086,-0.04539506509900093
;-84.50835418701172;-0.000005628049621009268,1.292282547638024e-8,-0.0020372483413666487,-0.01239053811877966;2.606657112380617e-10,0.21883200109004974,0.020235734060406685,-0.4197695255279541;0.3448123037815094,-0.12407880276441574,0.031592391431331635,-0.0453956238925457
;-84.51030731201172;-0.000005631706244457746,1.2902731327812944e-8,-0.0020390255376696587,-0.01233544759452343;2.6026283905800085e-10,0.21882551908493042,0.020132193341851234,-0.41941341757774353;0.3445001542568207,-0.12408649921417236,0.031572941690683365,-0.04539617523550987
;-84.51224517822266;-0.000005635343313770136,1.2882717115303421e-8,-0.002040799707174301,-0.012280602939426899;2.5986185425708186e-10,0.21881897747516632,0.020029231905937195,-0.41905710101127625;0.34418895840644836,-0.12409418076276779,0.0315534882247448,-0.04539673030376434
;-84.5141830444336;-0.000005638975380861666,1.286278727974377e-8,-0.0020425713155418634,-0.012226004153490067;2.594626735685779e-10,0.21881252527236938,0.019926846027374268,-0.4186813533306122;0.3438788652420044,-0.12410222738981247,0.03153299540281296,-0.04539727792143822
;-84.51612091064453;-0.000005642556516249897,1.2842872543217254e-8,-0.002044340129941702,-0.012171655893325806;2.5906374268025445e-10,0.21880607306957245,0.019824940711259842,-0.41830557584762573;0.3435686230659485,-0.12411027401685715,0.03151249885559082,-0.04539782926440239
;-84.51805877685547;-0.000005646114004775882,1.282298089932965e-8,-0.002046107081696391,-0.01211756095290184;2.5866503383653594e-10,0.21879960596561432,0.01972351036965847,-0.4179491698741913;0.34325820207595825,-0.12411797791719437,0.031493015587329865,-0.04539837688207626
;-84.5199966430664;-0.000005649629656545585,1.280310701901044e-8,-0.002047870075330138,-0.012063714675605297;2.5826657479299797e-10,0.21879315376281738,0.0196225568652153,-0.41757330298423767;0.3429476320743561,-0.12412603199481964,0.03147250413894653,-0.04539892449975014
;-84.52193450927734;-0.0000056530998335802,1.2783250902259624e-8,-0.0020496302749961615,-0.012010115198791027;2.578679492160063e-10,0.21878671646118164,0.019522076472640038,-0.41719743609428406;0.3426368832588196,-0.12413410097360611,0.03145197406411171,-0.04539947211742401
;-84.52386474609375;-0.0000056565409067843575,1.2763412549077202e-8,-0.0020513872150331736,-0.011956763453781605;2.574699065061026e-10,0.2187802493572235,0.01942206546664238,-0.41684097051620483;0.34232598543167114,-0.12414182722568512,0.03143247216939926,-0.04540002718567848
;-84.52578735351562;-0.000005659996986651095,1.2743713639906673e-8,-0.002053141826763749,-0.011903646402060986;2.5707527773199956e-10,0.21877387166023254,0.019322708249092102,-0.41648444533348083;0.3420173227787018,-0.12414953857660294,0.03141295164823532,-0.04540057107806206
;-84.5277099609375;-0.000005663417141477112,1.2724035158839797e-8,-0.002054894110187888,-0.011850772425532341;2.566808987580771e-10,0.2187674343585968,0.019223816692829132,-0.4161278307437897;0.34170854091644287,-0.12415726482868195,0.03139343112707138,-0.04540111497044563
;-84.52963256835938;-0.00000566680182600976,1.2704374441341315e-8,-0.0020566442981362343,-0.011798139661550522;2.5628671407318393e-10,0.21876104176044464,0.01912538893520832,-0.4157712161540985;0.34139958024024963,-0.12416499853134155,0.031373895704746246,-0.04540165886282921
;-84.53153991699219;-0.000005670170594385127,1.2684795436257446e-8,-0.002058391459286213,-0.011745743453502655;2.558943612562814e-10,0.2187546342611313,0.01902751252055168,-0.4154340922832489;0.34109166264533997,-0.12417237460613251,0.03135538473725319,-0.045402202755212784
;-84.533447265625;-0.000005673532086802879,1.266529459087451e-8,-0.0020601367577910423,-0.011693582870066166;2.5550342397373527e-10,0.2187483161687851,0.018930183723568916,-0.4150967001914978;0.3407849073410034,-0.12417976558208466,0.031336866319179535,-0.04540274292230606
;-84.53533935546875;-0.000005676880846294807,1.2645875457906186e-8,-0.002061879262328148,-0.011641656048595905;2.5511462387051154e-10,0.2187419980764389,0.018833400681614876,-0.4147593379020691;0.3404790759086609,-0.1241871565580368,0.031318340450525284,-0.04540327936410904
;-84.5372314453125;-0.000005680223694071174,1.2626536260995636e-8,-0.00206362153403461,-0.011589962057769299;2.5472765563527844e-10,0.2187356948852539,0.01873716339468956,-0.4144218862056732;0.34017443656921387,-0.12419453263282776,0.031299807131290436,-0.045403819531202316
;-84.53910827636719;-0.000005683561994374031,1.2607277888321278e-8,-0.002065361710265279,-0.011538499966263771;2.5434213068997735e-10,0.2187294065952301,0.018641462549567223,-0.41408440470695496;0.339870810508728,-0.12420192360877991,0.03128126263618469,-0.0454043485224247
;-84.54098510742188;-0.000005686883469024906,1.2588100339883113e-8,-0.0020671007223427296,-0.011487270705401897;2.5395868741284744e-10,0.21872317790985107,0.018546300008893013,-0.41374680399894714;0.33956819772720337,-0.12420931458473206,0.03126271441578865,-0.045404884964227676
;-84.54285430908203;-0.000005690170837624464,1.256894410772702e-8,-0.002068837871775031,-0.011436275206506252;2.5357549393589807e-10,0.21871693432331085,0.01845157891511917,-0.4134092628955841;0.3392655849456787,-0.12421669811010361,0.03124415874481201,-0.045405417680740356
;-84.54471588134766;-0.000005693486855307128,1.25499308722965e-8,-0.0020705729257315397,-0.01138550229370594;2.531953258166908e-10,0.21871069073677063,0.01835748180747032,-0.41307151317596436;0.33896514773368835,-0.12422408908605576,0.031225595623254776,-0.04540594294667244
;-84.54657745361328;-0.000005696755124517949,1.2530938953148052e-8,-0.0020723070483654737,-0.011334965005517006;2.528156850534202e-10,0.21870452165603638,0.01826382242143154,-0.41273370385169983;0.33866462111473083,-0.1242314800620079,0.031207025051116943,-0.04540646821260452
;-84.54843139648438;-0.000005699987923435401,1.2511964797567998e-8,-0.0020740386098623276,-0.011284657754004002;2.524359332678472e-10,0.21869833767414093,0.01817060075700283,-0.41239601373672485;0.3383638858795166,-0.12423887103796005,0.031188445165753365,-0.045406997203826904
;-84.55027770996094;-0.0000057032511904253624,1.2493134526891936e-8,-0.002075768541544676,-0.011234574019908905;2.520598452182554e-10,0.21869216859340668,0.018077993765473366,-0.41205817461013794;0.338065505027771,-0.1242462694644928,0.03116985782980919,-0.04540751874446869
;-84.5521240234375;-0.0000057064671636908315,1.2474323796141107e-8,-0.002077496610581875,-0.01118471659719944;2.516836739019368e-10,0.2186860591173172,0.017985815182328224,-0.41172024607658386;0.33776694536209106,-0.12425366789102554,0.031151266768574715,-0.045408040285110474
;-84.55396270751953;-0.000005709649030904984,1.2455532605315511e-8,-0.0020792221184819937,-0.011135092005133629;2.513080299415549e-10,0.21867990493774414,0.017894068732857704,-0.41138240694999695;0.3374682068824768,-0.12426106631755829,0.031132662668824196,-0.04540856555104256
;-84.55579376220703;-0.0000057128595472022425,1.2436883523037068e-8,-0.002080945996567607,-0.011085684411227703;2.5093535582776383e-10,0.21867382526397705,0.017802922055125237,-0.41104432940483093;0.33717185258865356,-0.12426847219467163,0.031114056706428528,-0.04540908336639404
;-84.55762481689453;-0.000005716024588764412,1.2418256645219117e-8,-0.0020826677791774273,-0.011036504991352558;2.505629037585777e-10,0.21866771578788757,0.017712203785777092,-0.4107062518596649;0.336875319480896,-0.12427587807178497,0.031095439568161964,-0.04540960118174553
;-84.55945587158203;-0.00000571916280023288,1.239964753096956e-8,-0.0020843874663114548,-0.010987551882863045;2.5019095128975266e-10,0.21866163611412048,0.017621906474232674,-0.41036826372146606;0.3365786075592041,-0.12428328394889832,0.031076816841959953,-0.045410118997097015
;-84.56127166748047;-0.0000057222923715016805,1.2381119240956195e-8,-0.0020861050579696894,-0.010938815772533417;2.4982046986643525e-10,0.2186555564403534,0.017532117664813995,-0.4100300669670105;0.33628299832344055,-0.12429068982601166,0.031058184802532196,-0.0454106368124485
;-84.5630874633789;-0.000005725407390855253,1.2362673551535863e-8,-0.0020878210198134184,-0.010890299454331398;2.4945176479995723e-10,0.21864953637123108,0.017442839220166206,-0.40969184041023254;0.33598849177360535,-0.1242981031537056,0.031039545312523842,-0.04541115090250969
;-84.56490325927734;-0.000005728499672841281,1.2344246513862345e-8,-0.002089535119011998,-0.01084200944751501;2.490835593338403e-10,0.21864351630210876,0.017353978008031845,-0.40935367345809937;0.3356938660144806,-0.12430551648139954,0.03102090023458004,-0.04541166499257088
;-84.56671905517578;-0.000005731557394028641,1.232583812793564e-8,-0.002091245958581567,-0.010793935507535934;2.487152428454209e-10,0.21863743662834167,0.017265528440475464,-0.409015417098999;0.3353990316390991,-0.12431294471025467,0.031002245843410492,-0.045412179082632065
;-84.56851959228516;-0.000005734601472795475,1.2307513230780387e-8,-0.00209295516833663,-0.010746084153652191;2.483487027138409e-10,0.21863149106502533,0.017177583649754524,-0.40869659185409546;0.3351053297519684,-0.12432000786066055,0.03098462149500847,-0.04541269317269325
;-84.57032012939453;-0.000005737645096814958,1.2289265605147648e-8,-0.0020946620497852564,-0.010698447935283184;2.4798421649485647e-10,0.2186255156993866,0.01709013059735298,-0.4083777070045471;0.3348126709461212,-0.12432707846164703,0.030966993421316147,-0.04541319981217384
;-84.57210540771484;-0.000005740678716392722,1.2271099691929521e-8,-0.002096367534250021,-0.01065102219581604;2.4762117356580404e-10,0.21861952543258667,0.017003169283270836,-0.40803927183151245;0.3345211446285248,-0.12433449178934097,0.030948316678404808,-0.04541371017694473
;-84.57389068603516;-0.000005743708243244328,1.2253013714769168e-8,-0.002098072087392211,-0.010603807866573334;2.472598792380154e-10,0.21861357986927032,0.016916697844862938,-0.4077007472515106;0.3342306911945343,-0.1243419200181961,0.03092963434755802,-0.045414213091135025
;-84.57567596435547;-0.000005746693204855546,1.2234947277534047e-8,-0.0020997743122279644,-0.010556814260780811;2.4689875144368045e-10,0.21860766410827637,0.016830632463097572,-0.4073622226715088;0.3339401185512543,-0.12434934824705124,0.030910944566130638,-0.045414719730615616
;-84.57746124267578;-0.000005749657702835975,1.221690126840258e-8,-0.0021014742087572813,-0.010510037653148174;2.4653784569395043e-10,0.21860173344612122,0.01674497127532959,-0.40702372789382935;0.33364933729171753,-0.12435677647590637,0.03089224547147751,-0.04541522637009621
;-84.5792465209961;-0.000005752589004259789,1.2198872134661087e-8,-0.0021031713113188744,-0.010463476181030273;2.461774673001571e-10,0.2185957431793213,0.016659710556268692,-0.4066852033138275;0.3333584666252136,-0.1243642121553421,0.03087354078888893,-0.0454157330095768
;-84.58102416992188;-0.000005755485744884936,1.2180861652666408e-8,-0.0021048651542514563,-0.010417128913104534;2.458169501284857e-10,0.21858978271484375,0.01657484471797943,-0.4063466489315033;0.33306750655174255,-0.12437165528535843,0.030854828655719757,-0.04541623964905739
;-84.58279418945312;-0.000005758404768130276,1.21629941673973e-8,-0.0021065573673695326,-0.010370983742177486;2.4545970811473694e-10,0.2185838520526886,0.016490543261170387,-0.40600791573524475;0.33277881145477295,-0.12437909841537476,0.030836107209324837,-0.04541673883795738
;-84.58456420898438;-0.000005761291049566353,1.2145142669339748e-8,-0.0021082484163343906,-0.010325051844120026;2.451026881455931e-10,0.21857795119285583,0.01640663482248783,-0.405669242143631;0.3324899673461914,-0.12438654154539108,0.03081738017499447,-0.04541724547743797
;-84.58633422851562;-0.000005764146408182569,1.2127309823029009e-8,-0.002109936438500881,-0.010279332287609577;2.4474583470990297e-10,0.21857205033302307,0.016323117539286613,-0.4053305983543396;0.3322009742259979,-0.12439398467540741,0.030798645690083504,-0.04541774466633797
;-84.58810424804688;-0.000005766967206000118,1.2109493852108244e-8,-0.002111621666699648,-0.010233821347355843;2.443891478076665e-10,0.2185661345720291,0.016239993274211884,-0.40499186515808105;0.3319118618965149,-0.12440145015716553,0.030779901891946793,-0.04541824758052826
;-84.58987426757812;-0.000005769758445239859,1.2091699197469552e-8,-0.0021133050322532654,-0.010188521817326546;2.440327107056106e-10,0.21856020390987396,0.016157258301973343,-0.4046531617641449;0.3316226005554199,-0.12440890818834305,0.030761152505874634,-0.04541875422000885
;-84.59164428710938;-0.0000057725146689335816,1.2073917865507156e-8,-0.002114984905347228,-0.010143432766199112;2.4367671769276456e-10,0.2185543030500412,0.01607491262257099,-0.40431442856788635;0.3313332200050354,-0.12441637367010117,0.03074239380657673,-0.045419253408908844
;-84.5934066772461;-0.000005775240424554795,1.2056153408934733e-8,-0.002116661984473467,-0.010098549537360668;2.4332061365761604e-10,0.21854837238788605,0.01599295623600483,-0.40397560596466064;0.33104366064071655,-0.12442383915185928,0.030723627656698227,-0.045419756323099136
;-84.59516143798828;-0.000005777989827038255,1.2038528396374204e-8,-0.002118336968123913,-0.010053860023617744;2.429678125359658e-10,0.21854257583618164,0.015911543741822243,-0.4036366939544678;0.33075642585754395,-0.124431312084198,0.030704854056239128,-0.04542025551199913
;-84.59691619873047;-0.00000578070648771245,1.202091937102523e-8,-0.002120009157806635,-0.010009377263486385;2.426151779477692e-10,0.2185366451740265,0.0158305112272501,-0.4032977819442749;0.3304691016674042,-0.12443878501653671,0.03068607486784458,-0.045420750975608826
;-84.59867095947266;-0.0000057833894970826805,1.2003327221066229e-8,-0.0021216797176748514,-0.009965102188289165;2.4226273764860196e-10,0.2185308337211609,0.015749860554933548,-0.40295886993408203;0.3301815986633301,-0.12444626539945602,0.03066728636622429,-0.04542125016450882
;-84.60042572021484;-0.000005786043857369805,1.1985750170140363e-8,-0.002123347483575344,-0.009921030141413212;2.41910491638464e-10,0.21852491796016693,0.01566958799958229,-0.4026394188404083;0.32989397644996643,-0.12445338070392609,0.030649535357952118,-0.045421749353408813
;-84.60216522216797;-0.0000057886882132152095,1.1968253055272271e-8,-0.0021250129211694,-0.009877155534923077;2.415599387184386e-10,0.21851910650730133,0.015589774586260319,-0.4023393392562866;0.32960742712020874,-0.1244601458311081,0.03063281998038292,-0.04542224481701851
;-84.6039047241211;-0.000005791344847239088,1.1950830547391433e-8,-0.002126677194610238,-0.00983347650617361;2.412111621552526e-10,0.21851332485675812,0.015510407276451588,-0.402019739151001;0.32932206988334656,-0.12446727603673935,0.030615055933594704,-0.045422736555337906
;-84.60564422607422;-0.000005793958280264633,1.193342580307899e-8,-0.0021283389069139957,-0.009790000505745411;2.408625521255203e-10,0.21850748360157013,0.015431416220963001,-0.40170007944107056;0.3290364742279053,-0.12447439879179001,0.03059728443622589,-0.0454232320189476
;-84.60737609863281;-0.000005796540335722966,1.191603793415652e-8,-0.002129998290911317,-0.00974672194570303;2.405140808736661e-10,0.2185017168521881,0.015352794900536537,-0.4013804495334625;0.32875075936317444,-0.12448153644800186,0.03057950735092163,-0.045423723757267
;-84.60910034179688;-0.000005799151040264405,1.1898786844710685e-8,-0.0021316565107554197,-0.00970363151282072;2.4016888477973453e-10,0.2184959352016449,0.015274696983397007,-0.4010801613330841;0.3284674286842346,-0.12448830157518387,0.03056276962161064,-0.045424215495586395
;-84.61082458496094;-0.0000058017376431962475,1.1881553518833243e-8,-0.002133313100785017,-0.009660737589001656;2.398239107304079e-10,0.21849021315574646,0.015196964144706726,-0.40076038241386414;0.32818400859832764,-0.12449543923139572,0.03054497390985489,-0.045424699783325195
;-84.61253356933594;-0.0000058043037824973,1.1864399240835155e-8,-0.002134967828169465,-0.009618035517632961;2.394802967042864e-10,0.21848443150520325,0.015119675546884537,-0.40044060349464417;0.32790160179138184,-0.12450257688760757,0.030527178198099136,-0.045425187796354294
;-84.61424255371094;-0.000005806888111692388,1.1847321346181161e-8,-0.0021366209257394075,-0.009575524367392063;2.3913873659076046e-10,0.21847876906394958,0.015042821876704693,-0.40014010667800903;0.32762032747268677,-0.12450934201478958,0.030510419979691505,-0.04542567580938339
;-84.61595153808594;-0.000005809426511405036,1.1830260326917141e-8,-0.002138272626325488,-0.009533209726214409;2.387973430106882e-10,0.21847306191921234,0.014966330491006374,-0.3998202085494995;0.3273389935493469,-0.12451647967100143,0.03049260936677456,-0.04542616009712219
;-84.61764526367188;-0.000005811972641822649,1.1813275690997216e-8,-0.0021399224642664194,-0.00949108600616455;2.3845764252072854e-10,0.21846738457679749,0.014890274032950401,-0.3995197117328644;0.32705870270729065,-0.12452325969934464,0.030475839972496033,-0.045426640659570694
;-84.61933898925781;-0.00000581451740799821,1.1796370102956644e-8,-0.002141570206731558,-0.009449152275919914;2.381196351208814e-10,0.2184617519378662,0.0148146478459239,-0.3992191255092621;0.3267796039581299,-0.12453003972768784,0.03045906126499176,-0.045427121222019196
;-84.62101745605469;-0.0000058170539887214545,1.1779543562795425e-8,-0.0021432177163660526,-0.009407405741512775;2.377830432553907e-10,0.21845610439777374,0.014739450998604298,-0.3989185094833374;0.3265015482902527,-0.12453681230545044,0.03044228069484234,-0.0454275980591774
;-84.62269592285156;-0.0000058195814744976815,1.176279518233514e-8,-0.002144864294677973,-0.00936584547162056;2.374484775469199e-10,0.21845054626464844,0.014664680697023869,-0.3986177444458008;0.3262246251106262,-0.12454359233379364,0.03042549453675747,-0.0454280711710453
;-84.6243667602539;-0.000005822093953611329,1.1746062789086409e-8,-0.0021465085446834564,-0.009324475191533566;2.371140783719028e-10,0.21844492852687836,0.01459026150405407,-0.39831703901290894;0.3259476125240326,-0.12455037981271744,0.030408697202801704,-0.045428551733493805
;-84.62602996826172;-0.000005824629624839872,1.1729470728027991e-8,-0.0021481523290276527,-0.00928328838199377;2.3678259353232534e-10,0.21843938529491425,0.01451633870601654,-0.39801618456840515;0.32567298412323,-0.12455715239048004,0.03039189986884594,-0.04542902484536171
;-84.62769317626953;-0.000005827124368806835,1.1712896430537967e-8,-0.0021497944835573435,-0.009242290630936623;2.3645158053753335e-10,0.21843385696411133,0.01444276049733162,-0.397715300321579;0.32539820671081543,-0.12456393241882324,0.03037509135901928,-0.045429494231939316
;-84.62934875488281;-0.000005829602287121816,1.1696338120259497e-8,-0.0021514345426112413,-0.009201481007039547;2.3612073407619505e-10,0.21842828392982483,0.014369526877999306,-0.3974144458770752;0.32512328028678894,-0.12457071989774704,0.03035828098654747,-0.04542996734380722
;-84.63099670410156;-0.000005832104307046393,1.167992103034976e-8,-0.0021530739031732082,-0.009160849265754223;2.357927741947208e-10,0.21842283010482788,0.014296782203018665,-0.39711353182792664;0.32485076785087585,-0.12457749992609024,0.030341463163495064,-0.04543043300509453
;-84.63264465332031;-0.000005834577677887864,1.1663520815829997e-8,-0.002154711866751313,-0.009120404720306396;2.354653416691832e-10,0.21841733157634735,0.014224382117390633,-0.3968125581741333;0.32457810640335083,-0.12458427995443344,0.03032463602721691,-0.045430898666381836
;-84.63428497314453;-0.000005837021490151528,1.1647137476700209e-8,-0.0021563482005149126,-0.009080146439373493;2.351377148546163e-10,0.21841181814670563,0.014152318239212036,-0.3965114951133728;0.32430535554885864,-0.12459107488393784,0.03030780889093876,-0.045431364327669144
;-84.63591766357422;-0.000005839490313519491,1.1630892693403894e-8,-0.002157982438802719,-0.009040065109729767;2.348136129981526e-10,0.21840643882751465,0.01408073864877224,-0.3962104618549347;0.32403498888015747,-0.12459785491228104,0.03029097244143486,-0.04543182998895645
;-84.6375503540039;-0.0000058419318520464,1.1614666561854392e-8,-0.00215961504727602,-0.009000168181955814;2.3448940011938646e-10,0.2184009552001953,0.014009489677846432,-0.3959093391895294;0.32376447319984436,-0.12460464239120483,0.030274128541350365,-0.04543228819966316
;-84.63917541503906;-0.000005844345650984906,1.1598454641159606e-8,-0.0021612467244267464,-0.008960455656051636;2.3416563132983015e-10,0.21839554607868195,0.013938577845692635,-0.39560815691947937;0.3234938085079193,-0.12461143732070923,0.03025728277862072,-0.04543275386095047
;-84.64079284667969;-0.0000058467853705224115,1.1582383052655132e-8,-0.002162876073271036,-0.008920915424823761;2.3384474912013786e-10,0.21839015185832977,0.013868139125406742,-0.39530691504478455;0.32322558760643005,-0.12461822479963303,0.03024042770266533,-0.04543321207165718
;-84.64241027832031;-0.000005849193257745355,1.1566328339540632e-8,-0.0021645044907927513,-0.008881556801497936;2.3352439426638227e-10,0.2183847576379776,0.013798031024634838,-0.39500558376312256;0.32295724749565125,-0.12462501227855682,0.03022356517612934,-0.04543367028236389
;-84.64402770996094;-0.000005851575224369299,1.1550293166351366e-8,-0.0021661308128386736,-0.00884238164871931;2.3320381736802176e-10,0.21837937831878662,0.013728250749409199,-0.3947044014930725;0.3226887583732605,-0.12463181465864182,0.030206700786948204,-0.045434124767780304
;-84.64563751220703;-0.000005853929451404838,1.1534273092195235e-8,-0.0021677555050700903,-0.008803386241197586;2.3288374007002233e-10,0.21837398409843445,0.01365879736840725,-0.3944030702114105;0.3224201202392578,-0.1246386170387268,0.03018982894718647,-0.04543458670377731
;-84.6472396850586;-0.00000585631096328143,1.1518389797515738e-8,-0.002169377636164427,-0.008764560334384441;2.325665215963113e-10,0.21836864948272705,0.013589811511337757,-0.39410167932510376;0.3221539258956909,-0.1246454119682312,0.03017294779419899,-0.04543503746390343
;-84.64884185791016;-0.0000058586651903169695,1.1502524266404635e-8,-0.0021709988359361887,-0.008725913241505623;2.3224945577826617e-10,0.21836334466934204,0.013521147891879082,-0.3938002288341522;0.3218875527381897,-0.1246522068977356,0.03015606291592121,-0.04543549194931984
;-84.65044403076172;-0.000005860991223016754,1.1486675610683506e-8,-0.002172617707401514,-0.008687444031238556;2.319328895605821e-10,0.21835801005363464,0.013452805578708649,-0.39349883794784546;0.3216211497783661,-0.12465900927782059,0.030139170587062836,-0.04543594643473625
;-84.65204620361328;-0.000005863299065822503,1.1470842942173931e-8,-0.00217423471622169,-0.008649151772260666;2.3161615680944436e-10,0.21835267543792725,0.013384782709181309,-0.39319735765457153;0.32135456800460815,-0.12466582655906677,0.03012227453291416,-0.045436400920152664
;-84.65363311767578;-0.00000586559099247097,1.1455084880651611e-8,-0.0021758489310741425,-0.008611032739281654;2.3130107551505574e-10,0.21834734082221985,0.013317150995135307,-0.39289581775665283;0.32108914852142334,-0.12467263638973236,0.03010537289083004,-0.04543685168027878
;-84.65522003173828;-0.000005867899744771421,1.1439406755187065e-8,-0.002177461748942733,-0.008573083207011223;2.3098797874432364e-10,0.2183421105146408,0.013249903917312622,-0.3925943076610565;0.32082483172416687,-0.12467943876981735,0.030088461935520172,-0.045437298715114594
;-84.65680694580078;-0.0000058701684793049935,1.1423743728755653e-8,-0.0021790736354887486,-0.008535310626029968;2.3067471544013785e-10,0.2183368057012558,0.013182969763875008,-0.39229270815849304;0.32056042551994324,-0.12468625605106354,0.030071545392274857,-0.04543774947524071
;-84.65839385986328;-0.00000587241356697632,1.1408096689535796e-8,-0.0021806827280670404,-0.008497711271047592;2.3036161866940574e-10,0.21833153069019318,0.013116351328790188,-0.3919910788536072;0.32029587030410767,-0.12469306588172913,0.030054626986384392,-0.04543820023536682
;-84.65998077392578;-0.000005874626822333084,1.1392464749349074e-8,-0.002182289259508252,-0.00846028421074152;2.3004866067655172e-10,0.21832628548145294,0.013050044886767864,-0.3916894793510437;0.32003122568130493,-0.1246998980641365,0.030037695541977882,-0.04543864727020264
;-84.66156005859375;-0.000005876828254258726,1.1376847908195487e-8,-0.0021838934626430273,-0.008423029445111752;2.2973616065069535e-10,0.21832098066806793,0.012984049506485462,-0.3913878798484802;0.31976643204689026,-0.12470671534538269,0.030020762234926224,-0.04543910175561905
;-84.66313171386719;-0.000005879041964362841,1.1361364293804854e-8,-0.0021854958031326532,-0.008385936729609966;2.2942654720470301e-10,0.2183157503604889,0.012918500229716301,-0.3910861313343048;0.3195040822029114,-0.12471354007720947,0.030003825202584267,-0.04543954133987427
;-84.66470336914062;-0.000005881244760530535,1.1345898442982616e-8,-0.002187096979469061,-0.00834901724010706;2.2911704478101313e-10,0.21831056475639343,0.012853261083364487,-0.3907843828201294;0.31924158334732056,-0.12472036480903625,0.029986875131726265,-0.04543998837471008
;-84.66627502441406;-0.000005883404810447246,1.1330446803015093e-8,-0.0021886955946683884,-0.008312266319990158;2.2880773664635257e-10,0.2183052897453308,0.012788324616849422,-0.39048266410827637;0.3189789950847626,-0.12472719699144363,0.029969925060868263,-0.0454404316842556
;-84.6678466796875;-0.000005885543032491114,1.1315009373902285e-8,-0.002190292114391923,-0.008275682106614113;2.2849853953399446e-10,0.21830010414123535,0.012723693624138832,-0.3901808261871338;0.31871622800827026,-0.12473403662443161,0.029952967539429665,-0.045440878719091415
;-84.66941833496094;-0.000005887661700398894,1.1299587932001032e-8,-0.0021918860729783773,-0.008239269256591797;2.28189800388634e-10,0.21829485893249512,0.012659367173910141,-0.3898790776729584;0.3184534013271332,-0.12474086880683899,0.02993600070476532,-0.04544132202863693
;-84.67098999023438;-0.0000058897467170027085,1.1284178924597654e-8,-0.002193477703258395,-0.008203022181987762;2.2788089470981987e-10,0.21828964352607727,0.012595344334840775,-0.3895772397518158;0.31819045543670654,-0.12474770843982697,0.029919032007455826,-0.04544176906347275
;-84.67255401611328;-0.000005891814453207189,1.1268785016227412e-8,-0.0021950670052319765,-0.008166942745447159;2.2757214168667161e-10,0.21828442811965942,0.012531619518995285,-0.3892754316329956;0.31792736053466797,-0.12475455552339554,0.029902053996920586,-0.045442212373018265
;-84.67411041259766;-0.000005893900834053056,1.1253525222798544e-8,-0.002196654211729765,-0.008131020702421665;2.2726656667693135e-10,0.21827922761440277,0.012468328699469566,-0.3889736235141754;0.31766676902770996,-0.12476140260696411,0.029885070398449898,-0.04544265195727348
;-84.67566680908203;-0.000005895971753488993,1.1238277863867552e-8,-0.0021982400212436914,-0.008095265366137028;2.2696111656728135e-10,0.2182740718126297,0.012405335903167725,-0.3886716067790985;0.31740596890449524,-0.12476824969053268,0.02986808307468891,-0.0454430915415287
;-84.6772232055664;-0.0000058980058383895084,1.1223046492148114e-8,-0.002199823735281825,-0.008059672079980373;2.2665581911329724e-10,0.21826891601085663,0.012342636473476887,-0.3883696496486664;0.31714504957199097,-0.12477510422468185,0.02985108643770218,-0.04544353485107422
;-84.67877960205078;-0.00000590002764511155,1.1207827554926553e-8,-0.0022014048881828785,-0.008024244569242;2.2635096574852298e-10,0.21826373040676117,0.012280233204364777,-0.38806769251823425;0.31688404083251953,-0.12478196620941162,0.029834086075425148,-0.04544397071003914
;-84.68033599853516;-0.000005902008524572011,1.1192621940381287e-8,-0.0022029834799468517,-0.00798898097127676;2.2604594585029503e-10,0.21825852990150452,0.012218124233186245,-0.38776564598083496;0.31662291288375854,-0.12478882074356079,0.02981708012521267,-0.045444414019584656
;-84.68189239501953;-0.000005903976671106648,1.1177428760333896e-8,-0.0022045590449124575,-0.007953878492116928;2.2574109248552077e-10,0.21825338900089264,0.012156306765973568,-0.3874832093715668;0.3163616359233856,-0.12479531764984131,0.029801128432154655,-0.045444853603839874
;-84.68343353271484;-0.000005905943453399232,1.1162308410916921e-8,-0.002206133445724845,-0.007918933406472206;2.2543787669970783e-10,0.21824824810028076,0.012094843201339245,-0.3871811330318451;0.3161015212535858,-0.12480217963457108,0.029784109443426132,-0.045445289462804794
;-84.68497467041016;-0.000005907903414481552,1.1147260892130362e-8,-0.002207705983892083,-0.007884145714342594;2.251362984928562e-10,0.21824310719966888,0.01203373447060585,-0.3868984878063202;0.3158426284790039,-0.12480867654085159,0.02976815029978752,-0.04544572904706001
;-84.68651580810547;-0.0000059098492783959955,1.1132227584198517e-8,-0.002209277357906103,-0.007849518209695816;2.2483485906388267e-10,0.2182380110025406,0.011972913518548012,-0.38659635186195374;0.31558358669281006,-0.12481554597616196,0.029751116409897804,-0.045446161180734634
;-84.68805694580078;-0.000005911774223932298,1.1117206710764549e-8,-0.002210846170783043,-0.007815049961209297;2.2453357229057502e-10,0.2182328701019287,0.011912376619875431,-0.3863137364387512;0.3153243958950043,-0.12482204288244247,0.02973514422774315,-0.04544660076498985
;-84.6895980834961;-0.000005913660061196424,1.1102198271828456e-8,-0.002212412655353546,-0.007780738174915314;2.2423243817293326e-10,0.21822774410247803,0.011852124705910683,-0.3860115110874176;0.31506508588790894,-0.12482892721891403,0.029718102887272835,-0.04544704034924507
;-84.6911392211914;-0.000005915534529776778,1.1087204043747079e-8,-0.0022139758802950382,-0.007746585179120302;2.2393140119980615e-10,0.21822261810302734,0.011792156845331192,-0.38570940494537354;0.3148057162761688,-0.12483581155538559,0.029701050370931625,-0.04544747248291969
;-84.69266510009766;-0.000005917398084420711,1.1072280869939277e-8,-0.0022155374754220247,-0.007712582591921091;2.2363201568342816e-10,0.21821753680706024,0.011732534505426884,-0.3854461908340454;0.31454744935035706,-0.12484194338321686,0.029686126857995987,-0.045447904616594315
;-84.6941909790039;-0.0000059192780099692754,1.1057430526761891e-8,-0.002217097906395793,-0.007678732741624117;2.2333428162379931e-10,0.21821247041225433,0.01167325396090746,-0.3851633667945862;0.314290314912796,-0.12484844774007797,0.02967013418674469,-0.045448340475559235
;-84.69570922851562;-0.0000059211324696661904,1.10425935062608e-8,-0.0022186567075550556,-0.0076450384221971035;2.2303668634204854e-10,0.2182074338197708,0.011614251881837845,-0.3849000334739685;0.3140332102775574,-0.12485458701848984,0.029655201360583305,-0.04544876888394356
;-84.69721984863281;-0.00000592301512369886,1.1027887936165826e-8,-0.0022202145773917437,-0.007611492183059454;2.2274221356255453e-10,0.2182023972272873,0.011555652134120464,-0.3846365511417389;0.3137784004211426,-0.1248607262969017,0.029640262946486473,-0.04544919729232788
;-84.69872283935547;-0.000005924863216932863,1.1013196576925566e-8,-0.0022217710502445698,-0.007578100077807903;2.2244786568315078e-10,0.21819739043712616,0.011497328989207745,-0.3843730688095093;0.313523530960083,-0.12486685812473297,0.029625318944454193,-0.045449621975421906
;-84.7002182006836;-0.0000059267554206599016,1.0998638444448261e-8,-0.0022233270574361086,-0.007544853258877993;2.221566680615794e-10,0.21819241344928741,0.011439401656389236,-0.38410958647727966;0.3132711350917816,-0.12487298995256424,0.029610373079776764,-0.04545004665851593
;-84.70171356201172;-0.000005928620339545887,1.0984096299182511e-8,-0.002224882133305073,-0.007511758711189032;2.2186562309567393e-10,0.21818751096725464,0.011381746269762516,-0.38380706310272217;0.31301864981651306,-0.1248798742890358,0.02959328703582287,-0.045450467616319656
;-84.70320892333984;-0.000005930462066316977,1.0969563035700958e-8,-0.002226435113698244,-0.007478814572095871;2.2157464751870748e-10,0.2181825041770935,0.011324360966682434,-0.3835240304470062;0.31276604533195496,-0.12488638609647751,0.029577260836958885,-0.04545089229941368
;-84.7046890258789;-0.000005932314707024489,1.095510437920666e-8,-0.0022279866971075535,-0.007446021307259798;2.2128533727627797e-10,0.21817757189273834,0.011267307214438915,-0.38324087858200073;0.3125145733356476,-0.12489289790391922,0.029561225324869156,-0.04545131325721741
;-84.70618438720703;-0.000005934130513196578,1.0940659933567076e-8,-0.002229537582024932,-0.007413376588374376;2.2099584662260696e-10,0.21817262470722198,0.011210519820451736,-0.3829382359981537;0.31226301193237305,-0.12489978969097137,0.029544120654463768,-0.04545173421502113
;-84.7076644897461;-0.000005935931312706089,1.092622703424695e-8,-0.0022310856729745865,-0.007380882278084755;2.207068139359336e-10,0.21816770732402802,0.011153999716043472,-0.3826550543308258;0.31201133131980896,-0.12490631639957428,0.029528077691793442,-0.04545215517282486
;-84.70914459228516;-0.000005937730747973546,1.0911868741914077e-8,-0.002232632599771023,-0.00734853558242321;2.2041934943928254e-10,0.21816281974315643,0.011097804643213749,-0.3823913633823395;0.3117608428001404,-0.12491245567798615,0.029513100162148476,-0.04545256868004799
;-84.71062469482422;-0.000005939511083852267,1.08975237722575e-8,-0.002234176965430379,-0.007316336035728455;2.2013205147608517e-10,0.21815790235996246,0.011041874065995216,-0.3821081817150116;0.31151026487350464,-0.12491898238658905,0.029497046023607254,-0.045452989637851715
;-84.71209716796875;-0.000005941266408626689,1.088319034892038e-8,-0.002235719934105873,-0.007284284569323063;2.1984489229076587e-10,0.2181529998779297,0.01098620519042015,-0.3818444013595581;0.31125953793525696,-0.12492512911558151,0.029482059180736542,-0.04545341059565544
;-84.71356201171875;-0.000005943049018242164,1.0868989264167794e-8,-0.0022372612729668617,-0.007252371869981289;2.1956053641858375e-10,0.2181481420993805,0.010930918157100677,-0.38154157996177673;0.31101128458976746,-0.12493202835321426,0.029464922845363617,-0.04545382037758827
;-84.71502685546875;-0.00000594482207816327,1.0854803278448344e-8,-0.002238801447674632,-0.007220605853945017;2.1927658300224806e-10,0.2181432843208313,0.010875891894102097,-0.3812777101993561;0.3107629418373108,-0.12493818253278732,0.02944992296397686,-0.0454542376101017
;-84.71649169921875;-0.0000059465619415277615,1.084062883904835e-8,-0.0022403395269066095,-0.007188986521214247;2.1899275448600264e-10,0.2181384414434433,0.01082112267613411,-0.3810138702392578;0.3105144798755646,-0.12494433671236038,0.029434921219944954,-0.04545465111732483
;-84.71795654296875;-0.000005948278612777358,1.082646772232465e-8,-0.002241875510662794,-0.007157512009143829;2.1870877331409133e-10,0.21813355386257172,0.010766611434519291,-0.3807109594345093;0.3102658987045288,-0.12495125830173492,0.029417769983410835,-0.04545506089925766
;-84.71941375732422;-0.000005949969818175305,1.0812319928277248e-8,-0.002243409864604473,-0.007126183714717627;2.1842520847581426e-10,0.2181287258863449,0.010712354443967342,-0.380447119474411;0.3100172281265259,-0.12495741248130798,0.029402755200862885,-0.04545547813177109
;-84.72086334228516;-0.000005951693765382515,1.079830269645754e-8,-0.00224494282156229,-0.007094990462064743;2.1814475226200614e-10,0.2181239277124405,0.01065846998244524,-0.3801831007003784;0.30977103114128113,-0.12496356666088104,0.029387738555669785,-0.04545588418841362
;-84.7223129272461;-0.000005953406343905954,1.0784298787314128e-8,-0.0022464743815362453,-0.007063941098749638;2.1786414339253213e-10,0.21811911463737488,0.010604839771986008,-0.37989965081214905;0.3095247149467468,-0.12497010827064514,0.02937163971364498,-0.04545629397034645
;-84.72376251220703;-0.000005955082997388672,1.0770308200847012e-8,-0.0022480033803731203,-0.00703303562477231;2.1758390922332893e-10,0.21811433136463165,0.010551461018621922,-0.3796161115169525;0.309278279542923,-0.12497664988040924,0.02935553900897503,-0.04545670747756958
;-84.72521209716797;-0.000005956740096735302,1.0756329160699352e-8,-0.0022495309822261333,-0.0070022717118263245;2.17303799954216e-10,0.21810948848724365,0.010498331859707832,-0.3793521225452423;0.30903175473213196,-0.1249828189611435,0.029340507462620735,-0.04545711725950241
;-84.72664642333984;-0.000005958403562544845,1.0742422063003687e-8,-0.002251056954264641,-0.006971645634621382;2.1702502295273263e-10,0.21810469031333923,0.010445511899888515,-0.37908801436424255;0.30878642201423645,-0.12498898059129715,0.029325470328330994,-0.04545752704143524
;-84.72808074951172;-0.000005960082489764318,1.0728587795938438e-8,-0.0022525812964886427,-0.006941155530512333;2.167481333303911e-10,0.21809986233711243,0.010392996482551098,-0.3788239359855652;0.30854231119155884,-0.1249951496720314,0.029310425743460655,-0.045457933098077774
;-84.7295150756836;-0.000005961724582448369,1.0714763298835805e-8,-0.0022541037760674953,-0.006910806521773338;2.1647136860813987e-10,0.2180950790643692,0.010340726934373379,-0.37855973839759827;0.3082980513572693,-0.12500131130218506,0.02929537743330002,-0.045458339154720306
;-84.73094177246094;-0.000005963347575743683,1.0700953900766308e-8,-0.0022556250914931297,-0.006880596745759249;2.1619443735243493e-10,0.21809034049510956,0.010288703255355358,-0.3782956302165985;0.3080536723136902,-0.1250074803829193,0.029280325397849083,-0.04545874148607254
;-84.73236083984375;-0.000005965010132058524,1.0687275064924506e-8,-0.0022571454755961895,-0.0068505192175507545;2.1592086452137949e-10,0.21808557212352753,0.010237038135528564,-0.3780313730239868;0.30781179666519165,-0.12501364946365356,0.02926526963710785,-0.045459143817424774
;-84.73377990722656;-0.0000059666526794899255,1.0673609551759e-8,-0.002258664695546031,-0.006820578593760729;2.1564713903465815e-10,0.21808083355426788,0.01018561515957117,-0.3777671456336975;0.30756980180740356,-0.12501981854438782,0.029250208288431168,-0.045459549874067307
;-84.73519897460938;-0.000005968264758848818,1.065995647309137e-8,-0.0022601811215281487,-0.006790777202695608;2.1537378824820763e-10,0.21807613968849182,0.010134432464838028,-0.37750276923179626;0.3073277473449707,-0.12502600252628326,0.02923514135181904,-0.04545995220541954
;-84.73660278320312;-0.000005969883659417974,1.0646375336875735e-8,-0.002261697081848979,-0.0067611075937747955;2.1510178360717447e-10,0.21807140111923218,0.010083546862006187,-0.3772384524345398;0.30708688497543335,-0.12503217160701752,0.02922006882727146,-0.045460350811481476
;-84.73800659179688;-0.000005971515747660305,1.0632866143112096e-8,-0.0022632116451859474,-0.006731570698320866;2.1483163858970755e-10,0.2180667519569397,0.01003295462578535,-0.37697404623031616;0.3068472146987915,-0.12503834068775177,0.029204992577433586,-0.04546074569225311
;-84.73941040039062;-0.000005973112820356619,1.0619369383846333e-8,-0.002264724811539054,-0.006702170241624117;2.1456135479436256e-10,0.21806205809116364,0.009982600808143616,-0.3767096996307373;0.3066073954105377,-0.12504450976848602,0.029189912602305412,-0.04546114429831505
;-84.74081420898438;-0.000005974701707600616,1.0605884170900026e-8,-0.002266236115247011,-0.006672905758023262;2.142911403879566e-10,0.21805740892887115,0.009932481683790684,-0.3764452040195465;0.30636754631996155,-0.12505069375038147,0.02917482517659664,-0.045461542904376984
;-84.7422103881836;-0.0000059762655837403145,1.0592413168808434e-8,-0.00226774625480175,-0.006643772125244141;2.1402134231518488e-10,0.2180527150630951,0.009882600046694279,-0.37618085741996765;0.30612754821777344,-0.12505687773227692,0.02915973775088787,-0.04546194151043892
;-84.74359893798828;-0.000005977864930173382,1.0579071840766119e-8,-0.00226925453171134,-0.006614767946302891;2.1375434755555034e-10,0.2180481106042862,0.009833062067627907,-0.3759163022041321;0.3058900535106659,-0.12506306171417236,0.029144637286663055,-0.045462336391210556
;-84.74498748779297;-0.000005979430625302484,1.0565742947221679e-8,-0.0022707616444677114,-0.006585895083844662;2.1348774137397442e-10,0.2180434614419937,0.009783756919205189,-0.3756518065929413;0.3056524991989136,-0.12506923079490662,0.02912953868508339,-0.04546273127198219
;-84.74637603759766;-0.0000059809876802319195,1.0552425599996695e-8,-0.0022722668945789337,-0.006557156797498465;2.132209686589448e-10,0.21803885698318481,0.009734682738780975,-0.3753872215747833;0.3054147958755493,-0.12507542967796326,0.029114434495568275,-0.04546312242746353
;-84.74776458740234;-0.0000059825215430464596,1.0539121575448007e-8,-0.0022737709805369377,-0.006528548430651426;2.1295426533285422e-10,0.21803423762321472,0.009685840457677841,-0.37512269616127014;0.3051770031452179,-0.1250816136598587,0.029099326580762863,-0.04546351358294487
;-84.74915313720703;-0.00000598403494223021,1.0525829097218775e-8,-0.002275272039696574,-0.006500073242932558;2.126880060959735e-10,0.21802957355976105,0.009637227281928062,-0.3748580813407898;0.3049391210079193,-0.12508779764175415,0.029084211215376854,-0.04546390846371651
;-84.75052642822266;-0.000005985550615150714,1.0512607673263119e-8,-0.0022767712362110615,-0.006471723318099976;2.1242302361557108e-10,0.21802499890327454,0.009588895365595818,-0.37459346652030945;0.3047024607658386,-0.1250939965248108,0.029069088399410248,-0.045464299619197845
;-84.75189971923828;-0.000005987074928270886,1.049945641540262e-8,-0.002278269501402974,-0.006443497259169817;2.1215962320297876e-10,0.21802037954330444,0.009540845640003681,-0.3743287920951843;0.30446696281433105,-0.12510018050670624,0.02905396558344364,-0.045464690774679184
;-84.7532730102539;-0.0000059885815062443726,1.0486317592039995e-8,-0.0022797666024416685,-0.006415406242012978;2.118966530018085e-10,0.21801583468914032,0.009493020363152027,-0.3740641176700592;0.3042314350605011,-0.12510637938976288,0.029038837179541588,-0.045465078204870224
;-84.75464630126953;-0.000005990053068671841,1.0473190314996828e-8,-0.0022812611423432827,-0.006387443281710148;2.116334746338211e-10,0.21801124513149261,0.00944541860371828,-0.3737993836402893;0.3039957284927368,-0.12511257827281952,0.029023703187704086,-0.045465465635061264
;-84.75601959228516;-0.000005991515990899643,1.0460073696094696e-8,-0.0022827540524303913,-0.006359608378261328;2.1137039341034836e-10,0.2180066853761673,0.009398042224347591,-0.3735347092151642;0.30375993251800537,-0.12511877715587616,0.029008563607931137,-0.045465853065252304
;-84.75739288330078;-0.000005992954811517848,1.044696862351202e-8,-0.002284244867041707,-0.006331902462989092;2.1110772852050985e-10,0.2180020809173584,0.009350886568427086,-0.3732699751853943;0.3035240173339844,-0.125124990940094,0.02899342030286789,-0.04546624422073364
;-84.75875091552734;-0.000005994411367282737,1.0433932828846082e-8,-0.0022857338190078735,-0.006304318550974131;2.1084635426493747e-10,0.21799758076667786,0.009304006583988667,-0.373005211353302;0.30328938364982605,-0.12513118982315063,0.028978269547224045,-0.04546663165092468
;-84.7601089477539;-0.00000599586473981617,1.0420969864810559e-8,-0.0022872211411595345,-0.006276858504861593;2.1058654819938738e-10,0.21799305081367493,0.009257398545742035,-0.37274038791656494;0.30305591225624084,-0.12513738870620728,0.02896311692893505,-0.045467011630535126
;-84.76146697998047;-0.000005997299922455568,1.0408015782559232e-8,-0.002288707299157977,-0.006249524187296629;2.1032686703392756e-10,0.21798858046531677,0.009211009368300438,-0.3724755346775055;0.30282238125801086,-0.1251436024904251,0.02894795872271061,-0.045467399060726166
;-84.76282501220703;-0.000005998716005706228,1.0395073246627362e-8,-0.0022901915945112705,-0.006222315598279238;2.100672968907702e-10,0.21798402070999146,0.009164838120341301,-0.37221065163612366;0.30258873105049133,-0.12514981627464294,0.02893279492855072,-0.04546778276562691
;-84.7641830444336;-0.00000600010707785259,1.0382143145193368e-8,-0.0022916740272194147,-0.00619523087516427;2.0980808757009584e-10,0.21797949075698853,0.00911888387054205,-0.3719458281993866;0.302355021238327,-0.12515601515769958,0.028917629271745682,-0.04546816647052765
;-84.76554107666016;-0.000006001481324346969,1.036922103736515e-8,-0.0022931534331291914,-0.006168271414935589;2.095487394715434e-10,0.21797500550746918,0.009073146618902683,-0.37168094515800476;0.3021211624145508,-0.1251622438430786,0.028902454301714897,-0.04546855390071869
;-84.76689910888672;-0.000006002831923979102,1.035631136403481e-8,-0.002294630976393819,-0.006141435820609331;2.0928946076193e-10,0.21797049045562744,0.009027625434100628,-0.37141603231430054;0.3018872141838074,-0.12516847252845764,0.028887275606393814,-0.04546893760561943
;-84.76825714111328;-0.000006004165243211901,1.0343409684310245e-8,-0.002296106657013297,-0.006114722229540348;2.0903030695240687e-10,0.21796593070030212,0.008982318453490734,-0.3711511492729187;0.3016531765460968,-0.12517468631267548,0.028872093185782433,-0.04546932131052017
;-84.76960754394531;-0.00000600547809881391,1.0330518662726718e-8,-0.002297579776495695,-0.0060881320387125015;2.0877154172094237e-10,0.21796144545078278,0.008937224745750427,-0.3708862364292145;0.30141904950141907,-0.1251809298992157,0.028856905177235603,-0.04546970874071121
;-84.77095031738281;-0.0000060068259699619375,1.0317756427014046e-8,-0.002299051033332944,-0.006061655003577471;2.085155242914638e-10,0.21795693039894104,0.008892443962395191,-0.3706212043762207;0.3011874258518219,-0.12518714368343353,0.028841715306043625,-0.045470088720321655
;-84.77229309082031;-0.000006008152922731824,1.0305003961263992e-8,-0.0023005215916782618,-0.00603529904037714;2.082596178842877e-10,0.21795250475406647,0.008847874589264393,-0.3703562617301941;0.30095571279525757,-0.12519337236881256,0.02882651425898075,-0.0454704649746418
;-84.77363586425781;-0.000006009460321365623,1.0292261265476554e-8,-0.0023019902873784304,-0.006009064614772797;2.0800380862162626e-10,0.2179480344057083,0.008803514763712883,-0.37009114027023315;0.3007239103317261,-0.1251996010541916,0.028811313211917877,-0.04547084495425224
;-84.77497863769531;-0.000006010747711115982,1.0279529227830153e-8,-0.002303456887602806,-0.005982948932796717;2.0774809650347947e-10,0.21794354915618896,0.008759364485740662,-0.3698261082172394;0.3004920184612274,-0.1252058446407318,0.028796108439564705,-0.045471224933862686
;-84.77632141113281;-0.000006012017365719657,1.0266806960146369e-8,-0.0023049218580126762,-0.005956954322755337;2.0749252316321076e-10,0.2179390788078308,0.008715422824025154,-0.3695611357688904;0.3002600371837616,-0.12521207332611084,0.028780896216630936,-0.04547160491347313
;-84.77766418457031;-0.000006013266101945192,1.0254092686068361e-8,-0.002306384267285466,-0.005931079853326082;2.0723731064542505e-10,0.21793465316295624,0.008671686053276062,-0.36929601430892944;0.3000279664993286,-0.12521831691265106,0.028765680268406868,-0.04547198861837387
;-84.77900695800781;-0.000006014491646055831,1.024138907013139e-8,-0.0023078438825905323,-0.0059053231962025166;2.0698190383861004e-10,0.21793018281459808,0.008628157898783684,-0.3690309226512909;0.2997957468032837,-0.12522456049919128,0.028750458732247353,-0.045472368597984314
;-84.78034973144531;-0.000006015698545525083,1.0228693447800197e-8,-0.002309301868081093,-0.00587968435138464;2.067266496874609e-10,0.21792569756507874,0.008584832772612572,-0.36876586079597473;0.2995634973049164,-0.1252308189868927,0.02873522974550724,-0.04547274485230446
;-84.78169250488281;-0.000006016888164595002,1.02160067072532e-8,-0.002310757292434573,-0.005854162387549877;2.06471451047463e-10,0.2179212123155594,0.00854171346873045,-0.36850082874298096;0.29933109879493713,-0.12523707747459412,0.028720000758767128,-0.0454731248319149
;-84.78303527832031;-0.000006018058684276184,1.020332973666882e-8,-0.0023122099228203297,-0.005828757770359516;2.0621639118534318e-10,0.21791675686836243,0.008498798124492168,-0.3682357668876648;0.2990986108779907,-0.12524332106113434,0.02870476432144642,-0.045473504811525345
;-84.78437805175781;-0.0000060192182900209446,1.0190660759690218e-8,-0.0023136602248996496,-0.005803469568490982;2.059614145899502e-10,0.21791230142116547,0.008456084877252579,-0.3679705858230591;0.29886603355407715,-0.12524957954883575,0.028689522296190262,-0.04547388479113579
;-84.78570556640625;-0.000006020373348292196,1.0178059284271512e-8,-0.0023151086643338203,-0.0057782940566539764;2.0570800618457952e-10,0.2179078757762909,0.00841362215578556,-0.36770540475845337;0.29863467812538147,-0.12525583803653717,0.028674278408288956,-0.04547426477074623
;-84.78703308105469;-0.000006021540229994571,1.0165525310412704e-8,-0.00231655640527606,-0.005753231234848499;2.0545642964719946e-10,0.21790345013141632,0.00837140902876854,-0.3674401640892029;0.2984045445919037,-0.12526211142539978,0.028659027069807053,-0.045474641025066376
;-84.78836059570312;-0.0000060226989262446295,1.0153000218338093e-8,-0.0023180025164037943,-0.005728283431380987;2.052046865763657e-10,0.21789900958538055,0.008329393342137337,-0.36717498302459717;0.29817435145378113,-0.1252683699131012,0.02864377200603485,-0.04547501727938652
;-84.78968811035156;-0.000006023829428158933,1.0140484896226098e-8,-0.0023194465320557356,-0.005703452043235302;2.049530406500466e-10,0.21789461374282837,0.008287574164569378,-0.3669097423553467;0.29794397950172424,-0.1252746284008026,0.028628509491682053,-0.04547538980841637
;-84.791015625;-0.000006024940375937149,1.0127978455898301e-8,-0.0023208889178931713,-0.005678731948137283;2.0470147799045435e-10,0.21789023280143738,0.008245954290032387,-0.36666399240493774;0.29771360754966736,-0.12528052926063538,0.028614334762096405,-0.04547576606273651
;-84.79234313964844;-0.000006026030860084575,1.0115480009176281e-8,-0.0023223289754241705,-0.005654125940054655;2.0445006798652798e-10,0.21788577735424042,0.00820453092455864,-0.36639875173568726;0.29748305678367615,-0.1252867877483368,0.02859906665980816,-0.045476142317056656
;-84.79367065429688;-0.000006027103609085316,1.0102990444238458e-8,-0.002323766704648733,-0.005629632156342268;2.0419872737154066e-10,0.21788138151168823,0.008163302205502987,-0.36615294218063354;0.2972524166107178,-0.12529268860816956,0.028584882616996765,-0.0454765185713768
;-84.79499816894531;-0.000006028169082128443,1.0090507984727992e-8,-0.002325202338397503,-0.005605251062661409;2.0394747002328018e-10,0.21787697076797485,0.008122268132865429,-0.36588773131370544;0.297021746635437,-0.12529897689819336,0.028569599613547325,-0.045476894825696945
;-84.79631805419922;-0.000006029204996593762,1.0078035295180143e-8,-0.002326635643839836,-0.005580980330705643;2.0369632369732216e-10,0.21787256002426147,0.008081428706645966,-0.36564192175865173;0.2967909276485443,-0.12530486285686493,0.028555409982800484,-0.04547727108001709
;-84.7976303100586;-0.000006030276381352451,1.0065686950611052e-8,-0.002328067785128951,-0.0055568162351846695;2.0344820272910624e-10,0.2178681641817093,0.008040876127779484,-0.3653765320777893;0.29656270146369934,-0.12531113624572754,0.028540121391415596,-0.04547763615846634
;-84.79894256591797;-0.000006031341854395578,1.0053346599647739e-8,-0.002329498529434204,-0.005532762035727501;2.0320017890540498e-10,0.21786384284496307,0.008000512607395649,-0.36515012383461;0.2963343560695648,-0.12531663477420807,0.02852701209485531,-0.045478008687496185
;-84.80025482177734;-0.000006032374585629441,1.0041016906825462e-8,-0.0023309283424168825,-0.005508819129317999;2.0295223834843057e-10,0.21785946190357208,0.00796034187078476,-0.36488476395606995;0.29610589146614075,-0.12532292306423187,0.028511714190244675,-0.04547838121652603
;-84.80156707763672;-0.000006033394129190128,1.0028694319430542e-8,-0.002332355361431837,-0.0054849847219884396;2.0270440881375862e-10,0.21785511076450348,0.007920361123979092,-0.3646388351917267;0.2958773970603943,-0.12532882392406464,0.02849750407040119,-0.04547875374555588
;-84.80286407470703;-0.0000060344268604239915,1.001644012177394e-8,-0.002333781449124217,-0.005461256019771099;2.0245811971353334e-10,0.21785077452659607,0.007880613207817078,-0.364412397146225;0.29565009474754333,-0.12533432245254517,0.02848438359797001,-0.045479126274585724
;-84.80416107177734;-0.000006035473234078381,1.0004251649320395e-8,-0.0023352063726633787,-0.00543763255700469;2.0221338492554253e-10,0.21784645318984985,0.007841099053621292,-0.36418581008911133;0.29542407393455505,-0.1253398209810257,0.028471259400248528,-0.045479487627744675
;-84.80545806884766;-0.0000060364932323864195,9.992072946829467e-9,-0.0023366298992186785,-0.005414118524640799;2.0196871952649076e-10,0.21784216165542603,0.00780177116394043,-0.3639203608036041;0.2951979339122772,-0.1253461092710495,0.02845594473183155,-0.04547985643148422
;-84.8067398071289;-0.0000060375268731149845,9.979963522255275e-9,-0.0023380527272820473,-0.005390708800405264;2.0172563619524908e-10,0.217837855219841,0.007762673310935497,-0.3636937737464905;0.2949729859828949,-0.12535162270069122,0.028442813083529472,-0.04548022150993347
;-84.80802154541016;-0.000006038563697075006,9.967920711062561e-9,-0.0023394746240228415,-0.0053674024529755116;2.0148407942066626e-10,0.21783363819122314,0.007723805028945208,-0.3634476363658905;0.29474931955337524,-0.1253575086593628,0.028428582474589348,-0.04548058658838272
;-84.8093032836914;-0.000006039595518814167,9.955886781654044e-9,-0.0023408953566104174,-0.005344204138964415;2.012426059128103e-10,0.2178293615579605,0.007685118820518255,-0.3632015287876129;0.29452553391456604,-0.12536340951919556,0.028414346277713776,-0.04548094421625137
;-84.81057739257812;-0.000006040608695911942,9.943863510386564e-9,-0.0023423144593834877,-0.005321112461388111;2.010012573050446e-10,0.21782512962818146,0.0076466151513159275,-0.3629748225212097;0.2943016588687897,-0.12536892294883728,0.028401203453540802,-0.045481305569410324
;-84.81184387207031;-0.000006041651431587525,9.9319672486331e-9,-0.0023437330964952707,-0.0052981190383434296;2.007625871103258e-10,0.2178209275007248,0.0076083829626441,-0.3627481460571289;0.29408037662506104,-0.1253744214773178,0.02838805690407753,-0.045481663197278976
;-84.8131103515625;-0.0000060426818890846334,9.920080756842253e-9,-0.002345150802284479,-0.005275232717394829;2.0052430549366562e-10,0.21781672537326813,0.007570330053567886,-0.36252138018608093;0.29385906457901,-0.12537992000579834,0.02837490476667881,-0.04548202455043793
;-84.81436157226562;-0.000006043720532034058,9.908262654789723e-9,-0.0023465680424124002,-0.005252447910606861;2.002875504336643e-10,0.21781253814697266,0.007532499730587006,-0.36229458451271057;0.2936389148235321,-0.12538543343544006,0.02836175076663494,-0.04548237845301628
;-84.81561279296875;-0.000006044775545888115,9.89651383065393e-9,-0.002347984816879034,-0.005229763686656952;2.0005233580810966e-10,0.21780838072299957,0.007494891528040171,-0.3620677590370178;0.29342007637023926,-0.1253909170627594,0.028348593041300774,-0.045482732355594635
;-84.81686401367188;-0.000006045813279342838,9.884775664659173e-9,-0.0023494004271924496,-0.005207183305174112;1.9981719057149405e-10,0.21780425310134888,0.007457461673766375,-0.3618409335613251;0.29320114850997925,-0.12539641559123993,0.028335431590676308,-0.04548308625817299
;-84.81809997558594;-0.00000604685601501842,9.873105000224314e-9,-0.0023508144076913595,-0.005184703506529331;1.9958332209135676e-10,0.21780015528202057,0.007420250680297613,-0.3616139590740204;0.29298341274261475,-0.12540192902088165,0.028322266414761543,-0.04548344016075134
;-84.8193359375;-0.000006047911483619828,9.86150450188461e-9,-0.0023522290866822004,-0.005162323825061321;1.993512854792101e-10,0.21779602766036987,0.007383257616311312,-0.3613869845867157;0.2927669584751129,-0.12540742754936218,0.02830909751355648,-0.0454837903380394
;-84.82057189941406;-0.0000060489537645480596,9.849913773507524e-9,-0.0023536421358585358,-0.005140047986060381;1.9911929050042687e-10,0.21779192984104156,0.007346437778323889,-0.3611600399017334;0.2925504148006439,-0.1254129260778427,0.02829592488706112,-0.04548413306474686
;-84.82179260253906;-0.000006049997409718344,9.838393211225593e-9,-0.002355053788051009,-0.005117869470268488;1.9888857227812196e-10,0.21778787672519684,0.007309834938496351,-0.36093300580978394;0.2923350930213928,-0.12541842460632324,0.02828275039792061,-0.04548448324203491
;-84.82301330566406;-0.00000605105742579326,9.8269419268604e-9,-0.0023564656730741262,-0.005095790605992079;1.9865964429044425e-10,0.21778380870819092,0.007273445837199688,-0.3607059419155121;0.292121022939682,-0.12542392313480377,0.0282695684581995,-0.04548482224345207
;-84.82423400878906;-0.00000605210379944765,9.815501300636242e-9,-0.002357876393944025,-0.005073812790215015;1.9843052201373723e-10,0.2177797555923462,0.007237227633595467,-0.36047887802124023;0.2919068932533264,-0.1254294365644455,0.028256386518478394,-0.04548516869544983
;-84.82545471191406;-0.000006053126980987145,9.804070444374702e-9,-0.002359285717830062,-0.0050519355572760105;1.9820178831508883e-10,0.21777576208114624,0.0072011798620224,-0.3602517545223236;0.29169270396232605,-0.12543493509292603,0.02824319899082184,-0.045485515147447586
;-84.82666015625;-0.00000605417108090478,9.792707977851478e-9,-0.002360693644732237,-0.005030155181884766;1.9797455341752368e-10,0.2177717089653015,0.0071653444319963455,-0.3600246012210846;0.2914797365665436,-0.12544043362140656,0.028230009600520134,-0.045485857874155045
;-84.82786560058594;-0.00000605522291152738,9.78141656560183e-9,-0.002362100873142481,-0.005008471664041281;1.9774858139864904e-10,0.21776776015758514,0.007129719015210867,-0.3597974479198456;0.29126808047294617,-0.12544594705104828,0.028216814622282982,-0.0454862006008625
;-84.82907104492188;-0.000006056252004782436,9.77013403513638e-9,-0.002363507403060794,-0.00498688779771328;1.9752294244668178e-10,0.217763751745224,0.007094259839504957,-0.3595702350139618;0.2910562753677368,-0.1254514455795288,0.02820361591875553,-0.04548653960227966
;-84.83027648925781;-0.000006057265636627562,9.758863050990385e-9,-0.0023649116046726704,-0.004965403117239475;1.9729715083904864e-10,0.21775975823402405,0.007058968301862478,-0.3593429625034332;0.2908444106578827,-0.12545694410800934,0.02819041721522808,-0.04548687860369682
;-84.83146667480469;-0.000006058297003619373,9.747657792047448e-9,-0.002366315573453903,-0.004944013897329569;1.970731217104671e-10,0.21775579452514648,0.007023883983492851,-0.35911574959754944;0.29063382744789124,-0.12546245753765106,0.028177209198474884,-0.04548721760511398
;-84.83265686035156;-0.000006059333827579394,9.736524475556507e-9,-0.002367718145251274,-0.004922719206660986;1.9685035546057605e-10,0.21775184571743011,0.006989005487412214,-0.3588884174823761;0.2904244661331177,-0.1254679560661316,0.028164001181721687,-0.045487552881240845
;-84.83384704589844;-0.0000060603533711400814,9.725400040849763e-9,-0.0023691202513873577,-0.004901520907878876;1.966279083998046e-10,0.21774792671203613,0.006954290438443422,-0.35866105556488037;0.29021504521369934,-0.12547346949577332,0.028150789439678192,-0.045487891882658005
;-84.83503723144531;-0.000006061357453290839,9.714287152462475e-9,-0.0023705207277089357,-0.0048804208636283875;1.9640532256115506e-10,0.21774400770664215,0.006919739302247763,-0.3584337532520294;0.29000556468963623,-0.12547898292541504,0.0281375739723444,-0.04548822343349457
;-84.83622741699219;-0.000006062353804736631,9.703184034037804e-9,-0.0023719186428934336,-0.004859417211264372;1.9618280611144456e-10,0.2177400439977646,0.006885349750518799,-0.3582063615322113;0.28979602456092834,-0.12548449635505676,0.028124352917075157,-0.04548855870962143
;-84.83740234375;-0.000006063341515982756,9.69214841717303e-9,-0.002373315393924713,-0.004838505759835243;1.9596203826299785e-10,0.2177361398935318,0.0068511636927723885,-0.3579789996147156;0.28958767652511597,-0.1254900097846985,0.028111128136515617,-0.04548889398574829
;-84.83857727050781;-0.000006064361059543444,9.681182078224992e-9,-0.0023747114464640617,-0.004817688837647438;1.9574254717102946e-10,0.2177322506904602,0.00681717786937952,-0.3577515482902527;0.28938060998916626,-0.12549550831317902,0.028097903355956078,-0.045489221811294556
;-84.83975219726562;-0.00000606535422775778,9.670224621061152e-9,-0.0023761068005114794,-0.004796966444700956;1.9552337526818064e-10,0.217728391289711,0.006783351767808199,-0.3575240969657898;0.2891734540462494,-0.12550102174282074,0.02808467298746109,-0.04548955336213112
;-84.84092712402344;-0.000006066329660825431,9.659277822038348e-9,-0.002377499593421817,-0.004776339512318373;1.9530405070966594e-10,0.2177245169878006,0.006749683525413275,-0.3572966456413269;0.2889663279056549,-0.12550655007362366,0.028071437031030655,-0.04548988491296768
;-84.84210205078125;-0.000006067299636924872,9.648339904799741e-9,-0.0023788916878402233,-0.004755806177854538;1.9508476778451467e-10,0.217720627784729,0.006716175004839897,-0.357069194316864;0.2887590229511261,-0.12551206350326538,0.02805819921195507,-0.045490216463804245
;-84.84327697753906;-0.000006068243237677962,9.63741175752375e-9,-0.0023802812211215496,-0.004735366906970739;1.94865873437422e-10,0.2177167385816574,0.0066828238777816296,-0.35684168338775635;0.2885516285896301,-0.1255175769329071,0.028044959530234337,-0.04549055173993111
;-84.84444427490234;-0.000006069166374800261,9.626491603853538e-9,-0.0023816688917577267,-0.00471502123400569;1.9464677092351224e-10,0.2177128791809082,0.006649630144238472,-0.35661423206329346;0.2883441746234894,-0.12552310526371002,0.028031714260578156,-0.04549088329076767
;-84.8456039428711;-0.000006070144081604667,9.615698459697342e-9,-0.0023830558639019728,-0.004694763105362654;1.9443084642301045e-10,0.2177090048789978,0.006616671569645405,-0.35638663172721863;0.28813934326171875,-0.12552863359451294,0.028018463402986526,-0.045491211116313934
;-84.84676361083984;-0.000006071091775083914,9.604914197325343e-9,-0.0023844419047236443,-0.004674598108977079;1.9421476926684278e-10,0.2177051603794098,0.006583868525922298,-0.3561590313911438;0.28793445229530334,-0.12553414702415466,0.028005210682749748,-0.0454915352165699
;-84.8479232788086;-0.000006072034011594951,9.59413970491596e-9,-0.00238582631573081,-0.004654524847865105;1.9399876149961415e-10,0.21770137548446655,0.006551218219101429,-0.35593146085739136;0.28772953152656555,-0.12553967535495758,0.02799195609986782,-0.04549185931682587
;-84.84908294677734;-0.000006072952601243742,9.583374094290775e-9,-0.0023872090969234705,-0.00463454332202673;1.9378283699911236e-10,0.21769750118255615,0.006518721114844084,-0.35570383071899414;0.2875244617462158,-0.1255452036857605,0.027978694066405296,-0.04549218714237213
;-84.8502426147461;-0.000006073863460187567,9.572616477271367e-9,-0.002388589782640338,-0.0046146526001393795;1.9356721780994235e-10,0.21769368648529053,0.0064863781444728374,-0.3554762601852417;0.2873193025588989,-0.12555073201656342,0.027965432032942772,-0.045492514967918396
;-84.85140228271484;-0.000006074746579542989,9.561867742036156e-9,-0.002389968605712056,-0.004594853147864342;1.9335145984289426e-10,0.2176898717880249,0.0064541855826973915,-0.3552485704421997;0.28711408376693726,-0.12555626034736633,0.0279521644115448,-0.04549284279346466
;-84.8525619506836;-0.000006075626970414305,9.551127888585143e-9,-0.002391345566138625,-0.004575143568217754;1.931357435092096e-10,0.2176860272884369,0.006422145292162895,-0.3550209701061249;0.2869088351726532,-0.12556180357933044,0.02793889306485653,-0.045493170619010925
;-84.85370635986328;-0.000006076511454011779,9.540452872158767e-9,-0.002392720663920045,-0.0045555210672318935;1.9292180353236432e-10,0.21768222749233246,0.0063902949914336205,-0.3547932803630829;0.28670480847358704,-0.12556733191013336,0.02792561985552311,-0.04549349099397659
;-84.85485076904297;-0.00000607740457780892,9.529847133649127e-9,-0.0023940943647176027,-0.004535984713584185;1.9270909867863395e-10,0.21767845749855042,0.006358632352203131,-0.3545655608177185;0.28650209307670593,-0.12557286024093628,0.027912341058254242,-0.04549381509423256
;-84.85599517822266;-0.000006078289970901096,9.519246724210007e-9,-0.002395468298345804,-0.0045165386982262135;1.9249646321384262e-10,0.21767465770244598,0.006327118258923292,-0.3543378412723541;0.2862992286682129,-0.1255784034729004,0.027899058535695076,-0.045494139194488525
;-84.85713958740234;-0.000006079152171878377,9.508657861090342e-9,-0.002396840136498213,-0.004497181158512831;1.9228389713799032e-10,0.21767091751098633,0.006295752711594105,-0.35411009192466736;0.28609639406204224,-0.1255839467048645,0.02788577228784561,-0.04549446329474449
;-84.85828399658203;-0.000006080008461140096,9.498074327041195e-9,-0.0023982098791748285,-0.004477912560105324;1.9207167800683322e-10,0.2176671028137207,0.006264535244554281,-0.353882372379303;0.28589341044425964,-0.1255894899368286,0.027872484177350998,-0.04549478366971016
;-84.85942840576172;-0.000006080837010813411,9.487500562954665e-9,-0.0023995782248675823,-0.004458730574697256;1.9185929234222243e-10,0.21766336262226105,0.006233463529497385,-0.35365456342697144;0.28569039702415466,-0.12559501826763153,0.027859190478920937,-0.045495107769966125
;-84.8605728149414;-0.000006081664650992025,9.476934792473912e-9,-0.002400944009423256,-0.004439637064933777;1.9164696218876287e-10,0.21765956282615662,0.006202538497745991,-0.35342684388160706;0.2854872941970825,-0.12560057640075684,0.027845893055200577,-0.04549543187022209
;-84.8617172241211;-0.000006082459094614023,9.466377015598937e-9,-0.0024023079313337803,-0.004420630633831024;1.9143468754645454e-10,0.21765579283237457,0.006171760149300098,-0.3531990349292755;0.2852841019630432,-0.12560611963272095,0.02783259190618992,-0.04549575224518776
;-84.86286163330078;-0.000006083254902478075,9.45582456779448e-9,-0.0024036697577685118,-0.004401710815727711;1.9122277372662921e-10,0.21765202283859253,0.006141125690191984,-0.35297128558158875;0.28508082032203674,-0.12561167776584625,0.02781928889453411,-0.04549607262015343
;-84.86400604248047;-0.000006084033884690143,9.4452801135958e-9,-0.002405029023066163,-0.0043828776106238365;1.9101066561777458e-10,0.21764825284481049,0.006110635120421648,-0.3527434766292572;0.2848774790763855,-0.12561723589897156,0.027805980294942856,-0.04549639672040939
;-84.86514282226562;-0.000006084785127313808,9.434742764824477e-9,-0.002406386425718665,-0.004364130087196827;1.9079862689785898e-10,0.21764446794986725,0.006080289371311665,-0.35251569747924805;0.2846740782260895,-0.12562279403209686,0.02779266983270645,-0.04549671709537506
;-84.86627197265625;-0.000006085589575377526,9.424328872853494e-9,-0.0024077424313873053,-0.004345464054495096;1.9058951639117083e-10,0.21764075756072998,0.006050160154700279,-0.35228776931762695;0.2844732999801636,-0.12562835216522217,0.0277793537825346,-0.04549703747034073
;-84.86740112304688;-0.00000608636628385284,9.413921198131447e-9,-0.0024090982042253017,-0.004326881840825081;1.9038072507360226e-10,0.21763701736927032,0.006020171567797661,-0.35205987095832825;0.2842724323272705,-0.12563391029834747,0.02776603400707245,-0.0454973541200161
;-84.8685302734375;-0.000006087137990107294,9.403522405193598e-9,-0.0024104530457407236,-0.0043083843775093555;1.901717533447922e-10,0.21763327717781067,0.005990323610603809,-0.35183200240135193;0.28407156467437744,-0.12563946843147278,0.02775271050632,-0.045497674494981766
;-84.86965942382812;-0.000006087898327677976,9.393130717683107e-9,-0.002411805558949709,-0.0042899721302092075;1.8996286488270897e-10,0.21762952208518982,0.005960618145763874,-0.3516041040420532;0.28387051820755005,-0.12564502656459808,0.0277393851429224,-0.045497994869947433
;-84.87078857421875;-0.000006088630016165553,9.382745247421553e-9,-0.0024131564423441887,-0.004271643701940775;1.8975403193177698e-10,0.21762575209140778,0.0059310514479875565,-0.3513762056827545;0.28366944193840027,-0.12565059959888458,0.027726052328944206,-0.0454983152449131
;-84.87191772460938;-0.000006089361249905778,9.372367770765777e-9,-0.002414504997432232,-0.004253399558365345;1.8954528224757183e-10,0.21762201189994812,0.005901624448597431,-0.3511482775211334;0.2834683358669281,-0.12565617263317108,0.02771271951496601,-0.04549863561987877
;-84.873046875;-0.000006090071565267863,9.361996511358939e-9,-0.002415852388367057,-0.004235236905515194;1.8933658807451792e-10,0.2176182121038437,0.005872335284948349,-0.3509204089641571;0.2832671105861664,-0.12566174566745758,0.027699382975697517,-0.04549895226955414
;-84.87417602539062;-0.000006090758688515052,9.351632357379458e-9,-0.0024171972181648016,-0.004217157606035471;1.8912819921279578e-10,0.21761445701122284,0.005843185819685459,-0.350692480802536;0.2830657958984375,-0.12566731870174408,0.027686038985848427,-0.045499272644519806
;-84.87530517578125;-0.000006091443992772838,9.341274420648915e-9,-0.0024185399524867535,-0.0041991607286036015;1.8891969932877117e-10,0.217610701918602,0.005814173258841038,-0.3504645526409149;0.28286442160606384,-0.12567290663719177,0.027672696858644485,-0.045499589294195175
;-84.87643432617188;-0.00000609211201663129,9.33092358934573e-9,-0.002419880125671625,-0.004181245807558298;1.8871122720032218e-10,0.21760696172714233,0.0057852971367537975,-0.35023656487464905;0.2826629877090454,-0.12567847967147827,0.027659347280859947,-0.04549991339445114
;-84.8775634765625;-0.000006092767307563918,9.320576310756223e-9,-0.0024212186690419912,-0.004163412842899561;1.8850282446081223e-10,0.21760320663452148,0.005756557919085026,-0.35000863671302795;0.2824614942073822,-0.12568406760692596,0.02764599397778511,-0.04550023376941681
;-84.87869262695312;-0.00000609339440416079,9.310237913950914e-9,-0.0024225544184446335,-0.004145660903304815;1.8829451886581694e-10,0.21759943664073944,0.005727952811866999,-0.34978070855140686;0.2822599411010742,-0.12568964064121246,0.027632640674710274,-0.04550055041909218
;-84.87982177734375;-0.000006094021046010312,9.299904846216123e-9,-0.0024238883052021265,-0.004127989988774061;1.8808651858215342e-10,0.21759571135044098,0.005699483677744865,-0.349552720785141;0.2820582687854767,-0.12569524347782135,0.02761927992105484,-0.045500870794057846
;-84.88095092773438;-0.000006094629043218447,9.28957710755185e-9,-0.002425219863653183,-0.004110399167984724;1.878783378872484e-10,0.21759192645549774,0.0056711481884121895,-0.3493247330188751;0.281856507062912,-0.12570083141326904,0.027605915442109108,-0.045501191169023514
;-84.882080078125;-0.000006095213393564336,9.279254697958095e-9,-0.002426550490781665,-0.004092889372259378;1.876702127034946e-10,0.2175881713628769,0.005642947740852833,-0.34909677505493164;0.2816546857357025,-0.12570643424987793,0.027592549100518227,-0.04550151154398918
;-84.88320922851562;-0.000006095793196436716,9.268938505613278e-9,-0.002427878323942423,-0.004075458738952875;1.8746219854204327e-10,0.21758438646793365,0.005614880472421646,-0.34886881709098816;0.28145283460617065,-0.12571203708648682,0.027579179033637047,-0.04550182819366455
;-84.88432312011719;-0.000006096384367992869,9.25868537393626e-9,-0.0024292042944580317,-0.004058105871081352;1.8725565542609957e-10,0.217580646276474,0.005586978979408741,-0.3486407399177551;0.2812522053718567,-0.1257176250219345,0.02756580337882042,-0.04550214856863022
;-84.88543701171875;-0.000006096992819948355,9.24849619110546e-9,-0.0024305295664817095,-0.004040828440338373;1.8705056947787568e-10,0.21757696568965912,0.005559244193136692,-0.3484126925468445;0.28105294704437256,-0.1257232278585434,0.027552427724003792,-0.04550246149301529
;-84.88655090332031;-0.000006097587629483314,9.238313225523598e-9,-0.0024318539071828127,-0.0040236301720142365;1.8684559455195426e-10,0.21757324039936066,0.0055316416546702385,-0.348204106092453;0.2808534801006317,-0.12572841346263885,0.027540158480405807,-0.04550277814269066
;-84.88766479492188;-0.0000060981551541772205,9.228137365369093e-9,-0.0024331770837306976,-0.004006510600447655;1.866409110595768e-10,0.21756954491138458,0.005504168104380369,-0.3479955494403839;0.28065407276153564,-0.12573359906673431,0.027527889236807823,-0.04550309106707573
;-84.88877868652344;-0.000006098722678871127,9.217966834285107e-9,-0.0024344983976334333,-0.003989468794316053;1.8643606103374566e-10,0.21756581962108612,0.005476824473589659,-0.34778696298599243;0.28045451641082764,-0.12573879957199097,0.02751561626791954,-0.0455034077167511
;-84.88988494873047;-0.000006099272013670998,9.20780163227164e-9,-0.0024358180817216635,-0.003972503822296858;1.8623126651906574e-10,0.21756209433078766,0.005449609365314245,-0.34757840633392334;0.28025496006011963,-0.12574398517608643,0.027503343299031258,-0.04550372436642647
;-84.89098358154297;-0.000006099870006437413,9.19775899888009e-9,-0.0024371373001486063,-0.003955612424761057;1.8602937246203766e-10,0.21755847334861755,0.005422590766102076,-0.3473697304725647;0.28005796670913696,-0.12574918568134308,0.027491062879562378,-0.04550403356552124
;-84.89208221435547;-0.000006100451173551846,9.187723470915898e-9,-0.002438455121591687,-0.0039387973956763744;1.858275477939486e-10,0.21755485236644745,0.005395698826760054,-0.3471415638923645;0.2798609435558319,-0.12575478851795197,0.02747766487300396,-0.04550434276461601
;-84.89318084716797;-0.000006101016879256349,9.177695048379064e-9,-0.0024397720117121935,-0.003922059666365385;1.8562575088143518e-10,0.21755120158195496,0.005368934478610754,-0.3469523787498474;0.27966389060020447,-0.1257595717906952,0.02746649459004402,-0.04550465568900108
;-84.89427185058594;-0.0000061015675782982726,9.167670178555909e-9,-0.0024410870391875505,-0.0039053980726748705;1.8542407886901202e-10,0.21754750609397888,0.005342294927686453,-0.34674370288848877;0.2794667184352875,-0.12576477229595184,0.027454206719994545,-0.045504968613386154
;-84.8953628540039;-0.00000610213055551867,9.157711922114231e-9,-0.0024424013681709766,-0.003888809122145176;1.8522386402430868e-10,0.21754391491413116,0.005315815098583698,-0.34653493762016296;0.27927085757255554,-0.1257699579000473,0.02744191326200962,-0.045505277812480927
;-84.89644622802734;-0.000006102712632127805,9.147818502697191e-9,-0.002443714765831828,-0.0038722932804375887;1.8502513410290078e-10,0.21754026412963867,0.005289492662996054,-0.34632617235183716;0.2790762782096863,-0.12577515840530396,0.027429617941379547,-0.0455055832862854
;-84.89752960205078;-0.000006103278792579658,9.13793041235067e-9,-0.0024450263008475304,-0.003855853108689189;1.848264458148563e-10,0.21753671765327454,0.005263294093310833,-0.3461173474788666;0.27888166904449463,-0.1257803589105606,0.027417320758104324,-0.045505888760089874
;-84.89861297607422;-0.000006103831310610985,9.128051203788345e-9,-0.0024463380686938763,-0.0038394879084080458;1.8462784079353867e-10,0.21753309667110443,0.005237219389528036,-0.34588900208473206;0.2786870002746582,-0.1257859617471695,0.027403902262449265,-0.04550619423389435
;-84.89969635009766;-0.00000610437245995854,9.11817643611812e-9,-0.0024476475082337856,-0.003823197679594159;1.8442930516116007e-10,0.21752947568893433,0.005211266689002514,-0.3456997275352478;0.2784922122955322,-0.1257907599210739,0.027392715215682983,-0.04550650343298912
;-84.9007797241211;-0.000006104902240622323,9.10830966205367e-9,-0.0024489550851285458,-0.003806981025263667;1.842308250399327e-10,0.2175258845090866,0.005185435991734266,-0.3454713821411133;0.2782973647117615,-0.1257963627576828,0.027379289269447327,-0.045506808906793594
;-84.90186309814453;-0.000006105414286139421,9.09844821705974e-9,-0.0024502610322088003,-0.0037908386439085007;1.8403240042985658e-10,0.2175222784280777,0.005159728229045868,-0.34524300694465637;0.27810248732566833,-0.12580199539661407,0.02736585959792137,-0.04550711438059807
;-84.9029312133789;-0.000006105946340539958,9.088650720912028e-9,-0.0024515651166439056,-0.0037747665774077177;1.838354746208637e-10,0.21751868724822998,0.0051341732032597065,-0.34505370259284973;0.2779088616371155,-0.1258067786693573,0.027354663237929344,-0.04550741985440254
;-84.90399932861328;-0.000006106489308876917,9.078918061788954e-9,-0.0024528687354177237,-0.0037587659899145365;1.8364001985737843e-10,0.21751517057418823,0.005108770448714495,-0.3448643386363983;0.27771660685539246,-0.12581156194210052,0.027343466877937317,-0.04550771787762642
;-84.90505981445312;-0.000006107017270551296,9.069192508093238e-9,-0.002454172121360898,-0.0037428378127515316;1.8344435692707606e-10,0.2175116240978241,0.005083488766103983,-0.3446749746799469;0.2775242030620575,-0.12581636011600494,0.02733226865530014,-0.045508019626140594
;-84.90611267089844;-0.000006107590706960764,9.05958952301944e-9,-0.0024554748088121414,-0.0037269778549671173;1.8325183037681825e-10,0.21750812232494354,0.005058388691395521,-0.34448546171188354;0.2773345410823822,-0.12582114338874817,0.027321066707372665,-0.04550832137465477
;-84.90716552734375;-0.000006108150046202354,9.049993643373e-9,-0.002456777496263385,-0.003711190540343523;1.8305934545992386e-10,0.21750465035438538,0.005033406894654036,-0.3442959487438202;0.27714478969573975,-0.1258259266614914,0.027309861034154892,-0.04550861939787865
;-84.90821075439453;-0.000006108708930696594,9.040403980975498e-9,-0.0024580785539001226,-0.0036954754032194614;1.8286694380975632e-10,0.21750108897686005,0.005008541513234377,-0.3441064655780792;0.2769549489021301,-0.1258307248353958,0.02729865163564682,-0.045508913695812225
;-84.90924835205078;-0.000006109297373768641,9.030939551735173e-9,-0.002459379844367504,-0.0036798259243369102;1.8267738710608938e-10,0.21749772131443024,0.004983857274055481,-0.3439169228076935;0.2767678201198578,-0.12583549320697784,0.027287442237138748,-0.045509204268455505
;-84.91028594970703;-0.000006109873083914863,9.021481339743787e-9,-0.0024606813676655293,-0.003664249088615179;1.8248766386896875e-10,0.21749427914619446,0.004959288518875837,-0.3437272608280182;0.2765806317329407,-0.12584029138088226,0.027276229113340378,-0.045509498566389084
;-84.91131591796875;-0.0000061104474298190325,9.012031121358177e-9,-0.0024619814939796925,-0.0036487423349171877;1.822982459431799e-10,0.2174908071756363,0.004934835247695446,-0.34353768825531006;0.2763933539390564,-0.1258450597524643,0.02726501226425171,-0.04550979286432266
;-84.91233825683594;-0.000006111054517532466,9.002705247951326e-9,-0.002463281387463212,-0.0036333019379526377;1.8211168684167944e-10,0.2174874097108841,0.004910558462142944,-0.3433479964733124;0.2762088179588318,-0.12584984302520752,0.02725379541516304,-0.04551008343696594
;-84.91336059570312;-0.000006111660241003847,8.993385591793412e-9,-0.0024645808152854443,-0.003617931855842471;1.8192518325133022e-10,0.2174840271472931,0.004886395297944546,-0.3431583344936371;0.2760241627693176,-0.12585462629795074,0.027242574840784073,-0.045510370284318924
;-84.91438293457031;-0.000006112239589128876,8.984075705598116e-9,-0.002465879311785102,-0.0036026318557560444;1.817384853719517e-10,0.2174806445837021,0.00486234575510025,-0.342968612909317;0.2758394777774811,-0.12585940957069397,0.027231352403759956,-0.045510657131671906
;-84.91539001464844;-0.000006112839855632046,8.974829768249037e-9,-0.002467176876962185,-0.0035873986780643463;1.8155349446047353e-10,0.21747727692127228,0.004838439170271158,-0.3427788317203522;0.2756561040878296,-0.1258641928434372,0.027220124378800392,-0.04551094397902489
;-84.91639709472656;-0.0000061134637689974625,8.965650444281437e-9,-0.0024684746749699116,-0.003572233021259308;1.81369974594503e-10,0.21747395396232605,0.00481467554345727,-0.3425890803337097;0.27547401189804077,-0.12586896121501923,0.027208896353840828,-0.04551122710108757
;-84.91740417480469;-0.000006114056759543018,8.956479113919613e-9,-0.0024697710759937763,-0.003557136980816722;1.8118627431729095e-10,0.21747058629989624,0.00479102274402976,-0.3423992991447449;0.27529188990592957,-0.12587374448776245,0.027197664603590965,-0.04551151022315025
;-84.91841125488281;-0.000006114656116551487,8.947315777163567e-9,-0.00247106677852571,-0.0035421086940914392;1.8100285159583507e-10,0.21746726334095,0.004767482168972492,-0.34220948815345764;0.27510973811149597,-0.12587852776050568,0.027186432853341103,-0.04551180079579353
;-84.91940307617188;-0.000006115260021033464,8.938218165610579e-9,-0.002472361782565713,-0.0035271472297608852;1.8082065011970627e-10,0.21746399998664856,0.004744080826640129,-0.34201961755752563;0.27492889761924744,-0.1258832961320877,0.027175195515155792,-0.04551207646727562
;-84.92039489746094;-0.000006115885753388284,8.929185391082228e-9,-0.002473655855283141,-0.003512249793857336;1.8064014173369003e-10,0.21746069192886353,0.004720819648355246,-0.34182971715927124;0.2747493088245392,-0.12588807940483093,0.027163958176970482,-0.0455123595893383
;-84.92138671875;-0.000006116488748375559,8.920162386516495e-9,-0.002474949462339282,-0.003497421508654952;1.8045943905864448e-10,0.21745739877223969,0.004697666969150305,-0.34163978695869446;0.27456969022750854,-0.12589286267757416,0.027152715250849724,-0.04551263898611069
;-84.92237854003906;-0.000006117090379120782,8.911146487378119e-9,-0.0024762412067502737,-0.0034826607443392277;1.802790555727185e-10,0.21745413541793823,0.004674622789025307,-0.34144988656044006;0.2743900418281555,-0.12589764595031738,0.027141470462083817,-0.04551291838288307
;-84.92337036132812;-0.000006117677912698127,8.90213858184552e-9,-0.0024775315541774035,-0.0034679670352488756;1.8009869984236815e-10,0.2174508422613144,0.004651686642318964,-0.3412599563598633;0.2742103040218353,-0.1259024292230606,0.02713022381067276,-0.045513201504945755
;-84.92434692382812;-0.000006118274995969841,8.89319640151598e-9,-0.002478821435943246,-0.003453337587416172;1.7991955147955707e-10,0.21744759380817413,0.004628888331353664,-0.3410700261592865;0.2740319073200226,-0.12590721249580383,0.027118973433971405,-0.04551347717642784
;-84.92532348632812;-0.000006118893452367047,8.884318170032657e-9,-0.0024801106192171574,-0.003438773099333048;1.7974211008464636e-10,0.21744437515735626,0.004606225993484259,-0.34087997674942017;0.2738548815250397,-0.12591199576854706,0.02710772305727005,-0.045513756573200226
;-84.92630004882812;-0.000006119488261902006,8.875447932155112e-9,-0.002481399569660425,-0.003424274967983365;1.7956447440070633e-10,0.217441126704216,0.004583669360727072,-0.3406899869441986;0.2736777663230896,-0.1259167641401291,0.027096467092633247,-0.045514028519392014
;-84.92727661132812;-0.00000612007988820551,8.866587464240183e-9,-0.0024826868902891874,-0.0034098427277058363;1.7938692198349315e-10,0.21743786334991455,0.004561218898743391,-0.34049996733665466;0.2735005021095276,-0.1259215623140335,0.027085209265351295,-0.0455143041908741
;-84.92825317382812;-0.000006120661964814644,8.857733213574193e-9,-0.0024839723482728004,-0.0033954763785004616;1.7920963324424832e-10,0.21743467450141907,0.004538872744888067,-0.34030988812446594;0.27332326769828796,-0.12592634558677673,0.027073949575424194,-0.045514579862356186
;-84.92922973632812;-0.0000061212290347612,8.84888606833556e-9,-0.0024852564092725515,-0.003381174523383379;1.7903215021597418e-10,0.21743144094944,0.004516632296144962,-0.3401198983192444;0.27314597368240356,-0.12593112885951996,0.027062688022851944,-0.045514851808547974
;-84.93019104003906;-0.000006121805654402124,8.840103760121565e-9,-0.002486539538949728,-0.0033669357653707266;1.788563741556004e-10,0.21742825210094452,0.00449452456086874,-0.3399297893047333;0.2729700207710266,-0.12593591213226318,0.027051422744989395,-0.04551512748003006
;-84.93115234375;-0.000006122406375652645,8.831385400753788e-9,-0.0024878219701349735,-0.0033527601044625044;1.786817915849781e-10,0.21742507815361023,0.0044725495390594006,-0.33973968029022217;0.27279534935951233,-0.1259407103061676,0.027040153741836548,-0.04551539570093155
;-84.93211364746094;-0.00000612299390922999,8.822676811348629e-9,-0.002489103702828288,-0.0033386482391506433;1.7850750044789976e-10,0.21742190420627594,0.004450676497071981,-0.3395495116710663;0.27262067794799805,-0.12594549357891083,0.02702888660132885,-0.045515671372413635
;-84.93307495117188;-0.000006123566890892107,8.813974439192407e-9,-0.002490384504199028,-0.003324600402265787;1.783330150217921e-10,0.21741871535778046,0.004428906366229057,-0.33935943245887756;0.2724458873271942,-0.12595027685165405,0.027017613872885704,-0.045515939593315125
;-84.93403625488281;-0.0000061241298681125045,8.805278284285123e-9,-0.0024916627444326878,-0.003310615662485361;1.7815883490701623e-10,0.21741552650928497,0.004407238215208054,-0.3391692340373993;0.2722710967063904,-0.12595507502555847,0.02700633555650711,-0.04551621153950691
;-84.93499755859375;-0.000006124679202912375,8.796590122983616e-9,-0.0024929402861744165,-0.0032966944854706526;1.7798447438099885e-10,0.21741238236427307,0.004385671112686396,-0.3389790952205658;0.272096186876297,-0.1259598731994629,0.026995057240128517,-0.0455164797604084
;-84.93595886230469;-0.000006125216714281123,8.787908178931048e-9,-0.002494214801117778,-0.0032828361727297306;1.778101693661327e-10,0.217409148812294,0.004364206455647945,-0.3387889564037323;0.2719212770462036,-0.12596465647220612,0.026983775198459625,-0.04551675170660019
;-84.9369125366211;-0.0000061257401284819935,8.779232452127417e-9,-0.0024954876862466335,-0.0032690411899238825;1.776361280292349e-10,0.2174060195684433,0.004342841915786266,-0.3385987877845764;0.27174627780914307,-0.12596945464611053,0.026972493156790733,-0.04551702365279198
;-84.93785858154297;-0.000006126311291154707,8.770677517588865e-9,-0.0024967603385448456,-0.0032553039491176605;1.7746468183865716e-10,0.2174028754234314,0.004321633372455835,-0.338408499956131;0.2715740203857422,-0.12597425282001495,0.026961207389831543,-0.045517291873693466
;-84.93880462646484;-0.00000612686699241749,8.762129688477671e-9,-0.0024980325251817703,-0.003241629572585225;1.7729329115923065e-10,0.21739976108074188,0.004300524480640888,-0.33821824193000793;0.27140167355537415,-0.12597905099391937,0.026949917897582054,-0.04551755636930466
;-84.93975067138672;-0.000006127412689238554,8.753589852972254e-9,-0.002499303314834833,-0.0032280166633427143;1.771221780355603e-10,0.21739664673805237,0.004279513843357563,-0.3380280137062073;0.2712293267250061,-0.1259838342666626,0.026938628405332565,-0.04551782086491585
;-84.9406967163086;-0.000006127943379397038,8.745055346537356e-9,-0.0025005731731653214,-0.003214465919882059;1.7695091225622406e-10,0.21739351749420166,0.00425860146060586,-0.33783772587776184;0.2710568904876709,-0.12598863244056702,0.02692733146250248,-0.04551808536052704
;-84.94164276123047;-0.0000061284677030926105,8.736528833708235e-9,-0.0025018411688506603,-0.003200976410880685;1.7677967423246344e-10,0.21739041805267334,0.004237787798047066,-0.337647408246994;0.2708843946456909,-0.12599343061447144,0.026916034519672394,-0.045518357306718826
;-84.94258880615234;-0.000006128973382146796,8.728006761771212e-9,-0.0025031070690602064,-0.0031875474378466606;1.7660871376445897e-10,0.21738725900650024,0.004217070527374744,-0.33745720982551575;0.27071183919906616,-0.12599824368953705,0.02690473571419716,-0.04551862180233002
;-84.94353485107422;-0.000006129470875748666,8.719491795261547e-9,-0.0025043718051165342,-0.0031741803977638483;1.76437572885213e-10,0.21738414466381073,0.004196451045572758,-0.33726686239242554;0.270539253950119,-0.12600304186344147,0.026893435046076775,-0.04551888629794121
;-84.9444808959961;-0.000006129954726930009,8.7109821578224e-9,-0.002505634678527713,-0.0031608729623258114;1.7626647363933046e-10,0.21738103032112122,0.004175928421318531,-0.3370765447616577;0.2703666090965271,-0.1260078400373459,0.02688213251531124,-0.0455191545188427
;-84.94542694091797;-0.0000061304262999328785,8.702478737632191e-9,-0.0025068954564630985,-0.003147625830024481;1.760956935825675e-10,0.2173779308795929,0.004155502654612064,-0.33688628673553467;0.2701939046382904,-0.1260126531124115,0.02687082253396511,-0.045519422739744186
;-84.94637298583984;-0.0000061308869589993265,8.6939806465125e-9,-0.0025081541389226913,-0.0031344390008598566;1.759246776034118e-10,0.21737481653690338,0.004135171417146921,-0.33669599890708923;0.27002114057540894,-0.1260174661874771,0.02685951255261898,-0.04551968723535538
;-84.94730377197266;-0.000006131361260486301,8.685544727882188e-9,-0.002509411657229066,-0.0031213099136948586;1.7575514654755153e-10,0.21737168729305267,0.0041149635799229145,-0.3365056812763214;0.2698497176170349,-0.12602227926254272,0.0268482007086277,-0.045519955456256866
;-84.94823455810547;-0.000006131863756309031,8.677171869919675e-9,-0.002510668709874153,-0.003108239034190774;1.755872669484404e-10,0.21736861765384674,0.004094876814633608,-0.33631524443626404;0.26967960596084595,-0.12602707743644714,0.026836885139346123,-0.04552021622657776
;-84.94916534423828;-0.000006132347607490374,8.6688052292061e-9,-0.002511924598366022,-0.003095227060839534;1.7541919306029996e-10,0.2173655480146408,0.00407488364726305,-0.33612483739852905;0.269509494304657,-0.12603189051151276,0.026825565844774246,-0.04552047699689865
;-84.9500961303711;-0.00000613281781625119,8.660445693919883e-9,-0.00251317978836596,-0.0030822742264717817;1.7525114692773514e-10,0.21736247837543488,0.004054983612149954,-0.33593443036079407;0.26933929324150085,-0.12603670358657837,0.02681424841284752,-0.04552074149250984
;-84.9510269165039;-0.000006133275746833533,8.652090599525764e-9,-0.002514433581382036,-0.003069379599764943;1.750834338620777e-10,0.21735937893390656,0.004035177640616894,-0.33574405312538147;0.26916903257369995,-0.12604151666164398,0.026802925392985344,-0.045521002262830734
;-84.95195770263672;-0.000006133724582468858,8.643740834202163e-9,-0.0025156852789223194,-0.0030565436463803053;1.7491549875181533e-10,0.21735632419586182,0.0040154652670025826,-0.3355536162853241;0.26899877190589905,-0.1260463297367096,0.02679159864783287,-0.04552126303315163
;-84.95288848876953;-0.000006134160230431007,8.6353972861275e-9,-0.002516935346648097,-0.0030437656678259373;1.747476052749164e-10,0.21735326945781708,0.003995844628661871,-0.3353631794452667;0.268828421831131,-0.1260511428117752,0.026780270040035248,-0.04552152380347252
;-84.95381927490234;-0.000006134582690719981,8.627058178944935e-9,-0.0025181835517287254,-0.0030310451984405518;1.745797673091687e-10,0.21735019981861115,0.003976315259933472,-0.3351728022098541;0.26865798234939575,-0.12605597078800201,0.026768939569592476,-0.04552178829908371
;-84.95475006103516;-0.0000061349965108092874,8.61872351265447e-9,-0.002519430359825492,-0.0030183817725628614;1.7441222077696494e-10,0.2173471301794052,0.003956878557801247,-0.33498236536979675;0.2684875726699829,-0.12606079876422882,0.026757605373859406,-0.0455220527946949
;-84.95568084716797;-0.00000613540805716184,8.610394175434521e-9,-0.0025206750724464655,-0.0030057758558541536;1.742444938335197e-10,0.21734406054019928,0.003937533125281334,-0.3347918689250946;0.2683170437812805,-0.12606561183929443,0.026746267452836037,-0.04552231356501579
;-84.95661163330078;-0.000006135798685136251,8.602071055463512e-9,-0.002521917689591646,-0.0029932265169918537;1.7407682240122568e-10,0.21734099090099335,0.003918277565389872,-0.334601491689682;0.26814645528793335,-0.12607043981552124,0.026734931394457817,-0.045522574335336685
;-84.9575424194336;-0.000006136175670690136,8.59375060002776e-9,-0.0025231586769223213,-0.0029807344544678926;1.7390917872450729e-10,0.21733790636062622,0.003899113042280078,-0.33441102504730225;0.2679758369922638,-0.12607526779174805,0.02672358974814415,-0.04552283510565758
;-84.9584732055664;-0.0000061365421970549505,8.585436361840948e-9,-0.002524398034438491,-0.002968298504129052;1.7374181260354504e-10,0.2173348218202591,0.0038800386246293783,-0.3342205882072449;0.26780518889427185,-0.12608011066913605,0.026712244376540184,-0.04552309587597847
;-84.95940399169922;-0.000006136896899988642,8.577126564546234e-9,-0.002525635063648224,-0.0029559193644672632;1.735742660713413e-10,0.21733176708221436,0.0038610538467764854,-0.3340301513671875;0.26763445138931274,-0.12608495354652405,0.02670089714229107,-0.04552336037158966
;-84.96033477783203;-0.000006137240234238561,8.568821208143618e-9,-0.002526869997382164,-0.0029435954056680202;1.7340677505028879e-10,0.2173287272453308,0.0038421580102294683,-0.33383968472480774;0.26746365427970886,-0.12608978152275085,0.026689548045396805,-0.04552362114191055
;-84.96126556396484;-0.000006137574473541463,8.560518516276261e-9,-0.002528104232624173,-0.002931326860561967;1.732393395403875e-10,0.21732565760612488,0.003823351114988327,-0.33364924788475037;0.2672927975654602,-0.12609460949897766,0.026678193360567093,-0.045523885637521744
;-84.9621810913086;-0.000006137930085969856,8.552277996898283e-9,-0.0025293356738984585,-0.0029191127978265285;1.7307354160944755e-10,0.21732261776924133,0.003804657841101289,-0.3334587514400482;0.2671233117580414,-0.12609945237636566,0.02666684240102768,-0.045524146407842636
;-84.96309661865234;-0.000006138297976576723,8.544098761831265e-9,-0.0025305678136646748,-0.002906952053308487;1.7290893716825906e-10,0.21731959283351898,0.0037860774900764227,-0.3332681357860565;0.2669551968574524,-0.12610429525375366,0.02665548399090767,-0.04552440345287323
;-84.9640121459961;-0.000006138666776678292,8.535924855834764e-9,-0.0025317990221083164,-0.002894846722483635;1.727444021160096e-10,0.21731656789779663,0.003767584217712283,-0.3330775797367096;0.26678696274757385,-0.12610913813114166,0.02664412185549736,-0.045524656772613525
;-84.96492767333984;-0.000006139011020422913,8.527756278908782e-9,-0.0025330286007374525,-0.002882795175537467;1.7257989481933578e-10,0.21731357276439667,0.0037491770926862955,-0.33288705348968506;0.2666187286376953,-0.12611396610736847,0.02663275972008705,-0.045524921268224716
;-84.9658432006836;-0.000006139346623967867,8.519591254696479e-9,-0.0025342570152133703,-0.002870798809453845;1.7241545691160098e-10,0.21731053292751312,0.0037308568134903908,-0.33269646763801575;0.2664504647254944,-0.12611880898475647,0.026621391996741295,-0.04552517458796501
;-84.96675872802734;-0.000006139670858829049,8.511432447733114e-9,-0.0025354833342134953,-0.0028588559944182634;1.7225125492625892e-10,0.21730750799179077,0.0037126222159713507,-0.33250588178634644;0.2662820816040039,-0.12612365186214447,0.02661002241075039,-0.045525431632995605
;-84.9676742553711;-0.00000613999418419553,8.503276305305008e-9,-0.0025367082562297583,-0.0028469671960920095;1.7208690028525098e-10,0.21730448305606842,0.003694473532959819,-0.3323152959346771;0.2661136984825134,-0.12612850964069366,0.026598652824759483,-0.0455256886780262
;-84.96858978271484;-0.000006140297500678571,8.49512638012584e-9,-0.002537931315600872,-0.0028351324144750834;1.7192260115539426e-10,0.21730150282382965,0.0036764098331332207,-0.3321247100830078;0.2659451961517334,-0.12613335251808167,0.02658728137612343,-0.04552594572305679
;-84.9695053100586;-0.000006140587174741086,8.48697911948193e-9,-0.0025391525123268366,-0.0028233497869223356;1.7175834365890097e-10,0.2172984480857849,0.0036584313493222,-0.3319340944290161;0.26577669382095337,-0.12613819539546967,0.026575904339551926,-0.045526206493377686
;-84.97042083740234;-0.000006140870027593337,8.47883629973012e-9,-0.0025403716135770082,-0.0028116211760789156;1.7159410004019549e-10,0.21729543805122375,0.0036405380815267563,-0.3317435085773468;0.26560816168785095,-0.12614305317401886,0.026564525440335274,-0.04552646353840828
;-84.9713363647461;-0.000006141147878224729,8.470697032691987e-9,-0.0025415897835046053,-0.0027999451849609613;1.7143014785503397e-10,0.21729245781898499,0.00362272746860981,-0.3315529525279999;0.26543956995010376,-0.12614791095256805,0.026553142815828323,-0.04552672058343887
;-84.97225189208984;-0.0000061414089032041375,8.462563094724374e-9,-0.002542805392295122,-0.002788321813568473;1.7126601525863094e-10,0.21728940308094025,0.003605000674724579,-0.3313623070716858;0.2652708888053894,-0.12615276873111725,0.026541760191321373,-0.045526981353759766
;-84.9731674194336;-0.0000061416571952577215,8.454432709470439e-9,-0.002544018905609846,-0.002776751294732094;1.7110193817337915e-10,0.2172863781452179,0.0035873581655323505,-0.3311717212200165;0.2651021480560303,-0.12615762650966644,0.026530371978878975,-0.04552723839879036
;-84.97408294677734;-0.000006141891844890779,8.446304988751763e-9,-0.002545231254771352,-0.0027652326971292496;1.709379165992786e-10,0.21728338301181793,0.003569798544049263,-0.3309810757637024;0.26493337750434875,-0.12616248428821564,0.026518981903791428,-0.04552749544382095
;-84.9749984741211;-0.000006142130587249994,8.438180820746766e-9,-0.0025464415084570646,-0.0027537657879292965;1.7077390890296584e-10,0.21728037297725677,0.003552320646122098,-0.3307904601097107;0.2647645175457001,-0.12616735696792603,0.02650759369134903,-0.04552775248885155
;-84.97591400146484;-0.000006142346592241665,8.430061093633867e-9,-0.002547650132328272,-0.0027423507999628782;1.7061020651798486e-10,0.21727734804153442,0.003534926101565361,-0.330599844455719;0.2645956873893738,-0.1261722296476364,0.026496198028326035,-0.04552800953388214
;-84.9768295288086;-0.000006142553047538968,8.421944919234647e-9,-0.00254885689355433,-0.002730987034738064;1.7044629596618677e-10,0.21727433800697327,0.003517612349241972,-0.3304091691970825;0.26442673802375793,-0.1261771023273468,0.02648479864001274,-0.04552827030420303
;-84.97774505615234;-0.000006142749498394551,8.413832297549106e-9,-0.0025500617921352386,-0.0027196749579161406;1.702824548033277e-10,0.2172713279724121,0.00350038125179708,-0.3302185535430908;0.2642577588558197,-0.126181960105896,0.026473399251699448,-0.04552852734923363
;-84.9786605834961;-0.000006142943220766028,8.405723228577244e-9,-0.002551265060901642,-0.00270841340534389;1.7011862751825646e-10,0.21726831793785095,0.0034832304809242487,-0.33002790808677673;0.2640887200832367,-0.12618684768676758,0.026461996138095856,-0.04552878439426422
;-84.97957611083984;-0.0000061431187532434706,8.397616824140641e-9,-0.002552466467022896,-0.0026972026098519564;1.6995488349991206e-10,0.2172652930021286,0.0034661609679460526,-0.32983729243278503;0.2639196515083313,-0.12619172036647797,0.026450589299201965,-0.04552903771400452
;-84.9804916381836;-0.00000614328246228979,8.389514860596137e-9,-0.0025536653120070696,-0.002686041872948408;1.69791403159536e-10,0.21726225316524506,0.0034491713158786297,-0.32964667677879333;0.26375049352645874,-0.12619659304618835,0.026439182460308075,-0.04552929848432541
;-84.98140716552734;-0.000006143437531136442,8.381415561586891e-9,-0.0025548627600073814,-0.0026749316602945328;1.6962772853013064e-10,0.2172592431306839,0.003432262223213911,-0.3294559717178345;0.2635812759399414,-0.12620148062705994,0.026427771896123886,-0.045529555529356
;-84.9823226928711;-0.000006143591235741042,8.373318927112905e-9,-0.0025560585781931877,-0.0026638717390596867;1.694641094118765e-10,0.21725621819496155,0.0034154329914599657,-0.3292653262615204;0.2634119987487793,-0.12620636820793152,0.026416359469294548,-0.0455298125743866
;-84.98323822021484;-0.0000061437235672201496,8.365225845352597e-9,-0.0025572520680725574,-0.002652861410751939;1.693005319269858e-10,0.21725322306156158,0.0033986829221248627,-0.3290746510028839;0.2632427215576172,-0.1262112557888031,0.026404941454529762,-0.04553006961941719
;-84.9841537475586;-0.00000614384680375224,8.357136316305969e-9,-0.0025584446266293526,-0.0026418999768793583;1.691369960754585e-10,0.21725019812583923,0.0033820115495473146,-0.3288840055465698;0.2630733847618103,-0.12621614336967468,0.026393521577119827,-0.045530326664447784
;-84.98506927490234;-0.000006143960945337312,8.349049451794599e-9,-0.0025596346240490675,-0.002630988135933876;1.689737516574752e-10,0.2172471582889557,0.0033654191065579653,-0.32869333028793335;0.26290395855903625,-0.12622103095054626,0.026382101699709892,-0.04553058743476868
;-84.98596954345703;-0.0000061440960053005256,8.341022983415769e-9,-0.0025608232244849205,-0.0026201242581009865;1.6881167297366773e-10,0.21724416315555573,0.0033489272464066744,-0.3285221457481384;0.26273590326309204,-0.12622548639774323,0.026371819898486137,-0.04553084075450897
;-84.98686981201172;-0.000006144245162431616,8.333056022991059e-9,-0.002562012057751417,-0.002609307412058115;1.6865100982421666e-10,0.21724118292331696,0.0033325355034321547,-0.3283509612083435;0.2625691890716553,-0.12622994184494019,0.026361536234617233,-0.045531097799539566
;-84.9877700805664;-0.000006144398867036216,8.325093503458447e-9,-0.002563200192525983,-0.002598539926111698;1.6849040218591682e-10,0.21723826229572296,0.0033162205945700407,-0.3281601667404175;0.2624024748802185,-0.12623482942581177,0.026350107043981552,-0.04553134739398956
;-84.9886703491211;-0.00000614452937952592,8.317135424817934e-9,-0.0025643876288086176,-0.0025878208689391613;1.6832985005876822e-10,0.21723532676696777,0.003299982286989689,-0.32796943187713623;0.26223570108413696,-0.12623971700668335,0.026338675990700722,-0.04553160071372986
;-84.98957061767578;-0.000006144659437268274,8.3091808988911e-9,-0.0025655729696154594,-0.00257714930921793;1.6816932568719523e-10,0.2172323316335678,0.003283820813521743,-0.3277786374092102;0.26206880807876587,-0.12624461948871613,0.026327239349484444,-0.045531854033470154
;-84.99047088623047;-0.00000614477039562189,8.301229037499525e-9,-0.002566757146269083,-0.0025665259454399347;1.6800885682677347e-10,0.21722939610481262,0.0032677350100129843,-0.3275878429412842;0.26190197467803955,-0.1262495070695877,0.026315802708268166,-0.04553211107850075
;-84.99137115478516;-0.000006144870894786436,8.293282505178468e-9,-0.002567939693108201,-0.0025559498462826014;1.6784863776653225e-10,0.21722641587257385,0.0032517253421247005,-0.32741662859916687;0.2617349624633789,-0.12625396251678467,0.026305507868528366,-0.045532360672950745
;-84.99227142333984;-0.00000614497048445628,8.28533774921425e-9,-0.002569120144471526,-0.0025454210117459297;1.6768825217283734e-10,0.21722345054149628,0.0032357904128730297,-0.3272649347782135;0.26156795024871826,-0.1262580007314682,0.026296354830265045,-0.04553261399269104
;-84.99315643310547;-0.000006145087354525458,8.277453389382572e-9,-0.002570299431681633,-0.0025349389761686325;1.6752928211349882e-10,0.2172205150127411,0.00321995303966105,-0.32711321115493774;0.2614023685455322,-0.12626202404499054,0.026287198066711426,-0.045532867312431335
;-84.9940414428711;-0.000006145215593278408,8.269631202040273e-9,-0.00257147871889174,-0.002524502342566848;1.673717137107289e-10,0.2172175794839859,0.0032042120583355427,-0.3269614577293396;0.26123806834220886,-0.12626604735851288,0.026278043165802956,-0.045533113181591034
;-84.99491882324219;-0.000006145333372842288,8.261812567411653e-9,-0.0025726573076099157,-0.0025141125079244375;1.672141869413224e-10,0.2172146588563919,0.0031885451171547174,-0.3267901539802551;0.2610737383365631,-0.12627050280570984,0.02626773901283741,-0.04553336277604103
;-84.99578857421875;-0.000006145509814814432,8.254112060512853e-9,-0.002573836361989379,-0.002503767143934965;1.6705943572947746e-10,0.21721185743808746,0.003172994591295719,-0.32661867141723633;0.2609121799468994,-0.1262749582529068,0.026257432997226715,-0.04553360864520073
;-84.99665832519531;-0.000006145677616586909,8.246415994506151e-9,-0.002575014950707555,-0.002493467880412936;1.6690472615099594e-10,0.21720899641513824,0.0031575169414281845,-0.3264473080635071;0.2607506215572357,-0.12627941370010376,0.026247123256325722,-0.04553385451436043
;-84.99752807617188;-0.000006145825409475947,8.238725257569968e-9,-0.002576192608103156,-0.0024832147173583508;1.6675007208366566e-10,0.21720613539218903,0.0031421117018908262,-0.32627585530281067;0.26058897376060486,-0.12628386914730072,0.026236815378069878,-0.04553409665822983
;-84.99839782714844;-0.000006145970019133529,8.231039849704302e-9,-0.00257736979983747,-0.002473008120432496;1.6659543189412318e-10,0.21720324456691742,0.003126778407022357,-0.3261044919490814;0.2604272961616516,-0.12628832459449768,0.026226501911878586,-0.04553433880209923
;-84.999267578125;-0.000006146097803139128,8.223358882730736e-9,-0.0025785446632653475,-0.0024628466926515102;1.6644086109351974e-10,0.2172004133462906,0.003111517522484064,-0.3259134590625763;0.260265588760376,-0.12629322707653046,0.026215041056275368,-0.045534584671258926
;-85.00013732910156;-0.000006146226496639429,8.215682356649268e-9,-0.0025797190610319376,-0.0024527308996766806;1.6628630417070411e-10,0.21719753742218018,0.0030963283497840166,-0.32572245597839355;0.2601037919521332,-0.12629812955856323,0.02620357647538185,-0.045534830540418625
;-85.00100708007812;-0.000006146344276203308,8.208010271459898e-9,-0.002580891828984022,-0.002442660741508007;1.6613183051461533e-10,0.21719469130039215,0.003081210656091571,-0.32555103302001953;0.2599419355392456,-0.1263025999069214,0.02619325742125511,-0.04553507640957832
;-85.00187683105469;-0.0000061464434111258015,8.200341738984207e-9,-0.002582061802968383,-0.002432635286822915;1.6597735685852655e-10,0.21719181537628174,0.003066164208576083,-0.3253600001335144;0.25978004932403564,-0.12630750238895416,0.026181789115071297,-0.04553531855344772
;-85.00273895263672;-0.000006146542546048295,8.192677647400615e-9,-0.0025832306127995253,-0.0024226552341133356;1.658229248358012e-10,0.2171889841556549,0.0030511883087456226,-0.3252081274986267;0.2596181333065033,-0.1263115406036377,0.026172613725066185,-0.04553556069731712
;-85.00360107421875;-0.000006146653504401911,8.185074840127982e-9,-0.002584398491308093,-0.0024127187207341194;1.6566992222522003e-10,0.21718613803386688,0.0030363029800355434,-0.3250366151332855;0.2594575583934784,-0.12631599605083466,0.02616228722035885,-0.04553580656647682
;-85.00445556640625;-0.000006146794021333335,8.177531540809468e-9,-0.00258556567132473,-0.0024028250481933355;1.6551830739341966e-10,0.21718332171440125,0.003021508688107133,-0.32486510276794434;0.2592983841896057,-0.1263204663991928,0.026151956990361214,-0.04553604498505592
;-85.00531005859375;-0.00000614690952716046,8.169994458739893e-9,-0.002586732152849436,-0.002392975613474846;1.653667203171949e-10,0.21718049049377441,0.003006784711033106,-0.32467395067214966;0.25913918018341064,-0.12632536888122559,0.026140477508306503,-0.045536287128925323
;-85.00616455078125;-0.000006147029125713743,8.162461817562416e-9,-0.002587897703051567,-0.002383170649409294;1.6521520262990919e-10,0.21717773377895355,0.002992129186168313,-0.32450243830680847;0.258979856967926,-0.12632983922958374,0.026130149140954018,-0.045536525547504425
;-85.00701904296875;-0.000006147138719825307,8.154933617277038e-9,-0.0025890623219311237,-0.0023734099231660366;1.6506349065359416e-10,0.21717490255832672,0.0029775425791740417,-0.32435041666030884;0.2588205635547638,-0.12633386254310608,0.02612096257507801,-0.04553676396608353
;-85.00787353515625;-0.000006147226486064028,8.147408969705339e-9,-0.002590224612504244,-0.0023636925034224987;1.6491204235524748e-10,0.21717210114002228,0.0029630244243890047,-0.3241593539714813;0.2586611807346344,-0.12633877992630005,0.026109475642442703,-0.045537009835243225
;-85.00872802734375;-0.0000061473165260395035,8.139889651204157e-9,-0.0025913864374160767,-0.002354018623009324;1.6476062181247642e-10,0.21716924011707306,0.0029485742561519146,-0.32400739192962646;0.2585017681121826,-0.1263428032398224,0.02610028348863125,-0.04553724825382233
;-85.00956726074219;-0.000006147423846414313,8.132430728835516e-9,-0.0025925463996827602,-0.002344386884942651;1.6461058904848613e-10,0.21716643869876862,0.002934212563559413,-0.3238357603549957;0.25834372639656067,-0.12634728848934174,0.026089945808053017,-0.04553748667240143
;-85.01041412353516;-0.000006147527983557666,8.124976247358973e-9,-0.002593705663457513,-0.00233479798771441;1.644606395512227e-10,0.21716362237930298,0.002919918391853571,-0.323664128780365;0.25818565487861633,-0.1263517588376999,0.02607959881424904,-0.04553772509098053
;-85.0112533569336;-0.00000614763803241658,8.117583050193389e-9,-0.002594863995909691,-0.0023252516984939575;1.6431205007716443e-10,0.21716085076332092,0.002905711065977812,-0.32351210713386536;0.25802892446517944,-0.12635579705238342,0.026070402935147285,-0.04553796350955963
;-85.01209259033203;-0.000006147747171780793,8.110195182098323e-9,-0.002596022095531225,-0.0023157475516200066;1.6416350223646958e-10,0.2171580195426941,0.0028915703296661377,-0.32336002588272095;0.25787219405174255,-0.12635982036590576,0.02606120891869068,-0.04553820192813873
;-85.01292419433594;-0.0000061478490351873916,8.102810866716936e-9,-0.0025971787981688976,-0.002306286245584488;1.6401499602913816e-10,0.21715526282787323,0.0028774957172572613,-0.32320794463157654;0.2577153742313385,-0.1263638436794281,0.02605200745165348,-0.045538436621427536
;-85.01374816894531;-0.000006148001830297289,8.09554556724379e-9,-0.0025983357336372137,-0.0022968642879277468;1.6386904333476338e-10,0.21715252101421356,0.00286352657712996,-0.32305577397346497;0.2575613558292389,-0.12636788189411163,0.02604280598461628,-0.04553867131471634
;-85.01457214355469;-0.000006148140982986661,8.08828470866274e-9,-0.00259949266910553,-0.0022874854039400816;1.6372332656278132e-10,0.2171497941017151,0.002849623328074813,-0.32288405299186707;0.2574073076248169,-0.1263723522424698,0.026032449677586555,-0.045538902282714844
;-85.01539611816406;-0.000006148271950223716,8.08102917915221e-9,-0.0026006486732512712,-0.0022781474981456995;1.635776653019505e-10,0.21714703738689423,0.002835784573107958,-0.3227318525314331;0.2572532594203949,-0.12637637555599213,0.026023246347904205,-0.04553913697600365
;-85.01622009277344;-0.000006148395186755806,8.073778090533779e-9,-0.002601802349090576,-0.0022688517346978188;1.634320317966953e-10,0.21714431047439575,0.0028220112435519695,-0.32257968187332153;0.25709912180900574,-0.12638041377067566,0.026014041155576706,-0.04553937166929245
;-85.01702880859375;-0.000006148531156213721,8.066588286226306e-9,-0.0026029564905911684,-0.002259596483781934;1.6328756402561595e-10,0.21714158356189728,0.0028083217330276966,-0.3224274516105652;0.2569463849067688,-0.126384437084198,0.02600483037531376,-0.045539602637290955
;-85.01783752441406;-0.00000614868940829183,8.059460654408213e-9,-0.002604110399261117,-0.0022503810469061136;1.631447060779223e-10,0.21713893115520477,0.0027947155758738518,-0.32227519154548645;0.2567950189113617,-0.12638846039772034,0.02599562145769596,-0.04553982615470886
;-85.01864624023438;-0.000006148845386633184,8.052338351660637e-9,-0.0026052631437778473,-0.00224120682105422;1.630019036413799e-10,0.21713624894618988,0.0027811729814857244,-0.3221229314804077;0.2566435933113098,-0.12639248371124268,0.025986408814787865,-0.04554005712270737
;-85.01945495605469;-0.000006148987722554011,8.04522137798358e-9,-0.002606415655463934,-0.0022320726420730352;1.628591150826253e-10,0.21713358163833618,0.0027676934842020273,-0.321970671415329;0.25649213790893555,-0.12639650702476501,0.02597719617187977,-0.04554028436541557
;-85.02024841308594;-0.000006149158252810594,8.038166576795902e-9,-0.0026075674686580896,-0.002222977811470628;1.6271750613583436e-10,0.21713091433048248,0.0027542966417968273,-0.3218182921409607;0.2563420832157135,-0.12640053033828735,0.025967981666326523,-0.04554050788283348
;-85.02104187011719;-0.000006149340606498299,8.031173948097603e-9,-0.002608719514682889,-0.0022139232605695724;1.6257752089021693e-10,0.21712827682495117,0.00274098152294755,-0.32166600227355957;0.2561933994293213,-0.1264045685529709,0.02595876343548298,-0.04554073512554169
;-85.02183532714844;-0.000006149512500996934,8.024185760291402e-9,-0.0026098708622157574,-0.002204909222200513;1.6243754952238731e-10,0.21712563931941986,0.0027277281042188406,-0.32151368260383606;0.2560446858406067,-0.12640857696533203,0.025949543341994286,-0.045540958642959595
;-85.02262878417969;-0.000006149678029032657,8.01720467791256e-9,-0.002611021511256695,-0.0021959354635328054;1.622973977433162e-10,0.21712301671504974,0.0027145373169332743,-0.3213612735271454;0.2558959424495697,-0.12641261518001556,0.02594032511115074,-0.0455411821603775
;-85.0234146118164;-0.000006149832643131958,8.010228036425815e-9,-0.0026121712289750576,-0.00218700198456645;1.6215749576442562e-10,0.2171204388141632,0.002701407764106989,-0.3212089240550995;0.25574710965156555,-0.1264166235923767,0.0259311031550169,-0.04554140567779541
;-85.0241928100586;-0.000006150046829134226,8.00336952266889e-9,-0.002613320015370846,-0.0021781057585030794;1.6202011954291606e-10,0.21711783111095428,0.0026883778627961874,-0.3210564851760864;0.255601167678833,-0.12642064690589905,0.02592187561094761,-0.04554162546992302
;-85.02497100830078;-0.000006150242825242458,7.996516337982484e-9,-0.0026144685689359903,-0.002169249812141061;1.6188299312158705e-10,0.21711526811122894,0.0026754082646220922,-0.3209039866924286;0.2554551362991333,-0.1264246702194214,0.025912651792168617,-0.04554184526205063
;-85.02574920654297;-0.000006150427907414269,7.989669370545016e-9,-0.0026156168896704912,-0.002160432981327176;1.6174592221140927e-10,0.2171127051115036,0.002662499202415347,-0.32075148820877075;0.2553090751171112,-0.12642869353294373,0.025903426110744476,-0.04554206132888794
;-85.02652740478516;-0.000006150614353828132,7.982827732178066e-9,-0.002616764511913061,-0.002151655498892069;1.6160864313441436e-10,0.21711012721061707,0.0026496502105146646,-0.3205990791320801;0.2551630437374115,-0.12643271684646606,0.025894194841384888,-0.04554228484630585
;-85.02730560302734;-0.000006150784429337364,7.975991422881634e-9,-0.0026179098058491945,-0.002142917364835739;1.614715999798122e-10,0.21710754930973053,0.0026368610560894012,-0.32044658064842224;0.25501683354377747,-0.1264367401599884,0.025884967297315598,-0.045542504638433456
;-85.028076171875;-0.000006150939952931367,7.96916044265572e-9,-0.0026190548669546843,-0.0021342181134968996;1.6133439029175634e-10,0.21710500121116638,0.002624131739139557,-0.3202941417694092;0.2548706531524658,-0.12644077837467194,0.02587573230266571,-0.04554272070527077
;-85.02883911132812;-0.000006151148681965424,7.962447590159627e-9,-0.002620199229568243,-0.0021255556493997574;1.6120013657250354e-10,0.21710242331027985,0.0026114985812455416,-0.32014158368110657;0.2547273337841034,-0.12644478678703308,0.025866497308015823,-0.04554293677210808
;-85.02960205078125;-0.000006151360594230937,7.955739178555632e-9,-0.002621343359351158,-0.0021169313695281744;1.6106568856422143e-10,0.21709993481636047,0.002598924096673727,-0.31998899579048157;0.2545839548110962,-0.12644881010055542,0.025857262313365936,-0.04554315656423569
;-85.03036499023438;-0.0000061515502238762565,7.949036984200575e-9,-0.0026224860921502113,-0.002108345739543438;1.6093149035611987e-10,0.21709740161895752,0.0025864082854241133,-0.31983640789985657;0.2544405460357666,-0.12645283341407776,0.0258480254560709,-0.0455433689057827
;-85.0311279296875;-0.000006151743491500383,7.942340118916036e-9,-0.002623628592118621,-0.0020997989922761917;1.607971256145646e-10,0.21709486842155457,0.002573951380327344,-0.31968390941619873;0.2542971074581146,-0.1264568567276001,0.025838783010840416,-0.04554358497262001
;-85.03189086914062;-0.000006151915385999018,7.935648582702015e-9,-0.002624769462272525,-0.0020912899635732174;1.6066299679540208e-10,0.217092365026474,0.0025615524500608444,-0.31953132152557373;0.25415360927581787,-0.12646088004112244,0.02582954242825508,-0.04554379731416702
;-85.03265380859375;-0.000006152077730803285,7.928960599201673e-9,-0.002625908935442567,-0.0020828191190958023;1.6052868756499805e-10,0.21708986163139343,0.0025492107961326838,-0.31937873363494873;0.25401005148887634,-0.12646491825580597,0.025820299983024597,-0.045544013381004333
;-85.03341674804688;-0.0000061522432588390075,7.922278832950269e-9,-0.0026270467787981033,-0.002074386226013303;1.6039460037919895e-10,0.2170872986316681,0.0025369266513735056,-0.31922614574432373;0.2538664638996124,-0.1264689415693283,0.025811053812503815,-0.045544225722551346
;-85.03416442871094;-0.000006152422429295257,7.915657462831405e-9,-0.002628183690831065,-0.0020659894216805696;1.6026170668315132e-10,0.2170848250389099,0.002524718176573515,-0.31907352805137634;0.2537243068218231,-0.12647296488285065,0.025801805779337883,-0.04554444178938866
;-85.034912109375;-0.0000061526156969193835,7.9090973770235e-9,-0.0026293203700333834,-0.002057629404589534;1.6013039505491378e-10,0.21708233654499054,0.0025125842075794935,-0.31892091035842896;0.25358349084854126,-0.12647698819637299,0.0257925596088171,-0.04554465040564537
;-85.03565979003906;-0.000006152815331006423,7.902541732107693e-9,-0.002630456816405058,-0.0020493061747401953;1.5999890301543473e-10,0.21707989275455475,0.0025005063507705927,-0.3187682032585144;0.2534426748752594,-0.12648101150989532,0.02578330785036087,-0.04554486274719238
;-85.03640747070312;-0.00000615299359196797,7.895992304440824e-9,-0.002631592098623514,-0.002041020430624485;1.5986745260931912e-10,0.21707740426063538,0.002488485537469387,-0.31861555576324463;0.25330185890197754,-0.12648503482341766,0.02577405609190464,-0.0455450713634491
;-85.03715515136719;-0.00000615317321717157,7.889447317666054e-9,-0.0026327266823500395,-0.0020327717065811157;1.5973622424780842e-10,0.2170749455690384,0.0024765203706920147,-0.3184628486633301;0.25316089391708374,-0.1264890730381012,0.02576480433344841,-0.04554528370499611
;-85.03790283203125;-0.000006153333742986433,7.882907659961802e-9,-0.002633859636262059,-0.0020245595369488;1.5960481547505623e-10,0.2170724868774414,0.002464611316099763,-0.3183102011680603;0.2530200183391571,-0.12649311125278473,0.02575554884970188,-0.04554549232125282
;-85.03865051269531;-0.000006153499271022156,7.876371554971229e-9,-0.002634990494698286,-0.0020163841545581818;1.5947367038027238e-10,0.21706999838352203,0.0024527572095394135,-0.31815746426582336;0.2528790533542633,-0.12649713456630707,0.025746289640665054,-0.045545704662799835
;-85.03939819335938;-0.000006153641606942983,7.869840779051174e-9,-0.0026361208874732256,-0.0020082455594092607;1.593423032408836e-10,0.21706756949424744,0.0024409587495028973,-0.3180048167705536;0.2527380585670471,-0.1265011578798294,0.025737034156918526,-0.04554591700434685
;-85.04013061523438;-0.000006153810772957513,7.863368622906819e-9,-0.002637248719111085,-0.002000141656026244;1.5921255980266835e-10,0.21706515550613403,0.0024292326997965574,-0.31787165999412537;0.25259843468666077,-0.12650474905967712,0.025728929787874222,-0.04554612562060356
;-85.04086303710938;-0.000006154006769065745,7.856958639251843e-9,-0.0026383777149021626,-0.0019920726772397757;1.5908396822084114e-10,0.21706271171569824,0.0024175785947591066,-0.31771889328956604;0.252460241317749,-0.12650877237319946,0.025719666853547096,-0.04554632678627968
;-85.04159545898438;-0.000006154181392048486,7.850553984667386e-9,-0.0026395057793706656,-0.001984040020033717;1.5895543215016517e-10,0.21706031262874603,0.00240597827360034,-0.3175661265850067;0.2523220181465149,-0.126512810587883,0.02571040391921997,-0.04554653540253639
;-85.04232788085938;-0.000006154362381494138,7.844152882796607e-9,-0.0026406333781778812,-0.0019760429859161377;1.588271042463063e-10,0.21705788373947144,0.0023944322019815445,-0.3174133598804474;0.25218379497528076,-0.12651683390140533,0.025701137259602547,-0.045546744018793106
;-85.04306030273438;-0.000006154519269330194,7.837757109996346e-9,-0.0026417591143399477,-0.0019680813420563936;1.5869859593120594e-10,0.21705543994903564,0.0023829396814107895,-0.31726059317588806;0.2520454227924347,-0.12652085721492767,0.025691868737339973,-0.04554694890975952
;-85.04379272460938;-0.00000615468115938711,7.831365778088184e-9,-0.002642884152010083,-0.001960155088454485;1.5857014312725681e-10,0.21705302596092224,0.0023715004790574312,-0.31710782647132874;0.2519071102142334,-0.1265248954296112,0.02568260207772255,-0.04554715380072594
;-85.04452514648438;-0.000006154833499749657,7.82497888707212e-9,-0.0026440077926963568,-0.0019522645743563771;1.584418984901248e-10,0.21705062687397003,0.0023601152934134007,-0.31697455048561096;0.25176870822906494,-0.12652848660945892,0.02567449025809765,-0.04554735869169235
;-85.04525756835938;-0.000006154969469207572,7.818594660591316e-9,-0.0026451293379068375,-0.0019444093341007829;1.583134873195391e-10,0.21704818308353424,0.002348782494664192,-0.31682178378105164;0.25163033604621887,-0.12653252482414246,0.025665216147899628,-0.045547567307949066
;-85.04598999023438;-0.000006155105438665487,7.81221576318103e-9,-0.0026462494861334562,-0.0019365889020264149;1.581850900267412e-10,0.21704579889774323,0.0023375030141323805,-0.3166690170764923;0.25149187445640564,-0.126536563038826,0.025655942037701607,-0.04554777219891548
;-85.04671478271484;-0.000006155221399239963,7.805840418484422e-9,-0.002647368237376213,-0.0019288028124719858;1.5805694253412383e-10,0.21704335510730743,0.002326275920495391,-0.3165357708930969;0.2513534128665924,-0.1265401542186737,0.025647824630141258,-0.0455479770898819
;-85.04743194580078;-0.000006155400114948861,7.799581425160795e-9,-0.0026484865229576826,-0.0019210494356229901;1.579313207988875e-10,0.2170410305261612,0.0023151342757046223,-0.31638288497924805;0.2512177526950836,-0.12654419243335724,0.025638550519943237,-0.045548178255558014
;-85.04814910888672;-0.000006155570190458093,7.793325984550847e-9,-0.0026496045757085085,-0.0019133312162011862;1.5780571294143897e-10,0.21703863143920898,0.002304044784978032,-0.31622999906539917;0.25108209252357483,-0.12654821574687958,0.02562926895916462,-0.04554837942123413
;-85.04886627197266;-0.0000061557316257676575,7.787075873011418e-9,-0.0026507223956286907,-0.0019056465243920684;1.5768032712859537e-10,0.21703630685806274,0.0022930067498236895,-0.3160771429538727;0.25094640254974365,-0.1265522539615631,0.02561998926103115,-0.045548584312200546
;-85.0495834350586;-0.000006155873506941134,7.780829314185667e-9,-0.002651838818565011,-0.0018979962915182114;1.5755477478229807e-10,0.21703390777111053,0.002282019704580307,-0.3159242272377014;0.2508106231689453,-0.12655629217624664,0.025610703974962234,-0.04554878547787666
;-85.05030059814453;-0.000006156019026093418,7.774587196252014e-9,-0.002652954077348113,-0.0018903801683336496;1.5742923631378858e-10,0.2170315682888031,0.002271084114909172,-0.31577134132385254;0.25067490339279175,-0.12656033039093018,0.025601422414183617,-0.04554898664355278
;-85.05101776123047;-0.000006156155905046035,7.76834863103204e-9,-0.002654067939147353,-0.0018827976891770959;1.5730396152324744e-10,0.21702921390533447,0.0022601995151489973,-0.31561845541000366;0.250539094209671,-0.1265643686056137,0.02559213526546955,-0.0455491878092289
;-85.0517349243164;-0.000006156275503599318,7.762113618525746e-9,-0.0026551797054708004,-0.0018752487376332283;1.5717847856588918e-10,0.21702681481838226,0.0022493654396384954,-0.3154655396938324;0.2504032254219055,-0.12656842172145844,0.025582846254110336,-0.045549388974905014
;-85.05245208740234;-0.0000061563969211420044,7.755883046911549e-9,-0.0026562903076410294,-0.001867733197286725;1.5705303724189434e-10,0.21702447533607483,0.0022385818883776665,-0.3153126835823059;0.25026735663414,-0.12657245993614197,0.02557355724275112,-0.04554959386587143
;-85.05316925048828;-0.000006156509243737673,7.749656028011032e-9,-0.00265739974565804,-0.0018602513009682298;1.5692762367347513e-10,0.2170221507549286,0.002227848395705223,-0.3151989281177521;0.2501314580440521,-0.12657558917999268,0.02556658908724785,-0.04554979130625725
;-85.05388641357422;-0.000006156614290375728,7.743431673645773e-9,-0.002658507786691189,-0.0018528024666011333;1.5680243214966083e-10,0.21701976656913757,0.0022171654272824526,-0.3150655925273895;0.24999551475048065,-0.1265791952610016,0.025558458641171455,-0.04554999619722366
;-85.05459594726562;-0.000006156700237625046,7.737209983815774e-9,-0.0026596139650791883,-0.0018453869270160794;1.5667710184796846e-10,0.21701736748218536,0.002206532284617424,-0.314932256937027;0.24985955655574799,-0.1265827864408493,0.025550324469804764,-0.04555020108819008
;-85.0552978515625;-0.00000615685121374554,7.731105533537175e-9,-0.0026607199106365442,-0.0018380021210759878;1.5655443608153519e-10,0.2170150876045227,0.0021959803998470306,-0.31481844186782837;0.24972639977931976,-0.1265859156847,0.02554335445165634,-0.0455503948032856
;-85.05599975585938;-0.000006156987637950806,7.725004635972255e-9,-0.002661825157701969,-0.0018306506099179387;1.5643179807067753e-10,0.21701279282569885,0.0021854774095118046,-0.31466540694236755;0.24959325790405273,-0.12658995389938354,0.02553405612707138,-0.04555059224367142
;-85.05670166015625;-0.000006157120878924616,7.718908179299433e-9,-0.0026629306375980377,-0.0018233314622193575;1.5630942373778822e-10,0.2170104682445526,0.002175023080781102,-0.3145124018192291;0.24946007132530212,-0.12659400701522827,0.02552475780248642,-0.045550789684057236
;-85.05740356445312;-0.0000061572418417199515,7.71281438716187e-9,-0.0026640337891876698,-0.0018160446779802442;1.561868412380818e-10,0.21700815856456757,0.00216461718082428,-0.3143594264984131;0.24932684004306793,-0.126598060131073,0.02551545761525631,-0.045550987124443054
;-85.05810546875;-0.000006157344614621252,7.706725035916406e-9,-0.002665136707946658,-0.0018087901407852769;1.560643003717388e-10,0.2170058786869049,0.0021542601753026247,-0.31420639157295227;0.24919360876083374,-0.12660209834575653,0.02550615556538105,-0.045551180839538574
;-85.05880737304688;-0.00000615745648246957,7.700638349206201e-9,-0.0026662377640604973,-0.0018015673849731684;1.559417595053958e-10,0.21700350940227509,0.0021439509000629187,-0.3140534460544586;0.24906033277511597,-0.12660615146160126,0.025496849790215492,-0.04555138200521469
;-85.05950927734375;-0.000006157554707897361,7.694556103388095e-9,-0.0026673374231904745,-0.0017943772254511714;1.5581948231702114e-10,0.21700124442577362,0.0021336902864277363,-0.3139003813266754;0.24892699718475342,-0.12661020457744598,0.025487542152404785,-0.04555157572031021
;-85.06021118164062;-0.0000061576465668622404,7.688476522105248e-9,-0.002668436150997877,-0.0017872195458039641;1.5569701083961718e-10,0.21699891984462738,0.0021234771702438593,-0.313747376203537;0.24879364669322968,-0.12661424279212952,0.025478236377239227,-0.04555177688598633
;-85.0609130859375;-0.000006157729785627453,7.682400493536079e-9,-0.002669532783329487,-0.0017800929490476847;1.5557456711778883e-10,0.21699661016464233,0.0021133115515112877,-0.31359440088272095;0.24866026639938354,-0.12661831080913544,0.02546892687678337,-0.04555197432637215
;-85.06161499023438;-0.000006157796178740682,7.67632712950217e-9,-0.002670628484338522,-0.0017729976680129766;1.554521650293239e-10,0.21699431538581848,0.0021031934302300215,-0.31344133615493774;0.24852687120437622,-0.12662236392498016,0.025459613651037216,-0.04555216804146767
;-85.06231689453125;-0.000006157866209832719,7.67025643000352e-9,-0.0026717218570411205,-0.0017659341683611274;1.553297768186468e-10,0.21699200570583344,0.0020931223407387733,-0.3132883608341217;0.24839340150356293,-0.1266264170408249,0.02545030228793621,-0.045552369207143784
;-85.06301879882812;-0.00000615792851021979,7.664190171396967e-9,-0.0026728142984211445,-0.0017589019844308496;1.552076245303624e-10,0.216989666223526,0.002083098515868187,-0.3131353259086609;0.24825990200042725,-0.12663047015666962,0.025440987199544907,-0.045552562922239304
;-85.063720703125;-0.000006157983534649247,7.658125689147255e-9,-0.002673905109986663,-0.0017519009998068213;1.5508529183083652e-10,0.21698737144470215,0.0020731210242956877,-0.3129822909832001;0.24812643229961395,-0.12663453817367554,0.025431668385863304,-0.04555276036262512
;-85.06442260742188;-0.000006158028099889634,7.652062983254382e-9,-0.002674993360415101,-0.0017449307488277555;1.5496298688688626e-10,0.2169850766658783,0.002063190331682563,-0.31282925605773926;0.24799281358718872,-0.12663860619068146,0.02542235143482685,-0.04555296152830124
;-85.06512451171875;-0.0000061580667534144595,7.646004718253607e-9,-0.002676081145182252,-0.0017379913479089737;1.548406958207238e-10,0.21698276698589325,0.002053305972367525,-0.31267625093460083;0.24785925447940826,-0.12664267420768738,0.0254130307585001,-0.04555315524339676
;-85.06582641601562;-0.000006158089490782004,7.639948229609672e-9,-0.0026771670673042536,-0.0017310826806351542;1.5471844638792476e-10,0.2169804573059082,0.002043467480689287,-0.3125231862068176;0.24772565066814423,-0.1266467273235321,0.025403708219528198,-0.045553356409072876
;-85.0665283203125;-0.000006158111318654846,7.633895293679416e-9,-0.002678251825273037,-0.001724204863421619;1.5459643287751845e-10,0.21697817742824554,0.0020336750894784927,-0.3123701214790344;0.24759197235107422,-0.12665079534053802,0.025394385680556297,-0.045553553849458694
;-85.06723022460938;-0.0000061581308727909345,7.627843245927579e-9,-0.002679334254935384,-0.0017173571977764368;1.5447423895587065e-10,0.2169758379459381,0.002023928565904498,-0.312217116355896;0.24745827913284302,-0.12665486335754395,0.025385059416294098,-0.045553747564554214
;-85.06793212890625;-0.000006158138148748549,7.621794750889421e-9,-0.0026804155204445124,-0.0017105401493608952;1.5435203115643503e-10,0.21697354316711426,0.002014227444306016,-0.3120640218257904;0.247324600815773,-0.12665893137454987,0.0253757331520319,-0.04555394873023033
;-85.06863403320312;-0.000006158139967737952,7.615748920386523e-9,-0.002681495388969779,-0.0017037526704370975;1.5422990662372627e-10,0.2169712483882904,0.0020045714918524027,-0.3119109869003296;0.24719084799289703,-0.12666301429271698,0.02536640502512455,-0.04555414244532585
;-85.0693359375;-0.000006158134056022391,7.609704866240463e-9,-0.0026825731620192528,-0.0016969958087429404;1.5410800413562242e-10,0.21696892380714417,0.0019949607085436583,-0.31175798177719116;0.24705708026885986,-0.1266670823097229,0.025357073172926903,-0.04555433988571167
;-85.07003784179688;-0.000006158108590170741,7.603662588451243e-9,-0.0026836502365767956,-0.0016902688657864928;1.5398589348070146e-10,0.21696661412715912,0.001985394861549139,-0.31160491704940796;0.24692323803901672,-0.12667116522789001,0.025347739458084106,-0.04555453732609749
;-85.07073974609375;-0.000006158093583508162,7.597623863375702e-9,-0.002684724749997258,-0.0016835713759064674;1.5386382445914393e-10,0.21696428954601288,0.0019758737180382013,-0.31145191192626953;0.24678939580917358,-0.12667523324489594,0.02533840574324131,-0.04555473476648331
;-85.07144165039062;-0.000006158063570183003,7.59158602647858e-9,-0.0026857980992645025,-0.001676903455518186;1.537417693153742e-10,0.21696199476718903,0.0019663965795189142,-0.31129878759384155;0.24665549397468567,-0.12667931616306305,0.025329070165753365,-0.04555492848157883
;-85.0721435546875;-0.000006158029464131687,7.585551742295138e-9,-0.0026868702843785286,-0.0016702651046216488;1.536197696827557e-10,0.21695968508720398,0.0019569643773138523,-0.31114569306373596;0.24652159214019775,-0.12668339908123016,0.02531973086297512,-0.045555129647254944
;-85.07284545898438;-0.000006157986263133353,7.579518346290115e-9,-0.0026879410725086927,-0.0016636564396321774;1.5349797821695432e-10,0.21695736050605774,0.0019475760636851192,-0.31099268794059753;0.24638761579990387,-0.12668748199939728,0.025310393422842026,-0.04555532708764076
;-85.07354736328125;-0.000006157925781735685,7.573486726641931e-9,-0.0026890099979937077,-0.0016570765292271972;1.5337602021769925e-10,0.2169550508260727,0.001938231522217393,-0.31083962321281433;0.2462536245584488,-0.1266915649175644,0.025301050394773483,-0.04555552452802658
;-85.07424926757812;-0.000006157872576295631,7.567457771529007e-9,-0.0026900770608335733,-0.0016505253734067082;1.532540899740198e-10,0.21695275604724884,0.0019289307529106736,-0.31068652868270874;0.24611960351467133,-0.1266956478357315,0.02529170736670494,-0.0455557219684124
;-85.074951171875;-0.000006157807092677103,7.561430592772922e-9,-0.002691143425181508,-0.0016440034378319979;1.5313217360812814e-10,0.2169504463672638,0.0019196736393496394,-0.31053343415260315;0.24598556756973267,-0.12669974565505981,0.0252823643386364,-0.04555591568350792
;-85.07565307617188;-0.0000061577384258271195,7.555405190373676e-9,-0.0026922067627310753,-0.0016375104896724224;1.5301050704241703e-10,0.21694812178611755,0.0019104594830423594,-0.31038033962249756;0.24585150182247162,-0.12670382857322693,0.025273015722632408,-0.045556116849184036
;-85.07635498046875;-0.000006157660664030118,7.54938156433127e-9,-0.002693269867449999,-0.00163104641251266;1.5288864618767661e-10,0.2169458270072937,0.0019012884004041553,-0.31022727489471436;0.2457173764705658,-0.12670791149139404,0.025263668969273567,-0.045556314289569855
;-85.07705688476562;-0.000006157577900012257,7.543360602824123e-9,-0.002694331109523773,-0.0016246108571067452;1.5276682696629962e-10,0.21694351732730865,0.0018921601586043835,-0.31007421016693115;0.2455831915140152,-0.12671200931072235,0.025254318490624428,-0.04555651172995567
;-85.0777587890625;-0.000006157475127110956,7.537340529495395e-9,-0.002695390721783042,-0.0016182034742087126;1.5264500774492262e-10,0.216941237449646,0.0018830746412277222,-0.30992111563682556;0.24544905126094818,-0.12671610713005066,0.02524496614933014,-0.04555670917034149
;-85.07846069335938;-0.000006157377356430516,7.531323120701927e-9,-0.002696448704227805,-0.0016118241474032402;1.5252324403469686e-10,0.21693886816501617,0.0018740318482741714,-0.3097679913043976;0.24531477689743042,-0.12672020494937897,0.0252356119453907,-0.04555690288543701
;-85.07916259765625;-0.000006157275038276566,7.525307488265298e-9,-0.0026975050568580627,-0.0016054733423516154;1.524016884912882e-10,0.2169366031885147,0.0018650310812518,-0.3096149265766144;0.24518056213855743,-0.12672430276870728,0.025226255878806114,-0.04555710405111313
;-85.07986450195312;-0.0000061571618061861955,7.519293632185509e-9,-0.002698560943827033,-0.0015991500113159418;1.5227996641442587e-10,0.21693424880504608,0.0018560724565759301,-0.3094618022441864;0.24504625797271729,-0.12672840058803558,0.025216899812221527,-0.04555730149149895
;-85.08056640625;-0.000006157042662380263,7.513280664284139e-9,-0.002699614269658923,-0.0015928547363728285;1.5215827209313915e-10,0.21693196892738342,0.0018471560906618834,-0.3093086779117584;0.24491192400455475,-0.1267324984073639,0.02520754002034664,-0.04555749520659447
;-85.08126831054688;-0.00000615691806160612,7.507269472739608e-9,-0.0027006659656763077,-0.0015865874011069536;1.5203660552742804e-10,0.21692968904972076,0.0018382810521870852,-0.3091556131839752;0.24477757513523102,-0.1267366111278534,0.025198178365826607,-0.045557696372270584
;-85.08197021484375;-0.000006156776635179995,7.501260057551917e-9,-0.0027017167303711176,-0.0015803476562723517;1.5191516100632185e-10,0.21692736446857452,0.0018294478068128228,-0.30902209877967834;0.2446431815624237,-0.1267402470111847,0.025189988315105438,-0.045557890087366104
;-85.08267211914062;-0.000006156634754006518,7.495253306899485e-9,-0.0027027653995901346,-0.0015741352690383792;1.5179354995176197e-10,0.21692505478858948,0.001820655888877809,-0.30886900424957275;0.2445087879896164,-0.1267443597316742,0.025180621072649956,-0.04555809125304222
;-85.0833740234375;-0.000006156487870612182,7.489247444425473e-9,-0.002703813137486577,-0.001567950239405036;1.516719388972021e-10,0.21692274510860443,0.0018119050655514002,-0.30871590971946716;0.2443743199110031,-0.1267484575510025,0.02517125941812992,-0.04555828496813774
;-85.08407592773438;-0.000006156337349239038,7.4832433583083e-9,-0.0027048594783991575,-0.0015617922181263566;1.5155039723158126e-10,0.2169204205274582,0.0018031952204182744,-0.3085627555847168;0.24423979222774506,-0.126752570271492,0.02516188845038414,-0.04555848240852356
;-85.08477783203125;-0.000006156177278171526,7.477240160369547e-9,-0.002705903956666589,-0.0015556615544483066;1.5142885556596042e-10,0.21691812574863434,0.0017945260042324662,-0.3084096610546112;0.24410530924797058,-0.1267566829919815,0.02515251748263836,-0.04555867984890938
;-85.08547973632812;-0.000006155998562462628,7.471239626966053e-9,-0.0027069468051195145,-0.0015495578991249204;1.513075498227323e-10,0.2169158160686493,0.0017858975334092975,-0.3082565665245056;0.24397073686122894,-0.126760795712471,0.025143146514892578,-0.0455588772892952
;-85.086181640625;-0.000006155828941700747,7.465239981740979e-9,-0.0027079882565885782,-0.0015434809029102325;1.511860636682627e-10,0.21691352128982544,0.0017773096915334463,-0.30810341238975525;0.2438361495733261,-0.1267649084329605,0.025133775547146797,-0.045559074729681015
;-85.08688354492188;-0.0000061556479522550944,7.459242112872744e-9,-0.0027090287767350674,-0.0015374309150502086;1.510646052693687e-10,0.2169111669063568,0.00176876166369766,-0.30795034766197205;0.2437015175819397,-0.12676902115345,0.02512439899146557,-0.045559272170066833
;-85.08758544921875;-0.000006155460141599178,7.453246020361348e-9,-0.002710066270083189,-0.0015314077027142048;1.5094316074826253e-10,0.21690890192985535,0.001760253682732582,-0.3077971339225769;0.2435668557882309,-0.1267731487751007,0.02511502243578434,-0.04555946961045265
;-85.08828735351562;-0.000006155269147711806,7.447251704206792e-9,-0.0027111039962619543,-0.0015254104509949684;1.5082177173830758e-10,0.2169065624475479,0.0017517859814688563,-0.3076440393924713;0.2434321641921997,-0.1267772614955902,0.02510564588010311,-0.04555967077612877
;-85.0889892578125;-0.00000615507133261417,7.4412587203198655e-9,-0.0027121391613036394,-0.0015194398583844304;1.5070059089516974e-10,0.21690428256988525,0.00174335774499923,-0.30749088525772095;0.24329744279384613,-0.1267813891172409,0.025096263736486435,-0.04555986449122429
;-85.08969116210938;-0.000006154852599138394,7.4352670687005684e-9,-0.00271317339502275,-0.0015134956920519471;1.505792157630026e-10,0.2169019877910614,0.0017349689733237028,-0.30733779072761536;0.24316267669200897,-0.1267855167388916,0.02508688159286976,-0.04556006193161011
;-85.09039306640625;-0.000006154641596367583,7.429276749348901e-9,-0.002714205300435424,-0.0015075777191668749;1.504579100197745e-10,0.21689964830875397,0.0017266195500269532,-0.3071846067905426;0.24302788078784943,-0.1267896443605423,0.025077499449253082,-0.045560259371995926
;-85.09109497070312;-0.0000061544219533971045,7.423288206354073e-9,-0.002715236274525523,-0.0015016855904832482;1.5033660427654638e-10,0.2168973684310913,0.0017183093586936593,-0.3070314824581146;0.2428930401802063,-0.1267937570810318,0.025068113580346107,-0.045560456812381744
;-85.091796875;-0.000006154198217700468,7.417301439716084e-9,-0.0027162660844624043,-0.0014958191895857453;1.50215534455711e-10,0.21689504384994507,0.0017100382829084992,-0.30687832832336426;0.24275816977024078,-0.1267978996038437,0.025058723986148834,-0.04556065797805786
;-85.09249877929688;-0.000006153966751298867,7.411316005345725e-9,-0.0027172937989234924,-0.0014899788657203317;1.5009428422363413e-10,0.21689273416996002,0.0017018055077642202,-0.306744784116745;0.2426232546567917,-0.12680156528949738,0.025050511583685875,-0.04556085169315338
;-85.09320068359375;-0.000006153727554192301,7.405331903242995e-9,-0.002718320582062006,-0.0014841638039797544;1.4997307562492068e-10,0.21689040958881378,0.001693611964583397,-0.30659162998199463;0.2424883395433426,-0.12680569291114807,0.025041118264198303,-0.0455610491335392
;-85.0938949584961;-0.00000615347062193905,7.399349133407895e-9,-0.0027193455025553703,-0.0014783741207793355;1.4985186702620723e-10,0.21688814461231232,0.0016854563727974892,-0.3064776360988617;0.24235334992408752,-0.12680889666080475,0.02503407746553421,-0.04556124284863472
;-85.09459686279297;-0.000006153257800178835,7.393423651080866e-9,-0.0027203697245568037,-0.0014726093504577875;1.4973201845069894e-10,0.21688582003116608,0.0016773517709225416,-0.30632442235946655;0.24221980571746826,-0.12681302428245544,0.02502468228340149,-0.04556144028902054
;-85.09529876708984;-0.000006152999048936181,7.3874448780486546e-9,-0.002721392549574375,-0.0014668708899989724;1.4961108740774165e-10,0.21688351035118103,0.0016692725475877523,-0.3061712980270386;0.24208474159240723,-0.12681716680526733,0.02501528337597847,-0.04556163772940636
;-85.09600067138672;-0.000006152726200525649,7.381466993194863e-9,-0.0027224132791161537,-0.0014611573424190283;1.4948997595354285e-10,0.21688126027584076,0.0016612311592325568,-0.3060181140899658;0.24194972217082977,-0.12682129442691803,0.025005890056490898,-0.04556183144450188
;-85.09668731689453;-0.000006152488822408486,7.375546395849142e-9,-0.002723432844504714,-0.001455468125641346;1.4937021064476141e-10,0.21687893569469452,0.0016532400622963905,-0.3058845102787018;0.24181608855724335,-0.1268249750137329,0.024997662752866745,-0.045562028884887695
;-85.09737396240234;-0.000006152271907922113,7.369683530100701e-9,-0.0027244531083852053,-0.0014498030068352818;1.4925179148139733e-10,0.21687665581703186,0.0016452987911179662,-0.30573123693466187;0.24168384075164795,-0.1268291026353836,0.024988263845443726,-0.045562222599983215
;-85.09806060791016;-0.000006152047262730775,7.36382288479831e-9,-0.0027254726737737656,-0.0014441626844927669;1.4913338619582106e-10,0.21687445044517517,0.0016373945400118828,-0.30557796359062195;0.24155160784721375,-0.1268332451581955,0.024978861212730408,-0.045562416315078735
;-85.09874725341797;-0.000006151817160571227,7.357964904031178e-9,-0.002726491540670395,-0.0014385472750291228;1.490150225436082e-10,0.2168721705675125,0.0016295274253934622,-0.3054247200489044;0.24141936004161835,-0.1268373727798462,0.02496945485472679,-0.04556260630488396
;-85.09943389892578;-0.00000615156750427559,7.352108255531675e-9,-0.0027275087777525187,-0.0014329565456137061;1.488968948137881e-10,0.21686992049217224,0.001621697098016739,-0.3052714765071869;0.24128703773021698,-0.12684151530265808,0.024960048496723175,-0.045562803745269775
;-85.1001205444336;-0.000006151324669190217,7.346254271567432e-9,-0.0027285257820039988,-0.001427390263415873;1.4877857279493867e-10,0.21686764061450958,0.0016139029758051038,-0.30511823296546936;0.241154745221138,-0.12684565782546997,0.02495064213871956,-0.045562997460365295
;-85.10082244873047;-0.000006151050911284983,7.340346552808796e-9,-0.002729539992287755,-0.0014218492433428764;1.486589462640353e-10,0.2168654054403305,0.0016061337664723396,-0.30496498942375183;0.24102088809013367,-0.12684980034828186,0.024941232055425644,-0.045563191175460815
;-85.10152435302734;-0.0000061507371356128715,7.334384211077349e-9,-0.0027305514086037874,-0.0014163331361487508;1.4853804297665363e-10,0.21686305105686188,0.0015983888879418373,-0.3048118054866791;0.24088555574417114,-0.12685394287109375,0.02493182010948658,-0.045563384890556335
;-85.10222625732422;-0.000006150406989036128,7.328422757524322e-9,-0.0027315604966133833,-0.0014108411269262433;1.4841718132263537e-10,0.21686075627803802,0.001590680330991745,-0.3046586513519287;0.24075016379356384,-0.12685811519622803,0.024922408163547516,-0.04556358605623245
;-85.10292053222656;-0.000006150080935185542,7.322463524417344e-9,-0.0027325674891471863,-0.0014053730992600322;1.4829650007985862e-10,0.21685844659805298,0.001583007862791419,-0.30450546741485596;0.24061477184295654,-0.12686225771903992,0.024912992492318153,-0.04556377977132797
;-85.10362243652344;-0.0000061497839851654135,7.316560690640017e-9,-0.0027335737831890583,-0.0013999278889968991;1.4817699844904553e-10,0.21685616672039032,0.0015753837069496512,-0.30435219407081604;0.24048078060150146,-0.126866415143013,0.024903573095798492,-0.04556397348642349
;-85.10430908203125;-0.000006149470209493302,7.31065874504111e-9,-0.00273457751609385,-0.0013945067767053843;1.4805752457380805e-10,0.21685384213924408,0.0015677952906116843,-0.30423814058303833;0.24034680426120758,-0.12686963379383087,0.024896511808037758,-0.04556417465209961
;-85.10499572753906;-0.0000061491832639148924,7.304814531039483e-9,-0.0027355817146599293,-0.0013891083654016256;1.4793938296620013e-10,0.216851606965065,0.001560254255309701,-0.30412405729293823;0.24021421372890472,-0.12687285244464874,0.024889444932341576,-0.04556436464190483
;-85.10566711425781;-0.000006148913143988466,7.2990284927243465e-9,-0.0027365859132260084,-0.0013837331207469106;1.4782257362622175e-10,0.21684938669204712,0.0015527604846283793,-0.30399033427238464;0.24008308351039886,-0.12687653303146362,0.024881204590201378,-0.04556455463171005
;-85.10633850097656;-0.000006148674856376601,7.2933006300957e-9,-0.0027375908102840185,-0.0013783805770799518;1.4770713818723635e-10,0.21684718132019043,0.0015453131636604667,-0.30385658144950867;0.2399534285068512,-0.1268801987171173,0.024872956797480583,-0.045564744621515274
;-85.10700988769531;-0.000006148439751996193,7.2875749879131035e-9,-0.002738595474511385,-0.0013730510836467147;1.4759171662603876e-10,0.21684500575065613,0.0015379006508737803,-0.3037227690219879;0.23982372879981995,-0.1268838793039322,0.02486470900475979,-0.0455649308860302
;-85.10768127441406;-0.000006148187821963802,7.281852010265766e-9,-0.0027396001387387514,-0.0013677452225238085;1.4747629506484117e-10,0.21684280037879944,0.0015305231790989637,-0.30360859632492065;0.23969393968582153,-0.12688709795475006,0.024857642129063606,-0.04556512087583542
;-85.10835266113281;-0.000006147928161226446,7.276131697153687e-9,-0.0027406038716435432,-0.0013624622952193022;1.4736112330382412e-10,0.21684058010578156,0.0015231797005981207,-0.3034748435020447;0.2395642101764679,-0.12689077854156494,0.024849392473697662,-0.04556530714035034
;-85.1090087890625;-0.000006147684416646371,7.270470003817309e-9,-0.002741606906056404,-0.0013572019524872303;1.472471033991951e-10,0.21683843433856964,0.0015158822061493993,-0.30336064100265503;0.2394358515739441,-0.12689398229122162,0.02484232187271118,-0.04556549713015556
;-85.10966491699219;-0.000006147472049633507,7.2648669302566304e-9,-0.002742609940469265,-0.0013519638450816274;1.4713438800662004e-10,0.21683627367019653,0.0015086304629221559,-0.30324628949165344;0.23930898308753967,-0.1268971860408783,0.024835247546434402,-0.04556567966938019
;-85.11032104492188;-0.000006147265139588853,7.259266521231211e-9,-0.0027436132077127695,-0.001346748904325068;1.470217281251962e-10,0.21683408319950104,0.0015014122473075986,-0.3031124770641327;0.2391820251941681,-0.12690086662769318,0.02482699789106846,-0.04556586593389511
;-85.11096954345703;-0.00000614703776591341,7.253670109008681e-9,-0.0027446160092949867,-0.0013415564317256212;1.4690906824377237e-10,0.21683195233345032,0.001494227908551693,-0.3029981851577759;0.2390551120042801,-0.12690408527851105,0.02481991983950138,-0.04556604474782944
;-85.11161041259766;-0.000006146865871414775,7.248188271802292e-9,-0.002745618112385273,-0.0013363852631300688;1.4679907289760763e-10,0.21682986617088318,0.0014870994491502643,-0.3028642535209656;0.2389311045408249,-0.12690775096416473,0.024811668321490288,-0.04556622728705406
;-85.11225128173828;-0.000006146684881969122,7.242709987309581e-9,-0.0027466220781207085,-0.0013312367955222726;1.466890914292307e-10,0.21682776510715485,0.0014800041681155562,-0.302749902009964;0.23880699276924133,-0.12691093981266022,0.02480458840727806,-0.045566409826278687
;-85.1128921508789;-0.000006146510713733733,7.23723525553055e-9,-0.002747624646872282,-0.0013261109124869108;1.4657895730518788e-10,0.2168256640434265,0.001472941949032247,-0.3026159405708313;0.23868294060230255,-0.1269146203994751,0.02479632943868637,-0.045566584914922714
;-85.11353302001953;-0.0000061463192650990095,7.231764076465197e-9,-0.002748626982793212,-0.0013210071483626962;1.4646903134796219e-10,0.21682359278202057,0.001465912675485015,-0.3025015890598297;0.2385587841272354,-0.12691782414913177,0.024789251387119293,-0.04556676745414734
;-85.1141586303711;-0.000006146157829789445,7.226351961264754e-9,-0.0027496288530528545,-0.0013159250374883413;1.4636042378057823e-10,0.21682149171829224,0.0014589272905141115,-0.30238720774650574;0.23843614757061005,-0.12692101299762726,0.024782169610261917,-0.04556694254279137
;-85.11478424072266;-0.000006146007308416301,7.220999354018431e-9,-0.0027506311889737844,-0.0013108642306178808;1.4625317623639944e-10,0.21681945025920868,0.0014519853284582496,-0.3022531569004059;0.2383148968219757,-0.12692467868328094,0.024773910641670227,-0.045567117631435394
;-85.11540985107422;-0.00000614585769653786,7.215651187664207e-9,-0.002751633059233427,-0.0013058256590738893;1.4614592869222065e-10,0.21681742370128632,0.0014450757298618555,-0.30213868618011475;0.23819369077682495,-0.12692788243293762,0.0247668270021677,-0.04556729272007942
;-85.11603546142578;-0.000006145709448901471,7.210306574023662e-9,-0.002752633998170495,-0.0013008089736104012;1.4603872278140528e-10,0.21681536734104156,0.0014381981454789639,-0.3020242750644684;0.2380724400281906,-0.1269310861825943,0.024759745225310326,-0.04556747153401375
;-85.11665344238281;-0.000006145543466118397,7.204965513096795e-9,-0.002753634238615632,-0.0012958142906427383;1.4593154462616553e-10,0.2168133407831192,0.001431352342478931,-0.30190980434417725;0.2379511296749115,-0.12693427503108978,0.02475265972316265,-0.04556764289736748
;-85.11727142333984;-0.000006145409315649886,7.199683516034838e-9,-0.0027546351775527,-0.0012908406788483262;1.4582567098297972e-10,0.21681132912635803,0.0014245498459786177,-0.301775723695755;0.23783130943775177,-0.12693794071674347,0.024744395166635513,-0.04556781426072121
;-85.11788177490234;-0.0000061453019952750765,7.194461471016211e-9,-0.002755635417997837,-0.001285888021811843;1.4572094919618195e-10,0.21680930256843567,0.0014177898410707712,-0.3016611635684967;0.23771288990974426,-0.12694112956523895,0.02473730780184269,-0.045567989349365234
;-85.11849212646484;-0.000006145177394500934,7.189243422800473e-9,-0.0027566354256123304,-0.0012809570180252194;1.456164494539891e-10,0.21680733561515808,0.0014110608026385307,-0.30152708292007446;0.23759447038173676,-0.12694479525089264,0.024729039520025253,-0.045568160712718964
;-85.11910247802734;-0.000006145056431705598,7.1840293713876235e-9,-0.002757634501904249,-0.0012760473182424903;1.4551194971179626e-10,0.2168053537607193,0.0014043633127585053,-0.30141252279281616;0.23747602105140686,-0.12694798409938812,0.02472194842994213,-0.045568328350782394
;-85.11971282958984;-0.0000061449172790162265,7.178819316777663e-9,-0.0027586333453655243,-0.0012711591552942991;1.4540750548075465e-10,0.21680335700511932,0.001397696672938764,-0.30129799246788025;0.23735755681991577,-0.1269511878490448,0.024714859202504158,-0.045568495988845825
;-85.12032318115234;-0.000006144787676021224,7.1736137030598e-9,-0.002759630559012294,-0.0012662924127653241;1.4530304737192523e-10,0.21680140495300293,0.0013910611160099506,-0.3011638820171356;0.2372390627861023,-0.1269548535346985,0.024706585332751274,-0.04556867107748985
;-85.12092590332031;-0.000006144637609395431,7.168410753877197e-9,-0.0027606268413364887,-0.0012614468578249216;1.4519842272964212e-10,0.21679939329624176,0.0013844565255567431,-0.3010493516921997;0.23712050914764404,-0.12695805728435516,0.0246994961053133,-0.04556884244084358
