9.227933270729
3.642844033550
0.297131875687
0.427841409571
0.509151307241
0.041616194145
0.000038944211
1122.891614444208
0.010283389539
0.158780389271
0.000333476523
0.000549750355
12.507860918010
5.133170002667
0.190294339063
0.890687749059
0.491625809591
0.037508777452
0.000155537306
1244.702404912131
0.015797626951
0.098148848851
0.000314096232
0.000541114228
13.176911125894
5.568555330031
0.190259602709
0.935718173288
0.362356005863
0.032563093650
0.000164665197
961.220045380387
0.014382492872
0.113965333146
0.000379605147
0.000564330495
12.750481637612
4.995817932989
0.173377783036
0.574134646999
0.664083403873
0.032167284367
0.000206791541
1311.741793148944
0.016005381452
0.100390757207
0.000272426967
0.000563789829
10.957692509918
7.335341579712
0.288789746628
0.648652810693
0.715105174065
0.026126835347
0.000061244331
1181.468650220397
0.010290252491
0.118306879992
0.000355042271
0.000672880983
11.701033189241
5.330615829910
0.295223639085
0.857242147455
0.696244427565
0.031394886017
0.000126798196
1284.974267042002
0.013149965272
0.143838115306
0.000280362743
0.000396725179
14.644108008253
4.843051153115
0.268512850052
0.901413192491
0.646310343938
0.022451417070
0.000077667086
1142.062906772419
0.011288682345
0.117952465438
0.000216848069
0.000498814477
11.419541985101
5.267777713592
0.303377923449
0.844492811040
0.504336072223
0.026695093009
0.000109583526
960.789566185434
0.012081854482
0.169196817859
0.000388472102
0.000514894998
11.424500969375
4.402650586900
0.136083457297
0.640017933402
0.616303690828
0.034034000878
0.000055357112
1109.626480703491
0.016092902101
0.132441797613
0.000316697158
0.000732065966
18.644998035281
6.725640871864
0.306788041325
0.727258227242
0.517845367906
0.033335066022
0.000061319300
1037.248094024718
0.019490839382
0.135690273169
0.000277357701
0.000392630515
18.137205066155
4.180946855312
0.206298998854
0.864108480478
0.583841195562
0.027735688851
0.000151320269
1305.248859113303
0.018587165390
0.097959615023
0.000252537897
0.000380374509
17.439774756819
7.306785802191
0.213957894732
0.751108232794
0.407748160151
0.020377614779
0.000200371842
1283.796084136568
0.011198632986
0.132451222596
0.000258412259
0.000657582724
13.106267053585
7.224399888886
0.214676749759
0.563970633778
0.604577373552
0.026583624636
0.000145978043
1232.163164518403
0.014585841375
0.154313899573
0.000315112123
0.000741666777
14.219132008286
5.034886956392
0.186970718034
0.367490749909
0.325954816458
0.030450835745
0.000048885331
1248.375128218180
0.012340305194
0.139572955923
0.000303368992
0.000730155620
13.049087555188
5.655403573381
0.158456811477
0.725669240830
0.690812828240
0.032107342692
0.000186542080
1313.845520556137
0.012442467674
0.104119729546
0.000265580638
0.000518635136
11.843690349419
5.010565725828
0.174715953573
0.502476053299
0.707193247485
0.027917891683
0.000129835607
1202.695127425892
0.014555329410
0.116709363719
0.000320832209
0.000421053809
17.444336803119
6.749709883635
0.321425735600
0.932906505597
0.382003224170
0.034115770724
0.000056047207
955.478788145138
0.011247891802
0.108270887156
0.000219776189
0.000674800446
13.361747239000
4.950866956085
0.228899688401
0.699805463246
0.651475329378
0.033048877855
0.000072851066
1117.744382966313
0.017255512854
0.133289847823
0.000369932145
0.000606860844
14.612474877317
5.825320597879
0.174002355551
0.696899585056
0.563158973671
0.027708681124
0.000142349521
1372.589044896834
0.013510786209
0.099641485491
0.000299879067
0.000525564434
9.574232632981
6.877485974916
0.302484329562
0.954659825459
0.644279212538
0.038563944441
0.000178493521
1206.687404699157
0.011957621291
0.135446663671
0.000231970392
0.000566560211
9.441688523853
3.680978578010
0.164146093544
0.253934686670
0.570065098659
0.035965828689
0.000052630108
1243.247530273066
0.011937941044
0.087418864218
0.000341405810
0.000775724183
12.406424152094
5.064733157905
0.187529695188
0.403792124686
0.724152928860
0.031282882153
0.000132594321
1235.131687237178
0.011243102514
0.123673971967
0.000325891345
0.000726092432
19.356025898936
3.326652772488
0.352445913377
0.824402943633
0.540795089741
0.022213246024
0.000062007809
949.548419696298
0.013543430266
0.161236727461
0.000338354781
0.000602971360
19.047420058013
4.065159125809
0.236916936765
0.889048303301
0.353665862275
0.022572440902
0.000069022200
1147.815129249726
0.017012671593
0.107196771110
0.000197000256
0.000511235852
12.203025334731
4.364400451465
0.191431337582
0.277972157175
0.443874486861
0.025373047990
0.000055306682
1359.526343978325
0.017639893184
0.154638850345
0.000233247958
0.000571829083
11.447119951084
4.942384572310
0.281282211477
0.954933496082
0.342041518781
0.024210612706
0.000157858643
944.498327995064
0.013405348330
0.165783996543
0.000344786681
0.000546964194
15.417989817322
4.607879936653
0.272211342621
0.595138288655
0.693166619814
0.039663995313
0.000132472590
724.948200250092
0.010677444759
0.141866767687
0.000309740312
0.000472030339
15.749776273606
3.616797818786
0.271573811705
0.872697810210
0.615504310890
0.022797102275
0.000108223914
1198.673116894224
0.016636145665
0.122164783979
0.000193059228
0.000767236731
10.248729294040
4.357559941675
0.237487220791
0.746240221416
0.608727343747
0.038626019998
0.000123715273
1247.356475101312
0.013251725815
0.112527689887
0.000262461918
0.000544255263
11.546720819200
5.584403654373
0.292896417917
0.922594718812
0.328132559535
0.032022154197
0.000073713239
913.569212335572
0.017096441547
0.160725591504
0.000381531404
0.000452495360
11.242599140753
5.483152040333
0.247266043807
0.857933475076
0.485808612955
0.024050089883
0.000087511143
1029.985959631082
0.015825226598
0.158586315168
0.000203095948
0.000426970645
13.274514325044
4.340685890380
0.175572595170
0.660325904873
0.547933792935
0.034647408298
0.000144639262
1276.021411088577
0.011830564368
0.084188346807
0.000261279021
0.000596909110
14.197376064314
4.451886106062
0.272738569039
0.808311521458
0.585619080089
0.025717563174
0.000130716137
1369.300806656738
0.017067486554
0.135295632711
0.000310151613
0.000757792444
9.488034583230
4.138909322759
0.286120324383
0.436262318280
0.369076370231
0.027228470889
0.000066392285
1115.990443070347
0.011961417142
0.168673306003
0.000202223465
0.000546275487
16.769836377247
3.818468043497
0.351003417678
0.887042676245
0.609135660836
0.025152667375
0.000068020725
842.104622975122
0.015848020911
0.130977539640
0.000241197916
0.000688826789
15.210358753142
4.379756512269
0.248341826066
0.516933905131
0.690670392768
0.030782227676
0.000158082369
1332.049279566344
0.013042636842
0.106395757207
0.000325774600
0.000482208066
10.889016937880
4.885775246595
0.157584007870
0.798815491586
0.730594170906
0.025332224029
0.000150318420
1333.735573998779
0.018322936992
0.139959671577
0.000284924095
0.000784078646
11.048251219062
4.152026649812
0.282201428097
0.449262818428
0.704340841039
0.039252283495
0.000147219911
1232.484563059469
0.014519429820
0.091526608181
0.000335276140
0.000416427019
14.393824743174
4.925200587039
0.173491181065
0.782069804378
0.569977382974
0.027857342410
0.000136613845
1340.961156298897
0.012241800628
0.082651849433
0.000301408126
0.000656449207
12.001751270305
3.887407224983
0.181658737349
0.602378031995
0.656257571672
0.030458839867
0.000119802741
1310.965010352554
0.013271514194
0.131358415263
0.000357159833
0.000540495804
11.224540952411
3.619765921263
0.126453274365
0.729491522179
0.699121020176
0.020860083701
0.000061505227
1198.902357018813
0.009005659328
0.095531392034
0.000306273624
0.000483069553
13.774813002426
5.454761061375
0.166961863283
0.815018147615
0.545312342020
0.034022667324
0.000119939186
879.844790866498
0.015742375384
0.171401823935
0.000395909410
0.000546159720
10.808538306805
4.732847516158
0.310133756960
0.978633618118
0.303112464597
0.029187381954
0.000069757519
897.348651150856
0.015006276349
0.115172538193
0.000225285787
0.000724754809
10.516973795845
6.090355424330
0.187771539308
0.855616308056
0.512936513122
0.031156610112
0.000145923536
1288.240306399874
0.016611961404
0.104825630899
0.000273561158
0.000367311549
10.276114975623
4.366392584721
0.195858802464
0.992228458589
0.525049429534
0.018995601267
0.000132222309
921.547396141432
0.014545559807
0.114156792650
0.000322340015
0.000512249385
11.803619360129
5.672972354857
0.247234718651
0.772445439721
0.414898849861
0.036960708451
0.000092113044
1227.960910984140
0.013269205328
0.097074679761
0.000304984710
0.000535121090
19.506422933228
4.493269735022
0.234984495588
0.497778088418
0.660792825608
0.038439269467
0.000107077000
1333.021575976206
0.011372795209
0.128743402068
0.000315915015
0.000572930538
15.045313866547
5.036927875652
0.171426772032
0.864992434165
0.662210888816
0.034322692943
0.000172286592
1290.190518040758
0.014970487601
0.109218210682
0.000246437218
0.000628999090
12.992905041264
6.905314906174
0.227498461971
0.815685454382
0.440937553713
0.028746084069
0.000081549752
1006.182281084186
0.017483470306
0.135275026105
0.000268440881
0.000461836345
14.945319004656
6.115933970575
0.324852056512
0.503431686765
0.715533509902
0.033660096641
0.000044749045
638.305443049575
0.011044273175
0.169097549829
0.000314623644
0.000479280238
14.942682717643
4.369364412080
0.190467681581
0.540968844113
0.696422882524
0.034440617747
0.000190811919
1340.575813095388
0.015216275020
0.084325008375
0.000291182026
0.000509635478
9.901547787059
5.309453294472
0.158988977883
0.364443900839
0.653509838169
0.033639352716
0.000146745034
1204.797064815600
0.013747909961
0.105852280717
0.000294532880
0.000699443847
18.463277039388
4.693368074223
0.170472792812
0.865600593012
0.467950507497
0.019509872639
0.000109113930
916.812838772057
0.010872307288
0.155486374262
0.000229159222
0.000764046505
16.949735237174
5.215760878534
0.213906032016
0.920082636766
0.665928693823
0.039687744086
0.000197602522
1329.836450884122
0.015044531951
0.116270907660
0.000354668260
0.000454555432
14.994930606615
4.217925569013
0.282022602270
0.793779150592
0.713921761191
0.031867338901
0.000087746191
1272.190773332515
0.013705705241
0.097400106426
0.000327872800
0.000664985905
12.771256119223
4.402868171678
0.326706920906
0.670108614803
0.325889479924
0.026123898213
0.000048961311
1264.905955073155
0.009971061587
0.104409606414
0.000309888371
0.000796177880
11.639545823135
4.922394494773
0.167537186411
0.520092217523
0.688421369381
0.032114920515
0.000161826061
1207.686680031350
0.014877460712
0.096554523865
0.000287469770
0.000539009994
14.406553756194
4.544678329474
0.163054800461
0.890773051133
0.477216620033
0.029595269337
0.000141977609
1310.261331778786
0.015074559428
0.101116917703
0.000256365468
0.000424944562
14.465249049529
5.933003581743
0.298735145270
0.833836051903
0.679710802244
0.028719363674
0.000155781664
1305.278152294090
0.018160137976
0.142538132225
0.000298924091
0.000597120966
16.132473948689
7.413400940058
0.261495233253
0.590080503998
0.505758119100
0.024194621147
0.000066581768
1139.281912802618
0.018357384694
0.149837211077
0.000276129996
0.000737724365
14.354310428696
4.682172699298
0.278899043977
0.487295553125
0.707808852248
0.033544648159
0.000060599307
807.874222292533
0.013474538814
0.160373405037
0.000286451909
0.000615057398
13.396471320567
5.931746616988
0.235283061203
0.713639298736
0.693712625281
0.034206147622
0.000149823482
1270.800062185780
0.014848689927
0.097192640396
0.000340872354
0.000579039862
19.073906655689
6.139910293928
0.330081772272
0.704586076552
0.452270425840
0.024362161793
0.000131509410
1025.529051934202
0.014476318023
0.160542386076
0.000241583608
0.000511257081
10.850316815173
6.806700433952
0.292741510706
0.906259350639
0.733642717902
0.029931539040
0.000089282462
1276.973560898214
0.010847894739
0.125125658575
0.000302634821
0.000553976778
10.605644507421
4.269741930415
0.133528739381
0.512328055604
0.613905325437
0.038877411758
0.000127903440
1277.860047965195
0.012748491513
0.111398679337
0.000333093803
0.000531460348
16.224315827694
6.051474876997
0.206738023906
0.846248078879
0.637435616420
0.020268254335
0.000125708535
1155.970759684985
0.018016729692
0.152066809842
0.000339663188
0.000531897032
11.242304383288
3.738415107148
0.243923938373
0.972483938723
0.702573561034
0.027213078102
0.000079854633
887.461993101610
0.015575474805
0.120198596041
0.000220133069
0.000567890868
18.087488108344
5.606942758928
0.204072850383
0.491684181193
0.550061183471
0.022802550664
0.000169011400
1023.915420443080
0.011168514679
0.140743594065
0.000193927997
0.000650484031
20.252037735180
5.621719104581
0.343079159306
0.976912352529
0.704295550407
0.022117521504
0.000084310546
1260.640500480403
0.016587472217
0.145706985843
0.000261718278
0.000685356207
16.322301092732
4.617004902997
0.177459494558
0.930942126425
0.676819845585
0.024235844641
0.000109547286
1353.415789513374
0.013402801453
0.089449039516
0.000376049459
0.000504948748
14.699503820175
4.961876305372
0.182862727621
0.904837191198
0.636461708544
0.035916507595
0.000099414278
1268.869805022264
0.014945892437
0.130458373449
0.000267327780
0.000455339193
12.539020485022
4.985653285905
0.145533860048
0.678123510370
0.667947064409
0.028247966257
0.000137922864
1245.181894394618
0.013234840020
0.120170069561
0.000268173771
0.000569711526
10.561612693313
6.203245711851
0.320868445058
0.822240691170
0.412893818986
0.037871837774
0.000098524659
1332.131805241685
0.015418783089
0.142904333009
0.000229986555
0.000760109251
19.553643625102
6.112101618556
0.254380762212
0.803963795759
0.639664480612
0.029864587871
0.000088896749
1006.294113126861
0.016913130944
0.130252798213
0.000318824234
0.000690746873
15.882340785138
6.588343479335
0.163075360956
0.740230128237
0.559895944684
0.019618219114
0.000083922936
967.210881182502
0.019947194868
0.099946840714
0.000227359043
0.000446271443
12.239715717955
5.496251713732
0.216191543164
0.767791501715
0.550095488277
0.022740977694
0.000161803520
819.480823659774
0.017240160411
0.169043497737
0.000347600684
0.000638601378
13.095432368115
6.738502198308
0.264087806835
0.908234062685
0.379197106425
0.022279901776
0.000061473990
1346.925602287942
0.010843704104
0.112157815292
0.000239861708
0.000397245158
15.276420330940
5.113077476827
0.333226538075
0.522417067155
0.392007454717
0.026569142619
0.000060353419
1154.335352673596
0.010991447716
0.133454304696
0.000380644055
0.000450715669
14.179958891126
5.162431501479
0.208363666318
0.758467497216
0.641507412270
0.031651608557
0.000151381403
1250.343819019267
0.013632705630
0.080327660792
0.000315894762
0.000525380480
18.464179542549
7.188765723332
0.244168255117
0.730579967894
0.302009938599
0.023703667088
0.000198326786
1167.477771495530
0.011924824124
0.108247960824
0.000320952717
0.000555325449
13.151456497838
4.602776695862
0.283922545237
0.777454453850
0.607354749183
0.023585935986
0.000119343358
1362.812185950693
0.016705955796
0.162162830107
0.000251946270
0.000660924486
13.751071101013
6.229085404745
0.172090627270
0.775818016686
0.377268485397
0.024864809414
0.000154719421
866.868983190368
0.010068683034
0.097347000013
0.000352795330
0.000417427194
11.034273805779
4.632447090176
0.195700169460
0.858208269426
0.716458977462
0.037346090388
0.000132177758
1273.176176953384
0.013195055147
0.098511918531
0.000295352090
0.000458785859
14.963063731026
5.118908603169
0.240412617781
0.409582765786
0.700066698153
0.038538810064
0.000047504938
649.816413529226
0.012527589636
0.169385888763
0.000304236376
0.000523959491
11.747652205397
3.556782310915
0.189800164558
0.924830939074
0.703996331233
0.036797913097
0.000094805349
1374.109135636566
0.018868258790
0.115325740587
0.000344807500
0.000753835945
14.986896312623
3.986580560333
0.218119288003
0.784348630480
0.683981655707
0.033014955099
0.000157280177
1205.890883088349
0.014724878817
0.087503625278
0.000255001043
0.000703792389
15.378134920582
5.345858471467
0.167138991194
0.927110292901
0.572709701002
0.039472482710
0.000080188939
1233.706870767106
0.016893428444
0.093636436523
0.000316776873
0.000637247770
13.595147658020
5.599465824692
0.322239480114
0.935060238643
0.588097393108
0.038541488279
0.000126041780
1226.554987246774
0.016093775128
0.139127691397
0.000238565952
0.000697000235
13.073066278205
5.599449747957
0.233253192398
0.766750758844
0.518773012690
0.036626852392
0.000155121747
1316.516651670489
0.015777515127
0.109446732398
0.000301276271
0.000437282593
16.122985434282
3.650525885163
0.324998429346
0.901657748360
0.520636004964
0.031478574467
0.000073392085
1249.503037058803
0.012282560470
0.089347643556
0.000208800328
0.000694647034
11.222982309180
5.056367031903
0.171747262362
0.582261043885
0.591375461263
0.036988620307
0.000172962685
1346.990761290126
0.015960883195
0.082225221709
0.000279478726
0.000556025820
12.573182745686
6.368510241321
0.179026486388
0.762795196664
0.688828594732
0.032147184331
0.000100012963
1316.296709561536
0.012187549234
0.146098510405
0.000324956785
0.000721883945
11.759072103995
4.766945978503
0.164373636154
0.685910722376
0.682021799873
0.035529985952
0.000146620299
1200.410094160302
0.010906662687
0.096799247334
0.000247285039
0.000591639338
11.470560771321
4.472431261662
0.186957011084
0.628013654693
0.566079914046
0.038036073175
0.000132840720
1355.670301559828
0.013245623004
0.101046329025
0.000335523466
0.000605221610
12.910446453386
7.425159961219
0.202473544146
0.273076833496
0.237363894250
0.028547091054
0.000043755448
1184.333462878506
0.014341494368
0.126816742886
0.000248113941
0.000585007461
13.510113426267
4.800654418347
0.208906379169
0.835817674116
0.569059302278
0.032178164315
0.000180121750
1265.959976612718
0.014193074790
0.092880767455
0.000316509650
0.000576556388
12.857563961668
4.187870271294
0.296577677690
0.672761656517
0.692200250013
0.027343113068
0.000130155677
647.107131230096
0.012964494887
0.157174021092
0.000256416658
0.000394257844
8.946142955429
5.357366113010
0.273649322991
0.643731781530
0.702791365101
0.031513653314
0.000127940822
1122.454158116743
0.014537181740
0.094433694059
0.000367891885
0.000758916400
17.553135544848
7.093803770901
0.244185017739
0.570856867666
0.447930073351
0.035794464563
0.000044055600
1053.159626131083
0.016891223007
0.159466706311
0.000258808265
0.000747602067
12.909234709913
5.220325925664
0.135813342169
0.609817781275
0.642869573414
0.030396321646
0.000141688335
1265.859628076091
0.014288224717
0.098168713821
0.000350140831
0.000493542096
12.119271767789
5.432163052635
0.153392079372
0.968361461602
0.437938877532
0.027249327627
0.000118421947
907.118229775068
0.015016778681
0.139224833236
0.000273412006
0.000434653986
9.989970996521
4.865329506949
0.271960227776
0.803193903688
0.395704501199
0.033039482951
0.000066005948
1079.530003734937
0.017702607004
0.159136443758
0.000405653850
0.000729176445
12.850508960177
4.915847420227
0.330429411955
0.269510168897
0.471637551854
0.022457506194
0.000041008008
887.399059855500
0.016774967463
0.117722754866
0.000253304134
0.000534832074
12.883436155714
5.949493416719
0.202859852833
0.946611912724
0.311407044786
0.029516579544
0.000187627590
907.851712662804
0.013846687315
0.154815575746
0.000361588742
0.000586670115
13.382284213683
7.519679850703
0.194277722923
0.808452845464
0.596628042480
0.020718987405
0.000147221466
1038.333882612059
0.020006560053
0.098848228053
0.000325347280
0.000588731697
17.072745567987
5.595974092017
0.307277490181
0.408422998170
0.387642821906
0.033789172422
0.000029363722
810.043952017100
0.015979407104
0.119566453010
0.000375105066
0.000591943921
10.606818974324
5.357233962156
0.155270068417
0.722284165930
0.550305892581
0.031277939918
0.000162165690
1357.487192825795
0.014371219916
0.109844826366
0.000264173666
0.000590781088
12.565554562719
4.962134284922
0.358607685477
0.234296162849
0.654639465040
0.030569500845
0.000044575081
743.119332671161
0.016592446046
0.165486252190
0.000221647308
0.000466053007
9.566050384975
6.690289587586
0.290580791463
0.498278773609
0.689189791470
0.028788570427
0.000197286517
1316.940198721124
0.015414950271
0.116580267164
0.000280348883
0.000489172895
12.823744932708
5.109161131718
0.224737190053
0.964360614847
0.392099785243
0.020203854559
0.000126378334
849.618377741630
0.013809665111
0.136172383178
0.000390801554
0.000573409021
19.028454063662
5.569972758457
0.203919644676
0.795908141779
0.413177454482
0.022367696558
0.000128169968
1093.568834316699
0.013639246158
0.162541119914
0.000225082357
0.000677738991
9.437530361824
5.861734133265
0.323039409121
0.647193196133
0.736288119640
0.023443092935
0.000086815801
1089.767692024798
0.014231120960
0.144582328336
0.000263720297
0.000705561018
16.730617245927
6.150446417430
0.347318926876
0.686297996318
0.327718409291
0.030676530504
0.000047850982
797.735957272580
0.010281614125
0.155106109496
0.000389408846
0.000497690917
19.220389631581
4.385444352922
0.312281487599
0.868702234072
0.613874829421
0.032005670830
0.000203510051
1064.125638752114
0.018860597144
0.122439840460
0.000319956744
0.000572606732
13.159207469396
5.510088594599
0.217868269343
0.587641448046
0.663108776422
0.033533190936
0.000153982804
1324.539442654020
0.013442828240
0.101224228586
0.000330832056
0.000555819665
9.737448247727
3.579178341234
0.328299367588
0.670353449175
0.434362415217
0.040001111508
0.000056345749
1013.940446732987
0.011091434014
0.099244224495
0.000266830389
0.000577873039
19.117144513166
6.118597646760
0.161863766756
0.500061177080
0.641254522190
0.036118988074
0.000060910499
1005.405674302333
0.012521312838
0.091083866675
0.000206018676
0.000559289003
18.774662756742
6.207494648796
0.164314171943
0.562644956538
0.422401377695
0.041864142305
0.000049005805
798.102618826690
0.011550995313
0.147993957635
0.000387443001
0.000396952801
18.271160655504
3.430131821858
0.190131895217
0.495321909536
0.637073148032
0.040019979061
0.000058084801
1191.489589590435
0.014422049487
0.097867205490
0.000303861814
0.000433742502
12.857457023686
4.867395493447
0.253202023174
0.654194701480
0.441562670360
0.026226054714
0.000142358025
1249.665863245275
0.012355813029
0.081753216118
0.000333363023
0.000598239685
10.211620675331
6.702947788397
0.307653563774
0.781021270340
0.737150522157
0.032326708472
0.000105613781
1236.278590662544
0.010422871461
0.114579029442
0.000177118750
0.000545396870
11.268781347633
7.178260399633
0.197744943128
0.620865351227
0.723428124526
0.025065931580
0.000211419242
1287.283702734787
0.016909723119
0.123954748401
0.000278759483
0.000617880518
13.541496599869
3.755141335857
0.138337897230
0.736155855404
0.621995137572
0.031332840155
0.000081022394
1367.376898755732
0.016396085766
0.141662551294
0.000255154976
0.000557624677
18.143206220928
5.318567413449
0.201653995835
0.627378439895
0.311119065953
0.023198985668
0.000062252948
1279.319886668204
0.014898066837
0.147647782133
0.000217803476
0.000502124250
11.920096402694
4.980916605166
0.148519494496
0.676085817231
0.692185480746
0.034201180228
0.000083113221
1255.071953051103
0.012284512480
0.157864465731
0.000177848693
0.000693074707
12.236313893420
4.100299935234
0.150483736537
0.992020517314
0.530926943043
0.024425383290
0.000110420042
756.978413022816
0.010147064886
0.101083525843
0.000265263731
0.000637557753
13.092249018256
5.133435664375
0.197027776487
0.807652239396
0.586768652417
0.035210940809
0.000130982305
1316.143017542041
0.013747485796
0.085607233499
0.000329818635
0.000644295576
11.697323785921
3.874709999889
0.234663402614
0.701271556559
0.505830367609
0.021386477655
0.000110924744
1312.160598192884
0.016326806722
0.101613537561
0.000298836380
0.000412761598
10.269255581469
6.775482158959
0.262782813616
0.746649082235
0.646695797844
0.039540755237
0.000140900665
1240.050983430245
0.014370225287
0.132869904250
0.000220027646
0.000516982201
12.958153435245
4.531475369071
0.246379409875
0.931227942437
0.595636800079
0.029705176380
0.000113958865
1328.725516975646
0.014853180515
0.161436604660
0.000367089052
0.000714805986
12.507243652852
5.954513043942
0.309791145540
0.664212746577
0.400880847680
0.023517455446
0.000159816949
1346.617522473416
0.013903852478
0.135760117092
0.000242800271
0.000681650413
9.490715188154
6.806886670724
0.307988692389
0.583309648485
0.627644456174
0.025820607947
0.000151501994
1121.966591899259
0.014989061235
0.148914373444
0.000290979639
0.000755541962
10.253280050693
6.538240929392
0.313082771530
0.882791543982
0.489763881435
0.032310433723
0.000122187161
1231.167506053316
0.012992124778
0.146247648999
0.000268360425
0.000496879466
16.146122290466
6.549354982461
0.334680673195
0.670569688531
0.596702621403
0.035205719317
0.000052846723
1309.106055868564
0.011697994175
0.146995774877
0.000250000676
0.000509505977
12.610981839835
4.850322355389
0.202952285825
0.849793266730
0.667116907838
0.034622947890
0.000190759176
1296.347956992936
0.014714733924
0.121015823275
0.000330591884
0.000487217733
11.145184416855
4.752733144795
0.213374274161
0.965528098631
0.323437709931
0.023216460725
0.000105786760
950.486610021513
0.012605836065
0.131691806585
0.000320581612
0.000706082194
11.322525654016
4.612475131350
0.226528647939
0.485796846963
0.507889980374
0.035268159462
0.000083744841
1271.822857362321
0.009981692125
0.093933100693
0.000355639069
0.000400132984
11.581675254905
4.761600465362
0.283002492467
0.579107904113
0.592225679106
0.034060446848
0.000138521740
1175.178020034859
0.011051750946
0.095509434957
0.000377512520
0.000711918135
13.814576963942
5.545108155286
0.309510871241
0.921853674082
0.632729965213
0.032677767267
0.000110761404
1188.052454788093
0.016982950260
0.143422649130
0.000255682128
0.000525157537
12.326689158646
6.883274360209
0.258913320646
0.562507053680
0.639007172366
0.029486359756
0.000076805051
975.114292695918
0.019595827459
0.113529503812
0.000366793181
0.000464369318
10.437624477290
6.231308703457
0.207122257491
0.892099418380
0.319622994099
0.028368034368
0.000061722563
837.531012879067
0.012764386394
0.172285789522
0.000227865115
0.000689302146
18.682880086269
7.133118340990
0.298217184560
0.904817684530
0.653681730365
0.025131430202
0.000089623922
1186.506817332979
0.014731998164
0.099963865748
0.000253731668
0.000585136818
10.029243909046
5.492097019918
0.201450588319
0.940584694995
0.487211320229
0.025462078395
0.000138401254
925.667961254549
0.014296252798
0.157722524234
0.000362645872
0.000601607870
11.938823095968
5.379944155112
0.134627994150
0.554173696971
0.667644475870
0.038091121499
0.000131827761
1267.224574787890
0.012411849207
0.108747201010
0.000308455959
0.000595054565
12.103973058753
6.867399573772
0.360821186524
0.965303740835
0.583506627267
0.026323918301
0.000147110593
1294.636048955314
0.017732946435
0.110873207262
0.000326158394
0.000664048957
10.422634636329
6.555166829705
0.246178620313
0.626267157361
0.674882131756
0.041934845316
0.000096898707
1148.340478341532
0.009404778219
0.125542013152
0.000382507114
0.000515553710
16.021333929766
5.379127035126
0.149728106516
0.875937774707
0.545227767117
0.027062609035
0.000100630624
1316.501004032538
0.014290106529
0.133416259096
0.000287885460
0.000549540000
12.670915136582
4.470889971474
0.248726415430
0.368187217711
0.663186507252
0.040760153850
0.000044306821
676.116829379934
0.010008915021
0.151516003347
0.000275483051
0.000364798210
14.434366556048
4.380475837249
0.138725245993
0.378981514401
0.521499795892
0.032585868473
0.000049424253
1314.323673678214
0.017555458758
0.155231094648
0.000250563077
0.000494058340
18.470219706835
4.537847990374
0.270397111616
0.998490336836
0.389857397775
0.018898664703
0.000116176525
1175.936100488168
0.010680717177
0.102359521323
0.000385503551
0.000681505539
12.171361103447
4.445131991616
0.187080882200
0.715608811629
0.639038119526
0.023011388440
0.000057048776
1101.132870185016
0.016255010184
0.100731692885
0.000371259074
0.000474102900
17.711275857538
4.276298697082
0.253099229157
0.531113079377
0.655188528219
0.025292351380
0.000110037236
1397.862144104804
0.015073181579
0.147576011509
0.000370065110
0.000733902628
14.620612399095
7.365441350892
0.243670827938
0.903135416371
0.371426781227
0.027990351431
0.000219802757
1285.316889144391
0.013220820782
0.139154104685
0.000229995275
0.000727909438
11.011209180549
5.386062905897
0.258838156936
0.979444307829
0.400960860687
0.028681038935
0.000069577240
1036.372077429105
0.012674459321
0.149162280245
0.000371121248
0.000622311951
17.863746849538
7.238605841170
0.178376600365
0.405823735328
0.445558650383
0.026755471804
0.000090415658
1387.526011409002
0.017433862581
0.142093119392
0.000291579530
0.000430279439
10.012598254780
3.484520277104
0.240712301676
0.521707954738
0.419421335194
0.021686433156
0.000067580737
1338.401030501374
0.018240927094
0.086484718443
0.000333166416
0.000695144404
15.050507299898
4.288479715709
0.194061544251
0.734513550822
0.577547383461
0.036678686261
0.000111920491
1196.351515343812
0.010953271449
0.115385904986
0.000353463421
0.000731825063
11.177856078702
4.492004561589
0.180118214501
0.777826578181
0.606526323388
0.026799030223
0.000105394549
1357.488824536856
0.012522152723
0.105917298355
0.000253137826
0.000666530180
11.721278047214
6.279656558411
0.255702057566
0.415206479631
0.714704845074
0.030957631987
0.000164717546
1247.540386806750
0.015446481489
0.133135693146
0.000269642632
0.000440091232
12.774831415303
4.603691030718
0.152628132612
0.847204978254
0.693898700816
0.033652334750
0.000186531464
1320.109367949975
0.012239716434
0.100080191546
0.000295751825
0.000582548718
19.686826868314
5.040981229720
0.215067524096
0.988110645949
0.323146582227
0.024107131532
0.000068922096
864.945953213949
0.016227039277
0.089657135229
0.000280953514
0.000566865612
13.581390563089
4.377344651195
0.252366347476
0.587808165003
0.677782362166
0.035606000785
0.000170752474
1348.307441201036
0.015906641747
0.104151646339
0.000305169972
0.000600967568
9.005230671619
6.624282578848
0.125184213538
0.676609422418
0.412606205751
0.022350900967
0.000133999354
1238.262688203168
0.009583226418
0.161890409848
0.000237805165
0.000721844538
11.509405486409
5.034159894916
0.229698851076
0.807200084238
0.635534581395
0.027573580858
0.000122737659
1256.225834544430
0.015033934614
0.153658704036
0.000309367413
0.000621207463
14.391939639077
6.207842577959
0.267361973594
0.586843564256
0.454872282909
0.023863284757
0.000050666379
845.691571087010
0.016337128262
0.102935571254
0.000239930826
0.000420177322
19.276744221663
4.292050432155
0.189854048675
0.871145046250
0.353040327435
0.035827661400
0.000071718955
1139.169027961204
0.009583535500
0.153756515843
0.000344549189
0.000425565836
13.491735529380
5.165613025104
0.151750500983
0.775714524632
0.550148033325
0.027764906272
0.000216299825
1214.542214383799
0.015124967825
0.113458609706
0.000325989682
0.000456159346
13.626709665019
4.750967197547
0.172758805173
0.769395179171
0.626104231239
0.030011542464
0.000203653575
1338.449585815121
0.015401911223
0.089209168022
0.000331103339
0.000556094602
11.999093564355
5.581482984031
0.303060875094
0.904761740752
0.347055246208
0.025245218942
0.000054353859
1020.624716028735
0.015002401502
0.100850005868
0.000265856793
0.000631612565
16.168669594243
6.142069809014
0.231664043357
0.288261618927
0.390726938451
0.029993312217
0.000035187422
712.964006965291
0.016217885804
0.109388878964
0.000264410650
0.000501236123
15.972478924087
6.565624422106
0.195964668126
0.889731295032
0.622619454800
0.026368420807
0.000116145935
836.233468406890
0.011932797038
0.122705411344
0.000338926410
0.000596609078
14.905131101345
6.656958788499
0.168091558693
0.723504195993
0.711761122723
0.031445273080
0.000125101327
1305.600585207495
0.010424241652
0.104456925957
0.000251442054
0.000410968762
13.882540144052
7.007017516609
0.233787727905
0.617824672609
0.574796105231
0.023516937888
0.000079348984
1302.004244637016
0.009879890193
0.136611977955
0.000322122596
0.000696233851
14.662508604413
6.607584924430
0.229288415647
0.675158671818
0.666133424634
0.034885125286
0.000156469232
1310.529799531407
0.013142459488
0.089191787098
0.000244751229
0.000645229110
12.168761982241
5.472281970199
0.275170448081
0.983102830056
0.281986495938
0.020780519851
0.000132868559
862.831323943299
0.013282838474
0.158622814524
0.000354500169
0.000604935977
13.804034164251
4.261048269119
0.223239174742
0.719271456805
0.572358336823
0.022559621621
0.000154511000
1258.861912217057
0.015463585202
0.103793087706
0.000346477706
0.000570759254
12.750761682346
4.734144983277
0.181035392454
0.585383593204
0.505984398141
0.038404872961
0.000138483040
1337.109689532743
0.013258040439
0.115172491958
0.000317698092
0.000472996838
19.275250393164
7.089174154212
0.169122498902
0.664600840669
0.561880095385
0.028630266384
0.000116001815
1325.828394187574
0.018781619324
0.135466873368
0.000283227593
0.000681696397
10.348941707154
4.030934955199
0.287080811010
0.478269728182
0.727064729370
0.025723937673
0.000193866623
1157.399324553048
0.014445599198
0.081077699775
0.000228711417
0.000409019030
12.340265438325
5.832969310023
0.225082509398
0.948861212155
0.449637215426
0.019519349852
0.000123174056
799.834123538586
0.013980064096
0.130090811505
0.000293752057
0.000523083294
13.023783824685
5.025904543717
0.206426322500
0.738871384176
0.692450117308
0.035136927913
0.000168247839
1207.164211343615
0.012064946701
0.101741754884
0.000307908030
0.000446825070
11.947381849460
5.804266546966
0.221072023765
0.924714286814
0.502355656129
0.023955128640
0.000083821194
930.236575684964
0.015158349299
0.127882598605
0.000334021414
0.000513330013
11.666260690852
5.526307592603
0.291819070000
0.991183783651
0.271371219781
0.021479871888
0.000071986230
876.680564274217
0.016664926507
0.161932872913
0.000372925514
0.000420054838
17.440880754626
6.468901552787
0.230479184625
0.630143305884
0.488045357421
0.032706293212
0.000205936778
1271.248533003014
0.012976756733
0.132209063152
0.000366191125
0.000618322784
9.472899375448
5.422725219179
0.139328611799
0.604803823183
0.450499527182
0.025221267546
0.000112786241
1188.020120946151
0.009363117933
0.085020059938
0.000296372369
0.000719998846
11.965908723857
5.690468339309
0.270208584862
0.765191713736
0.625433898477
0.030755875024
0.000104944726
1320.768063546488
0.014753464941
0.112640421208
0.000241180628
0.000534729174
12.295367587640
5.013624883538
0.225763435074
0.552824249426
0.542749306751
0.034272912527
0.000182918318
1271.550341010343
0.012050963383
0.078216267190
0.000290187768
0.000642482657
14.371889290734
7.551088936740
0.187378560390
0.547311311646
0.671899736463
0.033528012846
0.000066370859
1120.804844958833
0.017266023106
0.114441934880
0.000324235322
0.000579812964
13.145157393886
4.336350321723
0.224058543529
0.959347055999
0.493399727970
0.028199122678
0.000070650962
834.493996113379
0.016620075178
0.113099963517
0.000370526190
0.000609763896
16.262131284979
5.936143483114
0.276082422720
0.396011160181
0.607039577415
0.030992239118
0.000045249097
703.184858726979
0.012226595322
0.127944551721
0.000330644344
0.000426453227
20.197049777051
7.092753780969
0.282655139780
0.548957670884
0.597472305010
0.020072815206
0.000138848845
939.502722341219
0.009742805203
0.152996878096
0.000255392319
0.000728326872
12.220316383001
3.426932931410
0.252432362240
0.565510003490
0.606053980943
0.040195516674
0.000078709089
1293.839518030701
0.014638726505
0.109827676614
0.000199737686
0.000457100579
12.024387106809
4.667256872956
0.252287435253
0.813581834968
0.592619337444
0.033751286438
0.000131335812
1312.025583387108
0.010788539476
0.083102346663
0.000302057266
0.000474693888
13.875375705073
5.179566631754
0.163280717792
0.765234202000
0.647481163819
0.032050725946
0.000188636101
1286.382230263606
0.012027927946
0.101542349392
0.000332385658
0.000572424872
11.150262621025
4.607224907214
0.178839238037
0.453378667431
0.676992474327
0.035056821929
0.000152952597
1154.093354093107
0.015700129881
0.129497061364
0.000374133990
0.000588863700
11.537070189926
4.751543130200
0.155821447867
0.630390310412
0.398610038094
0.021655654739
0.000061848814
985.915991266404
0.019142542425
0.155026026739
0.000261136046
0.000527207332
10.678343691449
4.380029936666
0.161971950947
0.888894149718
0.543603681838
0.027980033315
0.000075806353
1043.094837814563
0.015018802267
0.163076304664
0.000371854765
0.000490507890
11.434480295513
5.585720850414
0.198606719870
0.686090766062
0.498405848472
0.028555920885
0.000086575455
1072.158558271790
0.016396672622
0.159238222523
0.000260708264
0.000550935871
13.028791562715
5.903456228689
0.238921745736
0.968860386160
0.356205349029
0.029203172853
0.000192249442
854.291854068215
0.016196805877
0.132887743430
0.000359321236
0.000518491733
18.384673601961
4.752012808835
0.225146621055
0.745224827784
0.685619134315
0.020904596465
0.000116227789
1322.147550770150
0.017463737159
0.124064444906
0.000262800357
0.000580687127
13.194197691564
5.272578967840
0.306749363065
0.951918424899
0.307150555419
0.031847292842
0.000139447101
897.502477776673
0.011157064174
0.116278630653
0.000323964174
0.000533112013
11.242152574993
6.670655403688
0.277091922835
0.806132070051
0.493207427258
0.037755060589
0.000133410143
1277.847457367836
0.013044277364
0.145053628935
0.000273024761
0.000747926428
13.499248419262
5.467205466769
0.178946321697
0.824531977380
0.640164576030
0.026887590442
0.000153379258
1209.938317173978
0.011970193215
0.097762822670
0.000239733257
0.000539224503
14.057729455668
5.856361711801
0.183026633351
0.740612498853
0.684244086308
0.033348188781
0.000163211185
1292.321254126971
0.012163711209
0.103241379617
0.000327844586
0.000444988433
15.279537056333
4.159637431493
0.172097699062
0.710122790821
0.688060357869
0.035461238826
0.000121484793
1170.325896030526
0.014847207941
0.128914270873
0.000349281378
0.000435683924
11.778108459379
4.309954310572
0.184866683014
0.775307818490
0.636311975664
0.032491139060
0.000203576206
1345.709544656666
0.014045146673
0.080210683884
0.000239668043
0.000578935379
10.378168862281
6.774786555560
0.347304899014
0.891452018217
0.623197652317
0.030319111229
0.000167541663
1275.183694770031
0.011764604891
0.142283668750
0.000270724131
0.000541121152
14.046506152968
4.466692200052
0.147426193896
0.791520877352
0.684189531651
0.030937143233
0.000169224480
1262.707775008072
0.014734221529
0.103981501818
0.000324540356
0.000522107317
9.526122622912
6.054380229811
0.311263184774
0.450166786271
0.709796634455
0.031671344667
0.000071578027
1334.218030774364
0.014110319785
0.159687121281
0.000248211562
0.000734460962
9.794312685201
3.894108716588
0.214036965872
0.356152051765
0.524897088729
0.028932377675
0.000041740290
925.015300401187
0.016893595928
0.161637272810
0.000330612207
0.000562384798
20.421500325158
4.895204266222
0.192450133034
0.416906749460
0.398095509271
0.038703925591
0.000052263926
916.784756248794
0.012698531787
0.079819664303
0.000335500070
0.000687903449
11.904693933644
4.351778345913
0.166990082742
0.771011354782
0.562444153387
0.035762022008
0.000157383372
1311.179098967844
0.013466471916
0.116519535375
0.000335687033
0.000489093268
17.167380126771
6.567456384589
0.306876776269
0.266865846151
0.697168702015
0.032120928777
0.000072801421
1103.093015955364
0.013232302629
0.126289004872
0.000315022905
0.000534758329
13.784739759027
4.512162624535
0.298150905831
0.840363985290
0.364740889011
0.029629482042
0.000124477924
1021.656690041319
0.010176177619
0.108875725973
0.000258857317
0.000628996590
10.890184474850
6.675299676942
0.236103576184
0.918471426949
0.678916386197
0.029780769937
0.000106311326
1196.082841948499
0.017291590735
0.134174591328
0.000388471585
0.000631536876
12.537997454734
5.852515387274
0.200121680890
0.785990683600
0.691393830150
0.032569144872
0.000136575577
1245.595883190741
0.016017598875
0.153759046519
0.000368270432
0.000408624042
11.927490915621
5.045745218924
0.156584851431
0.767037578640
0.557658897459
0.035475700536
0.000165422204
1310.776109869264
0.015669750565
0.099048955092
0.000314733607
0.000458743699
15.443559935126
6.668024484709
0.262484476481
0.474752230062
0.466421014741
0.037807726263
0.000047823464
663.123697927638
0.009995302009
0.142475577285
0.000306383681
0.000662673246
19.329755956084
4.913700700504
0.225386625170
0.898707906175
0.524701207436
0.028939848852
0.000136863516
852.390677358674
0.017078977571
0.098540671397
0.000372871570
0.000605254270
14.995522653322
4.907175014018
0.229170563539
0.890030189399
0.654898887380
0.032052671765
0.000115259816
1188.555605675788
0.017364605199
0.102115519504
0.000270085191
0.000475056529
19.141022150321
6.776091103932
0.335270289562
0.860239308447
0.473465180213
0.028748215066
0.000107049944
1278.008615932564
0.014961203537
0.136782947111
0.000346464725
0.000652515939
12.384215070022
4.577572522806
0.128802159004
0.882345820874
0.622664631462
0.039303220183
0.000133185276
1172.470586877828
0.014633777425
0.092741313120
0.000295045793
0.000668563848
16.204651204737
4.415275693198
0.210689010291
0.753874938755
0.579238631245
0.039771424692
0.000167504058
1274.702552900837
0.015055621364
0.132843840636
0.000355221786
0.000664831251
13.099715237676
4.714901365621
0.195223984185
0.788695978111
0.567710325078
0.030298897954
0.000151491490
1242.816623688919
0.015232321845
0.099599631662
0.000326898707
0.000633360827
15.254618463167
4.833376771057
0.245202671470
0.576420271477
0.639673434840
0.025081712833
0.000169139083
1311.074622347517
0.010615289485
0.100784068975
0.000334903575
0.000430847665
18.682531144091
7.365176554032
0.184371117185
0.540460891345
0.424369378161
0.021568098588
0.000142079968
1300.800368014937
0.013651857000
0.166496458110
0.000275400199
0.000496704079
14.069018828812
5.623682514116
0.266724887334
0.211115817801
0.689178692118
0.032135277495
0.000046368153
693.456413777589
0.012502365787
0.141423293419
0.000249597406
0.000498199716
16.483247368059
6.130054575623
0.224838604252
0.819861930143
0.737881798245
0.022117980285
0.000089580852
1367.894715357272
0.012347875132
0.110256416760
0.000348661241
0.000582719150
14.390306025792
7.092771099299
0.142511388087
0.639424557140
0.415768333572
0.031871963832
0.000147686566
706.037253134238
0.010177937678
0.141944502672
0.000387913479
0.000484867184
18.116862787080
5.854197806455
0.194636573344
0.687243680883
0.619949759046
0.020976555553
0.000064664687
1230.879321109229
0.014277940841
0.150211070371
0.000259518510
0.000434218138
15.418062686903
4.522733868985
0.201242966649
0.796143597458
0.681930853666
0.036659174654
0.000086948393
1319.650199176315
0.010920538686
0.129839090833
0.000376441311
0.000632089993
12.067735999051
4.433849581039
0.332682043151
0.336244140024
0.339685440217
0.039678383980
0.000046647937
1273.258286974105
0.010679065801
0.153756912610
0.000211685335
0.000422116170
13.089910475961
4.504957276412
0.199717331516
0.845876683201
0.706936231583
0.035791770160
0.000090973462
1304.516629928055
0.011961120743
0.133259344472
0.000219120873
0.000649161260
12.147172537424
5.365507473739
0.184979540833
0.612351247588
0.579406149236
0.033283268323
0.000196972485
1291.064442372696
0.012032057132
0.104404109902
0.000346798579
0.000456933662
18.237760647257
5.129191607465
0.333904563560
0.781370695447
0.375194208697
0.030986432323
0.000134874557
1300.676729805917
0.014305918514
0.128341659535
0.000280204142
0.000498098279
14.128631361589
7.466039777008
0.291729890148
0.476907356969
0.671494457335
0.036464188223
0.000065803810
938.578068670275
0.013922484980
0.115561071737
0.000301387187
0.000776180072
19.291493938077
4.709404413518
0.254974895731
0.575404107418
0.682403999706
0.018167981195
0.000124825172
1259.827388085969
0.016813845691
0.149485380157
0.000349563728
0.000439128879
13.923687149239
4.162160421791
0.190278909436
0.911471367625
0.593097779172
0.032963788892
0.000196701185
1246.723309937866
0.015652666995
0.115303623626
0.000341859568
0.000496177906
14.260520092012
4.519237275834
0.296443566139
0.672345166437
0.335881670701
0.032576426841
0.000060981396
842.945239721003
0.012166180160
0.149553734968
0.000258201985
0.000460114240
16.285722355513
5.640855479130
0.306563181472
0.647189029915
0.439492675918
0.023904354389
0.000067794197
1245.341710699609
0.016337801225
0.146997060390
0.000235867360
0.000689970590
12.131886008903
5.601418083965
0.268131483914
0.807763521193
0.235752789280
0.036581442270
0.000054224459
832.825649776753
0.011741872463
0.093439754841
0.000299371931
0.000571109543
15.410040773733
7.098919034334
0.188316443221
0.404415972391
0.691291199588
0.035856420723
0.000047873670
663.408663344141
0.013990136294
0.120942300976
0.000318887606
0.000550865485
13.899395116813
4.651287387575
0.243111613573
0.807648077395
0.503017578712
0.024390395167
0.000062845338
818.076145145030
0.013799969768
0.170446072812
0.000287451905
0.000651004313
14.985612197829
4.749281300675
0.142327434236
0.933294718049
0.499434044989
0.031502251498
0.000145234982
1235.321305989874
0.013710944437
0.084124921016
0.000313193269
0.000428407960
14.149616921462
3.727069621833
0.242308589069
0.860558268695
0.460645598603
0.028420668861
0.000119438549
839.072482164436
0.011240939620
0.122272670114
0.000256857992
0.000605125888
10.905051485443
5.098467263416
0.257007109405
0.974612915364
0.412508127491
0.019103979311
0.000156691045
973.458257383201
0.013555189411
0.162564436327
0.000335025794
0.000581224789
9.897235277428
6.538332178564
0.299998711914
0.746876240752
0.435361638120
0.041383694890
0.000116546249
1187.587627221634
0.010627135986
0.164800273709
0.000336362579
0.000388284274
13.316885673885
6.423563178208
0.167972450439
0.586102209580
0.712570071273
0.029169553681
0.000090198456
1339.693285742689
0.012794202616
0.082902776049
0.000253891355
0.000445825930
12.387996296359
4.277459243201
0.268303320743
0.917616936167
0.584020135134
0.020890207542
0.000067708986
906.942466715521
0.018183547748
0.116228763884
0.000258239895
0.000420458406
18.121341842843
6.935550113314
0.166321359116
0.098205120346
0.533024929965
0.026869286670
0.000056198274
1078.637092915976
0.016011853078
0.121384814157
0.000223221846
0.000522940645
12.412298867286
5.464381443993
0.147792677162
0.649787159466
0.389617283455
0.023044622629
0.000044109038
885.923603954230
0.015211295377
0.101746089362
0.000320100465
0.000692767264
15.278468321459
5.729828933519
0.302700012177
0.751610640371
0.637230784164
0.038752441536
0.000119113905
729.700317158279
0.013271212301
0.150444562970
0.000377438713
0.000743366212
14.584391939499
6.257980940013
0.184862850502
0.817940211486
0.728788724429
0.029499972931
0.000144844581
757.622378659667
0.012227923480
0.145324422004
0.000341145078
0.000582035783
12.807056204969
4.839486239069
0.202736543117
0.871570461189
0.535786925497
0.030740372287
0.000135738171
1358.598616704371
0.015567319713
0.099907484871
0.000264675668
0.000640443933
18.000463286440
7.140509566647
0.249541712776
0.794019766671
0.619620511257
0.028631076238
0.000077508016
947.995746674255
0.011592795462
0.101172431648
0.000316167318
0.000635888783
11.418522872718
4.139532547206
0.283719723687
0.893397628337
0.588511620056
0.029800276393
0.000173773890
1364.124491907637
0.015698804905
0.104747034025
0.000262628107
0.000597505236
12.641091003380
5.536429997122
0.176644575468
0.684479625804
0.515213400722
0.028278457343
0.000141758014
1245.067524428095
0.014496372013
0.082975224242
0.000304236619
0.000517289185
19.015931344916
5.385943536981
0.207032593314
0.216552122746
0.574929015969
0.033811235361
0.000042364902
747.818934266621
0.010462504625
0.145674122788
0.000209281915
0.000654358831
11.748296849705
5.898421684676
0.223656636821
0.897080657255
0.429201121950
0.023440963235
0.000104226927
885.736421706476
0.012818982891
0.145166955865
0.000266091522
0.000701079342
16.078350329869
6.305690139037
0.238448595382
0.726124198692
0.445278865187
0.034287721905
0.000137603072
1097.248132276030
0.013724283970
0.152751844200
0.000256412934
0.000543514012
13.516861122347
7.038280739466
0.274380865087
0.865318014540
0.681210384656
0.021678257487
0.000068871910
924.698820929687
0.014633594919
0.111250996218
0.000369651287
0.000699193971
15.008581194879
4.546086686204
0.225698781421
0.489959515965
0.597528249774
0.039251968961
0.000155370458
1326.271839861644
0.014294581075
0.110044609220
0.000358140472
0.000506567588
13.756490418420
5.039650080543
0.225303131024
0.517902925829
0.629656891030
0.032074945538
0.000130018512
744.017887581127
0.010461937277
0.149655011835
0.000319584381
0.000397610598
9.020448700619
3.775174506081
0.266190869814
0.908639244772
0.532425090688
0.037296574228
0.000102913284
1340.731760807826
0.009396128615
0.139505788579
0.000346138297
0.000370216715
12.960751830952
5.332960384630
0.157869024859
0.821937435000
0.591281911040
0.034558307592
0.000218952756
1217.900660827353
0.015511157128
0.087420347401
0.000340662920
0.000505724275
12.842435577582
4.119999125984
0.273535419822
0.296398889334
0.355901724290
0.025667948470
0.000053197524
1215.955410514578
0.013525461299
0.148750408530
0.000290664340
0.000783938366
12.749359355735
5.774831600765
0.149605186944
0.870142288391
0.558355079584
0.034451525793
0.000132506123
1290.790658572570
0.013275232290
0.115858338667
0.000349045898
0.000551057147
11.439014812354
6.436915137110
0.351108899650
0.934046448652
0.642125885976
0.022171353654
0.000097187174
1092.153489096575
0.012515335686
0.132735894319
0.000249835910
0.000582708174
15.923101962673
5.199848073587
0.295407604745
0.407314955740
0.540534726558
0.030666914743
0.000053228193
771.877545459327
0.011363204644
0.123121395799
0.000271835194
0.000570563426
12.817091882164
4.803556262064
0.202161395095
0.807156384498
0.544081741268
0.035717074644
0.000146907369
1212.587658398422
0.016127557158
0.125041357128
0.000280634876
0.000586910537
14.204071632705
5.477021358036
0.185051771695
0.857813927665
0.709821085202
0.038045188202
0.000187813312
1325.491159329013
0.012358109872
0.106499716615
0.000322570642
0.000524922289
10.600456371236
7.011187220515
0.304596140711
0.932635225421
0.596869885685
0.033265153864
0.000154551297
1279.805626835098
0.013938006367
0.116753570912
0.000238755764
0.000653442437
17.130048159062
4.225207238472
0.205847702749
0.961813183995
0.391178338160
0.026881536368
0.000099815489
1328.566822229408
0.012228011375
0.136949311034
0.000255082612
0.000527568914
16.868097442741
7.001127850460
0.173309306145
0.723157942700
0.721056946135
0.029047840734
0.000117231369
1205.944798581320
0.014089020870
0.119570909063
0.000228613359
0.000385774418
10.699360147211
4.527543851544
0.216939596344
0.813070668939
0.617814799818
0.025795034355
0.000188242999
1331.730025933417
0.011910043601
0.089560542521
0.000226999954
0.000515802922
15.526773821251
4.173758603656
0.203655833704
0.923256899253
0.733819117769
0.039304832800
0.000101573215
1252.704042815567
0.014932792869
0.106115315942
0.000270545338
0.000482859959
11.950564765929
4.669279935681
0.185364910348
0.831119252926
0.739850746570
0.026834952710
0.000099190436
1153.815677283142
0.016028387119
0.101336260496
0.000228261579
0.000390767385
10.931533584393
3.710923859596
0.198599626253
0.840008913047
0.516680933735
0.027163952649
0.000100124864
1209.973522235257
0.015309847364
0.146704423620
0.000284484029
0.000422495598
11.590879266095
3.935620595191
0.308649905676
0.936104368572
0.521268507453
0.028362802644
0.000116665028
952.195354801027
0.010332153479
0.136091010072
0.000238272441
0.000536602037
12.528113980076
4.149639776638
0.148336761944
0.621785530388
0.358882456582
0.024820284514
0.000044218398
1209.903927116542
0.018698012122
0.076382850680
0.000234362483
0.000641329896
8.910346081079
6.304103589770
0.358223948250
0.977886844924
0.724506392951
0.034291034308
0.000164251227
1285.543305757820
0.013907812759
0.110219031151
0.000225724687
0.000542137165
12.479470757523
4.969020559602
0.176784323140
0.562640346026
0.606022595932
0.029396570860
0.000167556038
1301.124035228828
0.015324221006
0.086738448268
0.000299247592
0.000536858830
19.315063396648
7.320679273462
0.155081149990
0.333831367858
0.517331543512
0.034381307238
0.000078136664
1380.782729090902
0.018715042271
0.115867908196
0.000183742992
0.000595676684
9.233226557018
6.928323393323
0.157894670907
0.139003315223
0.652476906957
0.027172444316
0.000038767784
1260.587982402580
0.011360725369
0.109500703399
0.000194907160
0.000411992213
10.958686956551
7.283902867022
0.257957337118
0.877185238649
0.392339322262
0.029578109072
0.000115672491
1010.763643491188
0.014405598416
0.160209558140
0.000259794420
0.000551321979
12.466423659220
4.222788753339
0.175263268274
0.898506054532
0.480939177425
0.030932289012
0.000131132122
1315.272840866391
0.017593635822
0.099938462960
0.000348707560
0.000444808077
11.609191115524
5.704344750188
0.285383592456
0.738641434364
0.422872750381
0.032837178353
0.000115355946
1027.704550981381
0.012212517099
0.131535550138
0.000281746346
0.000688918049
12.644543858612
5.716492901229
0.135861285464
0.904722780547
0.466733457244
0.028120560589
0.000111241230
1243.804575501083
0.014878598086
0.080689192459
0.000281047927
0.000447457592
13.094007129044
4.973070132193
0.165595443520
0.725660135846
0.554569501995
0.032386064485
0.000232907962
1355.040528264162
0.015023961230
0.092384971506
0.000274939605
0.000577088141
10.834791353626
5.749549975269
0.183680125033
0.691018872033
0.416604262751
0.027450685907
0.000071452890
1275.509691507256
0.018766829708
0.151486394922
0.000244420204
0.000789212067
13.193276738417
4.384519351947
0.283641349222
0.574942079401
0.494105261387
0.030441121268
0.000040495772
936.001441394139
0.015008333076
0.149145440943
0.000354750238
0.000543315026
16.400731250938
5.184343874985
0.157434648090
0.912430311301
0.337899807597
0.027607613570
0.000055010880
1110.427132150475
0.013036128462
0.143347241507
0.000290478891
0.000751167451
12.781220529456
5.061249994777
0.216943576437
0.670034754566
0.501417184043
0.034044830099
0.000154946676
1227.678360302257
0.014507114059
0.097464395513
0.000317001262
0.000512224267
9.773706147988
4.003175595090
0.274090659944
0.931311079820
0.335688176839
0.032979069456
0.000056883322
998.643695767519
0.016325892513
0.142153603922
0.000281967675
0.000533874650
14.924082406095
4.550762645722
0.272546815291
0.643075423817
0.662844863243
0.034931109295
0.000128720186
616.468306744898
0.010653503878
0.128324896466
0.000260803368
0.000439324704
11.260754843827
5.239537223462
0.289624918010
0.899998554880
0.315618069416
0.018128942487
0.000158388474
897.530028903122
0.014064799855
0.139036419142
0.000338334403
0.000625443776
12.881930544413
4.024622777370
0.195933135962
0.764958771909
0.512476340296
0.025662792945
0.000095022077
1337.796717193753
0.016860560114
0.105977281892
0.000257311431
0.000423720134
11.294512249954
4.586535078481
0.149562407746
0.613425476345
0.581489918070
0.029325450262
0.000141756345
1313.398800644381
0.015158654027
0.082075038045
0.000272968827
0.000522559579
9.447634416255
4.502352211049
0.336657468689
0.942658733273
0.451648308220
0.029671839835
0.000156577294
998.951608922175
0.013626328262
0.166821626768
0.000368040171
0.000799227181
17.504707495181
4.124775081260
0.173637630930
0.172511753634
0.519574403869
0.023518119741
0.000047348311
839.762007859300
0.013739649250
0.104600272007
0.000284813454
0.000408489639
20.136852919715
6.651724830607
0.157631529765
0.453869201456
0.367423042640
0.026913786532
0.000068242302
1152.339442164604
0.016225568537
0.134855288194
0.000223321128
0.000602865866
15.445863788232
4.940209042709
0.170654873067
0.927838225700
0.382768207238
0.032942624879
0.000107863729
1305.644357487888
0.014118760686
0.122219724039
0.000354494598
0.000602206928
14.466651355321
5.614004737546
0.202626352388
0.817294405984
0.570144722367
0.026780143364
0.000138063038
1299.259414749863
0.012325536548
0.096806433801
0.000298485349
0.000484109459
14.702083565263
7.290139133877
0.251203851010
0.843219907538
0.414688464396
0.026291812724
0.000115653730
994.917466496968
0.012426442568
0.160588831980
0.000311831919
0.000765956742
14.962602895479
7.392867089161
0.307629084715
0.900368751047
0.515449936320
0.022283537849
0.000153286599
1097.536454395680
0.015615504941
0.160270342647
0.000249235758
0.000653139914
14.020341243341
5.518394266156
0.144848074104
0.961526920156
0.524658342141
0.023099052290
0.000068839717
1366.977424793988
0.016341201032
0.090610068819
0.000324383644
0.000744016837
10.872488508179
4.455757189261
0.273395196033
0.551796252611
0.568170360592
0.025956914967
0.000150991726
1334.108666881983
0.012943482552
0.128422775396
0.000303567845
0.000685751872
9.737978862343
4.780612297993
0.318749199145
0.924133894408
0.283125824279
0.029808155656
0.000057773481
957.067292352307
0.016555205960
0.156668101590
0.000382688266
0.000543739513
11.801300979923
3.355997971455
0.132764731480
0.418634055652
0.541312851851
0.037015542451
0.000052203565
1121.887102464842
0.014278581916
0.109075441318
0.000336897089
0.000783497490
13.628925970894
4.766161438242
0.170171542739
0.679695047242
0.652745210476
0.038397905684
0.000211389093
1311.860151444590
0.014122393156
0.082600871411
0.000284986456
0.000592529371
14.349617540389
4.470189935814
0.201042906534
0.592276479450
0.656781296748
0.034452524668
0.000188223889
1300.915933436988
0.014299367130
0.079122010567
0.000296024562
0.000536114491
9.365626354528
6.902653913459
0.240594309585
0.822364918246
0.742388358448
0.028911976954
0.000096702305
1281.577582041084
0.016292387665
0.121016396619
0.000204850054
0.000452707752
13.802876648241
4.618273803098
0.210548901141
0.672504111870
0.701380708793
0.031838574388
0.000175095802
1317.690920009782
0.015688183490
0.108528431047
0.000262634153
0.000513333641
11.895325343594
5.188741432640
0.295039752761
0.556166284069
0.694722893715
0.037314071983
0.000129563363
1180.976246545980
0.015295862021
0.086348003013
0.000307967782
0.000549118926
14.215273562873
4.979772834246
0.178454250174
0.694332020507
0.621416368810
0.031829073061
0.000220630403
1356.403661507054
0.014071376396
0.102477987268
0.000283993840
0.000485241327
19.837734992574
3.966512972605
0.337409148370
0.407859911364
0.369203603907
0.026840761217
0.000046730189
977.224789040926
0.016287093142
0.121458059043
0.000342756200
0.000765643876
20.045571994258
6.116778745370
0.170565441635
0.823950133703
0.500735034912
0.039794070687
0.000126869080
1375.209422276333
0.018952932893
0.124380037432
0.000281524582
0.000464663288
15.291159619865
5.692440313309
0.202910073622
0.771486969619
0.651844491859
0.026063196031
0.000138806135
972.185391535765
0.016298976938
0.101536533931
0.000292402792
0.000621064891
15.933582634624
4.742379266132
0.137380920419
0.845720272266
0.446322243045
0.039210645203
0.000115528230
1310.312458607156
0.011741977443
0.120853768282
0.000220322965
0.000417621868
11.994923190924
4.740241737526
0.178055125946
0.992639360623
0.442257243927
0.030779551574
0.000141564208
851.164105106859
0.017757875778
0.131241738585
0.000264894062
0.000662974595
16.063683218537
4.780398492453
0.155104438743
0.740857356114
0.537443846977
0.024816030815
0.000116887692
1234.517709144529
0.013082308173
0.100521252151
0.000346091489
0.000436231154
19.409666341920
3.722628038756
0.213949264412
0.608139191072
0.682107736285
0.019481324575
0.000179237352
1163.281689460004
0.014558285412
0.103538631399
0.000341409964
0.000407451681
18.260728699175
4.417929748573
0.150599856008
0.805866940327
0.622918552226
0.029875045305
0.000143505827
1364.902403805336
0.016034538868
0.100118595823
0.000255902050
0.000680892737
19.465302094327
5.360765600735
0.203744108227
0.248824598086
0.432411662271
0.023604875532
0.000066883560
1181.923043248690
0.017159921972
0.094689874958
0.000337586971
0.000447758900
19.087085804939
7.422153196288
0.241853748248
0.647045355692
0.379139770297
0.034038855704
0.000067202671
1137.090980656469
0.019167999186
0.144581696301
0.000211041863
0.000716125869
14.873792416626
6.084179768478
0.211564770767
0.851507410378
0.578190092387
0.027466769768
0.000118095184
1318.364398317126
0.010149678619
0.083438661998
0.000370947801
0.000673814814
11.750516780946
5.224871703078
0.181376392733
0.386019991739
0.412897408213
0.021135486063
0.000053135909
1207.141617199915
0.015345680036
0.137067328585
0.000280339660
0.000756036286
13.822232865301
6.916090890278
0.281045958313
0.870445527085
0.262887634692
0.020401848679
0.000149921752
1170.240485594227
0.012591086283
0.113249060404
0.000312848949
0.000532512946
11.743709465673
4.830627534417
0.140939454145
0.306887095115
0.713218454988
0.024524100391
0.000077821765
1309.944066147676
0.014365986562
0.082333087719
0.000332091825
0.000642616328
13.901957216205
5.177343621639
0.160188836145
0.526520987994
0.595093667730
0.034277200090
0.000152246945
1256.888754380511
0.013228876805
0.094842903701
0.000252888379
0.000485941628
14.307481200542
4.285259202063
0.326792157309
0.477231030948
0.489789534328
0.033253499791
0.000048869548
677.876273797805
0.014914746607
0.155595283574
0.000323249051
0.000524874384
12.585169497698
5.995289426151
0.224668419108
0.630072663167
0.348610220649
0.039635839998
0.000069527574
1102.743173418165
0.011008839624
0.085277491856
0.000291572542
0.000659398327
18.196941759502
7.395310693332
0.191386403185
0.908472062217
0.490809885204
0.019728207662
0.000081547245
1203.445932970741
0.016556387699
0.118641336498
0.000255745682
0.000760195174
18.995304692536
6.136107371618
0.342720749382
0.704094677822
0.356848425626
0.038083170406
0.000086920941
1380.148510198185
0.018185239111
0.118567628300
0.000359842793
0.000396117459
16.760081334881
4.371155064790
0.285241526908
0.733396002070
0.499795547417
0.029808438229
0.000134419351
1349.270766339676
0.011758192262
0.141342407162
0.000354037153
0.000719541094
12.371493511147
5.743479539297
0.192458842460
0.676344248077
0.681898752142
0.027518632629
0.000128233349
1274.391563841677
0.013260517094
0.102298222806
0.000285972717
0.000497239110
18.583598832203
5.110785183942
0.158613256434
0.565465658407
0.634693310391
0.026073934914
0.000154207385
865.560970701882
0.015640410374
0.120914148083
0.000303311243
0.000451279214
13.874612100412
5.678054586216
0.223462065959
0.514396440514
0.675820183665
0.037200495181
0.000152641831
1322.941232406970
0.013447373213
0.100578193818
0.000305206036
0.000483861597
13.556425853280
7.110691057853
0.345139622647
0.807889607621
0.465171121766
0.027042001098
0.000085176436
1281.242364046582
0.013307830886
0.106338119129
0.000276158522
0.000436099147
15.338722626106
3.565005866755
0.264415686382
0.783673628928
0.438232061521
0.034156675031
0.000113517136
1184.054135412536
0.010581692545
0.153035071311
0.000257930359
0.000685671362
14.260057602721
5.328435778758
0.127183473866
0.864530129127
0.503151428043
0.027586592918
0.000145516651
1355.069523994799
0.013772500071
0.133569604209
0.000347339157
0.000553892369
11.295298202450
6.471625859166
0.303082313924
0.905551555098
0.672056118638
0.035313319422
0.000112369288
1080.390602446719
0.012017068101
0.124101978041
0.000234655475
0.000742673112
9.421886103416
6.177247280211
0.154594300413
0.946228749156
0.680427002471
0.033193673521
0.000147458768
1251.662976568473
0.013040867407
0.163824529990
0.000284031354
0.000800636923
15.471390269028
5.223853994686
0.258284456587
0.723968518288
0.436236224908
0.026385020724
0.000082621662
1127.127924235134
0.012326491307
0.090239051624
0.000362529583
0.000591027806
13.965007080370
7.289791510755
0.342442183172
0.286512988875
0.688876312075
0.035088699968
0.000038824440
1059.525784999348
0.017664055518
0.145673145583
0.000194106995
0.000474884081
14.366193528624
5.011508682007
0.243409407859
0.582432713304
0.659452002119
0.039934356678
0.000066997243
979.892329117233
0.015372362371
0.148061620545
0.000332555410
0.000632681090
10.770005901723
4.358980308529
0.146321735205
0.828425148499
0.678586567609
0.025424863268
0.000190567088
1312.082389859484
0.013036954478
0.098475998789
0.000263538281
0.000439122586
9.291766449059
3.599769388472
0.344365978092
0.299727248403
0.596969594951
0.031545185752
0.000052377979
1163.353284025711
0.015292572534
0.087309064254
0.000243275292
0.000749900332
16.142605063746
4.392213165028
0.248472713293
0.905741730824
0.546665086689
0.026303010991
0.000122248947
1343.196620619364
0.012229968753
0.099098168855
0.000354041036
0.000553898963
12.246368779598
5.809264037555
0.177514658317
0.909084584218
0.673736530897
0.038178712841
0.000107573152
1231.084306005330
0.017973971592
0.122976370625
0.000240901438
0.000411171211
9.677056198612
7.186236407991
0.195466095012
0.650635510512
0.620995292560
0.032676995816
0.000172371528
1331.945947176697
0.016614806395
0.090571769828
0.000343056295
0.000601181970
17.188651903543
5.876821753476
0.181546261418
0.401497521721
0.622067694899
0.027481637563
0.000165457377
1303.241375585323
0.018349513851
0.147501094726
0.000224580877
0.000538557079
13.147011451528
5.219631331637
0.253707673754
0.794631719849
0.647595642549
0.029491164327
0.000127948224
1273.179434229457
0.016439892429
0.085464246532
0.000336958270
0.000593631923
9.955573773112
4.747674348240
0.123978534994
0.885164908011
0.440809355229
0.040600161241
0.000095202649
1208.246134095099
0.010929067782
0.112977665855
0.000382876980
0.000446692414
11.666737964714
5.252779052181
0.193442374534
0.592584106942
0.599325829766
0.028752580949
0.000113298939
1338.697020293492
0.010653716871
0.109757215398
0.000326641419
0.000525528197
16.195887305800
4.690212120537
0.175097290116
0.719753131249
0.644202206262
0.033835841421
0.000131210557
1215.520728369555
0.014489602390
0.079427417000
0.000278934048
0.000429334819
16.914823709452
4.550689320598
0.260389684321
0.836284714351
0.436386476571
0.018044198678
0.000060167893
1125.415664081062
0.009737533852
0.090912062346
0.000318667458
0.000818062332
11.211439920186
5.679098228812
0.265099304780
0.992562329562
0.279531517079
0.024393239366
0.000134144975
884.242686304657
0.013653873318
0.153328241901
0.000330941659
0.000638114593
17.091246312943
6.894952962674
0.321767724285
0.756322734954
0.643394747634
0.026660922623
0.000167728967
975.288844807689
0.016970973961
0.098859469594
0.000354336637
0.000717433544
12.290322822968
4.484005788488
0.290138260483
0.958842579872
0.584787927204
0.028208017731
0.000161657216
908.274904938423
0.017909303710
0.153463874482
0.000239889625
0.000529020716
14.909716290883
4.381828716995
0.125524644823
0.727245891427
0.620181606138
0.028065679960
0.000104382916
1246.931610030287
0.010900093993
0.076029138057
0.000283010566
0.000443687200
15.778866750770
5.258240234135
0.138115572074
0.767504305587
0.647844765442
0.032844095626
0.000157081917
1362.728608203174
0.015639435551
0.115900570483
0.000333278584
0.000467362191
14.116854928178
6.641939492423
0.323623493293
0.521027147529
0.447052299083
0.018503620835
0.000047193826
1228.370822580157
0.012671253259
0.162668530759
0.000224330962
0.000671217725
12.564479287713
4.922985405047
0.228084327426
0.960150627016
0.377800344279
0.022470554007
0.000119209641
863.840477580610
0.012849664701
0.166097336400
0.000323850524
0.000659212476
17.299245199084
4.063645234956
0.287280642883
0.794014124400
0.403714606847
0.021113445938
0.000092358571
1236.643616521804
0.009353931590
0.117181947903
0.000291258646
0.000494214500
17.515473916025
7.164092071019
0.191368663302
0.781660774398
0.364541719054
0.031722021610
0.000057634192
827.668431504210
0.013230560565
0.133400779666
0.000333836277
0.000588271483
15.649266267475
4.406401431309
0.160044878963
0.501411894560
0.693782359156
0.031551902721
0.000136142149
1345.572765456181
0.014387231792
0.096532531881
0.000304954489
0.000595328634
12.331159994788
5.298291251240
0.203091073716
0.878001764334
0.502327650179
0.038893673965
0.000229558197
1274.471695993051
0.015681552682
0.109398200261
0.000249761877
0.000544875547
14.392701652909
4.814070126260
0.288333997282
0.793764416476
0.624845606765
0.036547619393
0.000085308480
1067.948635272600
0.018605514515
0.104925132193
0.000327156689
0.000657392635
9.404506254186
7.130826228712
0.339224644941
0.862448890531
0.628319432525
0.034392142734
0.000152685455
1183.047306846307
0.013155934845
0.122493929310
0.000249992529
0.000518064672
12.372690711142
5.172246447867
0.150284875965
0.573560501751
0.615877866367
0.030305075955
0.000193056177
1284.937679718315
0.014503207714
0.078589811947
0.000281755995
0.000541766603
10.770026895230
4.895671112282
0.311162250802
0.902844320515
0.282789874869
0.026754392419
0.000120843843
1153.685222937804
0.010641091983
0.160441638275
0.000375187026
0.000487745275
13.139278387446
3.973189007365
0.185456556701
0.468677491545
0.643219438267
0.026936803643
0.000165473027
1130.989424277981
0.011970570861
0.138303771349
0.000353617199
0.000494191374
17.490633610388
3.931187199906
0.274424932887
0.654126076423
0.743487964507
0.031685223390
0.000053711486
805.115733272212
0.015719958550
0.091740998144
0.000302622000
0.000505671971
9.264870700745
3.730307047054
0.247505515233
0.374947051772
0.530546598258
0.040010131213
0.000049684876
1159.088941209567
0.010790163839
0.131632912598
0.000333670053
0.000617697680
11.136691493116
4.585680500962
0.133656809517
0.636147172018
0.643506419458
0.039136455782
0.000177425129
1280.629674950570
0.012053946133
0.075305820731
0.000303137797
0.000551695116
11.837392977799
4.653157463728
0.164976813962
0.652053186875
0.592545717948
0.036712045570
0.000153238763
1234.295972355120
0.014035281109
0.085928954970
0.000314580613
0.000594004239
10.994051377189
4.095860870111
0.191796250544
0.524972733300
0.563516466828
0.034797625383
0.000144082300
1275.862884006655
0.012832228330
0.088603607552
0.000334522678
0.000689309495
11.136841753517
4.409786141479
0.156209114345
0.561507100536
0.610610458676
0.035978229986
0.000133234594
1282.589954257424
0.012625862262
0.082892681063
0.000313749579
0.000649192742
10.679118836024
7.012338342787
0.278913806197
0.739509059341
0.720941400520
0.029414930524
0.000096681820
1178.732738491670
0.011061822241
0.127080964739
0.000319986941
0.000670818757
10.875962188045
5.396059292025
0.248664581866
0.990193853547
0.335344801672
0.018792542508
0.000135936031
923.063098077882
0.013924171955
0.165746425797
0.000365349461
0.000592816274
15.702992343594
5.403124948765
0.323203557886
0.380090110611
0.652552935014
0.031333232688
0.000059579924
947.800892008376
0.009506752091
0.140082794154
0.000361384595
0.000370065865
11.381305614756
4.764247212430
0.257486663415
0.827607819129
0.355947633682
0.024090473652
0.000182515047
941.364652643324
0.014334868831
0.153423843750
0.000335808880
0.000555143885
14.293232518538
4.812921493786
0.261345244742
0.880430922615
0.653732299514
0.023036400452
0.000077923369
1131.965222937547
0.011363965050
0.117633329822
0.000216368489
0.000495882391
10.731895298175
4.239305400348
0.146708754864
0.508563403334
0.603295016414
0.035689670111
0.000075542988
1183.798746373565
0.014112908326
0.109374994672
0.000319939869
0.000714027138
12.025468242580
4.449617133357
0.142421844982
0.589539471012
0.655128138073
0.036149609357
0.000161732901
1315.989537722957
0.013306818295
0.082316499809
0.000314566278
0.000611942742
10.396871722864
4.116841464458
0.139601993324
0.593901477079
0.623061259338
0.034732766858
0.000096965362
1267.024678646501
0.012860579051
0.088128834766
0.000334517248
0.000689497219
11.548226605712
4.436279589299
0.172951335905
0.564926918772
0.645978239081
0.035741770650
0.000148681898
1307.376998386172
0.013366445721
0.091252683164
0.000323579654
0.000587880082
16.683305583308
4.328843458044
0.230717856656
0.209991177045
0.587939781417
0.028903191639
0.000033052135
752.873199168950
0.013323369297
0.130033369853
0.000310535087
0.000361800549
11.610821021961
5.265253711916
0.250366491271
0.906037502707
0.299632630502
0.020287631114
0.000143075975
960.287216970830
0.014208848061
0.165756846396
0.000366460138
0.000619565915
17.185512235348
7.179204164512
0.211043447501
0.715500849125
0.397996157847
0.020194047362
0.000189968625
1287.015886792765
0.011696795390
0.136459704840
0.000254968146
0.000659449818
15.679484430593
4.941844441719
0.279958962209
0.348665652832
0.695040634535
0.041712947539
0.000049756883
727.775033432041
0.011828067709
0.160978122785
0.000363117442
0.000388778694
13.575073235739
4.971193216049
0.180884601951
0.378215131598
0.349420695183
0.031635659361
0.000058724346
1267.329220374092
0.012393450471
0.131915848043
0.000302720058
0.000739866411
10.215931561617
4.007164288648
0.143360110522
0.469639667709
0.579456877288
0.037407955641
0.000130179394
1259.466736416670
0.011974290715
0.117437113419
0.000330790315
0.000711340408
17.550976525666
5.638109816531
0.231750436012
0.662039030185
0.331055705908
0.025405499796
0.000077129219
1218.146964369838
0.014403862689
0.144503654977
0.000227063997
0.000557056060
12.017834032238
4.524679310648
0.184166181022
0.615273470204
0.634910217264
0.034724335851
0.000100743359
1207.017688576370
0.014795278123
0.110812394109
0.000339710736
0.000638459683
9.461606386295
3.706911367335
0.158583717697
0.281286317394
0.568513765560
0.035687243043
0.000065154209
1252.332740278029
0.012217377133
0.087456858893
0.000338463251
0.000758883423
12.469301375971
4.300624756340
0.181423282248
0.625223906589
0.633630631153
0.037746919073
0.000134562682
1179.219655513784
0.013356120718
0.107627189063
0.000316001269
0.000699341114
12.450686095552
4.945097630026
0.170727036935
0.481808744702
0.697089166422
0.032955495623
0.000154925523
1262.160121236727
0.012030564929
0.112721375664
0.000313816235
0.000667139042
16.614968445153
4.090087510197
0.210349726629
0.149785896184
0.595567864254
0.029893452137
0.000033001259
762.683925727132
0.012624444170
0.122731026436
0.000328908278
0.000381375819
10.818641570547
3.758982613804
0.186503984268
0.518282377429
0.605345793598
0.037742919524
0.000118929842
1181.180541562486
0.013206979388
0.116393666427
0.000338411166
0.000762502992
10.794772188513
4.429181005319
0.145933042637
0.483610445143
0.590889387017
0.038452826972
0.000123380437
1337.002324528353
0.011122232373
0.080561998897
0.000342841671
0.000647287239
18.927150467019
5.383492067136
0.214085206567
0.638789444586
0.450095761949
0.037519841419
0.000056700862
820.509377042406
0.012007312121
0.152472077470
0.000373445970
0.000448978553
16.104946461830
4.549955390071
0.208322709412
0.324796085525
0.604176551003
0.033594770607
0.000049834502
668.739576917047
0.012502491737
0.158524477051
0.000349043829
0.000420808644
15.763922055713
5.320130440537
0.290307692430
0.393433981194
0.700299055016
0.039268863094
0.000035420625
615.974634054363
0.011607690882
0.140646767882
0.000332600469
0.000425624067
13.450657649636
5.306724218658
0.202408284304
0.637079879736
0.635153664078
0.038496932071
0.000166119857
1238.120838221607
0.015916547957
0.074491060720
0.000289967607
0.000584428539
10.069634888364
3.863027055559
0.167419271819
0.279953286737
0.541081271250
0.033870208917
0.000060832983
1277.607311448642
0.013286172393
0.099087717387
0.000313436903
0.000726541596
16.771352074585
4.919805933304
0.320630115826
0.456126981972
0.586054765970
0.033971786583
0.000046046365
623.831025928258
0.011710456395
0.157709598613
0.000351144093
0.000562451130
16.888594667600
5.265569813437
0.250747473447
0.158147801252
0.582098659130
0.033118306213
0.000025823790
706.620620457799
0.012836566137
0.154032497505
0.000318413067
0.000408378884
11.343487060903
4.695591485522
0.183062395336
0.514532371209
0.611894064426
0.035099342392
0.000125362789
1271.864689945319
0.013203389386
0.094724094401
0.000330198652
0.000574660746
11.190952471952
3.774859498098
0.185515681091
0.474526775011
0.602145059579
0.031810700327
0.000081028212
1234.065290825479
0.013174898019
0.096990795602
0.000296675124
0.000739989149
10.023974746132
4.202306065263
0.128344594852
0.370052440895
0.646282161294
0.035501244440
0.000126619207
1256.476935989960
0.010867162891
0.087255099549
0.000318660579
0.000649396923
10.816485429602
4.412060771528
0.174992039074
0.493367666481
0.556239869758
0.035252843511
0.000139618758
1251.761217810903
0.011927181048
0.086419509134
0.000327037337
0.000699607080
15.723772086358
5.458022112000
0.260202930479
0.304847336370
0.641995370141
0.037208122451
0.000049177487
642.956497864441
0.011666711996
0.165041651403
0.000322873970
0.000414462456
11.276667051918
4.400565798912
0.134110188766
0.525235329406
0.688017282014
0.034495014012
0.000133623737
1312.416378074482
0.011567103305
0.085490247747
0.000329753788
0.000654907954
18.815668444821
5.778418763774
0.183361103963
0.720131609933
0.443899351290
0.025535047285
0.000133555426
1239.860312861367
0.013247659073
0.128784100701
0.000228542018
0.000502316561
16.285080954889
5.061690528287
0.231559210077
0.315322011529
0.634054650694
0.032387539747
0.000043953738
760.872038439223
0.012940308614
0.130567140765
0.000297879791
0.000386865280
15.918485953102
4.901082827131
0.223101443127
0.183115230997
0.586131764855
0.034280041433
0.000045668566
714.588463283999
0.012932964999
0.140669579899
0.000333680143
0.000369421517
12.986128833365
4.606989405745
0.181523981330
0.752304598798
0.657528982558
0.034667262202
0.000203446513
1321.801606489785
0.012788897856
0.089683135715
0.000310349676
0.000477782743
16.704587590514
4.250812699998
0.251560680793
0.275667557795
0.645762158220
0.031374579639
0.000040124404
729.515699002193
0.011717435269
0.140439673557
0.000327494566
0.000358507811
9.229528642810
4.207874756398
0.274387504336
0.431008834889
0.380382848612
0.028004157979
0.000061316374
1124.696759335052
0.011982507398
0.163072753314
0.000217012356
0.000571081633
17.318470884268
4.818432837358
0.278097990284
0.795970262920
0.529833579613
0.031899976754
0.000065955375
800.318335166584
0.014268569978
0.135667477003
0.000297766594
0.000581980419
9.805126967236
4.465804335177
0.233860773439
0.583075645105
0.607486889795
0.038463711023
0.000138962533
1236.371805167746
0.011884682352
0.076303166800
0.000302105772
0.000702584590
11.144190238035
5.664644195040
0.217552533250
0.951374224368
0.274620923407
0.021490756850
0.000150253667
960.679559078807
0.016417603953
0.140880269782
0.000335077033
0.000605447455
11.432839152928
4.408687783173
0.189792556660
0.637488356593
0.594408342375
0.032602829394
0.000172943707
1270.098133335435
0.012770327255
0.087671252638
0.000326615380
0.000563036272
14.716643221392
5.257997895157
0.285421447094
0.377740375586
0.662365143606
0.040821591333
0.000047468716
994.997666215057
0.009984553878
0.164689727788
0.000344875315
0.000462981404
16.214964467325
5.028164655483
0.237748940572
0.299747902980
0.596338645023
0.033566811558
0.000030086715
739.059958085916
0.013201016719
0.133293251624
0.000313896615
0.000367614960
16.474781981776
4.859134271192
0.236025847223
0.268952284500
0.575937737534
0.032268479992
0.000044799113
712.702618539136
0.012514222423
0.139050812957
0.000307170784
0.000412283255
13.731832517936
4.746268021624
0.199056665709
0.758061985746
0.643060233736
0.036204478786
0.000198752695
1262.597052689618
0.013386528679
0.092146501684
0.000264353426
0.000593381205
18.408521440656
6.074862176365
0.229682489238
0.656346571999
0.343120095781
0.027924194938
0.000049572144
1166.947775973480
0.016343156006
0.154704126116
0.000249756376
0.000472267541
10.675657128448
4.190136202814
0.184450517131
0.475867752180
0.590559660557
0.034560803880
0.000129939377
1242.347709898805
0.013493373670
0.085123681678
0.000331954171
0.000649450784
11.003261968722
5.520170247695
0.283775326594
0.965202832486
0.423611307996
0.024947055445
0.000131921204
998.635649461728
0.012424481644
0.130340862653
0.000343146120
0.000594966929
10.895010724062
4.697509424419
0.149721345432
0.738787516021
0.710061617086
0.028061974634
0.000149152488
1327.892340674528
0.016881048035
0.124699815535
0.000296805673
0.000761853436
9.990312346919
4.435745053422
0.148708097371
0.482241738404
0.674800078177
0.039795506615
0.000143924229
1272.249283890724
0.012542240575
0.083377380016
0.000321916081
0.000612994348
17.275614531861
4.972358114115
0.189765752038
0.215766899507
0.574872600620
0.035312534070
0.000047493863
759.248763765457
0.012275127135
0.128025599837
0.000320528346
0.000388461819
12.192115525543
4.304041669556
0.171691913770
0.616857761772
0.660849375464
0.032379583962
0.000145326331
1277.570880598540
0.013113779809
0.110670881047
0.000342570417
0.000552604176
16.411957066191
4.766991733792
0.228552470284
0.269818416049
0.608237338271
0.033237870607
0.000045193635
682.422873722539
0.012059432194
0.137816959875
0.000327260353
0.000431162050
10.635291623049
5.189903598072
0.238993074251
0.956772453085
0.321210692777
0.027416248719
0.000154259112
930.617832058662
0.012939547159
0.172217067403
0.000355800274
0.000623506630
10.822947021237
3.594760651984
0.124124965320
0.699716580233
0.686479440259
0.022642810258
0.000068781180
1199.229795078797
0.009271817600
0.096723367452
0.000304703720
0.000520587673
11.016579406412
5.138601500896
0.261865877501
0.984112754168
0.327220227705
0.021396332605
0.000154047116
959.187084705328
0.013746009256
0.162310079100
0.000361678943
0.000606804776
16.115273986537
5.020915517034
0.315606873435
0.333387127988
0.627910139716
0.037414904954
0.000041713770
664.382759145381
0.008981090948
0.168648836773
0.000391643501
0.000400206312
9.757767848860
4.344859232478
0.187771124158
0.492295956031
0.504275958978
0.028260524909
0.000144236534
1275.263976005010
0.013420289446
0.114086593681
0.000362334568
0.000514223261
10.471714430909
6.073049910103
0.192971321651
0.858233283269
0.548489569035
0.032134449486
0.000149980402
1294.018004991335
0.015844636037
0.112877415500
0.000270772385
0.000438031302
10.955550660173
4.546883988212
0.149875762259
0.537775894924
0.620172851438
0.035219949036
0.000150186797
1283.252668654405
0.012973582896
0.081110802601
0.000318167886
0.000618177098
19.642086220788
6.168687069798
0.251924526089
0.164880618532
0.490879509702
0.030570911361
0.000073713152
1395.403530511968
0.019163997200
0.137345054425
0.000186996008
0.000493402066
11.577105097423
4.063846063872
0.123894873486
0.589612332158
0.669497564416
0.036234186976
0.000114514518
1287.600329089486
0.011822192300
0.078144620838
0.000345537730
0.000629373143
11.964998690702
4.893467470647
0.159652222050
0.630094711878
0.610547507210
0.034256758605
0.000158001283
1276.751396912793
0.013752866175
0.081942311752
0.000309309424
0.000629195893
11.707619839215
4.818365529802
0.186711992326
0.587393463165
0.578518355125
0.035944797679
0.000120985682
1242.021897429509
0.012576240559
0.087904809237
0.000321086138
0.000627021503
10.555915250497
4.303220420109
0.161696344614
0.461767842369
0.598251453053
0.035005657822
0.000129345836
1257.560166398886
0.012219369472
0.085849973394
0.000317053124
0.000681019599
12.463042514939
4.691052593845
0.190414591458
0.650519809376
0.663794869000
0.031465797225
0.000145912214
1261.199723901361
0.011462919768
0.103695219871
0.000313308632
0.000598861156
12.508844277057
4.525635772184
0.173248632973
0.575121990949
0.609635629472
0.036370594484
0.000133621857
1280.954570078334
0.012769640526
0.090007245230
0.000333845679
0.000632282327
11.676985684684
5.352666232240
0.249849327972
0.976205662708
0.428765347757
0.022339848850
0.000117872678
939.531041730279
0.014752071953
0.157023842087
0.000369592728
0.000594781594
12.398968783881
4.457355622729
0.167909810726
0.530471574837
0.656156635581
0.034745822519
0.000152259472
1252.310528408293
0.013553345863
0.085011427664
0.000299516307
0.000617454125
12.905125330863
4.299063992906
0.208849753890
0.666305713168
0.646716063302
0.033659102009
0.000117173512
1261.679025021089
0.013457803528
0.087204001291
0.000316660771
0.000646320078
11.680073355094
4.155278874076
0.273999925611
0.569593930850
0.410613341017
0.028805341255
0.000058306058
1241.129085369274
0.010838317423
0.099423808484
0.000315321870
0.000777456102
10.347338507585
5.192033546436
0.299495239802
0.945527620078
0.361472227291
0.025383479750
0.000135023052
949.186922282123
0.014899492203
0.159287937240
0.000299244399
0.000566795851
16.371963179481
4.959722584537
0.256448704047
0.256265289626
0.620636321141
0.034519062216
0.000050675396
733.580297342470
0.011758706679
0.153450609208
0.000328161271
0.000398567477
15.804165624707
5.693074939281
0.325646982524
0.398560936444
0.676148254676
0.034915505812
0.000036526121
729.593220786002
0.009455393231
0.156426126422
0.000369478366
0.000368678268
16.834181918195
5.820126620552
0.260202068093
0.559598543635
0.522068491134
0.028264950996
0.000184011135
1259.138435049816
0.013231600450
0.135351039685
0.000221120375
0.000584940096
15.491820613003
4.803046932688
0.254005508967
0.403834056814
0.648038837653
0.035016508728
0.000051444549
765.787715909635
0.012853287100
0.152480823816
0.000315525606
0.000484816052
12.183681703935
5.020498062948
0.183785141990
0.664099655916
0.658819322035
0.034706021136
0.000161360500
1308.031251072263
0.013362290955
0.088178319505
0.000327454945
0.000581746532
16.458849292952
4.928218692062
0.210987256529
0.324618870122
0.599456662963
0.033040137024
0.000037958844
702.386686243683
0.013992204291
0.136836180295
0.000327002900
0.000365615193
13.681387966294
5.755024522182
0.288563050273
0.816996489540
0.527871764261
0.024940139604
0.000167665984
1287.942769330613
0.016414901017
0.107707586158
0.000260507668
0.000695198471
18.980149608440
5.490829506063
0.248486102937
0.733541434348
0.433922071177
0.022477636616
0.000072065960
1266.501389526738
0.015119166389
0.147744153020
0.000231958976
0.000567871390
11.564422459492
4.285418870653
0.172138734526
0.485022461174
0.617337165220
0.035944579603
0.000148431713
1277.604825483847
0.012611746838
0.082242335064
0.000320513049
0.000627409987
10.666446609887
5.399001567120
0.260562559255
0.953060378172
0.387465800547
0.019978599256
0.000154728547
986.472951802232
0.012900990695
0.150190033001
0.000350911784
0.000528684845
10.678851699449
3.605186137208
0.232010658224
0.338771896726
0.495167815692
0.031016689465
0.000067052195
1222.027236667091
0.011266657928
0.106871844828
0.000340876646
0.000625412834
13.140895276773
4.450449393162
0.154607098818
0.723397473628
0.668453005289
0.031621079978
0.000139539960
1328.739378461923
0.013157357536
0.083318059114
0.000346833521
0.000566183641
11.394260808810
4.479819647236
0.146768228620
0.536442301216
0.628575505323
0.036366216566
0.000154518583
1276.473401503215
0.012093553879
0.077024677590
0.000317733467
0.000632565406
11.289620624114
4.364130386736
0.167216983798
0.564682150671
0.631611010009
0.036326548951
0.000130554105
1249.859795897797
0.012381158209
0.085558258509
0.000321058990
0.000643849232
14.649114621117
5.152037582450
0.227612011548
0.279548109782
0.555817466074
0.035422461964
0.000027359878
710.699058555275
0.010073843604
0.130005607045
0.000310308216
0.000364391009
17.212355873839
5.636987661562
0.158691464916
0.860450121668
0.471371282344
0.033415521494
0.000172155630
1166.108748093286
0.012184537619
0.150135766143
0.000326575451
0.000573749373
9.892342589068
6.250289722168
0.220439218417
0.926401655469
0.620176748724
0.035063338506
0.000159402578
1253.358287875601
0.013415409650
0.152816939296
0.000250915087
0.000770039916
12.051038504200
4.286890357390
0.157093476153
0.498019170002
0.630853654299
0.035936326936
0.000159575077
1273.730439355048
0.013369052568
0.096365856507
0.000305408365
0.000633667808
11.012199791123
4.387547674682
0.155644045163
0.468637369298
0.630570295443
0.036332956544
0.000128189293
1251.836785996496
0.012673117777
0.087244486894
0.000316116662
0.000666133212
12.127750770779
4.887321086471
0.158974175672
0.776662988342
0.625189065458
0.030824763565
0.000178918584
1212.364783373220
0.013815799869
0.081868343811
0.000303461720
0.000652484162
11.050120082436
5.326890733988
0.224382677263
0.934255701190
0.340949400066
0.019376930077
0.000141980399
981.016278819739
0.015182364293
0.165305057341
0.000336660166
0.000567351039
11.750468016194
4.516050407696
0.158655395960
0.607348465883
0.635298194869
0.035321642506
0.000184273181
1296.510053793634
0.012961470613
0.085616138127
0.000306738933
0.000588298437
17.368951970057
5.014516913938
0.161254853031
0.748406427786
0.485483777074
0.026515875735
0.000069258830
1078.180572098109
0.014745568049
0.141856429350
0.000260825864
0.000624986772
11.779977711449
5.208469996090
0.257144213199
0.922395555498
0.473062941580
0.020155194890
0.000184444406
963.384825818415
0.013070237224
0.152242034882
0.000309415230
0.000515217865
12.716915210951
6.194277481339
0.242178442382
0.772843430338
0.417878124913
0.025043107552
0.000062028992
1311.487449158579
0.011113966370
0.107305056562
0.000265585872
0.000463569242
16.294353695839
5.443069005141
0.282576834567
0.572429661195
0.344087220657
0.025099042702
0.000077893823
1213.702928477822
0.013053756066
0.141216899478
0.000297833241
0.000502911917
9.799339636650
4.140600732226
0.170132030293
0.573626199851
0.608357514621
0.030508540557
0.000135566174
1259.266653648303
0.012684480586
0.098439998617
0.000335000965
0.000675386692
18.352680490931
5.354648562423
0.231932290943
0.521303879430
0.339300113657
0.023930031607
0.000073727442
1207.698625943270
0.015961461512
0.150606606839
0.000226266056
0.000519324525
11.277440639206
4.268410906667
0.144439358335
0.538008203867
0.617995223439
0.036302805959
0.000152610211
1241.359015999471
0.012996309466
0.083326583170
0.000339870391
0.000645774798
12.485089413068
4.518065851478
0.258380045728
0.704851528276
0.608385522675
0.026027116002
0.000118800974
1324.223406313608
0.015776804195
0.141460752482
0.000275008196
0.000656781154
11.834824083174
3.737274771184
0.187380113378
0.870484484261
0.683971194780
0.036002796713
0.000108879776
1352.586562397980
0.017789480658
0.110799784607
0.000334890091
0.000725292078
11.961083461554
4.268520458469
0.157287204451
0.559300983974
0.648743227249
0.035862832208
0.000146041406
1257.874891590663
0.013028293827
0.085137188475
0.000311588703
0.000651016356
16.597121732632
4.894981776630
0.258162700328
0.212416433157
0.567657645027
0.027992661609
0.000040622456
718.106635276224
0.012898664257
0.149945544717
0.000340535681
0.000384137291
12.767335640259
4.751690314698
0.155576663741
0.684551159600
0.585968705222
0.036857141808
0.000105383780
1249.425873174674
0.014938058398
0.087737426369
0.000319943893
0.000667197133
11.386996380428
3.759720126881
0.188786708490
0.446939366526
0.576091563669
0.035562485176
0.000081406530
1274.366003731115
0.012163558204
0.086072514752
0.000301977118
0.000733540657
11.234766186613
4.196024486004
0.134023663441
0.601306997317
0.681004413693
0.037217661659
0.000177221223
1265.236962008252
0.010906256261
0.085655388747
0.000322306889
0.000643723945
10.942070778286
4.367438604812
0.160915726429
0.467527229637
0.610681991052
0.035340875331
0.000128892341
1277.358871841649
0.012676510402
0.083604048962
0.000315170819
0.000655506332
15.619738862020
5.310186532679
0.248519582801
0.390985877930
0.673389917257
0.038119975838
0.000041575438
627.787744639662
0.011116007356
0.155973380863
0.000320792127
0.000417080980
9.954095662453
3.904698772840
0.199736220030
0.518913864529
0.561466257287
0.036913848686
0.000060704366
1220.503658556397
0.013864555779
0.111192969921
0.000333307097
0.000734872163
12.756191319359
7.518140820197
0.200039379109
0.270449774706
0.481024441957
0.028206045946
0.000047639685
1179.288066910620
0.014258989111
0.125862953467
0.000259555477
0.000587203364
11.704049653036
4.357477464666
0.178114983522
0.568482410477
0.608322410845
0.034534365363
0.000141847118
1292.104475660772
0.012671052730
0.086681702121
0.000317011766
0.000669430694
16.403862237057
4.855774391774
0.257576668946
0.354449586952
0.607717597410
0.034877768608
0.000050080711
695.846322114224
0.012069426533
0.147314066092
0.000322080378
0.000429885988
19.759816145561
5.453628367501
0.253091366449
0.609406025705
0.399971427893
0.027404506791
0.000070670412
1098.011088406315
0.015404312148
0.129445102781
0.000255076150
0.000665091098
9.212750351533
5.909551069735
0.212518327398
0.810615713311
0.679469708984
0.033249492688
0.000154161843
1180.813804883934
0.013736465547
0.131142838328
0.000303482552
0.000759786114
17.896986004323
6.356096571412
0.235557846620
0.570437696577
0.412265555320
0.031439243984
0.000055489869
1120.600913267478
0.016426123546
0.158767096003
0.000249787420
0.000663759417
11.390460661780
4.526692395521
0.203980266711
0.479764947538
0.616909279556
0.033896609952
0.000135310528
1302.719189649208
0.011389911553
0.110278237550
0.000283511633
0.000728605182
11.702970621127
5.474427777247
0.205069240692
0.974578490768
0.364047547133
0.022140128393
0.000136749533
911.552985432057
0.014225320660
0.152346680180
0.000328441692
0.000528222979
12.674359333849
4.960034887763
0.325348506482
0.288753985342
0.479519357732
0.022921549485
0.000049690880
874.057658833920
0.016626118336
0.115236680509
0.000248500550
0.000552024720
11.194353532303
4.416925340449
0.151961652136
0.506202960803
0.624889875162
0.037388271331
0.000135257446
1258.422950941245
0.012614798665
0.079961052083
0.000331547464
0.000650048365
10.634122332162
4.280326035470
0.157662042126
0.426604425447
0.560786082505
0.033779525308
0.000147565780
1210.841395707329
0.011699056144
0.107476021734
0.000340993121
0.000601010949
17.114639160922
5.358964632950
0.294521617718
0.378311214075
0.406252634508
0.032762214891
0.000032931852
820.099999275646
0.015777332820
0.123809893296
0.000357732353
0.000551892785
16.070185886291
4.877641086178
0.249927217218
0.331693722461
0.589961808883
0.034315429602
0.000050023346
698.930751423279
0.012290552866
0.148984410338
0.000329441009
0.000414754888
11.291174156515
4.561943724535
0.197798094789
0.574297355323
0.619667618032
0.036908603145
0.000142528555
1291.256150251194
0.013169953373
0.089326766021
0.000288385886
0.000587858699
11.388446872291
4.651387991134
0.137444019918
0.532323646476
0.532298350140
0.035433627180
0.000151702498
1286.512826025678
0.012856694967
0.089857999159
0.000331060251
0.000567782735
17.486235579755
5.285974439137
0.266890134990
0.229724280516
0.545661346073
0.033802417298
0.000029898708
671.293108661536
0.009264619863
0.153640354667
0.000288312250
0.000560954957
10.695159419198
4.334174588081
0.129766813680
0.463757192627
0.586111885289
0.037162676037
0.000146105393
1292.069868880860
0.010924998394
0.076048689593
0.000351884143
0.000686549615
12.813495824840
4.827627682789
0.350305804545
0.214026413014
0.637533232089
0.030046528656
0.000040103466
763.211916745787
0.016662103399
0.165234709253
0.000231723766
0.000470512362
11.779246572068
4.717070875838
0.154220330535
0.634057313482
0.643333924810
0.036064905391
0.000180521769
1282.295331206030
0.012777737311
0.083164288813
0.000314016111
0.000576867865
11.078993985367
5.208538034069
0.259376913998
0.917137294072
0.507729233397
0.024922925186
0.000124348091
905.377122282982
0.014290935177
0.138455237284
0.000286760132
0.000562434360
17.935139420820
6.080689913841
0.249240055171
0.619628092439
0.385109618474
0.037316567232
0.000050315094
789.879966920525
0.011095365421
0.151550320248
0.000382606041
0.000443119858
15.729610121360
4.903920211636
0.146589216155
0.682824600969
0.361828705023
0.022368726989
0.000178934868
1331.940980808208
0.009180131793
0.114231581973
0.000287112406
0.000740997799
11.381939341418
4.476561153755
0.143484419836
0.601794397045
0.646030168147
0.037202019627
0.000174324975
1296.210594380627
0.012639133386
0.085825054441
0.000312701116
0.000635797654
10.893555967939
5.124652830058
0.246190994809
0.964773530741
0.397577207814
0.025632034206
0.000133923164
936.678333747733
0.013899870855
0.152849624118
0.000345784587
0.000546765394
18.125999473075
5.822109302364
0.195466688090
0.548136122643
0.488241030602
0.030319341696
0.000076648396
1100.263637930456
0.013847897670
0.121055167074
0.000222648183
0.000554930488
10.835603572981
5.121324029222
0.255834399505
0.973844060598
0.349741462368
0.019280382450
0.000156960660
917.277297537158
0.014207426130
0.166504470767
0.000355792194
0.000592212129
18.991944468886
6.294976101264
0.171323494050
0.558421059943
0.435005906484
0.038997191854
0.000049650597
788.835243011129
0.011449505655
0.148362010717
0.000391836306
0.000391078619
18.306374558774
3.346314256193
0.190584829456
0.488540914651
0.625308496645
0.040063428421
0.000061600407
1205.810047261969
0.014482321499
0.099200362983
0.000306277334
0.000437108213
18.335483127449
6.421050774824
0.157429798973
0.182636367554
0.311605644251
0.022806455533
0.000064301601
1396.804429117126
0.018749503144
0.151331603456
0.000190760056
0.000486921734
11.529482706728
4.311209829717
0.156484802242
0.554157330155
0.646668835438
0.036970308342
0.000132778640
1253.506621848008
0.013021037812
0.080186124553
0.000327884938
0.000615724126
10.483936988999
5.043494431818
0.163106456510
0.605799176286
0.596596926211
0.034123167996
0.000146785904
1172.192906617611
0.012646530784
0.114441472199
0.000349101151
0.000576742964
9.693297624753
6.550381611587
0.282094286251
0.838346008503
0.717598190798
0.033306635061
0.000128935531
1236.458413303465
0.011153731786
0.126820748693
0.000199275266
0.000619575323
11.257528686473
5.548274765814
0.252403338058
0.993086733580
0.401395976634
0.022554417919
0.000182345387
942.156210510363
0.015451986467
0.141598259769
0.000314889107
0.000571652277
12.794250722221
3.763326590811
0.141032497340
0.660075162374
0.612904526327
0.031550973692
0.000082132532
1332.053721533500
0.015568882829
0.132602841278
0.000271805672
0.000596844959
13.916715296632
4.372880321757
0.220542157189
0.694183688033
0.607701534777
0.032192820333
0.000195401568
1331.766889320992
0.014681534658
0.096499807288
0.000331582032
0.000457426880
17.740452282731
5.477675876885
0.210734641292
0.600873892249
0.325594474834
0.023576111362
0.000064904003
1266.071277256260
0.015078416232
0.148578553211
0.000219336163
0.000507536115
10.898893509865
4.365487060986
0.161315039856
0.583292099870
0.623092142305
0.035164727493
0.000141060407
1295.949478657563
0.012931482922
0.079625620106
0.000324785693
0.000606896740
11.137117553955
4.560184453525
0.151055610536
0.508446925128
0.635299125962
0.035221808945
0.000075756180
1233.978421226055
0.011930475303
0.129003415653
0.000244855422
0.000728097541
17.090524569163
5.074568623482
0.220222499276
0.331340482475
0.583889580607
0.030849803623
0.000040127538
741.074962139743
0.012472247471
0.157538715578
0.000343671506
0.000408227506
16.054022225369
4.820749829275
0.260896869266
0.266448947650
0.615979229991
0.035152687020
0.000035818631
711.721267948651
0.011703273653
0.145658025844
0.000345410744
0.000425071682
10.550836843406
4.271145408080
0.246249633946
0.885312859872
0.530093116469
0.020846005441
0.000116638864
950.880630512135
0.016515249556
0.150495360591
0.000335868525
0.000513959056
16.317888590141
4.619053222819
0.239128899330
0.244902187124
0.626778452965
0.030820933183
0.000048799833
744.885392760570
0.013072329714
0.137762496851
0.000307855702
0.000408275825
12.776033162837
4.169382441718
0.188900768255
0.581815601854
0.674959968991
0.033899647955
0.000149733974
1269.839914439175
0.013771058534
0.091753656607
0.000278773775
0.000623297298
15.283483792109
5.186075147169
0.269209772676
0.295036253346
0.619873347392
0.038221130443
0.000044137821
608.126525355662
0.011982540155
0.165759058098
0.000310767304
0.000381780742
12.560520062077
4.377602261933
0.235684295524
0.820653016221
0.585699139803
0.030317151528
0.000111961125
1318.752994289596
0.014392301871
0.147254863908
0.000353550902
0.000697699966
17.212766234295
4.458701015952
0.192253130381
0.228853282568
0.626367107204
0.029005072858
0.000035867769
754.930907456131
0.012807584185
0.133257011509
0.000312201199
0.000395552475
11.422292355450
4.244726732045
0.160204232535
0.570972958445
0.584790628700
0.035508933833
0.000151695170
1280.506012807813
0.013303956979
0.083876042458
0.000297923710
0.000636089385
11.440204829975
4.493734782584
0.134081811848
0.554353511509
0.634484115586
0.037189421668
0.000152165286
1293.115022528382
0.012292024698
0.077859436608
0.000327533420
0.000644342161
9.586492287437
6.520085984737
0.277873411568
0.755581388303
0.664081871232
0.030568322509
0.000174659773
1186.366561195233
0.013614716845
0.143104893146
0.000269696064
0.000728312672
16.871267385517
5.809404736841
0.270795000075
0.658844883369
0.446135381227
0.027960468813
0.000070822640
1296.164457710414
0.013881934136
0.149517027641
0.000234041987
0.000518797565
11.047582642081
4.283412782631
0.159652340949
0.526587567339
0.628014919725
0.036524234871
0.000129130188
1273.229091267099
0.012363853632
0.087901744299
0.000315740808
0.000654029821
11.206180062052
4.158160870183
0.132924405081
0.456869926734
0.615304230796
0.035633386622
0.000130772950
1283.327331242616
0.012458502844
0.099298222543
0.000319783398
0.000680604632
11.626963836717
4.540849744635
0.149944973713
0.589969485261
0.648638953845
0.035496523805
0.000151849585
1257.207718546020
0.012452066273
0.083308281569
0.000318157424
0.000610649119
11.417675650720
4.507617523352
0.145776134987
0.542625398978
0.644263539657
0.036008910699
0.000138939499
1288.578780375680
0.012373769004
0.079065480851
0.000322828303
0.000619586251
12.908830428357
4.247951241883
0.157449274705
0.401375243638
0.606610154766
0.034300042888
0.000156347529
1291.850694836956
0.013178656536
0.117008006286
0.000288215182
0.000633928122
11.654501233935
4.525804405817
0.202676315195
0.541679796711
0.609738234063
0.035827910959
0.000142983152
1261.691967470284
0.012281099359
0.090185396243
0.000347499170
0.000662612278
12.084844358585
4.807745630381
0.233300273406
0.694160441542
0.603149818592
0.033582462309
0.000103492013
1201.322363602089
0.014781591838
0.117089200523
0.000295653004
0.000592872044
12.637528512169
5.283138119413
0.148143098132
0.592826641239
0.636057562934
0.034389545977
0.000185052551
1318.147180586622
0.014117077952
0.112705437295
0.000278751080
0.000642717769
11.985735218727
4.365433454936
0.174169749319
0.453505689316
0.573640436039
0.032703093550
0.000044341528
1251.978909322615
0.012477694678
0.103946877617
0.000304211204
0.000746821711
16.934015772785
4.736030616735
0.208057019294
0.230107060351
0.558686980112
0.028457838785
0.000048887630
761.220549252976
0.012877092863
0.133915902545
0.000300737984
0.000416422878
11.308695446225
4.595626281299
0.157256218281
0.568665555884
0.652219166804
0.037218407682
0.000166147847
1247.510483475007
0.014929931793
0.105088027237
0.000272101129
0.000564035070
12.557330744459
5.018496507307
0.219492698992
0.904654425536
0.372441699633
0.027516082329
0.000180882294
998.213533723306
0.014955846498
0.156276508957
0.000294275234
0.000605265541
15.587806190204
4.152795709423
0.263377157640
0.329413853558
0.644229431345
0.033108387486
0.000050442223
739.037814447875
0.013512495034
0.153559066262
0.000345826784
0.000404389058
11.084943700031
5.086465215569
0.277204769069
0.991821339558
0.321865805334
0.022251451020
0.000136781151
862.750481914804
0.015047411363
0.142421729752
0.000346699709
0.000618029690
18.071340875826
6.577091692698
0.277584982419
0.799657583039
0.522177072439
0.024173540579
0.000092557414
1201.952176051335
0.014690854492
0.124098920063
0.000244216083
0.000573521174
12.984802561585
4.248326559076
0.205749780803
0.554399033820
0.625719069602
0.036092056624
0.000135249812
1311.446021801113
0.010949725296
0.107182629568
0.000307221262
0.000548189222
11.175028539796
4.629330770408
0.156378703065
0.487006956914
0.547893672661
0.033413646633
0.000136516433
1288.012570127811
0.014153603567
0.088296101624
0.000342215232
0.000676274355
11.116683093708
5.304775334796
0.264810322808
0.989081462236
0.306214216865
0.025628873676
0.000134159476
935.203721212935
0.014417147315
0.163861708931
0.000357777128
0.000620783821
18.205317113717
5.824316645638
0.211820060817
0.786633689413
0.416727737584
0.040331814634
0.000168754106
729.578015505411
0.012998495823
0.142159552462
0.000335952800
0.000496123698
18.119520263488
5.877766715955
0.196214998552
0.784197481825
0.406830673465
0.040598595407
0.000161054490
694.160488764406
0.013057667209
0.140436689520
0.000339897013
0.000493473513
9.673344846050
6.491945718232
0.224659404034
0.876338136655
0.645444615376
0.029587286165
0.000187564062
1253.511212779651
0.015012877733
0.162240192472
0.000245306547
0.000653575049
18.163218072164
5.050584531967
0.174958217636
0.686734669786
0.405234381949
0.034962579266
0.000161285167
727.218471359450
0.012021341538
0.132295946974
0.000379862228
0.000428435023
16.456910967396
4.507821747693
0.227835396258
0.246749642531
0.574101604706
0.029559893461
0.000046880055
765.365473402616
0.013481608357
0.131665250561
0.000315069397
0.000433567967
12.263230832148
4.521052322854
0.177703753925
0.600180340484
0.593685144288
0.032645618993
0.000178956174
1240.858547144024
0.013372368541
0.085439642659
0.000327404901
0.000644749812
10.583686571578
5.163233030564
0.248240696103
0.983848301997
0.392089250670
0.019745294419
0.000159317290
962.381465041119
0.014144427944
0.157370404238
0.000338563935
0.000582751917
14.286232672513
5.238624166877
0.146836541929
0.768463746744
0.605281017930
0.032549307796
0.000144243658
1300.229303266406
0.014021414393
0.108275103104
0.000294538330
0.000558096267
14.910027118477
5.787266052113
0.273327029440
0.354680399657
0.743879615575
0.030158590268
0.000033969577
760.933152474897
0.010386065749
0.163211004288
0.000340839197
0.000398428629
16.385218739639
4.473760964871
0.236886221105
0.246497840578
0.598779946705
0.032282162554
0.000048769328
740.645167269501
0.012052319361
0.138610360910
0.000297087736
0.000391950840
15.301008084142
4.504364348454
0.224334955930
0.306516271310
0.596267935112
0.032800413721
0.000052643389
769.840401150733
0.012063693891
0.134920035274
0.000284761703
0.000380100829
12.402913289681
5.156829702753
0.203714064777
0.644440257568
0.628205646722
0.038742543749
0.000200333499
1335.205185900749
0.013429346478
0.106918421735
0.000297416991
0.000497172147
12.044137177036
4.583209999258
0.158978685571
0.505702809615
0.636190659626
0.036605745857
0.000154389408
1283.863381521877
0.013294253575
0.081327400658
0.000299551779
0.000626293740
12.828828932975
4.428343924462
0.202189501321
0.594996795638
0.686871119208
0.035588671269
0.000148055591
1294.388779677536
0.014789888137
0.097480699908
0.000309477979
0.000577217057
15.015373870072
5.593311997644
0.293787737448
0.363114690482
0.679645972406
0.039514036325
0.000058125082
877.764691541793
0.011367312807
0.132352248887
0.000344640779
0.000587646885
12.343004357168
4.130354195364
0.146936616115
0.327162307791
0.533054933580
0.034013981210
0.000059059157
1274.851196191034
0.015521175269
0.127222415645
0.000280337725
0.000588929357
18.376716102272
5.116934456601
0.230332401458
0.772488304730
0.333343882685
0.022078506850
0.000089647150
1218.164924007153
0.013197947628
0.131360445709
0.000280953593
0.000575575946
11.207866063455
4.619485760414
0.213794294656
0.477597605174
0.605398345299
0.031053341600
0.000147867240
1214.777126977283
0.012190896933
0.121923594913
0.000298819377
0.000630837081
11.344766524240
4.368011709532
0.178564417350
0.563950725760
0.618375015235
0.027262616591
0.000063224608
1171.383677112270
0.014934365504
0.097395318316
0.000355648802
0.000575160010
11.364591720485
4.640738882996
0.247507537287
0.700925816886
0.636352655309
0.021493230730
0.000052472030
671.572030465612
0.012723704640
0.105035291267
0.000370949756
0.000656930743
11.607664713700
5.301117786686
0.256240942889
0.977044036542
0.326281346086
0.022544778126
0.000118006998
989.945164967890
0.013790309118
0.162749849526
0.000372549262
0.000622163343
10.835088858792
4.587889359425
0.215655219645
0.445113584550
0.645890035491
0.033488130427
0.000147848756
1284.655538927879
0.014257517866
0.099879351912
0.000337599953
0.000688875728
17.667434824968
5.317726284120
0.194986804356
0.151085939601
0.563285944064
0.038098519195
0.000026806248
711.472081488177
0.011022606709
0.151913044290
0.000287118668
0.000379733088
11.251492757917
4.301582213859
0.173433160050
0.599062779259
0.602801818896
0.032550330728
0.000122744829
1325.738653325467
0.012412345359
0.090515972948
0.000287170932
0.000675078921
14.268897705935
3.765548188962
0.214357860384
0.558347165063
0.470654768772
0.033695891303
0.000147228059
1306.231193302315
0.010688012669
0.088164232177
0.000261768913
0.000534267844
11.971673878302
4.184548139019
0.174542332276
0.556436254702
0.626398195668
0.034086095174
0.000141741742
1187.259228284427
0.013626840071
0.092276570141
0.000305674217
0.000684957089
11.102572296193
5.060359116119
0.257906254570
0.964096729486
0.327963509139
0.020557079239
0.000153488422
942.400749084263
0.013934585436
0.153392468815
0.000346411671
0.000562390862
11.556208984864
4.012080155369
0.188404390366
0.630163908619
0.560165085960
0.037407586064
0.000140237020
1198.633161387085
0.014784103942
0.102171684427
0.000263699455
0.000566965758
11.514337060788
4.417698256214
0.146104036883
0.501866696568
0.602872482749
0.036126919501
0.000149675601
1260.164319745938
0.011991779632
0.084566880677
0.000317180221
0.000620159136
18.870209973732
5.172121329046
0.237274191250
0.767352695319
0.375299261386
0.020839665345
0.000146661701
1315.640577534679
0.016069339337
0.148488856366
0.000244169301
0.000537249448
9.126330673684
6.432048451039
0.134720571377
0.766049791676
0.490668010414
0.026601726275
0.000135391297
1258.634224021079
0.010332308313
0.159602911019
0.000244996803
0.000749624169
11.869620975301
4.919403543219
0.218339013810
0.798636628988
0.631124880097
0.028575123595
0.000141804151
1249.325470907254
0.014943946949
0.140645694001
0.000314763393
0.000612652862
14.145519327234
6.165573707239
0.268252392464
0.563556884463
0.458910496656
0.023263340368
0.000051191301
842.009580339826
0.016494646864
0.102586673759
0.000245826197
0.000422585230
16.755641566725
4.645407948303
0.224687390903
0.251960554144
0.571201829285
0.029515849678
0.000048133903
750.882642371588
0.012511694553
0.132476323704
0.000309066210
0.000398890073
18.873935093045
4.587505404692
0.190093902198
0.786288769016
0.329720465013
0.031651893574
0.000070234062
1166.667531744334
0.011004049347
0.153254482273
0.000311704213
0.000444833615
17.629070868735
5.650905964521
0.200344570436
0.547109567570
0.348467286249
0.025648852634
0.000068840278
1265.655540392263
0.014364009169
0.133540510414
0.000251153598
0.000568822035
10.454574441668
4.051707113176
0.193956731900
0.488517056059
0.554757161931
0.034472074770
0.000144780078
1287.938889629016
0.011422181256
0.082047359388
0.000302199070
0.000665013527
17.488583548702
6.251827584787
0.275011488464
0.710623439829
0.437359808822
0.021942789639
0.000051515269
1053.890023651327
0.016192570282
0.142084915510
0.000287442643
0.000564238101
16.352056139750
4.056492001154
0.238226148264
0.186433699977
0.624021918058
0.035496217892
0.000040182718
669.739824423216
0.009514301254
0.146130664206
0.000339133776
0.000384671539
10.627946038801
4.206841435867
0.135842923742
0.552552724606
0.636350106718
0.037944470340
0.000158557370
1297.430427428242
0.012856534752
0.081571872363
0.000320140023
0.000637759593
12.654978681609
4.843421748103
0.156422847595
0.622051268635
0.534734873128
0.027919994951
0.000167506380
1232.863653656447
0.011928055816
0.089702326005
0.000339279192
0.000573810055
10.823495353970
4.356647736829
0.160641577829
0.445537618426
0.615126645282
0.036829179180
0.000127694561
1230.110632208235
0.012506359850
0.085935879242
0.000313864513
0.000655954884
12.898695896012
5.607962617601
0.301764020456
0.985267483245
0.280674863429
0.026098045940
0.000128903172
869.886068274267
0.014485819369
0.154642514871
0.000289485624
0.000541657708
15.833890519330
4.982149118427
0.220510028199
0.277191725005
0.531165143023
0.036183366876
0.000047566456
740.864624172084
0.013175857350
0.135371831198
0.000348790050
0.000373336588
15.817756681143
5.608786562433
0.232508612801
0.273244745897
0.464488593874
0.032328053862
0.000040898781
726.793935358591
0.015261461701
0.119340710175
0.000285842412
0.000479584977
18.123482309682
5.605794398368
0.261962372398
0.461804245331
0.375351583728
0.024517461818
0.000064081265
1123.148907781716
0.014626478712
0.131676376139
0.000201424003
0.000586041402
10.833305053223
5.099353782640
0.262455204338
0.972532499772
0.360102507720
0.019169362209
0.000156715504
964.962646850644
0.013489082788
0.157994362713
0.000338257978
0.000591576338
13.617546771345
7.017946257092
0.227803806281
0.565043234612
0.479308237856
0.023874110213
0.000084826622
1263.516407248046
0.011442955339
0.130792219502
0.000318646508
0.000654961668
11.551181257001
4.707915104133
0.145340631105
0.590537850659
0.632445732326
0.035307030823
0.000180048481
1246.443289824860
0.012863082774
0.078146876838
0.000310178668
0.000590987918
10.702143699214
5.195784028023
0.254239094635
0.964777661671
0.341147888947
0.019512767194
0.000159575217
950.602356409227
0.014102689259
0.155121656272
0.000341134510
0.000605116006
12.258673827115
4.778733776095
0.159521071373
0.593425806345
0.589276959238
0.037327068463
0.000151574808
1278.958648287811
0.012651560951
0.098666843036
0.000323341355
0.000544255700
15.827038900922
4.170232240572
0.231436214016
0.260216433537
0.616286978549
0.029788605170
0.000029821432
742.867468136129
0.013384174748
0.143353749744
0.000301098470
0.000425452795
18.874536270288
5.931049822138
0.178187817671
0.665745982396
0.416915602651
0.039477881098
0.000051284126
809.809990833732
0.011636612375
0.132363986019
0.000357219505
0.000473396351
11.694637500805
4.403726737570
0.169868769073
0.530955484028
0.577530753074
0.033313200245
0.000122412650
1270.964449926062
0.011825119023
0.084771179244
0.000313496148
0.000652499965
11.634369135691
4.350028427023
0.167049435834
0.503119582518
0.583308539912
0.036534274835
0.000179643543
1257.574410073718
0.012529634629
0.093165899236
0.000319009212
0.000621555317
10.628857760572
4.299444178750
0.124711130426
0.468636119965
0.594674296718
0.037752664983
0.000136932085
1326.490202011458
0.013211574754
0.116295202970
0.000316147417
0.000719749698
15.541874639665
4.854361164132
0.258189975358
0.332441387921
0.633687852893
0.033057995489
0.000051493914
702.887588136208
0.013064676466
0.138283367183
0.000304135710
0.000438872968
16.678214148910
4.668610165753
0.202439229009
0.268932582815
0.597227915039
0.031505404606
0.000038994768
739.901698636966
0.012221717091
0.128875383075
0.000321363782
0.000396393943
12.676772799800
3.944938261441
0.152106396485
0.543058797000
0.594594907172
0.032693498299
0.000138770516
1293.771028011875
0.013970603306
0.085949272828
0.000329447687
0.000619146912
11.561314068908
5.065759972719
0.196550168942
0.715601241980
0.661222526655
0.034442628015
0.000143241632
1298.253022290902
0.013407735146
0.089609626948
0.000293768920
0.000550770231
16.821484804510
4.831847298917
0.179517921934
0.282410718725
0.550311340950
0.022437105598
0.000028169476
768.352204176749
0.013071336510
0.096107895466
0.000269481839
0.000486203984
12.388381252672
3.533723105547
0.235262884772
0.586493228430
0.624554696665
0.040232439896
0.000104281680
1290.677987798892
0.014470177072
0.103556433639
0.000220401015
0.000483464531
10.836182579876
4.439636181162
0.158352245268
0.465792206402
0.617311376563
0.035414237934
0.000130846025
1257.111955517934
0.012741877205
0.084597022687
0.000323348699
0.000650337526
13.545646046396
4.705345739655
0.158954824617
0.641821374457
0.674607754530
0.034780142331
0.000184267893
1284.480053003371
0.013103885040
0.087141137926
0.000267917576
0.000524786046
11.252442490830
4.645155916316
0.165489103745
0.498011374064
0.639626141276
0.035127108835
0.000154844109
1210.679611501760
0.014399658984
0.108449819618
0.000349893462
0.000605660242
10.841296417394
4.531430165455
0.180024084705
0.930121876735
0.487713336690
0.025911062201
0.000082040947
1032.330043347602
0.014712486402
0.165891298854
0.000364252552
0.000510906273
11.599895596129
4.469115720054
0.138780295305
0.622960824602
0.661759738021
0.039156423791
0.000139955804
1258.624270210042
0.011862923168
0.075219443406
0.000317317628
0.000606418704
16.569835972013
5.049239157130
0.198997404512
0.497140874799
0.595229800905
0.028315708455
0.000159278125
1242.516693119529
0.012637217063
0.144883856583
0.000257932130
0.000438587943
10.441458574855
4.124355004551
0.148090706629
0.446970803546
0.620486718143
0.037015981913
0.000127789709
1231.643946401351
0.012304534966
0.079138480414
0.000322233351
0.000648171525
13.117201483050
4.352513446073
0.214553932740
0.485278942790
0.677580686695
0.031428496284
0.000141605712
1321.435557633037
0.014668893089
0.097288722867
0.000232051745
0.000528034160
12.339008846257
4.198399176869
0.172383536903
0.438778670290
0.621578386481
0.031271188487
0.000085888975
1278.709239945440
0.013928404398
0.096623839454
0.000312640401
0.000696608822
16.144635992193
4.571558857642
0.226608838494
0.259772259745
0.590238696491
0.031107561968
0.000049115923
733.367053211947
0.012952907952
0.129688496625
0.000314022528
0.000402907757
18.721975231295
5.929060708123
0.179061370471
0.456738714553
0.395128378982
0.027571587197
0.000072297438
1142.269053838785
0.014234557239
0.126680806723
0.000244150753
0.000620876956
12.100314559578
5.288293323755
0.282133247396
0.941351364165
0.342549263800
0.026002676384
0.000149662973
930.102414772964
0.012243329689
0.137076436845
0.000334737201
0.000550925401
10.189936397445
6.568696327967
0.258135985341
0.867834187693
0.652394965594
0.037296562073
0.000175700381
1236.418370537214
0.012599385502
0.146875279960
0.000254610714
0.000723221164
9.633855669626
6.552649643900
0.224871137382
0.938001317327
0.687764563181
0.034224115829
0.000171575283
1264.247837233805
0.012531757319
0.148274955629
0.000259714104
0.000695789922
11.562716681066
4.500899978410
0.153696782677
0.543341423864
0.623189992927
0.035498695640
0.000139405258
1254.612793029858
0.012359507599
0.081316055571
0.000328924455
0.000632029532
16.330880457883
5.065791131672
0.247215840963
0.312697836114
0.611225789328
0.036150253202
0.000047172500
691.725500555486
0.013012046698
0.158187241719
0.000331495426
0.000414494218
12.073894716183
4.407852396732
0.144691596145
0.661668945182
0.613289263492
0.038218575378
0.000205715708
1275.858008504068
0.013901702353
0.077782954633
0.000292549427
0.000598272443
16.761244844767
4.603904862562
0.240652830646
0.309688581202
0.585793741778
0.032019944585
0.000046407755
772.800024512333
0.011918070566
0.135828282622
0.000324989574
0.000398860344
9.625257790184
6.181707709686
0.222135907769
0.885043573683
0.704395334312
0.033235554337
0.000154065663
1265.945816183028
0.012561915426
0.156189630496
0.000257973953
0.000733280781
16.539695710422
5.194269168077
0.271335506421
0.216524923113
0.609753421934
0.032984486438
0.000026952604
674.999213361646
0.011499574604
0.142983012381
0.000308101515
0.000400784318
19.496156441077
5.189627176666
0.191144982684
0.825509192691
0.590301725554
0.029526256909
0.000130845015
903.647588922064
0.013083109580
0.138352299477
0.000297233577
0.000488218568
16.896445607225
4.851923392585
0.310390730867
0.315826417328
0.598063884209
0.037772732578
0.000035666925
638.979605352764
0.009908106047
0.140712904002
0.000365623144
0.000355711360
11.455700725591
7.020301457728
0.228042372723
0.831586467455
0.422677815641
0.033640037849
0.000056011694
740.337677519390
0.011985216243
0.142542781229
0.000232498600
0.000488066891
10.648453898293
4.198633478168
0.218805753003
0.413618370997
0.513770174730
0.028207777357
0.000045676378
921.481505521316
0.016906077658
0.148039877890
0.000319177114
0.000546698690
19.523407584763
5.044807402380
0.201782648138
0.460436110988
0.367160630272
0.033949475676
0.000053209464
1018.818665311300
0.013555518776
0.105260547907
0.000299168440
0.000627390177
16.421555116572
4.406133788587
0.224314415380
0.313534476263
0.621174685121
0.032500788833
0.000048025700
749.718342908448
0.012598666226
0.147765410967
0.000326491018
0.000533882249
10.640386648458
4.473668789066
0.127823953332
0.479946721043
0.662207471257
0.035623516069
0.000152789945
1273.619543169225
0.012752212855
0.076862237138
0.000343179114
0.000644684225
12.339147352243
4.637663336588
0.154496603632
0.686902140859
0.627419405457
0.034509164110
0.000157698687
1303.411509712350
0.012169276268
0.104141524716
0.000322821172
0.000607501630
11.620691789508
4.226421477129
0.163772343598
0.526652536831
0.611552820851
0.036868141516
0.000128992741
1264.845950544127
0.012541263568
0.084374917532
0.000318762922
0.000635275073
18.027360921207
6.351417002452
0.235444814599
0.727124231454
0.491606698027
0.034210785427
0.000149124979
1205.620917637711
0.014434678171
0.130484681814
0.000244728449
0.000697569960
11.332097011444
4.474669670746
0.149672994383
0.543428663583
0.632296889543
0.037459816636
0.000135035540
1283.272882289411
0.011724159953
0.074442717886
0.000328710207
0.000595497560
13.343831390640
4.757993120882
0.289622028173
0.867613338812
0.350793222511
0.027087382319
0.000121212521
978.883235627154
0.010973062623
0.121575983703
0.000271758071
0.000638503724
9.748943758209
6.408042407224
0.194483426680
0.917921028332
0.680826446369
0.032269614419
0.000132015242
1234.365143525929
0.014805783814
0.149981512365
0.000323885385
0.000725872299
11.882646727420
5.017628690925
0.179725105169
0.654789190723
0.673006803753
0.033517963452
0.000135960771
1273.865013879052
0.014785637486
0.123807566173
0.000351594667
0.000538618121
12.525608522706
5.874790579678
0.238679853244
0.989105187329
0.375731076252
0.019869675733
0.000171330813
912.344730124780
0.014042627869
0.136026152054
0.000367434789
0.000640082978
10.280652059351
4.730757842940
0.125406601023
0.472487995134
0.619028160348
0.039492029749
0.000134980647
1281.958254917298
0.011368802135
0.079899446581
0.000325075655
0.000628610417
11.514439932609
4.199903261201
0.160304501506
0.528319319945
0.633868973476
0.035662181973
0.000138211080
1291.630599105674
0.012620164878
0.086156866220
0.000311463282
0.000660689712
18.871934568647
6.474155364770
0.313608763564
0.817580530399
0.455490141569
0.027307421147
0.000099796539
1270.148233402270
0.014846923376
0.140530397540
0.000331371304
0.000636511208
18.214824299157
5.636084793358
0.237822140210
0.698425556104
0.384732638708
0.032730651575
0.000171161894
766.581984245389
0.012462980921
0.120187894230
0.000328220200
0.000446623558
9.225411075037
6.552873884000
0.253118364506
0.619898286786
0.729205067019
0.035692996595
0.000186326688
1258.547404759249
0.011522870757
0.144452053933
0.000225668787
0.000717342239
9.953305184923
4.308184582039
0.144018435450
0.412255050714
0.645816388473
0.036309626027
0.000132940850
1232.322232846346
0.012162950828
0.076615196907
0.000314418528
0.000651843880
17.542405909673
5.490744465787
0.272133792018
0.467149409659
0.433006693923
0.024599247494
0.000059595721
1124.895798355320
0.015878756809
0.159113202986
0.000218304657
0.000553056813
11.947565456078
4.232138504562
0.164229315582
0.499682450755
0.708971579605
0.040118834888
0.000170517551
1307.272870663413
0.010645832395
0.081789559531
0.000355227615
0.000609080765
11.880902125183
4.681110189991
0.155654193453
0.628441447779
0.658117076706
0.035752763755
0.000173713289
1243.568581305876
0.013333649953
0.085722694925
0.000321746710
0.000598164393
15.542019659304
5.404106223052
0.269536721923
0.294737827566
0.641647968224
0.034572373764
0.000046966465
639.554429994362
0.011508105593
0.157541827348
0.000326065708
0.000398327703
12.503961258618
4.534796873836
0.183757974981
0.591159228475
0.619828970215
0.031993113107
0.000153971401
1280.450215205023
0.011978243661
0.087550724597
0.000331749593
0.000547672804
17.168347370244
4.194845052217
0.252455766368
0.123811579755
0.578565991606
0.029833391667
0.000027153832
773.906422165178
0.013225658812
0.152341346359
0.000296906972
0.000402845251
14.954916280358
5.327013678160
0.259100811749
0.226557914900
0.661107141994
0.032392948724
0.000043330435
715.914969739471
0.012829483496
0.144992022459
0.000275660548
0.000462714410
13.470227509833
5.078522259032
0.188486878570
0.623384618362
0.678578940402
0.029354980097
0.000102283598
1315.218520303447
0.012513246985
0.098251262544
0.000338231832
0.000634948189
11.294250001769
4.856345166390
0.240656276860
0.873994053828
0.367551897916
0.026719075422
0.000132814144
953.743295235545
0.013189494927
0.159093388887
0.000315973267
0.000558995064
17.860727697139
5.791860144848
0.226462702373
0.642750832485
0.458449041504
0.023041720409
0.000090990184
1226.186456124354
0.015199013779
0.152105252145
0.000244808770
0.000492182959
16.426970416206
4.854984539310
0.234350316639
0.394882838655
0.562630422111
0.027674221230
0.000048449181
784.131832640172
0.013286927316
0.123009192648
0.000288657638
0.000452060925
11.648134012805
4.555910074719
0.155426637899
0.545068196783
0.625212692902
0.036646021711
0.000151907917
1289.998213613993
0.012969505633
0.081354308438
0.000315270120
0.000623297971
12.718325315635
4.223441077542
0.179865494306
0.569136295980
0.630368443245
0.036238193416
0.000084614022
1306.278774835516
0.011257047351
0.105513264426
0.000349824928
0.000676364757
11.155237521484
4.314077417205
0.147384745626
0.483616022963
0.587265609832
0.035683365466
0.000155915880
1252.969289514509
0.013355147101
0.089982319005
0.000308112141
0.000653593887
10.121301752649
4.042676871964
0.213819914122
0.319733031112
0.508620697554
0.037168343382
0.000060449728
1240.141728887318
0.011547184708
0.105264525253
0.000299956014
0.000667254922
11.454046853893
5.384211492435
0.268358563300
0.976622365494
0.368735828342
0.022056602126
0.000160550946
887.360255867314
0.015628040087
0.167586208289
0.000345722478
0.000601282969
11.615740211101
4.283110910183
0.168430758614
0.668176220022
0.674146589726
0.036552074613
0.000116395887
1271.399912399572
0.012676029256
0.108498236588
0.000281512524
0.000654022033
10.559337845217
4.295804592336
0.140538169608
0.555498283341
0.691256518142
0.039105672221
0.000137834631
1259.202934848443
0.013979803641
0.116006611564
0.000302094166
0.000726260626
10.779826633581
4.020703655558
0.160532261570
0.474851637140
0.626502934065
0.031054016275
0.000124022905
1272.509392062259
0.011823524083
0.088284849780
0.000334757662
0.000644378025
11.804876752661
4.234648148352
0.235527217853
0.582350171739
0.621094540338
0.032847774667
0.000181961016
1316.555753781408
0.011497135403
0.120335658875
0.000342820031
0.000671067582
17.384731381953
5.413452801091
0.227762946548
0.726503431514
0.382679023895
0.027969063031
0.000139706295
1212.143795245016
0.012150989632
0.158179152117
0.000266550334
0.000431896128
19.113854507460
5.039932463382
0.237925443349
0.148415115680
0.617075073615
0.034029859856
0.000048295025
810.130750141610
0.015328374773
0.115357575781
0.000336833479
0.000460987219
16.526714610005
5.450738481227
0.223362312937
0.321751301844
0.588581772705
0.034159776367
0.000048051172
663.683808463867
0.012538869943
0.168312884061
0.000357955403
0.000492363549
13.317727618918
7.526231785290
0.255194010572
0.371873639913
0.463598583035
0.032234976005
0.000060308040
1076.253720226613
0.014360059847
0.118070866991
0.000287358338
0.000678485178
14.882292107677
3.978942547949
0.232951383949
0.631253118355
0.623681470420
0.038385194294
0.000048457181
659.823727391525
0.016915827978
0.115231830852
0.000381115998
0.000451783732
18.804046674135
5.084903863835
0.234909108390
0.580733611320
0.473060947373
0.020693454407
0.000093564444
1253.120888468125
0.016053720521
0.151273097878
0.000269702479
0.000499912268
16.417792683021
4.827891823542
0.200326165901
0.301098860403
0.665868337434
0.034910322876
0.000043184931
716.643467999007
0.010506411150
0.141348859024
0.000336601035
0.000405752564
11.242201913452
4.509961044298
0.162978058158
0.533287201420
0.607908849891
0.036182579567
0.000160308312
1298.863601935542
0.013289766769
0.084361862533
0.000316269385
0.000627017698
10.659410488851
4.340890906690
0.151829584498
0.405636183635
0.614943114386
0.037003677915
0.000119864734
1266.274962349235
0.011958719736
0.074769870262
0.000319736738
0.000696779886
11.014878342450
4.435955351231
0.143198879778
0.577268380030
0.632453401827
0.036628117620
0.000129556432
1260.083941246337
0.012275112640
0.080884982111
0.000321761025
0.000645811318
11.330320323574
3.995905530712
0.219166917685
0.665548701423
0.598484129103
0.037840517270
0.000151183578
1210.822501378808
0.014569387984
0.085056197093
0.000350623577
0.000642905894
10.857491049975
4.262899885929
0.186549236470
0.316730330811
0.650708342911
0.036812629854
0.000148896910
1323.232586462027
0.011997860233
0.085704346951
0.000279594069
0.000640638512
17.282459291309
4.106887107967
0.240435768550
0.170466926663
0.630607781682
0.032573068792
0.000054436558
832.906479762204
0.010874327035
0.138759292018
0.000354087732
0.000394276721
11.445151979555
4.927683618418
0.157155718147
0.519198079725
0.554207205644
0.037519904551
0.000192964558
1323.293228082064
0.013398498599
0.083864745058
0.000313466850
0.000532825313
16.392902833489
5.740728531237
0.298996358579
0.625987487134
0.431447865125
0.024088321784
0.000073182559
1242.203624271862
0.016616674045
0.150094829820
0.000235984095
0.000687645783
10.741295142175
4.402174842207
0.164588048624
0.435610507899
0.616160353453
0.034861471465
0.000128822017
1261.604223540323
0.012438887226
0.085304464634
0.000319154477
0.000642969605
10.693885013287
4.496971530192
0.162964837902
0.489804980946
0.606690228505
0.035450012989
0.000139129633
1257.175543652166
0.013003996539
0.082911274080
0.000312777145
0.000663904717
15.490953776166
5.184757885588
0.250658263433
0.333950481545
0.633960547633
0.037075873092
0.000051026827
715.397321966913
0.013628191219
0.141158553426
0.000307996436
0.000443816322
16.484992909013
4.860572115860
0.201584002045
0.230016481701
0.578767262390
0.028619870702
0.000045948753
763.295261708981
0.013055882269
0.119670536159
0.000310370811
0.000434272504
12.299102961063
4.925644828479
0.250904504821
0.916114251347
0.432533302154
0.020741281388
0.000113997164
887.067295107178
0.013835433665
0.166760347343
0.000314590823
0.000602956309
13.315291257557
5.907013175140
0.155429543144
0.597106651600
0.689971925249
0.032174696077
0.000120432142
1331.457842748089
0.012526341556
0.085552659271
0.000265484128
0.000481999154
12.125770066651
4.355288706419
0.272787194795
0.928511989562
0.550394022008
0.020828965458
0.000083728419
908.068812097791
0.017567986366
0.124269011223
0.000271852413
0.000433053409
18.212822005365
6.487947259243
0.172227969701
0.262023573693
0.463414040554
0.025948109840
0.000059714141
1140.288508426279
0.015394508359
0.128715858887
0.000217385150
0.000513731936
10.381492769530
4.488171141488
0.139334451491
0.527077728002
0.617604061240
0.038324263822
0.000152951112
1272.541239602352
0.012167035463
0.074839418807
0.000325032850
0.000635651843
11.109168355272
4.420366440466
0.144458274453
0.467209633777
0.636675403323
0.036987992140
0.000124804900
1280.489122709559
0.012556334442
0.081130528066
0.000323951177
0.000652925042
16.800527941199
5.935085486862
0.237051556926
0.477847389855
0.472661351746
0.026087878204
0.000076447315
1218.825431581238
0.013969916180
0.123121317169
0.000283506286
0.000562891981
11.470684328523
4.452861950065
0.153991410546
0.679232327162
0.627690482410
0.035761548565
0.000147677786
1319.472883412564
0.013300989490
0.082283287043
0.000308624200
0.000618009429
17.846117851489
6.914032660721
0.261386894051
0.727205091151
0.561988524652
0.028074725125
0.000110667381
1012.794279417923
0.012400327656
0.118399368347
0.000292981067
0.000645702053
11.713295658966
4.304259719241
0.164482718091
0.624677338229
0.618782791931
0.037056717656
0.000151593648
1251.671717617070
0.014944367420
0.090831862665
0.000331473027
0.000502785237
17.296831067963
4.680190242523
0.217590664793
0.180640661312
0.571477885285
0.029500258134
0.000051452934
803.703416711203
0.012714656774
0.128467242858
0.000296155094
0.000362903647
10.807868966291
4.280672103906
0.156456560733
0.518978481760
0.635124145035
0.035952642182
0.000129502638
1281.636540661012
0.012255499952
0.079063564352
0.000311856154
0.000624054443
11.595525463098
5.265514486658
0.253397750221
0.996679105320
0.319287753260
0.019724539255
0.000151289344
926.313225886596
0.013773385956
0.164890871338
0.000361010432
0.000620684203
17.868662413597
6.230675348467
0.290416179065
0.891991296232
0.429220687091
0.035250205926
0.000148237281
725.277256060378
0.011023178454
0.151208140618
0.000332140362
0.000500418262
11.629365018097
4.636835210314
0.147233881493
0.508188066851
0.615518601819
0.035090038498
0.000135724981
1309.787040665707
0.012622938283
0.082965895996
0.000325074388
0.000654804227
11.236452582497
5.568491995528
0.253931292856
0.940313622503
0.354138343257
0.020912408903
0.000129031105
922.983601187575
0.013712150429
0.159972367019
0.000337048190
0.000644666242
11.051887677450
5.305633982638
0.246556139575
0.966867663899
0.377198002399
0.019142602909
0.000153563617
952.379358214876
0.013904921435
0.162022538977
0.000355777817
0.000588470361
10.693992051810
4.695887269800
0.161514864991
0.497660074772
0.610795633688
0.035217645669
0.000127358053
1255.959998607595
0.011675427076
0.082644326438
0.000332730914
0.000666316767
10.909941579044
4.283120904176
0.156673896443
0.406717354308
0.620596749307
0.032729785596
0.000138914897
1219.920507504715
0.012311882249
0.089214805011
0.000303794337
0.000672810153
8.971683829035
3.796926431058
0.242829011054
0.820360208570
0.546042240448
0.037665990306
0.000108897563
1307.239270848311
0.010081599636
0.130004565951
0.000340679272
0.000436071818
10.789428783920
4.171357250172
0.132005621200
0.346280247814
0.698401576052
0.036027751778
0.000118470475
1285.899268368156
0.010128309661
0.109637079475
0.000300795463
0.000672937373
10.502665629708
4.016600112062
0.180472551057
0.332739630856
0.544015669231
0.033908218950
0.000069507280
1254.605910013279
0.012666094200
0.097361702177
0.000322514545
0.000764054080
10.752092228328
6.372958987556
0.341517428783
0.921444090237
0.655582704667
0.023813590808
0.000105927215
1096.898542773202
0.012351160044
0.131921050895
0.000246210215
0.000604561665
16.872696695228
5.761521344730
0.236900600592
0.669121978138
0.468221225312
0.020430587393
0.000148320755
1230.878282571646
0.014981093458
0.170044631679
0.000235914050
0.000658045260
12.101059804022
5.458404940370
0.257836032015
0.957531799870
0.311211135994
0.020531140102
0.000123721975
920.129350594193
0.014698481131
0.166158299419
0.000363088059
0.000613000922
11.338893979405
5.513048573719
0.244438921666
0.961531735581
0.343706742341
0.020314020809
0.000134627639
934.874745378888
0.014224176471
0.165291850092
0.000356548975
0.000608109594
15.515115460855
4.156698033281
0.189663185426
0.818856840841
0.471744358567
0.028955127409
0.000097612330
1329.817481225415
0.012253717450
0.122479521003
0.000273811423
0.000562090861
17.364801731431
6.149218600565
0.188370681786
0.664007525498
0.496133245980
0.026019137559
0.000092447887
1239.563203146880
0.014697181304
0.136789308279
0.000220605737
0.000438144276
10.958366425671
4.222292643274
0.180835807550
0.586987354726
0.619845299893
0.032128860575
0.000141565974
1292.629492711079
0.012401907391
0.088584003714
0.000297384228
0.000625799251
16.405280929378
4.383141489895
0.206556721178
0.239843618248
0.558628825858
0.028913851034
0.000041955493
756.636715191230
0.012618141727
0.131152376944
0.000298351218
0.000396220982
11.617832837104
4.694311138642
0.165477608685
0.698801249969
0.710767538077
0.030074930591
0.000132913499
1196.446878631837
0.014988185171
0.094806521538
0.000260277845
0.000477151937
11.265801427763
4.433390252322
0.168913980789
0.528821973034
0.632477466614
0.035676789945
0.000139734017
1290.286737897917
0.013227007950
0.086513542139
0.000322671996
0.000647797337
11.456337143773
3.962684912790
0.186495713665
0.774412445933
0.572889771587
0.029528030652
0.000126074685
1208.144742786363
0.014427645234
0.125776380945
0.000295540018
0.000478358636
16.648513199036
4.434603378937
0.192941347772
0.268192887182
0.578737562215
0.029061909574
0.000034400750
744.385048107110
0.012260612683
0.130559804214
0.000308107260
0.000411808509
11.336856847232
3.927824072151
0.216615543214
0.585530940256
0.604137277919
0.031949768733
0.000146237233
1209.300101329790
0.011535965878
0.117095381748
0.000347358981
0.000725449447
15.883103532169
5.177779507916
0.287043263888
0.306173352176
0.653818076132
0.030019111086
0.000044953660
609.115029324182
0.010120958962
0.150342079318
0.000340249399
0.000409954933
19.667895399779
5.925030191841
0.270227635969
0.719716458748
0.424317732867
0.022685463287
0.000052331295
1214.956200308928
0.012259771306
0.149666999157
0.000226915416
0.000590535552
12.657834201499
4.966396779100
0.223669191671
0.895675159460
0.391210417417
0.021468640810
0.000176536564
908.411788259019
0.013303500248
0.157272077338
0.000342647920
0.000542770110
12.080652451685
4.045983357079
0.157252388699
0.546729534556
0.434863200794
0.027664587836
0.000050629343
1225.513301263037
0.016620795777
0.077972393079
0.000257440208
0.000672248948
11.106182738857
4.616389074440
0.128932019221
0.678555772656
0.691418638520
0.039702308468
0.000151494230
1261.060956381224
0.011784526741
0.078018715177
0.000332373562
0.000646997402
16.085053998826
4.822568934531
0.226371788613
0.277645485355
0.615785748416
0.030293638455
0.000040580245
707.858994610755
0.011896351564
0.138969576307
0.000310142790
0.000376646244
9.200691095481
6.731923390857
0.161439055993
0.441255468980
0.670485703515
0.029978831074
0.000079667987
1236.094644422618
0.011998170620
0.129269235826
0.000224769532
0.000566469473
13.231027739164
4.259163399508
0.190485842758
0.699457605007
0.501157429736
0.034966616187
0.000149562727
1301.422500929575
0.015718283636
0.079823270188
0.000262064670
0.000664998442
13.164650929277
4.658666725494
0.157111138964
0.869827282342
0.579511914098
0.033863728936
0.000166901361
1337.157365834474
0.015909850801
0.088608210850
0.000333510873
0.000467233490
14.342831772511
5.346620143593
0.333872519250
0.914882940933
0.275367771120
0.036159016039
0.000149652984
963.748749594013
0.010502474648
0.153270024701
0.000237159463
0.000435327635
16.508426615507
4.803156370729
0.234232820551
0.265855405839
0.618611262225
0.029677321769
0.000032705676
751.933799062020
0.012625111607
0.134778481580
0.000312091547
0.000407852258
11.849019930520
4.958943510774
0.276293872077
0.977136475976
0.298696178842
0.022864545329
0.000115430393
954.162877884516
0.013183423106
0.167044513527
0.000355737568
0.000665859407
18.177541514723
5.834112148426
0.191129841674
0.801245301083
0.418432368169
0.039692869689
0.000158231134
735.694196129998
0.013186126647
0.130301265277
0.000347429029
0.000510845028
11.277279914250
5.428312115984
0.232678442501
0.897891647904
0.314943611304
0.020053913265
0.000125289448
979.126111326143
0.012864559681
0.149382493334
0.000309260757
0.000588621363
10.639683188642
4.148840323828
0.163206974260
0.446531330700
0.627508265952
0.034954485298
0.000137454540
1218.944111505531
0.013640095753
0.085713144937
0.000311747501
0.000707866722
9.716781097583
4.270232074425
0.163461519617
0.409935405851
0.556542202712
0.034207283046
0.000070809877
1234.537711617748
0.013648045897
0.103808822441
0.000317585206
0.000759942842
10.865822655709
4.293198123014
0.153563947302
0.544247453651
0.624262186944
0.036508547500
0.000146759699
1287.071102473831
0.012995234788
0.080299336957
0.000315457328
0.000643354373
16.958764051260
4.460289781421
0.248684549982
0.266807011752
0.664730404740
0.033592720507
0.000039573963
739.345762095880
0.012284803321
0.136351019932
0.000316457286
0.000422789757
17.047562628909
5.331669747222
0.182350041213
0.809501541708
0.335050046806
0.026136213151
0.000072980367
1133.190835735782
0.013781878809
0.147465951357
0.000275735541
0.000693500993
10.920657192093
5.066672204930
0.258055187747
0.986114319179
0.376179390946
0.018877205203
0.000156891144
943.886278722176
0.013929990174
0.162769568122
0.000341360127
0.000588990859
16.651062948255
5.011897711280
0.206070825144
0.113416436170
0.552321465051
0.030724328633
0.000030731220
737.296817746800
0.013360802999
0.143770494630
0.000338523807
0.000418657186
16.079631715504
4.729278204133
0.243246731413
0.294159393210
0.623050973786
0.034941457328
0.000041711689
690.812015381615
0.011995523952
0.149768311240
0.000320485225
0.000418877218
11.434675165068
4.424883640229
0.134668285714
0.556841305640
0.630856234405
0.035946534642
0.000154414778
1269.121523017140
0.013134264791
0.081742433031
0.000307422525
0.000627113851
11.003458000378
4.329577783083
0.162276203523
0.468422475485
0.565781369054
0.035665544788
0.000134644473
1266.695394255988
0.012040626999
0.088132116931
0.000303417288
0.000663604085
12.768992067234
4.230505772882
0.174273297307
0.759132476436
0.585074532827
0.029962833305
0.000130481310
1343.802876865988
0.015313331365
0.099383686272
0.000271900148
0.000465599186
10.276879400283
4.884448661628
0.288445804755
0.958452532080
0.405981437112
0.024162144027
0.000154606837
990.727834022695
0.013998862856
0.164826705384
0.000351941997
0.000695131838
9.347623344353
6.487974544101
0.252146491654
0.919041027542
0.670824737745
0.034948127178
0.000172861451
1209.482459686993
0.012415544708
0.144002320964
0.000241251195
0.000699126438
12.547898497956
4.812659813281
0.151446186873
0.670722566717
0.632916494311
0.037196256795
0.000206110239
1274.105862223022
0.014977035150
0.105425675336
0.000319116148
0.000664639594
14.377206326793
4.815941056525
0.170659941247
0.827030060365
0.453997878149
0.033770294392
0.000115315508
1292.786563535680
0.013938030375
0.111658949143
0.000352174133
0.000607988823
14.794166993258
5.673487502398
0.291284466031
0.340882596497
0.679166876634
0.039653536275
0.000054708264
820.344016989853
0.011264604901
0.168922405142
0.000360037785
0.000425902044
10.668450425942
4.057095958156
0.153895473234
0.688187833000
0.512068710282
0.030206763728
0.000136678131
1313.644631524270
0.014457932814
0.084259442117
0.000301710565
0.000726025410
11.680143582756
4.231495084710
0.131860264490
0.569282786562
0.702765360823
0.038608094443
0.000144553415
1247.306052108923
0.012302433890
0.079423634979
0.000307757744
0.000649209421
16.067165566813
4.937493072233
0.269224420322
0.280054682250
0.729695206494
0.031350129191
0.000035263863
707.831825587465
0.010575700486
0.159101718023
0.000356164934
0.000565276339
11.242661214208
4.562957703814
0.157969801117
0.571182442061
0.590604676307
0.031784855512
0.000081928167
1279.840565969186
0.013289050186
0.085355122618
0.000327718666
0.000735196296
10.611655620079
4.632553039334
0.218264887700
0.567422952248
0.646767107512
0.030781726063
0.000170680018
1288.105089831373
0.016820849424
0.121886685843
0.000310788500
0.000634664002
13.106316322144
4.029002090354
0.145026561097
0.583598956896
0.534885183606
0.034225782863
0.000154115417
1249.425593542914
0.013550550744
0.093781226855
0.000340325531
0.000637352595
16.837284555029
4.690567956979
0.196992510800
0.165824427098
0.544518809073
0.028754988038
0.000047691984
774.827148095966
0.013688238038
0.118567595123
0.000319376764
0.000368348055
11.229916899218
3.446346028406
0.144133758148
0.394268921909
0.569059043874
0.037051666853
0.000056124764
1173.529719555040
0.013964737345
0.100809701043
0.000333163361
0.000778639644
11.718576563836
4.306815264761
0.159045344899
0.550812722769
0.605354230031
0.034834748620
0.000150292505
1265.514640751903
0.012892101548
0.084824971770
0.000322933487
0.000637014306
15.450004628063
5.022980614794
0.279605520682
0.327048045430
0.664289395767
0.038861733555
0.000053773837
782.558007809593
0.011847433064
0.168742936582
0.000321612778
0.000392466472
13.294571344645
5.308696361088
0.341421859605
0.282139349495
0.416457680611
0.023046232357
0.000045453797
892.775302275103
0.015956634825
0.130482580388
0.000280683878
0.000586384459
9.761540049733
4.747686736939
0.163170475058
0.657112618384
0.644175658235
0.038838717503
0.000169671118
1240.800670498535
0.011305457495
0.082697073848
0.000318431127
0.000597354565
9.298831102763
6.522381628979
0.225816253539
0.884746420964
0.715096891705
0.033355260468
0.000147422598
1277.467725424003
0.013753293388
0.141998484250
0.000238089334
0.000663425508
14.916684599425
3.977159785642
0.211625889939
0.648382031535
0.586844301342
0.033915046777
0.000178758140
1276.904664508272
0.013010606355
0.086535004606
0.000304629706
0.000623409459
10.681370896021
5.138917673572
0.257545632844
0.919675815668
0.399009980699
0.022913576958
0.000165197022
973.160789746007
0.015109373771
0.169000883919
0.000367907335
0.000646213912
11.336816610785
4.571978797869
0.203664575554
0.527580573755
0.653104621739
0.037182386991
0.000130394327
1248.000457450131
0.013917193756
0.083537759571
0.000318499375
0.000619782682
18.791672489128
4.857135234044
0.260043228828
0.566006604168
0.339186202640
0.024236162918
0.000066444993
1188.098773386706
0.015806623375
0.140427225785
0.000261291101
0.000597788419
15.817551520351
4.733439127615
0.294353988663
0.210287284332
0.727323599311
0.036069282529
0.000043118467
612.420606149665
0.012219834062
0.167535913439
0.000319644604
0.000409718853
11.072091049674
4.921508784316
0.246295082840
0.957048769175
0.379809711709
0.024295483494
0.000117279920
901.261843876667
0.012420672004
0.157691952099
0.000305355336
0.000637755954
14.868608038286
4.458385844771
0.212829861001
0.732270961035
0.588190915220
0.037050594117
0.000158711210
1283.392360561425
0.014198399589
0.097063747672
0.000263444021
0.000676507237
11.538355705628
4.067723374784
0.165853049653
0.485181777869
0.569416427088
0.035703481340
0.000138629035
1263.945047419122
0.012319270485
0.092424725557
0.000331150068
0.000686893063
17.030740676333
5.088456585403
0.266750301558
0.184258235425
0.672880646239
0.035292672735
0.000034135335
722.948556112347
0.012108204178
0.150189609124
0.000347334289
0.000400505198
19.338892300727
7.125511855382
0.237111011789
0.277086135669
0.588618283037
0.033495087571
0.000084092535
1334.652577818403
0.015234228301
0.134717071326
0.000271817888
0.000697414497
10.040766450559
4.327800245723
0.169156874420
0.314939259474
0.525704001039
0.031886494018
0.000068493366
1243.335754748383
0.012650687659
0.099163953761
0.000318585512
0.000746368079
9.912552411244
4.239562723094
0.136275976894
0.417163118911
0.723814816261
0.036957650887
0.000101141006
1284.898705585716
0.010563412955
0.075074974505
0.000297973476
0.000613670146
11.359527026021
4.385994764278
0.148300543282
0.508847620468
0.638975070834
0.036919783017
0.000147732821
1300.311204213076
0.012814743305
0.081676921674
0.000325591462
0.000637563824
11.492009052213
5.165031092549
0.268450130238
0.958139679478
0.388163084478
0.022603686674
0.000165894070
931.412384888221
0.014016875846
0.159393206188
0.000351195778
0.000556709417
11.844107400995
4.890612121968
0.134504539080
0.330380722110
0.701961716885
0.024872608502
0.000079482665
1330.834261497405
0.014187624362
0.082968421045
0.000333752724
0.000636151036
11.044560304732
4.137895276573
0.158888522772
0.501342254703
0.626230832937
0.036416889639
0.000131118505
1272.304506453584
0.012380079529
0.082300092892
0.000312116127
0.000673760556
16.750660673773
4.546628631927
0.207750492195
0.231176948142
0.584354132961
0.028652954700
0.000049765977
748.552090176949
0.012646472053
0.121596429684
0.000295166732
0.000393854212
11.921768855169
4.277182335199
0.227977941838
0.382097508241
0.540976934992
0.027133133534
0.000047003629
1205.031885420885
0.014281595827
0.133775283637
0.000255872911
0.000568107355
12.960855383046
7.163757893332
0.203763004639
0.355301583439
0.270682203736
0.030569389171
0.000061406204
1155.991506215456
0.013423880437
0.114314559772
0.000260698924
0.000599348400
18.121643076770
6.561105817738
0.202061582886
0.752987889946
0.416819665607
0.021314513997
0.000091412671
1209.646456072789
0.016157021736
0.136842288288
0.000245641686
0.000665670507
11.386620845728
4.633900120072
0.166493805983
0.561797931515
0.602624554776
0.036390195827
0.000137728094
1255.080897626574
0.013106684248
0.095195791886
0.000311502766
0.000650135685
15.473762527506
4.644358443643
0.233365456008
0.749970178286
0.567994540271
0.032944588656
0.000172860627
1323.994530264085
0.012048180010
0.118384939642
0.000336274110
0.000666209051
12.514345651144
5.535603081533
0.241343885405
0.529170131509
0.681415012840
0.029296621987
0.000214002446
1322.069235697957
0.014922061232
0.080574352165
0.000306336701
0.000633398061
13.380941190340
4.836312943048
0.194678894359
0.812026391344
0.491611312636
0.019537444657
0.000067292458
821.492841955896
0.013481969810
0.122359268870
0.000373498527
0.000708208022
11.633650291795
5.168373659737
0.251390821247
0.970033286059
0.357739196844
0.019685404056
0.000152176174
915.093835840133
0.014396933060
0.161742881473
0.000359633809
0.000574997370
10.728207306166
3.862720596986
0.133135986322
0.490337241052
0.618397087427
0.035390455234
0.000128995863
1236.507355372048
0.012384620171
0.081410138476
0.000327026447
0.000714931372
12.531813743822
7.035078915952
0.233302752873
0.233639968025
0.236935304515
0.025494452477
0.000049594883
1159.728266888643
0.013768030416
0.124193851304
0.000267935064
0.000571394295
14.367254930579
3.775264284667
0.232493127013
0.759439942310
0.480491161509
0.034268340612
0.000130841103
1194.133455157092
0.011120131628
0.135508723862
0.000277222934
0.000656638371
11.834109615025
5.161320319143
0.256092470594
0.957301687454
0.311882592570
0.021121919893
0.000162310630
886.803098327905
0.013644177829
0.165837073228
0.000341378526
0.000594221054
18.933264323019
5.685085461063
0.246227645103
0.692197079555
0.505610970661
0.039954515469
0.000122229211
772.326416388439
0.011778684642
0.110196800853
0.000383913247
0.000421621361
11.526092127552
4.929927319007
0.153025630312
0.467460861581
0.655847059992
0.032990222032
0.000134186251
1267.073181170605
0.013270192993
0.098043626853
0.000325036980
0.000597401300
11.868379422231
5.674409372855
0.265852234771
0.954385887640
0.358853725896
0.020346192516
0.000123191378
909.782083461525
0.013309135088
0.148990249390
0.000356581082
0.000615057783
11.083917972560
4.032334206140
0.154844029617
0.516388546884
0.622636114025
0.035526625288
0.000122996072
1262.396071349253
0.012737776086
0.078168772572
0.000313250298
0.000689689930
18.842816123727
5.754876293210
0.192669170563
0.786647047679
0.414548862236
0.040420239905
0.000158627745
724.961148687946
0.013241447283
0.140291950069
0.000334980817
0.000472261030
11.794281362797
4.841714025974
0.140609584683
0.646392685674
0.603124493094
0.034427389511
0.000149479073
1308.099424887080
0.012494602813
0.094804508875
0.000325231198
0.000598741889
10.608747334068
4.063449285126
0.143116717785
0.466221023880
0.652122912463
0.036814778948
0.000122797694
1258.796292778254
0.012240517719
0.080800756439
0.000313374485
0.000659667187
15.842856580845
4.838736000817
0.232005333586
0.323127116129
0.618788407969
0.036954506538
0.000051032949
705.421585587316
0.011834279629
0.155316293926
0.000338243956
0.000420456665
13.733893371878
3.934431157319
0.207266175847
0.659540421766
0.658989993779
0.036244139053
0.000170598621
1277.569388431193
0.011834813673
0.104575033802
0.000348950268
0.000571477253
16.216000065615
6.542883342897
0.278925559888
0.754700241579
0.508711795535
0.027430349180
0.000185853688
1064.306262077714
0.014995022518
0.165684116044
0.000263825578
0.000480448050
12.769174717517
4.743645282495
0.242475767233
0.936667118759
0.422633060496
0.019829526560
0.000145037100
995.715908663759
0.015490888254
0.140932767790
0.000337701719
0.000646721868
11.919678681898
5.511913613671
0.300669789138
0.915323396825
0.371704245581
0.024093688487
0.000133362989
939.743994288073
0.012814153842
0.137242407225
0.000287994535
0.000669986525
11.611675835552
4.497426596244
0.168786216517
0.649274949502
0.673372097093
0.036184434478
0.000191350977
1313.031453955362
0.014309919965
0.085816629882
0.000299027694
0.000605903148
16.516242003027
5.281478469794
0.231291560229
0.664229156567
0.370403532815
0.024336228908
0.000083137039
1206.842446210504
0.013805079215
0.118337542463
0.000297203708
0.000556930856
15.813805766148
4.710235360408
0.252900987584
0.617281256787
0.594372072304
0.036966741725
0.000045062905
747.555045452094
0.013375634136
0.148101238109
0.000317349618
0.000519378810
13.787818598440
7.349911078742
0.334482661181
0.301667908321
0.680233415091
0.034804357811
0.000045535615
1064.547378859960
0.017600716651
0.145387333990
0.000202512338
0.000467083685
15.370518002166
5.289684751726
0.275357289028
0.481390421972
0.652940384489
0.039869674290
0.000061231377
947.130183966232
0.013422608159
0.164067398253
0.000332282301
0.000486856628
11.222007380260
4.337429781059
0.163154355912
0.486761682038
0.608479005357
0.034712053345
0.000123815545
1280.420880996075
0.012112599621
0.086543682825
0.000318693714
0.000649041761
9.502189942797
3.651620442020
0.308334020800
0.316166681245
0.598106740054
0.033107797475
0.000061280739
1162.047360907045
0.014875025889
0.084332564049
0.000267226689
0.000746523520
11.168989293309
4.924115421834
0.166878425162
0.668011172830
0.633397639934
0.036044584779
0.000134052508
1236.305677321931
0.014228514748
0.092079874295
0.000300439100
0.000556099505
10.830219626833
5.120535870093
0.242021742480
0.907359100923
0.393006641213
0.021729990019
0.000152956150
917.813721809712
0.013272775009
0.150741571180
0.000332577551
0.000622912200
12.026239829516
4.093971566308
0.172587651955
0.504853764287
0.585995971933
0.035854072708
0.000131823269
1286.533926478654
0.012976827132
0.097755344180
0.000327226408
0.000674260788
12.503536771980
4.766658711114
0.188165215233
0.645985031021
0.646017064609
0.036401717025
0.000185085733
1266.914798874317
0.013855383702
0.095985227166
0.000284516649
0.000506294325
10.715994050202
4.308298376219
0.124967879445
0.456110805742
0.611602745278
0.037359685518
0.000145039111
1290.766841882100
0.011105347217
0.079609147578
0.000300569360
0.000634352188
10.136011802797
4.668041231334
0.130080967864
0.772685236402
0.498036507055
0.039696377626
0.000120322121
1258.340203165081
0.011176365880
0.099644678699
0.000366753869
0.000497911880
11.178593911957
5.297197266860
0.248080238393
0.899666347768
0.366842024605
0.020880770462
0.000124166751
936.486083656573
0.013732971656
0.154969999475
0.000364094888
0.000651021517
17.665233559833
5.086029388880
0.226487426156
0.719566954074
0.365399078715
0.020405193989
0.000070897096
1195.758862895277
0.012383403432
0.119212441872
0.000267602113
0.000657219807
12.015336550823
5.096099195734
0.279821491473
0.596151646947
0.561597393090
0.039537528249
0.000159630547
1278.313845659011
0.014955718689
0.125354339282
0.000254196167
0.000697401331
19.943275939922
4.107294448775
0.310697898924
0.130241213766
0.432794455381
0.035059728129
0.000045546945
1235.543853874044
0.018246153968
0.082175878477
0.000378179241
0.000443880222
14.301072297638
4.723489390236
0.208680574904
0.709373685293
0.713436647216
0.029386170860
0.000076548265
1112.330445553843
0.010980070033
0.089382476464
0.000326547038
0.000450789115
9.875437681391
4.081090386708
0.172740931197
0.422867929781
0.605182296574
0.034734432947
0.000128203296
1250.308499208129
0.011896293793
0.084930064826
0.000310608224
0.000670339270
10.853951359879
5.190491940661
0.258704886157
0.967022979973
0.373440298436
0.019456144391
0.000154291766
945.676114423218
0.013490777824
0.163141807326
0.000353953204
0.000613759138
16.440378455824
5.111536493329
0.241738956516
0.248191831339
0.602665075611
0.033767840897
0.000041911382
634.978884994408
0.012066153103
0.146076082161
0.000320689180
0.000359618956
12.902082919597
4.644917445290
0.160393068679
0.663973815249
0.658532675205
0.035106207077
0.000178347811
1274.583510643031
0.012347047869
0.090275317164
0.000288642128
0.000548729629
12.922311177395
4.694320162641
0.134293518673
0.689727713940
0.635285439700
0.032571721344
0.000147005977
1236.804009151603
0.012018487719
0.078066278895
0.000292244094
0.000553506803
15.886620814423
4.936515291107
0.229509040833
0.300796018788
0.578171237389
0.031845340948
0.000051413792
745.252156809059
0.013010459854
0.135083789895
0.000315094435
0.000382295127
16.260107626961
4.667065963806
0.243412468502
0.305197806094
0.602669999781
0.033149539129
0.000045533591
807.052916405323
0.012766844833
0.143810961167
0.000310742304
0.000433921478
12.444950333131
5.211488328808
0.191833522617
0.833231426478
0.492036298178
0.019020869918
0.000175250934
949.108128179958
0.014523395998
0.137619141541
0.000377849698
0.000683124495
11.164457906156
4.160124419511
0.187906654518
0.446588625139
0.657327011239
0.037516812892
0.000157059170
1278.733431037184
0.014161319222
0.101942657590
0.000337387409
0.000679426468
14.199319047275
6.832455431501
0.302596895624
0.490068144126
0.420223107471
0.020613554960
0.000058143598
1224.915481335310
0.012822573981
0.152633102196
0.000234141100
0.000653234866
11.185722651477
4.288800606397
0.188609948054
0.339741566553
0.622665468424
0.033084118322
0.000128738527
1275.311230577850
0.012113006057
0.096354309271
0.000337827373
0.000686215149
16.453415055279
4.225911766840
0.268779719746
0.738514179561
0.428522276568
0.023608138895
0.000099426539
1247.160067814978
0.009890571411
0.110060942742
0.000296536822
0.000518872368
18.331325841051
6.653365630541
0.171184465930
0.662312252690
0.395862956559
0.037683258091
0.000052136814
823.318350458504
0.012055041244
0.140666282272
0.000358922568
0.000482873588
17.319508541719
5.419357716694
0.236511625289
0.551071453521
0.367537713549
0.024162278270
0.000061554178
1263.340571642349
0.013883826220
0.133813538535
0.000216921579
0.000578262776
11.065343971019
4.568689526383
0.132614095875
0.546285064445
0.678429595717
0.035611340264
0.000141723950
1279.957576707313
0.012291189372
0.077867312568
0.000340045012
0.000600356236
11.187199302424
4.142090944444
0.195891271621
0.440498147348
0.597173834778
0.036329916439
0.000073249923
1215.782960488298
0.013778689939
0.090900274935
0.000338891269
0.000727353599
16.176848958206
5.001687757860
0.252319634939
0.269201457450
0.626825595217
0.032894112650
0.000043228741
683.341376384606
0.012036240621
0.138473974084
0.000337614853
0.000391582935
11.421650236769
4.641696260496
0.165121983259
0.506436405245
0.633145830283
0.036682492266
0.000155633047
1297.254401805466
0.013257031730
0.088528225641
0.000317350144
0.000614602926
16.326788522714
4.755976484203
0.219949493949
0.258116227211
0.572052849329
0.030448213139
0.000046764178
722.117163715250
0.012233929203
0.128847812883
0.000326127509
0.000587685644
11.449051227776
4.353986328483
0.168740565230
0.467181673218
0.590799215590
0.036014733653
0.000131382491
1253.134513938864
0.013053231300
0.088473227762
0.000304181774
0.000659686751
11.326426115489
4.090314054177
0.155800883415
0.574185140210
0.661193486430
0.038659226865
0.000124018716
1279.276663549037
0.011425054970
0.083224310512
0.000325670381
0.000672103701
10.942803636314
5.013514569152
0.306203810789
0.919096665070
0.294033673837
0.026051341553
0.000125049819
1137.379188678022
0.011405671714
0.163599314376
0.000367709748
0.000507496795
17.717481180681
4.643731403997
0.243246336242
0.628695929100
0.660148931981
0.034724903718
0.000049711899
790.020949552676
0.014226814819
0.109394533863
0.000333027695
0.000484438341
14.393822403518
6.121612098655
0.260676342079
0.578876909805
0.453129694886
0.024107804891
0.000042907121
853.799439846108
0.016298330919
0.106167136366
0.000247639724
0.000421740242
8.981643259330
3.537141757964
0.162164393642
0.184413165750
0.547798559198
0.035475320079
0.000032699828
1237.737447982435
0.011647277996
0.087380330985
0.000349158261
0.000814628817
13.465012022089
6.492082000100
0.239392686407
0.726555130573
0.718937209672
0.035436188742
0.000182251641
1253.084291088466
0.011786889537
0.146860526110
0.000235883520
0.000722016101
19.495593361255
5.203259324840
0.202410723290
0.718179951193
0.525007351148
0.032502729134
0.000146374075
864.869908078661
0.013073034551
0.137516751777
0.000317156024
0.000487827600
19.045846983030
5.712784921215
0.185254072649
0.679981873959
0.482644802675
0.034210290030
0.000122060290
812.731612677410
0.012191624703
0.143156999304
0.000328743438
0.000481022138
9.338713493166
3.781076936108
0.189177773656
0.304251011499
0.556642423366
0.037765467728
0.000058306410
1207.825365830855
0.011464411192
0.100093094279
0.000335862257
0.000709195684
18.952591647009
6.022187462443
0.163691568901
0.611763207957
0.467536422050
0.039226444146
0.000057852555
816.481351982360
0.011771070952
0.145760129794
0.000362659111
0.000419907252
18.820391014914
6.176831792403
0.152996003639
0.775742008248
0.520579854212
0.034947101505
0.000053456667
872.933231526214
0.012514661893
0.148387212852
0.000337288633
0.000361161445
11.569535396820
3.625720505126
0.233443095271
0.172123397360
0.617093078143
0.031685269632
0.000064129813
1271.193360348282
0.009761297749
0.080276314013
0.000333156997
0.000693403131
18.187643708981
4.650527046065
0.208198408773
0.548756971796
0.299174416310
0.026526586612
0.000048480788
1390.992937440377
0.014468466701
0.144865375548
0.000242183289
0.000425247679
17.239357474969
5.114035840970
0.221038679707
0.537242403327
0.252532965175
0.027799391461
0.000059008319
1296.138378197870
0.017007751947
0.165646845121
0.000247158358
0.000529841001
9.993220244279
3.732783911730
0.165665396727
0.280243848372
0.571380461978
0.034964843224
0.000071375034
1258.536403608931
0.012857138979
0.084186342368
0.000334595008
0.000742034072
19.151743161941
4.366237729385
0.262119551741
0.319014655561
0.383559073450
0.030020168253
0.000046214831
1272.877434875644
0.016657234385
0.109080230068
0.000294764155
0.000464701021
14.383436275825
6.232150607318
0.260129589181
0.652200810626
0.403032595124
0.021095885619
0.000046460953
875.532775946136
0.017374264650
0.097698502244
0.000218394276
0.000406885148
9.914495905270
3.394413722372
0.165143227050
0.344254392869
0.560042960799
0.035642773523
0.000045727170
1237.463293718050
0.010972295386
0.077954401882
0.000361216197
0.000722573969
17.901588359988
5.158696511314
0.245182591424
0.482204524807
0.339757668399
0.024031701755
0.000068421398
1284.638888824732
0.016105801378
0.142526529663
0.000245141438
0.000484167024
19.267278181590
5.874836682083
0.184185944822
0.740502321019
0.271048794099
0.019066104679
0.000063313782
1300.434105509384
0.015802156969
0.145522396164
0.000225007141
0.000626807567
18.140165308692
5.375106458821
0.227631552321
0.495636285488
0.358615780923
0.023730553061
0.000063490216
1256.569045001627
0.016182417946
0.144161736059
0.000231061121
0.000540630804
11.053058968895
3.705020151700
0.180340308279
0.287615686647
0.548855420236
0.033466946515
0.000058536207
1269.289151435626
0.012604338719
0.094522192782
0.000333120315
0.000723158108
16.771169649814
4.465487853388
0.230091207749
0.560167307610
0.297276731181
0.023397404149
0.000049077671
1304.473448775887
0.017551205034
0.140468616479
0.000285115037
0.000384696025
19.389193378382
4.256150581032
0.267050711309
0.286073159356
0.445470933217
0.034362329482
0.000062345908
1173.931748412480
0.015973099039
0.084841017064
0.000336397761
0.000513669961
9.944222752159
3.940837695801
0.138138696292
0.272714548066
0.599478639468
0.036158214650
0.000046348475
1246.227944645517
0.011310986963
0.084808851752
0.000340971831
0.000765732885
10.129262588816
3.722062529280
0.134832119172
0.300073791950
0.607858897448
0.039143865777
0.000071747429
1275.066437041186
0.012061767311
0.075126527647
0.000336993892
0.000752724082
10.266625747140
4.161671891079
0.126848643361
0.557016605128
0.615698881858
0.038145139575
0.000138458928
1319.970812243901
0.012144443876
0.086929513709
0.000341472197
0.000684358776
11.833483623806
4.496438792963
0.133841499374
0.420275117629
0.687790618374
0.039552966397
0.000096380649
1331.486631744262
0.011190313381
0.075993731224
0.000324104200
0.000731197434
12.121253376627
4.108040488571
0.151539187633
0.540065828683
0.578927498209
0.032869178262
0.000128516829
1214.228078939660
0.012582255134
0.106152479321
0.000282174673
0.000665630912
17.411080660201
4.528620936000
0.268669154352
0.248924349322
0.710774323486
0.033804580831
0.000033327677
713.653458180626
0.012927893975
0.156669189990
0.000342752564
0.000407262111
18.156599193277
4.041912274861
0.143282281618
0.103430386750
0.485150295944
0.019708308253
0.000042208913
848.518956461802
0.014021859131
0.101629604864
0.000266460287
0.000396673568
10.466309947429
4.601674094331
0.251320806580
0.532504605832
0.438526113288
0.031314254695
0.000043997130
856.812420975176
0.013938006906
0.131765309971
0.000293066411
0.000457308356
13.396132991667
3.357061498037
0.174870810663
0.251888281943
0.547695193013
0.039890311492
0.000047150909
1215.943141571668
0.013094626622
0.104040642726
0.000353409883
0.000820193101
12.481078096886
7.133571305419
0.196321836462
0.139571773289
0.332454400609
0.024793366099
0.000056248485
1143.944874937402
0.015276526080
0.134837459245
0.000262594762
0.000539143694
9.608613919626
3.750489215979
0.165185774860
0.283385700592
0.573425508228
0.035906212179
0.000062497943
1245.237550764041
0.012036757411
0.087348062275
0.000339391212
0.000761806020
9.392948996996
3.812429281712
0.150092931804
0.379450232747
0.600048562184
0.038201865366
0.000064527245
1194.391207363184
0.009573984161
0.088757306386
0.000351328333
0.000745053963
12.491795781670
7.264922130248
0.199863871554
0.275637760737
0.285388229224
0.028478154769
0.000059477758
1179.580790482132
0.014404993316
0.124875457323
0.000254628865
0.000626383159
19.134874147363
5.773244985594
0.184412199656
0.800344546197
0.509879385059
0.036185576569
0.000142304546
827.613736092773
0.012565848542
0.135902623366
0.000325308150
0.000506493355
12.829504909589
7.398118590707
0.204338615446
0.276521804722
0.239266627730
0.028657062730
0.000052760610
1182.964429183077
0.014469570560
0.126109788161
0.000249340978
0.000587262602
16.947236072844
4.785783966822
0.322455059588
0.270038207439
0.621309819213
0.037297877533
0.000038962422
850.838239200706
0.010617107328
0.143304732169
0.000379274137
0.000361445646
11.602090526686
4.222801670806
0.207328379362
0.550673732065
0.617157535587
0.029952752874
0.000065415699
1180.446800909084
0.011707001509
0.102235639865
0.000278774961
0.000634195311
11.408310833907
5.062825316924
0.219988076188
0.994659681934
0.295231912137
0.029305249203
0.000197503159
957.444141081527
0.014574995991
0.153287456508
0.000296002648
0.000622926114
17.802222628922
4.246857932410
0.169064001730
0.158926434505
0.509958611903
0.022559597034
0.000031974353
851.727211373668
0.013666151609
0.106691482113
0.000293253390
0.000379024639
19.364871028939
4.711744511414
0.271997639351
0.290849658554
0.401730397928
0.031083741809
0.000063571759
1223.645151771021
0.017224341566
0.103716115371
0.000323429805
0.000468417778
19.410609687559
4.340364204776
0.239806216703
0.358401824917
0.337141677047
0.028499205080
0.000059185722
1287.662218516426
0.016859622083
0.103142714217
0.000303406154
0.000494841101
13.092211123822
5.326511722292
0.248469854196
0.622162304027
0.447520924997
0.020954742994
0.000050156999
969.169713433463
0.018114127315
0.115533906750
0.000234569459
0.000466268224
18.982737069941
4.798319025108
0.255630913524
0.383627596072
0.360351931283
0.028867199397
0.000048812372
1278.705110769887
0.016641707317
0.117951045245
0.000295937938
0.000480929802
13.068499544092
3.508797499567
0.128642912391
0.586555225147
0.573488651218
0.032612679295
0.000099455074
1243.527192442213
0.012742240403
0.093179145851
0.000375140304
0.000621015242
8.980087787050
3.545287216612
0.142844420580
0.367148515600
0.674284405284
0.037891558110
0.000069484072
1197.916137656730
0.010503997882
0.084526224467
0.000338815363
0.000769652143
13.352585924924
3.533126278965
0.158720755194
0.158333254349
0.590980174359
0.035784382107
0.000046196057
1241.416105151506
0.012258877279
0.077566459894
0.000365617848
0.000640767502
18.682551962561
3.911536275369
0.209348360373
0.138910324117
0.588880061617
0.019586694230
0.000037945053
828.918869816397
0.015060188600
0.106417319186
0.000308123208
0.000544080757
10.215824301496
5.271237870100
0.311130605907
0.930303217450
0.427325293500
0.025042198847
0.000142268930
998.805745982852
0.016438518572
0.124566832175
0.000287083076
0.000558967477
13.077228344209
5.079021792376
0.336215575619
0.275221885231
0.445709788651
0.022790469360
0.000040440073
891.693209925970
0.016393257725
0.123800408426
0.000266141506
0.000558792928
18.937057359780
5.647276556793
0.195617890195
0.781579024323
0.492530640134
0.036408319024
0.000140334840
787.143311758076
0.013031148017
0.139341684310
0.000328978277
0.000495431328
10.713999229818
4.162140741630
0.160183166924
0.406816573063
0.472401694207
0.030286889030
0.000076215005
1256.394973528114
0.011483724636
0.093421403654
0.000339671071
0.000712054215
15.503539962889
3.914196504641
0.219660626443
0.378443177323
0.597360799275
0.033573104771
0.000030186237
664.756479887352
0.011445480409
0.145350591255
0.000315164673
0.000406059678
12.081115759018
4.559537348932
0.173450174295
0.345273797659
0.424824758304
0.033403805651
0.000060816440
1267.664298339224
0.012278223669
0.115544927825
0.000314044545
0.000754468223
17.972337870608
3.846746885132
0.160535753698
0.096226723207
0.510671264620
0.021826324401
0.000025091524
602.451187089392
0.014004129078
0.105169476691
0.000277747479
0.000391982438
19.434835451708
4.943776786220
0.205172237566
0.533003311009
0.311986233207
0.024360450262
0.000077912499
1290.795564303769
0.016942364167
0.125807915376
0.000263864550
0.000410503417
18.965586896498
7.310477633509
0.163436874407
0.307562100853
0.616113363895
0.039506170143
0.000083266660
1392.640377976315
0.019409684271
0.103505506870
0.000231867263
0.000695662351
20.327428624943
4.599224580096
0.282027920237
0.254300748153
0.441457763919
0.021929341600
0.000041469923
1302.064049795629
0.016235451551
0.129644782231
0.000324252310
0.000510270244
9.611402112245
3.852664576284
0.170333173939
0.269035538632
0.574487631847
0.036519486184
0.000070100086
1254.853125931934
0.012236034750
0.084495164169
0.000340136497
0.000771026660
19.316149943520
6.031494181199
0.166651675365
0.713905401848
0.528939683286
0.038214040867
0.000053017915
839.663821493681
0.012744652193
0.152035656340
0.000338978546
0.000497031489
9.463134226428
3.708900594664
0.158157044348
0.283384379837
0.568394767400
0.035665873565
0.000066114895
1253.029639782331
0.012238811847
0.087459773351
0.000338237537
0.000757591618
16.827373109525
4.399168835868
0.226068935581
0.255985956383
0.577666196688
0.027460828302
0.000051046113
759.323068942335
0.013266212906
0.129661989950
0.000300090156
0.000439563404
19.235908809037
5.195556738288
0.212046867341
0.830527901526
0.497779745413
0.034097666789
0.000154113925
811.288062725506
0.013592528129
0.130418216572
0.000309217651
0.000472657226
11.480327254739
4.436528949566
0.156268168452
0.462827783355
0.635005158104
0.035179618534
0.000137140018
1275.588749770923
0.012574547995
0.096294577528
0.000314194912
0.000660286237
9.747955611652
3.726963051370
0.130408369840
0.203171346466
0.524453913699
0.041812724157
0.000067206880
1372.733201342603
0.011823251601
0.079371986426
0.000393188719
0.000771795838
19.356521099410
4.223365828968
0.247558681230
0.267548983924
0.258795270361
0.030175410371
0.000051510759
1290.773891869747
0.015941141965
0.141238498510
0.000274217144
0.000437524666
16.248940568669
3.873945171034
0.124950948366
0.290978335478
0.604495861993
0.031310032389
0.000039140411
684.981608708058
0.012386142964
0.168319804172
0.000395492196
0.000431321010
19.619531141793
6.466864891318
0.142990285517
0.334627130810
0.565691718353
0.034723938289
0.000052075937
1389.921925517140
0.019619367780
0.106960137294
0.000179352921
0.000559764145
18.607622691941
4.607930889900
0.259273828119
0.380733136392
0.419778801635
0.027386369572
0.000045345300
1251.392460992564
0.018068720727
0.103033123954
0.000332275968
0.000417007203
10.022535994168
6.593803702965
0.259279440329
0.774124925660
0.601431867511
0.031811605761
0.000186082939
1296.812718646170
0.013759103983
0.134455210541
0.000270850984
0.000661158015
17.770867174381
5.579621374546
0.192442505726
0.506055252274
0.336220752838
0.021036497009
0.000048452736
1267.249143490882
0.017051266784
0.143218540053
0.000208777625
0.000549120414
9.205595107213
3.667166663312
0.156086719924
0.235617404616
0.573299224620
0.035156116862
0.000054994793
1257.881179194401
0.011223017604
0.079310950435
0.000339596188
0.000805768131
20.319732491283
5.899468513125
0.136013918581
0.565751470645
0.514506688855
0.036522756115
0.000067275757
948.623895159347
0.009630776847
0.149657329675
0.000384403829
0.000527664537
13.375375890109
3.564154595320
0.156990086456
0.262060864994
0.594524392209
0.038229435693
0.000056844373
1225.482660685201
0.010856812799
0.115820086025
0.000360419455
0.000813778137
9.459006530466
3.672753453684
0.163283665883
0.267137113324
0.578671892135
0.035726663500
0.000050712353
1231.984578658181
0.011864459159
0.087222505351
0.000336999018
0.000779738583
19.528837775237
4.595816695676
0.268358357844
0.252004928675
0.370892281245
0.030071273918
0.000049124068
1265.798564423491
0.017616372273
0.106439250925
0.000320380003
0.000456744794
16.425982957352
4.971809264050
0.267771643684
0.366033620419
0.575547468211
0.032936533006
0.000043997081
667.738129458623
0.011962515577
0.151476038754
0.000324979484
0.000469331197
17.619357856847
4.745251422369
0.199339591463
0.189225844081
0.517342362164
0.025763869365
0.000041368582
781.740006702084
0.013908574131
0.127463074533
0.000300452959
0.000392765782
17.628242137080
4.253386072407
0.126521581362
0.124128646899
0.549361814699
0.019748205971
0.000042452362
853.408549026618
0.014288986053
0.114603831533
0.000285225270
0.000417834949
18.474375663726
4.925632399668
0.250485020190
0.457444784653
0.409480272473
0.028756305526
0.000053324378
1285.553797091896
0.019042576596
0.141100165015
0.000248381313
0.000534871974
18.885065857481
5.689557923767
0.187435151160
0.764427087069
0.489402589549
0.036796433848
0.000128815332
796.281709828484
0.012637194132
0.137880592564
0.000324326695
0.000473843283
18.311763799034
5.134188470011
0.250553801326
0.462063790265
0.317627519508
0.024427920154
0.000072393709
1260.087450106711
0.016429662700
0.135366774261
0.000241809536
0.000492228600
13.143632780755
3.841848606882
0.204012215936
0.316098941761
0.575855482795
0.040532608978
0.000046536036
1264.635051847421
0.010010531928
0.120823542488
0.000395373540
0.000738519939
12.338979970507
3.600804049755
0.230002296385
0.481701654071
0.640871042703
0.032846210979
0.000076722890
1237.553077973320
0.009014005959
0.089842672618
0.000328571289
0.000683122422
13.579190535292
3.758697207763
0.165755847416
0.266444772285
0.551880127808
0.038327800018
0.000035720978
1267.203170805090
0.011944796022
0.096293670898
0.000369081370
0.000816679232
9.509574302967
3.314215480981
0.160008784007
0.132057150664
0.573229869590
0.036277860216
0.000047744236
1237.570403523446
0.011920943823
0.088181287383
0.000349270154
0.000816343812
17.999700152090
4.009161417765
0.286545452613
0.190298671339
0.421230449283
0.032525308836
0.000056573080
1263.707115577555
0.018946861089
0.143860383278
0.000232226644
0.000578049614
11.428354660546
5.250655985158
0.250691896930
0.870342985024
0.451760936726
0.021987582016
0.000128714296
1016.466656262712
0.014822649771
0.159833957865
0.000251949412
0.000475209537
18.470012117136
4.256960148922
0.276520046310
0.284661266318
0.269126176252
0.027436471491
0.000064981987
1289.092708070325
0.018096994430
0.129484255001
0.000293710338
0.000471771694
16.178470367577
5.365089098110
0.247710242014
0.165253366151
0.589794091412
0.041143221470
0.000024844957
667.114256647659
0.012892748951
0.151599983960
0.000320423772
0.000490362828
19.135129410836
4.313948997948
0.292465322412
0.237853727573
0.409970904970
0.028986901165
0.000049673151
1294.509734249380
0.016461131489
0.107969624049
0.000306414293
0.000485519719
18.983554935592
4.716312209574
0.271162391046
0.335881579012
0.367541436485
0.030328511386
0.000044677129
1261.392081938430
0.017243606454
0.110186729498
0.000312178813
0.000483292081
18.000835723284
5.847095740462
0.168202737161
0.880899048515
0.611359618286
0.033561813266
0.000120779762
838.969299841957
0.013796909662
0.113014730154
0.000246100585
0.000523501691
19.046678290021
5.220671228849
0.169621585489
0.887261705966
0.529660420387
0.037363861331
0.000124409859
827.675957173408
0.012619436767
0.142545961370
0.000337838449
0.000485905685
9.041529182806
4.256456554317
0.265453683376
0.426581310644
0.389271245287
0.028597048913
0.000057581896
1131.449035243434
0.011997754168
0.158731215668
0.000228224461
0.000589874843
11.759349402473
4.017454909056
0.189538104812
0.409447740504
0.544284173439
0.040586217232
0.000075946098
1194.815549646877
0.011363053187
0.123138665775
0.000315280155
0.000733304510
20.676361067437
7.538575010490
0.155175503941
0.182413860514
0.494471463972
0.035934883746
0.000061372159
1364.824568859640
0.019427024149
0.128065561762
0.000181851876
0.000565035571
18.190249195115
5.281320137380
0.308080197662
0.288445042392
0.473689531335
0.028829231478
0.000062704111
1129.430098860993
0.016032187428
0.120951433564
0.000310615194
0.000498204430
19.395672875800
4.585986789685
0.272456729442
0.373193695184
0.347308678295
0.030479665727
0.000043553043
1282.391442678293
0.016599218307
0.116733073116
0.000285981959
0.000479478624
11.186499246512
3.542386945667
0.168792250677
0.292478394363
0.548545724900
0.033539568922
0.000035303818
1235.508242879234
0.012055506193
0.096437645257
0.000337536354
0.000796605416
15.854637567971
4.437000626967
0.206197120731
0.365642087092
0.584718277908
0.029219513606
0.000056116408
823.259267629056
0.012604357593
0.117011797083
0.000322577347
0.000463725342
18.361525100772
5.026684047398
0.230695610215
0.482524338428
0.331487802821
0.026360283524
0.000056689826
1299.797766523613
0.016307031215
0.130679070647
0.000265780196
0.000500531120
17.434552735924
4.345944906745
0.182058775441
0.216845527144
0.547915830675
0.024616165545
0.000036344271
826.935016057192
0.013516810168
0.114790340406
0.000288872192
0.000415838670
18.914455068854
4.899201310037
0.195954391401
0.634411018687
0.410181563805
0.040950180751
0.000066726320
903.818621120258
0.011856117621
0.143725940639
0.000342264145
0.000411218430
18.669505277818
3.966016788205
0.251845957214
0.254054770796
0.347937331864
0.025694866562
0.000064330259
1336.036520915205
0.015818644819
0.101313539406
0.000284511741
0.000497203264
10.624728190170
3.494538565669
0.160699458724
0.226078642036
0.582498233782
0.037077414853
0.000037517646
1213.625975555942
0.011507464241
0.075222931957
0.000337141026
0.000783515232
19.055612229588
5.751941888104
0.181728708157
0.795321665125
0.558877226918
0.037886788667
0.000052985208
910.263801226964
0.011128789902
0.137376729426
0.000372824972
0.000391403130
20.701420457260
4.331289912874
0.278435159684
0.431486595786
0.281218658752
0.033366212962
0.000046617874
1266.947749869631
0.019279544506
0.115386043202
0.000273549341
0.000429706695
10.192779706599
3.857726999309
0.205296725610
0.365821301154
0.561076040996
0.035247878676
0.000071868055
1277.633545025144
0.011004215120
0.085151202068
0.000333086683
0.000818534872
9.574117407870
4.336515041275
0.147780145840
0.439324808961
0.675713895647
0.040517887559
0.000137575470
1264.194384211925
0.012521641353
0.083747612509
0.000325147312
0.000621724747
18.697037410213
4.674161243499
0.178201300644
0.137749825990
0.521462587749
0.034110772831
0.000045214272
848.088509558638
0.013037374449
0.096958800877
0.000312707020
0.000371291661
12.345111660573
3.787941427815
0.126149491742
0.160668417748
0.610526341218
0.037544550794
0.000042190460
1256.728938999124
0.011787199639
0.075905052192
0.000371204851
0.000806273133
19.176673396912
4.348934120490
0.246114047197
0.268703994650
0.313248938129
0.030204035854
0.000057938438
1291.642606957034
0.017488706662
0.124800472357
0.000271973754
0.000465849627
9.325907478807
3.582195715539
0.171078435433
0.223081057981
0.559397782223
0.035873867279
0.000040859510
1240.421249424840
0.011959897756
0.088367976309
0.000342456976
0.000788965386
9.875458099815
3.617349685200
0.141383980405
0.466806501686
0.622103657854
0.030255538266
0.000066441592
1220.320765404526
0.010729100598
0.093185810035
0.000320944087
0.000668838351
11.083588839432
5.191095851744
0.252931960013
0.967306382387
0.357652096072
0.029784867234
0.000158210717
938.052733620432
0.013659336673
0.166704306517
0.000351225422
0.000598103031
17.226949786280
4.434651017681
0.189831623300
0.209835454433
0.542151166857
0.026594719606
0.000051862913
808.265793264502
0.013300649823
0.115905235506
0.000298016867
0.000409957751
11.179124457657
4.494804246094
0.144328614954
0.405416400900
0.508599485876
0.033170165838
0.000067733522
1228.434900847479
0.015742251990
0.108340149004
0.000288624830
0.000658394475
17.508487978690
3.548200992579
0.213072271375
0.330721572466
0.583144612302
0.031534521045
0.000036503358
822.941111746608
0.014479985968
0.120464749188
0.000301432583
0.000400754076
19.013387944454
5.391323698445
0.221751349681
0.428059511992
0.458572096500
0.021240037197
0.000156862310
1358.254145845768
0.014328043272
0.145481100987
0.000228001927
0.000388454146
9.562536148685
3.788180445727
0.165057111868
0.301798910102
0.569219665688
0.035654744278
0.000065481579
1248.679325695723
0.012140290857
0.088461615557
0.000341983193
0.000743785783
19.781586324576
6.619664531119
0.202842440902
0.215688240637
0.497370560772
0.031741255893
0.000071680677
1273.135145322017
0.018850056621
0.130277367209
0.000185137069
0.000547871315
9.570634524450
3.421582909234
0.234294278590
0.378724096034
0.729101852041
0.038190133136
0.000139486867
1254.445633517367
0.009940792463
0.076281881105
0.000395268496
0.000737590916
17.139614209008
4.294084884220
0.218081280788
0.219714981553
0.564941487808
0.029244711335
0.000046022413
724.608494897213
0.013208268957
0.128671124786
0.000290001532
0.000484183880
9.505672676945
3.731470191492
0.162033653840
0.301276611396
0.585262497208
0.036239451425
0.000049063513
1234.326769147626
0.011740735859
0.084189009699
0.000343936135
0.000781990346
12.905769531264
7.540009986884
0.203044366429
0.275188787933
0.449846054627
0.027185753109
0.000042194023
1166.839480806151
0.014924940074
0.125574600152
0.000256743262
0.000576426747
11.674298661208
5.444004615077
0.264262959751
0.944766908737
0.376831931347
0.019144457048
0.000164289306
925.770532352854
0.013743227422
0.166749397470
0.000343672941
0.000583318685
13.266891972057
5.205941617693
0.265313072623
0.434711199519
0.445097035668
0.026936826064
0.000048406023
884.159638464587
0.018269735945
0.133416366017
0.000288708130
0.000424170948
11.435769178733
4.093223346015
0.140521010137
0.422612513372
0.697207869432
0.035205055532
0.000135975950
1252.395554636587
0.012013538571
0.081167532533
0.000334649557
0.000707350111
12.909096233594
7.503324984375
0.215297488340
0.270676969398
0.364098645453
0.027367594509
0.000055762318
1194.815353400521
0.014622468522
0.124502997248
0.000262171382
0.000594519315
19.406392078585
4.680375244819
0.274210954693
0.327742555246
0.375287721452
0.030518990422
0.000059982986
1226.045326072332
0.017047899936
0.110080709157
0.000318940943
0.000486820485
11.480207497600
4.647960542784
0.121565537189
0.552773543847
0.646187971626
0.039299926658
0.000181635107
1256.756190395155
0.013047345675
0.079129988167
0.000336286128
0.000635347289
9.915609533369
3.350498589521
0.141193777451
0.369193213072
0.583575662433
0.035404261141
0.000039364636
1256.116412754265
0.009874280115
0.075432920160
0.000325362736
0.000786971078
9.106895943583
6.349414245053
0.258934995801
0.778117380017
0.689637590161
0.032185152570
0.000161878717
1190.537150670261
0.011733830411
0.141711381822
0.000250431712
0.000672077526
17.716898789601
4.740303886646
0.202104412980
0.125319684859
0.562693305548
0.030614590233
0.000049378615
810.619537872576
0.012046050028
0.111642531876
0.000293254889
0.000366239439
18.521524441465
4.596063061776
0.307956835955
0.206449792989
0.285755229681
0.031848890591
0.000062109749
1330.125523278535
0.017670306776
0.137719458996
0.000305865457
0.000393578469
11.574328025810
4.745590851246
0.230746216582
0.451800232023
0.500602106850
0.027037388909
0.000046278125
902.942919462084
0.016721417981
0.136860127354
0.000297630088
0.000513251181
15.371377920507
3.893611707333
0.187727135307
0.284547578085
0.588723040371
0.041760743984
0.000038206322
726.504917975462
0.009849132684
0.167131020408
0.000332977931
0.000465149572
17.688055019760
5.388184899522
0.244515118684
0.473578966694
0.352570443473
0.020961360994
0.000058096583
1325.003729487478
0.018080343901
0.128669796794
0.000239276277
0.000439668174
20.696838173362
4.771703117235
0.283173042855
0.430396364507
0.426957606669
0.030548320688
0.000062871317
1345.008108464790
0.019083648074
0.096387109017
0.000321817848
0.000414474597
19.846508794721
6.383175612750
0.193379200309
0.663519497647
0.527842421267
0.037050425600
0.000068580999
864.050142355878
0.013703906935
0.149135730452
0.000365377870
0.000424822389
19.102244887647
5.112130389994
0.251870013320
0.305072523557
0.355966249639
0.029347595478
0.000039712363
1350.104108218640
0.016147311516
0.108467077054
0.000309382244
0.000420945168
19.482354307891
4.774471674873
0.271093766556
0.297057176979
0.421245456345
0.033709768235
0.000057018593
1210.034561461991
0.017284790647
0.100880140239
0.000319150953
0.000496487535
10.089627640249
3.806319798248
0.196562237766
0.384264144350
0.529014111942
0.033302386677
0.000063114648
1224.523313991205
0.011861414916
0.091526412720
0.000328539450
0.000763174949
12.414420497307
5.437322200203
0.255140095690
0.494137246823
0.518843585705
0.023862654691
0.000048374168
848.567890213998
0.017007450493
0.115763265836
0.000268593300
0.000500856845
10.422078982301
4.753361838187
0.201103486937
0.846529738507
0.373192056968
0.029351357695
0.000160672812
1049.065879410154
0.011592927014
0.152578244374
0.000268963254
0.000640832943
18.243132220734
4.978032118710
0.247779242920
0.537402509905
0.613135243717
0.033444401577
0.000043900980
792.844618577752
0.009942682703
0.169986700549
0.000320569750
0.000368803743
15.858893439718
4.821762489775
0.258434093681
0.356862581391
0.636629615967
0.038873879213
0.000038438450
701.892098253852
0.011872139820
0.160931639990
0.000317473710
0.000409861301
19.369199174747
4.576726881955
0.278865245336
0.259695492354
0.415930779138
0.031866491411
0.000058546577
1250.810351139079
0.017847728372
0.094097069933
0.000331820655
0.000477868751
11.108957354522
4.157111978354
0.135790703915
0.580984594872
0.604493624476
0.040057356826
0.000144777639
1288.666168540445
0.011270519121
0.117603303297
0.000348639128
0.000659465385
17.845297023242
5.683010656190
0.282716293644
0.503140442738
0.336932928347
0.022758482536
0.000065425680
1235.899499530467
0.015717360311
0.138458656745
0.000306705477
0.000505537922
9.389827594821
3.819574589473
0.121889998271
0.218454478563
0.616357842787
0.038055321211
0.000067042986
1264.811161475995
0.010670345217
0.090415866412
0.000319852137
0.000770082656
17.731457170373
3.932325586217
0.176379986157
0.443449967313
0.515076562070
0.024489842395
0.000045351474
801.067876984391
0.013202130335
0.131624585962
0.000305640014
0.000379750328
14.303513106045
3.457186218888
0.250250785520
0.205904881010
0.557253249520
0.038978450870
0.000038200691
730.685420077231
0.010976246478
0.143874821947
0.000354144366
0.000447338863
11.100175699525
4.329624056114
0.159114993854
0.567100779040
0.619957242452
0.036508341712
0.000139065079
1259.295227466365
0.012830276269
0.081986184671
0.000323673506
0.000645337868
12.892616399162
5.083088992211
0.300010241643
0.268330562211
0.451294959584
0.024160462455
0.000048945942
890.385099576102
0.016121257559
0.127798210459
0.000273260644
0.000498077471
19.238545714466
5.182861602484
0.174624694381
0.866992793435
0.504861549317
0.028251859450
0.000143591061
819.357877753466
0.012265499228
0.139261164485
0.000278272260
0.000546381708
17.826663406819
4.384335069228
0.175765130328
0.170013576482
0.508390577301
0.027496907049
0.000041699988
790.354006918087
0.013062253060
0.110932632331
0.000313794705
0.000457515454
13.577391718689
5.118507258254
0.343755553210
0.270558134751
0.415243916830
0.020749567287
0.000049220984
844.787680742445
0.016518867609
0.111803554915
0.000248508702
0.000537822771
11.177621240220
4.262774122870
0.186031173204
0.510135437008
0.642869838747
0.036515284271
0.000143145575
1250.448447972844
0.013455908588
0.090586036997
0.000321632144
0.000635452258
11.946056964258
4.574098453929
0.231957269760
0.525547450615
0.462679767489
0.029329804266
0.000044023314
872.323167664803
0.015546754431
0.158890883033
0.000311870193
0.000506363993
10.182735079352
3.601823494529
0.136677739711
0.123940298963
0.575202384942
0.036223645828
0.000045197245
1222.343849391742
0.012170609843
0.077297661413
0.000338561454
0.000788217415
11.880532835608
4.926494431201
0.197039705345
0.693872251061
0.639507582442
0.037950715782
0.000140229921
1191.484621397490
0.015137045900
0.105372721835
0.000315775260
0.000669949528
13.254291931584
4.815686030434
0.346125148466
0.245323551894
0.492118688353
0.022199136854
0.000051509863
932.871941417401
0.017661210033
0.104352664994
0.000236723847
0.000543957427
18.778804761569
5.636526506475
0.190380290390
0.774741592181
0.511277533579
0.033578568975
0.000146896334
847.967302256818
0.013358652834
0.147799144346
0.000318892518
0.000484086053
18.501040949378
4.682182509872
0.276855199495
0.198686131801
0.320741842836
0.030712360477
0.000043547784
1213.756651212954
0.017273491202
0.119746073441
0.000256786573
0.000397440453
14.117602632103
5.112936870559
0.285567844936
0.397461564222
0.396372363797
0.021776236455
0.000056571942
911.414040184528
0.017718285600
0.111115510758
0.000224147802
0.000480373433
13.431499046278
5.652418918294
0.300490109145
0.334188417032
0.518858902212
0.027090697749
0.000050590748
897.683474682198
0.014148252697
0.119129027440
0.000305704008
0.000510782218
19.077820753980
5.407665490483
0.186857142131
0.792681464295
0.531357905414
0.031811108839
0.000125063466
869.313743345389
0.013222016785
0.137702140065
0.000311323118
0.000472184726
18.934162777995
4.408303957668
0.212043937600
0.294511381078
0.313325569185
0.025591949491
0.000046014639
1095.000961094629
0.016416925976
0.135323294165
0.000271262576
0.000602385313
14.914031300707
6.392024198337
0.243579273107
0.522273647747
0.406270398071
0.022121061777
0.000051149464
915.671472895963
0.016414297866
0.100361876415
0.000276685284
0.000383949201
20.218787282074
5.591267770797
0.225334584396
0.603093568173
0.285376294602
0.022220024953
0.000081600978
1387.030868871291
0.016404058785
0.134682930179
0.000288195143
0.000526848573
9.536089573940
6.346203498976
0.179904156228
0.568266842596
0.716410019787
0.030234151593
0.000152211471
1218.905774259275
0.012885842113
0.140837023051
0.000243748203
0.000775157270
9.230246807442
3.554605582970
0.129045150288
0.290022125690
0.591181086750
0.038430355988
0.000071360575
1249.950457309350
0.010368302300
0.075671346984
0.000360265684
0.000769641104
19.146442025933
5.717043266539
0.230734155367
0.571564315463
0.374065850423
0.040315363095
0.000043796553
873.813363833852
0.008954417170
0.147017740204
0.000405104342
0.000424719566
11.133487588641
3.636646153317
0.138623155588
0.224376862296
0.595035886020
0.037447992873
0.000041848951
1252.993888467338
0.012357841412
0.079028581452
0.000342613139
0.000818164013
13.125680624947
3.425959527717
0.179041465106
0.365990627057
0.590167413767
0.038652811207
0.000054127313
1251.431384541928
0.010343344382
0.110318375935
0.000347364906
0.000753277717
11.819798994582
5.272206456053
0.253480071187
0.899352972093
0.380838881694
0.023680515204
0.000166099401
948.693861216355
0.013366329088
0.164563297039
0.000302026224
0.000542779458
10.662099314379
3.937537133199
0.131678692568
0.427332782995
0.685124184941
0.038124237390
0.000138317726
1269.352515015642
0.010909977445
0.086296337317
0.000345633978
0.000676065456
9.739662313069
3.759063071873
0.157443632850
0.302747580989
0.601461346295
0.035661586103
0.000061433299
1243.988272135117
0.012060030543
0.086493886022
0.000331891370
0.000773701594
11.593756042410
4.873936025809
0.262770779095
0.894519311740
0.396608885792
0.020365298069
0.000159905632
940.737591822793
0.014384265426
0.154051357966
0.000314336849
0.000543844673
19.376440821915
5.613415706214
0.160853257366
0.681429237707
0.511891587633
0.038934858802
0.000046923621
907.296841954358
0.012817379979
0.154353996003
0.000344786914
0.000396144796
18.174277679145
5.219155481258
0.187352760625
0.479080282140
0.236405885356
0.024342226400
0.000059751530
1266.838930702579
0.014445370021
0.140884415034
0.000228848590
0.000466323344
9.154932402497
3.830031836496
0.134966441807
0.290399568938
0.591335245651
0.036519729809
0.000041821940
1271.226774070104
0.012274617254
0.088301828210
0.000336410319
0.000773947844
11.179275215506
4.912992403937
0.254919839811
0.991580713213
0.425321373563
0.018628576915
0.000158357443
959.297317846911
0.014011557954
0.170836384904
0.000326286955
0.000613650262
10.438890491847
3.981504954973
0.221452832556
0.484374899407
0.533539083765
0.027951719798
0.000078712224
1222.578728258434
0.014797062703
0.090753060038
0.000363932029
0.000687942617
19.589852049892
3.925277842680
0.239801368195
0.147681941086
0.658060203139
0.028558320561
0.000050753378
852.770114717516
0.008858692948
0.085583340462
0.000299838245
0.000397315337
18.714923561241
4.961597559232
0.289173548590
0.518635067440
0.519155005610
0.032907816316
0.000058587473
1164.635810663080
0.017937130792
0.099762044021
0.000355976475
0.000511903928
10.062928630136
3.770604072168
0.151673803053
0.318291977965
0.566441388667
0.036032581559
0.000052850739
1226.730901848097
0.011970517973
0.084584471096
0.000343936533
0.000755290934
11.280979185071
3.999121766854
0.176416445040
0.630378931544
0.714023489604
0.032624907767
0.000105630222
1228.032277522604
0.011050784494
0.114020469379
0.000369264730
0.000673396238
18.989160750541
4.902663182710
0.252762639869
0.405421343529
0.356613807599
0.028025702914
0.000064743615
1259.499708345103
0.016791673849
0.125165844439
0.000279530362
0.000477683828
10.686843694310
3.458016236859
0.155191790397
0.143645309266
0.541516916866
0.039176521196
0.000039670949
1295.572720778668
0.009971000892
0.084005180791
0.000326733426
0.000756953121
17.086610289837
4.308109016891
0.176702290154
0.180499628179
0.529970554812
0.024915556922
0.000040069561
814.744292196679
0.013167279732
0.109807355867
0.000292687343
0.000415409785
12.413070126046
6.890388313763
0.262996945200
0.166481815096
0.293860098718
0.027062876542
0.000043855300
1224.540631862351
0.016356233509
0.137196703172
0.000316755977
0.000571719204
18.927855589634
4.824765359417
0.251779537487
0.441637263497
0.416126629252
0.031263778444
0.000075292519
1245.275168875439
0.015847667523
0.116487156347
0.000318903930
0.000493879923
19.519847647133
4.596657506784
0.285912283777
0.274878099659
0.395691966707
0.031707945780
0.000063332047
1234.063362519212
0.017248883465
0.101690570626
0.000333598965
0.000468852039
12.585145641894
4.724609562159
0.330069726690
0.265632489861
0.466830025532
0.018144871216
0.000048812635
891.136314336227
0.015267132826
0.127033094111
0.000285018240
0.000538060435
12.066480307758
4.518127427471
0.149919105523
0.576007490989
0.629780785071
0.035940646675
0.000183383639
1271.447397617517
0.013083193961
0.086222513591
0.000319416965
0.000590235598
9.825687311100
3.756116910532
0.141568372165
0.326774105736
0.650542895918
0.033749121065
0.000049480369
1230.831018935377
0.012437217554
0.091619124998
0.000349318748
0.000743124348
18.371125718384
4.869502711038
0.275585104262
0.378214320640
0.341026815573
0.027693988712
0.000069505789
1252.272981015540
0.016985991112
0.118452884625
0.000294518303
0.000486142236
12.941112750622
7.441695627060
0.213220183709
0.309803898143
0.453578894616
0.027068769644
0.000067373081
1198.411692591955
0.014459321514
0.123603138457
0.000282348725
0.000576761477
9.149926275441
3.814702447273
0.151092411003
0.295727660361
0.590102669712
0.035195042999
0.000047522614
1262.502500206080
0.010798846416
0.074655220284
0.000356340126
0.000743854666
19.596016641994
5.233885453830
0.210026017891
0.866057678088
0.584136049282
0.028319192074
0.000173303019
896.612538273840
0.013114893038
0.128626953663
0.000293493227
0.000449079606
10.451170751250
4.280346546224
0.222152232590
0.463224702543
0.706629284594
0.035102873003
0.000089118075
1303.605270284958
0.010532442710
0.079235723435
0.000366005357
0.000714467737
10.346694654579
3.930718084234
0.164059904586
0.323869785063
0.602085086410
0.036404487851
0.000071698050
1262.442703728996
0.012341543551
0.077621583418
0.000337108149
0.000730737387
18.553317969115
5.185750421042
0.294743173593
0.434882682074
0.407936386545
0.026933135894
0.000067873882
1322.595414316778
0.017422402558
0.120091277205
0.000323271782
0.000388214421
17.716141846473
5.166774413272
0.250652960040
0.588425020789
0.330053565893
0.023790755870
0.000073298450
1187.837940000903
0.015077255146
0.146923966868
0.000259916989
0.000610583168
18.979843949828
4.958765528002
0.242693668074
0.459598790632
0.349352349780
0.027130479326
0.000070372047
1224.185686378007
0.016686673024
0.126700502756
0.000280076935
0.000506199475
11.155030302788
5.171265734702
0.254766887604
0.978643812875
0.379691244982
0.019497524783
0.000158262122
948.485825527086
0.014077813768
0.158634400299
0.000348235509
0.000587275631
17.938279065867
5.210660390451
0.302301494123
0.442318485662
0.253597306525
0.031433794705
0.000044778234
1325.426602170855
0.015472392573
0.109457373931
0.000257034145
0.000568866989
10.164744793978
5.140664243713
0.264635708334
0.937196376965
0.358962504899
0.029047709869
0.000128807372
989.888188569093
0.014634494639
0.127169038136
0.000375100368
0.000615308854
11.192476495097
4.546991594516
0.171200367220
0.558017404005
0.577404807580
0.036392166931
0.000132900822
1260.831402823446
0.013024312741
0.081290125765
0.000305602901
0.000617444857
15.127237398789
5.677311884970
0.210241136307
0.132363307317
0.710845750160
0.036638892227
0.000044533019
761.263919184808
0.014095227054
0.151312951652
0.000378303452
0.000414182689
11.134395411076
4.794657703885
0.195064308005
0.467060827730
0.506809379183
0.031416368601
0.000058685748
1258.402645305300
0.011639869458
0.095831674946
0.000314602472
0.000636477204
9.513376241982
3.784494038473
0.165636110787
0.326910591882
0.578649381901
0.034698663292
0.000071462249
1247.001390004617
0.012105399961
0.090003101750
0.000340007810
0.000753217535
18.162090208880
5.296613797908
0.174411528935
0.707085186842
0.307179027110
0.023457279177
0.000073582569
1076.557001134640
0.014524452021
0.135102595838
0.000254050939
0.000511546234
13.628405873730
4.688943929055
0.329196564368
0.259115119236
0.497672097842
0.020667899241
0.000032164038
908.185806087815
0.017323632309
0.126214592381
0.000221676785
0.000598519581
11.608433379624
4.285835445659
0.230792856615
0.577321632068
0.598197299012
0.028913890900
0.000100998643
1299.016206935716
0.014663018872
0.125093670239
0.000294903191
0.000688319288
12.551302886051
5.185451935878
0.142003552591
0.679605463519
0.648430906987
0.035345382511
0.000207803659
1313.932982334879
0.013524001594
0.081338568831
0.000327627065
0.000636932365
17.256019410071
4.139106673896
0.125144077505
0.326334158810
0.474354174505
0.018588148349
0.000032840631
897.965454513223
0.014376856277
0.104181726174
0.000300757755
0.000364951898
11.522648625288
4.587872205318
0.152544949330
0.552167574679
0.619943413449
0.036009355695
0.000152525375
1273.254107227813
0.012933357931
0.086210222480
0.000320562216
0.000639776823
19.462090098035
4.692875164171
0.256244184398
0.571064780668
0.259436568124
0.030050839614
0.000073402741
1260.402347329647
0.017572687851
0.125656222133
0.000271300808
0.000456489777
17.193308561523
4.502986244874
0.228059591727
0.233816263961
0.559117130158
0.028813434017
0.000045882738
731.916595378598
0.013009547138
0.123385670751
0.000329742373
0.000475188724
18.332218071113
5.116528213982
0.210149776678
0.604181105584
0.324315566009
0.023584461267
0.000047592888
1311.647441434553
0.015001498664
0.137710936152
0.000236543471
0.000472093238
19.495080024603
4.496067039133
0.280476042193
0.250188600057
0.408240101276
0.032294819810
0.000057047776
1241.673097487323
0.017383568699
0.100470422017
0.000336938350
0.000453649062
11.298052393500
3.796055957284
0.180861682399
0.701459121209
0.648748498724
0.035675779180
0.000101075496
1317.855576332219
0.015960003351
0.103403529489
0.000332477807
0.000725916370
9.462711678443
6.592372954452
0.262862874378
0.764873818170
0.706824116341
0.031801129643
0.000177831969
1187.723063286276
0.010868586188
0.149162292680
0.000257256315
0.000721562026
10.591543281275
4.308918146299
0.135853011794
0.444926625906
0.627560856906
0.036911262469
0.000132039699
1275.261719460875
0.012294568963
0.084517072550
0.000335366520
0.000645016265
18.639097232940
5.502371432056
0.184969655311
0.826405288272
0.517056210740
0.033204219937
0.000126460263
907.214589285243
0.014133239269
0.136660852701
0.000312305563
0.000483921371
17.720910689023
5.353520055177
0.286842084803
0.519402014575
0.310895853485
0.027641244963
0.000061519912
1220.746236725802
0.014917274011
0.139429747572
0.000267816457
0.000438481177
9.025729400027
3.448566238024
0.129215162428
0.181553550012
0.580147437263
0.035443464842
0.000058065157
1253.898918781577
0.011019456452
0.087674272011
0.000364729329
0.000758599786
12.633275413729
6.594370920465
0.269606074579
0.769198903801
0.577082851925
0.025292695632
0.000138583452
808.798233394074
0.017406614606
0.118063041522
0.000287926025
0.000396193682
16.096131841980
4.949906813285
0.248869936728
0.354233380014
0.609654776525
0.033496448918
0.000034186793
708.073867245946
0.011668311636
0.148655477051
0.000325570435
0.000385710240
10.002429099238
3.723988849227
0.166103224516
0.310592601150
0.576536382635
0.036058968670
0.000066195498
1259.010349367968
0.012032022944
0.086588403343
0.000329850333
0.000759257324
10.430850027250
3.334585611959
0.242460270442
0.457801638844
0.696162311139
0.036817604036
0.000123872517
1195.592358465183
0.009998689842
0.088958515085
0.000362225967
0.000767558398
17.687796797158
3.639992465858
0.187123123124
0.177536660801
0.515236953201
0.025498615836
0.000037747110
839.557779218641
0.013837157926
0.117804064930
0.000275535607
0.000574379412
10.780006152912
4.550604439783
0.290299455213
0.844497043042
0.379472214980
0.022316444420
0.000171112569
978.651323633254
0.012645591499
0.157240790554
0.000305540593
0.000564817801
12.093037764698
5.847817421129
0.157076029256
0.731766963246
0.685252196079
0.034526151112
0.000144826776
1275.623463509352
0.012543468388
0.121879492478
0.000320780743
0.000644584368
18.825322482194
5.889552713488
0.203339104094
0.699291046909
0.422640171755
0.039116645338
0.000056643013
852.288785367600
0.014312126375
0.151961367502
0.000351262833
0.000396961109
19.465119628102
6.126029921458
0.120512637942
0.675111970154
0.570487695841
0.035671633860
0.000059877718
872.052108731734
0.010455854037
0.135808370045
0.000379814885
0.000456892398
10.987311166953
4.440721707034
0.192954555858
0.488666285910
0.622094628804
0.034960755801
0.000122327168
1262.194815270307
0.012043805722
0.092421764064
0.000324237569
0.000651595690
11.529755746665
5.301223418385
0.249046160541
0.651164991370
0.498352591127
0.018433839155
0.000164765022
973.820971624439
0.012575836927
0.164865072864
0.000308679979
0.000548027906
18.067291821166
4.369403369785
0.266550300468
0.353296330084
0.264631049272
0.026401279829
0.000062990223
1251.348876996081
0.018134910698
0.138217197317
0.000302052955
0.000421675006
19.231800509168
5.625946566250
0.141777903227
0.308000130976
0.528574706429
0.032973746011
0.000068890355
1383.274968885218
0.019715587018
0.112513387562
0.000288775393
0.000610445758
10.028773201045
3.790073696011
0.176644980721
0.346157486641
0.579183647596
0.035421077368
0.000066990579
1250.658555115886
0.012200282643
0.091754823119
0.000328495194
0.000737675181
9.278777902368
3.971949291044
0.151283539608
0.476262627449
0.644095429911
0.034579395090
0.000134347145
1345.427200328514
0.010496985495
0.079417086015
0.000368410651
0.000690899134
9.817632687267
3.371107825419
0.133913710915
0.141251074708
0.645051636252
0.034174248349
0.000040043037
1192.139283039546
0.013631485600
0.076666540134
0.000321833797
0.000743754918
9.375812689926
3.278851626738
0.138796780997
0.220915413417
0.584087912346
0.037946874942
0.000035224161
1220.361394910187
0.012145271700
0.081642779573
0.000329185011
0.000767961665
10.071317968196
3.949121868944
0.135621688118
0.179380493888
0.615151468651
0.034521966891
0.000068982126
1263.024217293124
0.010084636775
0.121839280781
0.000339236817
0.000728512501
10.922065745786
4.375370773492
0.162271409108
0.511289627546
0.603443956048
0.036113690352
0.000134552314
1255.934175218552
0.012533806233
0.082470567330
0.000333729652
0.000654527596
12.936548480161
3.628880097360
0.135627785166
0.306503483337
0.666119739433
0.041149471351
0.000044100418
1232.930247419842
0.010762535443
0.086201179395
0.000379895686
0.000738653450
12.370423598011
7.327026250464
0.160822605501
0.205490790424
0.424642550394
0.020605365400
0.000039878793
1324.069884035611
0.017611087801
0.139137055875
0.000236336544
0.000548442777
12.725186959517
7.536829417036
0.199550126487
0.269921751593
0.348891122860
0.028137497918
0.000048420393
1178.273972481162
0.014242406048
0.125671247495
0.000261855157
0.000587644727
9.057216917002
3.629907779021
0.152107836679
0.371356640065
0.645720710723
0.038388809202
0.000130081137
1202.920001705351
0.009884079679
0.080163500368
0.000361103744
0.000705612820
14.726106330949
3.693200408136
0.136083381289
0.195547362765
0.575683075360
0.038431622558
0.000033639796
1235.305743333497
0.012029343266
0.085073002623
0.000354037418
0.000760821599
18.650057080458
4.481901939306
0.200487154014
0.182958213633
0.436373269431
0.028954545944
0.000030858135
787.084014602557
0.013984618190
0.099955483695
0.000328103249
0.000373919726
18.921381499631
5.505259474210
0.225894966517
0.379628382176
0.272873763634
0.027759957297
0.000069445929
1298.790267032512
0.015255959485
0.140389083878
0.000310389026
0.000404001440
9.596631800159
6.621939376235
0.259092277904
0.468162802867
0.534279927060
0.026292598254
0.000130186245
1322.105519963631
0.010589986320
0.170944839456
0.000358295880
0.000559129934
19.263324438268
4.605627319373
0.252052514003
0.331066099993
0.378067547785
0.028408496002
0.000055494030
1253.767594453192
0.016313152011
0.118313450282
0.000296606872
0.000464502767
19.197596736053
4.367216502203
0.193589756248
0.468321911443
0.272027037828
0.021081288509
0.000046194796
1198.360250423830
0.014754217145
0.142912125624
0.000250659263
0.000473858774
11.498996341192
3.690873643923
0.156503999890
0.296062438779
0.527701437641
0.038455380362
0.000051765366
1280.857181031318
0.012668764757
0.085969633419
0.000352575039
0.000799112211
19.851367197087
5.849589115292
0.204975338973
0.801023216368
0.626929810446
0.032437312059
0.000121736956
890.719569968119
0.011456918737
0.134579211902
0.000295156150
0.000529901181
17.145959694551
4.393048645264
0.186804420163
0.178271617142
0.552511003671
0.027652896140
0.000041843924
819.733996936445
0.012995977375
0.118505565293
0.000307170074
0.000409915943
9.410440752991
6.468488094493
0.177727873719
0.886240560122
0.674493062793
0.035108583064
0.000181094974
1242.246955696125
0.012615709523
0.161164610190
0.000237613710
0.000750139171
17.705137758186
3.771269415361
0.202501707168
0.174904127032
0.591975766282
0.029696481903
0.000032345049
835.481640626340
0.012941394217
0.115083432773
0.000275651094
0.000363371998
18.327695660966
5.620087503804
0.235858577522
0.531475014918
0.388033241346
0.028577872625
0.000062963729
1179.926984619559
0.016246430354
0.151530377840
0.000254477173
0.000583245175
10.063926134732
3.443809529382
0.134140591631
0.270334204901
0.563152913752
0.037944725881
0.000060697575
1239.805048056286
0.012075528850
0.075369007981
0.000356344207
0.000750903477
17.177208859779
4.338994080239
0.143400646987
0.167012741693
0.472734074185
0.020149241011
0.000040223525
849.804253851655
0.011835983393
0.092623000619
0.000293221519
0.000428687715
18.421872747007
4.959345405694
0.257683099013
0.389164384598
0.334719349583
0.027241213231
0.000041582889
1246.631039920279
0.017211904388
0.121723769362
0.000279976527
0.000530723955
19.112880700557
5.510959848236
0.148834946725
0.858481628709
0.560925124054
0.037765570986
0.000084772521
858.142315776767
0.009998381950
0.156656220947
0.000348526514
0.000355865127
11.728310713151
4.866474470774
0.240085315748
0.460180205937
0.493024141379
0.026624184300
0.000059173248
894.258329407172
0.016741302246
0.133559538638
0.000292220759
0.000500832678
12.990350453308
4.214010490038
0.364547282547
0.333556223042
0.546013358798
0.023450244529
0.000058867846
965.546667478604
0.018545720309
0.121637668597
0.000229023304
0.000579326095
12.752452298467
5.019336889436
0.327316884527
0.289788537841
0.470500583469
0.022990959381
0.000049961706
875.551430334358
0.016505366672
0.117354642878
0.000253019251
0.000559249375
11.144087154319
5.411728216344
0.269548744552
0.922869734138
0.301926815687
0.026707592981
0.000124109589
958.456660162915
0.013738052926
0.158623834419
0.000368730099
0.000603971945
9.602821191824
3.725458156755
0.159903257218
0.313054204033
0.612089306457
0.038209062721
0.000038346536
1277.779795749058
0.012006261866
0.098572666586
0.000331690117
0.000798415048
11.303696375275
3.688807557570
0.199073318660
0.157474427188
0.584302598054
0.036697928115
0.000051683322
1235.867093562789
0.011722761668
0.101822058973
0.000322121300
0.000785272340
12.019017044906
4.829252573856
0.136715019662
0.594673184872
0.615703816106
0.040049157914
0.000184399322
1245.197707839184
0.012037011278
0.113768419422
0.000311524771
0.000565504476
12.718610797642
7.388103970590
0.197952893540
0.225322035280
0.238608977163
0.027949495606
0.000042814388
1164.332604632502
0.013195768144
0.128064246273
0.000237650897
0.000599110718
12.567485809207
7.229582634905
0.217504905090
0.179331382622
0.387083752198
0.029321767695
0.000043463965
1177.746498349881
0.014840034491
0.137930220403
0.000270758343
0.000628965119
12.467396066031
5.017439288804
0.290299159355
0.952276804957
0.244309328636
0.029564391598
0.000070989493
903.701783246044
0.013715046711
0.168635815692
0.000401296296
0.000680299362
17.327759186147
4.608392193880
0.228640549838
0.260022997276
0.472868237742
0.027686637735
0.000042282962
836.642014083932
0.014676257269
0.117918205091
0.000310926897
0.000455548033
18.619659051325
4.587648277507
0.158307770060
0.726176249036
0.373906904616
0.030586979569
0.000155074019
804.579422891678
0.012227129543
0.136157011626
0.000277066310
0.000617042474
19.493128477668
7.364775155100
0.170242832478
0.194350449006
0.607982169071
0.036460484674
0.000058715519
1364.046367507671
0.020296582007
0.097431423138
0.000175123582
0.000475631837
9.066618603524
3.392628349096
0.132747359600
0.245245222544
0.582371839533
0.037328268369
0.000041396620
1216.971857769393
0.011847421270
0.095463295713
0.000368007229
0.000702349950
18.475281353284
6.788722794690
0.124360655945
0.971912875259
0.541743659702
0.036205316647
0.000069564568
800.259762441931
0.009480560280
0.168167077127
0.000370101260
0.000421742343
19.468606500304
5.042340812671
0.298067945718
0.221533642617
0.478904784742
0.032740884311
0.000041001733
1125.330428550632
0.017851213513
0.115834840427
0.000355335888
0.000542685977
12.944660252083
5.090672229782
0.339734505052
0.255715364982
0.457083068148
0.022367942950
0.000043715193
856.276295339205
0.016543469530
0.123779773442
0.000253421821
0.000563106555
11.052948631556
4.511444805886
0.142788365175
0.532433644789
0.628207006791
0.035428859480
0.000144165218
1273.696427870616
0.012191633014
0.077417612247
0.000325638755
0.000651019625
17.261212885903
4.747834522643
0.233174624227
0.352623992199
0.335129971188
0.028060844895
0.000059039310
1124.533623077095
0.015510736334
0.117501369242
0.000256282167
0.000526531637
12.918010570595
7.436237909775
0.196403591519
0.254185924209
0.239802792091
0.028869348156
0.000032203519
1188.752322467243
0.014243726136
0.128384645379
0.000239338274
0.000587442860
19.909776464101
6.274705412789
0.210409206721
0.576719873513
0.247052239557
0.020731746982
0.000065137133
1319.622129989152
0.019126117492
0.152772363181
0.000214757957
0.000436023675
19.027760504249
6.423345559328
0.160966519475
0.704198903432
0.412158884372
0.041707515503
0.000157774902
750.662892275496
0.011799697191
0.149005876462
0.000382152725
0.000462809534
12.852905748087
6.645921588716
0.182396143267
0.310647284972
0.243042486389
0.028829539037
0.000040394461
1236.620305770901
0.014006286640
0.129184836270
0.000243999277
0.000576536016
9.223881223000
3.645174268327
0.158785082875
0.250917142576
0.733930541761
0.033259732941
0.000060347124
1235.416662387993
0.009216481946
0.083987368813
0.000371739081
0.000761680973
11.302893989565
4.024461505315
0.196060169443
0.496410217251
0.594757185829
0.035202910227
0.000138293417
1280.816933737687
0.013154422558
0.101174902432
0.000347255090
0.000653582781
18.917129405217
4.629946481685
0.262293728176
0.374335127907
0.369572874356
0.029648905308
0.000059405315
1232.045221907473
0.016156725446
0.107574687231
0.000309156925
0.000464957803
10.669480780016
5.683724746734
0.217711961701
0.943747628274
0.462973250881
0.021968076933
0.000114144815
1015.664820135123
0.012530963741
0.167639988358
0.000396113743
0.000501353297
13.314634358403
4.681473234850
0.332189100912
0.196396419105
0.616995841503
0.029219242065
0.000037333596
783.103495554716
0.016513516818
0.160913219232
0.000242702569
0.000469535088
19.626524176545
5.048224641970
0.268697895302
0.420845779449
0.299388537324
0.025486587617
0.000056140874
1344.627848686791
0.014660444401
0.122376711160
0.000235093965
0.000486339078
19.594171874970
4.446350335892
0.287774717757
0.185887413551
0.423950169709
0.030870732668
0.000058039010
1184.572788713327
0.017764311952
0.098453191511
0.000347791243
0.000465851688
16.357404071000
4.761581485511
0.235187725503
0.259149151360
0.590828004652
0.033028512141
0.000055597761
814.760845424728
0.012376466381
0.137071260011
0.000295149370
0.000404184423
11.187667635128
5.355281212784
0.253584933431
0.929879518413
0.406175483768
0.018577378600
0.000173628315
957.191265087419
0.013662140013
0.159085166503
0.000329338088
0.000583666610
19.515712150709
5.526437409928
0.169866890824
0.749164199740
0.534985953517
0.027658045530
0.000125655578
865.139471475451
0.013464654630
0.123811779131
0.000315470261
0.000471032093
17.598720256952
5.907885442193
0.175662845764
0.540271152178
0.399465099297
0.037519300303
0.000048739672
809.109725427520
0.013157427979
0.151102242933
0.000393378954
0.000384110943
10.271690411463
3.878388495681
0.183000946333
0.341310774291
0.576274426632
0.035826141188
0.000070386799
1250.030005544963
0.011821714896
0.086110082551
0.000332511180
0.000725564447
19.865741753454
6.087159142875
0.157855181026
0.604287422207
0.524883876570
0.038756564808
0.000051402150
874.043789369050
0.013211922780
0.149121778992
0.000378710040
0.000416290133
12.932568140191
5.151756506484
0.238484231433
0.507206920819
0.521137464490
0.026636627953
0.000061313625
944.721813059396
0.017493738650
0.130267421467
0.000296340168
0.000488434973
19.256088228323
4.480995348291
0.288637391312
0.248150121248
0.412886300202
0.032550256853
0.000057034487
1222.003908956394
0.017413940487
0.098833115347
0.000341996315
0.000471391321
19.000757126862
4.763650323419
0.251206544791
0.400752150535
0.365852600529
0.028707826748
0.000052445319
1263.696286020494
0.016502801377
0.117283730486
0.000291036520
0.000470498871
19.933058086817
5.199980698167
0.234043119258
0.317977692249
0.437767348043
0.029676316199
0.000047538961
1178.496327678575
0.015515159358
0.108196162544
0.000311291229
0.000529299920
19.402503723213
5.080792988712
0.126679992600
0.751801190783
0.585391915918
0.033637696394
0.000057994913
905.774325455227
0.012594365321
0.131207278643
0.000393479502
0.000429491854
18.909432364641
4.783512214320
0.259315673933
0.384207673323
0.364925909585
0.028799742945
0.000062821320
1245.023462398402
0.016638935175
0.118520479475
0.000295345583
0.000487620300
18.657939770788
6.259736511243
0.137978365990
0.687712362327
0.475145955085
0.032887435434
0.000046311648
875.271393497645
0.011662406632
0.145095175096
0.000364727693
0.000462434240
18.970830448259
5.478185764902
0.179788860093
0.769004570129
0.512134824438
0.033519057880
0.000116997483
818.019305949355
0.013063682836
0.141609370068
0.000320272262
0.000470124846
18.450682260228
4.181511264267
0.256851789706
0.493018923101
0.309474698020
0.028393351198
0.000046684593
1395.566490147098
0.016628871885
0.128924302355
0.000242495984
0.000394838217
19.199817736772
6.167439883260
0.178603419833
0.599083080769
0.467414461952
0.038012520040
0.000063134491
801.977226056719
0.011654173482
0.146960200524
0.000379120129
0.000403342472
18.188480032053
3.559632951501
0.133893227324
0.188463819960
0.539465133499
0.026737792711
0.000029260507
852.206451470021
0.012843747274
0.101575477756
0.000324050247
0.000522128576
19.529079156053
5.658724943633
0.161267903066
0.735817438846
0.567627883843
0.032156045329
0.000165510973
897.956463660928
0.015325891679
0.146550577784
0.000288718768
0.000542183262
18.987884003365
4.866777798263
0.240099604332
0.489405978051
0.353012434355
0.026419172787
0.000047009242
1278.488911130458
0.016335483195
0.122107623437
0.000268671288
0.000475286098
16.815051635580
3.342399118205
0.186390964789
0.443442218311
0.607266402768
0.039393917116
0.000062631696
1222.670722662258
0.014090895834
0.098157379667
0.000314052260
0.000497513120
8.972421508972
6.440832684991
0.242225184723
0.720285910736
0.711821404246
0.035768835523
0.000187971636
1252.759171838211
0.011957475336
0.148663595565
0.000234769994
0.000745292509
20.028530330550
4.765661609547
0.299175398273
0.294463164747
0.397004943613
0.031023312358
0.000070068451
1360.907618861396
0.018880791499
0.127885136495
0.000315995350
0.000532538922
10.161578267259
3.718034957206
0.157389237516
0.351688007322
0.579598114710
0.034458738896
0.000064575799
1250.980306045185
0.012704532743
0.097859356607
0.000327291188
0.000736839446
14.809702599045
3.872369961705
0.259297756772
0.292083408652
0.612943491740
0.034342307248
0.000040809668
719.167321663496
0.009061122192
0.115156675035
0.000349023580
0.000591418078
18.878894948974
4.702692876822
0.282367659280
0.275482367718
0.405871569167
0.031318983983
0.000054251758
1236.548407405687
0.017269989041
0.106077658447
0.000323747564
0.000470092597
11.129907445975
3.541160744198
0.166339990439
0.292470962450
0.620815156229
0.033692080798
0.000045512961
1275.082914622779
0.012015768275
0.074972627206
0.000376671577
0.000651029376
10.331387837816
4.131623142909
0.154714897632
0.350919930720
0.584762636497
0.036069624234
0.000067191605
1219.860296654902
0.011673059254
0.102191620108
0.000307104877
0.000760241909
12.041537325689
3.901647077488
0.161694613591
0.229071455750
0.643871870498
0.036699624066
0.000039448747
1198.170969500499
0.009143408650
0.083152284291
0.000377653569
0.000688277317
18.952309508642
4.986952879985
0.177211191875
0.757701108364
0.516250827259
0.035213837905
0.000121580346
854.845158184453
0.012589486919
0.144892661438
0.000353125026
0.000443172495
18.209801865729
4.488124974974
0.152482189648
0.197954575921
0.527637217935
0.027170368081
0.000052153975
880.498812690523
0.012890786268
0.096509101207
0.000256891276
0.000411514942
17.028452761709
4.378612405976
0.201298102869
0.156110009176
0.551557918830
0.034534868920
0.000042939627
731.526205236954
0.013183868454
0.137133586670
0.000340723441
0.000400595774
19.015258886138
4.472428087624
0.267998785324
0.264800972147
0.372179673370
0.029666898358
0.000052160237
1244.068198562669
0.016193085286
0.115943579992
0.000312719022
0.000493939562
19.577538052527
5.856114829310
0.247940094162
0.630060450077
0.358692006518
0.022927642150
0.000059984083
1330.895745730693
0.018548464208
0.156405740081
0.000244810789
0.000468157424
18.769999721774
5.537482097047
0.178968611152
0.769978626889
0.485508110500
0.034766046555
0.000118497141
826.659768034533
0.013457717437
0.139295230197
0.000330398358
0.000460986514
18.854278370650
4.643599694117
0.138467262331
0.180346525135
0.594508912775
0.023771880663
0.000043612960
827.921300214183
0.010722308563
0.119568471385
0.000305700168
0.000559116589
15.801373807212
3.746017577612
0.262465782990
0.273425357686
0.737502972384
0.026260728465
0.000046369001
777.646564850315
0.012884908237
0.126965134501
0.000316601458
0.000377322215
9.325816014994
3.898753613778
0.122742983013
0.306986572995
0.669217747172
0.035640753360
0.000070312156
1182.959687696525
0.011609261260
0.089240624644
0.000371160549
0.000728053267
17.296139206313
4.403180879168
0.202568307842
0.160163759317
0.558147879234
0.026709464353
0.000035721270
771.264657109326
0.011561725179
0.113218713581
0.000292249547
0.000359488395
9.714006760428
3.454854947966
0.153372964836
0.268112031088
0.570636092419
0.035261669921
0.000035357724
1197.202297139744
0.011553306698
0.085435068378
0.000372082618
0.000782865302
11.339174057573
4.084422795679
0.207176495285
0.586719923284
0.577088232741
0.032495301432
0.000090470606
1289.076390045736
0.013384816625
0.121770163079
0.000345039100
0.000719780072
18.480611709073
5.170762894956
0.217064193385
0.551099406993
0.318428711730
0.024975495887
0.000046371092
1291.429348348874
0.015399695819
0.141451704553
0.000238649781
0.000494065366
14.367730634229
7.450602339406
0.219349600913
0.133880764932
0.420370902838
0.020460549743
0.000043099443
1195.173731419053
0.015399627187
0.122317762653
0.000204975590
0.000519588120
10.270368616798
4.088693369508
0.134623129887
0.293032675934
0.659351160290
0.036028765849
0.000059462632
1223.886647428478
0.010822485898
0.077348472256
0.000360432502
0.000722895320
9.494073340529
3.602570840679
0.160834487281
0.285329026017
0.573854365444
0.036877539803
0.000052445340
1246.869314138507
0.011698934944
0.086137324588
0.000337420117
0.000764909977
9.085480790496
3.393428123702
0.150039209222
0.261321219824
0.571637188295
0.036897830410
0.000037007171
1254.376644306081
0.011046549246
0.085621108876
0.000353304428
0.000755980270
11.332369692257
4.807147326023
0.243591171907
0.943339784617
0.401645559330
0.025758282013
0.000125671002
923.520343472166
0.013494554722
0.154515884180
0.000314438157
0.000617208290
12.267100760528
4.232206390876
0.168640895269
0.543896120835
0.573449683324
0.036289838660
0.000147094858
1231.064143726281
0.012714990542
0.100195119742
0.000344261205
0.000584472090
17.064360255356
3.992756196047
0.184549055075
0.195587547379
0.539623081175
0.026173014631
0.000039406915
809.841375336888
0.013823464826
0.111984540840
0.000300809880
0.000397159769
19.570775395317
4.349035199980
0.276421803808
0.245275243459
0.398683179667
0.031381328505
0.000040465322
1260.392442799088
0.017191789449
0.098956789423
0.000342845034
0.000458881581
13.345605406671
5.216610934665
0.330959857090
0.271127422599
0.459737707114
0.020660902606
0.000032285659
864.880812279490
0.017373951122
0.119395053175
0.000241166614
0.000601681347
12.709427116522
5.014910844511
0.313448944010
0.272586887516
0.441836249997
0.023022878922
0.000051409944
931.278232367654
0.015884273769
0.133030765045
0.000263230557
0.000566584032
18.505277164246
5.490462397195
0.137325904710
0.634277118533
0.425554832078
0.033398474287
0.000057882446
842.565373242056
0.009596940375
0.146900623609
0.000379530877
0.000376034415
18.291847368027
5.038643161883
0.181201639543
0.497627271472
0.474703686812
0.021614539687
0.000051515271
878.810737585549
0.010489849810
0.127696836067
0.000371644801
0.000439960629
18.505261519561
4.657193259995
0.238506812929
0.460209542573
0.331424142425
0.025224200040
0.000074856381
1264.919028189143
0.017045504115
0.127142893837
0.000274221270
0.000498641515
9.041497875200
3.753461416607
0.153406412228
0.161994124063
0.545943894710
0.035757142978
0.000041082385
1243.925203097725
0.012307252885
0.078102068185
0.000356655191
0.000824874365
17.951719242137
4.650967570766
0.204290402720
0.530795277838
0.273207590335
0.022987464559
0.000048866768
1328.286869195837
0.014604288470
0.144796814500
0.000194424533
0.000453657467
11.418703241423
3.824554271792
0.124632629315
0.305584635914
0.561880643399
0.036858957403
0.000058380130
1219.639983268864
0.011313422901
0.086867193818
0.000364871623
0.000711640965
19.330415620984
4.458615501605
0.265044368375
0.325205225817
0.433259821754
0.033001454313
0.000068203463
1227.654201629791
0.017452948603
0.101160614906
0.000344030279
0.000460155074
11.424188927868
5.508005425862
0.266985536851
0.958974665288
0.332102885086
0.019818772449
0.000155958305
888.215610222521
0.014064891008
0.161820913968
0.000362288056
0.000547991277
8.914042158921
3.370955989052
0.132007255109
0.177359790664
0.557182133262
0.038954360575
0.000041569538
1259.434031974959
0.011295626883
0.116167077117
0.000386805941
0.000769427113
11.262308628705
4.703802272855
0.203132003952
0.533185847853
0.549162197210
0.036456851651
0.000118733611
1260.493828619541
0.010498060714
0.087488052390
0.000339129454
0.000471832420
9.124488329785
3.781467384073
0.157642798001
0.345860290895
0.594548795910
0.037067880944
0.000076591025
1263.062122601273
0.012133498805
0.075056361759
0.000355743281
0.000748011351
18.743479384034
4.588907383731
0.280921181329
0.306314922526
0.403318276519
0.032188815151
0.000057962717
1233.045824123436
0.017361790325
0.101782256753
0.000324868411
0.000488019526
8.945734035644
3.984193547250
0.155469373038
0.328723875501
0.598106822659
0.037396997429
0.000064998801
1225.742235372511
0.010766617486
0.082747153606
0.000346647304
0.000742444944
13.712009420672
6.773673920452
0.265063291694
0.520475793003
0.407189513232
0.025940689863
0.000050099568
897.040734299160
0.016401861113
0.094458198336
0.000247300387
0.000587652247
9.755094032619
3.601512964832
0.152518118444
0.130682245043
0.578282072319
0.036342111561
0.000052149463
1242.024253229975
0.011319841967
0.076302277285
0.000370715831
0.000765247232
13.235992950039
7.530332118764
0.210823205851
0.257753621805
0.380479097538
0.027610200661
0.000063066931
1220.312086107529
0.013910087862
0.126513181373
0.000244207831
0.000603322292
19.268349325511
5.450914350352
0.188275446480
0.741186641739
0.528288361594
0.033310626573
0.000113207137
860.173901533947
0.012661395612
0.139564153509
0.000322151736
0.000462078196
10.397539377556
3.751835395950
0.153616581144
0.244717415165
0.567343817828
0.035753077002
0.000038789125
1243.329143886109
0.011548843573
0.084975101858
0.000341401542
0.000803736395
9.995855702334
4.880375792262
0.162298230849
0.229246362704
0.515629795621
0.033327728474
0.000067630565
1278.863147961018
0.011339843875
0.106103112913
0.000288449097
0.000742643351
18.923326340459
3.416660112014
0.307162767550
0.401631187424
0.514722721723
0.032214138425
0.000035326132
819.508648011737
0.011451904418
0.165261798279
0.000279019144
0.000585847852
16.214562926109
4.558375526041
0.213203899775
0.232997637120
0.579219056746
0.023194865843
0.000041185179
888.998478540130
0.015068148409
0.125757663628
0.000337636471
0.000379426508
16.262295685452
4.086863635209
0.269292594951
0.128230392545
0.622929407801
0.034412446626
0.000036562320
715.288174715333
0.010602086364
0.145638465771
0.000332700486
0.000442834256
16.541577468114
4.280712664791
0.121822607141
0.167394609761
0.457274939104
0.029253798209
0.000044733275
853.385973943580
0.012210459088
0.080750928857
0.000270718437
0.000388077008
13.297002294444
5.248083586951
0.301513135463
0.332841596113
0.390739991940
0.026676304313
0.000054353990
945.274640661399
0.016219627795
0.126439036355
0.000290854103
0.000507091360
19.057576498146
5.919323477028
0.288693913876
0.551535594469
0.325837468836
0.022330061955
0.000049574877
1347.562485381173
0.017229986104
0.157459676952
0.000231702652
0.000488438694
20.746639259266
4.327889676549
0.285147422400
0.312980118025
0.402579751055
0.031430855535
0.000046739619
1291.877518571259
0.018047233658
0.105655221008
0.000306973271
0.000459954919
11.625405628997
4.070438584031
0.204572738523
0.531990592760
0.597936699850
0.034305845862
0.000136511329
1214.776248036993
0.014020738728
0.087111644561
0.000299104948
0.000657894800
12.544144539465
5.519659736801
0.201339309825
0.178547741775
0.239994439032
0.028159370258
0.000045255175
1258.583525818757
0.014437368537
0.122098782353
0.000234477958
0.000638517715
9.948437712501
3.831661151423
0.163443654264
0.313555661632
0.582001355989
0.036062040900
0.000071406162
1251.955495026638
0.011957199354
0.086855931576
0.000336198213
0.000744996945
13.172538264067
7.558842322132
0.183213378240
0.296406997819
0.376115807812
0.029285542078
0.000050598138
1193.446616703709
0.014262735702
0.120922358747
0.000260449823
0.000550128102
17.474049981710
4.230384114850
0.203925790125
0.220631859293
0.564522153738
0.026979735238
0.000040238331
827.602878253127
0.013468230215
0.112978792197
0.000300193131
0.000382243583
17.390852355777
4.160993573288
0.194895290384
0.218559880876
0.516931653369
0.024009546982
0.000050397623
800.202508958213
0.013877034402
0.108138371925
0.000291035405
0.000421157209
9.811087314664
3.779702759759
0.131490463249
0.197398994068
0.586351355355
0.039275533735
0.000044795600
1315.694345312593
0.009838602837
0.084688087742
0.000333635246
0.000755642616
18.939552029364
5.287247416389
0.175467220427
0.802732458158
0.486690539340
0.035312280790
0.000114538763
862.656222963897
0.013243490996
0.144478316273
0.000336283901
0.000434473036
17.993090681169
4.318239020000
0.213353710473
0.181827781670
0.561695561250
0.027283166809
0.000046479490
806.342509324643
0.014091823472
0.108176444408
0.000284520624
0.000381555654
17.980494793792
5.015918824122
0.200244513763
0.622416136746
0.261288484329
0.022827270780
0.000067751590
1304.421952201712
0.015010889592
0.160194643935
0.000189066361
0.000457793535
11.954116481438
5.255516961997
0.257479539791
0.947923502517
0.372224450486
0.020412606188
0.000147163001
911.615883598622
0.012977479733
0.155811379915
0.000337371109
0.000577053745
11.381554516682
5.284755598829
0.248922016569
0.944667021536
0.416614828198
0.025799373126
0.000158927548
978.597397963599
0.013224023260
0.168912718686
0.000337609658
0.000566541975
9.088623903565
6.223046593448
0.178666374616
0.930475533459
0.728519932874
0.035938069852
0.000132786328
1215.681873475046
0.011793192482
0.161126354266
0.000290675537
0.000629270301
18.709556278569
4.425875018468
0.180073024815
0.399899088604
0.327567788143
0.024052075032
0.000066162384
1381.194837543541
0.014738511151
0.133694364492
0.000255813618
0.000398562787
18.898815635157
4.236601909324
0.159645832002
0.514982304214
0.462233666778
0.023984888942
0.000055915158
908.478472522271
0.012045105895
0.095124603254
0.000284318545
0.000449990430
9.756867460724
3.848074749355
0.140768790333
0.356993465620
0.641593287485
0.037667672559
0.000040849525
1296.105510350755
0.011612444883
0.090315908972
0.000315897503
0.000731339353
18.858453504708
4.450324051977
0.301935261870
0.376765680928
0.394799109857
0.025353706163
0.000065947696
1306.068899951115
0.017257543392
0.128956984890
0.000248733176
0.000447585742
19.267317091164
4.698671737676
0.273268632127
0.350729854127
0.381561479728
0.029754135700
0.000068820950
1240.961037264949
0.016794077036
0.112786933628
0.000309843479
0.000482315444
11.687552081567
5.442188410615
0.267035892589
0.931684448919
0.438792371690
0.023758250395
0.000165758140
903.933260204240
0.013232618054
0.150964034683
0.000325521098
0.000587873872
19.301489800762
5.499717182171
0.156700572379
0.405155112244
0.547757242246
0.035252844292
0.000063804770
1155.911682432476
0.020207757677
0.136991099385
0.000180930673
0.000492158208
13.012030921747
5.524317871489
0.351015810907
0.287480640847
0.401636565446
0.020953442120
0.000041362960
867.179324884111
0.016821284125
0.126218365597
0.000247091417
0.000588680922
9.995118248609
4.395577394564
0.131673310155
0.493424788353
0.638935462813
0.035562735816
0.000144594880
1287.360792500502
0.012250688019
0.076748946759
0.000327061084
0.000677007991
19.243173903561
4.414170391132
0.277815152971
0.266861667805
0.417141575341
0.032380442055
0.000046765369
1240.882820241055
0.017579920145
0.102020214863
0.000328173581
0.000458336442
15.773107850412
5.650930629213
0.258441484710
0.327494998705
0.661336967208
0.035278784215
0.000049236589
779.097400427928
0.011300298562
0.152280505849
0.000332696548
0.000402467638
9.615325461703
3.641788875530
0.164648721706
0.239474143457
0.566690130695
0.036385501964
0.000061715145
1224.517586157938
0.011596350744
0.079674137346
0.000343654023
0.000785372409
17.798567988866
4.933958118758
0.204491142425
0.548515248618
0.300942797722
0.022715692303
0.000062594490
1327.398243301437
0.013329935277
0.163347673139
0.000176202958
0.000454478969
17.050313462056
4.341603886101
0.195970882674
0.164489528588
0.544556892345
0.025886455901
0.000032629103
825.983014833096
0.013612621557
0.111097534141
0.000302711904
0.000382436311
19.175482912563
4.870538241143
0.253064359119
0.308265671897
0.357886845023
0.030743324843
0.000052074804
1249.409215015718
0.017230084415
0.119766348550
0.000279442530
0.000449558685
11.912265370156
5.072984969543
0.200399522776
0.525171505787
0.704785636849
0.041326413225
0.000140380109
1212.449416734943
0.011521476719
0.075583282032
0.000364154910
0.000804932689
9.677954647150
3.813539196172
0.155096728660
0.093436429560
0.550664140480
0.039586340705
0.000057263713
1283.907122407930
0.010199442506
0.084815506839
0.000368425462
0.000808938978
12.687877350833
5.520890939486
0.227829480446
0.125125820202
0.350405355364
0.025839738744
0.000053155595
1236.480133257298
0.015286020915
0.127890212721
0.000219709571
0.000640555005
18.494801756006
4.331873125584
0.293623681969
0.228760927122
0.476752932896
0.028561734468
0.000066359979
1197.941635328096
0.016096919779
0.090481540683
0.000352978442
0.000428849718
10.665707875821
3.283728183604
0.176674641221
0.213512513541
0.523229029299
0.033271617611
0.000050244300
1264.114998954985
0.013861876833
0.086865543999
0.000310784253
0.000770889620
18.290451791304
5.253523885315
0.215950907192
0.583486106006
0.321405396043
0.023847661398
0.000064238019
1276.216477234300
0.015166493223
0.142788297367
0.000228308188
0.000502849886
17.373796417920
4.258285955995
0.185295691734
0.188751483266
0.521116274151
0.025092694242
0.000039234485
817.720423222892
0.013495517212
0.110494969158
0.000291186211
0.000390166488
19.158068076804
5.710113857218
0.172167932201
0.683880786801
0.511880586611
0.036083086969
0.000071646169
862.170929927515
0.011908589984
0.144808254148
0.000343605233
0.000421806138
19.629258497493
4.291230096220
0.277012426139
0.299759892239
0.379840940613
0.030492438330
0.000054424236
1240.502645696904
0.018022440566
0.105268073798
0.000329172106
0.000484854206
9.917164574459
4.014172552933
0.166103088467
0.318978106640
0.582368817156
0.034135213438
0.000063144683
1253.789672697789
0.012672598838
0.090639147008
0.000338084927
0.000735792337
11.325023092367
5.401406890497
0.241828362450
0.896048391050
0.362680987819
0.021331973712
0.000137456611
925.918586025693
0.013939799506
0.151001127516
0.000345443830
0.000575584685
18.191501914265
4.106828513542
0.155632863311
0.119817030907
0.492905330325
0.019730874633
0.000025033055
825.294202447231
0.014053449676
0.090937654991
0.000309183218
0.000462683758
11.149505375634
4.521216671904
0.241632306204
0.552391329787
0.553980659582
0.024995855613
0.000056472784
797.526633162512
0.015222561746
0.121598465621
0.000334170627
0.000587721070
17.957469126427
4.948116943590
0.227322904517
0.567246940349
0.327387109880
0.023712092580
0.000050780797
1313.835080971306
0.014953559452
0.147060819462
0.000206803642
0.000471559598
17.920784393341
5.531422909548
0.231200972556
0.777729286134
0.508060832794
0.025268012542
0.000066425662
878.582212275306
0.013118163673
0.120911203111
0.000323168188
0.000492937262
18.840898127626
6.153418397430
0.175709264610
0.505893684714
0.439751620077
0.036642202190
0.000046677178
810.286756291317
0.012194754440
0.157673156492
0.000388917753
0.000357887237
18.953421819027
6.049249528766
0.188300119632
0.718877500469
0.502811289324
0.038268525771
0.000130076361
810.749668460499
0.012086978444
0.145097255135
0.000357662010
0.000429250754
13.458281297604
6.268705209365
0.244617028059
0.574368333528
0.418005788870
0.021825835759
0.000053987836
854.658865715514
0.017293528586
0.105528065229
0.000253456463
0.000373667457
19.629897823834
4.708195573543
0.260753824830
0.374112602592
0.384935501948
0.027878695833
0.000057897557
1221.031944490213
0.016738650580
0.121985969211
0.000289083663
0.000483724556
19.573073355344
5.219754530540
0.251114429065
0.737901160888
0.553562098648
0.032991983162
0.000155913549
915.052768445381
0.015595741082
0.129187295264
0.000315480097
0.000530940255
10.758666484726
4.580385741382
0.192183446929
0.404932827167
0.586556079592
0.033191569154
0.000082451124
1268.673695875994
0.012223596813
0.112072369159
0.000311195172
0.000723986219
13.844010098669
5.010013019265
0.187034799581
0.304803316549
0.546765151595
0.039422063691
0.000037759013
1223.743596335738
0.010509545470
0.088463880154
0.000363328143
0.000762658703
20.374327711009
4.166268551224
0.213095722324
0.380724360758
0.263459693474
0.026718447078
0.000057767627
1343.456993255354
0.018116573455
0.103436107569
0.000263371312
0.000392410400
18.924977640635
5.473942871305
0.189225758417
0.798230552976
0.522805116289
0.034137962952
0.000131629782
839.777773791704
0.012944678677
0.138689871510
0.000318684373
0.000486984921
18.570164674605
4.665004433781
0.193987140237
0.367017496390
0.285644099481
0.026843924208
0.000052644189
1298.960096222748
0.017570858937
0.135031425482
0.000275491698
0.000514642614
13.185553281521
5.557617855278
0.256691332422
0.527204417508
0.481981224131
0.025301678126
0.000050431862
873.261750264843
0.016970186200
0.120603035647
0.000268121669
0.000466243534
18.910225866194
3.690903644440
0.187863593258
0.198539696714
0.462918333644
0.023504990254
0.000031553620
774.773992623191
0.009110637142
0.105862631830
0.000380154816
0.000374852326
12.802359498924
7.431043658822
0.177749030254
0.207257938810
0.259080525787
0.022518520095
0.000036489305
1339.372516912089
0.012710600350
0.138225591567
0.000275795743
0.000538151606
16.965255253111
4.403181973267
0.216602768504
0.197751560218
0.567605262999
0.030086297143
0.000046858437
788.483271001312
0.012355137094
0.124104875218
0.000296273384
0.000419895733
18.771804684918
4.835887698385
0.244523386002
0.416622499394
0.379796802550
0.027460779612
0.000056267911
1258.518888903693
0.016525609190
0.123641729272
0.000290241803
0.000472107530
19.748437636008
4.875638102811
0.172799878711
0.720287353211
0.471406972730
0.039515911928
0.000074801613
876.592794397130
0.009822850537
0.171090169079
0.000335261884
0.000372778267
9.218992879129
6.296911502971
0.146771720028
0.825058595273
0.557907203870
0.030095638374
0.000138596994
1273.501713038117
0.010930317222
0.157281741670
0.000249415837
0.000768515586
12.112203358100
7.551572927340
0.220937798839
0.177430787238
0.268125905390
0.024298116482
0.000038049374
1210.654048917294
0.013939266079
0.115883977386
0.000269855801
0.000648916841
19.691309808713
5.365234356460
0.225403316463
0.367021388758
0.340580084213
0.024784327860
0.000071832175
1355.402722373898
0.016449692416
0.134488307883
0.000323280133
0.000419202842
19.282288271957
4.134764428141
0.267215065165
0.559555744724
0.306891570281
0.023437951795
0.000076471727
1330.141548042835
0.016287093582
0.122968529951
0.000290111852
0.000378810976
10.553204888783
3.962978336482
0.250197162965
0.429190622395
0.569714317147
0.036503068105
0.000074644520
1234.989878347481
0.010763082752
0.101679187804
0.000354529614
0.000668044729
15.351696060017
4.748384573123
0.199275934604
0.308972492290
0.622228810259
0.033064222740
0.000048644133
754.505330143672
0.015352398287
0.113755478719
0.000273615001
0.000561680850
12.986370279762
5.552591163912
0.253633107643
0.508709357432
0.477164295160
0.024518433753
0.000049733019
864.595123415297
0.016683037076
0.116215322752
0.000270433442
0.000461159363
13.735015514003
5.728076595861
0.276919791715
0.543565192709
0.424101459810
0.022415123473
0.000038170746
914.879600923354
0.017775978573
0.116638231174
0.000255380998
0.000431091344
19.180304580237
4.533555699719
0.257986477630
0.355982024036
0.370571590780
0.030517035207
0.000055288615
1225.414545335631
0.016107366411
0.112978341127
0.000325052193
0.000458363776
18.141645528357
5.934206969524
0.242439901055
0.656295969273
0.391276296076
0.022826640209
0.000059487007
1155.039279751844
0.015947053855
0.144311214856
0.000263533797
0.000529838029
19.448609754889
5.448483664185
0.166833153246
0.742371786683
0.508243689046
0.036142065240
0.000120188810
866.749203228641
0.012699042445
0.140139244248
0.000345392062
0.000557641500
10.751348353412
4.091217719632
0.140455134910
0.473186066850
0.624908439445
0.037399218116
0.000146333019
1253.707277046203
0.012438590114
0.075425671253
0.000306844366
0.000657404474
18.963140288044
6.009658888293
0.160719947234
0.583321619571
0.430561688526
0.041817004432
0.000057205721
817.658195780588
0.011953463915
0.148164043024
0.000379963034
0.000403697389
17.207733054632
4.010271858577
0.185525386519
0.156969354549
0.546210263573
0.025662694398
0.000047114571
842.616788869889
0.013001575265
0.107813286474
0.000301601928
0.000391578327
9.077155760602
3.691208987061
0.157960172536
0.222321190304
0.563511335355
0.036767836055
0.000048281730
1253.836092308560
0.012144638984
0.081327356219
0.000335600843
0.000802372971
20.049874520274
7.346410982780
0.133691059077
0.273829176916
0.553149278429
0.036366678785
0.000047215727
1284.923984676210
0.020024520065
0.107940683817
0.000177915136
0.000551327509
17.773626120311
4.029894753520
0.173824491426
0.175360172145
0.506812828773
0.022788382010
0.000030484194
850.508642293690
0.013883337181
0.099855355147
0.000287958228
0.000389681679
11.743234789576
4.113434625439
0.193137698115
0.366697678809
0.517359275111
0.025544339773
0.000044385181
917.950255127976
0.017188342175
0.134943642999
0.000295195343
0.000602328433
18.343953337948
4.906427843365
0.239407040812
0.534464366144
0.333544596822
0.023832263274
0.000073610931
1324.919569939540
0.016285445186
0.132328322763
0.000259960183
0.000519107603
17.163819140199
4.155346589159
0.132621665142
0.174021065404
0.424859420630
0.027937386472
0.000028266704
877.092998308327
0.014498189321
0.094060003255
0.000329386433
0.000444897196
9.683987715017
3.708180914526
0.159011118113
0.281702802857
0.584784663034
0.037625881817
0.000047242094
1251.049215917577
0.011527874182
0.083972969317
0.000349993925
0.000757328624
16.374972032836
5.026916623500
0.211821419296
0.236054667110
0.491963990699
0.029472731366
0.000043797151
768.173268751620
0.014620171702
0.115221611423
0.000287813035
0.000452133398
18.002970094580
5.282346485302
0.235808323033
0.629397402910
0.318152975825
0.026090371861
0.000072809568
1341.245823711231
0.014468126793
0.149971590808
0.000196966032
0.000511263828
9.118091316166
6.260099520372
0.158375235758
0.866237099064
0.717567080758
0.033533312856
0.000162802417
1275.746441499209
0.012121667851
0.160782472534
0.000279671427
0.000700361940
17.087839057494
3.789150016888
0.134665321047
0.174418716117
0.518501703835
0.024337877053
0.000033468185
859.510312127500
0.014192274912
0.105749958567
0.000267606368
0.000393621956
9.179567363275
3.802709149216
0.200577190505
0.300452120733
0.579817317241
0.034979929025
0.000059811468
1226.483271962117
0.011872593601
0.089843118141
0.000331088099
0.000742195427
14.365760612541
5.872384468364
0.274410631827
0.570859204433
0.462315646405
0.025513804747
0.000055100671
890.936691009146
0.015997012799
0.114013020516
0.000248044088
0.000439850471
18.776307286492
4.660716720169
0.246491395265
0.388805308274
0.342092569820
0.028498595748
0.000054176348
1299.307938299974
0.016795599419
0.116801521750
0.000309318422
0.000434942520
15.858348271210
4.470914562648
0.278981406426
0.235150265926
0.612745474215
0.031196871085
0.000031868433
721.185399609051
0.013443096782
0.150490349228
0.000326888197
0.000411790762
18.747032583820
4.826359034240
0.260179531535
0.398993510989
0.362078072164
0.028191532501
0.000064400460
1248.001615954830
0.016688507217
0.121467898090
0.000294231121
0.000479443963
12.807154576147
5.583378835951
0.188310153417
0.621265042975
0.647374662960
0.035707445201
0.000144508500
1272.963624795115
0.013270790138
0.083536995212
0.000286373494
0.000630338747
9.782306166992
5.021904864446
0.247317505972
0.864549155915
0.510994803781
0.019133294589
0.000144156047
1051.843961662094
0.015033426617
0.171282128611
0.000378824001
0.000503297163
9.283932843475
6.555480549784
0.251365544007
0.704474169173
0.713221075146
0.034049074146
0.000170655406
1206.214226874921
0.012546993705
0.139574110561
0.000246394266
0.000718373970
13.707349760275
4.175517026713
0.120673485552
0.413069732197
0.684944231843
0.038726741339
0.000038583859
793.598211891034
0.013181367607
0.130695278602
0.000270440046
0.000583137271
19.398079367149
5.106531971593
0.264686006659
0.259457405367
0.402797776731
0.026505758091
0.000055282462
1261.387766752959
0.018673535840
0.101865755314
0.000340908873
0.000380558829
10.727565179051
4.075016162434
0.243376270390
0.421659670317
0.673528108115
0.041106864594
0.000069081940
1216.767580643064
0.009815276369
0.080974035217
0.000368126114
0.000622515593
18.949904256703
4.727622986252
0.260602393242
0.420516410615
0.364426821860
0.028644048614
0.000047044819
1263.374187923478
0.016629428049
0.116471964932
0.000293404447
0.000474221847
9.767030831770
3.929210441712
0.159589801963
0.303799145672
0.600635840158
0.036988728301
0.000067312278
1243.255829635624
0.011672743810
0.084856756430
0.000338225685
0.000746481439
10.943230052295
4.535438156568
0.121348901272
0.501633581471
0.605077477154
0.037671815804
0.000138185216
1297.454797375517
0.012227575265
0.081907567069
0.000329915454
0.000677001121
11.499461378105
4.655411552808
0.144472331388
0.551091726919
0.647352605577
0.036346986535
0.000147082480
1231.437708579113
0.012107502877
0.085020600557
0.000330025938
0.000629141255
17.025757520714
4.409414975808
0.197273108795
0.251048057106
0.548762132429
0.025274245603
0.000052641086
797.737221166639
0.013283998869
0.111507233243
0.000286523565
0.000421140282
12.893166845149
4.479768282217
0.223765593016
0.568127771173
0.599292955294
0.029405586094
0.000201676411
1181.728581160307
0.015213245519
0.082413641244
0.000273800780
0.000558447902
18.089554194137
4.580489539688
0.246328322591
0.376191355419
0.388412161057
0.027178624667
0.000054088489
1265.879697476458
0.016675571990
0.150741337127
0.000235235993
0.000396605660
12.824296468987
7.416798764816
0.207091992464
0.289274007552
0.244159312962
0.027786461589
0.000058110928
1179.970045757263
0.014636979200
0.124597149258
0.000256045207
0.000583595004
18.930525288074
5.493798097614
0.178285105464
0.786317489248
0.499382393511
0.034137157709
0.000133744504
833.728120673427
0.013995694683
0.144644712172
0.000312128028
0.000469664975
17.249630845362
4.484655269106
0.203970238745
0.241893019261
0.532148664542
0.026632587262
0.000046306831
815.289615872596
0.012571404500
0.111441527801
0.000288674338
0.000451491707
9.799292430868
3.719754271078
0.158598611052
0.241868092448
0.572622968433
0.035543470241
0.000059028979
1232.246376491684
0.012315539390
0.089071419780
0.000328695715
0.000777507712
19.481812231217
4.499825092684
0.279360553007
0.290253198699
0.382825932563
0.031253362032
0.000048646637
1257.225887769267
0.017079943220
0.105008150673
0.000331954793
0.000450083657
11.671541404968
5.025243543394
0.229466205876
0.456751444511
0.449158668368
0.025577852032
0.000051784390
918.790436274200
0.017239943596
0.129263467705
0.000299170534
0.000451040755
12.406644844610
3.455355681675
0.157891814772
0.102332128852
0.621374210528
0.035101334400
0.000048776386
1281.371379975934
0.010591442099
0.118082106496
0.000327700555
0.000816637656
15.861975925242
4.297432955122
0.242591048560
0.255305815189
0.651062284432
0.033314544737
0.000050206942
727.269835614537
0.011342610592
0.146610361815
0.000339901340
0.000433138934
13.314143274075
3.428977168529
0.148122775237
0.229823780753
0.609115678747
0.038590077710
0.000052493203
1221.134648762834
0.012175492175
0.088543502412
0.000339945495
0.000791042387
12.332652896727
5.317164835169
0.272223842886
0.430884198195
0.451215171938
0.025867412404
0.000047494257
852.095890220510
0.016005234412
0.114828722123
0.000249779179
0.000469602653
9.687272895258
3.802108285558
0.162161909800
0.289143471432
0.577693207336
0.036071375038
0.000063525540
1245.046512107949
0.011994974332
0.086903077868
0.000339003793
0.000759294040
19.375971623860
4.352785339031
0.258603259062
0.393845070209
0.371562929524
0.029944775495
0.000042759317
1254.323448184400
0.017464121311
0.129714553359
0.000313090478
0.000457175787
11.616714639301
5.548069214803
0.242892579076
0.951769502712
0.428349525798
0.028731018343
0.000141458119
1044.370336034132
0.012303485274
0.165526927446
0.000345173673
0.000469961785
19.068470844356
4.838809490536
0.249498770620
0.433633111957
0.355438403310
0.028618449605
0.000052802493
1262.286611105143
0.016308147702
0.120741033978
0.000284393800
0.000481719458
17.762767589844
4.544199946014
0.191264568855
0.278294965676
0.540351484248
0.031029758647
0.000048620303
823.827605746915
0.010863094872
0.140110173037
0.000327152832
0.000356709847
9.349240896171
3.553769058336
0.161286294542
0.137639909514
0.605258483405
0.037470560097
0.000032609208
1222.587618296680
0.010400578579
0.081575625211
0.000332252400
0.000733125069
16.926771961665
3.939776624286
0.167895200275
0.092190322203
0.611359034032
0.031978492885
0.000030667001
819.317251510424
0.014913730094
0.134755873781
0.000269713578
0.000423891768
9.426724979036
3.436098611478
0.167532066999
0.231259834493
0.599077816771
0.037535201622
0.000047679330
1265.482618806273
0.012346008746
0.086284037665
0.000342566540
0.000780901776
18.759636118196
4.924198750574
0.246620621237
0.478474312478
0.343667174930
0.027578892622
0.000047347796
1292.003439851632
0.016128260144
0.129994674567
0.000280737358
0.000479563825
18.545661052944
5.221184130928
0.240808227915
0.495101721292
0.350193512069
0.026607150637
0.000069723347
1249.719363380482
0.015558939993
0.135015405599
0.000263852469
0.000506658330
19.132193612120
5.355752013441
0.172447181733
0.817435431773
0.513668390684
0.034601891409
0.000163043520
813.459768820784
0.012116992763
0.146595346699
0.000323627615
0.000501589795
18.549235717363
4.580812569297
0.209818692100
0.100896593722
0.646539840753
0.024400582531
0.000041156109
847.488860487490
0.009611003112
0.100953590563
0.000316365799
0.000508577687
18.186838340564
5.438292416835
0.171403324901
0.280670654013
0.429150982691
0.023381597640
0.000062802937
1360.973370988375
0.018549786516
0.128934702269
0.000197203760
0.000405349328
11.768638350798
4.715772447751
0.219500008991
0.539868692529
0.510310382571
0.023802253308
0.000054356461
923.168258815121
0.017388777583
0.140491577333
0.000300912365
0.000534148177
10.215490593616
3.923436340292
0.126720326100
0.450601964839
0.642171336865
0.037888843705
0.000126292030
1254.556762604561
0.011696934258
0.097171010102
0.000355766832
0.000673965573
9.187049527420
3.620676785996
0.217690434378
0.437664669278
0.743145206918
0.036510987582
0.000060123582
1298.526915075267
0.013676068467
0.086383598651
0.000339653092
0.000680856967
9.635491899654
3.754167304477
0.162309518416
0.288462023930
0.580516303128
0.036003651011
0.000063066652
1246.913234502281
0.011964290455
0.086301711778
0.000338603919
0.000754783972
12.874644511730
7.448170001931
0.212223172426
0.279869742984
0.448366992759
0.027489410560
0.000060025780
1176.495465727983
0.014796642774
0.123188919910
0.000259313306
0.000588928741
9.019781604959
3.596032483567
0.161175796786
0.279266926793
0.556442087118
0.036643807781
0.000041075289
1234.343943443747
0.012249371748
0.085922694547
0.000340317850
0.000796669157
16.684484382828
4.678708772413
0.189182146521
0.144831552071
0.574924448273
0.028269398750
0.000032000847
767.980122136843
0.012345928009
0.132877052514
0.000352074117
0.000443126531
17.136180764768
4.399780405016
0.201600607496
0.235136916752
0.544644702974
0.028504841547
0.000052776797
801.186725568109
0.013314773983
0.124991930128
0.000300592239
0.000418874026
19.365847210586
4.700528539242
0.281583219255
0.295599596829
0.408348430541
0.030845087768
0.000064015302
1210.523867479978
0.016497613748
0.106807777086
0.000324496810
0.000483843216
11.014383683846
3.826530135354
0.167038679317
0.418290869606
0.502495844240
0.034282005672
0.000075771815
1267.677076175809
0.013438313762
0.105779449898
0.000354047242
0.000697106327
11.384460849517
4.448300191451
0.147049901235
0.480113080841
0.612857766966
0.036605246261
0.000138698943
1256.321139447422
0.012961048133
0.083036550368
0.000330030588
0.000668124303
9.173013200127
3.302623518716
0.148243821569
0.299858642672
0.562991907398
0.037753668621
0.000067300405
1235.219730257402
0.011435812306
0.087690870324
0.000334361932
0.000801330985
10.658553509110
4.427364306555
0.159413049263
0.443126768340
0.674877781945
0.037506973759
0.000147238991
1253.440701930422
0.013175779414
0.087596778615
0.000323264635
0.000743489317
19.271912599639
4.919834683068
0.294274913419
0.238169610019
0.344797001348
0.032961864001
0.000061300780
1264.287136933909
0.018110788043
0.100534759991
0.000314082171
0.000423573340
9.763743677383
3.840532030685
0.165906000848
0.330154518748
0.575670871296
0.035836710077
0.000072201437
1258.985886808908
0.012370316786
0.084129972829
0.000337233863
0.000753841927
11.770175583748
5.117079168233
0.236250274954
0.868215946860
0.436842165477
0.020112850743
0.000157665093
965.698436275343
0.014338489272
0.154411161589
0.000308194271
0.000530291258
19.135944887109
5.624725862102
0.179597697372
0.735672373833
0.488346079645
0.036507476116
0.000116409907
820.678481698170
0.012793324543
0.140383627596
0.000336242174
0.000465801409
13.084080083619
7.563443747897
0.245523189095
0.595512482572
0.250330494117
0.026745115790
0.000045194686
1107.972731059922
0.015404095508
0.117332590972
0.000289116623
0.000742317972
10.832366726781
3.869247908436
0.122097471052
0.501256115757
0.697662044835
0.039139833903
0.000057957874
1217.844994219746
0.009836621067
0.099076978439
0.000318839566
0.000674707237
11.358701164430
4.638043459523
0.221828534814
0.605768365007
0.707686265358
0.036196076415
0.000153022979
1288.562681635917
0.013299296773
0.076633777108
0.000318508093
0.000618024515
9.610306004159
3.770505637142
0.159572019388
0.322158660493
0.632769583864
0.035952787309
0.000073368573
1258.880864856360
0.012343680648
0.083307338121
0.000333222721
0.000732823102
19.895072327315
5.584477176369
0.175975334399
0.725389164962
0.586581590384
0.035085644146
0.000126980823
884.152983202046
0.013027359685
0.151626903867
0.000364474142
0.000408817027
12.735172066918
4.273160029276
0.210083199374
0.457144940338
0.665870631066
0.031842792864
0.000131184310
1312.959090009662
0.014393919552
0.096487879741
0.000243085951
0.000554416904
10.265199090598
3.877941201892
0.163113280610
0.313990533145
0.588827841055
0.034685579620
0.000065788127
1256.225182620621
0.012562314380
0.089254317811
0.000332263931
0.000748574033
16.540726939809
4.755462563352
0.131290171312
0.201297891357
0.566867940163
0.028511014865
0.000034596895
789.344009044290
0.014678213573
0.102830924294
0.000293031053
0.000577036422
13.085256438656
7.466471180944
0.213840202098
0.301956065060
0.241875235372
0.027503756585
0.000055625235
1159.919101972539
0.014810128410
0.124796587160
0.000255750360
0.000589753960
18.928725115795
4.171675689262
0.278585745239
0.448385799401
0.315294981897
0.025278413419
0.000065889730
1317.450865496361
0.016895448195
0.135001503839
0.000277719123
0.000412167603
12.312619679480
4.364255706075
0.155713503762
0.626739474119
0.640588099025
0.035176796803
0.000152668254
1225.523540888682
0.013260322245
0.093511702755
0.000324505536
0.000570671028
17.841244999343
6.099795218716
0.218598983067
0.548771743557
0.341356540413
0.027781842846
0.000066923861
1172.971834783255
0.015561645209
0.132938445147
0.000205827945
0.000585074984
16.051150410178
6.180347437921
0.215898267956
0.279263376355
0.252526138903
0.029862462474
0.000037964091
823.537640524622
0.019380550638
0.080704159026
0.000295507948
0.000573736170
19.284845818961
7.358503850356
0.154981906406
0.298932417713
0.374483599697
0.034121442069
0.000070430422
1383.921355400438
0.018982817164
0.111604033686
0.000176674061
0.000596685457
16.719451511675
6.045373944043
0.224171688449
0.352400323181
0.323558011895
0.021451564896
0.000058853497
1193.177304245818
0.020093636959
0.144255530173
0.000216957271
0.000571006126
18.052250146811
3.834842550808
0.182314011852
0.368285955188
0.526205185636
0.025149227475
0.000048941894
869.417065539523
0.012520226601
0.119316285715
0.000252944654
0.000401251362
18.712854619720
6.197799607074
0.261358609172
0.846172923881
0.620991433496
0.035525817468
0.000116713290
825.736941195592
0.011244191187
0.134306769861
0.000270615271
0.000482767310
19.010641796964
5.619997200786
0.186612138549
0.755394808598
0.518798771110
0.034796738186
0.000119494946
856.817916472529
0.012489068006
0.139751869982
0.000327070820
0.000464197743
12.258618812990
6.765075990507
0.248588309952
0.743851716283
0.451692106751
0.029727521218
0.000065056055
795.652486350375
0.013842879435
0.125891885311
0.000237136109
0.000467585480
18.255899494124
5.515875354200
0.218436300408
0.530614299967
0.249552265498
0.028141099873
0.000044183688
1165.307836086783
0.018112955512
0.132322412689
0.000269967957
0.000529388773
18.731722345869
4.155791040606
0.303422003439
0.139700029259
0.301087579363
0.028414650724
0.000044671550
1254.187258983071
0.016565500783
0.117676714283
0.000295690319
0.000463894286
9.982281646589
3.877641393985
0.171884249502
0.354266308820
0.595049304650
0.036086683830
0.000070355587
1248.692687400797
0.012234024493
0.088808731731
0.000329914586
0.000744794060
19.248953280885
5.149663591537
0.301798395669
0.370940487467
0.241013169012
0.027822357169
0.000046674369
1319.408934483060
0.018167633173
0.144768891205
0.000184139229
0.000511765864
11.271976983851
4.420936554121
0.222286967608
0.455568784036
0.505647527511
0.027678819125
0.000048549722
918.901835259010
0.016915189321
0.138113779599
0.000310829496
0.000535247831
14.293150980298
5.689582151063
0.291213782239
0.413476920746
0.468731117790
0.026977402575
0.000056716243
975.186113694286
0.016355326883
0.120100973698
0.000260173325
0.000468146800
18.991806072409
4.877127551630
0.240763002689
0.394691000251
0.363962817063
0.030806635194
0.000051636617
1157.312206862568
0.015566476815
0.117014441966
0.000295981826
0.000529016667
10.131595074469
6.049077678492
0.287381336848
0.992059883872
0.458494908167
0.024066644532
0.000176644363
1011.305356304758
0.012149696737
0.162855824761
0.000331582318
0.000616294931
19.593044785861
6.199958992499
0.137237849017
0.590397633823
0.481317429740
0.041910881686
0.000061712871
871.647102926227
0.011033100383
0.141957003199
0.000373990768
0.000413701885
12.230684932585
4.511241094320
0.141389003356
0.748636453976
0.607979771230
0.032770657557
0.000099746968
1333.410566261681
0.009984390311
0.076512091527
0.000356118983
0.000675923131
10.983125415648
4.497687926425
0.150003831648
0.492821641122
0.701791291928
0.037200360954
0.000143284435
1292.917317470714
0.012272873090
0.084071290736
0.000297541788
0.000676194825
18.617338454155
4.736786120138
0.277746957859
0.288844124691
0.492413537705
0.034598812975
0.000063539930
1129.477484998544
0.018469259059
0.088745805329
0.000309038296
0.000461827933
16.496563003372
4.038560513277
0.174550189298
0.241357344260
0.572261851008
0.024546733531
0.000030958660
853.686014540039
0.012566759922
0.117654003476
0.000265254513
0.000397562409
10.582408620111
3.630791539227
0.205931197598
0.477195447361
0.505245542766
0.029785192332
0.000046421285
1288.450235646175
0.012687901822
0.107994509085
0.000363870740
0.000680056356
12.722435063845
3.908493920456
0.214146350105
0.219116981461
0.524709954320
0.032049874528
0.000060964465
1226.219217985229
0.013289061909
0.098616440328
0.000335366634
0.000727503815
10.194170467719
3.766390356476
0.135891654365
0.366908081350
0.587774230753
0.040878300266
0.000050370312
1283.192786534185
0.010056960369
0.077597796755
0.000347893620
0.000625832911
9.389594317973
3.579450071587
0.158592974354
0.241653142249
0.581454891980
0.036482606262
0.000050729118
1237.529196665271
0.012130601004
0.083475581538
0.000345218165
0.000766279211
18.114646710458
4.690470066300
0.230328623011
0.541847368986
0.302239963866
0.026399281969
0.000070857267
1303.386811667832
0.017774171849
0.131576542521
0.000235400716
0.000463905276
18.891222282645
5.538517596051
0.194113531760
0.804414647102
0.540272885123
0.034039686349
0.000141117055
825.941222080342
0.012481210360
0.133393303128
0.000332623172
0.000522802061
19.841888453425
6.052311195617
0.186181120651
0.764315904708
0.481602857566
0.040542055243
0.000052749483
834.204935388041
0.011772706083
0.151789362386
0.000374227065
0.000414348070
9.272189797639
4.509536679326
0.240790325404
0.193189043834
0.583226704514
0.038944772756
0.000061229643
1277.314326267735
0.013995086170
0.081158556893
0.000347131699
0.000740598720
18.222790609017
5.834041021826
0.182753174497
0.729161417799
0.445878098025
0.041814273556
0.000125509625
771.449098744402
0.012059374944
0.138797448903
0.000357202239
0.000447084245
9.374321401269
3.682228284985
0.165205491335
0.262196138610
0.577611002053
0.036212006807
0.000047615371
1242.622098461432
0.011932313326
0.087620549321
0.000342645408
0.000788428187
19.207891781181
5.077557137549
0.296349327864
0.444874014038
0.431089995204
0.030108064089
0.000067542822
1247.213893646956
0.016452708594
0.114267408857
0.000343613789
0.000529101934
18.830547253750
5.805728994994
0.190853588656
0.810273291706
0.501358356067
0.036765747047
0.000135004956
830.120450503022
0.013335248773
0.146436120095
0.000325319489
0.000493375893
18.439108734370
5.326259694819
0.174675061079
0.842807903203
0.496961362874
0.030055151562
0.000159599558
818.662845689405
0.014927223367
0.100870124092
0.000370768941
0.000616212267
18.959229411521
5.451629571243
0.126674860397
0.545735755334
0.419581986305
0.031378838679
0.000049754156
813.488411067720
0.013502753152
0.163416079319
0.000378478328
0.000428613768
10.696462050040
3.868211529040
0.227725681429
0.452117026511
0.645868492666
0.033791922697
0.000062656111
1210.387492649536
0.010095730680
0.089117805692
0.000302971350
0.000715905873
12.416717987871
7.400185539522
0.207150732760
0.280651444210
0.275565392244
0.027585637542
0.000054162369
1184.189154141700
0.014757649364
0.129847274432
0.000276400638
0.000604839901
18.782967823588
4.780123214592
0.281006097712
0.451587929378
0.354531636552
0.024968526171
0.000048252953
1361.081673646371
0.015460711266
0.118483403415
0.000275424694
0.000440991632
19.168165194619
4.844683383218
0.216045737665
0.525548714947
0.305525512122
0.025268395412
0.000048246969
1306.683197169257
0.015745265117
0.130393833049
0.000262897269
0.000486169736
9.102444402441
3.419894462841
0.144087671672
0.159279727559
0.596948172426
0.036774858485
0.000051891393
1230.542416465525
0.011288107419
0.079090800229
0.000361889817
0.000797339876
20.072204187752
5.293784914870
0.189831374086
0.583286772460
0.457302735357
0.036242330007
0.000039086602
896.919160157615
0.009771890449
0.152717776788
0.000367042537
0.000387524081
18.723376632710
6.269016633672
0.171963289582
0.557468672222
0.409986174448
0.038041787287
0.000050792533
770.730521983912
0.011133391250
0.143561374473
0.000379028628
0.000409001521
9.929287461533
3.681225522664
0.207240698388
0.172272470949
0.660933738814
0.040204069029
0.000052966521
1249.142120264455
0.009970221490
0.117003422903
0.000354300521
0.000798860663
19.080351947603
5.815272704798
0.166309627164
0.620326794658
0.445295016337
0.041408215743
0.000047103144
797.935359742940
0.011182568136
0.153881466258
0.000391722676
0.000413466385
10.710228026581
4.351981208578
0.145543242359
0.457403702599
0.659377235820
0.037586499252
0.000142386577
1243.709922564957
0.012274825495
0.081769001939
0.000326332960
0.000643257730
12.382948004361
5.356688142884
0.149578048424
0.152520459695
0.540902586366
0.039053277562
0.000046609114
1216.604826671495
0.013114404819
0.096199819303
0.000376951605
0.000761309765
19.736386753801
4.597744924902
0.260455542290
0.345536186525
0.357179839383
0.028815144752
0.000042427753
1305.258572771180
0.017919589651
0.102703222057
0.000323834131
0.000448709894
13.739058936364
4.348885320158
0.153275175584
0.457958291145
0.556115015922
0.036791495945
0.000041724474
1224.106491360446
0.014333832703
0.121887918577
0.000390707199
0.000790624913
9.256172881399
4.048387055696
0.179928973952
0.290030324632
0.738525609832
0.036268861987
0.000064071157
1322.956711372764
0.011581900510
0.082589361826
0.000354524632
0.000812863121
18.986516813513
7.392785829579
0.180852634475
0.339007867871
0.517992946126
0.035366160307
0.000082669594
1397.039374594634
0.017881093151
0.119109153911
0.000200869630
0.000599084769
16.520431227386
4.677222265465
0.222738829300
0.218355269628
0.589614002133
0.029383030052
0.000042560730
776.937633587591
0.013396254992
0.133042145508
0.000297984864
0.000417270399
12.012196408310
5.038841423199
0.239963052204
0.484039976225
0.487086147558
0.025858702063
0.000060510350
881.545246889698
0.016649912847
0.127101933059
0.000286094346
0.000498541769
12.807326729047
7.484334673704
0.180179075511
0.126705132699
0.351751135755
0.027814382650
0.000046116036
1240.334155399828
0.014115086867
0.126428937361
0.000263567098
0.000606815132
19.470326738666
4.600796729739
0.270573722897
0.324841241064
0.389263494751
0.030776680368
0.000056943195
1254.036035235184
0.017153413565
0.107564983474
0.000322977103
0.000470570591
9.282866442295
6.535017972545
0.225861243217
0.735376714291
0.677348203347
0.033577283130
0.000178270242
1260.827457608034
0.012816042718
0.151647050962
0.000262926051
0.000730463729
18.681679260682
3.718114456979
0.142418312498
0.315127358496
0.511982549817
0.024281580803
0.000052791753
858.873686532595
0.013669808935
0.110380651058
0.000310395315
0.000460181015
13.619789989296
3.824202078585
0.183356844300
0.197253311673
0.663855042709
0.036260737316
0.000046238968
1191.818897766593
0.012354620980
0.085181887905
0.000359221779
0.000626498403
19.162307140947
4.618777831023
0.265339241296
0.324900467486
0.391244044294
0.029713778259
0.000053862952
1271.842964348916
0.017260676457
0.113947630305
0.000305598296
0.000474260686
19.054355758323
4.980334812659
0.209402844181
0.499990857314
0.345524845344
0.025676899206
0.000045496493
1261.753556946014
0.016606304550
0.129752983681
0.000266152590
0.000442000900
10.022682172825
3.840424347906
0.163323710912
0.323832708401
0.579953882970
0.035929910136
0.000068590985
1270.944303572648
0.011721029399
0.086592830630
0.000334467714
0.000742002011
10.096170423542
3.946177299218
0.161442357761
0.460477043959
0.719201250991
0.034468194511
0.000073202183
1293.652571060184
0.010482126958
0.087133663162
0.000352867773
0.000743354139
13.512138877733
3.701276022327
0.194496659002
0.297520920013
0.641430205541
0.035150350279
0.000069317717
1216.446164813775
0.012241242727
0.101131768757
0.000370793292
0.000762126019
11.897666118181
5.114836876340
0.284771230548
0.864013499001
0.367439968399
0.020785623064
0.000156247124
1044.902085601331
0.011297500194
0.122048206676
0.000259721009
0.000468003132
18.218381032058
5.336612694105
0.221402892092
0.629913136523
0.266295996790
0.023732796533
0.000073645653
1205.568121047202
0.014123873148
0.167698301967
0.000188395971
0.000514961864
18.615037970764
4.860285597445
0.263675422057
0.412882687410
0.361204045604
0.028469071139
0.000072071643
1267.698308563683
0.017337939030
0.120375873816
0.000292194830
0.000488491475
18.347757953460
5.243968790107
0.256076818508
0.529944926546
0.345633977939
0.030839788592
0.000074345170
1354.838922892003
0.018350484718
0.120747557462
0.000268866469
0.000422989741
18.610501891355
5.441552786018
0.211106203437
0.816077560166
0.489031477670
0.033085184744
0.000134408048
840.540051285919
0.014069655950
0.129638206425
0.000287558661
0.000518775853
12.814380500233
7.528194733196
0.238703680787
0.337659147846
0.324732144155
0.028443314413
0.000042029428
1216.376859177731
0.016634716343
0.104401758659
0.000311088792
0.000502898440
11.173598318505
4.204229930906
0.160926075241
0.608047821327
0.661810554278
0.036703456332
0.000119475092
1262.396022028809
0.012809984514
0.101764749548
0.000298783492
0.000660621520
13.461843603872
7.419808111160
0.205925136331
0.317465236535
0.454287372445
0.028268785455
0.000057384647
1161.231941653084
0.014746484218
0.120008309928
0.000262311982
0.000611981957
9.000912102486
3.324296774061
0.128069647528
0.351271192818
0.687580198803
0.040712599572
0.000055061363
1231.604040856658
0.013954685497
0.103497812735
0.000298384401
0.000803023696
18.129234136753
4.953336290208
0.248082822346
0.459348959818
0.366588978792
0.025993040364
0.000073581071
1281.839615940244
0.016318200237
0.131259033802
0.000284657600
0.000507861453
8.944509773819
3.653312396470
0.159463727824
0.168195330046
0.590069536187
0.036662044072
0.000039022373
1263.625815765253
0.012091045098
0.076215516330
0.000340702405
0.000813138929
19.238179388395
5.762473360120
0.165703248707
0.647574331541
0.517105002993
0.035453856353
0.000059622289
881.406804265859
0.011756424904
0.145070981906
0.000354955049
0.000417750970
13.902917099190
4.275636175855
0.334679137703
0.228815632306
0.476694755382
0.020155991549
0.000051168342
925.593080159085
0.018352760953
0.124417025051
0.000250186134
0.000578096042
10.616423156620
6.732605040972
0.242055680838
0.846553231878
0.606218083693
0.033130065092
0.000186844363
1286.201219069356
0.013739868088
0.157248166419
0.000324881197
0.000661930359
9.584034193950
3.986844700658
0.156355303619
0.286582238563
0.594778143638
0.036355947468
0.000072325894
1254.606849421607
0.012357225159
0.096303368095
0.000336240210
0.000753958564
10.361820930279
4.104816321114
0.149211230350
0.252426544961
0.591028916316
0.038912891263
0.000063999544
1279.323599140858
0.013010933817
0.085459295916
0.000324876145
0.000796336478
10.162576566681
3.895569953525
0.150703092934
0.286919634215
0.599391780964
0.036292698491
0.000067713824
1243.589752645134
0.012566525908
0.079855746801
0.000322465282
0.000712770988
10.600620039166
4.570229039428
0.166669517918
0.484041589149
0.611195420523
0.035514656168
0.000138478213
1277.492857371019
0.012972772431
0.083799338689
0.000319967334
0.000631075574
11.296446761129
5.319663175233
0.268725911754
0.983845120049
0.406279908031
0.024771297134
0.000159693558
981.228638794283
0.013540563235
0.159230556190
0.000323464733
0.000531282211
18.153748721411
4.603116737278
0.207798795851
0.166718821273
0.571674891302
0.028795218463
0.000040927272
814.718572744113
0.013780438870
0.112156099392
0.000304231539
0.000419282939
12.269114917294
4.060936847423
0.220974874041
0.541102270446
0.524522351144
0.033781591593
0.000147897502
1296.248960143803
0.011224013636
0.082844438107
0.000335254625
0.000635599103
11.437863860944
5.433754773484
0.266136169454
0.969150956252
0.317800624779
0.023461596421
0.000183543471
981.199665509885
0.014181923094
0.159129537253
0.000363848239
0.000616549669
12.680743686055
5.437679060567
0.222694665690
0.284277217112
0.286824756636
0.028739962034
0.000054466269
1188.704967126496
0.014677437119
0.120869858384
0.000272778881
0.000596834112
19.847130039887
6.199568863723
0.245944093463
0.778381321225
0.521172967509
0.030593374052
0.000072020325
863.597674402490
0.014349615400
0.155109210018
0.000345127276
0.000462025380
9.270407839087
3.576634201446
0.166313901582
0.238657869448
0.574213202163
0.036220958171
0.000062671680
1242.404063731594
0.012194859919
0.093851521442
0.000342610543
0.000785017705
15.944857053883
4.041537570826
0.209314723061
0.447126878086
0.582313658154
0.032428093688
0.000048079525
731.242406351593
0.015626092189
0.111091782826
0.000342552207
0.000434059797
18.509869055457
5.308969431659
0.223536137967
0.572778425153
0.333216064953
0.022734520401
0.000071610448
1248.225446337438
0.015605587508
0.150696317158
0.000219512073
0.000538789449
10.844214220280
4.033836207759
0.164270114735
0.389011866431
0.617337405193
0.033828449725
0.000080198470
1223.048810160556
0.014270555405
0.089822691585
0.000352359960
0.000670294380
9.772796335040
3.795641353566
0.156227859516
0.311431671535
0.587295976497
0.036319950085
0.000060273203
1247.862112496386
0.012001132947
0.084812510624
0.000337940698
0.000746545643
8.905080563036
3.834574282829
0.155070018124
0.153156813818
0.609854755398
0.034756118779
0.000043177551
1253.196362047145
0.010595025367
0.121696739437
0.000383523974
0.000794897725
20.233063396257
4.977600963740
0.209581670225
0.516309449109
0.353240217220
0.023189632855
0.000075007749
1280.106189801053
0.014877385756
0.121519120408
0.000266247699
0.000512906083
9.827648963212
3.743056950232
0.175577248876
0.338113853160
0.575836857070
0.036349472294
0.000072757601
1236.412605471357
0.012480090566
0.086944269567
0.000343415742
0.000748726390
19.746542369063
4.240882503292
0.192494713296
0.375030202898
0.582533534929
0.022189076684
0.000040202518
816.846122545300
0.010330968698
0.098601167528
0.000349234871
0.000357787660
19.662849141443
7.118798602013
0.181581676518
0.255695864240
0.488053768581
0.027561630048
0.000063318112
1372.937869328796
0.018160233751
0.130168581609
0.000209271354
0.000575745201
11.194598110061
4.507731533057
0.145179816499
0.536843469673
0.623950647982
0.036983305962
0.000145426083
1301.163324864737
0.012363322386
0.081784866757
0.000320503808
0.000605745239
11.845154992156
7.255003926716
0.188686304093
0.164395832638
0.405309342678
0.030739989364
0.000063885207
1236.008461721454
0.013446188319
0.121740258791
0.000198952236
0.000558875289
17.379667283663
5.339717017406
0.299436294180
0.485989226257
0.428951095798
0.027085349475
0.000067711290
1239.309757284778
0.017151116133
0.133045969191
0.000274021952
0.000621682926
19.018702656191
5.352902969962
0.201993890943
0.354463450945
0.381695808715
0.027838230174
0.000052840366
1360.548563202025
0.014259863254
0.149664208351
0.000276012958
0.000428714981
18.983824104040
4.415856276468
0.239549509584
0.457487361535
0.273114758409
0.027844329021
0.000050370105
1353.393466753167
0.016679911262
0.140771816207
0.000269446548
0.000512399594
12.064328162354
7.283438161977
0.238663044751
0.215737218960
0.334351465400
0.022539097611
0.000055975053
1178.896549366966
0.014386082142
0.125277756794
0.000274366146
0.000568720198
11.593979847946
5.371843745634
0.274755143562
0.817989931362
0.398746517374
0.021446801031
0.000140118087
946.790437657864
0.013630536229
0.161689479813
0.000297489291
0.000529743640
19.865765149712
6.000194449322
0.178566337162
0.574463198871
0.508189225081
0.036155501490
0.000045271183
874.428577566679
0.009522437368
0.165895789077
0.000377345191
0.000430947186
15.241947680855
4.902440309737
0.253121091045
0.275115417597
0.610196106742
0.033783473504
0.000047389449
713.821822570556
0.011521222091
0.159536950245
0.000316287205
0.000444307424
19.137575218466
4.870137524851
0.179137418617
0.670505148597
0.490067070363
0.035702819699
0.000121833927
806.364726342451
0.012032102558
0.149402723630
0.000292878520
0.000536123843
19.376657641075
6.237451751442
0.169352027499
0.577954040915
0.435025928878
0.032403750972
0.000045852802
769.769115931755
0.012323538693
0.137918793474
0.000388504948
0.000432266543
19.322776633736
7.465323897622
0.157626155500
0.324617529764
0.342056199290
0.034237195370
0.000058413080
1390.337616996499
0.019169987724
0.137188770728
0.000183415278
0.000582853766
9.525571503668
3.781923172435
0.157479483892
0.293907486088
0.588125635584
0.037126733228
0.000052855040
1244.749884075820
0.012152913896
0.079283534812
0.000334744477
0.000756512542
13.668832517490
6.103527371927
0.260699630153
0.471324481666
0.404031696127
0.029308464834
0.000043700589
871.782307528103
0.015691879421
0.129030295184
0.000303427324
0.000404254411
20.142363085982
3.906447782447
0.282117499381
0.361013257488
0.403180291962
0.032898823050
0.000045881949
1360.379679350920
0.017755337689
0.116526833734
0.000344847722
0.000456167878
17.529125829624
3.524917417865
0.204159695450
0.527346071115
0.481565981583
0.022039291380
0.000044899614
855.665804042354
0.012547828808
0.114908236122
0.000297651698
0.000499633184
19.025817593981
5.405055871236
0.189676956047
0.781332133046
0.499959813124
0.034833496673
0.000144568794
846.248911070014
0.013137173517
0.137714812429
0.000319886217
0.000459129660
16.145954449127
4.942332263769
0.240767939521
0.239356318130
0.599189975150
0.034791213637
0.000037360571
688.590432739690
0.013029962563
0.149599979559
0.000339822944
0.000386342243
19.823370308980
4.464593002802
0.295926796829
0.331326037071
0.448942635705
0.032568792623
0.000071643362
1278.404461532408
0.016915367726
0.098453019540
0.000343280022
0.000447019598
9.381497737574
6.297217323030
0.218583390816
0.843564853355
0.636672285044
0.034762730455
0.000188150681
1241.488044229701
0.013335705224
0.141814921352
0.000273038069
0.000758779352
14.267071723464
6.183643553863
0.259679515023
0.589404071368
0.457189392823
0.023335547326
0.000058507396
858.342889364543
0.016389425063
0.099899713785
0.000245701742
0.000404755208
12.867694877916
7.407955646992
0.210023588113
0.308445475267
0.250440335603
0.028098382253
0.000059072276
1176.904979208036
0.014593941855
0.125346209488
0.000258783165
0.000579754467
12.062958768859
4.426259590366
0.212451870482
0.518284200694
0.629252816988
0.031207151445
0.000174137378
1231.482058565044
0.012591237204
0.093658029005
0.000292495304
0.000678737528
12.447096877903
3.600284090599
0.148134336599
0.316777803288
0.580539438892
0.037245657808
0.000045620581
1209.150427247498
0.010725012885
0.075319664530
0.000363358910
0.000784121502
18.928261355931
5.836180305697
0.161295820649
0.672215827039
0.458848733349
0.034749314283
0.000065520423
847.411537240275
0.011422435107
0.148299581916
0.000357863045
0.000418949460
19.065358188902
5.530387224259
0.189328736795
0.822111202319
0.536670381267
0.033663045139
0.000154400056
821.050186598325
0.012969333869
0.137728007858
0.000307709084
0.000480160446
9.576525186885
3.575381704657
0.156282805323
0.310686314593
0.566612767035
0.036243797530
0.000070983785
1248.249717943391
0.011670280087
0.087573175902
0.000347874099
0.000764902978
13.027935014564
7.119364418881
0.231355713774
0.164523068795
0.250954525431
0.028712523668
0.000048242270
1177.523351617446
0.015776630416
0.115355843657
0.000229329015
0.000567117781
11.395004188926
5.257306573731
0.250956358989
0.935848800952
0.403376376897
0.019944310307
0.000167137266
951.011477257156
0.013877893937
0.155762167279
0.000335458751
0.000551876491
16.231796960722
5.066563071923
0.239476157277
0.356440007901
0.621008321457
0.032445400939
0.000050172457
675.552218781398
0.012364333341
0.141186339239
0.000315674149
0.000417242102
14.799360486801
5.194689502038
0.261216931860
0.281291961578
0.697735098954
0.038900878407
0.000039288611
884.287590560497
0.010459903834
0.169571637194
0.000344174844
0.000443367599
12.623823387248
5.155986170331
0.148380128170
0.543492423434
0.653101876856
0.034911538249
0.000129084771
1310.088003771348
0.012237753193
0.087702765439
0.000286966545
0.000559158887
9.208869307855
6.315369887902
0.194881021270
0.878473784410
0.740081265858
0.035471667451
0.000155292325
1255.739940410642
0.012372305715
0.169906017212
0.000254921351
0.000813594222
19.135739668671
5.502748076335
0.220788624124
0.754042802962
0.516827462514
0.033396772398
0.000109695009
845.006348056092
0.011659024837
0.145462820658
0.000336030830
0.000433575549
16.865135383658
4.490468928654
0.205028737516
0.212218475415
0.570695502511
0.028758030350
0.000049084896
794.891663597351
0.012885886598
0.122067315865
0.000292002522
0.000403584348
18.800730456848
5.444261201251
0.218240153083
0.341924655163
0.403376972589
0.028019623713
0.000058014259
1213.980284285531
0.015802622641
0.120051959899
0.000261547663
0.000485973665
13.949802636912
3.552337646214
0.125104630045
0.122062724838
0.548827917003
0.041890780652
0.000048067399
1218.145311347535
0.010163110837
0.084555943796
0.000386267138
0.000757996469
18.207011423776
5.116949063805
0.225037182933
0.620381586747
0.294036512135
0.024858830302
0.000061666599
1290.670628318023
0.016120973269
0.143688782379
0.000229309365
0.000503825437
9.853274110115
4.798809352645
0.299933224625
0.983095357770
0.479447595044
0.022705479766
0.000124759754
933.462618546682
0.013328757791
0.152136019014
0.000339490919
0.000524250316
18.424352861413
3.548195362596
0.166678238433
0.453805452737
0.439058775353
0.021182779307
0.000039991495
856.905698204105
0.014056216981
0.093030552135
0.000268984203
0.000453870107
19.105400178451
4.697465512245
0.205052909567
0.353712597776
0.477971402283
0.031186142594
0.000044430961
1393.023997825130
0.015645664987
0.106676396975
0.000272078134
0.000484676810
19.968589115267
5.742847131214
0.122716311531
0.739125883255
0.441178824419
0.032510346630
0.000055065110
798.180550487632
0.009573624196
0.165755078044
0.000325440934
0.000386217792
19.340334872188
5.420045610437
0.183816493687
0.782846534750
0.580097855024
0.035672454110
0.000121863757
886.846079626797
0.010520815259
0.141302225973
0.000377856715
0.000416147894
19.742268004100
4.526191510080
0.161362663192
0.269019736683
0.591768738191
0.025357385893
0.000044407084
926.697238882701
0.014052726289
0.116466822775
0.000248016784
0.000375661140
19.123014857152
4.978723315418
0.260150809072
0.393796655967
0.357805217221
0.029177528071
0.000058079896
1265.387889020007
0.017755200760
0.111401232369
0.000292912462
0.000466194847
19.958371527237
5.814791210002
0.134048845454
0.574525757943
0.502401242813
0.040925564096
0.000065083104
865.557700832832
0.011868738370
0.159295237955
0.000396238114
0.000358120036
13.065749705927
5.218781415255
0.339264658194
0.273493205733
0.427275780875
0.022555653458
0.000049688460
887.166614421245
0.016386105411
0.124717125808
0.000269645960
0.000573217609
18.596797251012
4.866984647679
0.240062486892
0.443349742173
0.399669229894
0.026847976201
0.000071295922
1263.622625097787
0.015823420556
0.122863075978
0.000265447774
0.000463099772
12.357764332287
5.322416478082
0.364274231608
0.332268916109
0.434671237019
0.020916266875
0.000042381376
878.595682885385
0.016851418456
0.108079443649
0.000209113668
0.000475593596
16.574894570258
5.266732689270
0.136672499521
0.309971887493
0.724458045064
0.028257649958
0.000040948889
706.965175064498
0.014001080922
0.117100226366
0.000303236987
0.000423029649
18.170323559699
3.877330016869
0.159826560448
0.148179137662
0.523806662648
0.029062801602
0.000032545762
845.236232665708
0.009810413218
0.121588765196
0.000323073053
0.000392448214
17.410192940728
4.339340782770
0.182794242809
0.190448260166
0.537004307717
0.025564820632
0.000050037072
813.598984236583
0.013373211990
0.110966053129
0.000278643629
0.000438875127
13.044333302961
4.605861664528
0.298146445261
0.281892892118
0.426003947905
0.026284714388
0.000040312398
911.101093750246
0.015333211909
0.116595358912
0.000224130818
0.000479873703
18.709044623744
4.547558904838
0.267977959468
0.350232183281
0.342166775649
0.029470496885
0.000039320551
1284.571177711726
0.017005436971
0.113422391050
0.000289150549
0.000495974750
12.936232881158
5.435725349062
0.249881032364
0.514987877342
0.476123479662
0.025527714897
0.000051314182
876.096229806855
0.016587512626
0.120740710794
0.000272268611
0.000467082349
18.481162138670
4.421531464615
0.274955213683
0.277574840795
0.325374079827
0.028701042843
0.000062387439
1325.215532212985
0.016170039145
0.120897366222
0.000326362402
0.000496050331
12.419719984970
4.341555473702
0.228725376992
0.515115492887
0.592803896392
0.037490708639
0.000132414063
1252.528896328248
0.012057992241
0.102520390010
0.000294483980
0.000660353148
18.176404464597
7.285129404854
0.178449744750
0.321527941844
0.527492891182
0.033127615767
0.000061927347
1394.835714666374
0.018472293555
0.115639083901
0.000190996901
0.000619818980
19.367846517670
4.478518323671
0.271472881338
0.268696933231
0.410695405079
0.031112132535
0.000058755103
1243.949700681690
0.017215055091
0.104951893911
0.000325018098
0.000473206913
19.635443710129
4.732295937855
0.282969093220
0.304091342091
0.378946514983
0.031994294021
0.000057425561
1271.048157832913
0.017955061195
0.115668248305
0.000302074866
0.000512232709
13.225589373471
4.748000843913
0.335541365342
0.216153023985
0.438598084564
0.022185192415
0.000038058583
898.576404452977
0.018714909089
0.124807059713
0.000250078845
0.000622656864
19.928695977406
4.275861588963
0.240270674959
0.407956281502
0.370742034203
0.034178394872
0.000064882769
1189.012781066103
0.019341696586
0.129793064795
0.000337335861
0.000454782437
18.656496265028
5.871688180775
0.222998944101
0.855346600013
0.476117254648
0.030636771067
0.000163855836
841.485326668531
0.013591333465
0.131667361524
0.000293591571
0.000509319924
18.130417917423
4.806552955752
0.192107904261
0.577979386897
0.281477794925
0.025047426139
0.000077806656
1255.057385601959
0.014860913558
0.158717957958
0.000225610077
0.000449798714
10.731232432750
3.424423651800
0.211431381526
0.295026814211
0.576162495538
0.034351379437
0.000059798369
1248.916036315861
0.011846196349
0.088155426670
0.000336669753
0.000720476476
18.125284677651
6.087186995087
0.240873988860
0.720742405397
0.488275209577
0.019313751371
0.000087171816
1354.511616098591
0.015769361172
0.164187287155
0.000231800874
0.000526423530
17.465422143955
4.671778681473
0.234095892053
0.195858450856
0.546019660643
0.030738630530
0.000027623835
734.033287920288
0.013156435891
0.127935928898
0.000304881944
0.000433738404
13.068926146577
4.241048701198
0.174204667948
0.128306041085
0.533015741803
0.036672711675
0.000052406023
1207.636761474750
0.012637807613
0.087754692548
0.000327125355
0.000675987954
17.311939628315
5.087772996634
0.278507500670
0.385779431495
0.383996521257
0.031035440371
0.000044487067
1292.693713708470
0.020240152561
0.124961295683
0.000295457954
0.000569956284
10.338334017413
3.467010216572
0.134174750377
0.135368843873
0.569062947322
0.039380419502
0.000036834073
1228.270956598092
0.012134811599
0.080466571397
0.000353247157
0.000717325928
9.452417201194
3.735454454321
0.162524952727
0.286473685097
0.561879513338
0.037784365114
0.000047224725
1280.852254151234
0.011845032232
0.085604237327
0.000353003531
0.000778020107
9.107291701742
3.768609835169
0.203468437840
0.579229930126
0.561486019009
0.037277445733
0.000092740334
1267.569714161510
0.011081188762
0.110362162915
0.000338044087
0.000587490372
19.282305743022
5.533878984272
0.198789194053
0.770053998962
0.525427527385
0.032805386695
0.000125221252
850.069366607315
0.012271076571
0.143874499120
0.000303255702
0.000509129293
18.995347825484
4.672876566791
0.271495972849
0.321249077147
0.366236941907
0.028831820472
0.000043827254
1266.059254409769
0.016907705836
0.109313051988
0.000300101347
0.000451068440
14.079199649446
3.664596555853
0.137091869436
0.202653766647
0.680900885268
0.037054271176
0.000069937668
1303.733669984447
0.011272288807
0.082593285488
0.000301974575
0.000723972663
9.199329569783
3.932058589379
0.131047657680
0.344090910900
0.643272593107
0.038341665700
0.000076327270
1273.440138166706
0.012155809996
0.099903548546
0.000340671403
0.000754908286
19.473669158486
5.460916466747
0.185183149010
0.712149216485
0.533543950253
0.031544346388
0.000121919855
864.995121136369
0.012968023446
0.136170744034
0.000309267888
0.000500037219
20.416219788331
4.230135223613
0.236715049542
0.196770115977
0.318313128268
0.027476625436
0.000061708445
1332.557850186930
0.017828042834
0.122148856002
0.000286976172
0.000410917735
16.810902476761
5.513022273883
0.180209061845
0.842590107226
0.288364905532
0.021633766983
0.000089462463
1316.081157214761
0.013910359156
0.166748565297
0.000256982873
0.000681761212
12.705267732378
5.364803066202
0.213096340603
0.570625651030
0.503339125689
0.024633892938
0.000059083118
956.452822225403
0.018509110805
0.121523609835
0.000307241839
0.000422509528
9.968280874480
3.888265527629
0.160553806654
0.323889205206
0.589651935839
0.037001042455
0.000073127634
1255.090326493826
0.011899968838
0.093174264345
0.000341585855
0.000733714726
17.960428707298
3.731332695713
0.126101934892
0.243976133341
0.577502057646
0.025118906429
0.000048508177
796.154905377630
0.014319453001
0.121330859416
0.000320087755
0.000543846407
18.563970137460
4.942262157140
0.227517076416
0.492114408488
0.333887098904
0.026032784768
0.000051441767
1269.439484665191
0.015781455855
0.132517649906
0.000257265946
0.000490722758
18.096794826332
5.476617660665
0.185040487034
0.769524375366
0.427912934715
0.035146437883
0.000148624401
779.142402023306
0.011775836741
0.129021889850
0.000339108983
0.000526563521
17.592684165921
4.848146794284
0.258420298317
0.171670435085
0.351787582674
0.030854458911
0.000044380845
1216.635273162452
0.016561452741
0.133726732781
0.000292186908
0.000388956319
16.324268937236
4.633624975340
0.205058948530
0.245826752282
0.590136501917
0.028625862445
0.000052347597
780.033279279149
0.012959935411
0.128124794533
0.000302640198
0.000376730402
20.168856367738
6.162824681115
0.161399602118
0.802898061225
0.329184807824
0.024182297632
0.000087231250
1308.147544452064
0.015016113432
0.143149478047
0.000278566057
0.000613045371
13.340548197425
3.579962521240
0.140767115707
0.315959909449
0.705324916132
0.035890766590
0.000049183867
1282.966607855883
0.009026321941
0.079588059866
0.000392522256
0.000634123475
14.116704361245
4.089492513668
0.176926230418
0.694080881453
0.534111133426
0.030722234753
0.000094378245
1327.601587929679
0.012261069864
0.110649386428
0.000289926501
0.000595013175
19.567667396923
5.833781083045
0.225219278984
0.445191846009
0.341685780466
0.035812679135
0.000070771185
1376.322140565611
0.017655065770
0.152943137052
0.000235879276
0.000415724048
14.832152361782
4.789384853241
0.199820484284
0.242585855979
0.639896030470
0.030580562261
0.000050606717
717.503381123476
0.011641103487
0.146590265303
0.000327915927
0.000418121903
12.856193185870
5.612062613151
0.255115208314
0.553955141309
0.501916676779
0.024875701175
0.000062257483
890.044673630511
0.017230912947
0.121146239103
0.000271581520
0.000491374865
9.862879394268
3.749613065640
0.163281087846
0.281171063399
0.576031090054
0.035164672778
0.000064153465
1235.852892913546
0.012300351913
0.089679663388
0.000339180581
0.000762812305
17.964795170076
5.602856492327
0.215514760243
0.546586444189
0.448356463852
0.027381948134
0.000079088396
1243.969511013288
0.015511277766
0.128389301863
0.000251313988
0.000447441031
11.714939281950
4.164785627420
0.170432022159
0.542501528782
0.612605869869
0.037756725513
0.000151843136
1221.898747715031
0.013885156862
0.083629728487
0.000323327691
0.000614894394
10.115513874304
3.731744384487
0.152977155235
0.266910585627
0.589094382518
0.037595437114
0.000062628371
1242.509898344644
0.012340925202
0.087375706081
0.000359012796
0.000773806495
12.354250387357
6.756576472153
0.217310095642
0.446922476685
0.363578669162
0.022397383913
0.000073424053
1269.658252767022
0.018332643702
0.103895907424
0.000332791303
0.000538130203
15.980023028946
3.365465584737
0.204908220348
0.182890519966
0.465194827566
0.018549043381
0.000030982974
890.860201717625
0.012801118797
0.105054014780
0.000249639241
0.000586466756
13.647948729817
4.747969560091
0.342694816558
0.284234672116
0.393296984596
0.021468284719
0.000043310490
945.359004984089
0.018320701580
0.118451878720
0.000233535019
0.000503577198
9.663276554208
3.562550255348
0.144084975218
0.351201946488
0.590030609451
0.038176820402
0.000059069972
1250.405680727255
0.011338495477
0.077113242140
0.000335198586
0.000731426002
11.481254621266
4.962237470497
0.260145212357
0.973256284263
0.426303963683
0.021333165773
0.000159379204
930.969805991338
0.012857810340
0.153638922411
0.000315258586
0.000570509120
18.381322115543
5.996192824189
0.216469936304
0.742831748846
0.552195871525
0.036382436112
0.000053355822
867.626168426869
0.012021021478
0.152319234360
0.000362646412
0.000459425798
18.258443602239
4.502311900917
0.209860036085
0.451709472100
0.327977155166
0.023971991574
0.000064352880
1321.295168983572
0.014001967822
0.146246144903
0.000247056343
0.000400119823
17.439710746851
4.071525936619
0.175335431240
0.182691324223
0.534622784932
0.024178102235
0.000044876872
834.493793102504
0.013643676149
0.105755444507
0.000285454256
0.000407150599
16.711062151170
4.238162735615
0.157188495332
0.151763408917
0.496957266929
0.021319529879
0.000044770147
841.108526408549
0.014171925718
0.108525658181
0.000307489944
0.000566336321
11.177862676702
4.302033780473
0.164777292041
0.517554880476
0.630959219771
0.035980861380
0.000132100316
1267.157086680191
0.012494279311
0.083793396037
0.000317759368
0.000639642080
13.640843809885
5.534258032383
0.199050373723
0.225568193922
0.379901206345
0.026590750201
0.000036298373
1165.156477382920
0.014844600039
0.116762913585
0.000244292250
0.000622982710
13.112708011929
5.160409423433
0.338439036578
0.283045703985
0.475731723348
0.021334887745
0.000041077319
842.949061433736
0.018012843543
0.113143917949
0.000234358489
0.000595503407
10.923079583903
3.931121650324
0.138108870927
0.416690467062
0.653060878257
0.036627525249
0.000075711105
1196.974911828054
0.011888087807
0.091947749227
0.000291150536
0.000724391701
9.290019648973
3.774635586857
0.149686677390
0.229120700127
0.576411742185
0.036955701919
0.000046128695
1257.246101715275
0.012251292019
0.081202092074
0.000338074693
0.000763618452
19.107789120393
5.375385321390
0.234395896890
0.641844841695
0.350423369084
0.023817834332
0.000064058010
1264.192328184766
0.014318555192
0.145579249940
0.000224811559
0.000541395582
19.119902039460
4.475901243501
0.272395456434
0.317748564509
0.386106755124
0.031152360897
0.000061375523
1238.268479012649
0.016747074281
0.101982371260
0.000304814748
0.000436780572
11.674148959842
3.959268914890
0.163969403730
0.483078516007
0.494420431764
0.029992129615
0.000055369878
1237.444792425928
0.014962721950
0.079418614716
0.000276827794
0.000697951077
9.452831532920
3.993203639476
0.132568704729
0.597138588796
0.706306057514
0.038391206104
0.000101111236
1224.849498404152
0.009260538028
0.075328958694
0.000360087312
0.000777733338
17.622617245443
5.728122031769
0.233810156586
0.605278010553
0.318210286597
0.025152315355
0.000059826020
1293.547147274930
0.015852824859
0.142056278290
0.000227185539
0.000502555888
10.178267564055
3.835972438122
0.170043664381
0.293512417231
0.580847415569
0.034424783761
0.000070462542
1243.100013713362
0.012478710829
0.087100265301
0.000344510821
0.000763536979
10.102323886390
4.528491882927
0.274047058454
0.852826387711
0.335334200354
0.018659342515
0.000129206813
988.641181567785
0.012899584741
0.170760760416
0.000314292183
0.000476726781
11.688085780032
5.068585391580
0.254920223299
0.970328614984
0.457855928365
0.018636268457
0.000160039568
978.592880023588
0.013942641631
0.156545781392
0.000328799409
0.000543750413
13.938019014944
6.983349401963
0.231001580437
0.275070051680
0.248533717922
0.025345643807
0.000039379934
1210.643906176433
0.014928781630
0.118520015659
0.000289299963
0.000574288932
18.578563325583
5.216398959927
0.239037704048
0.432588258117
0.354030276712
0.025867297904
0.000070108352
1275.596730278971
0.016210987879
0.133129710077
0.000245947173
0.000528243611
12.942301994139
5.133542707900
0.343797433348
0.280345656827
0.448969004417
0.021602845735
0.000046941561
914.412388804142
0.016716172306
0.120404529658
0.000263642218
0.000556397003
18.751923169178
6.481828751735
0.161249500567
0.598720983603
0.477079195612
0.041829850897
0.000040367951
797.919407702453
0.011731251933
0.158888674695
0.000375139388
0.000465060599
20.488014394424
6.137719309412
0.137171470854
0.647377059857
0.507643041041
0.038339276666
0.000069226127
870.004090837205
0.009495711869
0.145229952274
0.000337543838
0.000421391079
11.982477656124
3.793877768967
0.154233863802
0.129631406237
0.611058117450
0.034418630945
0.000055150668
1282.963736986271
0.012313944218
0.087985474661
0.000374014104
0.000779058758
17.368983895447
4.485783290443
0.290571183592
0.769432723255
0.236202150776
0.028545540277
0.000067356768
1003.465767392640
0.017068372427
0.161842257733
0.000279015161
0.000665194697
10.620563038941
5.077148527775
0.250987281411
0.907829413298
0.453858175153
0.028338800115
0.000159121926
996.392595664966
0.014157877527
0.159212504453
0.000333856827
0.000530487561
12.332938797228
4.624587497119
0.146394844243
0.626979938536
0.648066236256
0.036761086206
0.000151839909
1319.296480409092
0.013249571647
0.079908594138
0.000325261911
0.000594756112
11.795334404778
4.404424974429
0.186971673983
0.505866510111
0.620159010042
0.036207342743
0.000158501004
1276.095190081530
0.012987442467
0.094410202174
0.000313121736
0.000636319011
12.267951420552
5.216483800796
0.276671301355
0.930707631630
0.408407548995
0.024041575134
0.000169221253
965.448475431381
0.012524217762
0.154706187645
0.000296495582
0.000509122608
13.310013227723
7.315719232311
0.216638486168
0.203323907205
0.254617121954
0.029503928748
0.000032781315
1212.660104425274
0.013241366756
0.125722581946
0.000229725346
0.000541320767
11.100786832617
4.231029922208
0.149598978874
0.452884188058
0.577498052341
0.034125377889
0.000148215445
1306.334109183871
0.011749290324
0.083905425269
0.000308018380
0.000602245507
18.646788226841
4.862167224702
0.250249415774
0.403304459795
0.358349007110
0.028323728764
0.000068845672
1268.497524123127
0.016201555286
0.120672192877
0.000285953358
0.000493886430
18.193504508052
5.375742579749
0.225392800632
0.593132688731
0.318462895453
0.022848791866
0.000073703823
1301.171047020516
0.015075118183
0.151046400047
0.000218989591
0.000509607164
18.591184361474
5.034409915985
0.241649377433
0.460209340504
0.341716264579
0.026254057139
0.000053819931
1279.081138147200
0.015500190891
0.132953912706
0.000266638347
0.000506224595
19.474489832552
4.426757973761
0.280196872718
0.301996609830
0.400160306556
0.034206850728
0.000037930741
1283.171786125165
0.016412300825
0.085957305268
0.000318808362
0.000523954940
16.228255569944
5.023447455221
0.249180278636
0.297113162506
0.588816169094
0.030184627106
0.000048981107
768.882806783139
0.011156702103
0.141055170791
0.000327427813
0.000508177545
12.935729419971
7.383561838617
0.205665301462
0.280651342505
0.236786579616
0.028413068847
0.000046851464
1182.900025946488
0.014363902351
0.126538562814
0.000249965025
0.000586465497
9.161923363133
3.758978264218
0.160710350519
0.273815420189
0.562134559690
0.037761935599
0.000053765760
1276.651041379726
0.010537785415
0.087634939009
0.000354429539
0.000757418520
9.806892792681
3.282279940626
0.226127984584
0.181281547843
0.665212901356
0.037034615314
0.000065604173
1278.676248287946
0.011043085093
0.074948279945
0.000402450783
0.000595290086
8.956334913941
3.345975333919
0.136993671311
0.124630267643
0.610812083152
0.036395408877
0.000033414732
1258.792847490665
0.010874910237
0.086922496931
0.000355977833
0.000827219794
9.762112724123
3.496077214287
0.166761791975
0.215442484471
0.499740063294
0.034916231872
0.000056930969
1258.416160338228
0.011474891341
0.094602164588
0.000333474966
0.000746419481
9.404280132059
3.736586279016
0.160828887299
0.285048358198
0.584503761868
0.036147087393
0.000061017404
1233.108689727658
0.011976916396
0.087997287210
0.000341139253
0.000764020940
19.146114779593
5.796083713012
0.173048674692
0.695050158705
0.478268499380
0.035902062958
0.000073121765
861.596161421069
0.011205125982
0.149114634412
0.000361143745
0.000388027343
11.501289862997
4.679247586201
0.127989404707
0.625535288465
0.726698166261
0.036886900084
0.000176906902
1321.054900371607
0.012179167067
0.091875967720
0.000312456639
0.000627839831
16.704992915409
5.376143984570
0.161629517835
0.373548295312
0.406281766617
0.027030356850
0.000049829661
940.947749260883
0.009683209278
0.106553982422
0.000317467153
0.000467305797
13.425917912271
5.948188376864
0.210497418010
0.093757874043
0.438571052177
0.024513619689
0.000031615036
1095.946179374837
0.018326898033
0.096645775583
0.000234331157
0.000473611883
9.713492646964
3.919448013518
0.189393598595
0.311527921992
0.587399502208
0.035597746176
0.000071596828
1249.498238082000
0.012340892301
0.096321534968
0.000339637689
0.000730022808
10.279476145794
5.042546313657
0.287473221748
0.930957835900
0.288678079837
0.018713381175
0.000183540300
922.184486806365
0.013455543013
0.169077982321
0.000390570352
0.000523809999
17.821955395840
3.518975140966
0.211480926536
0.094781931943
0.515605346206
0.023110209642
0.000040517917
772.559605192182
0.014903526027
0.118041162492
0.000280497203
0.000546120003
8.982725004665
3.371382478570
0.171231877875
0.253610896635
0.596731277804
0.037331055067
0.000062479105
1259.894688001313
0.010838681084
0.082162992117
0.000374307972
0.000796729557
14.991876423704
4.963524689656
0.242394792259
0.302795979138
0.689209243628
0.036436991563
0.000034970577
751.068017851044
0.011732920565
0.141038223031
0.000335721817
0.000405931718
11.515368581902
5.711290094369
0.182174313257
0.909304459786
0.361446039646
0.019489405714
0.000128249178
973.472053161747
0.013547378291
0.164235530520
0.000398446613
0.000502248770
9.195812599285
3.667385615996
0.201908233039
0.373320569345
0.562338830769
0.034481713669
0.000059291446
1229.696052619470
0.013485083788
0.079390989681
0.000320569947
0.000756742978
9.089829419365
3.935805677457
0.166666591809
0.274872833235
0.627440360681
0.035301852394
0.000040102736
1263.815932631394
0.012432562969
0.079839229940
0.000357609208
0.000756724160
19.269169876286
5.442426220214
0.255247590848
0.448705662994
0.380005945381
0.033078789621
0.000049070262
1281.375870394419
0.017014105351
0.103891657368
0.000272379572
0.000456052752
13.047445324851
4.993591502086
0.335538035338
0.283846596710
0.459955122080
0.022446747868
0.000032388529
891.929270025399
0.016459521942
0.123402899935
0.000265798296
0.000533505969
10.111819233285
5.225137521331
0.170678058216
0.417017951204
0.656003047655
0.036453471923
0.000164819821
1271.204488798199
0.011127754740
0.089359669291
0.000357306183
0.000817858993
17.511758549190
4.190512620342
0.173509800504
0.145791449217
0.517045422237
0.023321233279
0.000043655636
834.721612941369
0.013455120958
0.105283321957
0.000284420449
0.000398908983
13.259168453151
5.554776670919
0.258268564749
0.497642691175
0.473901311953
0.024632190688
0.000047220204
884.171729391173
0.016852180174
0.115329338429
0.000262721361
0.000466940206
10.794775054471
6.565969197744
0.204210312625
0.511545286391
0.606800686609
0.036934424640
0.000142525036
1287.344599106109
0.013955284471
0.122277487354
0.000291294468
0.000790831562
9.313323866293
6.301574567997
0.178361681194
0.751525178077
0.740510674901
0.035378374128
0.000179837664
1285.350833678531
0.011974970843
0.161867988173
0.000259660417
0.000796608404
8.974923430632
3.476446629104
0.201804643325
0.220832726413
0.601618568574
0.035274373422
0.000038910487
1217.033374097235
0.011243558333
0.083621613704
0.000333498634
0.000811079759
13.125588266595
7.496275332002
0.220209252953
0.244590112549
0.417029637454
0.029168430171
0.000044949884
1191.702828635200
0.013079626951
0.122406158371
0.000256552234
0.000626922459
18.171758121044
5.207034825342
0.212788062838
0.586512896277
0.325735360975
0.024406083855
0.000071895205
1266.153758496520
0.015214227885
0.143020393439
0.000228568901
0.000511320401
11.347236261789
3.926689412173
0.211173594730
0.382924562865
0.574986334531
0.032286714444
0.000031122602
796.042724327025
0.013790324022
0.120106938133
0.000351111224
0.000615152427
19.433883001131
7.310655929348
0.152679987046
0.316570593272
0.513196190271
0.032632941259
0.000084212107
1371.628583545514
0.018853850342
0.121143845364
0.000177165642
0.000580588857
19.222916620777
7.482770889589
0.156993122446
0.322264525496
0.488711539730
0.033848541545
0.000074825114
1368.302356736186
0.019030567122
0.123640131179
0.000175545110
0.000601607190
12.917711532558
7.378632002510
0.233061787204
0.231282036941
0.270077124526
0.022647717625
0.000043764174
1141.696072449548
0.013945542313
0.115905988156
0.000262167963
0.000683748316
13.823903209787
3.690156243233
0.132838579928
0.197392046647
0.546647697382
0.036431864804
0.000051804631
1225.136099413631
0.010181463928
0.115763722566
0.000351708053
0.000806789977
17.648337321286
4.029236806193
0.159542126880
0.147233155948
0.498754229983
0.021404200554
0.000037525250
849.250336779947
0.013407038090
0.099165138318
0.000287566727
0.000380750064
19.992016512297
5.753851806408
0.165908130713
0.542576114953
0.510714003303
0.036021610639
0.000047398189
923.715706336899
0.011441095444
0.147690764569
0.000376355682
0.000383970078
18.171106537226
4.793519625370
0.291682723695
0.536290377971
0.291558072338
0.031032322224
0.000075352430
1325.183145323504
0.015624754115
0.130525521300
0.000314066252
0.000410990968
10.416701480427
3.773741310727
0.147516306967
0.214238945070
0.626955075391
0.035072826582
0.000051967394
1265.862727062293
0.011405188633
0.085186969274
0.000344928034
0.000771429132
8.926208275817
6.327498306321
0.221167046532
0.820171201243
0.724718963656
0.034297614694
0.000170708015
1249.894851294056
0.011197523176
0.149453679564
0.000236129481
0.000771272305
12.085068552260
6.370272008096
0.241961758058
0.178104735650
0.400358251035
0.023032691157
0.000033968145
1130.758775841939
0.015364249721
0.125227164663
0.000275257949
0.000536826736
11.091478794962
5.150170772030
0.266549890356
0.906798860157
0.418400776869
0.020349321644
0.000178290230
1005.215807821454
0.013539704330
0.157116453035
0.000303458436
0.000523636696
10.248442863870
3.888151209851
0.156676364251
0.369992428181
0.574369963766
0.035742506188
0.000078034981
1263.269610917378
0.012509941546
0.086950248061
0.000333412401
0.000736412305
17.054107827172
4.244081982520
0.195451583728
0.241532607706
0.519011764193
0.025650663323
0.000047333223
811.392840770479
0.013433048285
0.113160833752
0.000300174131
0.000419736518
12.955334309378
5.436483515931
0.311995486295
0.272497240952
0.409105088289
0.024178754533
0.000049507232
856.461974198142
0.015915222868
0.128269969054
0.000271402545
0.000570393355
17.776876308725
4.048554073903
0.156086416381
0.160871846632
0.533482675968
0.023012406084
0.000033857139
869.212209427004
0.014080533549
0.099474366706
0.000237267325
0.000395477211
12.197861132169
7.468989399308
0.200833957117
0.184268910302
0.285390642190
0.026662546376
0.000055248292
1238.915179209590
0.015717908503
0.114876413576
0.000253492225
0.000540971378
12.821761895932
5.157700035573
0.203793861611
0.554420708077
0.363199342355
0.023184361426
0.000041675843
937.612678945471
0.020024375464
0.117603321108
0.000264281949
0.000371860350
18.713130733145
5.366383892988
0.266592191468
0.493700271187
0.376822937715
0.025507350248
0.000065207678
1221.611131853663
0.015325231419
0.123730970861
0.000289766548
0.000520209947
9.619975690829
3.828676158449
0.168788568043
0.328794185797
0.598485068514
0.035428371032
0.000052749363
1226.069175766384
0.011955982622
0.084773651344
0.000350138570
0.000747490639
12.705751737708
3.853843056821
0.133662239478
0.501125598238
0.557695674222
0.038903076071
0.000073378785
1251.306300168350
0.010132645759
0.085899263569
0.000358221976
0.000686239777
18.534571845145
5.039868860287
0.218939265521
0.534120572506
0.333692302874
0.025397356741
0.000053105468
1276.672995786390
0.015524803699
0.134007448829
0.000248623123
0.000482168735
10.194180958168
3.487071798941
0.171636230578
0.406877001644
0.747696873218
0.036401637535
0.000065769159
1199.947995073821
0.010434993491
0.111264574589
0.000312211474
0.000774412395
12.341563559710
5.295097904809
0.205345437750
0.428892221489
0.645559627933
0.027464512765
0.000099587587
1296.581238138313
0.013215793092
0.095714669538
0.000274714476
0.000642812170
13.393695804719
6.056197671633
0.270788719224
0.566966680160
0.475375903878
0.024645272253
0.000051374832
818.355191862347
0.016324937266
0.115829409304
0.000257665280
0.000388867136
18.931541708598
5.160138000376
0.229349291496
0.510369589960
0.321042906338
0.025954979000
0.000075892423
1275.797010413623
0.016723774167
0.139373255337
0.000242006901
0.000464653489
14.339242450103
4.192638131293
0.172037112153
0.488791382424
0.623818928220
0.041163898902
0.000070191178
1189.637678761819
0.010079098733
0.083018779227
0.000340099986
0.000758209827
19.487920038603
4.767797945083
0.310334651237
0.160429652599
0.421834355072
0.028339001345
0.000036470059
1268.220354280357
0.019208026183
0.111743584879
0.000346507835
0.000401071851
10.934626723813
4.572035999597
0.150290758144
0.505812336052
0.639137176760
0.036089467342
0.000145006965
1268.055069698108
0.013182115487
0.077761472105
0.000308695636
0.000630522716
19.053537005766
4.550645148634
0.254466969800
0.387362814486
0.335917841051
0.029199487580
0.000048726289
1264.541721516055
0.016303260577
0.106905627850
0.000299824629
0.000444835326
18.417437956268
4.264536031520
0.208721749328
0.188580390625
0.440073908565
0.019396514501
0.000038910419
817.363695052497
0.015638055791
0.096651525606
0.000344403872
0.000372457300
10.087576077669
3.607457233169
0.160549311668
0.319568693149
0.589721777684
0.036637667240
0.000057569953
1239.503450556432
0.012913647219
0.089344948750
0.000333780531
0.000773911029
10.934609724846
3.848411244950
0.195990466108
0.563603003974
0.702670816734
0.040218758914
0.000142685666
1227.704792926011
0.011037712080
0.099395350858
0.000334622849
0.000650108602
9.262750045779
3.482376755860
0.219147133780
0.280436616122
0.470953153030
0.032957609931
0.000052091727
1217.162859555674
0.010996599912
0.106331602993
0.000306283360
0.000732255057
18.798750526372
3.682062344607
0.232861086907
0.390663396427
0.426239828904
0.027815253755
0.000050614859
1367.411319103369
0.019591899843
0.107426484926
0.000332237575
0.000427408823
19.269485579557
5.466406554218
0.184226098181
0.746239256160
0.529331984621
0.033256458268
0.000121236617
853.180611959871
0.012884406583
0.138117023560
0.000322220055
0.000470852375
9.196119548033
4.637583986148
0.207808369785
0.507906677020
0.624576866431
0.034831774810
0.000143861010
1187.181235183117
0.011342390449
0.085125585053
0.000332289079
0.000584310864
19.246235793382
5.630834499170
0.186556877550
0.735761903985
0.502168815648
0.032418964867
0.000117259145
841.964907484813
0.012474915369
0.126863077016
0.000295747995
0.000460104185
17.572866309943
4.206993151536
0.169998324025
0.137560698713
0.504083379124
0.022427463126
0.000034531159
817.305295197125
0.014313766348
0.108472301918
0.000298930260
0.000382561378
9.521207818852
4.208251185103
0.126561766439
0.541887684952
0.561245512721
0.039866834691
0.000160913286
1230.557844912104
0.009330690450
0.086004897946
0.000361094280
0.000739480001
11.092385160323
4.680352832386
0.141574499129
0.677436843261
0.708926942725
0.041050973290
0.000156063720
1277.297289746646
0.012534061415
0.118279233731
0.000347941039
0.000660232779
18.362121801911
5.288201285020
0.218494680841
0.556813122955
0.344018466175
0.025420763176
0.000074768911
1353.905881089454
0.016150631304
0.137629469244
0.000235545969
0.000432900852
16.365420705138
4.380337002721
0.219636527160
0.314865457968
0.593004348001
0.033109629249
0.000035888019
713.519856293458
0.013268964034
0.135100920716
0.000310442844
0.000380445418
19.258371842245
5.475581659378
0.182444958448
0.735702126193
0.541683794274
0.032577910954
0.000112860333
868.299744439651
0.012502948973
0.139586442782
0.000318885901
0.000465738490
16.480602638075
4.519715271293
0.261060400707
0.182829350012
0.700140314999
0.032048417923
0.000052848112
781.161514634576
0.011345161880
0.134890807309
0.000319444716
0.000411943972
17.441086885311
4.350701501971
0.223539471664
0.230680969796
0.619738979780
0.024684126733
0.000041484593
847.177222908868
0.012798281955
0.130880037283
0.000289771238
0.000453542451
12.541335721846
4.249610568428
0.183018167861
0.572636810982
0.585432060828
0.037169187047
0.000137232169
1250.656785012611
0.012996202908
0.092954174267
0.000298860890
0.000677515414
11.200150188419
5.208921106123
0.272336316855
0.877618423622
0.436817364790
0.019367907672
0.000176986232
954.214858856672
0.012963625206
0.155713033803
0.000331961925
0.000519051277
13.043701041177
5.821693176053
0.242875325307
0.524130327619
0.466450522861
0.024971137924
0.000044028622
899.413601285153
0.017168942323
0.112187269991
0.000280596334
0.000488864544
14.189315821039
3.549572671012
0.158252594301
0.096940889071
0.600670156176
0.035822993508
0.000032251309
1221.659371970036
0.011632964946
0.074464123980
0.000335785273
0.000824382981
17.503717000819
4.691657801986
0.125166628660
0.270106705152
0.490145321141
0.030391530967
0.000044234594
767.496789569965
0.014561581651
0.116423857694
0.000349780192
0.000375028694
17.238026869230
3.836131773241
0.168154099400
0.167006137891
0.586103861994
0.024845634073
0.000047978995
826.154587437462
0.012461479706
0.107693038745
0.000300113258
0.000582812947
9.658344970774
3.827533578262
0.163683588370
0.301146362741
0.579691932288
0.036166044337
0.000064378673
1245.000381576816
0.012011397976
0.086702306399
0.000337923783
0.000754729040
18.296607181369
5.277426989717
0.269081295221
0.113737357009
0.621672597518
0.034967646868
0.000031365008
781.442312289404
0.011839624288
0.151307185421
0.000380149271
0.000366835761
12.094466970774
4.953018558142
0.235100570511
0.460806125709
0.498838498303
0.025352664281
0.000048290448
910.634582073692
0.017245826832
0.134598229469
0.000295543104
0.000476227509
19.600441200392
4.923446374948
0.165106159080
0.598655509113
0.588855870613
0.031832728142
0.000126104896
854.920799666389
0.011744715709
0.119830436019
0.000288205524
0.000465370442
19.791494723305
5.127153146103
0.264390808340
0.453294218641
0.312502402660
0.021546975386
0.000070795066
1338.105459434066
0.014458523099
0.154351871744
0.000231703300
0.000543172079
10.257838835485
4.494471712357
0.153620362096
0.461873183105
0.640965202479
0.037412169659
0.000126651028
1222.519536537434
0.012221546873
0.087387703140
0.000335446931
0.000660262904
12.663617912615
7.556390513944
0.257904641256
0.234393793337
0.285141333259
0.027382057930
0.000048824832
1293.858777326590
0.013521954007
0.110058491727
0.000231715921
0.000636199490
19.414596900112
7.534442042027
0.130229579370
0.385655315046
0.504768387210
0.034073038052
0.000071968761
1114.062196628219
0.020255626293
0.109673744024
0.000201306132
0.000555680757
12.299584216148
4.854680554077
0.159773852694
0.609030861048
0.592792216632
0.034066023439
0.000130907600
1280.207950529943
0.011671210244
0.082530474323
0.000341591876
0.000657217798
15.798251704421
4.075932161510
0.230618995933
0.383639161781
0.749835738176
0.036187281224
0.000046941264
702.065507677466
0.010425140092
0.157942171674
0.000338952414
0.000408457768
9.608031779579
3.963588035569
0.165763322492
0.282057094650
0.556249679192
0.034736386702
0.000063616391
1247.228316554533
0.012064111004
0.090204258871
0.000332151234
0.000757428833
18.577301900700
6.006445211270
0.195147742758
0.785389778019
0.444150651991
0.036677404210
0.000158143254
792.573437050066
0.014162202541
0.123441496827
0.000323132552
0.000519780963
16.191158387663
3.553567960263
0.223458629103
0.188167681349
0.506488495926
0.035228122826
0.000041454638
755.566115358617
0.013771924721
0.119601546684
0.000306587304
0.000414592087
12.118481002952
5.270118011377
0.251138526508
0.933063748092
0.368473578714
0.019068744163
0.000166049328
917.121553107261
0.014147228768
0.166007028134
0.000346064430
0.000594114571
9.913931185184
3.598301281037
0.122063405381
0.148833144301
0.561521040286
0.036886027453
0.000036641388
1319.450876128565
0.014278285275
0.102758047042
0.000294874346
0.000643498984
10.552688567075
4.232991378680
0.241917694954
0.380843277213
0.713367046093
0.035558132280
0.000047227746
1269.511128738156
0.009576675378
0.121632653866
0.000387128303
0.000827035261
19.120729422202
4.251211612615
0.244661852555
0.346526969898
0.371566972342
0.030124837836
0.000049395808
1294.369330694122
0.018188198024
0.122051220445
0.000325765523
0.000473735078
9.732163420811
6.055595184572
0.150462613149
0.789545998894
0.639581978854
0.032642571172
0.000193599621
1200.548183742801
0.015476498234
0.158010655164
0.000291011622
0.000794797958
9.832566445135
5.157530579825
0.233858382076
0.872603634729
0.462838022810
0.026578163963
0.000140606922
1021.336061125139
0.012921060061
0.163090571159
0.000306641226
0.000603977667
10.717964409053
4.330478303224
0.144605916220
0.309364563737
0.627893491648
0.030665429012
0.000067288694
1302.355485730704
0.012934241343
0.085654146033
0.000338786065
0.000701114770
9.562155470477
3.635229882273
0.176985842262
0.430891075616
0.577905105494
0.035924077611
0.000062879205
1198.349608141389
0.010000760817
0.078688802317
0.000383065644
0.000780859216
9.685537056405
3.796418997052
0.163475476109
0.297787387696
0.581667703157
0.036008359435
0.000066213351
1249.947368110179
0.012079589281
0.086933456233
0.000338108779
0.000753043933
16.929501823285
4.283358363358
0.186713465334
0.144817648129
0.598915449401
0.026612403056
0.000037938468
914.024426551049
0.013696606510
0.101750874929
0.000227956757
0.000467863476
11.213389308949
3.959828103457
0.196441197449
0.347377769046
0.546448461497
0.030912524714
0.000054312381
1240.788911365468
0.013136643104
0.110458373597
0.000290315406
0.000658653503
12.986475304026
7.267463450491
0.202102157775
0.329722499343
0.262853359465
0.029765054772
0.000059775860
1161.661240694354
0.013659898868
0.117236712188
0.000257632616
0.000593966665
18.978541476772
6.631048198023
0.146710383929
0.851157125464
0.587069622729
0.035371001971
0.000115292594
832.895533612134
0.009710143602
0.164728072315
0.000402238780
0.000566606720
19.059278892830
5.355881204478
0.185920245264
0.763645962933
0.538220154597
0.029844893112
0.000129082855
870.392162370552
0.013773423764
0.138489799832
0.000315462253
0.000465123185
19.313262876370
7.021204422262
0.197504224329
0.400972524294
0.480331934865
0.035089019221
0.000085364361
1376.104509989846
0.018409714870
0.118656546347
0.000226528881
0.000553383673
18.062694929507
5.440525233560
0.197738575679
0.855270753978
0.513691654570
0.032638195248
0.000132507250
805.502667213354
0.014815612230
0.132980863601
0.000315250636
0.000502394260
9.721984285947
3.876815835334
0.169763052643
0.126988323145
0.564343890998
0.034385272083
0.000031768997
1206.331301240617
0.010119785351
0.080626609562
0.000346071026
0.000808422291
17.869270271829
4.618191854847
0.264925409964
0.443528253617
0.368942276222
0.019413013352
0.000056494472
1399.867347824730
0.016678816864
0.130361048106
0.000310638829
0.000579891718
12.776925456890
7.407100901235
0.196004274737
0.263119329158
0.369927298947
0.027796890270
0.000050906925
1212.290345869349
0.014400379216
0.123595676144
0.000253749285
0.000593026504
11.388330896228
4.165172270474
0.206991486147
0.287318308657
0.571003682099
0.034442092935
0.000046752992
1302.471902480391
0.011159401510
0.103764687081
0.000338128182
0.000801242278
19.335673577843
5.679771485371
0.164545939630
0.694248685019
0.553198771946
0.034852419924
0.000071004022
883.624631608317
0.011936099152
0.145110631934
0.000325842454
0.000415712822
13.709215533917
4.341286580988
0.366340673097
0.157569589477
0.430957300979
0.024203915396
0.000027086082
904.799650681804
0.017728396086
0.096518540232
0.000225380201
0.000474680884
19.422664871356
5.562042310708
0.149393789441
0.688118189254
0.543634756658
0.038316451267
0.000078988237
906.160744070923
0.011453050296
0.145796704712
0.000362481586
0.000417528194
19.288740975412
4.678897570125
0.269573361524
0.364404283028
0.310811914229
0.029609121256
0.000059690595
1254.032531874083
0.018379817739
0.108170728778
0.000299598921
0.000451088156
11.069813678432
3.670317856478
0.151839529972
0.191079205036
0.591364921788
0.038818207488
0.000058398765
1246.987792693710
0.012557051450
0.077687720548
0.000358162349
0.000664566216
18.806413407316
5.062041954192
0.270570838498
0.431707477260
0.346789462286
0.032891624537
0.000065824800
1181.654863149854
0.018572291338
0.131077801404
0.000245238431
0.000531388618
13.593342473134
5.300823244255
0.168417195649
0.252076854154
0.593660873787
0.034734808564
0.000035804461
1216.226442597387
0.012018242331
0.104696385034
0.000321994812
0.000666286129
10.893043131904
5.954451126318
0.213495640580
0.666900092758
0.475407452342
0.019055226876
0.000135042400
879.387858953474
0.013794603024
0.161012784895
0.000395649951
0.000670359403
19.459819558566
5.959689737213
0.158959709825
0.700094333611
0.471051341087
0.038845690688
0.000053900199
868.534958172122
0.011131350206
0.151129218083
0.000374656222
0.000484850487
18.502417172274
5.223823458876
0.245093050372
0.595497872104
0.293941801291
0.024214864202
0.000048922723
1258.550907062743
0.016366971786
0.128808983152
0.000218693444
0.000464254783
12.949246599385
3.533950955829
0.143537079402
0.457076496017
0.519418738826
0.035054799061
0.000053267702
1261.481534649302
0.011320354595
0.102384748558
0.000310162329
0.000748460042
10.200761582329
4.380466171500
0.138467661623
0.483647716799
0.617295232154
0.039310480816
0.000135294051
1256.872137342898
0.010886507709
0.098015469898
0.000323894000
0.000657157003
12.707584483385
3.320788925467
0.124562918707
0.218609258333
0.590170583626
0.040221996215
0.000065655452
1278.126947830156
0.010114033408
0.085511124557
0.000352684763
0.000827924724
13.689018359408
4.695224582721
0.142215520579
0.564939725031
0.642704384452
0.028618929218
0.000145013934
1284.624072191741
0.015863324613
0.093047431781
0.000248297758
0.000478389000
19.274290828079
4.646263403608
0.267615375528
0.324141473421
0.385415184156
0.030027707322
0.000064236116
1250.369451515172
0.016829545265
0.111290307053
0.000316184283
0.000486130788
19.296079542686
4.697427937077
0.256125045997
0.307054195432
0.525358461053
0.030878773308
0.000059630578
1300.887831184887
0.018643877306
0.100314099092
0.000347979501
0.000583354225
10.200353794794
3.826076057906
0.168809228939
0.312913143005
0.596926144784
0.035397683684
0.000064630455
1253.102687053791
0.011739897793
0.088375645337
0.000343994565
0.000749891542
19.353236056824
7.464442673042
0.155357089395
0.345763139742
0.497754770905
0.036067938215
0.000047617094
1387.032780303784
0.019138931895
0.107689650447
0.000176494043
0.000610879720
17.652437933838
3.758459531405
0.136368660567
0.105751303497
0.540741951546
0.021707173100
0.000027539360
869.144995244866
0.015473225358
0.100778070809
0.000262674844
0.000448724756
13.685729317705
5.974326396243
0.246095370546
0.486052981544
0.478915238732
0.021644059867
0.000047942826
849.286466738276
0.016373971695
0.110074128552
0.000243671101
0.000421252614
11.560606886987
4.383490356630
0.162038366065
0.591584180376
0.667804737116
0.039417877283
0.000201635003
1329.525021509334
0.012810799694
0.081530833407
0.000329297373
0.000551110968
18.031870303880
5.268392199103
0.229301987092
0.561241523592
0.268180673203
0.024169520920
0.000059473380
1254.950635069659
0.015589422048
0.149121156855
0.000243466319
0.000486409228
18.398663274587
4.580870212927
0.160984839262
0.157456778154
0.422718414643
0.019987785348
0.000041961962
796.967856966796
0.012473332595
0.087320970599
0.000274413225
0.000562029223
12.313827402333
4.984580846637
0.240127764115
0.493645604699
0.420380561869
0.031935435276
0.000055366287
831.370481310892
0.014394181503
0.137155224605
0.000318705612
0.000548396728
9.614473393990
3.832916702173
0.184039311156
0.246523978116
0.590960733092
0.036532523909
0.000052810560
1239.673703731945
0.010739509642
0.084082234198
0.000330920079
0.000685180191
14.040583432404
3.798625958496
0.174908996087
0.231098526314
0.578551184803
0.035914837061
0.000047259080
1267.177701649763
0.011888823714
0.083339920131
0.000349731816
0.000787274991
18.325079518769
4.965126843061
0.235825383426
0.457620593855
0.341390380926
0.026113939121
0.000072038958
1273.795098682556
0.016240078216
0.127811159946
0.000274233450
0.000497531587
16.913922466424
4.515553227056
0.205922128023
0.335937488646
0.556440601347
0.029356808656
0.000048840994
799.969064808152
0.013404699607
0.126405310620
0.000302185486
0.000440685864
16.433771265962
5.059881292226
0.205655601506
0.387004537915
0.675321048507
0.038750856287
0.000042920316
629.049261538170
0.011764025268
0.140392451460
0.000311001802
0.000390633081
13.183182388610
7.434562066167
0.257160444960
0.297242688750
0.434013540434
0.031207111619
0.000049470424
1133.103465888333
0.015788898659
0.135118660979
0.000233351465
0.000525270873
16.888365889425
5.064443536766
0.261279328783
0.294062165244
0.599151385490
0.033810376111
0.000051917819
883.737077974457
0.012115856098
0.153886959540
0.000314629758
0.000453995363
10.445661122721
3.996347425193
0.168563106740
0.268496126427
0.568466365592
0.038056645045
0.000068066200
1252.239373734473
0.011754277160
0.083514445764
0.000346342870
0.000774797168
9.497478522637
3.662693899088
0.266426668351
0.299905226105
0.590421464913
0.033986889980
0.000059397998
1184.415012680296
0.014039439616
0.085015673699
0.000289095430
0.000754401297
19.989715765950
7.146175070638
0.152125028788
0.240336008873
0.418960648973
0.025103903663
0.000039630628
1298.131626238177
0.017322752301
0.138975914466
0.000199879854
0.000536048613
14.367561322128
3.585093095836
0.148384729699
0.174955033333
0.595756575708
0.036802195270
0.000048692171
1264.591271433995
0.010707715151
0.115300471879
0.000314324842
0.000795833194
11.446430433004
4.560129152219
0.148751554907
0.566651599342
0.632773597223
0.035844508297
0.000153468266
1271.982082981199
0.012769619625
0.080153333656
0.000315327859
0.000630020923
18.753542521393
5.046661996735
0.228055680230
0.493749810497
0.340615088824
0.025159376223
0.000065775668
1233.132785261423
0.015552437857
0.137469679490
0.000236193917
0.000515661137
10.142687444932
4.480245361340
0.138530679615
0.632537008280
0.541916793048
0.038632819160
0.000125391128
1285.583752920097
0.011430341094
0.090072331971
0.000353668717
0.000567674312
9.886144121884
3.946600276607
0.169907692417
0.322060788600
0.578202050175
0.035186176263
0.000067639300
1255.520482722349
0.011960487882
0.090716376157
0.000337392008
0.000730659908
16.728863219361
4.986210766987
0.236045272050
0.307857630593
0.717106722500
0.027320621676
0.000029569711
706.926180491312
0.010320747425
0.141233210094
0.000309572187
0.000391061414
13.209414817386
3.894564759051
0.159094177580
0.500487675266
0.540661947760
0.034359676778
0.000144511669
1303.730903265512
0.012935478863
0.098834351293
0.000260401231
0.000596078318
12.863569697589
4.691570912870
0.255622765697
0.458978537300
0.464374878810
0.026124827474
0.000044578300
933.948237648469
0.017351888108
0.131541089036
0.000293959121
0.000459551589
17.107686871146
4.642101484991
0.202264589822
0.197753057149
0.547909820504
0.029642946822
0.000040840386
783.358335908617
0.012734781222
0.119133896906
0.000328691981
0.000436478278
19.281881782362
5.017608836559
0.241250019044
0.357853538493
0.345199938932
0.029004573607
0.000066835217
1265.776368169252
0.017065669023
0.122494300810
0.000282206789
0.000439706622
18.863710286057
4.463248670640
0.193048233129
0.517597522759
0.342928225307
0.022609437105
0.000065563234
1308.261495212737
0.014271554339
0.128798216501
0.000254803295
0.000502826680
9.648488392781
3.786906744713
0.174516263164
0.289323456041
0.569241762116
0.036540497836
0.000062239574
1245.800787399329
0.012322307158
0.091697015116
0.000335809563
0.000762478047
12.004170094285
3.357302482683
0.141122734028
0.149006907724
0.622726413702
0.036493440244
0.000038224324
1218.829258195541
0.011700294228
0.090932118280
0.000382141988
0.000817850356
13.326662559057
7.393677336724
0.257911356902
0.167986526989
0.476540318462
0.021834531436
0.000046798341
1241.387140955512
0.015371586699
0.112991840063
0.000311410916
0.000549040286
18.781847554736
4.736031151613
0.253112902949
0.387662587220
0.343453730857
0.028195555953
0.000045630487
1251.832637651874
0.016898153368
0.124913036349
0.000273950929
0.000494010585
19.816925993227
4.194373243933
0.303539645153
0.147193917928
0.437470581191
0.034924966268
0.000045201270
1244.523133589175
0.017979261512
0.086023131918
0.000371767712
0.000451163271
12.461567684908
5.009216133836
0.227458943486
0.953039246673
0.323489046137
0.018979195538
0.000143317843
1003.614015619191
0.014887799832
0.170395773366
0.000393812694
0.000554079321
11.010020397798
4.037558355641
0.176670335489
0.418891747471
0.618133949048
0.034758261070
0.000078660657
1210.592836338528
0.011901272070
0.084417740987
0.000339511364
0.000680087926
17.399291190460
4.281263916083
0.181801923296
0.188910277292
0.532082980342
0.024816951646
0.000049141930
828.761343722316
0.013605288547
0.111262529975
0.000286687009
0.000407478254
17.795416956992
4.504450327056
0.205645997819
0.216699707740
0.517050202510
0.025430174539
0.000037771520
859.175248298782
0.013815626171
0.125911901839
0.000309794043
0.000406656359
18.829616490314
4.345592274930
0.317704465772
0.461460912955
0.307756491582
0.029809140769
0.000044130200
1295.497507243236
0.017834267531
0.138162116107
0.000256674466
0.000529760317
11.257980058932
5.636664296569
0.249998824792
0.972777344367
0.324364141995
0.025285058289
0.000154200248
973.089050970392
0.012152568652
0.160641522105
0.000368741151
0.000623403914
18.673806254286
4.824979072531
0.227598123289
0.591853536507
0.240302456176
0.024368484663
0.000063963929
1321.987170488934
0.014722785793
0.155984552960
0.000227270613
0.000494522595
10.704576826589
4.444720249737
0.144925052296
0.507583690181
0.624235378583
0.036229671740
0.000141894930
1248.385351606666
0.012476167954
0.082623416288
0.000319953847
0.000631824590
19.435351926472
4.603892062304
0.267746163934
0.213537856425
0.433815434225
0.034159360264
0.000049917581
1240.417292979798
0.016600657053
0.090006027349
0.000354937923
0.000426701034
17.225518798641
4.517077954167
0.175958361796
0.248656541732
0.497507405303
0.031209352812
0.000045240574
835.596485970255
0.011872749150
0.126735689450
0.000296790653
0.000437716992
10.151031960466
4.049707088714
0.159845142312
0.386997823943
0.588118761337
0.035790446671
0.000076734419
1240.162893938211
0.012077162996
0.084110960906
0.000324283654
0.000721422739
19.046756640710
5.587203127994
0.178324042032
0.813768960961
0.528271260641
0.034519992597
0.000131915946
837.876285653067
0.013068884246
0.141792154262
0.000315540512
0.000496267936
18.930458574876
4.713874655870
0.261258971510
0.364284738041
0.370983385470
0.029453901890
0.000059980084
1256.534164702966
0.016767744565
0.115322516516
0.000298093508
0.000482671412
11.689214747782
3.265758834529
0.136413206390
0.498943717080
0.624439761650
0.034322372257
0.000054320168
1258.544159595644
0.011914467099
0.091360641662
0.000331494431
0.000816904156
14.023448795853
7.080091439677
0.268908951984
0.427724085606
0.367145424117
0.023606908135
0.000063501607
1214.960106361471
0.013211242569
0.140578731918
0.000243861757
0.000627610893
9.482198648664
3.694878183275
0.164471836479
0.257255372339
0.571132406221
0.035932506002
0.000054456461
1243.828835368981
0.011945326705
0.087528035520
0.000341146092
0.000773424562
14.374581141071
4.088526090482
0.237134624133
0.595159600131
0.471306820579
0.027378396974
0.000086900363
1247.165222382598
0.010528288868
0.102882575376
0.000309825310
0.000594352885
11.580246864530
4.915082417992
0.212149560532
0.599718405065
0.623983212310
0.036172774587
0.000182652921
1275.585301997296
0.014584919554
0.103489705864
0.000302495677
0.000537132393
15.958738820853
4.822971217345
0.243292172709
0.322911876030
0.648788642602
0.034802107394
0.000032621580
671.657314987952
0.013186884701
0.140464164226
0.000309471675
0.000410008507
17.852940025160
4.159593186442
0.176186670754
0.170950962836
0.524808604969
0.024023133286
0.000050314342
826.804410380097
0.013654919582
0.103992493320
0.000283530756
0.000424748337
10.652176496601
4.465847376872
0.163146994979
0.530276836868
0.611083555037
0.036512293813
0.000141918182
1291.576412597410
0.012146292199
0.080488249587
0.000314397680
0.000654828722
20.608504328626
4.448700526073
0.212970083513
0.482179225251
0.315974359781
0.028203375832
0.000045258171
1312.002345819900
0.017898361426
0.138800678503
0.000278061542
0.000394512868
12.403204820715
3.654386998588
0.166859259188
0.238756458335
0.573057499502
0.035410534116
0.000039302043
1249.857571530794
0.011605207733
0.082188765542
0.000344342031
0.000789230906
19.508523153114
4.995417396643
0.302745563779
0.360472191210
0.343872772106
0.027455767028
0.000052763566
1194.360504234309
0.015972176735
0.143725386384
0.000212778400
0.000452675257
9.569689250033
3.723561013627
0.190488938006
0.201209720744
0.648953726435
0.033340034558
0.000046239401
1271.038472380701
0.009691862837
0.093774307036
0.000292919755
0.000702595547
10.913116127176
3.315685586103
0.157730252650
0.464116188829
0.557228242795
0.035905802577
0.000049428316
1343.706395004526
0.008914361163
0.078126372946
0.000349289029
0.000813656800
12.361586125848
4.755397788508
0.194280151294
0.574221699270
0.612599107626
0.032237101726
0.000153627404
1271.274559698166
0.013088035162
0.092966674447
0.000307130818
0.000682656158
17.135548354311
4.454654365249
0.253463533112
0.541276785065
0.582433861313
0.027237785926
0.000044155743
782.362330043558
0.009721418609
0.109226769975
0.000367610924
0.000520066686
10.077839300857
3.765384686543
0.141054051196
0.371134551489
0.595025733920
0.036319661072
0.000074537204
1250.574186890019
0.011803395896
0.078532595680
0.000331007332
0.000759517952
19.262733024789
4.489635667877
0.237849439870
0.456196595308
0.301160793770
0.033448555041
0.000047529846
1263.349066206871
0.019360464306
0.118248380022
0.000340450424
0.000500674576
9.089631262344
3.629018449239
0.129954645410
0.382312975615
0.608198682338
0.037559008075
0.000054890388
1259.184341443860
0.010738988982
0.083788174378
0.000380899922
0.000722614948
12.025643178371
5.254443857438
0.235571313501
0.490976181346
0.510433904865
0.025564189856
0.000059591466
884.145858951052
0.015953600399
0.119281774591
0.000291085798
0.000505018681
16.461931006479
4.988505017600
0.283711901087
0.761297627204
0.372092704690
0.023999466169
0.000065781333
1308.082875607533
0.013734712169
0.142991442787
0.000263174203
0.000478283848
9.931879905532
3.553884951664
0.162217023221
0.385977528941
0.619972736482
0.039357768176
0.000063161190
1256.536611367938
0.010885609144
0.086958062417
0.000346926356
0.000768671468
11.039920682536
5.075483660255
0.303132419026
0.927375254576
0.301768082275
0.025627889190
0.000127857016
1127.135030482600
0.011812271710
0.165071519012
0.000363256253
0.000517599938
9.264612469781
3.770593902449
0.163525081519
0.224579938585
0.562110506252
0.037970075620
0.000051328025
1231.482898884211
0.010943399679
0.077521770221
0.000341687474
0.000759326524
13.022719221325
6.031887283844
0.170733874160
0.203839198330
0.478335582487
0.027004336659
0.000037427533
1268.188740374377
0.012956411859
0.108505538329
0.000284503372
0.000669252804
19.092212762447
7.290834942148
0.167579904680
0.202490700397
0.562166330930
0.035123803344
0.000073297345
1353.916603826864
0.019662736757
0.108303779287
0.000181383092
0.000498428023
18.269495516061
3.888238341843
0.135290343364
0.120299040245
0.487275818511
0.018439161985
0.000043163949
901.051767728682
0.014348070184
0.098738354395
0.000271608387
0.000406974597
11.756971910457
3.464447140848
0.165463654624
0.516011966836
0.522049039810
0.036018869102
0.000049194057
1221.082505122969
0.011566683285
0.090829746076
0.000363052129
0.000646315102
9.674639719881
6.451493519650
0.218001346868
0.549953234929
0.720009822828
0.034417272237
0.000170208973
1271.963507373528
0.011952982303
0.152406867412
0.000241341996
0.000771918381
14.265587442096
5.740978029348
0.237744439890
0.399064758608
0.382496495501
0.027725264082
0.000032867793
862.652696737973
0.018283453369
0.103784805003
0.000290153181
0.000520839865
19.336636303999
5.196502790086
0.175437992047
0.550202223950
0.685350108345
0.026032952304
0.000139126339
955.709774505829
0.013346537737
0.132601410060
0.000265095077
0.000488665974
17.935713751823
5.304053827297
0.171815154251
0.719744736619
0.388558748833
0.037234124664
0.000139951286
1192.767393301183
0.011651289974
0.155792082616
0.000323239411
0.000487216607
10.818464977126
4.518691885185
0.144060900978
0.210580866461
0.561349111019
0.037910757965
0.000058827425
1237.145463719695
0.012020584406
0.092988783664
0.000352832979
0.000770473959
10.238783149964
4.256090149545
0.135591525851
0.210468426501
0.571317387509
0.036484818349
0.000061348792
1245.843262997600
0.012415238024
0.075986866270
0.000348883612
0.000790474669
19.463342564893
5.525155909374
0.182008214008
0.705934828014
0.557458699634
0.031989501102
0.000082070370
917.310364903092
0.011977524751
0.140658095177
0.000339864721
0.000389499812
18.844268857447
6.319338016401
0.132697427585
0.895670218749
0.600566460239
0.029745707312
0.000127157209
961.607478533448
0.012854449429
0.150929356644
0.000308360295
0.000432341645
9.133827723197
3.656742246954
0.162366065810
0.469693697688
0.588660951936
0.038515662405
0.000126617835
1254.562445758905
0.009650681698
0.116976403271
0.000355348120
0.000765321937
17.549331509776
4.040032796386
0.124489434871
0.106952153664
0.474052230419
0.018367201777
0.000043472344
876.043580022935
0.013349803670
0.105358785393
0.000263102593
0.000386502526
20.364836431456
3.546026654906
0.275833065695
0.454538483350
0.425196409782
0.036434088623
0.000079566691
1315.101462190799
0.018272083400
0.108415204767
0.000293196019
0.000453749252
18.541630870278
4.646456049717
0.225250701115
0.453780847776
0.337896205541
0.028658799954
0.000049213676
1346.100616029895
0.015086122049
0.129314276926
0.000274060542
0.000427045438
20.339953088322
3.831814657944
0.249305840672
0.269546216076
0.404822024254
0.035139708679
0.000068308137
1340.871440994038
0.016783851004
0.077542543698
0.000365290098
0.000375766601
19.544960805669
4.791928798448
0.274875399140
0.276964170506
0.446536300712
0.031255684731
0.000061873323
1245.109255375749
0.015694052108
0.095835649318
0.000333152563
0.000475996762
10.224673201424
3.888114043355
0.170033798463
0.178774509920
0.599884761178
0.036616585424
0.000043456158
1275.659935371776
0.011938350493
0.085446720350
0.000372603523
0.000811524967
19.261092332362
4.512004498388
0.314963815182
0.172648955303
0.441868661819
0.034681290789
0.000043263424
1260.120089075760
0.017545414920
0.080999960281
0.000375505093
0.000459785431
18.957105880310
5.210485262631
0.203484328999
0.930598766766
0.532634473933
0.038114482349
0.000119079563
855.538766311558
0.013202045005
0.149920806361
0.000368997044
0.000415565166
11.160704839572
6.246574175955
0.270287759474
0.936321256033
0.451361529391
0.020794993468
0.000144929246
947.262549094702
0.010868588166
0.171736142404
0.000265591989
0.000696515309
10.326126395423
4.273804289113
0.154355490278
0.356180366244
0.611496788150
0.038405478399
0.000069583811
1255.544160321550
0.010053654921
0.087455348233
0.000363449233
0.000604025585
10.506661331073
4.642961992245
0.123608281781
0.239758096561
0.535713266092
0.039628586215
0.000055911081
1265.036981911330
0.012302583008
0.092488378764
0.000391942741
0.000784618562
11.243460931830
4.318963128048
0.140373936612
0.319573551058
0.654805382394
0.039079408208
0.000066520381
1304.128535373706
0.011265492220
0.101313339584
0.000333765813
0.000769780979
10.399535513532
4.300955143358
0.159288520528
0.203209921443
0.559755618130
0.037297459297
0.000047542489
1236.676554456386
0.012343699917
0.089418439938
0.000357688397
0.000773813662
14.386668109597
5.007910674682
0.205778291828
0.393324649258
0.335429777757
0.035773110071
0.000037890546
929.327681034182
0.016300956760
0.126855737228
0.000313700982
0.000503555483
12.038189887004
4.691707224536
0.219815611333
0.426686707813
0.462200380896
0.027575215551
0.000058384168
877.694940259590
0.017030373577
0.132192102649
0.000302771954
0.000541544851
12.814582298029
7.440745141127
0.209531389012
0.298450721879
0.281072024085
0.028613557527
0.000059846546
1168.113473820694
0.014294187694
0.124693638566
0.000250089277
0.000587891971
9.426977640638
4.230775470142
0.163515171502
0.204309684180
0.536206810391
0.037225239910
0.000062213391
1297.239281108417
0.011961458446
0.089365878528
0.000347009916
0.000774339427
20.354389375892
4.584713279447
0.271121876691
0.143298039863
0.448153583204
0.035493696006
0.000048683271
1276.311293464378
0.017279776621
0.099205757765
0.000360917965
0.000428732230
12.850380830292
7.426021588266
0.175078106400
0.165112868933
0.472578252289
0.031455619764
0.000036217491
1224.849083910538
0.012941389080
0.136541407773
0.000203982090
0.000582117776
11.007491769259
4.574833360856
0.155961291073
0.189180776934
0.548617245050
0.037282089337
0.000046294937
1231.008509493652
0.012654015338
0.093078357428
0.000360074301
0.000768971855
11.682521506773
4.343931113321
0.148288327689
0.118313971921
0.436153216078
0.035681396017
0.000039321068
1198.380359936944
0.014433615865
0.106827610039
0.000325016549
0.000745905992
10.961279430868
5.230396526548
0.261764047638
0.969538813734
0.412750789320
0.019500232569
0.000132720429
980.222337017321
0.013626559416
0.169002451713
0.000367710754
0.000605393503
13.002010977568
6.038499262766
0.199327944402
0.197000508520
0.244631515044
0.027199621686
0.000052725827
1214.902477148411
0.014792760872
0.127766329118
0.000253279705
0.000589213907
13.756184834607
5.223014365136
0.361164096662
0.288335513514
0.419491019668
0.023317110065
0.000033849342
874.204306550069
0.016568509922
0.128954652580
0.000268737476
0.000579664405
9.745042356401
3.948094329214
0.159946701155
0.255144954567
0.579961420023
0.036254382633
0.000053696364
1220.815526003036
0.012151148004
0.090164492002
0.000337845758
0.000752661121
17.151937545069
4.410284899940
0.167870626349
0.176409517973
0.504070249066
0.022641843857
0.000036804942
812.167177426243
0.013369680680
0.102181764532
0.000280119636
0.000355352565
19.435735908044
5.409595263361
0.194203007719
0.752327610679
0.570045302002
0.031993533701
0.000127225786
887.956896938854
0.012029062948
0.136943938189
0.000319144813
0.000416865152
19.631796046419
5.400240943267
0.194170255037
0.809771631077
0.542481911469
0.031631378636
0.000107858985
911.986071175112
0.012028249799
0.143063753371
0.000329035741
0.000368897283
19.664426771642
4.536828651075
0.293868140209
0.249797208384
0.404070725670
0.033918774764
0.000044949974
1261.744591131060
0.017313127474
0.085835570486
0.000344141593
0.000398455447
16.312479236359
3.589311522314
0.321421967730
0.544995665492
0.494603685428
0.033676569844
0.000071543668
1361.592465476709
0.018634977493
0.097880272288
0.000394198073
0.000539131973
19.281773928258
7.390597232371
0.155552946160
0.275265500811
0.545585342030
0.035403050083
0.000074223542
1377.412445396782
0.019541553245
0.109210910604
0.000267947729
0.000574449257
13.035925775041
5.297101702623
0.344623392814
0.274195562431
0.383188094291
0.026283685884
0.000040609275
849.296078725048
0.015157429384
0.133826196332
0.000282645817
0.000553178332
14.720263013951
5.519124481873
0.216270608810
0.460807855381
0.293436732727
0.022950543734
0.000052011287
1004.981403762687
0.015302626014
0.096458586594
0.000250025624
0.000417923081
18.660447767561
4.712579692332
0.235835111554
0.371172015125
0.348491498745
0.035798776544
0.000049719806
1368.791433873580
0.018256583649
0.119446296818
0.000378303712
0.000396021774
19.230850813746
7.340229663389
0.164213325610
0.260812505930
0.536165606161
0.034550873125
0.000077090110
1351.194616954864
0.019345742876
0.109914333578
0.000182245405
0.000530222977
11.898368584771
4.631172929842
0.141333091033
0.321991627972
0.553319545217
0.036524577305
0.000038049396
1226.972766830215
0.012968312116
0.095051632482
0.000376498126
0.000803883597
18.793075307122
4.281871369536
0.247405794229
0.249259501688
0.535386979951
0.034755138875
0.000046581948
1252.744300590604
0.017692574542
0.086662124182
0.000313432793
0.000454011974
15.727569504392
7.147479964980
0.257646839488
0.688375954761
0.337598265910
0.021662237983
0.000061099341
900.389873147439
0.018778547458
0.093310171452
0.000249775041
0.000512840098
13.591465169589
3.651819238504
0.126747006941
0.416065347822
0.634024243814
0.039772069117
0.000078206408
1267.189471314569
0.012240966391
0.094801751862
0.000327357102
0.000764839281
11.413370906043
4.319072593245
0.163767297831
0.287037200118
0.561602513971
0.036172545813
0.000062178820
1240.854622303914
0.013065207092
0.091441136341
0.000343826532
0.000726691085
19.851800606228
5.276422816727
0.180327199429
0.681045626374
0.641846896250
0.027835117779
0.000053509914
1005.168809642068
0.012963569572
0.142525793643
0.000315718900
0.000417705574
14.113318778351
5.876864182213
0.237906211432
0.431794842275
0.361691483975
0.027660496446
0.000038134924
870.832608555845
0.017822528797
0.103768815513
0.000284040842
0.000503275302
18.433064424227
3.369223815566
0.143853846274
0.122703707440
0.558736555151
0.019090340688
0.000030442909
898.025105118731
0.014064953648
0.101669508398
0.000289070864
0.000525554905
19.838275409572
5.043373894808
0.182302319275
0.813764228719
0.634286529310
0.024982887907
0.000087714973
1001.321345177587
0.012341674824
0.136193261635
0.000293595337
0.000446254556
11.473946861963
4.349162874074
0.133562087829
0.120459183955
0.691057047948
0.040576932734
0.000051924886
1188.416496141763
0.011028023399
0.086058991695
0.000388379686
0.000733982431
19.765293473762
5.239837421992
0.190364614565
0.796472214471
0.604269248741
0.029038430451
0.000119142041
934.387946025248
0.012464172486
0.138272361632
0.000310529533
0.000450132808
19.512902960400
7.229701005085
0.164612672085
0.238065466813
0.564009965078
0.035426846969
0.000059781691
1341.235195818001
0.019176344348
0.103605393644
0.000178711969
0.000529413950
18.290163294777
3.720118105099
0.189345163162
0.095916004068
0.599050216531
0.030225113809
0.000035672625
799.960379659024
0.013840538313
0.118657297736
0.000347355319
0.000533821859
10.938577959735
4.531941390424
0.160624481063
0.155313249883
0.587766494247
0.039138322938
0.000050138749
1220.893512099236
0.012846414621
0.090135375511
0.000359510908
0.000778410164
11.611394131267
4.785048774563
0.158248093016
0.223572745046
0.520265890171
0.037060988946
0.000052223620
1236.619114054162
0.012651866563
0.098488056644
0.000353444188
0.000763527341
11.012548944165
4.376072811172
0.149146723569
0.188450684801
0.521193532480
0.038321665580
0.000047453226
1244.694722838431
0.011832130710
0.122161173609
0.000362035178
0.000809077435
20.655501738365
4.467721290512
0.199837391272
0.408566623244
0.336731476117
0.027027314211
0.000057614288
1318.087543352052
0.018166984743
0.096404480580
0.000315939809
0.000534911247
18.819089750082
7.491584590777
0.151429049610
0.370728215194
0.730506803931
0.033451806269
0.000048677341
1234.104528759655
0.020366304526
0.079990558462
0.000213826938
0.000730290543
11.719146418585
4.851850215167
0.169454783548
0.233015401487
0.560120696126
0.037277423967
0.000042760626
1199.249581778657
0.013494703757
0.100343168417
0.000371693343
0.000751935545
8.992851880481
6.600984269928
0.170311082702
0.527098328590
0.743069789068
0.031062312452
0.000131031167
1248.762685497034
0.012034163885
0.141490225599
0.000211729437
0.000728614758
14.352115762446
4.531678958997
0.333845088730
0.306590560519
0.477713513431
0.023389973919
0.000056733966
914.986534181758
0.018689855617
0.150816882607
0.000250249337
0.000611828061
11.951399628393
4.939706375109
0.161006198451
0.322339374247
0.537892717019
0.034205180937
0.000064651322
1261.779817294582
0.012904551632
0.094610256520
0.000345837739
0.000706072837
20.140387651754
5.475730491177
0.181838941504
0.804259866256
0.651750146067
0.029225799387
0.000070725705
963.229184053234
0.013224475059
0.145528332062
0.000293872108
0.000362258346
13.843224183764
6.534572985454
0.235113354093
0.635601613575
0.682345519274
0.035641839374
0.000154075945
1262.328020442140
0.012015373636
0.146963135731
0.000240367911
0.000692447483
10.402075798929
4.232605577012
0.157714718999
0.229414173803
0.560127941535
0.036882158092
0.000054515136
1237.387919744153
0.012405285699
0.090279463230
0.000352036667
0.000765885932
9.532577091773
6.083247165042
0.304065968232
0.867702231828
0.357767723406
0.018664081307
0.000141983704
1045.061888309892
0.014667838608
0.170648399117
0.000336767409
0.000591284509
19.630202082981
5.611485316006
0.181770338264
0.799439667670
0.589817487387
0.031152676209
0.000160235674
844.875500815352
0.012682346045
0.141184832943
0.000291985582
0.000498521497
10.512696580155
5.065043494902
0.226959311195
0.179151902769
0.590175741256
0.034841698120
0.000061764098
1281.657301003901
0.013722609010
0.088653183976
0.000341595245
0.000816888106
10.137681020270
4.094509741308
0.140801267211
0.140099821006
0.539472101042
0.035259735603
0.000035952662
1295.078022560068
0.011262108176
0.082321581591
0.000348338531
0.000764452836
18.948346546182
5.137490603568
0.245641522225
0.390334885233
0.401564752872
0.030167762680
0.000058491248
1207.350949390904
0.016532488414
0.111316580417
0.000297770292
0.000490144871
15.609965479313
5.897693445346
0.246387570541
0.452547495751
0.389106232824
0.026847535280
0.000035844202
864.316943856536
0.018051633705
0.101122507759
0.000287139787
0.000481333179
16.482640684995
3.391779418316
0.233441892639
0.253649837374
0.596684553171
0.028860167249
0.000031540556
707.861414430974
0.012411462683
0.170975185926
0.000290426600
0.000436659651
19.830917911761
4.460318216096
0.311824035170
0.222104511693
0.455083905845
0.038367240274
0.000044664386
1265.461592782144
0.017777423947
0.082710001129
0.000339512881
0.000423498946
17.604704811166
4.076177151196
0.140908309783
0.119871797363
0.525040129419
0.022594840792
0.000026194795
841.237472529842
0.013941651168
0.093061609976
0.000298723724
0.000363013533
10.641830531874
4.535812471082
0.151556940483
0.190836486399
0.573210137048
0.037625463549
0.000044190789
1234.032246226388
0.012287918023
0.089338701105
0.000362479764
0.000776258228
19.737302374857
4.378843024720
0.274532500453
0.234506263441
0.409016287061
0.033322884092
0.000036163865
1246.380374855791
0.017195683847
0.090192476665
0.000352374125
0.000428911687
9.230770501022
6.497123371535
0.232859450489
0.618585965302
0.737747012546
0.035458952146
0.000178498492
1254.392099685044
0.011269867279
0.152380293668
0.000224562344
0.000741129160
18.197098376723
5.166886740922
0.181585114232
0.322468376247
0.366846654773
0.023176451546
0.000040879387
1283.205112541188
0.018409631376
0.114381659218
0.000253160637
0.000500640598
19.813236551142
3.746452459947
0.302737215517
0.110698340033
0.390564693593
0.037370221331
0.000055047153
1308.187301544670
0.018673597873
0.088561411083
0.000348478825
0.000429793871
19.381621451698
7.289848572493
0.156144193434
0.221910803821
0.509776782839
0.033750637874
0.000063222679
1383.112463186669
0.019526443721
0.113169445776
0.000174873556
0.000537221977
11.312465527264
4.023993379568
0.164235501814
0.177654492977
0.514628376485
0.033150195388
0.000050855118
1218.765143093915
0.012577632592
0.082370402777
0.000351540257
0.000805075364
19.611817264333
6.704533111796
0.197929323562
0.914376066691
0.664813093399
0.033621764644
0.000092271203
884.228800058129
0.010407150729
0.145969670619
0.000384219586
0.000488442423
9.806792396911
4.140113371713
0.142070118798
0.150665265354
0.562906372398
0.035206314850
0.000035617311
1259.331520987079
0.010675418140
0.091913413818
0.000351400217
0.000654509352
20.556548119417
3.543563671471
0.302443869688
0.204655595384
0.357966136097
0.035631160854
0.000061238478
1383.884719403706
0.017379695769
0.086070291269
0.000360698723
0.000417257934
17.797167931110
3.999105533622
0.157745153891
0.102267704775
0.501890861281
0.021285226455
0.000047366237
843.706228712010
0.013479558838
0.104476086264
0.000273815260
0.000411837253
17.792234971734
4.219486146020
0.162490508570
0.142980931233
0.500028089373
0.022751130101
0.000040217352
842.361526125678
0.013914419057
0.107944517642
0.000272327966
0.000405303584
19.228626050932
4.704303690296
0.276479550358
0.229911935132
0.406869845262
0.033020384701
0.000064141669
1221.171110363700
0.017120146965
0.097665085421
0.000337923292
0.000462704305
11.377605729207
4.516718978544
0.193298247621
0.704891846938
0.650938147922
0.038487888044
0.000141606170
1286.421604519070
0.015821902561
0.112497067811
0.000271701497
0.000524182088
18.933301629838
5.475963933915
0.136440170377
0.658704210123
0.614060373299
0.029226085266
0.000059601298
1065.696323478721
0.008992231113
0.142690645529
0.000354592353
0.000408059662
13.669017410431
4.818422153980
0.357664768373
0.275780961390
0.434214655472
0.021687111753
0.000033353655
914.394687748828
0.017472482822
0.115275109350
0.000232136017
0.000537479718
19.295758772094
4.851285076932
0.265302245714
0.224816241043
0.432118461061
0.033981688444
0.000062493257
1198.019607834292
0.016812023066
0.102709792825
0.000345751196
0.000465953937
11.773921825710
4.273997093961
0.157739009302
0.213234326448
0.564828473663
0.037564597602
0.000049613480
1227.434497322736
0.012118513433
0.101291567059
0.000359793181
0.000779677491
17.676617309038
3.692003161965
0.253590029288
0.193020282884
0.391021137305
0.033721390385
0.000037801057
1355.533844558113
0.019101160612
0.104061259229
0.000380753836
0.000454251069
17.296925830053
4.406326370030
0.148399103724
0.129852296369
0.509214996895
0.023596502554
0.000041340694
817.105830901392
0.013482904697
0.114578303888
0.000267903998
0.000368560979
18.335128370537
4.126740152820
0.142788733380
0.137718860680
0.459145855468
0.018340169738
0.000031874107
859.238662137449
0.014729583345
0.099300781961
0.000275806633
0.000382694329
9.681718490531
4.060291056507
0.230102622511
0.269682165899
0.571841466909
0.037996084114
0.000065542400
1214.592498118053
0.011192187846
0.082912981752
0.000349089257
0.000804764820
17.317955490513
4.458473181903
0.190372970699
0.190633821656
0.539949253223
0.025350723530
0.000051182003
795.332145283751
0.014184170906
0.115681213928
0.000293042022
0.000396927040
12.243863012237
7.494211285611
0.250984624639
0.510716951448
0.309620304468
0.031795722525
0.000055403610
1095.622870680152
0.012313977368
0.142782823965
0.000314594370
0.000667594339
20.042528671831
4.240109259436
0.270320505358
0.257876036922
0.369299313408
0.033576948103
0.000043454639
1233.130472201914
0.017446999757
0.104089672886
0.000334370336
0.000455289164
19.402104567772
7.365160926293
0.161415714120
0.269525187380
0.567382815246
0.035831455833
0.000066997421
1372.180281521172
0.019547958321
0.105519870912
0.000179128429
0.000536480618
12.802304424060
5.757058899973
0.211850645749
0.321888976885
0.311331603184
0.028942531670
0.000037005638
836.853846352449
0.018228353944
0.100801498542
0.000298237934
0.000554866039
19.698595479739
5.258590749959
0.193858886811
0.788415935063
0.574822607132
0.028766462673
0.000131078250
933.220332778814
0.012845754274
0.140063394641
0.000319057609
0.000445229805
9.536173160730
4.925856695477
0.225525738732
0.495033761336
0.532780404183
0.031119865140
0.000060224573
1254.131411385719
0.009821454189
0.086980587058
0.000358245218
0.000753019948
19.167202157551
5.316613077917
0.207607274953
0.358737113362
0.265271890820
0.022553716660
0.000067117670
1293.822397422201
0.018040041130
0.128993728427
0.000256166164
0.000561001625
10.975583688158
5.862478935467
0.293622760924
0.949308233030
0.416445146789
0.028171675405
0.000129891258
968.447773967409
0.014481763668
0.159172552700
0.000349411033
0.000518994638
20.426992950022
5.283909394732
0.156401410334
0.753228386384
0.557125486261
0.023047695583
0.000117069632
880.394646726845
0.012577326606
0.114095013478
0.000270488004
0.000402520854
20.188410901197
5.667223701646
0.191709726292
0.640988021930
0.520292089496
0.034439064016
0.000063267944
945.566370113396
0.011356657103
0.134784719277
0.000351349004
0.000357099090
19.243182034088
3.251549733504
0.300850541641
0.220749218724
0.471949873101
0.038517156728
0.000045587854
1283.388970017895
0.019792520584
0.100028433669
0.000315550052
0.000357986321
13.029938060950
5.795266655551
0.267619194267
0.220799113677
0.387721276967
0.028314920672
0.000034426450
827.670656332233
0.013801004072
0.133957199415
0.000241483096
0.000624320599
17.751824610691
4.239895029884
0.180609886968
0.163375738512
0.514805277292
0.023615478193
0.000045363367
815.412402019829
0.013487441113
0.114764959442
0.000273924840
0.000408175899
17.383844213434
4.798644577425
0.158722699266
0.128931489375
0.513346609614
0.021497655283
0.000028846715
821.350476793661
0.011770891012
0.137460459037
0.000272697554
0.000358227819
18.852545386848
4.830100889240
0.316717839382
0.303629117202
0.432034824078
0.033056130972
0.000051433734
1243.549870086328
0.017272888072
0.095448235214
0.000362627546
0.000448805565
19.520328073508
5.078132814474
0.303988624457
0.271549386436
0.386250006224
0.027319999063
0.000045018186
1339.671012012176
0.015675140461
0.132221654264
0.000254093863
0.000441973419
9.673785121705
4.102366493806
0.131067712668
0.303349237671
0.584732767693
0.035882381820
0.000067381268
1265.587208051894
0.009861407303
0.096224749396
0.000391979585
0.000613197836
14.473795106835
3.953130444289
0.187854801899
0.293406513093
0.474685990233
0.031624918959
0.000039195081
981.382144699915
0.018968333795
0.160086785734
0.000286390761
0.000534648315
14.704424310098
4.088248264929
0.349819491052
0.366032861540
0.405722740966
0.020794632894
0.000032414764
901.666662375254
0.015770412502
0.138006742657
0.000282038218
0.000481220468
18.137197025619
4.294207330196
0.123458910638
0.288286675028
0.491393371092
0.022311275065
0.000040777498
884.196957813012
0.014235040565
0.094133570589
0.000323206724
0.000430468035
15.093846572631
3.813661886272
0.282785258024
0.238561167282
0.321799110556
0.020163882791
0.000038414638
962.849189442390
0.018684854400
0.142926358767
0.000290831089
0.000463413978
19.523082905410
4.212799502697
0.299582877189
0.127771359566
0.363798957214
0.036850964916
0.000034690073
1358.872093985298
0.020221586810
0.095254385880
0.000385999351
0.000455174287
19.196356699075
4.445836749308
0.276032895326
0.351771554229
0.385701259236
0.030662128601
0.000068697127
1271.747064207647
0.016815905073
0.113973931735
0.000285825651
0.000433212671
19.409990190792
4.450468031602
0.147855902736
0.863643459654
0.699418018480
0.031968116419
0.000122607427
910.342224318815
0.010905112795
0.145025496853
0.000293166867
0.000438056971
12.603848381574
4.894158434395
0.157549661187
0.547814802978
0.632493041108
0.036833745828
0.000148408784
1285.425238774088
0.013173167792
0.090570626199
0.000327779548
0.000584660941
13.368017891686
4.830572032224
0.209457600393
0.375895826531
0.383235557381
0.035318418386
0.000047835093
936.461783970415
0.017557033103
0.104716611856
0.000289495828
0.000507473571
19.785661364189
4.658969384626
0.163480912785
0.975836192738
0.643174832278
0.031921923350
0.000116411013
970.100524057317
0.012534199921
0.143096426249
0.000320289702
0.000459802360
19.181242811221
4.790125651787
0.260709902224
0.324157019314
0.403578597049
0.031045621443
0.000060557690
1257.975565487367
0.016814580848
0.109366895919
0.000319589964
0.000470836266
13.559057317795
4.806003683494
0.345691496770
0.314876350843
0.342322599129
0.018126379197
0.000039054722
922.524243520209
0.018119128966
0.117741317546
0.000219842734
0.000541770159
19.405854588053
5.568801246499
0.206809451324
0.829445167935
0.548932157785
0.031983263816
0.000155283602
877.610729266305
0.012410240471
0.129684464029
0.000320043832
0.000442994160
10.395221810798
4.782841689420
0.207228592470
0.301063991661
0.463417277897
0.033695400841
0.000049959700
1174.374485393378
0.012507130875
0.127660549642
0.000302770956
0.000680087695
18.499333600042
3.873493787226
0.139818819703
0.131890301169
0.404016638525
0.025971984010
0.000042784791
942.117714031279
0.013607189629
0.077604717538
0.000233470695
0.000388620810
19.358352081847
4.427327700415
0.290881602356
0.202721266139
0.434118475057
0.033664256666
0.000060643431
1215.250225697089
0.015816623305
0.107928975826
0.000335392446
0.000466134694
11.524623200565
4.772434756149
0.142198664457
0.259245324099
0.578652690034
0.038455270437
0.000069044929
1248.053509664295
0.012550286069
0.091041480040
0.000353625042
0.000747414738
19.418015477950
4.719847259731
0.311076219969
0.152708202512
0.554624877128
0.031948464778
0.000052661200
1133.445733400316
0.016103203867
0.084403212606
0.000356380009
0.000375763163
11.296266468453
4.817661280686
0.262280137746
0.917710685977
0.454663582436
0.023242802034
0.000181222165
985.082458476695
0.013341637954
0.161898675656
0.000323465641
0.000590157624
20.159555987257
7.394162197684
0.165564713805
0.413996404581
0.696230640950
0.032511180802
0.000048871442
1385.091147460245
0.018072155541
0.098430931853
0.000192645490
0.000653125292
13.934471099030
5.814923850022
0.227346648413
0.486880001271
0.394706956383
0.025441694130
0.000050349367
884.204452188523
0.017903067209
0.103760819411
0.000262992852
0.000486710480
11.863441152082
3.482385356879
0.171316316684
0.112720837066
0.481785529354
0.032896598694
0.000032419726
1189.140286854372
0.011914546090
0.105692909191
0.000359679106
0.000694396602
13.340757288400
5.612703914733
0.332573840282
0.261767914701
0.483702959064
0.021783982393
0.000052425881
917.411397902371
0.015516850571
0.123919854637
0.000259607954
0.000573965138
14.044970494959
4.587137545523
0.354653788937
0.316543645232
0.346896184781
0.020067046512
0.000052836582
904.176992421335
0.017259032093
0.136253346947
0.000264971977
0.000515065875
18.060289477983
4.335300383667
0.150260663996
0.370396835922
0.513698465053
0.019058126514
0.000036721406
845.904357447084
0.014011540080
0.104592816522
0.000259404073
0.000579741105
19.441965586074
3.836158335324
0.198565010896
0.202155676024
0.467975641580
0.023572161239
0.000027729907
862.319888690627
0.010231787244
0.106973659142
0.000238480451
0.000396552243
19.232310956447
6.228854653168
0.140712112845
0.301007602547
0.534358583321
0.038463718017
0.000055254436
1372.549750791901
0.019386222959
0.112426147388
0.000247396462
0.000529610816
18.332484818557
4.676089190556
0.220401911527
0.408927263252
0.319914137390
0.027590998881
0.000051213492
1334.943821809694
0.017989721729
0.114359765270
0.000297003255
0.000497863111
19.359976392559
4.460736183586
0.270140343343
0.222527470376
0.401605327769
0.032398786938
0.000056341205
1242.508700139950
0.017775141033
0.096030231785
0.000341612528
0.000441503311
19.988898936135
4.036146673505
0.291364528470
0.165987496443
0.434676194301
0.033210653915
0.000062714573
1304.163734641944
0.018356374435
0.089491215966
0.000349815848
0.000459283882
18.148610564435
4.320787251904
0.152781811812
0.196491600878
0.577095467120
0.018145421088
0.000056613025
902.068765008353
0.013382489716
0.113163579951
0.000261394696
0.000420096330
19.328031965862
4.892014040737
0.277741896857
0.344196126008
0.403933977696
0.029240104527
0.000066296103
1314.548466501082
0.015913638919
0.115113269957
0.000352920561
0.000472322467
19.250124573989
7.291386693475
0.163702372744
0.253898447441
0.524330667052
0.034178995355
0.000077573956
1368.690201403921
0.019266446631
0.114465077427
0.000181319115
0.000549339585
9.950414848167
4.883369460362
0.143194569197
0.160379588614
0.583692612672
0.037653954147
0.000040742916
1219.202164551013
0.012074726023
0.090210676245
0.000370987472
0.000771478670
17.932156653566
4.421898169995
0.153813835265
0.171205075918
0.504569124696
0.022092283682
0.000036857821
849.107887031360
0.012259066501
0.099992642644
0.000283423092
0.000402080094
12.847311005957
3.765728778661
0.225415818506
0.191850034061
0.308641598881
0.027307382920
0.000032760769
1287.777341471499
0.013674378723
0.107346214496
0.000368365104
0.000658149774
9.513277143316
3.794042641741
0.196052952902
0.205565748002
0.544690680550
0.034069090248
0.000035926129
1223.487683403891
0.012986894122
0.104838018249
0.000360666613
0.000793787986
19.521059928284
6.281007971586
0.171038046530
0.611486215398
0.421072161955
0.040199222414
0.000059926551
898.762882377852
0.012871729635
0.142443888531
0.000390614729
0.000428127930
9.154534827007
4.584478997165
0.146825920654
0.471319654715
0.634362593243
0.041633834496
0.000089710829
1268.529165784338
0.011669842685
0.076609948800
0.000370767826
0.000699027955
16.796771265037
3.975897765471
0.124786372075
0.129171552613
0.545307111891
0.023484899456
0.000034819986
857.282122255340
0.014022751793
0.084531864906
0.000295642292
0.000406731874
19.576896340678
5.157732729180
0.188160870595
0.795837143803
0.608706737870
0.028618985832
0.000132161858
928.430129314850
0.012976302863
0.137098639516
0.000297244303
0.000459596997
20.687456604904
3.445945036161
0.247614853520
0.445408021458
0.386066344666
0.036857928828
0.000048490608
1317.890697357457
0.017981190309
0.075442332847
0.000363843129
0.000426137418
9.018182049738
3.427903817817
0.187930040272
0.505524873454
0.475678037540
0.035546193490
0.000049617330
1216.767802538719
0.012489673838
0.096581052705
0.000351065402
0.000747254456
9.355665193677
3.753061323706
0.154544717637
0.275239644364
0.569543470425
0.036415864125
0.000063374290
1235.462467521240
0.011956416067
0.090809986115
0.000336638547
0.000783399730
20.385750238577
4.643113422948
0.292852249240
0.310610450746
0.442921657110
0.035072588526
0.000037840576
1224.908240028023
0.015180358782
0.077159203503
0.000387061988
0.000437217696
19.055847895016
5.869486153372
0.308158822451
0.325134137191
0.385176432610
0.031717740912
0.000039030366
1200.766659435242
0.019740218501
0.107166275457
0.000315048089
0.000356751428
19.684218131340
6.376895238614
0.194475005227
0.727622316449
0.367045424874
0.028191899085
0.000136567322
715.290101869059
0.010627648389
0.137289616131
0.000316927374
0.000448260932
18.802277277735
4.411110791620
0.304576655138
0.168795401147
0.416611196178
0.032092462060
0.000037763328
1214.356306717447
0.015298920159
0.102053924825
0.000369724972
0.000475791581
19.426772362410
7.374493975271
0.162311860943
0.268054728783
0.578370477365
0.036133854831
0.000063894648
1371.407861698038
0.019668467778
0.103891452295
0.000176295608
0.000531889608
12.889635650387
5.915146069342
0.207440542910
0.145869598898
0.278819164111
0.030467060029
0.000037318346
1151.548611251866
0.015141001629
0.132250999307
0.000234174689
0.000567152157
10.267843189051
4.551203730315
0.139859756218
0.161897062203
0.605722889190
0.041111619795
0.000045954433
1230.549449226789
0.012913877339
0.077649698869
0.000361758265
0.000767409101
13.580077922403
4.277980458702
0.213599720962
0.418516410303
0.539844368035
0.028902023392
0.000049773801
1194.486922615519
0.016372685484
0.101569958538
0.000385585264
0.000575938506
11.734403952338
4.401539047101
0.320874596831
0.213185617472
0.274525233396
0.021485012844
0.000038071742
864.636277417762
0.019807143416
0.125964652026
0.000214155189
0.000474189413
19.394894068405
4.564446577509
0.279584857841
0.194950679193
0.451039245528
0.034798521976
0.000048994458
1219.137019520322
0.017099674311
0.087201056371
0.000362199015
0.000429109109
19.734455666208
7.333668966056
0.150177391319
0.241758517799
0.559231202439
0.035032716974
0.000063501489
1329.721020635904
0.019367896307
0.108155615205
0.000178608867
0.000550327873
19.278630050049
4.402027348739
0.198283009594
0.114365291904
0.573309107471
0.021299578643
0.000049260129
884.997368264917
0.010885710101
0.106466416800
0.000343584354
0.000439384921
17.602414790023
4.247348624889
0.140208747808
0.161147504515
0.517375308304
0.019804938609
0.000033442323
853.333356379415
0.013211264409
0.103793214683
0.000270157286
0.000448424742
19.367720553361
5.948581761171
0.141598257546
0.284190874225
0.599399472389
0.037638800618
0.000046619540
1383.140035816080
0.019215385607
0.110160885865
0.000287976438
0.000488777327
19.372033408049
4.545522300394
0.277959154918
0.188605134793
0.435205282521
0.034179771593
0.000055965983
1248.772252724018
0.017015550966
0.089634158918
0.000358826174
0.000429181628
19.512587332806
4.406532704041
0.290737718201
0.198905620610
0.415943930689
0.033294809614
0.000057693987
1239.826038036644
0.017349079792
0.093755135919
0.000353063363
0.000459177325
15.665773242987
6.539128654598
0.248744593916
0.643820955416
0.472944998188
0.021800987823
0.000045978983
935.726280411422
0.016457949660
0.112257749699
0.000285150012
0.000408095736
18.522353389150
6.517166649922
0.156406889101
0.809892049231
0.618258648929
0.026111177219
0.000157549419
883.163247623147
0.015082377122
0.097473410269
0.000232071085
0.000568669635
12.932958608998
5.335387850895
0.330559521949
0.248909850678
0.475775881409
0.025822412646
0.000048560724
829.776074984199
0.016202084188
0.117684762018
0.000280307627
0.000598830898
10.833254231307
6.859432018432
0.233389370622
0.547915998672
0.613820722115
0.033121123730
0.000086387163
1355.564669354715
0.012502449323
0.123909972724
0.000250758815
0.000662278538
18.856966246166
5.551666761421
0.222145973225
0.502555134790
0.411778077302
0.024749119253
0.000060750827
1224.673691772754
0.015926650048
0.133997961808
0.000326944752
0.000544456722
13.718574716048
4.366980153916
0.169516772803
0.295701331039
0.521135197490
0.029416399135
0.000062668474
1031.884583526878
0.014790396812
0.141494675280
0.000246462341
0.000435985906
9.142352409058
6.458690541323
0.253391641256
0.725260997908
0.707132239525
0.034454026030
0.000177357628
1229.632661023525
0.011637614490
0.143910114954
0.000235956407
0.000702396299
10.614511608443
5.140366812983
0.131399597501
0.679306777198
0.613636753055
0.036827483992
0.000172605216
1308.736066626948
0.011286140539
0.086554987531
0.000328434633
0.000586296398
20.712333344994
4.753295578027
0.226767559614
0.255498897719
0.386281659532
0.030308017294
0.000049714413
1298.852053124934
0.019669207219
0.109361061097
0.000310535604
0.000365944194
18.843298158012
4.775274130724
0.173604433921
0.392643424804
0.542322088852
0.028087701663
0.000039614837
862.713315997445
0.011965966444
0.090829593256
0.000276332780
0.000496380662
11.929614855696
4.893039850232
0.165198202581
0.495761379407
0.612067560457
0.035266859728
0.000128289474
1211.829783551273
0.012603794871
0.088361397735
0.000307092978
0.000567972797
13.128144714728
4.168135447852
0.200680785049
0.416025367699
0.481448661580
0.031870207574
0.000035286537
966.270995393041
0.017764927812
0.152936826333
0.000333141558
0.000557901401
11.019713586304
4.595293376285
0.143805239415
0.169132349756
0.547654938177
0.037189133521
0.000036509090
1226.201108574561
0.012845221057
0.091886356680
0.000372891963
0.000780800898
10.815135821709
4.354986967358
0.160038524187
0.264226783924
0.565578044423
0.036994384088
0.000062092562
1239.432635464965
0.012417582681
0.090279760273
0.000351650591
0.000751759484
17.277712268061
6.623866274509
0.205612525402
0.667107883449
0.628002839462
0.032766965787
0.000053251794
965.059010770412
0.014763286805
0.150778701545
0.000351748233
0.000393229589
19.343924134249
4.656512399765
0.273183542478
0.238169113712
0.446400118854
0.033223872291
0.000054010095
1250.672187302890
0.016957187900
0.090212784801
0.000347926815
0.000431508543
19.144530740391
7.557192616954
0.158900567681
0.338310127387
0.558444597372
0.035880875547
0.000060963089
1378.581471731226
0.019356226894
0.101497396404
0.000179654552
0.000552819445
9.537758899237
3.803236876943
0.185378800045
0.195501564262
0.491058343554
0.036521029044
0.000060888867
1258.808514148651
0.013169818401
0.098926638953
0.000328152270
0.000823542254
10.674870270516
4.447171978758
0.147424525412
0.208285655832
0.574808421282
0.037634966877
0.000056661215
1215.041644863653
0.012820003957
0.091146882919
0.000356692750
0.000757440350
10.556357918795
4.639341472039
0.161318263776
0.145957681851
0.524902484995
0.036586843834
0.000037114228
1229.033468313328
0.012022867440
0.098237635107
0.000369707609
0.000789722954
19.576035707233
4.941511327254
0.236044760940
0.316143593319
0.600991198782
0.031948323980
0.000038969041
838.156419670217
0.008860780223
0.155517685100
0.000312275974
0.000508818838
14.516608895135
3.664174421307
0.342532196568
0.196734428215
0.241647648565
0.024310005625
0.000033150604
1074.001862508757
0.016139430141
0.146401910117
0.000214913734
0.000525433567
15.220268033244
4.405769883388
0.222994941463
0.300574869126
0.492373123325
0.033405719285
0.000048120250
1231.068076096759
0.017955167368
0.106762059550
0.000344453710
0.000453435044
18.505059295469
3.320946505578
0.265002827537
0.504585424220
0.445485220198
0.032173368799
0.000072839285
1342.915854911647
0.016279721726
0.074864298513
0.000328615678
0.000411429665
9.442011876340
3.683049680163
0.159989880957
0.230610198910
0.538848615938
0.037533068124
0.000033129514
1179.901177000944
0.009750297834
0.096517309425
0.000379216499
0.000777530585
9.863032836299
4.248466586228
0.210506717248
0.133727206279
0.692894651336
0.036307617649
0.000061199017
1295.942579459980
0.011337191673
0.097657821697
0.000355636495
0.000778252961
18.652185624788
6.938131314396
0.168155242174
0.341973294590
0.721565171034
0.028478826125
0.000102387260
1314.877574925223
0.014884460432
0.074676587930
0.000180541361
0.000460679240
16.782530865510
3.283890197639
0.205835852388
0.275306146820
0.467258049191
0.022182250982
0.000048813665
1004.951158600840
0.010864415064
0.101980479393
0.000224721059
0.000374535138
10.446875712050
4.605689987355
0.154983321123
0.094078396454
0.571971852841
0.038992656003
0.000038202745
1214.955106173380
0.012161047710
0.090021978998
0.000376972509
0.000820925452
18.639057721857
4.205720591120
0.160672606817
0.190689553359
0.476122790377
0.024715032443
0.000029017918
864.027368548582
0.012603056286
0.102054095665
0.000308219604
0.000433694722
11.191136836637
4.468600309738
0.163044945355
0.322766132249
0.574936457129
0.036574634426
0.000075532326
1251.529267865843
0.012916537083
0.092744877253
0.000347889318
0.000725238054
19.628065177502
5.248109570337
0.198786701001
0.828792307094
0.598614006701
0.028226419884
0.000136211358
911.819902856274
0.012875441675
0.134539784145
0.000298864391
0.000454820318
10.214540904416
3.907711207176
0.130797605823
0.268229353294
0.571050138719
0.036722023340
0.000051979183
1247.244017494162
0.011227405579
0.089434479770
0.000355615140
0.000797769295
9.074954129233
5.108659418444
0.192160803851
0.460754551962
0.622575473377
0.032551875887
0.000047277465
1254.409799360984
0.009047789776
0.094202027285
0.000313341965
0.000602730024
9.508178652474
3.747974176433
0.161600996264
0.223294136624
0.570477870461
0.036001375359
0.000041541143
1245.246393014700
0.011758516596
0.084377622671
0.000343967096
0.000786188639
18.960747393983
4.775059577576
0.242625160278
0.319984124665
0.401368873575
0.030446776436
0.000064946692
1303.496021986430
0.017085813906
0.111350621121
0.000288652672
0.000475606862
19.420480399836
4.741444063857
0.283873323547
0.263468208383
0.382200898927
0.033839623607
0.000054079365
1281.591647197580
0.016332287208
0.089701237451
0.000350744038
0.000387800751
14.910526569841
3.336043587124
0.205926839219
0.113982365199
0.493442516380
0.033136845180
0.000029884983
810.884749034603
0.011609930918
0.122059815025
0.000334580980
0.000389420887
11.123130071350
4.785450139089
0.148574943915
0.147973968913
0.539804471324
0.038913499634
0.000050420144
1224.842382110016
0.012839963849
0.089204694157
0.000370120283
0.000773381852
17.770190046779
4.840363486031
0.293229722467
0.314350901839
0.577616205339
0.032956670808
0.000045098466
727.137110338619
0.010935765446
0.152481310652
0.000342379799
0.000496841197
14.233147302641
4.603020701483
0.315194323947
0.327842677646
0.403666054124
0.025084154167
0.000044346776
978.937068537353
0.016357603237
0.146087706220
0.000289463793
0.000394768279
19.607120904707
4.928430861641
0.185549975391
0.850489690435
0.623514454808
0.022838490667
0.000111151026
969.301093499489
0.011946186535
0.134257303009
0.000274782814
0.000447873901
18.425264413858
5.102992663050
0.240006967082
0.464173674694
0.387246427080
0.027882294275
0.000078768694
1260.775468636576
0.015400511261
0.125302070840
0.000268214080
0.000494119780
19.279696028196
5.456313902144
0.202552047765
0.566703578136
0.287881587606
0.027812380591
0.000048839566
1282.345674690951
0.014913504427
0.117937461387
0.000307592263
0.000513195367
20.632537466270
3.498584442435
0.277298893540
0.246550200882
0.515530486467
0.036184133848
0.000045276458
1249.392520250435
0.017538111458
0.080269600157
0.000386883839
0.000391610981
19.680937087011
3.923166065338
0.213689785918
0.475949518274
0.395892907068
0.018470450455
0.000034817584
834.702676814609
0.013650597791
0.076377536104
0.000291034493
0.000479534848
15.044613861703
4.933065191271
0.315370706324
0.302433159224
0.302326903817
0.025151248095
0.000031986228
850.932965551812
0.016732401361
0.099749735138
0.000217492261
0.000443510742
10.419802641761
3.988250376278
0.185126362409
0.297309956173
0.586671062645
0.036523207884
0.000069774242
1219.535167051186
0.012979713780
0.095252242313
0.000347623346
0.000730558345
9.443571023680
3.594756496703
0.124792113556
0.408710623099
0.494194309714
0.038748900871
0.000045029071
1231.516100652968
0.011072350381
0.085979394137
0.000358863571
0.000721768068
19.517911690424
5.029928623165
0.293589006213
0.354841057093
0.449722405158
0.031518559337
0.000069655862
1163.193280465618
0.016032591236
0.108543089905
0.000326451048
0.000442096482
19.566075159281
6.133047284132
0.323198056369
0.741093474796
0.541185837852
0.024744043326
0.000201306118
1201.511439132538
0.015052263084
0.104743494185
0.000306352827
0.000706725903
14.331478308144
4.597071871037
0.201810487584
0.425114270827
0.361900103113
0.035419569299
0.000041587088
921.468308114472
0.017078529586
0.160876117174
0.000345562463
0.000560706407
12.928530589420
6.129047298995
0.188826382068
0.336736625069
0.363706820710
0.025990988597
0.000055464823
1213.509336305365
0.013564712910
0.133764325716
0.000187377100
0.000653515915
12.566313743003
7.469998330167
0.183856581806
0.135667538359
0.275536195031
0.028339505833
0.000051442008
1177.779011486704
0.014507636429
0.137362228876
0.000226188351
0.000611852990
13.636855996587
4.041364030072
0.329849584916
0.115133411290
0.325722646830
0.020082828793
0.000050212066
1001.135125088386
0.016976919616
0.127392768869
0.000189322632
0.000469316618
20.294886456305
3.854982021494
0.300958850099
0.627158118343
0.465489705629
0.026568573189
0.000057860412
1180.905248122711
0.018720228447
0.105767079527
0.000291945566
0.000459901928
19.843367856596
4.208638380698
0.300280476598
0.149880384525
0.435441763488
0.034967840419
0.000046207844
1234.200665337170
0.017816219792
0.083827629422
0.000373195066
0.000441619458
11.882898563166
5.054991765722
0.146480100631
0.236980979947
0.558319059831
0.038905727552
0.000065104870
1231.258161557922
0.012992133265
0.099302431195
0.000365869908
0.000710164075
13.757119280775
4.662051488544
0.364755523125
0.247067149815
0.495855122099
0.022458929547
0.000033698373
983.256909275599
0.018589551205
0.092370539675
0.000206273866
0.000535989588
14.172708496002
5.266265966017
0.224659758857
0.437673415461
0.420132435079
0.031482600893
0.000047678256
858.562994399003
0.016116518699
0.119529559255
0.000348802538
0.000589487931
19.143310133951
4.691176343355
0.266177599332
0.259867439479
0.382932334060
0.032605484820
0.000062436689
1247.505196874205
0.016344327324
0.101249050041
0.000321722764
0.000453301352
14.585057474869
4.344673256120
0.320651818900
0.195463288921
0.272830973901
0.019306704613
0.000049078102
1014.376607660169
0.019866159831
0.107099878823
0.000194940157
0.000527673484
15.026022160540
5.997254560619
0.240633807116
0.392513838953
0.340955271983
0.026195180134
0.000050688489
829.269647392981
0.018057975319
0.088847064543
0.000269467918
0.000496958385
20.412229411374
5.105543134826
0.188837025326
0.753664207884
0.673443053142
0.028094454172
0.000092983639
979.552662125306
0.011744694993
0.142261379285
0.000307324970
0.000443772820
15.454473723506
5.687567423368
0.220383911208
0.600774112822
0.256285004664
0.020681202321
0.000051383280
1196.647992635448
0.017274253805
0.119263739048
0.000333839383
0.000503355154
19.742994751355
4.089321640935
0.294662139820
0.160331616555
0.439179435845
0.032863342176
0.000038952495
1266.549866040041
0.016751884363
0.085889123225
0.000368481695
0.000445369117
12.935092200762
7.389852335452
0.197666621836
0.261959923877
0.237015382509
0.029225501552
0.000039798114
1190.578999140713
0.014122861884
0.127822259764
0.000243819957
0.000583972554
9.729457239796
6.180549698624
0.140773769192
0.322819165494
0.736480354546
0.027563506719
0.000125879227
1216.290258291756
0.013124285893
0.144194037185
0.000247492443
0.000719695790
19.826564868481
4.201477708872
0.303228871309
0.158524752465
0.531506364220
0.034528593374
0.000048169122
1237.091647112911
0.018003325820
0.085668447014
0.000370629707
0.000443909576
16.993169063042
4.579872459221
0.199879975685
0.220865111420
0.510409751885
0.025022620907
0.000027637826
807.962586931267
0.016161375039
0.116044458325
0.000336593613
0.000559145309
19.949827572172
4.884428166565
0.275986500758
0.415453628618
0.325485318253
0.029979354971
0.000070602127
1242.327046420813
0.016582699842
0.116664083191
0.000307338885
0.000490430056
20.117210956343
3.882224783873
0.273198104758
0.252477154341
0.479142376460
0.037293918113
0.000043144565
1265.251418375341
0.017400246910
0.123419634041
0.000390441748
0.000355987637
15.891282995314
4.633286140100
0.266242719781
0.236118169446
0.445718761878
0.028614345853
0.000057484497
1307.745272042481
0.016743135003
0.098244655506
0.000361055118
0.000434118132
18.790847202356
4.915028931930
0.247091060978
0.370480552603
0.397350339136
0.029789914127
0.000068710618
1226.874311893638
0.016063786573
0.113270715192
0.000301346358
0.000460488642
19.852025882490
5.171268814500
0.180204327078
0.668534197999
0.504876768477
0.036942842679
0.000063445449
1000.531517517768
0.009363765060
0.137909690638
0.000361610333
0.000367459340
10.818139498879
3.506210927761
0.134554780775
0.447589380318
0.622902234519
0.041233299892
0.000049278074
1247.783543996090
0.013292137991
0.109790675866
0.000347273988
0.000600995843
13.567880082183
5.106822207112
0.243026983447
0.489102887273
0.478360402214
0.025908708844
0.000036433803
917.112718922599
0.018095177817
0.116747709190
0.000263006486
0.000438054165
9.009357278691
3.482234628145
0.141006741242
0.167778427709
0.578126712279
0.037949636538
0.000037405805
1238.353758582842
0.011324495129
0.084003954137
0.000356649015
0.000779531104
12.930628069235
7.427727668315
0.204808349099
0.280354102425
0.245665796704
0.028282257886
0.000048685944
1181.363105299334
0.014456426599
0.125600402882
0.000251978202
0.000584328699
19.509765749284
4.510198784603
0.297741648747
0.194716754817
0.389515477221
0.035087910625
0.000041185166
1293.629393181086
0.018390811352
0.088788938777
0.000377803255
0.000419804080
10.376597428127
5.706777135270
0.229164902702
0.924875671336
0.468234571483
0.027624640339
0.000160893288
972.996455249342
0.011945427614
0.155184597252
0.000334878557
0.000556599440
13.108101453358
5.836093105698
0.188961471378
0.252147574469
0.276941235340
0.028658520446
0.000034644451
1188.164809162257
0.014515710690
0.128615790713
0.000253245253
0.000610946510
18.281384645160
4.681559076486
0.187056710639
0.146895728152
0.308814414134
0.031116833637
0.000045339267
1252.515666691620
0.015141987408
0.107820965136
0.000296107379
0.000370344362
20.178392478875
5.036775737617
0.228871854925
0.972946960162
0.687601160167
0.033660576537
0.000083359438
977.390101329131
0.011650565869
0.156828805205
0.000335633920
0.000537627584
12.260447860983
4.670493559094
0.179710807442
0.373004486974
0.422666603782
0.029627290696
0.000043259598
776.992828891526
0.017091400736
0.123717985873
0.000263041304
0.000479475473
15.123815600843
5.526916524896
0.230936882714
0.200405085935
0.406818392311
0.030073899359
0.000044618131
954.747273874909
0.016885181731
0.121007628455
0.000309761845
0.000574129369
14.357556018813
6.492382873254
0.247603295346
0.495839163323
0.686849364813
0.036491138674
0.000190002772
1265.125851601439
0.013304177897
0.138271513901
0.000283070855
0.000676734276
17.591213549323
4.031011474665
0.207962771338
0.180707807151
0.574444975086
0.029235232507
0.000036659152
744.241059934864
0.012851191850
0.130014397654
0.000305605375
0.000401113275
20.301872502149
5.506413154207
0.191288261189
0.703543557172
0.741356789698
0.028738336217
0.000072690222
997.683324146635
0.010113467616
0.113133995845
0.000345167575
0.000585295090
20.097466919805
4.084513438018
0.279936635325
0.299579296597
0.587109035938
0.038424092960
0.000050513131
1222.112826295140
0.018397903006
0.105872630110
0.000337668682
0.000393728969
10.963691628265
4.814552771607
0.220941304288
0.206852927307
0.603606021721
0.041452404366
0.000038850685
1224.270609992559
0.013150144790
0.075075499634
0.000365386951
0.000728001547
11.425317043469
4.002803072082
0.140578778109
0.590662990828
0.725880347605
0.039022742358
0.000069847439
1201.209110526865
0.010897086376
0.077485437896
0.000396979026
0.000710366537
9.435843674267
4.164151069985
0.238911872419
0.190147255260
0.626236992291
0.038316385657
0.000053519425
1205.492415447557
0.012310040702
0.076758555863
0.000346367746
0.000798140677
9.432321277904
4.080673252126
0.141109326386
0.148647014860
0.593454498695
0.037266929050
0.000036476785
1226.749522047865
0.012118886942
0.076150381374
0.000375389792
0.000784566131
12.936273154051
4.722745503376
0.171613454052
0.594001815789
0.600995556700
0.036551729751
0.000077287705
1252.137253765841
0.013836992801
0.112997073991
0.000307462801
0.000595541181
13.577448301052
4.852511323984
0.355520919644
0.243008779802
0.385457768871
0.020084316104
0.000041030294
915.883640231467
0.017846671448
0.118440097330
0.000246878704
0.000571187862
18.766791041282
3.680789905608
0.291527505007
0.149602362678
0.402621797711
0.036448140722
0.000036789643
1311.902669478651
0.018739733729
0.075877247314
0.000370651221
0.000407747749
12.359569341704
7.556298338186
0.218112027048
0.473490051866
0.413873750984
0.030688072777
0.000047839248
1257.747764227026
0.014484990886
0.149045954877
0.000263998336
0.000589730004
10.175638161492
4.364635874946
0.146150058435
0.292655644891
0.617728129180
0.039006642362
0.000070672095
1199.916086881369
0.011392975709
0.092534281001
0.000359233420
0.000748621402
19.633143776084
4.315552892943
0.287556143360
0.191411767757
0.431420091464
0.034317688956
0.000044712230
1246.594777687664
0.017283602953
0.086560756629
0.000368931653
0.000433397586
12.940650246090
7.401526994059
0.211854185952
0.282185150479
0.335000381466
0.028967413845
0.000049794061
1135.315240003453
0.014148400568
0.131705563914
0.000222658185
0.000603090414
19.110276716640
4.745954839595
0.257171119759
0.356515463447
0.423507416001
0.032410727676
0.000066269970
1242.679383532250
0.016108396782
0.106471880884
0.000333007293
0.000468423765
19.315428217700
6.177293864891
0.130212242597
0.596430924274
0.546681510965
0.039356321631
0.000152790991
979.426243303026
0.011257878543
0.141039106565
0.000360826020
0.000560928974
20.476631793208
4.226942684134
0.279607899081
0.317115983584
0.360117832009
0.038069143174
0.000055134867
1302.822858025903
0.017244177600
0.082178283317
0.000399217289
0.000422252035
20.561276127981
4.328594582459
0.261532743496
0.316251611026
0.408321225552
0.030187468714
0.000053757493
1262.239109092790
0.016252954603
0.083903210111
0.000325534841
0.000478130857
19.751999017351
3.982862651720
0.233469663395
0.191859775875
0.408002481989
0.024822761582
0.000051869647
1383.201235711203
0.015348279754
0.109886911335
0.000290647674
0.000534493510
14.912934815517
4.505966022589
0.350929305424
0.340534221903
0.337263229001
0.018198289090
0.000051594163
971.856197486423
0.017197264602
0.121391494068
0.000298177404
0.000521024104
10.660189917586
4.391675862519
0.178606190558
0.185600993587
0.498200440356
0.035697223244
0.000046984625
1211.836824244027
0.013010323303
0.106892035285
0.000369423689
0.000746503108
19.561171449323
7.492401845559
0.137904321587
0.258409890591
0.609764566586
0.038989802845
0.000053984662
1175.590592331994
0.015903358192
0.102161912552
0.000174586897
0.000531591916
14.308708199096
3.856305842281
0.132725230842
0.287461015947
0.682885124132
0.031984067391
0.000042259196
1215.383523030813
0.008906787912
0.082575447179
0.000368475676
0.000685943310
19.344128393882
4.285472868489
0.299534208155
0.216279227427
0.372578293432
0.031986471336
0.000035281997
1257.564070079601
0.017993303651
0.090320184087
0.000351619648
0.000425730797
14.269553977748
3.869841572215
0.339580847500
0.130644357414
0.567456306064
0.023770546712
0.000034909399
1000.469182164954
0.019499969932
0.079262229270
0.000285343112
0.000658873863
19.598460134917
4.565032463310
0.223806734360
0.780162491073
0.588584662896
0.025706673062
0.000116420790
937.816801409909
0.011537665320
0.125048309838
0.000262459760
0.000446901294
19.530973101077
4.546846163219
0.277031131214
0.218346414024
0.437852186714
0.034044781109
0.000051537342
1231.228167949335
0.016974117157
0.090715830454
0.000356934936
0.000441224088
9.244767886381
3.792626022808
0.151205041031
0.202053258828
0.553784251475
0.037593073431
0.000033030853
1259.582007395271
0.012119273605
0.087166366315
0.000348148737
0.000800418104
19.475680290845
4.728894400544
0.266824648003
0.300597693493
0.363966095220
0.031462218843
0.000064628798
1303.659239741861
0.015518509526
0.115263898904
0.000312211607
0.000463308251
10.594472800254
4.510126762866
0.158414116908
0.370353343732
0.714723201690
0.035335474037
0.000048430493
1316.497700711885
0.009708678862
0.078244262406
0.000405556799
0.000763157610
18.665485606879
4.535413578118
0.248388190821
0.170513109606
0.281348961561
0.036131481762
0.000048173068
1308.833648040748
0.016390243030
0.111383949521
0.000325224101
0.000486835652
11.196666594767
4.684678104221
0.158530356485
0.190758948638
0.560121714084
0.039224853191
0.000052379435
1239.079290982454
0.012565243405
0.090953386284
0.000365667159
0.000756064676
18.585961354861
5.056352529286
0.195995518800
0.848352937474
0.672534901416
0.031879211668
0.000087928687
881.793284164923
0.013146298814
0.116274015692
0.000351387618
0.000427502458
13.401909531838
4.568920011433
0.338813305626
0.290630462744
0.367216185238
0.021588017455
0.000049946081
967.246633310501
0.019434316488
0.116280184084
0.000194850974
0.000541276445
18.977330853301
4.612155305039
0.175296969530
0.840781166720
0.549672935154
0.031013648741
0.000132962868
979.950820296181
0.011549857259
0.139487761923
0.000364708435
0.000433209636
20.038307580460
4.773213931919
0.297093352596
0.197638794320
0.313901166323
0.030544719848
0.000061982715
1309.118408304498
0.017683294195
0.102509730081
0.000323210746
0.000407987295
12.949813935490
7.299251783632
0.183349478335
0.258043532493
0.344836765340
0.030147531402
0.000059146818
1148.460027167564
0.013406065095
0.122128254698
0.000247052858
0.000549973679
10.674200391448
5.549519943851
0.271506243954
0.970699768501
0.433817081866
0.021619061238
0.000171958969
987.203027903440
0.013015379876
0.159300980370
0.000333567833
0.000599863018
19.376054883810
4.429049842466
0.274838908612
0.222299476521
0.381359560648
0.033854921472
0.000040036384
1304.873502293714
0.017872756420
0.098076228207
0.000356146506
0.000446113626
19.183830445168
4.397906717139
0.309611425440
0.274252538858
0.284164933386
0.037383045945
0.000058212993
1381.754367353397
0.016143525189
0.116753843800
0.000324155264
0.000462783506
19.326960398445
4.573167689605
0.232824818816
0.348569921862
0.326507538656
0.026531046186
0.000068960651
1259.730300985131
0.015976266738
0.117424564443
0.000277580534
0.000448669496
9.848482501187
5.201509499722
0.267943096911
0.941560664329
0.344921321909
0.021359776024
0.000121903947
996.778079545327
0.014735724549
0.160333873609
0.000384306273
0.000634819632
13.775751376098
6.106368504407
0.229397788349
0.420667006632
0.334806590733
0.027936744731
0.000033537336
890.955953114481
0.016685061372
0.109037119875
0.000242699766
0.000408049418
12.349161192002
3.795197252774
0.141605433345
0.516439278295
0.664682590931
0.032524896737
0.000081015868
1283.885090847139
0.011187823800
0.100824324442
0.000377737850
0.000772018510
20.687940927587
5.561056054266
0.277129243988
0.485345195105
0.370531442885
0.031368247903
0.000055281966
1300.915128891705
0.015951667227
0.114213471014
0.000283319126
0.000392742949
13.793873605098
5.448088170051
0.210501400096
0.430099981244
0.475047448149
0.026506458651
0.000061248588
925.417476031457
0.016233864365
0.092403406974
0.000327837099
0.000395783738
19.392602152879
7.318938257192
0.162100346276
0.299040758058
0.529684211033
0.034689799859
0.000078992591
1369.208376192035
0.018861782635
0.113650634393
0.000184375869
0.000568579358
17.678742359089
4.154411415765
0.164679407592
0.154599122413
0.509875190871
0.022767592214
0.000043407610
831.748307665102
0.013700920587
0.107693259730
0.000278535860
0.000403133847
9.213138485456
6.473065834806
0.232309052809
0.679077454219
0.711785634437
0.034324806686
0.000175049959
1268.787954348608
0.012114920047
0.143972983558
0.000244786987
0.000704970674
10.578095662052
5.884663133214
0.280871930032
0.785205677696
0.382964265839
0.020620573672
0.000172555060
980.360607102638
0.012585366139
0.162919965415
0.000336114677
0.000615923293
10.809847533472
4.146867412906
0.130407905380
0.132075416845
0.594412212053
0.041149865358
0.000048210310
1191.841660978363
0.013004821970
0.087701041516
0.000391866943
0.000654693221
19.086365686170
7.324944133218
0.184800272125
0.490569083823
0.738389290642
0.031005407761
0.000113032559
1331.804315614935
0.020144493217
0.155031189869
0.000183946538
0.000663093463
17.507606841406
4.748125977492
0.305993073588
0.335122896455
0.423050243382
0.031150492562
0.000051514150
1193.859560131848
0.013943563583
0.107194037256
0.000379932875
0.000429939620
10.788133885398
4.436118124025
0.157072150563
0.187472006016
0.554027463432
0.037718148640
0.000044798762
1229.909466530291
0.012441347637
0.090921098358
0.000358458162
0.000775264327
19.984192747819
4.236154762064
0.292024682023
0.116645735798
0.425243104679
0.033900092579
0.000048347979
1259.454294373218
0.017517815437
0.080491016777
0.000378030051
0.000415966683
18.128861643665
5.215793304986
0.145344193303
0.788396790853
0.295823328683
0.023868516548
0.000071945361
1253.960162809018
0.013781557616
0.122670510063
0.000277643893
0.000501237462
11.040722617716
3.386566236195
0.157138081987
0.444122115709
0.508614839380
0.034028763019
0.000062620734
1151.343587977147
0.013242224451
0.094468490566
0.000377889537
0.000811344975
19.761113275369
5.304445879644
0.169114046445
0.797109277133
0.624958159023
0.026847397202
0.000086248976
1013.343169582988
0.011409957819
0.148626130502
0.000293298446
0.000380724791
9.597431079694
4.144921470961
0.212833352312
0.123583042235
0.283155214354
0.028065336759
0.000045574940
1233.917102372134
0.011189868117
0.125463172595
0.000361413692
0.000673865722
12.493963898966
5.073907971692
0.186949104487
0.310932427351
0.556080405702
0.034808115614
0.000061200613
1262.826313109240
0.014050826904
0.116229331304
0.000340169775
0.000745550670
9.750925756913
3.603673311261
0.146643340133
0.168564188808
0.549487957444
0.036981743879
0.000056699510
1236.540925014933
0.011332441619
0.086465798798
0.000367574459
0.000788710044
18.576505475595
3.971629956363
0.329326833353
0.228829505403
0.389230435972
0.029055512809
0.000048731112
1215.247059713698
0.015675916007
0.083860629353
0.000322859260
0.000530150716
19.255955450606
4.774684659230
0.281670520607
0.262365821106
0.409828854597
0.031810143354
0.000061631196
1218.174672502794
0.016232432567
0.096072965849
0.000334589077
0.000476119357
11.759663359275
4.866374797879
0.160323915494
0.154589690897
0.546699658436
0.036506933722
0.000044190449
1218.325328105229
0.012395451655
0.095977903447
0.000347974583
0.000755127278
11.131949852534
4.318990638467
0.155442629912
0.482508365154
0.611489988154
0.036862197113
0.000128319714
1257.406092584058
0.012284460170
0.084898663666
0.000326608336
0.000670024423
14.083381991485
5.501960676974
0.211189745106
0.478040924106
0.413283711530
0.028190056466
0.000042378523
799.598089217234
0.016864462180
0.107618725360
0.000282521019
0.000539558393
18.551026362884
4.148066588876
0.199966155820
0.147623445364
0.468928609296
0.022663012680
0.000024529686
781.952663279895
0.013884765170
0.100229397148
0.000318570293
0.000558118781
19.735681929152
5.193796388701
0.204960739925
0.848461527464
0.592579540103
0.028463545698
0.000161227208
903.868262271547
0.013197729049
0.131219669889
0.000299750459
0.000451337475
18.130722865106
5.176048150571
0.264290822319
0.542143516767
0.362844519136
0.024929499111
0.000061675213
1298.010488344130
0.018924250230
0.116169083748
0.000258128877
0.000529999397
12.747567080075
7.394171701263
0.196002103530
0.319349523898
0.285028375160
0.029699727080
0.000037773983
1195.514159462917
0.014211635275
0.123265353059
0.000252273586
0.000598951504
14.977100514499
6.038799823783
0.235841757830
0.401861726507
0.346735768654
0.027447098463
0.000046463538
836.316351704772
0.018070179349
0.093357109417
0.000276494143
0.000516728193
11.259586521467
4.285871696333
0.167431976780
0.430527385312
0.594837085112
0.036517947323
0.000078767567
1266.331551290895
0.013981004267
0.096691426386
0.000344780056
0.000738819412
19.711034789586
5.198480138452
0.187855579619
0.772610370743
0.620964383754
0.028313102078
0.000091024915
949.971968646618
0.012493022800
0.137523475375
0.000306350777
0.000433491343
19.704679658435
6.036189840573
0.137153642488
0.332212701222
0.629373583550
0.038579017238
0.000076844913
1378.820692626494
0.015537002891
0.094056134837
0.000269753189
0.000611050552
14.831694530929
6.567536691682
0.239651603923
0.646879211187
0.725264721371
0.034023876671
0.000178917751
1238.095583434273
0.011520406554
0.148980890623
0.000240498374
0.000733211036
13.586232493959
5.914570908511
0.246988335472
0.393135870148
0.478148136019
0.027599369376
0.000033670079
936.072547463674
0.016785113886
0.113218345047
0.000287218871
0.000519694390
14.601938603767
4.020525320185
0.356026918503
0.360902354573
0.460846894256
0.023664219796
0.000053794946
925.739126010196
0.016406814600
0.141358598257
0.000286322182
0.000383349255
19.460881917958
4.057172489381
0.259874365032
0.246603547843
0.492996044459
0.036599100259
0.000052866510
1200.797122419708
0.017657792761
0.083701448687
0.000384437329
0.000440290077
11.201203210876
4.238335644558
0.150027504254
0.479158459429
0.631087250346
0.036306725846
0.000129603050
1262.090255886425
0.012646245012
0.085317327020
0.000324429340
0.000663564075
19.313336822863
5.278220172877
0.220483640387
0.805669492711
0.598523509941
0.029245444506
0.000134162124
887.688086522111
0.012662468548
0.126520516390
0.000307085183
0.000428914964
19.450700880578
5.155851310006
0.207722073288
0.806349312520
0.668684350985
0.023445074459
0.000094365673
992.158286080146
0.013183083560
0.135655450450
0.000301241996
0.000430661762
13.295358056139
5.019305790688
0.360826022533
0.287464860633
0.422639473357
0.022287228617
0.000045911812
924.617231364011
0.017490706873
0.123356177297
0.000259827832
0.000561315167
13.280818391258
5.319908141378
0.155991885262
0.393470168566
0.550328422991
0.039213144968
0.000054710660
1221.575266800355
0.014268459084
0.095483355330
0.000358073566
0.000724672129
15.722866194433
6.697061804191
0.229720899996
0.557126889657
0.400444572048
0.030222503683
0.000043018021
849.569824977792
0.019120363717
0.101149631656
0.000306225474
0.000482815691
10.566754664228
4.423757814868
0.157972418842
0.486569325744
0.524170018047
0.038049443460
0.000059878123
1212.553301551568
0.012583930943
0.094625404419
0.000371374124
0.000824681995
17.788446378550
4.118064353846
0.160477944555
0.143258839741
0.504734265363
0.021809476678
0.000042746918
838.920461757994
0.013763957849
0.105219674053
0.000276698026
0.000398655288
19.864442658983
4.815298179267
0.248507009756
0.225548332192
0.403154072460
0.029200012357
0.000064542168
1392.645714884558
0.015957539046
0.115117277127
0.000298943502
0.000371668216
10.412999527670
4.672718919332
0.139677815625
0.116681445767
0.555585706936
0.038209173533
0.000043397265
1222.482224124710
0.012582245456
0.092703561429
0.000378319905
0.000779255914
17.830392666940
5.281978029838
0.192695073099
0.587126593541
0.297884648583
0.029889136523
0.000065787370
1214.952593159870
0.012152936053
0.158273858701
0.000324629490
0.000504055279
12.544720985190
7.509487238829
0.214131182320
0.223202689137
0.313134860296
0.026216855484
0.000046536656
1145.012761610409
0.015306207606
0.131084828037
0.000256202922
0.000601327576
10.393828773804
4.184713650480
0.169154715008
0.236128473671
0.560650212452
0.036742436369
0.000062311778
1237.213457119630
0.012337861020
0.092646173752
0.000352735583
0.000735852178
9.927524552699
3.807541540089
0.150302196512
0.175626841153
0.551405587439
0.038570414218
0.000047444953
1236.841850821339
0.011984987763
0.092123523533
0.000374268654
0.000811145995
20.357126501478
5.815930004712
0.167486998783
0.766966141541
0.696741222895
0.028229944497
0.000074960573
955.654972952894
0.009837049821
0.126119994178
0.000355499944
0.000470351738
19.325676613497
5.433645203909
0.188460049341
0.792975886847
0.556483834922
0.032418149522
0.000113141490
883.447466900732
0.012622952498
0.140853872058
0.000316738551
0.000457058956
9.716895305906
4.313985549163
0.206665985189
0.231917885675
0.561052788670
0.035555983761
0.000043147042
1258.097493223086
0.011650527718
0.102747850190
0.000350408232
0.000779438328
18.694290985775
4.312192536692
0.163270188680
0.507331314984
0.555800517428
0.021270394976
0.000042788471
843.178852325890
0.012175215804
0.101015122724
0.000280329705
0.000539703444
20.346712566713
7.479842894421
0.154266315379
0.409770872288
0.545408806719
0.036978780251
0.000059634658
1378.437602598734
0.019973469286
0.101940203038
0.000230112150
0.000622303590
9.143692406911
3.690441281967
0.153478342743
0.171408329711
0.560274244939
0.036585264238
0.000039905868
1235.377887032697
0.011796706075
0.084584611328
0.000354087352
0.000806363846
14.218412388450
4.195314592985
0.153162472529
0.366130839016
0.645848059514
0.034901300708
0.000122464916
1367.075080306604
0.009373968164
0.078223896504
0.000404494029
0.000744690080
20.134477167419
4.799070040102
0.313903140327
0.125997692500
0.496081687135
0.039581267271
0.000033249391
1219.707330931309
0.017254766298
0.079402273339
0.000323502933
0.000433116782
17.853927171187
3.565396746997
0.122785260424
0.122665832413
0.422702910575
0.022663371682
0.000029423750
858.825192329649
0.014042271750
0.094918624843
0.000307919799
0.000437101886
19.197337196800
4.729944149457
0.256095424407
0.358886261566
0.393664292615
0.030259857842
0.000047305248
1244.714930526926
0.015957305551
0.111859070067
0.000316786700
0.000443390901
9.590398561969
4.980780716321
0.242565359362
0.185892576892
0.570765592368
0.039240179768
0.000039037248
1167.145862441116
0.013185554163
0.114387946365
0.000326308884
0.000735403847
11.646764840154
4.905483465188
0.125489121838
0.124213469122
0.570810734175
0.037324429741
0.000054760182
1236.279349771075
0.011720754121
0.109299909882
0.000365378484
0.000749990348
10.763873531624
4.419498659204
0.157675965304
0.234908497593
0.552936771507
0.037311671635
0.000063491220
1243.154096693855
0.012757602728
0.087895977535
0.000366966878
0.000757006584
19.837714703852
4.583629084187
0.243989273790
0.299344314310
0.397022373102
0.025954584777
0.000050584101
1332.035757414843
0.018259415044
0.105494762524
0.000266631728
0.000523925423
13.145681902664
7.494855253673
0.199760899788
0.385688670378
0.373031172122
0.031780615232
0.000045474572
1189.698908933243
0.013069377114
0.130029019861
0.000213437974
0.000618523137
20.217268208586
4.448756781317
0.271699709469
0.337907135599
0.385739866446
0.034078806834
0.000055811190
1224.360161499114
0.016626826730
0.076455157153
0.000381155833
0.000471549278
12.702553776832
7.550472092728
0.199192972073
0.269536294720
0.252433799919
0.028087457858
0.000048990311
1177.533683547659
0.014230300411
0.125531302135
0.000263533923
0.000587966922
17.987658170598
4.054808894402
0.188539740229
0.166075125227
0.353778523892
0.023141835799
0.000048791168
1343.939840373466
0.017409590144
0.157482348001
0.000200156209
0.000531942689
19.802691382823
4.387470340930
0.302767023586
0.468759693489
0.363940400389
0.025004038179
0.000061570773
1256.187490917996
0.018797700203
0.109581031931
0.000250018561
0.000445357028
10.924834647263
5.976137573243
0.304392391974
0.828832763970
0.492087008762
0.022506353448
0.000137852654
1008.764893581731
0.013869958096
0.166415094110
0.000348291504
0.000639176972
18.336460306063
4.096671533563
0.133859018138
0.456721839631
0.485749489711
0.019590207012
0.000060180027
856.451061804544
0.014455313079
0.098182118690
0.000268797116
0.000466827688
19.793042318771
5.399272005040
0.171397971921
0.714359691970
0.592585061527
0.030512235987
0.000053599050
939.956672593567
0.011720527906
0.145836155287
0.000326270064
0.000409814205
20.037739656913
5.475770782193
0.219240773199
0.203452664079
0.259640529126
0.031939255287
0.000033114333
1324.345967998173
0.015420458818
0.122829600562
0.000379286271
0.000554525496
19.914073738139
4.318806192526
0.275571625488
0.134758354077
0.439944122635
0.035614074557
0.000049329182
1269.517853532672
0.016836323638
0.084247825569
0.000356725316
0.000415568864
14.153603533222
4.629553498496
0.209173412244
0.369518535066
0.386608991944
0.031601230494
0.000057323032
961.434205349826
0.017137207911
0.135795518505
0.000320700863
0.000553255386
11.586793250030
4.823658074159
0.134874535224
0.510542025914
0.675598663629
0.037003030324
0.000144820536
1269.777435166784
0.012827927713
0.122556323712
0.000324963440
0.000642085478
11.502328962455
5.377226046411
0.264693283750
0.864773999824
0.399099059589
0.021630045141
0.000174421548
945.903811281055
0.013635026701
0.161063640053
0.000330231808
0.000567534540
18.645236090068
4.316840116772
0.271322110320
0.291900439010
0.336322189691
0.030829395773
0.000068970516
1323.834434764690
0.016887083644
0.097540995337
0.000332104950
0.000399254856
19.234170373461
4.563130359836
0.272215374041
0.258065341942
0.365824171314
0.032082620597
0.000062245809
1271.689997628960
0.016702281767
0.105471462710
0.000321765685
0.000477364623
19.260410193704
4.560533144853
0.277416245300
0.265728549803
0.416689535816
0.032950348797
0.000045795115
1275.265659771836
0.017156095327
0.096539894952
0.000344932175
0.000448184871
10.283915836726
6.432493526775
0.213726325445
0.554846998878
0.717684013468
0.035030894032
0.000146623777
1222.674057373209
0.012798726871
0.146192648221
0.000265171885
0.000722087825
20.478353350091
5.050155321744
0.196099397994
0.787402000826
0.667859855553
0.024424005136
0.000112535712
975.075090120292
0.011965949065
0.132930310515
0.000296053077
0.000465677343
19.290448106953
4.139976973281
0.121656228528
0.245584279785
0.454118832988
0.021662035682
0.000054452410
904.383615196822
0.013926924393
0.089013906713
0.000292638784
0.000408596751
18.868642344693
4.336780109201
0.321755795518
0.370067489281
0.431127647404
0.033691472989
0.000079157761
1336.348044141624
0.015760750852
0.134601957873
0.000334935981
0.000430877581
12.670251317856
7.506943963524
0.182548285061
0.175428800154
0.247069596495
0.029593363045
0.000032603888
1158.864285841322
0.013271154331
0.125804051749
0.000247593385
0.000563803228
19.765661050438
4.252563999757
0.247869662386
0.247111793749
0.420349592365
0.032657556863
0.000059681344
1271.969552789844
0.016944556361
0.088810316688
0.000346794013
0.000418055286
10.435560688088
4.422023086699
0.139739319701
0.155733055423
0.547717299044
0.036873086569
0.000058163729
1249.217690761582
0.011522726138
0.086842423527
0.000373901709
0.000822666848
19.480167507267
4.001965248326
0.291220646024
0.916578258906
0.530900816401
0.033527026061
0.000108562466
885.715781175586
0.014418914859
0.131985567970
0.000245558466
0.000390726077
9.787381181819
3.950489363696
0.158874268963
0.243005760666
0.680453403671
0.033743754921
0.000049303630
1195.643934095347
0.010359275520
0.090582992168
0.000351163104
0.000792772252
19.190432786990
4.579757328830
0.251863307701
0.345644975156
0.393007045573
0.029252055180
0.000061961460
1253.179315367450
0.016290605886
0.115791396782
0.000307631415
0.000446976299
9.966246106171
3.371506378287
0.138278232568
0.497194013425
0.515556752583
0.041316062650
0.000076263936
1185.167067364345
0.012966081469
0.117773222826
0.000363421237
0.000771088334
11.885311740725
4.793573920737
0.162352881757
0.208624768213
0.557328872764
0.038288630189
0.000055029574
1234.579682402426
0.012888369679
0.094439368917
0.000359140503
0.000751369316
11.415791185644
5.425680369444
0.248839401075
0.780881158588
0.521627035232
0.025601059471
0.000192718973
1000.766289308593
0.014295969718
0.143648594395
0.000315778961
0.000538141712
10.860415993486
3.608691864395
0.161514226217
0.155398376616
0.599547884456
0.034453534696
0.000054587663
1278.035388920313
0.013576452901
0.081881908403
0.000331173819
0.000766973554
11.946876253522
4.597272263659
0.152605508674
0.477780337984
0.625623307335
0.035746471763
0.000131350014
1272.011579548152
0.012844479788
0.085576534171
0.000334351071
0.000634965049
11.453925077444
5.581437196248
0.258315031551
0.925945235896
0.456234012991
0.024797151908
0.000135760223
974.153233809839
0.013648538187
0.151513532950
0.000327026277
0.000541660804
19.328007409626
5.027881789324
0.131292714993
0.910132563446
0.696953419941
0.034593017087
0.000075814241
937.094492772180
0.011192084083
0.167160237248
0.000331670361
0.000416335296
12.655543700947
4.405268366770
0.238753499735
0.437627216951
0.511484743079
0.031367640693
0.000051687042
1009.693540357304
0.017051285472
0.159658387056
0.000315316190
0.000497872190
19.886899813596
5.198727193049
0.195145455202
0.747456235187
0.602490549574
0.026849020004
0.000119329560
944.154234350889
0.012860504262
0.133615300549
0.000310160777
0.000424939447
13.994834177761
7.449505116958
0.241005911317
0.192998255549
0.310329689717
0.024925427433
0.000057502590
1221.877979132977
0.014830257817
0.109004105149
0.000293830471
0.000580609015
13.462224891138
4.811228922172
0.341001136767
0.272207551254
0.414606336487
0.021665314355
0.000039336422
930.580971388210
0.017791933999
0.119880689500
0.000243871676
0.000510633710
10.524129108798
5.794128245987
0.281470845044
0.607492661379
0.458649514492
0.023185675107
0.000175253798
999.395955825544
0.012422328676
0.160106364183
0.000326791124
0.000590013365
11.225484257249
4.814253981467
0.147709222871
0.153385824168
0.575248231584
0.032327271677
0.000062641389
1218.192669795105
0.012796135524
0.079964361280
0.000383590426
0.000738452054
18.614628211897
3.427996920941
0.161857362055
0.325691266518
0.533770165977
0.025439300046
0.000040814428
862.885246813685
0.010438951036
0.083394797200
0.000281698763
0.000372305344
14.874175033736
3.889170321284
0.166594518571
0.197258994165
0.291045553064
0.030872831363
0.000036605450
988.169113824316
0.018320730356
0.138438742999
0.000271715372
0.000424825725
11.662426491869
4.417498544800
0.244982879874
0.500863276587
0.503932754964
0.029954287233
0.000038398345
886.792753641699
0.016850106842
0.141138487931
0.000296669968
0.000568828693
13.131870297732
6.777295420244
0.199653140344
0.120473025754
0.325988263618
0.028728286942
0.000055922680
1272.156981394830
0.013907345963
0.152341215368
0.000179002810
0.000549190273
16.423957674223
3.989215843562
0.235592538649
0.183911904994
0.477023579977
0.028176420069
0.000031674767
887.269814451503
0.012868144310
0.094437805559
0.000309766792
0.000510858168
10.185447317322
3.801784204763
0.212022794357
0.201952886918
0.554079778866
0.037012439590
0.000040830122
1185.674184560982
0.011063883641
0.116828129357
0.000387957691
0.000824746745
18.156709318473
4.325549223779
0.220559197327
0.509036650635
0.301873288638
0.027455801617
0.000055180392
1309.175907347512
0.018250860677
0.133891046652
0.000279607725
0.000446553065
12.432967787049
5.048544436853
0.315519120739
0.845331867835
0.275160776854
0.023374878647
0.000058080449
918.435866792656
0.013393321429
0.144728394120
0.000404476770
0.000694300905
13.343963354009
6.938684584225
0.174451498600
0.238079407511
0.401138719189
0.027508225812
0.000034793868
1195.113548990182
0.015357827877
0.120066311786
0.000236107170
0.000540039553
17.837512950971
3.818408687892
0.144072462894
0.106758156087
0.526745941416
0.020572202902
0.000049077630
853.792885953701
0.013592837677
0.106656902051
0.000257757644
0.000360058395
19.818113537199
5.188338046641
0.198529455336
0.394986668395
0.306052223280
0.024871620971
0.000060618403
1263.706585993883
0.018275547331
0.123213985704
0.000302270281
0.000381525860
15.279892235429
5.504427244797
0.158141278004
0.379074969458
0.559247858880
0.023682186623
0.000067298489
1217.976246864687
0.011865940101
0.109391200754
0.000275884739
0.000629924007
19.167685162680
4.310543024402
0.271221018597
0.224083971293
0.447811995025
0.029915596833
0.000042344742
1260.882360165384
0.016883963138
0.105511435962
0.000346237220
0.000415268031
20.122227305204
7.425613521765
0.158873967703
0.216037900103
0.741846466412
0.039931172042
0.000054329274
1375.117518372070
0.015991242999
0.074366702109
0.000223470051
0.000443547489
18.994780226681
3.321142741932
0.122345804397
0.104555631506
0.487033031256
0.026710419480
0.000030977365
855.079560471239
0.013953929133
0.086649093512
0.000250933662
0.000402437575
14.047987061529
5.144540381918
0.335430164731
0.313957058028
0.371426731781
0.020152669061
0.000054615773
905.467751418975
0.018240271294
0.125214430210
0.000277738330
0.000443470801
19.384465231962
4.461383243272
0.258924971635
0.273854191943
0.481887473437
0.035281804171
0.000041706581
1210.895101909836
0.016278372018
0.076163580475
0.000393991434
0.000360437454
10.147885707758
3.972404634579
0.163818125842
0.255065008519
0.590580273300
0.036445068290
0.000056832492
1219.234382272415
0.011924500017
0.087857400467
0.000360575881
0.000759763254
11.760890872895
5.014846828506
0.151554092988
0.260331453107
0.635672524409
0.038022033186
0.000068770554
1223.438127927701
0.012367242319
0.081792330042
0.000358443302
0.000790798094
18.499426791470
4.678932641317
0.271249444708
0.375885913970
0.356520877962
0.028465426746
0.000053182346
1218.293596071567
0.016601738937
0.117098484579
0.000291859934
0.000487680824
9.587459026204
4.200276188240
0.144393924715
0.237641039590
0.566752502164
0.038002324240
0.000035910881
1275.957187195961
0.010417667462
0.083894012126
0.000329356075
0.000813947092
10.620507650145
4.377326294356
0.147668683592
0.118092591331
0.734675820712
0.034940504939
0.000034874702
1230.860317299193
0.009863204642
0.098101813581
0.000322893462
0.000798846977
10.571431861879
4.323046125713
0.156275363130
0.193040826988
0.557925473538
0.037131527767
0.000044899947
1254.146869321863
0.012700823023
0.090481240795
0.000352542801
0.000774385088
20.055303277853
4.647417809831
0.189362511469
0.925072160580
0.638641219051
0.033050433836
0.000135690415
974.892227546511
0.015327948473
0.157141957774
0.000358009717
0.000465328306
20.415850247315
3.768316616451
0.268532620294
0.168930172917
0.425304310458
0.036278384230
0.000039460561
1257.372936970849
0.016817171068
0.095071630784
0.000388451877
0.000356222696
11.643387051672
3.719421041983
0.143877334230
0.138958032513
0.525689724206
0.035291932374
0.000032714306
1221.445570709937
0.009855971021
0.087365667799
0.000338026460
0.000793858799
12.207624989316
7.187008859461
0.175366754177
0.253171055375
0.371797008750
0.031003413195
0.000037532837
1165.800457578358
0.013682191160
0.134713126252
0.000221537160
0.000529168418
10.195531207540
5.984581759291
0.210390177525
0.975633452755
0.554850295741
0.018214978270
0.000107616680
1048.632659074011
0.011747197348
0.167387972775
0.000400953558
0.000445327079
16.974586601163
4.144998070251
0.190349808278
0.120812831577
0.512764650724
0.022134306598
0.000038846605
841.253910712362
0.014702622389
0.117305365793
0.000266312373
0.000418814594
18.212015499072
3.587074431170
0.141064854742
0.104488749248
0.488644677732
0.020729733094
0.000047078202
866.595911046806
0.014460870522
0.103133587742
0.000271590458
0.000463165282
17.977116332728
4.347223752130
0.235629960386
0.353039143215
0.324443932778
0.021934412645
0.000048569225
1347.239012269977
0.017756461833
0.135400597337
0.000232934266
0.000546938056
19.737933985287
4.341936785080
0.288791019336
0.164661362620
0.436080019355
0.034882371883
0.000045559204
1238.693175663106
0.017412167283
0.084405757637
0.000369644493
0.000430532035
20.152263204956
3.786465440045
0.291880802445
0.238840985745
0.467942179993
0.038838130050
0.000041488956
1296.267951290379
0.017804647232
0.095763198749
0.000374814296
0.000365849288
19.028404103081
4.718798797456
0.276904871626
0.269801403132
0.407560556581
0.034886624744
0.000051844618
1163.849837445659
0.015542026641
0.109352271765
0.000334078385
0.000498637166
19.597051069388
6.364226690017
0.158576315547
0.642182465057
0.492339368770
0.036065712989
0.000060868161
891.818736457936
0.009707342814
0.150045183440
0.000332641173
0.000356356549
13.648830363390
4.681675740849
0.338780261387
0.315408634443
0.392911450714
0.022836047175
0.000047380157
955.039605796273
0.017325631150
0.128524039062
0.000263265350
0.000489613085
9.701938680603
4.336918799532
0.153799033406
0.267183231427
0.668212528456
0.038715820015
0.000053231350
1224.546758327323
0.011177178703
0.074337906361
0.000367088458
0.000786035676
17.246094149665
4.622358359936
0.163308124325
0.115705458946
0.530186753765
0.028755863711
0.000030440860
830.199224390038
0.012203153127
0.119498032705
0.000255608013
0.000376820579
14.285006287324
4.503687016811
0.357811550894
0.206800181574
0.322127973876
0.023234915039
0.000038701049
961.583708162151
0.017104021452
0.135457772692
0.000287786947
0.000545162990
19.157666927106
3.958824852363
0.167628126686
0.139921286678
0.528142877885
0.021851364379
0.000032022864
872.628136624588
0.012521041005
0.094058902775
0.000275266128
0.000437075894
20.268378896814
5.037628907151
0.167719260522
0.740508326810
0.637562282875
0.024721852033
0.000085367157
1002.426378186457
0.012922719426
0.135849932402
0.000290295296
0.000440853189
18.428155633692
5.464572698025
0.190645855447
0.641287516925
0.512784014579
0.029285443493
0.000071089132
909.523221678974
0.013611028919
0.159141304127
0.000359178152
0.000367029924
18.234458622062
4.779522304655
0.227720573818
0.467158816238
0.355521159450
0.023913469195
0.000047488274
1244.557233190576
0.017846355449
0.155680758820
0.000255706622
0.000497458832
17.949154464056
4.027411200511
0.155835362266
0.125029786324
0.497653720063
0.021917932204
0.000039014437
845.572611185438
0.013832236094
0.104329781474
0.000278132291
0.000398331186
20.465665236809
5.275458052483
0.131880857399
0.736613451858
0.612589888420
0.037060504991
0.000131259307
875.696718596319
0.013578459029
0.134442694628
0.000303280086
0.000416696134
10.267589176963
4.490203723346
0.148555536332
0.525050368264
0.478949310092
0.037577054886
0.000058918891
1258.658371395426
0.013021226892
0.083293550463
0.000387641609
0.000683831075
19.237688944238
5.974435408179
0.167703998456
0.774250862803
0.579435996595
0.038136905577
0.000151768353
818.556371448147
0.010493697194
0.127738388329
0.000348671386
0.000460527995
9.892662919306
4.452060660448
0.158104289233
0.105138105671
0.597820745999
0.040676942538
0.000040303324
1206.821383793509
0.013128378775
0.086891072779
0.000371912718
0.000778735588
13.798422461473
6.996996832133
0.228361181064
0.295761783028
0.456008112160
0.026681787643
0.000047571299
1234.235841148942
0.010302926101
0.138840089537
0.000210195571
0.000662190075
12.670178122318
6.204103602288
0.145889873565
0.476044529828
0.322713794824
0.033912434325
0.000047470678
1270.773212310872
0.015329427039
0.151379867902
0.000209332477
0.000566731321
19.603317594196
4.886625138910
0.268425300992
0.258906957140
0.478486505400
0.031825846835
0.000059098141
1232.535213813065
0.015668502944
0.097236904049
0.000341544754
0.000462578428
14.234007873273
5.510672181638
0.221064846421
0.325169078216
0.352801926902
0.029677156597
0.000037921672
871.215230711438
0.018830859575
0.106319551237
0.000307989854
0.000567108181
14.314955236252
4.982529293553
0.198888560626
0.418401729117
0.441294848052
0.027998891586
0.000061356605
1021.400590915314
0.018630264574
0.127011769751
0.000338722062
0.000519779366
12.915008087249
5.278189348388
0.333593706457
0.273780500196
0.443064036528
0.026198071551
0.000031151899
925.024886107581
0.015451725600
0.135998056350
0.000256027587
0.000573658501
19.163104762093
3.704886291250
0.175981208946
0.140369638179
0.469908964274
0.028702491503
0.000043326300
889.341488453178
0.015155669672
0.089829656237
0.000304685267
0.000355958601
18.303031784833
3.752236517322
0.146864389778
0.177438498242
0.519776230312
0.024953972192
0.000032417993
881.251961339973
0.014763569634
0.089522938743
0.000232987524
0.000409599282
19.515239661992
7.256763779397
0.133408590279
0.349620455752
0.526617328216
0.027254108752
0.000079037788
1369.052548565049
0.020401044902
0.111915992821
0.000224731215
0.000577278707
19.766675399225
5.305367298770
0.195405658770
0.782834763148
0.597074283902
0.029385630774
0.000119659246
943.258575881508
0.012507551192
0.135393884855
0.000308408020
0.000446064413
9.535354415662
3.629874183538
0.161011474230
0.201574494558
0.564286181955
0.037268672155
0.000043294446
1220.479903010133
0.011566240666
0.085005967729
0.000356565698
0.000801218005
9.570093997798
4.318915954524
0.268910892066
0.991613641868
0.293979946302
0.019642783072
0.000121922666
1113.097763396671
0.012568607112
0.167474708105
0.000321922936
0.000507295185
19.061393154247
6.096692406420
0.174265913950
0.605192786169
0.460766682660
0.039888532700
0.000063874191
809.432592248645
0.011740749113
0.146545836442
0.000375084727
0.000408155301
20.133027978390
5.163723823305
0.176336470647
0.761926890631
0.653713961819
0.024091309022
0.000138628581
970.017071243881
0.014122798439
0.140454318061
0.000280711312
0.000473121704
12.644628319125
4.740128912820
0.157732459941
0.208234661761
0.547951176856
0.038668318272
0.000052243617
1230.761239560280
0.013126175355
0.096034858923
0.000363463516
0.000725033409
11.538004052398
5.362451022276
0.207244794278
0.609737675881
0.581909945323
0.030797221939
0.000047965349
1318.521636214397
0.012575905110
0.107408170103
0.000270732394
0.000741108729
18.829958791726
7.022607041329
0.122383915618
0.339503573839
0.583716581511
0.034180186970
0.000051905296
1375.133513096844
0.018339798388
0.105121077322
0.000181600530
0.000457208741
11.483592185102
4.871901183849
0.154051308432
0.201299562172
0.552291006846
0.037941919177
0.000051664521
1222.606880265769
0.012797587083
0.093992667595
0.000366298359
0.000759114954
19.865465305783
4.438841532077
0.275790886111
0.215118980560
0.406744093733
0.033974237317
0.000036568904
1248.735951011506
0.017152316872
0.089241298087
0.000353319812
0.000423418386
12.814606689921
7.411471733488
0.188788735676
0.257296127683
0.320755212364
0.029456852773
0.000039776772
1224.241882940105
0.013297905492
0.130855392880
0.000252673622
0.000598424087
20.577032056201
3.770011140053
0.270423178809
0.108701503263
0.444519444107
0.036432848041
0.000033803263
1310.976083216582
0.017416332660
0.115649740286
0.000400041864
0.000395534229
9.742716547475
4.169011725131
0.161706508387
0.171110500591
0.555175556330
0.036939118162
0.000052397896
1208.656151519884
0.011674240590
0.083463902506
0.000363739137
0.000799935256
9.860766148866
4.792390941880
0.121853070420
0.522717094617
0.560977324528
0.040536288254
0.000049720152
1197.882418947859
0.011723229415
0.088189722011
0.000356968634
0.000636521320
19.987673233129
4.087646026711
0.327362503577
0.525756931465
0.478420001370
0.038388848791
0.000044312529
1216.927586020070
0.018535788679
0.098617159520
0.000293762854
0.000421103077
16.296526792483
3.762436560645
0.288855349722
0.153611425853
0.431409233513
0.039161749852
0.000044196473
1359.397907163667
0.013856392500
0.102016117784
0.000327468418
0.000516377378
9.987535006036
3.824418902723
0.221216239476
0.291512285536
0.428709689344
0.031198966190
0.000039680370
1245.408424344628
0.011682296578
0.133111861247
0.000350914745
0.000708765087
12.802376856803
7.405933840176
0.201562242556
0.300895155276
0.283561061342
0.028101429097
0.000053712978
1201.532239243983
0.014187331010
0.125553227383
0.000254052517
0.000576208397
10.020337859819
4.007831083446
0.126563962182
0.183771637792
0.545577200427
0.040738910165
0.000050862062
1231.827562459592
0.011847420116
0.088504402551
0.000386169186
0.000800146260
9.834532863225
3.931933727888
0.160261902478
0.257050834460
0.550519181701
0.037390467038
0.000039126014
1219.088601328681
0.013236990258
0.093054069336
0.000327968304
0.000736096671
10.057408650641
3.615682833253
0.163792126033
0.278964791877
0.589798948386
0.034603778419
0.000063099700
1238.575543116405
0.011761004355
0.078798823408
0.000297186801
0.000723315812
10.239248839692
4.087995901120
0.155301401706
0.308807335054
0.572047899155
0.036373289550
0.000064508219
1216.669926631321
0.011675214578
0.096140438534
0.000323402520
0.000767250767
19.691662620716
4.335636465916
0.196634212072
0.133095771562
0.486419906154
0.024752264851
0.000042594303
949.254871583852
0.013002482979
0.074352140621
0.000218092436
0.000391524600
13.148955849479
7.347014852711
0.197093575594
0.329332655512
0.326840397745
0.026612000887
0.000053743543
1156.900772868750
0.014094985421
0.126649139544
0.000255705509
0.000591350332
18.130506712118
3.568070512990
0.135235475217
0.296581417815
0.464675974638
0.027776150845
0.000044869140
833.215575256144
0.014137393440
0.112707191808
0.000325897676
0.000372107504
16.765346574269
3.569568153922
0.247230478706
0.111530800254
0.521295447609
0.031378455457
0.000044219314
765.183613110964
0.010580821761
0.114886812550
0.000382904599
0.000377717675
20.715193841488
5.729088225023
0.253386788498
0.562532098346
0.261632866619
0.025388158678
0.000049100760
1370.262653268690
0.020281379988
0.140145219569
0.000288644771
0.000388209360
18.281645135662
4.096256122700
0.168747134265
0.159252874180
0.532470683901
0.024112779198
0.000035333773
833.664137065315
0.013233788199
0.119941018997
0.000284469697
0.000377247569
20.696917834617
5.220248994281
0.164021242150
0.866612578591
0.564589758467
0.031898796341
0.000130706623
939.299165310659
0.011586043011
0.142479993024
0.000306565134
0.000445973642
11.326099653060
4.476107000357
0.173925421337
0.346568910122
0.554671352191
0.033615946398
0.000075579539
1252.850184358414
0.013500556244
0.093234648734
0.000343168091
0.000671080855
18.349070925641
3.928321785789
0.167436167309
0.093164632803
0.494086164675
0.022701358352
0.000032349158
861.908680278393
0.013623183190
0.107860895033
0.000285379457
0.000487107453
20.252178995660
4.257980693823
0.210325280996
0.440599736368
0.564792777363
0.027114932387
0.000037363326
922.396073720322
0.010703967023
0.092587351446
0.000288030025
0.000458715620
15.803717865530
4.067441473264
0.260302610263
0.266863028281
0.500026140280
0.021876259129
0.000043924351
812.978951501023
0.012931240334
0.115001796173
0.000314908692
0.000357843362
19.482148939850
7.441289753880
0.148336861975
0.237240917976
0.601011259580
0.036518300287
0.000060529402
1371.126283724038
0.019835389660
0.097510434818
0.000273700115
0.000498242530
20.726491161555
6.105896571178
0.247571804837
0.716159973229
0.707139140672
0.020499537237
0.000064736829
871.901083570600
0.009505630315
0.099571423333
0.000221096027
0.000375763301
9.670297504132
4.367286818724
0.230722254937
0.190995873997
0.670249259414
0.036367315967
0.000044218213
1134.744991659376
0.009104422191
0.079669964955
0.000357609091
0.000757099153
11.359989077048
4.529888337521
0.174137144972
0.338290048099
0.561316603496
0.035973920755
0.000063582788
1249.156414412465
0.012972812039
0.104339626955
0.000358581131
0.000751623046
18.955860389150
3.330777476329
0.135905127521
0.119546250557
0.582887512718
0.019920999573
0.000033152131
859.886347625223
0.014962778390
0.106483059520
0.000302615916
0.000363432635
19.706384008892
4.508723491251
0.234288824719
0.308394005998
0.375864199237
0.031544102384
0.000057783277
1331.056370590628
0.016263345864
0.098709120486
0.000322186503
0.000399235952
10.186606570643
3.806863402678
0.139830316902
0.311905952738
0.602845115691
0.037718476968
0.000067335150
1246.551138978303
0.012105138544
0.078380549009
0.000346193351
0.000732704534
14.876291850030
7.493996899263
0.189285098528
0.364727663082
0.331497673116
0.021644085584
0.000058372891
1211.835977857811
0.014413296959
0.132563558749
0.000212109647
0.000505598457
18.481762762048
4.475895846065
0.163308891019
0.257537436083
0.595983478521
0.027646052837
0.000051363658
838.502104098309
0.013863375973
0.121086729140
0.000296893945
0.000412823190
18.808652030706
4.893411516274
0.193811017875
0.819972629632
0.489830559712
0.031381529242
0.000123929447
936.874604417070
0.013117585594
0.134399379817
0.000265191048
0.000508516395
15.252551450141
5.329095006411
0.211464708503
0.251373926730
0.339771470496
0.026474841639
0.000049319633
885.733047449580
0.017527166550
0.110137724329
0.000260124727
0.000529126113
12.960255422939
7.479316752754
0.203530653479
0.270007293029
0.386774167459
0.027871047352
0.000046426845
1192.825636434970
0.014788105069
0.126447220135
0.000249565923
0.000585221267
10.834294497689
5.435130803784
0.264325712118
0.961626766579
0.423635180762
0.023451080908
0.000154555227
966.162081576726
0.012828680167
0.159314323440
0.000331306632
0.000610265973
20.202192415690
4.352649794816
0.250907877888
0.280352004251
0.391161109677
0.032064482578
0.000058376200
1264.249399503147
0.018440863126
0.081231253752
0.000335610593
0.000440117924
14.028200557620
4.700347275024
0.347366895025
0.337789149867
0.382191322284
0.023923478904
0.000044792266
948.260550981010
0.017254886144
0.135609438594
0.000267682696
0.000472543665
15.706344875813
4.766379252150
0.220561580064
0.291378355649
0.349820155408
0.027723939874
0.000071373949
1345.211160207475
0.018106991586
0.092120296652
0.000277848134
0.000358344767
11.138214321531
4.945754094439
0.137494703553
0.106362705240
0.588459733273
0.038604076347
0.000044678025
1208.952994420848
0.011494615984
0.112709939821
0.000391297408
0.000714321186
10.297796271607
4.440875787747
0.124822895194
0.317429441863
0.558279565518
0.036601427801
0.000068942966
1247.195390681132
0.013122841561
0.110715974682
0.000342971180
0.000708433329
18.528572656470
5.101790313688
0.310841830754
0.307679938516
0.426036546080
0.032272658857
0.000062098465
1266.205246485521
0.017467643008
0.127653134998
0.000320689241
0.000409672673
18.678296591663
5.015045485185
0.125405795103
0.685136202559
0.476535520885
0.033234887977
0.000054950002
917.561585691785
0.014474685840
0.144071917552
0.000363980370
0.000521222616
9.718708061649
6.542649027945
0.281104868872
0.741041023889
0.612586583739
0.033981526725
0.000154198570
1246.589078452191
0.012231371186
0.145730362607
0.000246955930
0.000612471154
19.368685330715
4.253973790250
0.243529620257
0.489624157204
0.424652006557
0.020494772534
0.000038442998
938.409362628400
0.012380775150
0.097453293118
0.000312551183
0.000399265485
10.198829950154
6.144480518697
0.255772848636
0.934712031747
0.490392413095
0.024499461008
0.000186830882
898.495719506048
0.016113509271
0.141930174960
0.000281251737
0.000543546097
20.681730157610
5.297414360486
0.190724152114
0.797716925335
0.605128756048
0.032173862259
0.000070945215
966.207319780731
0.013559202300
0.146020019255
0.000305470890
0.000364368332
9.313978135718
4.199971618783
0.146856859095
0.431000426983
0.483411519509
0.036910532524
0.000062031640
1208.331935754770
0.012685500698
0.080355712601
0.000397072988
0.000767460155
12.602110781338
7.339249515093
0.210783628728
0.129216279070
0.297979760551
0.033904987782
0.000055683138
1170.896305376715
0.009929818447
0.160833130840
0.000180074885
0.000557511718
12.442491146977
3.675664354027
0.222946270486
0.135762706051
0.490326216164
0.037723635064
0.000036000337
1171.176387567924
0.010936142417
0.092587691791
0.000391079021
0.000796722995
10.376421902282
4.380940113550
0.153492961184
0.198102352711
0.526073942758
0.039968913496
0.000053615412
1185.396962556568
0.013387034087
0.093389474120
0.000372136547
0.000594401970
10.972025368164
4.537346097151
0.148717375112
0.174786505564
0.552073634887
0.037687612003
0.000047834621
1229.774808468360
0.012391989422
0.090757058284
0.000358407754
0.000780557255
10.370306657207
4.331485644931
0.158593740527
0.239633862489
0.556059178782
0.036236306470
0.000051189792
1257.019635237127
0.012334407591
0.087983497598
0.000350245070
0.000762010423
17.973528927970
4.095056592436
0.151957285565
0.123001517743
0.497664178323
0.020893423943
0.000041622314
842.186228093004
0.013899798372
0.103012478335
0.000273454872
0.000400557975
9.407888880961
3.491112397690
0.233647328618
0.505325383637
0.532257423608
0.041520052219
0.000076916929
1267.596287312471
0.011131696388
0.077555294526
0.000395193386
0.000760407556
19.556569084554
4.179753983696
0.270961588737
0.214435766630
0.388191777024
0.035720341202
0.000034710327
1242.969452215528
0.017669453759
0.089603702944
0.000355195034
0.000414371453
11.861760765863
4.867947783266
0.133614613638
0.236711423801
0.566120106201
0.038591438511
0.000069956955
1261.604667801232
0.013227876606
0.091781070889
0.000354857374
0.000723742303
20.320863855935
4.043292426592
0.273189192555
0.131181886359
0.452613555014
0.035431247985
0.000054534878
1258.491502086411
0.017709169518
0.119366973522
0.000395069461
0.000360367613
8.945715224216
3.654331285955
0.169123342460
0.513331535482
0.533574889863
0.036152642770
0.000067900857
1221.242061168099
0.011953012466
0.093805526366
0.000361748396
0.000828390439
13.648882452475
4.189929848731
0.155305115271
0.263926149353
0.621519846372
0.039434436643
0.000046053933
1227.515355037666
0.012072087188
0.083043291529
0.000372387147
0.000776476843
12.116163207272
4.993266201705
0.200294746990
0.451176066369
0.577517937163
0.035971323057
0.000075574067
1210.606690782096
0.014042767312
0.108337739078
0.000329253834
0.000673784204
13.896856003576
4.854239637671
0.333553113012
0.315879644775
0.398139233009
0.023908070542
0.000055960315
937.422960120022
0.017423856546
0.129187503000
0.000262110996
0.000509522190
10.342136319278
4.208070449993
0.134762259783
0.430998955455
0.556876403591
0.040796929263
0.000054174305
1217.896478514652
0.011664955038
0.091867513998
0.000379005598
0.000776086114
16.917593545053
4.864518065674
0.213230565657
0.226980750749
0.462389622250
0.021247354630
0.000040290084
909.339358470837
0.012159744626
0.135279027288
0.000296858640
0.000463145008
18.895799754169
4.790458612526
0.257168720021
0.386540341654
0.407882627901
0.030437821609
0.000071514363
1264.894454941712
0.016938664691
0.111168371753
0.000303749671
0.000471644698
13.297416865511
5.867369835572
0.184790687894
0.148155347421
0.281856623910
0.027449539413
0.000044619082
1288.343826580815
0.011962063005
0.131521132372
0.000202830588
0.000645198313
18.645451009263
5.067242012094
0.242699630776
0.378320110106
0.464529999132
0.030635451601
0.000059444570
1194.217579207594
0.017386389464
0.107533057277
0.000359258265
0.000516857106
9.640347833043
3.748028194329
0.169860119091
0.337523547457
0.566620305988
0.036059661990
0.000058819198
1261.791754738757
0.010524658692
0.094873050636
0.000366302869
0.000766725313
19.770843993797
5.324724952175
0.177943140883
0.814035144381
0.653836721999
0.026955508817
0.000101617199
989.653620306823
0.012601581734
0.139540874326
0.000301880174
0.000442439314
12.452172069450
3.923861907948
0.126547241811
0.246861677463
0.502634896809
0.036223494680
0.000036043183
1214.005558383437
0.009493840896
0.086849855114
0.000358481402
0.000651656847
8.991341139354
4.207166048972
0.171449714511
0.283482716390
0.620136837349
0.038560946378
0.000075100468
1289.735578660312
0.011411148354
0.091619682223
0.000340703509
0.000748322450
15.765380547057
6.613861198981
0.224082565052
0.537607808947
0.381320962609
0.026694056749
0.000044460441
877.231491577703
0.017967301126
0.080408318396
0.000243365545
0.000431150968
11.641533769170
6.806777052225
0.199762195253
0.130183650495
0.381384046523
0.024600353024
0.000048590562
1260.370848850689
0.014039245656
0.134927087337
0.000205476582
0.000556190109
17.837190705096
3.371744713799
0.134629001528
0.130629132116
0.475326349326
0.024669735792
0.000031862537
974.184684712974
0.015576069904
0.090987374834
0.000288956464
0.000371550961
19.598701281960
5.211850219772
0.173454815798
0.898823012575
0.472322288678
0.027696863220
0.000135557886
769.732635135701
0.016004928751
0.128713215281
0.000314111292
0.000503789236
19.156729042906
3.946534856215
0.225951899388
0.519876939377
0.558585859638
0.022188497920
0.000062957510
901.792899533704
0.013566379022
0.093671152619
0.000311184790
0.000533239624
11.935818297293
4.109983118698
0.228979750329
0.215785658609
0.507790249555
0.034258696507
0.000048974868
1137.906977633294
0.014631242188
0.096157521071
0.000339413579
0.000794004391
19.109564348386
4.759479413690
0.249164335374
0.355836493839
0.377717011502
0.030151936371
0.000054412245
1260.973668611741
0.016306472709
0.111797679656
0.000308712671
0.000460292691
18.637593732355
4.878417841391
0.271541457496
0.354977902266
0.382155288484
0.029765626186
0.000067747732
1233.549481144024
0.016316792029
0.117334346792
0.000311113456
0.000483824564
9.264857616173
3.932276891113
0.146118273657
0.201521831794
0.559727669040
0.036539667292
0.000044628447
1225.004726437480
0.012504792027
0.081144577193
0.000353167503
0.000817727577
18.845217407767
5.258091588118
0.199747058960
0.831838281092
0.523815096936
0.033392180385
0.000161840981
831.890907447237
0.013517112964
0.134681347302
0.000308050724
0.000507643951
11.444709117035
4.774920775925
0.148255264795
0.228463031546
0.596997224921
0.038457450662
0.000061110760
1229.591685132400
0.012160307073
0.093273690668
0.000353376664
0.000719808969
18.447108728658
4.676456660483
0.269030841411
0.343932289741
0.336058357205
0.028329077738
0.000064653226
1262.568368660913
0.015910837339
0.114942902864
0.000296668750
0.000454670813
17.451083108682
3.330554620583
0.177866416299
0.300116243080
0.494334277842
0.019445664091
0.000037118216
908.182982579045
0.014864614270
0.090418019742
0.000305517122
0.000531833610
9.836934784461
3.626908806643
0.227020982360
0.176978407808
0.594356482602
0.041481025858
0.000067577966
1356.735123066814
0.012943656916
0.086580291955
0.000330256729
0.000622847801
20.026116251082
4.609784681861
0.156419547996
0.878103574603
0.526741517260
0.028781419343
0.000095631155
983.470806965349
0.013719326612
0.149732143393
0.000333030299
0.000371390214
19.248848083244
4.003464120920
0.208598491545
0.274245482307
0.559134818029
0.026087119929
0.000030604822
823.374336167643
0.015075740669
0.087232773899
0.000264142565
0.000575261287
18.743527200541
5.328886240175
0.186083923364
0.868288812682
0.519106180294
0.034373856604
0.000120060078
829.386484790366
0.012960999334
0.132498179163
0.000325290802
0.000405923860
15.654281026558
4.109904089182
0.311365172704
0.305383817725
0.365241564197
0.032950038555
0.000059262769
1262.130613387482
0.016391112150
0.083827161544
0.000334359179
0.000359875376
20.323033539132
3.940890808481
0.289767751241
0.125516953487
0.434135878610
0.035603456211
0.000056748863
1269.918972447150
0.017875486552
0.120595641804
0.000384544614
0.000402756131
19.751736739256
3.936806987903
0.205033473506
0.220578578682
0.382509209279
0.030569758399
0.000047285818
1026.699593861913
0.018357337427
0.110268143328
0.000314708458
0.000487417502
10.369896605621
4.102842071714
0.156999812957
0.508450868733
0.542133828460
0.037020727964
0.000074761445
1148.166347486384
0.012867390758
0.087430619072
0.000401475457
0.000711517654
10.748145934117
4.164208419236
0.160613759963
0.197760315286
0.547511275290
0.036989819714
0.000057692172
1225.353413944014
0.012600756626
0.097566112162
0.000363777910
0.000784914611
12.840508758936
6.157855232645
0.173264248086
0.865786296217
0.552075864082
0.039882117817
0.000115156364
1205.383953151304
0.009667918261
0.155107085800
0.000298692491
0.000799376339
20.153245740370
3.900070524175
0.231072333895
0.494121759828
0.396877517068
0.021667642075
0.000052757436
970.283844394042
0.012403114256
0.078556603402
0.000249162509
0.000556762213
17.713644493885
4.050321293526
0.123383348329
0.159556460141
0.527494381726
0.021635675412
0.000050818859
882.549574101042
0.014395996737
0.092453204334
0.000254280441
0.000404712375
12.986298364231
7.352483352882
0.160894235460
0.239830185775
0.292830140763
0.028635399178
0.000036204400
1139.385932076149
0.014410432411
0.114713940504
0.000251501249
0.000561568983
17.800960821747
4.471559084189
0.195956047273
0.270455194613
0.492772729336
0.019872209028
0.000047257849
922.784260301148
0.013301682948
0.089487017611
0.000333889795
0.000387732865
18.866254582257
5.183395104094
0.174338278003
0.988369862127
0.492009578700
0.034777982396
0.000125003145
940.844059015419
0.011793826460
0.165188281734
0.000277099661
0.000407381907
19.350548664442
4.443728651009
0.277519706153
0.319518393635
0.412453135437
0.033339337313
0.000046131268
1226.721653066125
0.016544462962
0.116428041864
0.000321471785
0.000459560599
11.290151700575
4.760051482419
0.144753610156
0.219805313682
0.580845906679
0.038734361607
0.000038826484
1248.849753507193
0.012476133137
0.094177461135
0.000353444310
0.000753516655
9.739587470413
6.552695934516
0.249807074186
0.624192013942
0.705701226223
0.038358354730
0.000147890100
1211.407909764563
0.010621339850
0.136448776096
0.000292984779
0.000631327069
13.586292904376
4.718479554619
0.342963700333
0.310471055372
0.479865090155
0.018406479837
0.000042514778
906.004508092140
0.017622284591
0.106536065340
0.000291706942
0.000638200565
19.235623004712
5.757427267704
0.174617278246
0.860001493983
0.713497664512
0.033249547975
0.000079336693
1003.037428656674
0.012333610345
0.121449291998
0.000267407454
0.000487442563
10.100945891516
3.466544111708
0.164741868906
0.118381160354
0.590056959072
0.039164094790
0.000057592442
1225.384585591869
0.011554274142
0.120393712233
0.000353821557
0.000813103725
11.049226580174
4.435532167962
0.154686523229
0.200758718590
0.510428680043
0.038288072882
0.000058423495
1188.106015041984
0.012478987156
0.092325352887
0.000370274902
0.000820340144
19.340962622102
7.348940349824
0.165904950521
0.416561759777
0.471536001220
0.035412876103
0.000067289142
1370.945795853308
0.019786880926
0.102226062868
0.000176077001
0.000513270655
13.201169079567
5.814317222519
0.179733582177
0.204034847618
0.303908021661
0.024099102351
0.000040638013
1196.944960066830
0.013889160864
0.122936442818
0.000316513215
0.000588910887
16.898005181069
5.249349882611
0.163985817866
0.201371773365
0.608959392021
0.027960602597
0.000051648013
768.738757904093
0.009656348158
0.112246475130
0.000321452459
0.000367476114
14.426557872199
5.736282579621
0.223494996868
0.357790383702
0.344309113209
0.028281910925
0.000049580027
834.677639977854
0.017770072846
0.098281742206
0.000309394974
0.000553304373
20.574252960646
4.606032941883
0.252544722839
0.519122393881
0.568643712061
0.028450791105
0.000059412471
1128.821161739799
0.017053103489
0.086637050687
0.000387815872
0.000538524992
17.980564289747
4.576220322792
0.152710133598
0.145976023532
0.525685451549
0.021380044715
0.000037870288
755.253720534685
0.013140332618
0.131672845640
0.000278004636
0.000520953657
9.780622811518
4.023105928810
0.171018400077
0.138670224649
0.580000130794
0.039247270166
0.000057162650
1184.662193309503
0.009403963589
0.076025479701
0.000403797871
0.000669857193
18.550087741658
4.372990322554
0.200207576047
0.414654165604
0.339990922415
0.026210085372
0.000057117520
1363.440951960533
0.013236294459
0.137459385234
0.000215709641
0.000366442431
15.318913644187
5.238883272894
0.216297379693
0.304959440222
0.335913910539
0.029302150923
0.000049391345
917.396009534450
0.018063991632
0.110910730469
0.000303545311
0.000538812234
19.046589821077
5.124325640882
0.244685575781
0.858088425133
0.595309788149
0.028833311176
0.000170521968
903.025826360992
0.014465098637
0.124637388892
0.000311938539
0.000467564267
15.002182500675
6.406184575223
0.235158342979
0.400138871609
0.301702732601
0.026119285521
0.000041572350
731.073802343861
0.017877402946
0.105037529252
0.000250292693
0.000523042428
10.127974179076
4.083751839907
0.148629303582
0.198917646934
0.554349998738
0.037361870118
0.000037673320
1233.147066887571
0.012354927857
0.085779184382
0.000355725404
0.000782714073
13.056625703601
7.544486847269
0.188614250760
0.253103973237
0.366948043486
0.030089440867
0.000049298664
1185.385740051843
0.013458186035
0.128635056240
0.000265099328
0.000619942108
10.079617983240
4.411725654160
0.148933383105
0.281514099721
0.535826901564
0.041554818344
0.000055008259
1295.780232359207
0.011237343510
0.088423682877
0.000344250736
0.000689830675
19.777555034496
4.237445995222
0.270120067012
0.436688723552
0.435847817628
0.034113780647
0.000048971843
1314.237959163839
0.017609812545
0.090224191064
0.000380887714
0.000397591415
18.574654884762
3.361227725382
0.176835393240
0.110987230742
0.557856200417
0.018268832424
0.000029769294
885.003893515260
0.013116542396
0.098648220737
0.000258186417
0.000395061287
12.893455941764
5.077412130930
0.227363172791
0.338036246674
0.376938541822
0.029440146817
0.000052215265
899.561122445659
0.018659285149
0.117829889337
0.000292327642
0.000531774363
19.531697189323
5.091005060718
0.205188405569
0.817310701051
0.641559726362
0.027587894625
0.000122231561
926.608700105966
0.013239093652
0.144613515891
0.000303800775
0.000461673234
10.641173906823
4.338524316225
0.141611208575
0.205973867242
0.564278957482
0.037894193015
0.000038355160
1216.570175502674
0.011662336899
0.084213249183
0.000355898579
0.000783995707
18.719284092301
3.840817041560
0.177044369857
0.451421826364
0.524841749603
0.020639689787
0.000053618512
868.219338492738
0.013556028586
0.101593312965
0.000280246565
0.000379574110
18.777139807755
5.159091344793
0.227761104650
0.714230714398
0.618855465168
0.020367162652
0.000075502056
1003.025236202881
0.013068541959
0.121195062442
0.000315154749
0.000460640001
18.919039124375
7.314965591546
0.170812589769
0.285453449107
0.537015487074
0.032791089777
0.000073131203
1374.573522087523
0.019075494449
0.115629057400
0.000212986735
0.000480486426
19.656157314720
4.156542891458
0.162980230533
0.484755423408
0.613650378562
0.023944360391
0.000041745277
836.579467212383
0.010402259833
0.125893337777
0.000336317296
0.000522395282
11.079607759666
4.480186824006
0.133802504720
0.226018909078
0.547439904509
0.038016486370
0.000050637524
1222.649939322683
0.011887181613
0.086856818287
0.000353527544
0.000742876564
14.077907398421
7.501785924645
0.157034215282
0.155763287428
0.409261581910
0.029635917864
0.000057697883
1259.961580833531
0.014059455100
0.122271541102
0.000248846482
0.000559981626
19.963858322879
6.517285505068
0.211294753335
0.703440895898
0.573614550754
0.038266603926
0.000140661977
806.777675715713
0.010595952342
0.153068121543
0.000379787078
0.000358428643
16.630664301996
6.011290288754
0.234600709516
0.481840276655
0.409624985864
0.026826837712
0.000038159259
908.603704560438
0.017015872084
0.104738026195
0.000266232749
0.000427601530
15.097058921000
5.987597978997
0.225448190505
0.361958925751
0.318736073832
0.028002923492
0.000029975910
832.795314173085
0.018042087342
0.096648905506
0.000294923987
0.000532130321
11.269687117005
4.792074410331
0.154426351970
0.165786017463
0.543608507228
0.037928240248
0.000040521783
1226.138504233638
0.012717774888
0.094189780475
0.000367421079
0.000777647917
11.950327371811
4.142646787537
0.176617305259
0.405477386842
0.562381048738
0.036856717521
0.000063824898
1221.346635193899
0.011659883058
0.100689888412
0.000355056994
0.000772962548
20.200622742319
4.907807889883
0.241464937664
0.700065200259
0.660537081200
0.027814613951
0.000093867013
1065.265555135309
0.015153076792
0.132093640845
0.000301028188
0.000489192727
15.260175262158
3.694580959832
0.264102399334
0.157212039367
0.398922274031
0.034116385422
0.000057664224
1333.980568855360
0.019025794020
0.094669096391
0.000372787128
0.000371405261
11.206741273136
3.951759580254
0.237574192887
0.435417725405
0.477327017820
0.035570300603
0.000061664012
1220.754390003772
0.013581507506
0.109981363942
0.000304668962
0.000730303979
11.316579559611
4.648177293540
0.158681532770
0.273218198494
0.562671869526
0.036974601069
0.000065976688
1247.097504077888
0.012626579596
0.091874974916
0.000348399688
0.000746400773
10.983254254834
4.966839886227
0.200714515865
0.095551998155
0.513538529932
0.034683256602
0.000033735801
1231.507753167717
0.011928343173
0.120391117280
0.000345559041
0.000807139704
11.442556913794
4.774716662021
0.153836226941
0.210302855703
0.570183233920
0.038208839881
0.000055986928
1225.153767562629
0.012285875771
0.090237980602
0.000365077574
0.000750322549
19.223467415802
3.879212742101
0.257052758237
0.329547332921
0.282774969534
0.038575022136
0.000048727460
1311.782414954308
0.020207398240
0.093027727384
0.000348516485
0.000355596974
14.119311179701
7.410052395824
0.213618394345
0.339380137841
0.335087108015
0.029024892315
0.000048978466
1093.633694919433
0.015201026802
0.130553319468
0.000230390897
0.000544575924
11.141791072675
6.320823707015
0.226209153773
0.613929967370
0.740531202819
0.034757815385
0.000133846720
1247.818782733415
0.012493206526
0.135378747953
0.000248301404
0.000684752306
11.733342360408
4.532545741266
0.130399951950
0.527673903151
0.551090984776
0.037267986234
0.000063854667
1196.295218320997
0.012415051618
0.085982819064
0.000372080555
0.000689828868
14.217035201512
4.523941893582
0.308358428461
0.402589568872
0.410352637508
0.029956214775
0.000040871959
990.508175328672
0.014350796035
0.154527979611
0.000293675438
0.000413897603
15.156340089013
3.316784707284
0.215551528138
0.172316178169
0.246042489435
0.030568091888
0.000053413623
1392.499230763059
0.020222436312
0.117514019983
0.000308999534
0.000400260465
10.524472999009
4.509794298541
0.154118863670
0.147226622275
0.542605226360
0.038504447617
0.000044054298
1228.399967706453
0.012782939396
0.079603390880
0.000363760328
0.000765749368
16.779687508903
4.348222904536
0.182477141784
0.154171262422
0.530464039354
0.025391776292
0.000036865393
821.131030950457
0.012578217656
0.110477170790
0.000309689041
0.000361680340
19.885300707338
3.436793123545
0.257148979907
0.242640638195
0.309773639291
0.031944885785
0.000060937438
1288.004201142689
0.018425188442
0.092229979604
0.000324447034
0.000443199533
19.170425575874
4.904368318401
0.177845867038
0.815320792110
0.618401483060
0.026874963929
0.000082266372
938.592801671214
0.013143958701
0.132364004478
0.000289613989
0.000478863356
11.715746406646
4.535676658733
0.164787450184
0.261339716999
0.541279881679
0.037136178794
0.000067818489
1242.303754622258
0.012321861857
0.091909911349
0.000345428410
0.000725724951
15.569994025661
5.713226868558
0.241549230339
0.428233951291
0.406200089006
0.029199670226
0.000058109245
917.138771994657
0.018948049255
0.121513320197
0.000291034367
0.000512220629
10.741843983785
5.587088639354
0.290747120647
0.660538828186
0.500453184835
0.021323922533
0.000161436579
915.072303093082
0.013687847157
0.129385893486
0.000360681355
0.000606263079
9.202847015830
4.147660096417
0.133530689141
0.098734887900
0.630113757809
0.035029504718
0.000042486728
1284.791959414162
0.009725523731
0.091820641179
0.000397482182
0.000645382466
19.879238102145
3.407882157397
0.179445302528
0.092688394347
0.403759125751
0.021348823955
0.000040311266
863.242449711136
0.010673027539
0.083759885020
0.000338729802
0.000438163281
10.315507341089
4.827852741093
0.178465686914
0.124269648123
0.509446146630
0.038379031012
0.000031818529
1178.583118849982
0.010756264456
0.083342143898
0.000373829784
0.000784816910
19.067691969790
4.451085839118
0.245171991946
0.596116499266
0.401895343245
0.031782961609
0.000068976264
1249.489868023272
0.014440409563
0.103529280487
0.000275256236
0.000439387641
12.246806545344
7.238431475441
0.197960197894
0.109712920217
0.474662055492
0.028932699061
0.000062357307
1172.982053131417
0.013247578241
0.127186603255
0.000234944007
0.000558657734
9.370827643257
6.819699083478
0.251117572223
0.658203376822
0.693136382695
0.033281620590
0.000169603855
1258.161618003498
0.010570265246
0.157368712492
0.000306803168
0.000603800141
19.120188262526
4.234065031616
0.279584601682
0.370185520385
0.367950602639
0.039335984616
0.000051553806
1169.062686018279
0.017040686204
0.074284341239
0.000363089747
0.000396894698
20.395723786084
4.303339530986
0.192856671032
0.866000746748
0.611106394352
0.036433247602
0.000117222096
985.886062621564
0.010764534072
0.158678898660
0.000280059764
0.000364489393
10.729709955848
5.002174912851
0.209167571213
0.540250384164
0.547601630779
0.025585882687
0.000068328696
1187.588282503898
0.010913271208
0.135625100316
0.000387162344
0.000700908684
16.825660765662
4.509306229625
0.185571254927
0.198699706268
0.549288884444
0.027020957025
0.000041401632
793.752565235173
0.013566990026
0.110625761039
0.000290279088
0.000436037380
13.083006201558
5.298229835530
0.231352705131
0.398086463938
0.421384394832
0.027078629228
0.000045048012
868.452104426299
0.017650394873
0.115239978760
0.000296110372
0.000523950351
18.460656801284
3.454746584457
0.162750311804
0.269799295190
0.441927285522
0.020032962163
0.000048041957
858.563865506890
0.012371109615
0.086142940191
0.000307970946
0.000374927758
19.461182323702
4.450306213707
0.308829793892
0.239597401066
0.275781827065
0.033393260305
0.000057199020
1386.820183725385
0.015041058254
0.090522723343
0.000301586883
0.000528311624
20.045902056525
4.065527909958
0.275570598822
0.255048524039
0.359877457178
0.032106082878
0.000040250105
1284.600456823888
0.017968202923
0.103653244356
0.000319264600
0.000367968417
12.607694583470
5.399248613079
0.243448196362
0.505953492375
0.464903081344
0.026639857465
0.000058870198
872.925767510388
0.015879657073
0.123386037619
0.000283521753
0.000485090530
18.853498764681
5.460572704693
0.223261798362
0.536170128077
0.365366387847
0.025531457832
0.000063567230
1244.394822995550
0.015886612603
0.136066997400
0.000262692110
0.000485981876
17.423606058630
4.688702419093
0.161667509266
0.429389421854
0.536348968139
0.026156575749
0.000051857387
757.850647967926
0.009133712524
0.114959356277
0.000307058673
0.000465278263
19.071823613418
5.057687746518
0.260549094844
0.531568847860
0.601085570431
0.028911488331
0.000048412130
985.039877185152
0.015881356350
0.119915701090
0.000201831065
0.000464782597
9.711091910778
4.221242532228
0.130113011985
0.094558302916
0.543824898386
0.041985646430
0.000034795070
1252.151585620118
0.012090194069
0.092993601450
0.000381694099
0.000803588352
19.501591009785
4.506954380821
0.275242800669
0.211701498256
0.437870001342
0.034277764877
0.000053587372
1233.160964773696
0.016971734104
0.092381670999
0.000355273659
0.000446471454
10.969132207141
4.670297224339
0.158266932479
0.095206933167
0.531710972020
0.037832744369
0.000050172308
1206.084905091153
0.012630064955
0.094363139614
0.000373935497
0.000806332027
17.658108195579
4.293263773741
0.201887289035
0.181595038071
0.521271484773
0.024894726042
0.000049488306
803.247493578155
0.013058116418
0.108647808481
0.000293559030
0.000378607702
17.088812521483
5.685919516894
0.166807513945
0.801975289039
0.575967598215
0.033805314562
0.000173462892
801.946737239074
0.016214165950
0.159323994844
0.000317971505
0.000637804987
11.347438104131
4.723421587630
0.155158810385
0.198984257996
0.565162316460
0.039116372293
0.000050068627
1233.937925042882
0.012816467585
0.092460445688
0.000360027329
0.000766558831
19.849049153520
4.302136403066
0.260727016932
0.194287424634
0.383039017747
0.033561365671
0.000055830224
1288.264494179658
0.016324710392
0.095702615533
0.000338016169
0.000444833992
19.820046127292
4.558721931743
0.230393670719
0.724410175378
0.633990828847
0.025833729762
0.000078796215
945.098812741018
0.013632074312
0.145626371444
0.000262856313
0.000457753508
17.154453078450
7.446795220295
0.183695501273
0.184509712894
0.653210369350
0.041548029884
0.000069396507
1178.810265929816
0.020322874752
0.088418380846
0.000178605801
0.000483307018
10.518264299750
4.596867822265
0.129136046550
0.099717754322
0.588626173127
0.041985064355
0.000043908503
1171.093804992964
0.009588794150
0.075198257610
0.000325990881
0.000742431759
11.652581741527
4.709691948233
0.283452839985
0.125949047887
0.426194207495
0.023967765059
0.000039548341
933.469370257942
0.015461230380
0.130677368229
0.000246683276
0.000581650556
15.250135862089
4.883622939240
0.185338229042
0.313084455327
0.388549506787
0.032417964863
0.000044618688
978.944543070663
0.018786414038
0.127576967192
0.000322757033
0.000576137942
8.912340130596
3.928750288854
0.220675428390
0.462590704228
0.419417114785
0.032849255389
0.000041648074
1120.143616459581
0.009634569945
0.145259131614
0.000369432838
0.000731816772
19.025428492280
4.351881475485
0.275083051457
0.344960284898
0.418637649014
0.026968258892
0.000037100335
1063.235359295847
0.017671662569
0.084682394410
0.000346539263
0.000467947992
19.882290673446
3.398052644855
0.293842705280
0.373143037527
0.442655746104
0.037006744201
0.000048364340
1286.698548320939
0.017774651693
0.085385500829
0.000388757033
0.000355620216
9.314887069303
3.657378429817
0.152600518570
0.198649067265
0.539644371515
0.040916437412
0.000060697565
1250.375631791963
0.010943445670
0.082636187814
0.000388270974
0.000652040292
11.349368136548
5.591093907953
0.278717871643
0.937789734337
0.449745180851
0.022858434097
0.000156398283
994.674161195165
0.013121682799
0.142865498120
0.000303019336
0.000565121345
16.905561922606
5.059321778340
0.198207684031
0.219036642898
0.457978427386
0.026389394152
0.000041185454
779.861284889038
0.014912955290
0.107381166690
0.000274181884
0.000450648965
19.678311251220
6.870699542113
0.142401076856
0.290997161813
0.605070581994
0.040090845741
0.000067439302
1386.161166610691
0.019482387645
0.078865832311
0.000176316853
0.000596076464
17.105493347603
5.029663942792
0.207386309074
0.115095197987
0.420258239186
0.019732895412
0.000030560319
884.611860117000
0.015663353366
0.096779854597
0.000266865372
0.000365479279
